# Blender 4.1.1
# www.blender.org
mtllib Clear.mtl
o テキスト
v -0.356764 0.622009 -4.882129
v -0.355363 0.601646 -4.868911
v -0.353749 0.579512 -4.853663
v -0.351934 0.555993 -4.836509
v -0.349934 0.531474 -4.817573
v -0.347760 0.506341 -4.796978
v -0.345427 0.480978 -4.774851
v -0.342948 0.455771 -4.751314
v -0.340336 0.431106 -4.726493
v -0.337605 0.407368 -4.700511
v -0.334769 0.384943 -4.673493
v -0.331840 0.364216 -4.645563
v -0.325103 0.417216 -4.579907
v -0.327499 0.431573 -4.602788
v -0.329883 0.447905 -4.625533
v -0.332233 0.465856 -4.647926
v -0.334525 0.485067 -4.669748
v -0.336737 0.505181 -4.690784
v -0.338846 0.525840 -4.710813
v -0.340828 0.546687 -4.729620
v -0.342660 0.567364 -4.746988
v -0.344320 0.587512 -4.762697
v -0.345783 0.606776 -4.776531
v -0.347028 0.624796 -4.788273
v -0.348031 0.641215 -4.797704
v -0.345448 0.641215 -4.772815
v -0.341500 0.641215 -4.734777
v -0.336471 0.641215 -4.686317
v -0.330643 0.641215 -4.630159
v -0.324299 0.641215 -4.569027
v -0.317721 0.641215 -4.505647
v -0.311193 0.641215 -4.442743
v -0.304997 0.641215 -4.383042
v -0.299416 0.641215 -4.329267
v -0.294733 0.641215 -4.284142
v -0.291231 0.641215 -4.250395
v -0.289192 0.641215 -4.230749
v -0.288235 0.641174 -4.221528
v -0.287273 0.641049 -4.212265
v -0.286307 0.640840 -4.202960
v -0.285337 0.640549 -4.193615
v -0.284362 0.640174 -4.184228
v -0.283383 0.639715 -4.174800
v -0.282400 0.639174 -4.165330
v -0.281412 0.638549 -4.155818
v -0.280419 0.637840 -4.146266
v -0.279422 0.637049 -4.136672
v -0.278421 0.636174 -4.127036
v -0.277415 0.635215 -4.117359
v -0.277546 0.726215 -4.117345
v -0.278462 0.724988 -4.126187
v -0.279403 0.723812 -4.135277
v -0.280367 0.722700 -4.144576
v -0.281347 0.721660 -4.154038
v -0.282341 0.720703 -4.163626
v -0.283343 0.719840 -4.173296
v -0.284350 0.719082 -4.183008
v -0.285357 0.718437 -4.192719
v -0.286360 0.717918 -4.202390
v -0.287354 0.717535 -4.211977
v -0.288336 0.717297 -4.221440
v -0.289301 0.717215 -4.230737
v -0.291389 0.717215 -4.250861
v -0.294980 0.717215 -4.285462
v -0.299778 0.717215 -4.331695
v -0.305488 0.717215 -4.386714
v -0.311814 0.717215 -4.447674
v -0.318462 0.717215 -4.511728
v -0.325135 0.717215 -4.576031
v -0.331539 0.717215 -4.637737
v -0.337378 0.717215 -4.693999
v -0.342357 0.717215 -4.741973
v -0.346180 0.717215 -4.778812
v -0.348552 0.717215 -4.801672
v -0.349077 0.717276 -4.806726
v -0.349661 0.717452 -4.812354
v -0.350292 0.717731 -4.818425
v -0.350955 0.718104 -4.824806
v -0.351636 0.718561 -4.831367
v -0.352323 0.719090 -4.837976
v -0.353001 0.719682 -4.844502
v -0.353657 0.720326 -4.850814
v -0.354277 0.721012 -4.856781
v -0.354848 0.721729 -4.862271
v -0.355356 0.722467 -4.867153
v -0.355787 0.723215 -4.871296
v -0.360778 0.676215 -4.920042
v -0.360581 0.673616 -4.918184
v -0.360363 0.670840 -4.916119
v -0.360127 0.667919 -4.913888
v -0.359878 0.664882 -4.911533
v -0.359621 0.661762 -4.909096
v -0.359359 0.658590 -4.906617
v -0.359097 0.655398 -4.904138
v -0.358839 0.652215 -4.901700
v -0.358590 0.649075 -4.899345
v -0.358354 0.646007 -4.897114
v -0.358136 0.643044 -4.895050
v -0.357939 0.640215 -4.893191
v -0.282216 0.023216 -4.172156
v -0.282954 0.025610 -4.179235
v -0.283715 0.028285 -4.186522
v -0.284492 0.031232 -4.193975
v -0.285283 0.034438 -4.201552
v -0.286083 0.037895 -4.209212
v -0.286888 0.041591 -4.216913
v -0.287693 0.045516 -4.224614
v -0.288494 0.049660 -4.232274
v -0.289286 0.054013 -4.239850
v -0.290066 0.058563 -4.247303
v -0.290829 0.063301 -4.254589
v -0.291571 0.068216 -4.261669
v -0.295327 0.092722 -4.297515
v -0.298553 0.119184 -4.328234
v -0.301289 0.147513 -4.354206
v -0.303576 0.177623 -4.375817
v -0.305452 0.209428 -4.393448
v -0.306957 0.242841 -4.407484
v -0.308131 0.277774 -4.418307
v -0.309013 0.314142 -4.426302
v -0.309643 0.351856 -4.431852
v -0.310062 0.390831 -4.435340
v -0.310308 0.430980 -4.437150
v -0.310421 0.472216 -4.437663
v -0.310427 0.478177 -4.437641
v -0.310429 0.484077 -4.437573
v -0.310425 0.489934 -4.437458
v -0.310416 0.495771 -4.437291
v -0.310402 0.501608 -4.437068
v -0.310381 0.507466 -4.436787
v -0.310354 0.513365 -4.436444
v -0.310320 0.519327 -4.436035
v -0.310279 0.525372 -4.435557
v -0.310231 0.531521 -4.435006
v -0.310175 0.537795 -4.434380
v -0.310111 0.544216 -4.433673
v -0.319401 0.544216 -4.523192
v -0.319243 0.478280 -4.522586
v -0.318912 0.415901 -4.520269
v -0.318335 0.356966 -4.515528
v -0.317436 0.301364 -4.507646
v -0.316142 0.248984 -4.495909
v -0.314379 0.199716 -4.479604
v -0.312071 0.153447 -4.458013
v -0.309145 0.110068 -4.430423
v -0.305526 0.069466 -4.396118
v -0.301140 0.031531 -4.354384
v -0.295912 -0.003849 -4.304506
v -0.289769 -0.036784 -4.245770
v -0.239218 0.128216 -3.756373
v -0.239894 0.600215 -3.756303
v -0.190449 0.600215 -3.279862
v -0.189468 0.600176 -3.270415
v -0.188446 0.600063 -3.260567
v -0.187397 0.599887 -3.250457
v -0.186334 0.599660 -3.240223
v -0.185273 0.599391 -3.230002
v -0.184228 0.599090 -3.219934
v -0.183213 0.598769 -3.210155
v -0.182242 0.598438 -3.200805
v -0.181330 0.598106 -3.192021
v -0.180491 0.597785 -3.183942
v -0.179739 0.597485 -3.176706
v -0.179090 0.597215 -3.170450
v -0.179217 0.686215 -3.170437
v -0.180090 0.685257 -3.178858
v -0.181001 0.684382 -3.187655
v -0.181944 0.683590 -3.196749
v -0.182910 0.682882 -3.206061
v -0.183889 0.682257 -3.215511
v -0.184875 0.681715 -3.225019
v -0.185859 0.681257 -3.234507
v -0.186833 0.680882 -3.243895
v -0.187788 0.680590 -3.253103
v -0.188717 0.680382 -3.262053
v -0.189610 0.680257 -3.270663
v -0.190460 0.680215 -3.278856
v -0.241351 0.680215 -3.769222
v -0.241982 0.680236 -3.775305
v -0.242634 0.680294 -3.781582
v -0.243299 0.680387 -3.787996
v -0.243974 0.680512 -3.794494
v -0.244651 0.680664 -3.801019
v -0.245326 0.680840 -3.807516
v -0.245992 0.681038 -3.813931
v -0.246643 0.681252 -3.820207
v -0.247275 0.681481 -3.826290
v -0.247881 0.681720 -3.832125
v -0.248455 0.681966 -3.837655
v -0.248992 0.682215 -3.842826
v -0.248956 0.676307 -3.842559
v -0.248916 0.670118 -3.842262
v -0.248874 0.663700 -3.841943
v -0.248830 0.657104 -3.841614
v -0.248786 0.650384 -3.841285
v -0.248743 0.643590 -3.840967
v -0.248703 0.636776 -3.840669
v -0.248665 0.629993 -3.840402
v -0.248632 0.623294 -3.840177
v -0.248605 0.616729 -3.840004
v -0.248584 0.610353 -3.839893
v -0.248571 0.604215 -3.839854
v -0.247832 0.088216 -3.839931
v -0.247825 0.079050 -3.839991
v -0.247829 0.069642 -3.840159
v -0.247842 0.060122 -3.840416
v -0.247862 0.050623 -3.840747
v -0.247889 0.041277 -3.841132
v -0.247919 0.032216 -3.841555
v -0.247953 0.023571 -3.841999
v -0.247988 0.015475 -3.842446
v -0.248022 0.008060 -3.842880
v -0.248054 0.001457 -3.843282
v -0.248083 -0.004202 -3.843636
v -0.248106 -0.008784 -3.843924
v -0.238815 -0.008784 -3.754405
v -0.239102 0.047216 -3.756386
v -0.188625 0.047216 -3.269998
v -0.187559 0.047175 -3.259732
v -0.186484 0.047059 -3.249377
v -0.185408 0.046872 -3.239008
v -0.184338 0.046623 -3.228701
v -0.183282 0.046319 -3.218532
v -0.182249 0.045966 -3.208577
v -0.181245 0.045571 -3.198913
v -0.180279 0.045142 -3.189615
v -0.179360 0.044685 -3.180758
v -0.178494 0.044207 -3.172420
v -0.177689 0.043715 -3.164676
v -0.176954 0.043216 -3.157602
v -0.177085 0.134216 -3.157588
v -0.177790 0.133468 -3.164395
v -0.178562 0.132730 -3.171845
v -0.179394 0.132013 -3.179875
v -0.180280 0.131327 -3.188423
v -0.181214 0.130683 -3.197427
v -0.182188 0.130091 -3.206824
v -0.183197 0.129561 -3.216553
v -0.184234 0.129105 -3.226552
v -0.185293 0.128732 -3.236758
v -0.186367 0.128452 -3.247108
v -0.187449 0.128277 -3.257542
v -0.188534 0.128216 -3.267996
v -0.137179 0.603103 -2.766527
v -0.136090 0.579901 -2.756358
v -0.134890 0.555809 -2.745131
v -0.133587 0.531030 -2.732921
v -0.132189 0.505765 -2.719799
v -0.130703 0.480216 -2.705838
v -0.129137 0.454582 -2.691110
v -0.127500 0.429067 -2.675688
v -0.125798 0.403872 -2.659644
v -0.124040 0.379197 -2.643052
v -0.122234 0.355245 -2.625982
v -0.120387 0.332216 -2.608508
v -0.123096 0.308935 -2.634931
v -0.125849 0.284304 -2.661803
v -0.128621 0.258638 -2.688868
v -0.131385 0.232253 -2.715872
v -0.134116 0.205465 -2.742558
v -0.136787 0.178591 -2.768671
v -0.139372 0.151946 -2.793954
v -0.141846 0.125845 -2.818153
v -0.144182 0.100607 -2.841012
v -0.146353 0.076545 -2.862276
v -0.148335 0.053976 -2.881687
v -0.150101 0.033216 -2.898992
v -0.142789 -0.026784 -2.829375
v -0.141012 -0.003982 -2.811928
v -0.139083 0.019799 -2.793013
v -0.137019 0.044372 -2.772778
v -0.134834 0.069549 -2.751373
v -0.132543 0.095143 -2.728945
v -0.130162 0.120966 -2.705643
v -0.127706 0.146830 -2.681616
v -0.125190 0.172549 -2.657012
v -0.122629 0.197935 -2.631980
v -0.120038 0.222799 -2.606668
v -0.117433 0.246955 -2.581225
v -0.114828 0.270216 -2.555800
v -0.111966 0.241592 -2.528626
v -0.108990 0.213308 -2.500343
v -0.105905 0.185497 -2.471003
v -0.102716 0.158290 -2.440658
v -0.099430 0.131819 -2.409359
v -0.096051 0.106216 -2.377159
v -0.092585 0.081613 -2.344110
v -0.089039 0.058142 -2.310262
v -0.085416 0.035935 -2.275668
v -0.081724 0.015123 -2.240380
v -0.077967 -0.004160 -2.204449
v -0.074151 -0.021784 -2.167927
v -0.067641 0.045216 -2.104259
v -0.071790 0.062098 -2.144004
v -0.075875 0.081105 -2.183099
v -0.079883 0.102028 -2.221434
v -0.083804 0.124660 -2.258898
v -0.087625 0.148792 -2.295381
v -0.091335 0.174216 -2.330773
v -0.094922 0.200723 -2.364963
v -0.098373 0.228105 -2.397840
v -0.101678 0.256153 -2.429294
v -0.104825 0.284660 -2.459215
v -0.107801 0.313417 -2.487492
v -0.110595 0.342216 -2.514014
v -0.112386 0.362276 -2.530993
v -0.114182 0.383780 -2.547996
v -0.115963 0.406466 -2.564840
v -0.117710 0.430067 -2.581343
v -0.119403 0.454322 -2.597320
v -0.121023 0.478966 -2.612589
v -0.122551 0.503734 -2.626967
v -0.123968 0.528364 -2.640271
v -0.125253 0.552590 -2.652318
v -0.126388 0.576151 -2.662924
v -0.127353 0.598780 -2.671908
v -0.128129 0.620215 -2.679085
v -0.126625 0.620215 -2.664595
v -0.124107 0.620215 -2.640335
v -0.120779 0.620215 -2.608263
v -0.116843 0.620215 -2.570336
v -0.112503 0.620215 -2.528514
v -0.107961 0.620215 -2.484754
v -0.103422 0.620215 -2.441015
v -0.099088 0.620215 -2.399255
v -0.095163 0.620215 -2.361432
v -0.091849 0.620215 -2.329505
v -0.089351 0.620215 -2.305431
v -0.087871 0.620215 -2.291169
v -0.086928 0.620136 -2.282089
v -0.085923 0.619914 -2.272400
v -0.084876 0.619575 -2.262324
v -0.083813 0.619141 -2.252083
v -0.082755 0.618638 -2.241897
v -0.081726 0.618090 -2.231987
v -0.080748 0.617522 -2.222575
v -0.079845 0.616956 -2.213881
v -0.079040 0.616419 -2.206126
v -0.078355 0.615933 -2.199532
v -0.077813 0.615524 -2.194319
v -0.077438 0.615215 -2.190710
v -0.077568 0.706215 -2.190696
v -0.078017 0.705677 -2.195028
v -0.078626 0.705077 -2.200900
v -0.079369 0.704434 -2.208071
v -0.080222 0.703771 -2.216299
v -0.081159 0.703108 -2.225342
v -0.082156 0.702465 -2.234958
v -0.083188 0.701865 -2.244906
v -0.084229 0.701326 -2.254944
v -0.085254 0.700872 -2.264830
v -0.086239 0.700521 -2.274322
v -0.087157 0.700295 -2.283178
v -0.087985 0.700215 -2.291157
v -0.089564 0.700215 -2.306367
v -0.092105 0.700215 -2.330856
v -0.095416 0.700215 -2.362757
v -0.099302 0.700215 -2.400201
v -0.103569 0.700215 -2.441320
v -0.108024 0.700215 -2.484245
v -0.112473 0.700215 -2.527108
v -0.116721 0.700215 -2.568041
v -0.120574 0.700215 -2.605174
v -0.123840 0.700215 -2.636640
v -0.126323 0.700215 -2.660570
v -0.127831 0.700215 -2.675095
v -0.128667 0.700277 -2.683154
v -0.129473 0.700461 -2.690912
v -0.130246 0.700762 -2.698360
v -0.130986 0.701178 -2.705487
v -0.131692 0.701705 -2.712282
v -0.132363 0.702340 -2.718735
v -0.132997 0.703079 -2.724836
v -0.133594 0.703919 -2.730574
v -0.134152 0.704856 -2.735940
v -0.134670 0.705887 -2.740921
v -0.135148 0.707008 -2.745509
v -0.135584 0.708215 -2.749693
v -0.140793 0.669215 -2.800427
v -0.140620 0.666937 -2.798798
v -0.140422 0.664151 -2.796928
v -0.140204 0.660934 -2.794864
v -0.139969 0.657364 -2.792655
v -0.139724 0.653515 -2.790350
v -0.139474 0.649465 -2.787997
v -0.139224 0.645291 -2.785643
v -0.138978 0.641067 -2.783338
v -0.138743 0.636872 -2.781129
v -0.138523 0.632780 -2.779066
v -0.138323 0.628869 -2.777195
v -0.138149 0.625215 -2.775567
v 0.009464 0.208367 -1.359019
v 0.008887 0.192924 -1.364801
v 0.008313 0.177044 -1.370555
v 0.007747 0.160883 -1.376226
v 0.007197 0.144596 -1.381759
v 0.006666 0.128341 -1.387098
v 0.006161 0.112273 -1.392189
v 0.005687 0.096549 -1.396976
v 0.005250 0.081325 -1.401403
v 0.004854 0.066758 -1.405416
v 0.004507 0.053002 -1.408960
v 0.004212 0.040216 -1.411978
v 0.010020 0.021216 -1.356280
v 0.010289 0.034042 -1.353510
v 0.010610 0.047906 -1.350216
v 0.010980 0.062638 -1.346451
v 0.011391 0.078068 -1.342272
v 0.011839 0.094026 -1.337734
v 0.012318 0.110341 -1.332892
v 0.012822 0.126844 -1.327801
v 0.013347 0.143364 -1.322517
v 0.013886 0.159731 -1.317094
v 0.014434 0.175776 -1.311589
v 0.014986 0.191328 -1.306056
v 0.015535 0.206216 -1.300551
v 0.010040 0.223216 -1.353266
v -0.019581 0.304588 -1.637547
v -0.021461 0.296281 -1.655778
v -0.023371 0.287403 -1.674313
v -0.025292 0.278068 -1.692952
v -0.027202 0.268385 -1.711493
v -0.029082 0.258466 -1.729738
v -0.030909 0.248422 -1.747486
v -0.032664 0.238364 -1.764536
v -0.034326 0.228403 -1.780688
v -0.035874 0.218651 -1.795742
v -0.037288 0.209218 -1.809497
v -0.038547 0.200216 -1.821753
v -0.033724 0.148216 -1.776006
v -0.032467 0.157507 -1.763770
v -0.031059 0.167295 -1.750064
v -0.029519 0.177450 -1.735081
v -0.027866 0.187845 -1.719010
v -0.026120 0.198352 -1.702042
v -0.024301 0.208841 -1.684365
v -0.022427 0.219184 -1.666170
v -0.020520 0.229253 -1.647647
v -0.018597 0.238919 -1.628986
v -0.016679 0.248054 -1.610376
v -0.014785 0.256529 -1.592009
v -0.012935 0.264216 -1.574074
v -0.017752 0.312216 -1.619821
v -0.014664 0.647028 -1.585391
v -0.015450 0.633970 -1.593152
v -0.016273 0.621044 -1.601265
v -0.017132 0.608252 -1.609720
v -0.018026 0.595600 -1.618506
v -0.018953 0.583090 -1.627613
v -0.019912 0.570726 -1.637032
v -0.020903 0.558512 -1.646750
v -0.021925 0.546450 -1.656759
v -0.022975 0.534544 -1.667048
v -0.024054 0.522798 -1.677606
v -0.025160 0.511216 -1.688423
v -0.026398 0.523090 -1.700190
v -0.027602 0.535211 -1.711619
v -0.028770 0.547575 -1.722702
v -0.029902 0.560178 -1.733433
v -0.030997 0.573018 -1.743805
v -0.032054 0.586090 -1.753810
v -0.033073 0.599392 -1.763443
v -0.034053 0.612919 -1.772696
v -0.034993 0.626669 -1.781561
v -0.035892 0.640637 -1.790033
v -0.036750 0.654820 -1.798105
v -0.037567 0.669215 -1.805769
v -0.014547 0.669215 -1.583960
v -0.013915 0.660215 -1.577994
v -0.023097 0.821675 -1.664215
v -0.022738 0.814062 -1.660859
v -0.022370 0.806387 -1.657420
v -0.021993 0.798660 -1.653898
v -0.021608 0.790891 -1.650294
v -0.021214 0.783090 -1.646607
v -0.020811 0.775269 -1.642836
v -0.020400 0.767438 -1.638983
v -0.019980 0.759606 -1.635047
v -0.019552 0.751785 -1.631028
v -0.019115 0.743984 -1.626926
v -0.018669 0.736215 -1.622742
v -0.041688 0.736215 -1.844550
v -0.043035 0.739215 -1.857480
v -0.047744 0.712215 -1.903239
v -0.046664 0.688486 -1.893155
v -0.045505 0.665299 -1.882312
v -0.044271 0.642653 -1.870736
v -0.042964 0.620549 -1.858456
v -0.041588 0.598986 -1.845499
v -0.040146 0.577965 -1.831892
v -0.038639 0.557486 -1.817664
v -0.037072 0.537549 -1.802841
v -0.035447 0.518153 -1.787452
v -0.033767 0.499299 -1.771524
v -0.032034 0.480986 -1.755085
v -0.030252 0.463216 -1.738163
v -0.032060 0.447950 -1.755795
v -0.033913 0.433174 -1.773855
v -0.035808 0.418919 -1.792316
v -0.037743 0.405216 -1.811150
v -0.039714 0.392096 -1.830329
v -0.041720 0.379591 -1.849826
v -0.043756 0.367731 -1.869612
v -0.045820 0.356549 -1.889661
v -0.047910 0.346075 -1.909945
v -0.050023 0.336341 -1.930436
v -0.052155 0.327377 -1.951106
v -0.054304 0.319216 -1.971929
v -0.053850 0.315456 -1.967607
v -0.053380 0.311225 -1.963134
v -0.052899 0.306591 -1.958565
v -0.052413 0.301623 -1.953954
v -0.051929 0.296392 -1.949356
v -0.051451 0.290966 -1.944828
v -0.050986 0.285415 -1.940424
v -0.050539 0.279808 -1.936200
v -0.050117 0.274216 -1.932211
v -0.049725 0.268707 -1.928512
v -0.049369 0.263350 -1.925158
v -0.049055 0.258216 -1.922205
v -0.046910 0.267588 -1.901401
v -0.044785 0.277693 -1.880781
v -0.042681 0.288513 -1.860361
v -0.040601 0.300031 -1.840158
v -0.038546 0.312229 -1.820190
v -0.036519 0.325091 -1.800474
v -0.034520 0.338598 -1.781027
v -0.032552 0.352734 -1.761867
v -0.030617 0.367481 -1.743010
v -0.028715 0.382822 -1.724475
v -0.026850 0.398739 -1.706278
v -0.025022 0.415216 -1.688437
v -0.023097 0.399717 -1.670105
v -0.021137 0.384729 -1.651427
v -0.019145 0.370262 -1.632432
v -0.017123 0.356327 -1.613146
v -0.015075 0.342933 -1.593598
v -0.013003 0.330091 -1.573815
v -0.010911 0.317811 -1.553825
v -0.008801 0.306105 -1.533655
v -0.006676 0.294981 -1.513333
v -0.004539 0.284452 -1.492886
v -0.002392 0.274527 -1.472343
v -0.000240 0.265216 -1.451731
v 0.000015 0.269929 -1.449214
v 0.000321 0.275003 -1.446194
v 0.000671 0.280341 -1.442745
v 0.001058 0.285845 -1.438944
v 0.001473 0.291419 -1.434867
v 0.001909 0.296966 -1.430589
v 0.002358 0.302387 -1.426187
v 0.002812 0.307586 -1.421737
v 0.003264 0.312466 -1.417315
v 0.003706 0.316929 -1.412996
v 0.004129 0.320878 -1.408857
v 0.004528 0.324216 -1.404973
v 0.002376 0.332776 -1.425584
v 0.000232 0.341952 -1.446120
v -0.001902 0.351731 -1.466545
v -0.004022 0.362105 -1.486824
v -0.006124 0.373061 -1.506924
v -0.008204 0.384591 -1.526810
v -0.010260 0.396683 -1.546447
v -0.012286 0.409327 -1.565800
v -0.014281 0.422512 -1.584836
v -0.016240 0.436229 -1.603519
v -0.018159 0.450467 -1.621816
v -0.020036 0.465216 -1.639691
v -0.019053 0.476048 -1.630075
v -0.018089 0.487040 -1.620633
v -0.017144 0.498184 -1.611369
v -0.016219 0.509475 -1.602293
v -0.015313 0.520904 -1.593409
v -0.014429 0.532465 -1.584726
v -0.013566 0.544152 -1.576250
v -0.012726 0.555956 -1.567989
v -0.011909 0.567872 -1.559948
v -0.011115 0.579891 -1.552135
v -0.010346 0.592008 -1.544557
v -0.009603 0.604215 -1.537221
v -0.008861 0.595258 -1.530196
v -0.008105 0.586387 -1.523040
v -0.007335 0.577606 -1.515746
v -0.006551 0.568919 -1.508307
v -0.005751 0.560329 -1.500716
v -0.004934 0.551840 -1.492966
v -0.004100 0.543456 -1.485051
v -0.003249 0.535178 -1.476962
v -0.002379 0.527012 -1.468694
v -0.001490 0.518961 -1.460240
v -0.000581 0.511027 -1.451591
v 0.000349 0.503215 -1.442743
v 0.000656 0.507100 -1.439730
v 0.001014 0.511211 -1.436217
v 0.001417 0.515481 -1.432282
v 0.001854 0.519845 -1.428005
v 0.002319 0.524237 -1.423466
v 0.002803 0.528590 -1.418743
v 0.003297 0.532840 -1.413917
v 0.003795 0.536919 -1.409067
v 0.004287 0.540762 -1.404272
v 0.004765 0.544303 -1.399612
v 0.005222 0.547476 -1.395166
v 0.005649 0.550215 -1.391014
v 0.003082 0.572039 -1.415442
v 0.000656 0.594891 -1.438502
v -0.001630 0.618590 -1.460195
v -0.003774 0.642956 -1.480519
v -0.005777 0.667808 -1.499476
v -0.007639 0.692965 -1.517066
v -0.009359 0.718248 -1.533287
v -0.010937 0.743474 -1.548141
v -0.012373 0.768465 -1.561628
v -0.013667 0.793039 -1.573746
v -0.014817 0.817016 -1.584497
v -0.015824 0.840215 -1.593881
v -0.023447 0.829215 -1.667487
v 0.040646 0.311877 -1.057118
v 0.040091 0.314341 -1.062434
v 0.039524 0.317575 -1.067847
v 0.038944 0.321549 -1.073384
v 0.038347 0.326231 -1.079072
v 0.037730 0.331591 -1.084941
v 0.037091 0.337596 -1.091016
v 0.036426 0.344216 -1.097326
v 0.035734 0.351419 -1.103898
v 0.035010 0.359174 -1.110761
v 0.034253 0.367450 -1.117941
v 0.033460 0.376216 -1.125466
v 0.033028 0.380999 -1.129560
v 0.032522 0.386813 -1.134352
v 0.031948 0.393606 -1.139793
v 0.031309 0.401327 -1.145834
v 0.030613 0.409922 -1.152429
v 0.029862 0.419341 -1.159527
v 0.029064 0.429530 -1.167081
v 0.028222 0.440438 -1.175042
v 0.027341 0.452012 -1.183363
v 0.026428 0.464202 -1.191994
v 0.025487 0.476953 -1.200888
v 0.024522 0.490216 -1.209995
v 0.027086 0.487127 -1.185334
v 0.029315 0.484341 -1.163892
v 0.031237 0.481825 -1.145406
v 0.032880 0.479549 -1.129614
v 0.034269 0.477481 -1.116253
v 0.035433 0.475591 -1.105061
v 0.036400 0.473846 -1.095775
v 0.037195 0.472216 -1.088134
v 0.037847 0.470669 -1.081874
v 0.038383 0.469174 -1.076733
v 0.038829 0.467700 -1.072448
v 0.039215 0.466216 -1.068757
v 0.039326 0.470342 -1.067623
v 0.039464 0.475141 -1.066233
v 0.039623 0.480497 -1.064621
v 0.039801 0.486290 -1.062823
v 0.039995 0.492402 -1.060873
v 0.040200 0.498716 -1.058806
v 0.040414 0.505112 -1.056656
v 0.040633 0.511475 -1.054457
v 0.040854 0.517684 -1.052245
v 0.041073 0.523623 -1.050053
v 0.041286 0.529173 -1.047917
v 0.041491 0.534216 -1.045870
v 0.041049 0.535546 -1.050118
v 0.040600 0.537530 -1.054412
v 0.040146 0.540153 -1.058753
v 0.039685 0.543401 -1.063146
v 0.039218 0.547259 -1.067595
v 0.038744 0.551715 -1.072102
v 0.038262 0.556755 -1.076671
v 0.037773 0.562364 -1.081305
v 0.037276 0.568528 -1.086009
v 0.036771 0.575234 -1.090785
v 0.036257 0.582468 -1.095637
v 0.035734 0.590215 -1.100568
v 0.035055 0.599204 -1.106987
v 0.034192 0.611456 -1.115126
v 0.033175 0.626653 -1.124714
v 0.032032 0.644475 -1.135484
v 0.030790 0.664602 -1.147164
v 0.029479 0.686715 -1.159487
v 0.028127 0.710495 -1.172183
v 0.026763 0.735623 -1.184982
v 0.025414 0.761778 -1.197615
v 0.024109 0.788641 -1.209813
v 0.022877 0.815893 -1.221306
v 0.021746 0.843215 -1.231825
v 0.014664 0.814215 -1.300461
v 0.015859 0.790398 -1.289281
v 0.017102 0.766507 -1.277642
v 0.018388 0.742637 -1.265581
v 0.019714 0.718882 -1.253137
v 0.021075 0.695335 -1.240347
v 0.022468 0.672090 -1.227250
v 0.023888 0.649241 -1.213884
v 0.025332 0.626882 -1.200286
v 0.026795 0.605106 -1.186495
v 0.028273 0.584007 -1.172548
v 0.029762 0.563679 -1.158484
v 0.031258 0.544216 -1.144340
v 0.020200 0.553216 -1.250767
v 0.019488 0.564046 -1.257476
v 0.018777 0.575026 -1.264168
v 0.018070 0.586137 -1.270826
v 0.017368 0.597364 -1.277432
v 0.016674 0.608687 -1.283969
v 0.015988 0.620090 -1.290419
v 0.015312 0.631556 -1.296766
v 0.014650 0.643067 -1.302991
v 0.014001 0.654606 -1.309079
v 0.013369 0.666155 -1.315012
v 0.012754 0.677697 -1.320771
v 0.012160 0.689215 -1.326341
v 0.005504 0.651215 -1.390999
v 0.007281 0.622190 -1.374289
v 0.009116 0.593178 -1.357010
v 0.011005 0.564278 -1.339212
v 0.012942 0.535586 -1.320948
v 0.014921 0.507199 -1.302270
v 0.016938 0.479216 -1.283229
v 0.018986 0.451732 -1.263877
v 0.021060 0.424845 -1.244265
v 0.023155 0.398653 -1.224447
v 0.025265 0.373253 -1.204473
v 0.027384 0.348741 -1.184395
v 0.029507 0.325216 -1.164266
v 0.013890 0.346216 -1.314456
v 0.014140 0.354713 -1.311928
v 0.014397 0.363197 -1.309328
v 0.014661 0.371653 -1.306666
v 0.014931 0.380067 -1.303952
v 0.015205 0.388426 -1.301196
v 0.015482 0.396716 -1.298409
v 0.015761 0.404922 -1.295602
v 0.016042 0.413030 -1.292784
v 0.016323 0.421028 -1.289967
v 0.016603 0.428901 -1.287159
v 0.016881 0.436635 -1.284373
v 0.017156 0.444216 -1.281617
v 0.011147 0.459216 -1.339306
v 0.010476 0.441831 -1.346012
v 0.009812 0.423804 -1.352660
v 0.009161 0.405325 -1.359191
v 0.008529 0.386586 -1.365546
v 0.007921 0.367778 -1.371665
v 0.007344 0.349091 -1.377492
v 0.006802 0.330716 -1.382966
v 0.006303 0.312845 -1.388028
v 0.005851 0.295669 -1.392622
v 0.005453 0.279378 -1.396686
v 0.005114 0.264163 -1.400163
v 0.004840 0.250216 -1.402995
v 0.011164 0.231216 -1.342323
v 0.011238 0.235527 -1.341555
v 0.011315 0.239957 -1.340742
v 0.011398 0.244497 -1.339881
v 0.011486 0.249142 -1.338968
v 0.011580 0.253884 -1.338000
v 0.011680 0.258716 -1.336973
v 0.011785 0.263631 -1.335884
v 0.011898 0.268623 -1.334729
v 0.012018 0.273684 -1.333505
v 0.012145 0.278808 -1.332208
v 0.012280 0.283988 -1.330836
v 0.012423 0.289216 -1.329384
v 0.017405 0.281720 -1.281484
v 0.021683 0.275169 -1.240350
v 0.025317 0.269466 -1.205412
v 0.028367 0.264512 -1.176100
v 0.030890 0.260211 -1.151844
v 0.032947 0.256466 -1.132074
v 0.034597 0.253179 -1.116220
v 0.035900 0.250253 -1.103713
v 0.036913 0.247591 -1.093983
v 0.037698 0.245095 -1.086459
v 0.038312 0.242669 -1.080573
v 0.038816 0.240216 -1.075754
v 0.038929 0.244381 -1.074600
v 0.039072 0.249290 -1.073155
v 0.039240 0.254809 -1.071462
v 0.039429 0.260808 -1.069562
v 0.039634 0.267154 -1.067495
v 0.039852 0.273716 -1.065305
v 0.040078 0.280360 -1.063031
v 0.040309 0.286956 -1.060716
v 0.040540 0.293372 -1.058401
v 0.040767 0.299475 -1.056128
v 0.040986 0.305134 -1.053937
v 0.041193 0.310216 -1.051871
v -0.009613 0.118578 -1.544092
v -0.013186 0.107781 -1.578674
v -0.016817 0.095997 -1.613823
v -0.020468 0.083401 -1.649179
v -0.024102 0.070166 -1.684383
v -0.027683 0.056466 -1.719076
v -0.031172 0.042474 -1.752899
v -0.034535 0.028364 -1.785492
v -0.037732 0.014310 -1.816496
v -0.040727 0.000485 -1.845553
v -0.043484 -0.012938 -1.872303
v -0.045965 -0.025784 -1.896386
v -0.041338 -0.084784 -1.852630
v -0.038882 -0.071228 -1.828774
v -0.036145 -0.057173 -1.802207
v -0.033165 -0.042784 -1.773284
v -0.029977 -0.028228 -1.742362
v -0.026618 -0.013673 -1.709795
v -0.023125 0.000716 -1.675941
v -0.019535 0.014772 -1.641154
v -0.015885 0.028327 -1.605790
v -0.012211 0.041216 -1.570206
v -0.008549 0.053272 -1.534756
v -0.004937 0.064327 -1.499797
v -0.001411 0.074216 -1.465684
v -0.006134 0.128216 -1.510436
v 0.019907 0.181578 -1.258774
v 0.019627 0.163281 -1.261725
v 0.019354 0.144497 -1.264613
v 0.019092 0.125401 -1.267408
v 0.018843 0.106166 -1.270079
v 0.018609 0.086966 -1.272594
v 0.018395 0.067974 -1.274923
v 0.018203 0.049364 -1.277034
v 0.018036 0.031310 -1.278897
v 0.017897 0.013985 -1.280480
v 0.017789 -0.002438 -1.281751
v 0.017714 -0.017784 -1.282681
v 0.023719 -0.029784 -1.224992
v 0.023791 -0.014399 -1.224082
v 0.023893 0.002133 -1.222865
v 0.024024 0.019622 -1.221364
v 0.024180 0.037883 -1.219604
v 0.024360 0.056726 -1.217609
v 0.024561 0.075966 -1.215403
v 0.024781 0.095414 -1.213011
v 0.025018 0.114883 -1.210456
v 0.025269 0.134185 -1.207764
v 0.025533 0.153133 -1.204957
v 0.025807 0.171539 -1.202061
v 0.026089 0.189216 -1.199099
v 0.020191 0.199216 -1.255793
v 0.030967 0.164343 -1.152440
v 0.031332 0.142313 -1.149235
v 0.031726 0.120263 -1.145740
v 0.032149 0.098327 -1.141975
v 0.032597 0.076641 -1.137961
v 0.033068 0.055341 -1.133720
v 0.033559 0.034561 -1.129271
v 0.034070 0.014438 -1.124636
v 0.034596 -0.004893 -1.119835
v 0.035136 -0.023298 -1.114888
v 0.035687 -0.040640 -1.109818
v 0.036248 -0.056784 -1.104643
v 0.036615 -0.054976 -1.101076
v 0.037045 -0.053071 -1.096911
v 0.037525 -0.051096 -1.092255
v 0.038045 -0.049080 -1.087217
v 0.038594 -0.047050 -1.081902
v 0.039160 -0.045034 -1.076418
v 0.039733 -0.043059 -1.070871
v 0.040301 -0.041154 -1.065370
v 0.040853 -0.039346 -1.060021
v 0.041379 -0.037664 -1.054930
v 0.041867 -0.036133 -1.050206
v 0.042306 -0.034784 -1.045955
v 0.041686 -0.018952 -1.051716
v 0.041104 -0.002043 -1.057084
v 0.040560 0.015810 -1.062079
v 0.040051 0.034475 -1.066721
v 0.039576 0.053821 -1.071032
v 0.039132 0.073716 -1.075032
v 0.038717 0.094027 -1.078742
v 0.038330 0.114623 -1.082182
v 0.037969 0.135372 -1.085374
v 0.037632 0.156142 -1.088337
v 0.037316 0.176800 -1.091094
v 0.037019 0.197216 -1.093664
v 0.030635 0.186216 -1.155334
v 0.126643 0.325216 -0.228292
v 0.107855 0.325216 -0.409320
v 0.107759 0.392216 -0.409310
v 0.126547 0.392216 -0.228282
v 0.133669 0.392216 -0.159651
v 0.143579 0.392216 -0.064164
v 0.143489 0.455216 -0.064154
v 0.050585 0.455216 -0.959347
v 0.050675 0.392216 -0.959356
v 0.100327 0.392216 -0.480926
v 0.100763 0.088216 -0.480971
v 0.095180 0.094216 -0.534681
v 0.095267 0.033216 -0.534690
v 0.100851 0.026216 -0.480980
v 0.101003 -0.079784 -0.480996
v 0.108436 -0.079784 -0.409380
v 0.108297 0.017216 -0.409366
v 0.143659 -0.023784 -0.069199
v 0.144285 0.043216 -0.062226
v 0.134156 0.052216 -0.159702
v 0.058192 0.333216 -0.887749
v 0.053781 0.314216 -0.930523
v 0.054660 0.289860 -0.922386
v 0.055627 0.266285 -0.913404
v 0.056677 0.243481 -0.903600
v 0.057809 0.221438 -0.892997
v 0.059021 0.200145 -0.881621
v 0.060309 0.179591 -0.869496
v 0.061671 0.159766 -0.856644
v 0.063106 0.140660 -0.843092
v 0.064609 0.122263 -0.828863
v 0.066179 0.104563 -0.813981
v 0.067813 0.087551 -0.798470
v 0.069510 0.071216 -0.782355
v 0.068083 0.061406 -0.796239
v 0.066613 0.051984 -0.810530
v 0.065102 0.042966 -0.825222
v 0.063548 0.034364 -0.840308
v 0.061954 0.026193 -0.855781
v 0.060321 0.018466 -0.871633
v 0.058647 0.011197 -0.887858
v 0.056935 0.004401 -0.904450
v 0.055185 -0.001909 -0.921400
v 0.053398 -0.007719 -0.938703
v 0.051574 -0.013015 -0.956351
v 0.049714 -0.017784 -0.974337
v 0.050138 -0.021542 -0.970304
v 0.050572 -0.025765 -0.966187
v 0.051010 -0.030378 -0.962030
v 0.051448 -0.035302 -0.957872
v 0.051883 -0.040463 -0.953756
v 0.052309 -0.045784 -0.949723
v 0.052723 -0.051188 -0.945814
v 0.053119 -0.056599 -0.942071
v 0.053494 -0.061940 -0.938536
v 0.053842 -0.067136 -0.935249
v 0.054161 -0.072109 -0.932252
v 0.054444 -0.076784 -0.929586
v 0.056378 -0.071014 -0.910874
v 0.058271 -0.064710 -0.892542
v 0.060123 -0.057878 -0.874597
v 0.061934 -0.050525 -0.857046
v 0.063703 -0.042658 -0.839895
v 0.065428 -0.034284 -0.823151
v 0.067110 -0.025410 -0.806822
v 0.068748 -0.016043 -0.790914
v 0.070340 -0.006190 -0.775435
v 0.071886 0.004142 -0.760390
v 0.073386 0.014946 -0.745787
v 0.074838 0.026216 -0.731634
v 0.076368 0.015195 -0.717051
v 0.077928 0.004628 -0.702161
v 0.079518 -0.005487 -0.686988
v 0.081133 -0.015154 -0.671555
v 0.082773 -0.024377 -0.655888
v 0.084433 -0.033159 -0.640010
v 0.086113 -0.041503 -0.623945
v 0.087808 -0.049414 -0.607718
v 0.089517 -0.056893 -0.591353
v 0.091238 -0.063946 -0.574873
v 0.092967 -0.070575 -0.558304
v 0.094702 -0.076784 -0.541669
v 0.094900 -0.072589 -0.539710
v 0.095138 -0.068057 -0.537349
v 0.095412 -0.063268 -0.534643
v 0.095716 -0.058302 -0.531647
v 0.096044 -0.053239 -0.528415
v 0.096390 -0.048159 -0.525005
v 0.096750 -0.043141 -0.521470
v 0.097117 -0.038265 -0.517866
v 0.097486 -0.033612 -0.514248
v 0.097850 -0.029261 -0.510671
v 0.098206 -0.025291 -0.507192
v 0.098546 -0.021784 -0.503864
v 0.096915 -0.016555 -0.519505
v 0.095290 -0.010872 -0.535084
v 0.093673 -0.004737 -0.550580
v 0.092066 0.001846 -0.565972
v 0.090472 0.008873 -0.581239
v 0.088891 0.016341 -0.596362
v 0.087328 0.024247 -0.611318
v 0.085783 0.032586 -0.626089
v 0.084259 0.041357 -0.640651
v 0.082758 0.050554 -0.654986
v 0.081282 0.060175 -0.669072
v 0.079834 0.070216 -0.682889
v 0.081156 0.083943 -0.669956
v 0.082426 0.098119 -0.657516
v 0.083645 0.112732 -0.645567
v 0.084813 0.127771 -0.634105
v 0.085930 0.143228 -0.623127
v 0.086997 0.159091 -0.612628
v 0.088013 0.175350 -0.602606
v 0.088980 0.191994 -0.593057
v 0.089898 0.209013 -0.583978
v 0.090766 0.226396 -0.575364
v 0.091587 0.244134 -0.567214
v 0.092359 0.262216 -0.559523
v 0.090285 0.268216 -0.579415
v 0.096479 0.268216 -0.519736
v 0.096390 0.330216 -0.519726
v 0.059642 0.330216 -0.873825
v 0.073423 0.124382 -0.743904
v 0.072267 0.135878 -0.754882
v 0.071145 0.147700 -0.765527
v 0.070059 0.159845 -0.775821
v 0.069012 0.172310 -0.785742
v 0.068004 0.185091 -0.795268
v 0.067040 0.198184 -0.804381
v 0.066120 0.211586 -0.813058
v 0.065247 0.225294 -0.821279
v 0.064423 0.239304 -0.829023
v 0.063650 0.253612 -0.836271
v 0.062931 0.268216 -0.843000
v 0.085537 0.268216 -0.625169
v 0.084866 0.253612 -0.631844
v 0.084151 0.239304 -0.638933
v 0.083392 0.225294 -0.646437
v 0.082590 0.211586 -0.654354
v 0.081745 0.198184 -0.662687
v 0.080856 0.185091 -0.671433
v 0.079924 0.172310 -0.680594
v 0.078948 0.159845 -0.690170
v 0.077929 0.147700 -0.700160
v 0.076866 0.135878 -0.710564
v 0.075760 0.124382 -0.721382
v 0.074611 0.113216 -0.732615
v 0.126825 0.198216 -0.228311
v 0.108037 0.198216 -0.409339
v 0.107936 0.269216 -0.409328
v 0.126723 0.269216 -0.228301
v 0.127024 0.059216 -0.228332
v 0.108206 0.080216 -0.409357
v 0.108118 0.142216 -0.409347
v 0.126905 0.142216 -0.228320
v 0.070661 0.564215 -0.764377
v 0.070560 0.635215 -0.764367
v 0.122689 0.635215 -0.262065
v 0.122791 0.564215 -0.262075
v 0.070488 0.685215 -0.764360
v 0.070388 0.755215 -0.764349
v 0.122517 0.755215 -0.262047
v 0.122617 0.685215 -0.262057
v 0.062995 0.511216 -0.838985
v 0.130299 0.511216 -0.190468
v 0.129873 0.808215 -0.190424
v 0.062570 0.808215 -0.838941
v -0.655161 0.621577 -4.851161
v -0.653760 0.601214 -4.837944
v -0.652146 0.579080 -4.822695
v -0.650331 0.555561 -4.805541
v -0.648331 0.531042 -4.786605
v -0.646157 0.505908 -4.766011
v -0.643824 0.480546 -4.743883
v -0.641345 0.455339 -4.720346
v -0.638733 0.430674 -4.695526
v -0.636002 0.406936 -4.669543
v -0.633166 0.384511 -4.642525
v -0.630237 0.363784 -4.614595
v -0.623500 0.416784 -4.548940
v -0.625896 0.431141 -4.571820
v -0.628280 0.447473 -4.594565
v -0.630630 0.465424 -4.616958
v -0.632922 0.484635 -4.638781
v -0.635134 0.504749 -4.659816
v -0.637243 0.525408 -4.679845
v -0.639225 0.546255 -4.698653
v -0.641057 0.566932 -4.716020
v -0.642717 0.587080 -4.731730
v -0.644180 0.606344 -4.745564
v -0.645425 0.624364 -4.757305
v -0.646428 0.640783 -4.766736
v -0.643845 0.640783 -4.741847
v -0.639897 0.640783 -4.703810
v -0.634868 0.640783 -4.655350
v -0.629040 0.640783 -4.599191
v -0.622696 0.640783 -4.538060
v -0.616118 0.640783 -4.474679
v -0.609590 0.640783 -4.411776
v -0.603394 0.640783 -4.352074
v -0.597813 0.640783 -4.298299
v -0.593130 0.640783 -4.253175
v -0.589628 0.640783 -4.219427
v -0.587589 0.640783 -4.199781
v -0.586632 0.640742 -4.190560
v -0.585670 0.640617 -4.181297
v -0.584704 0.640408 -4.171993
v -0.583734 0.640117 -4.162647
v -0.582759 0.639742 -4.153260
v -0.581780 0.639283 -4.143832
v -0.580797 0.638742 -4.134362
v -0.579809 0.638117 -4.124851
v -0.578816 0.637408 -4.115298
v -0.577819 0.636617 -4.105704
v -0.576818 0.635742 -4.096068
v -0.575812 0.634783 -4.086391
v -0.575943 0.725783 -4.086378
v -0.576859 0.724556 -4.095220
v -0.577800 0.723380 -4.104310
v -0.578764 0.722268 -4.113608
v -0.579744 0.721228 -4.123071
v -0.580738 0.720271 -4.132658
v -0.581740 0.719408 -4.142329
v -0.582747 0.718650 -4.152040
v -0.583754 0.718005 -4.161752
v -0.584757 0.717486 -4.171422
v -0.585751 0.717103 -4.181009
v -0.586733 0.716865 -4.190473
v -0.587698 0.716783 -4.199769
v -0.589786 0.716783 -4.219893
v -0.593377 0.716783 -4.254494
v -0.598175 0.716783 -4.300727
v -0.603885 0.716783 -4.355747
v -0.610211 0.716783 -4.416707
v -0.616859 0.716783 -4.480761
v -0.623532 0.716783 -4.545063
v -0.629936 0.716783 -4.606769
v -0.635775 0.716783 -4.663032
v -0.640754 0.716783 -4.711006
v -0.644577 0.716783 -4.747845
v -0.646949 0.716783 -4.770704
v -0.647474 0.716844 -4.775758
v -0.648058 0.717019 -4.781386
v -0.648689 0.717299 -4.787457
v -0.649352 0.717672 -4.793838
v -0.650033 0.718129 -4.800399
v -0.650720 0.718658 -4.807008
v -0.651398 0.719250 -4.813534
v -0.652054 0.719894 -4.819847
v -0.652674 0.720580 -4.825813
v -0.653245 0.721297 -4.831303
v -0.653753 0.722035 -4.836185
v -0.654184 0.722783 -4.840329
v -0.659175 0.675783 -4.889074
v -0.658978 0.673184 -4.887216
v -0.658760 0.670408 -4.885151
v -0.658524 0.667486 -4.882921
v -0.658275 0.664450 -4.880566
v -0.658018 0.661330 -4.878128
v -0.657756 0.658158 -4.875649
v -0.657494 0.654966 -4.873170
v -0.657236 0.651783 -4.870732
v -0.656987 0.648643 -4.868377
v -0.656751 0.645575 -4.866147
v -0.656533 0.642612 -4.864082
v -0.656336 0.639783 -4.862224
v -0.580613 0.022784 -4.141188
v -0.581351 0.025178 -4.148268
v -0.582112 0.027853 -4.155555
v -0.582889 0.030800 -4.163007
v -0.583680 0.034006 -4.170584
v -0.584480 0.037463 -4.178244
v -0.585285 0.041159 -4.185945
v -0.586090 0.045084 -4.193646
v -0.586891 0.049228 -4.201306
v -0.587683 0.053581 -4.208882
v -0.588463 0.058131 -4.216335
v -0.589226 0.062869 -4.223621
v -0.589968 0.067784 -4.230701
v -0.593724 0.092290 -4.266548
v -0.596950 0.118751 -4.297266
v -0.599687 0.147081 -4.323238
v -0.601973 0.177191 -4.344849
v -0.603849 0.208996 -4.362480
v -0.605354 0.242409 -4.376516
v -0.606528 0.277342 -4.387340
v -0.607410 0.313710 -4.395335
v -0.608040 0.351424 -4.400885
v -0.608459 0.390399 -4.404372
v -0.608705 0.430548 -4.406182
v -0.608818 0.471784 -4.406695
v -0.608824 0.477745 -4.406673
v -0.608826 0.483645 -4.406606
v -0.608822 0.489502 -4.406490
v -0.608813 0.495339 -4.406323
v -0.608799 0.501176 -4.406101
v -0.608778 0.507034 -4.405819
v -0.608751 0.512933 -4.405476
v -0.608717 0.518895 -4.405067
v -0.608676 0.524940 -4.404589
v -0.608628 0.531089 -4.404038
v -0.608572 0.537363 -4.403412
v -0.608508 0.543783 -4.402706
v -0.617798 0.543783 -4.492225
v -0.617640 0.477848 -4.491618
v -0.617309 0.415469 -4.489302
v -0.616732 0.356534 -4.484560
v -0.615833 0.300932 -4.476678
v -0.614539 0.248552 -4.464942
v -0.612776 0.199284 -4.448636
v -0.610468 0.153015 -4.427045
v -0.607542 0.109636 -4.399455
v -0.603923 0.069034 -4.365150
v -0.599537 0.031099 -4.323417
v -0.594310 -0.004281 -4.273539
v -0.588166 -0.037216 -4.214802
v -0.537615 0.127784 -3.725406
v -0.538291 0.599783 -3.725336
v -0.488846 0.599783 -3.248894
v -0.487865 0.599744 -3.239447
v -0.486843 0.599631 -3.229599
v -0.485794 0.599455 -3.219489
v -0.484731 0.599228 -3.209255
v -0.483670 0.598959 -3.199034
v -0.482625 0.598658 -3.188966
v -0.481610 0.598337 -3.179188
v -0.480639 0.598006 -3.169837
v -0.479727 0.597674 -3.161053
v -0.478888 0.597353 -3.152974
v -0.478136 0.597053 -3.145738
v -0.477487 0.596783 -3.139482
v -0.477614 0.685783 -3.139469
v -0.478487 0.684825 -3.147890
v -0.479398 0.683950 -3.156687
v -0.480341 0.683158 -3.165781
v -0.481307 0.682450 -3.175093
v -0.482286 0.681825 -3.184543
v -0.483272 0.681283 -3.194052
v -0.484256 0.680825 -3.203540
v -0.485230 0.680450 -3.212928
v -0.486185 0.680158 -3.222136
v -0.487114 0.679950 -3.231085
v -0.488007 0.679825 -3.239695
v -0.488857 0.679783 -3.247888
v -0.539748 0.679783 -3.738254
v -0.540379 0.679803 -3.744338
v -0.541031 0.679862 -3.750614
v -0.541696 0.679955 -3.757029
v -0.542371 0.680080 -3.763526
v -0.543048 0.680232 -3.770051
v -0.543723 0.680408 -3.776549
v -0.544389 0.680606 -3.782963
v -0.545041 0.680820 -3.789239
v -0.545672 0.681049 -3.795322
v -0.546278 0.681288 -3.801157
v -0.546852 0.681534 -3.806687
v -0.547389 0.681783 -3.811859
v -0.547353 0.675875 -3.811592
v -0.547313 0.669686 -3.811294
v -0.547271 0.663268 -3.810975
v -0.547227 0.656672 -3.810646
v -0.547183 0.649952 -3.810318
v -0.547140 0.643158 -3.809999
v -0.547100 0.636344 -3.809701
v -0.547062 0.629561 -3.809435
v -0.547029 0.622862 -3.809210
v -0.547002 0.616297 -3.809036
v -0.546981 0.609921 -3.808925
v -0.546968 0.603783 -3.808886
v -0.546229 0.087784 -3.808963
v -0.546222 0.078618 -3.809024
v -0.546226 0.069210 -3.809191
v -0.546239 0.059690 -3.809449
v -0.546259 0.050191 -3.809779
v -0.546286 0.040845 -3.810164
v -0.546316 0.031784 -3.810587
v -0.546350 0.023139 -3.811031
v -0.546385 0.015043 -3.811479
v -0.546419 0.007628 -3.811912
v -0.546451 0.001025 -3.812314
v -0.546480 -0.004634 -3.812668
v -0.546503 -0.009216 -3.812956
v -0.537212 -0.009216 -3.723437
v -0.537499 0.046784 -3.725418
v -0.487022 0.046784 -3.239030
v -0.485956 0.046743 -3.228765
v -0.484881 0.046627 -3.218409
v -0.483805 0.046440 -3.208040
v -0.482735 0.046191 -3.197733
v -0.481679 0.045887 -3.187564
v -0.480646 0.045534 -3.177610
v -0.479642 0.045139 -3.167945
v -0.478676 0.044710 -3.158647
v -0.477757 0.044253 -3.149791
v -0.476891 0.043775 -3.141453
v -0.476086 0.043283 -3.133708
v -0.475351 0.042784 -3.126634
v -0.475482 0.133784 -3.126621
v -0.476187 0.133036 -3.133428
v -0.476959 0.132298 -3.140877
v -0.477791 0.131581 -3.148907
v -0.478677 0.130895 -3.157455
v -0.479611 0.130251 -3.166459
v -0.480585 0.129659 -3.175857
v -0.481594 0.129129 -3.185585
v -0.482631 0.128673 -3.195584
v -0.483690 0.128299 -3.205790
v -0.484764 0.128020 -3.216141
v -0.485846 0.127845 -3.226574
v -0.486931 0.127784 -3.237029
v -0.435576 0.602671 -2.735559
v -0.434487 0.579469 -2.725390
v -0.433287 0.555377 -2.714164
v -0.431984 0.530598 -2.701954
v -0.430586 0.505333 -2.688832
v -0.429100 0.479784 -2.674870
v -0.427534 0.454150 -2.660143
v -0.425897 0.428635 -2.644721
v -0.424195 0.403440 -2.628677
v -0.422437 0.378765 -2.612084
v -0.420631 0.354813 -2.595014
v -0.418784 0.331784 -2.577540
v -0.421493 0.308503 -2.603963
v -0.424246 0.283872 -2.630835
v -0.427018 0.258206 -2.657901
v -0.429782 0.231821 -2.684904
v -0.432513 0.205033 -2.711590
v -0.435184 0.178159 -2.737703
v -0.437769 0.151514 -2.762986
v -0.440243 0.125413 -2.787186
v -0.442579 0.100175 -2.810045
v -0.444750 0.076113 -2.831308
v -0.446732 0.053544 -2.850720
v -0.448498 0.032784 -2.868025
v -0.441186 -0.027216 -2.798408
v -0.439409 -0.004414 -2.780961
v -0.437480 0.019367 -2.762045
v -0.435416 0.043940 -2.741810
v -0.433231 0.069117 -2.720405
v -0.430940 0.094711 -2.697977
v -0.428559 0.120534 -2.674675
v -0.426103 0.146398 -2.650648
v -0.423587 0.172117 -2.626044
v -0.421026 0.197503 -2.601012
v -0.418435 0.222367 -2.575701
v -0.415830 0.246523 -2.550258
v -0.413225 0.269784 -2.524832
v -0.410363 0.241160 -2.497658
v -0.407387 0.212876 -2.469375
v -0.404302 0.185065 -2.440035
v -0.401113 0.157858 -2.409690
v -0.397827 0.131387 -2.378392
v -0.394448 0.105784 -2.346191
v -0.390982 0.081181 -2.313142
v -0.387436 0.057710 -2.279294
v -0.383813 0.035503 -2.244700
v -0.380121 0.014691 -2.209412
v -0.376364 -0.004592 -2.173481
v -0.372548 -0.022216 -2.136959
v -0.366038 0.044784 -2.073291
v -0.370187 0.061666 -2.113036
v -0.374272 0.080673 -2.152131
v -0.378280 0.101596 -2.190466
v -0.382201 0.124228 -2.227930
v -0.386022 0.148360 -2.264413
v -0.389732 0.173784 -2.299805
v -0.393319 0.200291 -2.333995
v -0.396771 0.227673 -2.366872
v -0.400075 0.255721 -2.398326
v -0.403222 0.284228 -2.428247
v -0.406198 0.312985 -2.456524
v -0.408992 0.341784 -2.483046
v -0.410783 0.361844 -2.500025
v -0.412579 0.383348 -2.517029
v -0.414360 0.406034 -2.533873
v -0.416107 0.429635 -2.550375
v -0.417800 0.453890 -2.566352
v -0.419420 0.478534 -2.581621
v -0.420948 0.503302 -2.595999
v -0.422365 0.527932 -2.609303
v -0.423650 0.552158 -2.621350
v -0.424785 0.575719 -2.631957
v -0.425750 0.598348 -2.640940
v -0.426526 0.619783 -2.648118
v -0.425022 0.619783 -2.633628
v -0.422504 0.619783 -2.609367
v -0.419176 0.619783 -2.577295
v -0.415240 0.619783 -2.539368
v -0.410900 0.619783 -2.497546
v -0.406358 0.619783 -2.453787
v -0.401819 0.619783 -2.410048
v -0.397485 0.619783 -2.368288
v -0.393560 0.619783 -2.330465
v -0.390246 0.619783 -2.298537
v -0.387748 0.619783 -2.274463
v -0.386268 0.619783 -2.260201
v -0.385325 0.619704 -2.251121
v -0.384320 0.619482 -2.241432
v -0.383273 0.619143 -2.231357
v -0.382210 0.618709 -2.221115
v -0.381152 0.618206 -2.210929
v -0.380123 0.617658 -2.201020
v -0.379145 0.617090 -2.191607
v -0.378242 0.616524 -2.182913
v -0.377437 0.615987 -2.175159
v -0.376752 0.615501 -2.168565
v -0.376210 0.615092 -2.163352
v -0.375835 0.614783 -2.159742
v -0.375965 0.705783 -2.159728
v -0.376414 0.705245 -2.164060
v -0.377023 0.704645 -2.169933
v -0.377766 0.704002 -2.177104
v -0.378619 0.703339 -2.185331
v -0.379556 0.702676 -2.194374
v -0.380553 0.702033 -2.203990
v -0.381585 0.701433 -2.213938
v -0.382626 0.700894 -2.223976
v -0.383651 0.700440 -2.233862
v -0.384636 0.700089 -2.243354
v -0.385554 0.699863 -2.252210
v -0.386382 0.699783 -2.260190
v -0.387961 0.699783 -2.275399
v -0.390502 0.699783 -2.299888
v -0.393813 0.699783 -2.331789
v -0.397699 0.699783 -2.369234
v -0.401966 0.699783 -2.410352
v -0.406421 0.699783 -2.453278
v -0.410870 0.699783 -2.496140
v -0.415118 0.699783 -2.537073
v -0.418971 0.699783 -2.574206
v -0.422237 0.699783 -2.605672
v -0.424720 0.699783 -2.629602
v -0.426228 0.699783 -2.644128
v -0.427064 0.699845 -2.652186
v -0.427870 0.700029 -2.659945
v -0.428643 0.700330 -2.667393
v -0.429383 0.700746 -2.674519
v -0.430089 0.701273 -2.681314
v -0.430760 0.701908 -2.687768
v -0.431394 0.702647 -2.693868
v -0.431991 0.703487 -2.699606
v -0.432549 0.704424 -2.704972
v -0.433067 0.705455 -2.709954
v -0.433545 0.706576 -2.714541
v -0.433981 0.707783 -2.718726
v -0.439190 0.668783 -2.769459
v -0.439017 0.666505 -2.767830
v -0.438819 0.663719 -2.765960
v -0.438601 0.660502 -2.763896
v -0.438366 0.656932 -2.761688
v -0.438121 0.653083 -2.759382
v -0.437871 0.649033 -2.757029
v -0.437621 0.644859 -2.754675
v -0.437376 0.640635 -2.752370
v -0.437140 0.636440 -2.750161
v -0.436920 0.632348 -2.748098
v -0.436720 0.628437 -2.746228
v -0.436546 0.624783 -2.744599
v -0.288933 0.207935 -1.328052
v -0.289510 0.192492 -1.333833
v -0.290084 0.176612 -1.339587
v -0.290650 0.160451 -1.345258
v -0.291200 0.144164 -1.350791
v -0.291731 0.127909 -1.356130
v -0.292236 0.111841 -1.361221
v -0.292710 0.096117 -1.366008
v -0.293147 0.080893 -1.370436
v -0.293543 0.066326 -1.374449
v -0.293891 0.052570 -1.377992
v -0.294185 0.039784 -1.381010
v -0.288377 0.020784 -1.325312
v -0.288108 0.033610 -1.322542
v -0.287787 0.047474 -1.319248
v -0.287417 0.062206 -1.315483
v -0.287006 0.077636 -1.311305
v -0.286558 0.093594 -1.306766
v -0.286079 0.109909 -1.301924
v -0.285575 0.126412 -1.296833
v -0.285050 0.142932 -1.291549
v -0.284511 0.159299 -1.286127
v -0.283963 0.175344 -1.280621
v -0.283411 0.190895 -1.275089
v -0.282862 0.205784 -1.269584
v -0.288357 0.222784 -1.322298
v -0.317978 0.304156 -1.606579
v -0.319858 0.295848 -1.624810
v -0.321768 0.286971 -1.643345
v -0.323689 0.277636 -1.661984
v -0.325599 0.267953 -1.680526
v -0.327479 0.258034 -1.698771
v -0.329306 0.247990 -1.716518
v -0.331061 0.237932 -1.733568
v -0.332723 0.227971 -1.749720
v -0.334271 0.218219 -1.764774
v -0.335685 0.208786 -1.778529
v -0.336944 0.199784 -1.790785
v -0.332121 0.147784 -1.745039
v -0.330864 0.157075 -1.732802
v -0.329456 0.166863 -1.719097
v -0.327916 0.177018 -1.704114
v -0.326263 0.187413 -1.688043
v -0.324517 0.197920 -1.671074
v -0.322698 0.208409 -1.653397
v -0.320825 0.218752 -1.635202
v -0.318917 0.228821 -1.616679
v -0.316994 0.238487 -1.598018
v -0.315076 0.247622 -1.579409
v -0.313182 0.256097 -1.561041
v -0.311332 0.263784 -1.543106
v -0.316149 0.311784 -1.588853
v -0.313061 0.646596 -1.554423
v -0.313847 0.633538 -1.562184
v -0.314670 0.620611 -1.570297
v -0.315529 0.607820 -1.578752
v -0.316423 0.595168 -1.587538
v -0.317350 0.582658 -1.596646
v -0.318310 0.570294 -1.606064
v -0.319300 0.558080 -1.615783
v -0.320322 0.546018 -1.625792
v -0.321372 0.534112 -1.636080
v -0.322451 0.522366 -1.646638
v -0.323557 0.510783 -1.657455
v -0.324795 0.522658 -1.669222
v -0.325999 0.534779 -1.680651
v -0.327167 0.547143 -1.691734
v -0.328299 0.559746 -1.702465
v -0.329394 0.572586 -1.712837
v -0.330451 0.585658 -1.722842
v -0.331470 0.598960 -1.732475
v -0.332450 0.612487 -1.741728
v -0.333390 0.626236 -1.750594
v -0.334289 0.640205 -1.759066
v -0.335148 0.654388 -1.767137
v -0.335964 0.668783 -1.774801
v -0.312944 0.668783 -1.552992
v -0.312312 0.659783 -1.547026
v -0.321494 0.821243 -1.633247
v -0.321135 0.813630 -1.629891
v -0.320767 0.805955 -1.626452
v -0.320390 0.798228 -1.622931
v -0.320005 0.790459 -1.619326
v -0.319611 0.782658 -1.615639
v -0.319208 0.774837 -1.611869
v -0.318797 0.767006 -1.608015
v -0.318377 0.759174 -1.604079
v -0.317949 0.751353 -1.600061
v -0.317512 0.743552 -1.595959
v -0.317066 0.735783 -1.591774
v -0.340086 0.735783 -1.813583
v -0.341432 0.738783 -1.826513
v -0.346141 0.711783 -1.872271
v -0.345061 0.688054 -1.862188
v -0.343902 0.664867 -1.851344
v -0.342668 0.642221 -1.839769
v -0.341361 0.620117 -1.827488
v -0.339985 0.598554 -1.814531
v -0.338543 0.577533 -1.800924
v -0.337036 0.557054 -1.786696
v -0.335469 0.537117 -1.771873
v -0.333844 0.517721 -1.756485
v -0.332164 0.498867 -1.740557
v -0.330431 0.480554 -1.724118
v -0.328649 0.462784 -1.707195
v -0.330457 0.447518 -1.724827
v -0.332310 0.432742 -1.742887
v -0.334205 0.418487 -1.761348
v -0.336140 0.404784 -1.780182
v -0.338111 0.391664 -1.799361
v -0.340117 0.379159 -1.818858
v -0.342153 0.367299 -1.838644
v -0.344217 0.356117 -1.858693
v -0.346307 0.345643 -1.878977
v -0.348420 0.335909 -1.899468
v -0.350552 0.326945 -1.920139
v -0.352701 0.318784 -1.940961
v -0.352247 0.315024 -1.936640
v -0.351777 0.310793 -1.932167
v -0.351296 0.306159 -1.927597
v -0.350810 0.301191 -1.922986
v -0.350326 0.295960 -1.918389
v -0.349848 0.290534 -1.913861
v -0.349383 0.284983 -1.909457
v -0.348936 0.279376 -1.905233
v -0.348514 0.273784 -1.901243
v -0.348122 0.268274 -1.897544
v -0.347766 0.262918 -1.894190
v -0.347452 0.257784 -1.891237
v -0.345307 0.267156 -1.870434
v -0.343182 0.277261 -1.849813
v -0.341078 0.288081 -1.829393
v -0.338998 0.299599 -1.809190
v -0.336943 0.311797 -1.789222
v -0.334916 0.324659 -1.769506
v -0.332917 0.338166 -1.750059
v -0.330949 0.352302 -1.730899
v -0.329014 0.367049 -1.712042
v -0.327112 0.382390 -1.693507
v -0.325247 0.398307 -1.675310
v -0.323419 0.414784 -1.657469
v -0.321494 0.399285 -1.639137
v -0.319534 0.384297 -1.620460
v -0.317542 0.369830 -1.601464
v -0.315520 0.355895 -1.582179
v -0.313472 0.342501 -1.562631
v -0.311400 0.329659 -1.542847
v -0.309308 0.317379 -1.522857
v -0.307198 0.305673 -1.502687
v -0.305073 0.294549 -1.482365
v -0.302936 0.284020 -1.461918
v -0.300789 0.274094 -1.441375
v -0.298637 0.264784 -1.420763
v -0.298382 0.269497 -1.418247
v -0.298076 0.274571 -1.415226
v -0.297726 0.279909 -1.411778
v -0.297339 0.285413 -1.407977
v -0.296924 0.290987 -1.403899
v -0.296488 0.296534 -1.399622
v -0.296039 0.301955 -1.395220
v -0.295585 0.307154 -1.390770
v -0.295133 0.312034 -1.386347
v -0.294692 0.316497 -1.382028
v -0.294268 0.320446 -1.377889
v -0.293869 0.323784 -1.374005
v -0.296021 0.332344 -1.394617
v -0.298165 0.341520 -1.415152
v -0.300299 0.351299 -1.435577
v -0.302419 0.361672 -1.455856
v -0.304521 0.372629 -1.475956
v -0.306601 0.384159 -1.495842
v -0.308657 0.396251 -1.515479
v -0.310683 0.408895 -1.534832
v -0.312678 0.422080 -1.553868
v -0.314637 0.435797 -1.572552
v -0.316556 0.450035 -1.590848
v -0.318433 0.464784 -1.608723
v -0.317451 0.475616 -1.599108
v -0.316486 0.486608 -1.589665
v -0.315541 0.497752 -1.580402
v -0.314616 0.509043 -1.571325
v -0.313710 0.520472 -1.562442
v -0.312826 0.532033 -1.553758
v -0.311963 0.543720 -1.545283
v -0.311123 0.555524 -1.537021
v -0.310306 0.567440 -1.528980
v -0.309512 0.579459 -1.521167
v -0.308743 0.591576 -1.513589
v -0.308000 0.603783 -1.506253
v -0.307258 0.594826 -1.499228
v -0.306502 0.585955 -1.492072
v -0.305732 0.577174 -1.484779
v -0.304948 0.568487 -1.477340
v -0.304148 0.559897 -1.469748
v -0.303331 0.551408 -1.461998
v -0.302497 0.543024 -1.454083
v -0.301646 0.534746 -1.445994
v -0.300776 0.526580 -1.437726
v -0.299887 0.518529 -1.429272
v -0.298978 0.510595 -1.420624
v -0.298048 0.502783 -1.411776
v -0.297741 0.506668 -1.408763
v -0.297383 0.510779 -1.405249
v -0.296981 0.515049 -1.401314
v -0.296543 0.519413 -1.397037
v -0.296078 0.523805 -1.392498
v -0.295594 0.528158 -1.387775
v -0.295100 0.532408 -1.382950
v -0.294602 0.536487 -1.378099
v -0.294110 0.540330 -1.373305
v -0.293632 0.543871 -1.368645
v -0.293175 0.547044 -1.364199
v -0.292748 0.549783 -1.360046
v -0.295315 0.571607 -1.384474
v -0.297741 0.594459 -1.407534
v -0.300027 0.618158 -1.429227
v -0.302171 0.642524 -1.449552
v -0.304175 0.667376 -1.468509
v -0.306036 0.692533 -1.486098
v -0.307756 0.717816 -1.502320
v -0.309335 0.743042 -1.517174
v -0.310770 0.768033 -1.530660
v -0.312064 0.792607 -1.542779
v -0.313214 0.816584 -1.553530
v -0.314222 0.839783 -1.562914
v -0.321844 0.828783 -1.636520
v -0.257751 0.311445 -1.026151
v -0.258306 0.313909 -1.031467
v -0.258873 0.317143 -1.036879
v -0.259453 0.321117 -1.042416
v -0.260050 0.325799 -1.048105
v -0.260667 0.331159 -1.053973
v -0.261306 0.337164 -1.060048
v -0.261971 0.343784 -1.066358
v -0.262663 0.350987 -1.072931
v -0.263387 0.358742 -1.079793
v -0.264144 0.367018 -1.086973
v -0.264937 0.375784 -1.094499
v -0.265369 0.380567 -1.098593
v -0.265875 0.386381 -1.103384
v -0.266449 0.393174 -1.108825
v -0.267088 0.400895 -1.114867
v -0.267784 0.409490 -1.121461
v -0.268535 0.418909 -1.128559
v -0.269333 0.429098 -1.136113
v -0.270175 0.440006 -1.144074
v -0.271056 0.451580 -1.152395
v -0.271969 0.463770 -1.161026
v -0.272910 0.476521 -1.169920
v -0.273875 0.489783 -1.179027
v -0.271311 0.486695 -1.154366
v -0.269082 0.483909 -1.132924
v -0.267160 0.481393 -1.114438
v -0.265517 0.479117 -1.098646
v -0.264128 0.477049 -1.085285
v -0.262964 0.475159 -1.074093
v -0.261997 0.473414 -1.064808
v -0.261202 0.471784 -1.057166
v -0.260550 0.470237 -1.050906
v -0.260014 0.468742 -1.045765
v -0.259568 0.467268 -1.041480
v -0.259182 0.465784 -1.037790
v -0.259071 0.469910 -1.036655
v -0.258933 0.474709 -1.035265
v -0.258774 0.480065 -1.033653
v -0.258596 0.485858 -1.031856
v -0.258402 0.491970 -1.029906
v -0.258197 0.498284 -1.027838
v -0.257983 0.504680 -1.025688
v -0.257764 0.511043 -1.023489
v -0.257543 0.517252 -1.021277
v -0.257324 0.523191 -1.019085
v -0.257111 0.528741 -1.016949
v -0.256906 0.533783 -1.014902
v -0.257348 0.535114 -1.019151
v -0.257797 0.537098 -1.023444
v -0.258251 0.539721 -1.027786
v -0.258712 0.542969 -1.032179
v -0.259179 0.546827 -1.036627
v -0.259653 0.551283 -1.041134
v -0.260135 0.556323 -1.045703
v -0.260624 0.561932 -1.050338
v -0.261121 0.568096 -1.055041
v -0.261626 0.574802 -1.059817
v -0.262140 0.582036 -1.064669
v -0.262663 0.589783 -1.069600
v -0.263342 0.598772 -1.076019
v -0.264205 0.611024 -1.084158
v -0.265222 0.626221 -1.093746
v -0.266365 0.644043 -1.104516
v -0.267607 0.664170 -1.116197
v -0.268918 0.686283 -1.128520
v -0.270270 0.710063 -1.141215
v -0.271634 0.735191 -1.154014
v -0.272983 0.761346 -1.166647
v -0.274288 0.788209 -1.178845
v -0.275520 0.815461 -1.190338
v -0.276652 0.842783 -1.200858
v -0.283733 0.813783 -1.269493
v -0.282538 0.789966 -1.258313
v -0.281295 0.766075 -1.246674
v -0.280009 0.742205 -1.234613
v -0.278683 0.718450 -1.222169
v -0.277322 0.694903 -1.209380
v -0.275929 0.671658 -1.196283
v -0.274509 0.648809 -1.182916
v -0.273065 0.626450 -1.169319
v -0.271602 0.604674 -1.155527
v -0.270124 0.583575 -1.141580
v -0.268635 0.563247 -1.127516
v -0.267139 0.543783 -1.113372
v -0.278197 0.552783 -1.219799
v -0.278909 0.563614 -1.226509
v -0.279620 0.574594 -1.233201
v -0.280327 0.585705 -1.239858
v -0.281029 0.596932 -1.246464
v -0.281723 0.608255 -1.253001
v -0.282409 0.619658 -1.259451
v -0.283085 0.631124 -1.265798
v -0.283747 0.642635 -1.272024
v -0.284396 0.654174 -1.278111
v -0.285028 0.665723 -1.284044
v -0.285643 0.677265 -1.289803
v -0.286237 0.688783 -1.295373
v -0.292893 0.650783 -1.360031
v -0.291117 0.621758 -1.343322
v -0.289281 0.592746 -1.326042
v -0.287392 0.563846 -1.308244
v -0.285455 0.535154 -1.289980
v -0.283476 0.506767 -1.271302
v -0.281459 0.478784 -1.252261
v -0.279411 0.451300 -1.232909
v -0.277337 0.424413 -1.213298
v -0.275242 0.398221 -1.193479
v -0.273132 0.372821 -1.173505
v -0.271013 0.348309 -1.153427
v -0.268890 0.324784 -1.133298
v -0.284507 0.345784 -1.283488
v -0.284257 0.354281 -1.280960
v -0.284000 0.362765 -1.278360
v -0.283736 0.371221 -1.275698
v -0.283466 0.379635 -1.272984
v -0.283192 0.387994 -1.270228
v -0.282915 0.396284 -1.267442
v -0.282636 0.404490 -1.264634
v -0.282355 0.412598 -1.261817
v -0.282074 0.420596 -1.258999
v -0.281794 0.428469 -1.256192
v -0.281516 0.436203 -1.253405
v -0.281241 0.443784 -1.250650
v -0.287250 0.458784 -1.308338
v -0.287921 0.441399 -1.315044
v -0.288585 0.423372 -1.321692
v -0.289236 0.404893 -1.328223
v -0.289868 0.386154 -1.334578
v -0.290476 0.367346 -1.340698
v -0.291053 0.348659 -1.346524
v -0.291595 0.330284 -1.351998
v -0.292094 0.312413 -1.357061
v -0.292546 0.295237 -1.361654
v -0.292944 0.278946 -1.365718
v -0.293283 0.263731 -1.369196
v -0.293557 0.249784 -1.372027
v -0.287233 0.230784 -1.311355
v -0.287160 0.235095 -1.310588
v -0.287082 0.239525 -1.309775
v -0.286999 0.244065 -1.308913
v -0.286911 0.248710 -1.308000
v -0.286817 0.253452 -1.307032
v -0.286718 0.258284 -1.306005
v -0.286612 0.263199 -1.304916
v -0.286499 0.268191 -1.303761
v -0.286379 0.273252 -1.302537
v -0.286252 0.278376 -1.301241
v -0.286117 0.283556 -1.299868
v -0.285974 0.288784 -1.298416
v -0.280992 0.281288 -1.250517
v -0.276714 0.274737 -1.209383
v -0.273080 0.269034 -1.174444
v -0.270030 0.264080 -1.145132
v -0.267507 0.259779 -1.120876
v -0.265450 0.256034 -1.101106
v -0.263800 0.252747 -1.085252
v -0.262497 0.249821 -1.072745
v -0.261484 0.247159 -1.063015
v -0.260699 0.244663 -1.055492
v -0.260085 0.242237 -1.049605
v -0.259581 0.239784 -1.044786
v -0.259468 0.243949 -1.043632
v -0.259325 0.248858 -1.042187
v -0.259157 0.254377 -1.040494
v -0.258969 0.260376 -1.038594
v -0.258763 0.266722 -1.036528
v -0.258545 0.273284 -1.034337
v -0.258319 0.279928 -1.032063
v -0.258088 0.286524 -1.029748
v -0.257857 0.292940 -1.027434
v -0.257630 0.299043 -1.025160
v -0.257411 0.304702 -1.022970
v -0.257204 0.309784 -1.020904
v -0.308010 0.118146 -1.513124
v -0.311583 0.107349 -1.547706
v -0.315214 0.095565 -1.582855
v -0.318865 0.082969 -1.618211
v -0.322499 0.069734 -1.653415
v -0.326080 0.056034 -1.688108
v -0.329569 0.042042 -1.721931
v -0.332932 0.027932 -1.754524
v -0.336129 0.013878 -1.785529
v -0.339124 0.000053 -1.814585
v -0.341881 -0.013370 -1.841335
v -0.344362 -0.026216 -1.865418
v -0.339735 -0.085216 -1.821662
v -0.337279 -0.071660 -1.797806
v -0.334542 -0.057605 -1.771239
v -0.331562 -0.043216 -1.742316
v -0.328374 -0.028660 -1.711394
v -0.325015 -0.014105 -1.678828
v -0.321522 0.000284 -1.644973
v -0.317932 0.014340 -1.610186
v -0.314282 0.027895 -1.574823
v -0.310608 0.040784 -1.539238
v -0.306946 0.052839 -1.503789
v -0.303334 0.063895 -1.468829
v -0.299808 0.073784 -1.434716
v -0.304531 0.127784 -1.479468
v -0.278490 0.181146 -1.227806
v -0.278770 0.162849 -1.230757
v -0.279043 0.144065 -1.233645
v -0.279305 0.124969 -1.236440
v -0.279554 0.105734 -1.239111
v -0.279788 0.086534 -1.241627
v -0.280002 0.067542 -1.243955
v -0.280194 0.048932 -1.246067
v -0.280361 0.030878 -1.247929
v -0.280500 0.013552 -1.249512
v -0.280609 -0.002870 -1.250783
v -0.280683 -0.018216 -1.251713
v -0.274678 -0.030216 -1.194025
v -0.274606 -0.014831 -1.193115
v -0.274504 0.001701 -1.191897
v -0.274373 0.019190 -1.190396
v -0.274217 0.037451 -1.188636
v -0.274037 0.056294 -1.186641
v -0.273836 0.075534 -1.184435
v -0.273616 0.094982 -1.182043
v -0.273379 0.114451 -1.179489
v -0.273128 0.133753 -1.176796
v -0.272864 0.152701 -1.173989
v -0.272590 0.171107 -1.171093
v -0.272308 0.188784 -1.168131
v -0.278206 0.198784 -1.224825
v -0.267430 0.163911 -1.121472
v -0.267065 0.141881 -1.118267
v -0.266671 0.119831 -1.114772
v -0.266248 0.097895 -1.111007
v -0.265800 0.076209 -1.106994
v -0.265329 0.054909 -1.102752
v -0.264838 0.034129 -1.098304
v -0.264327 0.014006 -1.093668
v -0.263801 -0.005325 -1.088867
v -0.263261 -0.023730 -1.083921
v -0.262710 -0.041072 -1.078850
v -0.262149 -0.057216 -1.073675
v -0.261782 -0.055408 -1.070108
v -0.261352 -0.053503 -1.065943
v -0.260872 -0.051528 -1.061288
v -0.260352 -0.049512 -1.056249
v -0.259803 -0.047482 -1.050934
v -0.259237 -0.045466 -1.045450
v -0.258664 -0.043491 -1.039904
v -0.258096 -0.041586 -1.034402
v -0.257544 -0.039778 -1.029053
v -0.257018 -0.038096 -1.023962
v -0.256530 -0.036566 -1.019238
v -0.256091 -0.035216 -1.014987
v -0.256711 -0.019384 -1.020749
v -0.257293 -0.002475 -1.026117
v -0.257837 0.015378 -1.031111
v -0.258346 0.034043 -1.035754
v -0.258821 0.053389 -1.040065
v -0.259265 0.073284 -1.044064
v -0.259680 0.093595 -1.047774
v -0.260067 0.114191 -1.051214
v -0.260428 0.134940 -1.054406
v -0.260766 0.155710 -1.057370
v -0.261081 0.176368 -1.060126
v -0.261378 0.196784 -1.062696
v -0.267762 0.185784 -1.124367
v -0.171754 0.324784 -0.197325
v -0.190542 0.324784 -0.378352
v -0.190638 0.391784 -0.378342
v -0.171850 0.391784 -0.197315
v -0.164728 0.391784 -0.128683
v -0.154818 0.391784 -0.033196
v -0.154908 0.454784 -0.033187
v -0.247812 0.454784 -0.928379
v -0.247722 0.391784 -0.928388
v -0.198070 0.391784 -0.449958
v -0.197634 0.087784 -0.450003
v -0.203217 0.093784 -0.503714
v -0.203130 0.032784 -0.503723
v -0.197546 0.025784 -0.450012
v -0.197394 -0.080216 -0.450028
v -0.189961 -0.080216 -0.378413
v -0.190100 0.016784 -0.378398
v -0.154738 -0.024216 -0.038231
v -0.154112 0.042784 -0.031259
v -0.164241 0.051784 -0.128734
v -0.240205 0.332784 -0.856782
v -0.244616 0.313784 -0.899555
v -0.243737 0.289428 -0.891419
v -0.242770 0.265853 -0.882436
v -0.241720 0.243049 -0.872632
v -0.240588 0.221006 -0.862029
v -0.239376 0.199713 -0.850653
v -0.238088 0.179159 -0.838528
v -0.236726 0.159334 -0.825677
v -0.235291 0.140228 -0.812124
v -0.233788 0.121831 -0.797895
v -0.232218 0.104131 -0.783013
v -0.230584 0.087119 -0.767502
v -0.228888 0.070784 -0.751387
v -0.230314 0.060974 -0.765271
v -0.231784 0.051552 -0.779562
v -0.233295 0.042534 -0.794255
v -0.234849 0.033932 -0.809340
v -0.236443 0.025761 -0.824813
v -0.238077 0.018034 -0.840665
v -0.239750 0.010765 -0.856890
v -0.241462 0.003969 -0.873482
v -0.243212 -0.002341 -0.890432
v -0.244999 -0.008151 -0.907735
v -0.246823 -0.013447 -0.925383
v -0.248683 -0.018216 -0.943369
v -0.248259 -0.021974 -0.939336
v -0.247825 -0.026197 -0.935220
v -0.247387 -0.030810 -0.931062
v -0.246949 -0.035734 -0.926905
v -0.246514 -0.040895 -0.922789
v -0.246088 -0.046216 -0.918755
v -0.245674 -0.051620 -0.914847
v -0.245278 -0.057031 -0.911104
v -0.244903 -0.062372 -0.907568
v -0.244555 -0.067568 -0.904281
v -0.244236 -0.072541 -0.901284
v -0.243953 -0.077216 -0.898618
v -0.242019 -0.071446 -0.879907
v -0.240126 -0.065142 -0.861575
v -0.238274 -0.058310 -0.843629
v -0.236463 -0.050957 -0.826078
v -0.234694 -0.043090 -0.808927
v -0.232969 -0.034716 -0.792183
v -0.231287 -0.025842 -0.775854
v -0.229650 -0.016475 -0.759946
v -0.228057 -0.006622 -0.744467
v -0.226511 0.003710 -0.729422
v -0.225011 0.014514 -0.714820
v -0.223559 0.025784 -0.700666
v -0.222029 0.014763 -0.686083
v -0.220469 0.004196 -0.671193
v -0.218879 -0.005919 -0.656020
v -0.217264 -0.015586 -0.640587
v -0.215624 -0.024809 -0.624920
v -0.213964 -0.033591 -0.609042
v -0.212285 -0.041935 -0.592977
v -0.210589 -0.049846 -0.576750
v -0.208880 -0.057325 -0.560385
v -0.207159 -0.064378 -0.543906
v -0.205430 -0.071007 -0.527336
v -0.203695 -0.077216 -0.510702
v -0.203497 -0.073021 -0.508742
v -0.203259 -0.068489 -0.506381
v -0.202985 -0.063700 -0.503675
v -0.202681 -0.058734 -0.500679
v -0.202353 -0.053671 -0.497448
v -0.202007 -0.048591 -0.494037
v -0.201647 -0.043573 -0.490502
v -0.201280 -0.038697 -0.486898
v -0.200911 -0.034044 -0.483280
v -0.200547 -0.029693 -0.479704
v -0.200191 -0.025724 -0.476224
v -0.199851 -0.022216 -0.472896
v -0.201482 -0.016987 -0.488537
v -0.203107 -0.011304 -0.504116
v -0.204724 -0.005169 -0.519612
v -0.206331 0.001414 -0.535004
v -0.207925 0.008441 -0.550271
v -0.209506 0.015909 -0.565394
v -0.211069 0.023815 -0.580351
v -0.212614 0.032154 -0.595121
v -0.214138 0.040925 -0.609684
v -0.215639 0.050122 -0.624018
v -0.217115 0.059743 -0.638104
v -0.218563 0.069784 -0.651921
v -0.217241 0.083511 -0.638988
v -0.215971 0.097687 -0.626549
v -0.214752 0.112300 -0.614600
v -0.213584 0.127339 -0.603138
v -0.212467 0.142796 -0.592159
v -0.211400 0.158659 -0.581660
v -0.210384 0.174918 -0.571638
v -0.209417 0.191562 -0.562089
v -0.208499 0.208581 -0.553010
v -0.207631 0.225964 -0.544397
v -0.206810 0.243702 -0.536246
v -0.206038 0.261784 -0.528555
v -0.208112 0.267784 -0.548447
v -0.201918 0.267784 -0.488768
v -0.202007 0.329784 -0.488759
v -0.238755 0.329784 -0.842857
v -0.224974 0.123950 -0.712936
v -0.226130 0.135446 -0.723914
v -0.227252 0.147268 -0.734560
v -0.228338 0.159413 -0.744853
v -0.229385 0.171878 -0.754774
v -0.230393 0.184659 -0.764300
v -0.231357 0.197752 -0.773413
v -0.232277 0.211154 -0.782090
v -0.233150 0.224862 -0.790311
v -0.233974 0.238872 -0.798056
v -0.234747 0.253180 -0.805303
v -0.235466 0.267784 -0.812032
v -0.212860 0.267784 -0.594202
v -0.213532 0.253180 -0.600876
v -0.214247 0.238872 -0.607965
v -0.215005 0.224862 -0.615469
v -0.215807 0.211154 -0.623387
v -0.216652 0.197752 -0.631719
v -0.217541 0.184659 -0.640465
v -0.218473 0.171878 -0.649627
v -0.219449 0.159413 -0.659202
v -0.220468 0.147268 -0.669192
v -0.221531 0.135446 -0.679596
v -0.222637 0.123950 -0.690415
v -0.223786 0.112784 -0.701648
v -0.171573 0.197784 -0.197343
v -0.190360 0.197784 -0.378371
v -0.190461 0.268784 -0.378361
v -0.171674 0.268784 -0.197333
v -0.171373 0.058784 -0.197364
v -0.190191 0.079784 -0.378389
v -0.190279 0.141784 -0.378380
v -0.171492 0.141784 -0.197352
v -0.227736 0.563783 -0.733410
v -0.227837 0.634783 -0.733399
v -0.175708 0.634783 -0.231097
v -0.175606 0.563783 -0.231107
v -0.227909 0.684783 -0.733392
v -0.228009 0.754783 -0.733381
v -0.175880 0.754783 -0.231079
v -0.175780 0.684783 -0.231089
v -0.235402 0.510783 -0.808017
v -0.168098 0.510783 -0.159500
v -0.168524 0.807783 -0.159456
v -0.235827 0.807783 -0.807973
v -0.227736 0.563783 -0.733410
v 0.070661 0.564215 -0.764377
v -0.227837 0.634783 -0.733399
v 0.070560 0.635215 -0.764367
v -0.175708 0.634783 -0.231097
v 0.122689 0.635215 -0.262065
v -0.175606 0.563783 -0.231107
v 0.122791 0.564215 -0.262075
v -0.227909 0.684783 -0.733392
v 0.070488 0.685215 -0.764360
v -0.228009 0.754783 -0.733381
v 0.070388 0.755215 -0.764349
v -0.175880 0.754783 -0.231079
v 0.122517 0.755215 -0.262047
v -0.175780 0.684783 -0.231089
v 0.122617 0.685215 -0.262057
v -0.235402 0.510783 -0.808017
v 0.062995 0.511216 -0.838985
v -0.168098 0.510783 -0.159500
v 0.130299 0.511216 -0.190468
v -0.168524 0.807783 -0.159456
v 0.129873 0.808215 -0.190424
v -0.235827 0.807783 -0.807973
v 0.062570 0.808215 -0.838941
v -0.171754 0.324784 -0.197325
v 0.126643 0.325216 -0.228292
v -0.190542 0.324784 -0.378352
v 0.107855 0.325216 -0.409320
v -0.190638 0.391784 -0.378342
v 0.107759 0.392216 -0.409310
v -0.171850 0.391784 -0.197315
v 0.126547 0.392216 -0.228282
v -0.164728 0.391784 -0.128683
v 0.133669 0.392216 -0.159651
v -0.154818 0.391784 -0.033196
v 0.143579 0.392216 -0.064164
v -0.154908 0.454784 -0.033187
v 0.143489 0.455216 -0.064154
v -0.247812 0.454784 -0.928379
v 0.050585 0.455216 -0.959347
v -0.247722 0.391784 -0.928388
v 0.050675 0.392216 -0.959356
v -0.198070 0.391784 -0.449958
v 0.100327 0.392216 -0.480926
v -0.197634 0.087784 -0.450003
v 0.100763 0.088216 -0.480971
v -0.203217 0.093784 -0.503714
v 0.095180 0.094216 -0.534681
v -0.203130 0.032784 -0.503723
v 0.095267 0.033216 -0.534690
v -0.197546 0.025784 -0.450012
v 0.100851 0.026216 -0.480980
v -0.197394 -0.080216 -0.450028
v 0.101003 -0.079784 -0.480996
v -0.189961 -0.080216 -0.378413
v 0.108436 -0.079784 -0.409380
v -0.190100 0.016784 -0.378398
v 0.108297 0.017216 -0.409366
v -0.154738 -0.024216 -0.038231
v 0.143659 -0.023784 -0.069199
v -0.154112 0.042784 -0.031259
v 0.144285 0.043216 -0.062226
v -0.164241 0.051784 -0.128734
v 0.134156 0.052216 -0.159702
v -0.240205 0.332784 -0.856782
v 0.058192 0.333216 -0.887749
v -0.244616 0.313784 -0.899555
v 0.053781 0.314216 -0.930523
v -0.243737 0.289428 -0.891419
v 0.054660 0.289860 -0.922386
v -0.242770 0.265853 -0.882436
v 0.055627 0.266285 -0.913404
v -0.241720 0.243049 -0.872632
v 0.056677 0.243481 -0.903600
v -0.240588 0.221006 -0.862029
v 0.057809 0.221438 -0.892997
v -0.239376 0.199713 -0.850653
v 0.059021 0.200145 -0.881621
v -0.238088 0.179159 -0.838528
v 0.060309 0.179591 -0.869496
v -0.236726 0.159334 -0.825677
v 0.061671 0.159766 -0.856644
v -0.235291 0.140228 -0.812124
v 0.063106 0.140660 -0.843092
v -0.233788 0.121831 -0.797895
v 0.064609 0.122263 -0.828863
v -0.232218 0.104131 -0.783013
v 0.066179 0.104563 -0.813981
v -0.230584 0.087119 -0.767502
v 0.067813 0.087551 -0.798470
v -0.228888 0.070784 -0.751387
v 0.069510 0.071216 -0.782355
v -0.230314 0.060974 -0.765271
v 0.068083 0.061406 -0.796239
v -0.231784 0.051552 -0.779562
v 0.066613 0.051984 -0.810530
v -0.233295 0.042534 -0.794255
v 0.065102 0.042966 -0.825222
v -0.234849 0.033932 -0.809340
v 0.063548 0.034364 -0.840308
v -0.236443 0.025761 -0.824813
v 0.061954 0.026193 -0.855781
v -0.238077 0.018034 -0.840665
v 0.060321 0.018466 -0.871633
v -0.239750 0.010765 -0.856890
v 0.058647 0.011197 -0.887858
v -0.241462 0.003969 -0.873482
v 0.056935 0.004401 -0.904450
v -0.243212 -0.002341 -0.890432
v 0.055185 -0.001909 -0.921400
v -0.244999 -0.008151 -0.907735
v 0.053398 -0.007719 -0.938703
v -0.246823 -0.013447 -0.925383
v 0.051574 -0.013015 -0.956351
v -0.248683 -0.018216 -0.943369
v 0.049714 -0.017784 -0.974337
v -0.248259 -0.021974 -0.939336
v 0.050138 -0.021542 -0.970304
v -0.247825 -0.026197 -0.935220
v 0.050572 -0.025765 -0.966187
v -0.247387 -0.030810 -0.931062
v 0.051010 -0.030378 -0.962030
v -0.246949 -0.035734 -0.926905
v 0.051448 -0.035302 -0.957872
v -0.246514 -0.040895 -0.922789
v 0.051883 -0.040463 -0.953756
v -0.246088 -0.046216 -0.918755
v 0.052309 -0.045784 -0.949723
v -0.245674 -0.051620 -0.914847
v 0.052723 -0.051188 -0.945814
v -0.245278 -0.057031 -0.911104
v 0.053119 -0.056599 -0.942071
v -0.244903 -0.062372 -0.907568
v 0.053494 -0.061940 -0.938536
v -0.244555 -0.067568 -0.904281
v 0.053842 -0.067136 -0.935249
v -0.244236 -0.072541 -0.901284
v 0.054161 -0.072109 -0.932252
v -0.243953 -0.077216 -0.898618
v 0.054444 -0.076784 -0.929586
v -0.242019 -0.071446 -0.879907
v 0.056378 -0.071014 -0.910874
v -0.240126 -0.065142 -0.861575
v 0.058271 -0.064710 -0.892542
v -0.238274 -0.058310 -0.843629
v 0.060123 -0.057878 -0.874597
v -0.236463 -0.050957 -0.826078
v 0.061934 -0.050525 -0.857046
v -0.234694 -0.043090 -0.808927
v 0.063703 -0.042658 -0.839895
v -0.232969 -0.034716 -0.792183
v 0.065428 -0.034284 -0.823151
v -0.231287 -0.025842 -0.775854
v 0.067110 -0.025410 -0.806822
v -0.229650 -0.016475 -0.759946
v 0.068748 -0.016043 -0.790914
v -0.228057 -0.006622 -0.744467
v 0.070340 -0.006190 -0.775435
v -0.226511 0.003710 -0.729422
v 0.071886 0.004142 -0.760390
v -0.225011 0.014514 -0.714820
v 0.073386 0.014946 -0.745787
v -0.223559 0.025784 -0.700666
v 0.074838 0.026216 -0.731634
v -0.222029 0.014763 -0.686083
v 0.076368 0.015195 -0.717051
v -0.220469 0.004196 -0.671193
v 0.077928 0.004628 -0.702161
v -0.218879 -0.005919 -0.656020
v 0.079518 -0.005487 -0.686988
v -0.217264 -0.015586 -0.640587
v 0.081133 -0.015154 -0.671555
v -0.215624 -0.024809 -0.624920
v 0.082773 -0.024377 -0.655888
v -0.213964 -0.033591 -0.609042
v 0.084433 -0.033159 -0.640010
v -0.212285 -0.041935 -0.592977
v 0.086113 -0.041503 -0.623945
v -0.210589 -0.049846 -0.576750
v 0.087808 -0.049414 -0.607718
v -0.208880 -0.057325 -0.560385
v 0.089517 -0.056893 -0.591353
v -0.207159 -0.064378 -0.543906
v 0.091238 -0.063946 -0.574873
v -0.205430 -0.071007 -0.527336
v 0.092967 -0.070575 -0.558304
v -0.203695 -0.077216 -0.510702
v 0.094702 -0.076784 -0.541669
v -0.203497 -0.073021 -0.508742
v 0.094900 -0.072589 -0.539710
v -0.203259 -0.068489 -0.506381
v 0.095138 -0.068057 -0.537349
v -0.202985 -0.063700 -0.503675
v 0.095412 -0.063268 -0.534643
v -0.202681 -0.058734 -0.500679
v 0.095716 -0.058302 -0.531647
v -0.202353 -0.053671 -0.497448
v 0.096044 -0.053239 -0.528415
v -0.202007 -0.048591 -0.494037
v 0.096390 -0.048159 -0.525005
v -0.201647 -0.043573 -0.490502
v 0.096750 -0.043141 -0.521470
v -0.201280 -0.038697 -0.486898
v 0.097117 -0.038265 -0.517866
v -0.200911 -0.034044 -0.483280
v 0.097486 -0.033612 -0.514248
v -0.200547 -0.029693 -0.479704
v 0.097850 -0.029261 -0.510671
v -0.200191 -0.025724 -0.476224
v 0.098206 -0.025291 -0.507192
v -0.199851 -0.022216 -0.472896
v 0.098546 -0.021784 -0.503864
v -0.201482 -0.016987 -0.488537
v 0.096915 -0.016555 -0.519505
v -0.203107 -0.011304 -0.504116
v 0.095290 -0.010872 -0.535084
v -0.204724 -0.005169 -0.519612
v 0.093673 -0.004737 -0.550580
v -0.206331 0.001414 -0.535004
v 0.092066 0.001846 -0.565972
v -0.207925 0.008441 -0.550271
v 0.090472 0.008873 -0.581239
v -0.209506 0.015909 -0.565394
v 0.088891 0.016341 -0.596362
v -0.211069 0.023815 -0.580351
v 0.087328 0.024247 -0.611318
v -0.212614 0.032154 -0.595121
v 0.085783 0.032586 -0.626089
v -0.214138 0.040925 -0.609684
v 0.084259 0.041357 -0.640651
v -0.215639 0.050122 -0.624018
v 0.082758 0.050554 -0.654986
v -0.217115 0.059743 -0.638104
v 0.081282 0.060175 -0.669072
v -0.218563 0.069784 -0.651921
v 0.079834 0.070216 -0.682889
v -0.217241 0.083511 -0.638988
v 0.081156 0.083943 -0.669956
v -0.215971 0.097687 -0.626549
v 0.082426 0.098119 -0.657516
v -0.214752 0.112300 -0.614600
v 0.083645 0.112732 -0.645567
v -0.213584 0.127339 -0.603138
v 0.084813 0.127771 -0.634105
v -0.212467 0.142796 -0.592159
v 0.085930 0.143228 -0.623127
v -0.211400 0.158659 -0.581660
v 0.086997 0.159091 -0.612628
v -0.210384 0.174918 -0.571638
v 0.088013 0.175350 -0.602606
v -0.209417 0.191562 -0.562089
v 0.088980 0.191994 -0.593057
v -0.208499 0.208581 -0.553010
v 0.089898 0.209013 -0.583978
v -0.207631 0.225964 -0.544397
v 0.090766 0.226396 -0.575364
v -0.206810 0.243702 -0.536246
v 0.091587 0.244134 -0.567214
v -0.206038 0.261784 -0.528555
v 0.092359 0.262216 -0.559523
v -0.208112 0.267784 -0.548447
v 0.090285 0.268216 -0.579415
v -0.201918 0.267784 -0.488768
v 0.096479 0.268216 -0.519736
v -0.202007 0.329784 -0.488759
v 0.096390 0.330216 -0.519726
v -0.238755 0.329784 -0.842857
v 0.059642 0.330216 -0.873825
v -0.224974 0.123950 -0.712936
v 0.073423 0.124382 -0.743904
v -0.226130 0.135446 -0.723914
v 0.072267 0.135878 -0.754882
v -0.227252 0.147268 -0.734560
v 0.071145 0.147700 -0.765527
v -0.228338 0.159413 -0.744853
v 0.070059 0.159845 -0.775821
v -0.229385 0.171878 -0.754774
v 0.069012 0.172310 -0.785742
v -0.230393 0.184659 -0.764300
v 0.068004 0.185091 -0.795268
v -0.231357 0.197752 -0.773413
v 0.067040 0.198184 -0.804381
v -0.232277 0.211154 -0.782090
v 0.066120 0.211586 -0.813058
v -0.233150 0.224862 -0.790311
v 0.065247 0.225294 -0.821279
v -0.233974 0.238872 -0.798056
v 0.064423 0.239304 -0.829023
v -0.234747 0.253180 -0.805303
v 0.063650 0.253612 -0.836271
v -0.235466 0.267784 -0.812032
v 0.062931 0.268216 -0.843000
v -0.212860 0.267784 -0.594202
v 0.085537 0.268216 -0.625169
v -0.213532 0.253180 -0.600876
v 0.084866 0.253612 -0.631844
v -0.214247 0.238872 -0.607965
v 0.084151 0.239304 -0.638933
v -0.215005 0.224862 -0.615469
v 0.083392 0.225294 -0.646437
v -0.215807 0.211154 -0.623387
v 0.082590 0.211586 -0.654354
v -0.216652 0.197752 -0.631719
v 0.081745 0.198184 -0.662687
v -0.217541 0.184659 -0.640465
v 0.080856 0.185091 -0.671433
v -0.218473 0.171878 -0.649627
v 0.079924 0.172310 -0.680594
v -0.219449 0.159413 -0.659202
v 0.078948 0.159845 -0.690170
v -0.220468 0.147268 -0.669192
v 0.077929 0.147700 -0.700160
v -0.221531 0.135446 -0.679596
v 0.076866 0.135878 -0.710564
v -0.222637 0.123950 -0.690415
v 0.075760 0.124382 -0.721382
v -0.223786 0.112784 -0.701648
v 0.074611 0.113216 -0.732615
v -0.171573 0.197784 -0.197343
v 0.126825 0.198216 -0.228311
v -0.190360 0.197784 -0.378371
v 0.108037 0.198216 -0.409339
v -0.190461 0.268784 -0.378361
v 0.107936 0.269216 -0.409328
v -0.171674 0.268784 -0.197333
v 0.126723 0.269216 -0.228301
v -0.171373 0.058784 -0.197364
v 0.127024 0.059216 -0.228332
v -0.190191 0.079784 -0.378389
v 0.108206 0.080216 -0.409357
v -0.190279 0.141784 -0.378380
v 0.108118 0.142216 -0.409347
v -0.171492 0.141784 -0.197352
v 0.126905 0.142216 -0.228320
v -0.317978 0.304156 -1.606579
v -0.019581 0.304588 -1.637547
v -0.319858 0.295848 -1.624810
v -0.021461 0.296281 -1.655778
v -0.321768 0.286971 -1.643345
v -0.023371 0.287403 -1.674313
v -0.323689 0.277636 -1.661984
v -0.025292 0.278068 -1.692952
v -0.325599 0.267953 -1.680526
v -0.027202 0.268385 -1.711493
v -0.327479 0.258034 -1.698771
v -0.029082 0.258466 -1.729738
v -0.329306 0.247990 -1.716518
v -0.030909 0.248422 -1.747486
v -0.331061 0.237932 -1.733568
v -0.032664 0.238364 -1.764536
v -0.332723 0.227971 -1.749720
v -0.034326 0.228403 -1.780688
v -0.334271 0.218219 -1.764774
v -0.035874 0.218651 -1.795742
v -0.335685 0.208786 -1.778529
v -0.037288 0.209218 -1.809497
v -0.336944 0.199784 -1.790785
v -0.038547 0.200216 -1.821753
v -0.332121 0.147784 -1.745039
v -0.033724 0.148216 -1.776006
v -0.330864 0.157075 -1.732802
v -0.032467 0.157507 -1.763770
v -0.329456 0.166863 -1.719097
v -0.031059 0.167295 -1.750064
v -0.327916 0.177018 -1.704114
v -0.029519 0.177450 -1.735081
v -0.326263 0.187413 -1.688043
v -0.027866 0.187845 -1.719010
v -0.324517 0.197920 -1.671074
v -0.026120 0.198352 -1.702042
v -0.322698 0.208409 -1.653397
v -0.024301 0.208841 -1.684365
v -0.320825 0.218752 -1.635202
v -0.022427 0.219184 -1.666170
v -0.318917 0.228821 -1.616679
v -0.020520 0.229253 -1.647647
v -0.316994 0.238487 -1.598018
v -0.018597 0.238919 -1.628986
v -0.315076 0.247622 -1.579409
v -0.016679 0.248054 -1.610376
v -0.313182 0.256097 -1.561041
v -0.014785 0.256529 -1.592009
v -0.311332 0.263784 -1.543106
v -0.012935 0.264216 -1.574074
v -0.316149 0.311784 -1.588853
v -0.017752 0.312216 -1.619821
v -0.308010 0.118146 -1.513124
v -0.009613 0.118578 -1.544092
v -0.311583 0.107349 -1.547706
v -0.013186 0.107781 -1.578674
v -0.315214 0.095565 -1.582855
v -0.016817 0.095997 -1.613823
v -0.318865 0.082969 -1.618211
v -0.020468 0.083401 -1.649179
v -0.322499 0.069734 -1.653415
v -0.024102 0.070166 -1.684383
v -0.326080 0.056034 -1.688108
v -0.027683 0.056466 -1.719076
v -0.329569 0.042042 -1.721931
v -0.031172 0.042474 -1.752899
v -0.332932 0.027932 -1.754524
v -0.034535 0.028364 -1.785492
v -0.336129 0.013878 -1.785529
v -0.037732 0.014310 -1.816496
v -0.339124 0.000053 -1.814585
v -0.040727 0.000485 -1.845553
v -0.341881 -0.013370 -1.841335
v -0.043484 -0.012938 -1.872303
v -0.344362 -0.026216 -1.865418
v -0.045965 -0.025784 -1.896386
v -0.339735 -0.085216 -1.821662
v -0.041338 -0.084784 -1.852630
v -0.337279 -0.071660 -1.797806
v -0.038882 -0.071228 -1.828774
v -0.334542 -0.057605 -1.771239
v -0.036145 -0.057173 -1.802207
v -0.331562 -0.043216 -1.742316
v -0.033165 -0.042784 -1.773284
v -0.328374 -0.028660 -1.711394
v -0.029977 -0.028228 -1.742362
v -0.325015 -0.014105 -1.678828
v -0.026618 -0.013673 -1.709795
v -0.321522 0.000284 -1.644973
v -0.023125 0.000716 -1.675941
v -0.317932 0.014340 -1.610186
v -0.019535 0.014772 -1.641154
v -0.314282 0.027895 -1.574823
v -0.015885 0.028327 -1.605790
v -0.310608 0.040784 -1.539238
v -0.012211 0.041216 -1.570206
v -0.306946 0.052839 -1.503789
v -0.008549 0.053272 -1.534756
v -0.303334 0.063895 -1.468829
v -0.004937 0.064327 -1.499797
v -0.299808 0.073784 -1.434716
v -0.001411 0.074216 -1.465684
v -0.304531 0.127784 -1.479468
v -0.006134 0.128216 -1.510436
v -0.278490 0.181146 -1.227806
v 0.019907 0.181578 -1.258774
v -0.278770 0.162849 -1.230757
v 0.019627 0.163281 -1.261725
v -0.279043 0.144065 -1.233645
v 0.019354 0.144497 -1.264613
v -0.279305 0.124969 -1.236440
v 0.019092 0.125401 -1.267408
v -0.279554 0.105734 -1.239111
v 0.018843 0.106166 -1.270079
v -0.279788 0.086534 -1.241627
v 0.018609 0.086966 -1.272594
v -0.280002 0.067542 -1.243955
v 0.018395 0.067974 -1.274923
v -0.280194 0.048932 -1.246067
v 0.018203 0.049364 -1.277034
v -0.280361 0.030878 -1.247929
v 0.018036 0.031310 -1.278897
v -0.280500 0.013552 -1.249512
v 0.017897 0.013985 -1.280480
v -0.280609 -0.002870 -1.250783
v 0.017789 -0.002438 -1.281751
v -0.280683 -0.018216 -1.251713
v 0.017714 -0.017784 -1.282681
v -0.274678 -0.030216 -1.194025
v 0.023719 -0.029784 -1.224992
v -0.274606 -0.014831 -1.193115
v 0.023791 -0.014399 -1.224082
v -0.274504 0.001701 -1.191897
v 0.023893 0.002133 -1.222865
v -0.274373 0.019190 -1.190396
v 0.024024 0.019622 -1.221364
v -0.274217 0.037451 -1.188636
v 0.024180 0.037883 -1.219604
v -0.274037 0.056294 -1.186641
v 0.024360 0.056726 -1.217609
v -0.273836 0.075534 -1.184435
v 0.024561 0.075966 -1.215403
v -0.273616 0.094982 -1.182043
v 0.024781 0.095414 -1.213011
v -0.273379 0.114451 -1.179489
v 0.025018 0.114883 -1.210456
v -0.273128 0.133753 -1.176796
v 0.025269 0.134185 -1.207764
v -0.272864 0.152701 -1.173989
v 0.025533 0.153133 -1.204957
v -0.272590 0.171107 -1.171093
v 0.025807 0.171539 -1.202061
v -0.272308 0.188784 -1.168131
v 0.026089 0.189216 -1.199099
v -0.278206 0.198784 -1.224825
v 0.020191 0.199216 -1.255793
v -0.267430 0.163911 -1.121472
v 0.030967 0.164343 -1.152440
v -0.267065 0.141881 -1.118267
v 0.031332 0.142313 -1.149235
v -0.266671 0.119831 -1.114772
v 0.031726 0.120263 -1.145740
v -0.266248 0.097895 -1.111007
v 0.032149 0.098327 -1.141975
v -0.265800 0.076209 -1.106994
v 0.032597 0.076641 -1.137961
v -0.265329 0.054909 -1.102752
v 0.033068 0.055341 -1.133720
v -0.264838 0.034129 -1.098304
v 0.033559 0.034561 -1.129271
v -0.264327 0.014006 -1.093668
v 0.034070 0.014438 -1.124636
v -0.263801 -0.005325 -1.088867
v 0.034596 -0.004893 -1.119835
v -0.263261 -0.023730 -1.083921
v 0.035136 -0.023298 -1.114888
v -0.262710 -0.041072 -1.078850
v 0.035687 -0.040640 -1.109818
v -0.262149 -0.057216 -1.073675
v 0.036248 -0.056784 -1.104643
v -0.261782 -0.055408 -1.070108
v 0.036615 -0.054976 -1.101076
v -0.261352 -0.053503 -1.065943
v 0.037045 -0.053071 -1.096911
v -0.260872 -0.051528 -1.061288
v 0.037525 -0.051096 -1.092255
v -0.260352 -0.049512 -1.056249
v 0.038045 -0.049080 -1.087217
v -0.259803 -0.047482 -1.050934
v 0.038594 -0.047050 -1.081902
v -0.259237 -0.045466 -1.045450
v 0.039160 -0.045034 -1.076418
v -0.258664 -0.043491 -1.039904
v 0.039733 -0.043059 -1.070871
v -0.258096 -0.041586 -1.034402
v 0.040301 -0.041154 -1.065370
v -0.257544 -0.039778 -1.029053
v 0.040853 -0.039346 -1.060021
v -0.257018 -0.038096 -1.023962
v 0.041379 -0.037664 -1.054930
v -0.256530 -0.036566 -1.019238
v 0.041867 -0.036133 -1.050206
v -0.256091 -0.035216 -1.014987
v 0.042306 -0.034784 -1.045955
v -0.256711 -0.019384 -1.020749
v 0.041686 -0.018952 -1.051716
v -0.257293 -0.002475 -1.026117
v 0.041104 -0.002043 -1.057084
v -0.257837 0.015378 -1.031111
v 0.040560 0.015810 -1.062079
v -0.258346 0.034043 -1.035754
v 0.040051 0.034475 -1.066721
v -0.258821 0.053389 -1.040065
v 0.039576 0.053821 -1.071032
v -0.259265 0.073284 -1.044064
v 0.039132 0.073716 -1.075032
v -0.259680 0.093595 -1.047774
v 0.038717 0.094027 -1.078742
v -0.260067 0.114191 -1.051214
v 0.038330 0.114623 -1.082182
v -0.260428 0.134940 -1.054406
v 0.037969 0.135372 -1.085374
v -0.260766 0.155710 -1.057370
v 0.037632 0.156142 -1.088337
v -0.261081 0.176368 -1.060126
v 0.037316 0.176800 -1.091094
v -0.261378 0.196784 -1.062696
v 0.037019 0.197216 -1.093664
v -0.267762 0.185784 -1.124367
v 0.030635 0.186216 -1.155334
v -0.288933 0.207935 -1.328052
v 0.009464 0.208367 -1.359019
v -0.289510 0.192492 -1.333833
v 0.008887 0.192924 -1.364801
v -0.290084 0.176612 -1.339587
v 0.008313 0.177044 -1.370555
v -0.290650 0.160451 -1.345258
v 0.007747 0.160883 -1.376226
v -0.291200 0.144164 -1.350791
v 0.007197 0.144596 -1.381759
v -0.291731 0.127909 -1.356130
v 0.006666 0.128341 -1.387098
v -0.292236 0.111841 -1.361221
v 0.006161 0.112273 -1.392189
v -0.292710 0.096117 -1.366008
v 0.005687 0.096549 -1.396976
v -0.293147 0.080893 -1.370436
v 0.005250 0.081325 -1.401403
v -0.293543 0.066326 -1.374449
v 0.004854 0.066758 -1.405416
v -0.293891 0.052570 -1.377992
v 0.004507 0.053002 -1.408960
v -0.294185 0.039784 -1.381010
v 0.004212 0.040216 -1.411978
v -0.288377 0.020784 -1.325312
v 0.010020 0.021216 -1.356280
v -0.288108 0.033610 -1.322542
v 0.010289 0.034042 -1.353510
v -0.287787 0.047474 -1.319248
v 0.010610 0.047906 -1.350216
v -0.287417 0.062206 -1.315483
v 0.010980 0.062638 -1.346451
v -0.287006 0.077636 -1.311305
v 0.011391 0.078068 -1.342272
v -0.286558 0.093594 -1.306766
v 0.011839 0.094026 -1.337734
v -0.286079 0.109909 -1.301924
v 0.012318 0.110341 -1.332892
v -0.285575 0.126412 -1.296833
v 0.012822 0.126844 -1.327801
v -0.285050 0.142932 -1.291549
v 0.013347 0.143364 -1.322517
v -0.284511 0.159299 -1.286127
v 0.013886 0.159731 -1.317094
v -0.283963 0.175344 -1.280621
v 0.014434 0.175776 -1.311589
v -0.283411 0.190895 -1.275089
v 0.014986 0.191328 -1.306056
v -0.282862 0.205784 -1.269584
v 0.015535 0.206216 -1.300551
v -0.288357 0.222784 -1.322298
v 0.010040 0.223216 -1.353266
v -0.313061 0.646596 -1.554423
v -0.014664 0.647028 -1.585391
v -0.313847 0.633538 -1.562184
v -0.015450 0.633970 -1.593152
v -0.314670 0.620611 -1.570297
v -0.016273 0.621044 -1.601265
v -0.315529 0.607820 -1.578752
v -0.017132 0.608252 -1.609720
v -0.316423 0.595168 -1.587538
v -0.018026 0.595600 -1.618506
v -0.317350 0.582658 -1.596646
v -0.018953 0.583090 -1.627613
v -0.318310 0.570294 -1.606064
v -0.019912 0.570726 -1.637032
v -0.319300 0.558080 -1.615783
v -0.020903 0.558512 -1.646750
v -0.320322 0.546018 -1.625792
v -0.021925 0.546450 -1.656759
v -0.321372 0.534112 -1.636080
v -0.022975 0.534544 -1.667048
v -0.322451 0.522366 -1.646638
v -0.024054 0.522798 -1.677606
v -0.323557 0.510783 -1.657455
v -0.025160 0.511216 -1.688423
v -0.324795 0.522658 -1.669222
v -0.026398 0.523090 -1.700190
v -0.325999 0.534779 -1.680651
v -0.027602 0.535211 -1.711619
v -0.327167 0.547143 -1.691734
v -0.028770 0.547575 -1.722702
v -0.328299 0.559746 -1.702465
v -0.029902 0.560178 -1.733433
v -0.329394 0.572586 -1.712837
v -0.030997 0.573018 -1.743805
v -0.330451 0.585658 -1.722842
v -0.032054 0.586090 -1.753810
v -0.331470 0.598960 -1.732475
v -0.033073 0.599392 -1.763443
v -0.332450 0.612487 -1.741728
v -0.034053 0.612919 -1.772696
v -0.333390 0.626236 -1.750594
v -0.034993 0.626669 -1.781561
v -0.334289 0.640205 -1.759066
v -0.035892 0.640637 -1.790033
v -0.335148 0.654388 -1.767137
v -0.036750 0.654820 -1.798105
v -0.335964 0.668783 -1.774801
v -0.037567 0.669215 -1.805769
v -0.312944 0.668783 -1.552992
v -0.014547 0.669215 -1.583960
v -0.312312 0.659783 -1.547026
v -0.013915 0.660215 -1.577994
v -0.321494 0.821243 -1.633247
v -0.023097 0.821675 -1.664215
v -0.321135 0.813630 -1.629891
v -0.022738 0.814062 -1.660859
v -0.320767 0.805955 -1.626452
v -0.022370 0.806387 -1.657420
v -0.320390 0.798228 -1.622931
v -0.021993 0.798660 -1.653898
v -0.320005 0.790459 -1.619326
v -0.021608 0.790891 -1.650294
v -0.319611 0.782658 -1.615639
v -0.021214 0.783090 -1.646607
v -0.319208 0.774837 -1.611869
v -0.020811 0.775269 -1.642836
v -0.318797 0.767006 -1.608015
v -0.020400 0.767438 -1.638983
v -0.318377 0.759174 -1.604079
v -0.019980 0.759606 -1.635047
v -0.317949 0.751353 -1.600061
v -0.019552 0.751785 -1.631028
v -0.317512 0.743552 -1.595959
v -0.019115 0.743984 -1.626926
v -0.317066 0.735783 -1.591774
v -0.018669 0.736215 -1.622742
v -0.340086 0.735783 -1.813583
v -0.041688 0.736215 -1.844550
v -0.341432 0.738783 -1.826513
v -0.043035 0.739215 -1.857480
v -0.346141 0.711783 -1.872271
v -0.047744 0.712215 -1.903239
v -0.345061 0.688054 -1.862188
v -0.046664 0.688486 -1.893155
v -0.343902 0.664867 -1.851344
v -0.045505 0.665299 -1.882312
v -0.342668 0.642221 -1.839769
v -0.044271 0.642653 -1.870736
v -0.341361 0.620117 -1.827488
v -0.042964 0.620549 -1.858456
v -0.339985 0.598554 -1.814531
v -0.041588 0.598986 -1.845499
v -0.338543 0.577533 -1.800924
v -0.040146 0.577965 -1.831892
v -0.337036 0.557054 -1.786696
v -0.038639 0.557486 -1.817664
v -0.335469 0.537117 -1.771873
v -0.037072 0.537549 -1.802841
v -0.333844 0.517721 -1.756485
v -0.035447 0.518153 -1.787452
v -0.332164 0.498867 -1.740557
v -0.033767 0.499299 -1.771524
v -0.330431 0.480554 -1.724118
v -0.032034 0.480986 -1.755085
v -0.328649 0.462784 -1.707195
v -0.030252 0.463216 -1.738163
v -0.330457 0.447518 -1.724827
v -0.032060 0.447950 -1.755795
v -0.332310 0.432742 -1.742887
v -0.033913 0.433174 -1.773855
v -0.334205 0.418487 -1.761348
v -0.035808 0.418919 -1.792316
v -0.336140 0.404784 -1.780182
v -0.037743 0.405216 -1.811150
v -0.338111 0.391664 -1.799361
v -0.039714 0.392096 -1.830329
v -0.340117 0.379159 -1.818858
v -0.041720 0.379591 -1.849826
v -0.342153 0.367299 -1.838644
v -0.043756 0.367731 -1.869612
v -0.344217 0.356117 -1.858693
v -0.045820 0.356549 -1.889661
v -0.346307 0.345643 -1.878977
v -0.047910 0.346075 -1.909945
v -0.348420 0.335909 -1.899468
v -0.050023 0.336341 -1.930436
v -0.350552 0.326945 -1.920139
v -0.052155 0.327377 -1.951106
v -0.352701 0.318784 -1.940961
v -0.054304 0.319216 -1.971929
v -0.352247 0.315024 -1.936640
v -0.053850 0.315456 -1.967607
v -0.351777 0.310793 -1.932167
v -0.053380 0.311225 -1.963134
v -0.351296 0.306159 -1.927597
v -0.052899 0.306591 -1.958565
v -0.350810 0.301191 -1.922986
v -0.052413 0.301623 -1.953954
v -0.350326 0.295960 -1.918389
v -0.051929 0.296392 -1.949356
v -0.349848 0.290534 -1.913861
v -0.051451 0.290966 -1.944828
v -0.349383 0.284983 -1.909457
v -0.050986 0.285415 -1.940424
v -0.348936 0.279376 -1.905233
v -0.050539 0.279808 -1.936200
v -0.348514 0.273784 -1.901243
v -0.050117 0.274216 -1.932211
v -0.348122 0.268274 -1.897544
v -0.049725 0.268707 -1.928512
v -0.347766 0.262918 -1.894190
v -0.049369 0.263350 -1.925158
v -0.347452 0.257784 -1.891237
v -0.049055 0.258216 -1.922205
v -0.345307 0.267156 -1.870434
v -0.046910 0.267588 -1.901401
v -0.343182 0.277261 -1.849813
v -0.044785 0.277693 -1.880781
v -0.341078 0.288081 -1.829393
v -0.042681 0.288513 -1.860361
v -0.338998 0.299599 -1.809190
v -0.040601 0.300031 -1.840158
v -0.336943 0.311797 -1.789222
v -0.038546 0.312229 -1.820190
v -0.334916 0.324659 -1.769506
v -0.036519 0.325091 -1.800474
v -0.332917 0.338166 -1.750059
v -0.034520 0.338598 -1.781027
v -0.330949 0.352302 -1.730899
v -0.032552 0.352734 -1.761867
v -0.329014 0.367049 -1.712042
v -0.030617 0.367481 -1.743010
v -0.327112 0.382390 -1.693507
v -0.028715 0.382822 -1.724475
v -0.325247 0.398307 -1.675310
v -0.026850 0.398739 -1.706278
v -0.323419 0.414784 -1.657469
v -0.025022 0.415216 -1.688437
v -0.321494 0.399285 -1.639137
v -0.023097 0.399717 -1.670105
v -0.319534 0.384297 -1.620460
v -0.021137 0.384729 -1.651427
v -0.317542 0.369830 -1.601464
v -0.019145 0.370262 -1.632432
v -0.315520 0.355895 -1.582179
v -0.017123 0.356327 -1.613146
v -0.313472 0.342501 -1.562631
v -0.015075 0.342933 -1.593598
v -0.311400 0.329659 -1.542847
v -0.013003 0.330091 -1.573815
v -0.309308 0.317379 -1.522857
v -0.010911 0.317811 -1.553825
v -0.307198 0.305673 -1.502687
v -0.008801 0.306105 -1.533655
v -0.305073 0.294549 -1.482365
v -0.006676 0.294981 -1.513333
v -0.302936 0.284020 -1.461918
v -0.004539 0.284452 -1.492886
v -0.300789 0.274094 -1.441375
v -0.002392 0.274527 -1.472343
v -0.298637 0.264784 -1.420763
v -0.000240 0.265216 -1.451731
v -0.298382 0.269497 -1.418247
v 0.000015 0.269929 -1.449214
v -0.298076 0.274571 -1.415226
v 0.000321 0.275003 -1.446194
v -0.297726 0.279909 -1.411778
v 0.000671 0.280341 -1.442745
v -0.297339 0.285413 -1.407977
v 0.001058 0.285845 -1.438944
v -0.296924 0.290987 -1.403899
v 0.001473 0.291419 -1.434867
v -0.296488 0.296534 -1.399622
v 0.001909 0.296966 -1.430589
v -0.296039 0.301955 -1.395220
v 0.002358 0.302387 -1.426187
v -0.295585 0.307154 -1.390770
v 0.002812 0.307586 -1.421737
v -0.295133 0.312034 -1.386347
v 0.003264 0.312466 -1.417315
v -0.294692 0.316497 -1.382028
v 0.003706 0.316929 -1.412996
v -0.294268 0.320446 -1.377889
v 0.004129 0.320878 -1.408857
v -0.293869 0.323784 -1.374005
v 0.004528 0.324216 -1.404973
v -0.296021 0.332344 -1.394617
v 0.002376 0.332776 -1.425584
v -0.298165 0.341520 -1.415152
v 0.000232 0.341952 -1.446120
v -0.300299 0.351299 -1.435577
v -0.001902 0.351731 -1.466545
v -0.302419 0.361672 -1.455856
v -0.004022 0.362105 -1.486824
v -0.304521 0.372629 -1.475956
v -0.006124 0.373061 -1.506924
v -0.306601 0.384159 -1.495842
v -0.008204 0.384591 -1.526810
v -0.308657 0.396251 -1.515479
v -0.010260 0.396683 -1.546447
v -0.310683 0.408895 -1.534832
v -0.012286 0.409327 -1.565800
v -0.312678 0.422080 -1.553868
v -0.014281 0.422512 -1.584836
v -0.314637 0.435797 -1.572552
v -0.016240 0.436229 -1.603519
v -0.316556 0.450035 -1.590848
v -0.018159 0.450467 -1.621816
v -0.318433 0.464784 -1.608723
v -0.020036 0.465216 -1.639691
v -0.317451 0.475616 -1.599108
v -0.019053 0.476048 -1.630075
v -0.316486 0.486608 -1.589665
v -0.018089 0.487040 -1.620633
v -0.315541 0.497752 -1.580402
v -0.017144 0.498184 -1.611369
v -0.314616 0.509043 -1.571325
v -0.016219 0.509475 -1.602293
v -0.313710 0.520472 -1.562442
v -0.015313 0.520904 -1.593409
v -0.312826 0.532033 -1.553758
v -0.014429 0.532465 -1.584726
v -0.311963 0.543720 -1.545283
v -0.013566 0.544152 -1.576250
v -0.311123 0.555524 -1.537021
v -0.012726 0.555956 -1.567989
v -0.310306 0.567440 -1.528980
v -0.011909 0.567872 -1.559948
v -0.309512 0.579459 -1.521167
v -0.011115 0.579891 -1.552135
v -0.308743 0.591576 -1.513589
v -0.010346 0.592008 -1.544557
v -0.308000 0.603783 -1.506253
v -0.009603 0.604215 -1.537221
v -0.307258 0.594826 -1.499228
v -0.008861 0.595258 -1.530196
v -0.306502 0.585955 -1.492072
v -0.008105 0.586387 -1.523040
v -0.305732 0.577174 -1.484779
v -0.007335 0.577606 -1.515746
v -0.304948 0.568487 -1.477340
v -0.006551 0.568919 -1.508307
v -0.304148 0.559897 -1.469748
v -0.005751 0.560329 -1.500716
v -0.303331 0.551408 -1.461998
v -0.004934 0.551840 -1.492966
v -0.302497 0.543024 -1.454083
v -0.004100 0.543456 -1.485051
v -0.301646 0.534746 -1.445994
v -0.003249 0.535178 -1.476962
v -0.300776 0.526580 -1.437726
v -0.002379 0.527012 -1.468694
v -0.299887 0.518529 -1.429272
v -0.001490 0.518961 -1.460240
v -0.298978 0.510595 -1.420624
v -0.000581 0.511027 -1.451591
v -0.298048 0.502783 -1.411776
v 0.000349 0.503215 -1.442743
v -0.297741 0.506668 -1.408763
v 0.000656 0.507100 -1.439730
v -0.297383 0.510779 -1.405249
v 0.001014 0.511211 -1.436217
v -0.296981 0.515049 -1.401314
v 0.001417 0.515481 -1.432282
v -0.296543 0.519413 -1.397037
v 0.001854 0.519845 -1.428005
v -0.296078 0.523805 -1.392498
v 0.002319 0.524237 -1.423466
v -0.295594 0.528158 -1.387775
v 0.002803 0.528590 -1.418743
v -0.295100 0.532408 -1.382950
v 0.003297 0.532840 -1.413917
v -0.294602 0.536487 -1.378099
v 0.003795 0.536919 -1.409067
v -0.294110 0.540330 -1.373305
v 0.004287 0.540762 -1.404272
v -0.293632 0.543871 -1.368645
v 0.004765 0.544303 -1.399612
v -0.293175 0.547044 -1.364199
v 0.005222 0.547476 -1.395166
v -0.292748 0.549783 -1.360046
v 0.005649 0.550215 -1.391014
v -0.295315 0.571607 -1.384474
v 0.003082 0.572039 -1.415442
v -0.297741 0.594459 -1.407534
v 0.000656 0.594891 -1.438502
v -0.300027 0.618158 -1.429227
v -0.001630 0.618590 -1.460195
v -0.302171 0.642524 -1.449552
v -0.003774 0.642956 -1.480519
v -0.304175 0.667376 -1.468509
v -0.005777 0.667808 -1.499476
v -0.306036 0.692533 -1.486098
v -0.007639 0.692965 -1.517066
v -0.307756 0.717816 -1.502320
v -0.009359 0.718248 -1.533287
v -0.309335 0.743042 -1.517174
v -0.010937 0.743474 -1.548141
v -0.310770 0.768033 -1.530660
v -0.012373 0.768465 -1.561628
v -0.312064 0.792607 -1.542779
v -0.013667 0.793039 -1.573746
v -0.313214 0.816584 -1.553530
v -0.014817 0.817016 -1.584497
v -0.314222 0.839783 -1.562914
v -0.015824 0.840215 -1.593881
v -0.321844 0.828783 -1.636520
v -0.023447 0.829215 -1.667487
v -0.257751 0.311445 -1.026151
v 0.040646 0.311877 -1.057118
v -0.258306 0.313909 -1.031467
v 0.040091 0.314341 -1.062434
v -0.258873 0.317143 -1.036879
v 0.039524 0.317575 -1.067847
v -0.259453 0.321117 -1.042416
v 0.038944 0.321549 -1.073384
v -0.260050 0.325799 -1.048105
v 0.038347 0.326231 -1.079072
v -0.260667 0.331159 -1.053973
v 0.037730 0.331591 -1.084941
v -0.261306 0.337164 -1.060048
v 0.037091 0.337596 -1.091016
v -0.261971 0.343784 -1.066358
v 0.036426 0.344216 -1.097326
v -0.262663 0.350987 -1.072931
v 0.035734 0.351419 -1.103898
v -0.263387 0.358742 -1.079793
v 0.035010 0.359174 -1.110761
v -0.264144 0.367018 -1.086973
v 0.034253 0.367450 -1.117941
v -0.264937 0.375784 -1.094499
v 0.033460 0.376216 -1.125466
v -0.265369 0.380567 -1.098593
v 0.033028 0.380999 -1.129560
v -0.265875 0.386381 -1.103384
v 0.032522 0.386813 -1.134352
v -0.266449 0.393174 -1.108825
v 0.031948 0.393606 -1.139793
v -0.267088 0.400895 -1.114867
v 0.031309 0.401327 -1.145834
v -0.267784 0.409490 -1.121461
v 0.030613 0.409922 -1.152429
v -0.268535 0.418909 -1.128559
v 0.029862 0.419341 -1.159527
v -0.269333 0.429098 -1.136113
v 0.029064 0.429530 -1.167081
v -0.270175 0.440006 -1.144074
v 0.028222 0.440438 -1.175042
v -0.271056 0.451580 -1.152395
v 0.027341 0.452012 -1.183363
v -0.271969 0.463770 -1.161026
v 0.026428 0.464202 -1.191994
v -0.272910 0.476521 -1.169920
v 0.025487 0.476953 -1.200888
v -0.273875 0.489783 -1.179027
v 0.024522 0.490216 -1.209995
v -0.271311 0.486695 -1.154366
v 0.027086 0.487127 -1.185334
v -0.269082 0.483909 -1.132924
v 0.029315 0.484341 -1.163892
v -0.267160 0.481393 -1.114438
v 0.031237 0.481825 -1.145406
v -0.265517 0.479117 -1.098646
v 0.032880 0.479549 -1.129614
v -0.264128 0.477049 -1.085285
v 0.034269 0.477481 -1.116253
v -0.262964 0.475159 -1.074093
v 0.035433 0.475591 -1.105061
v -0.261997 0.473414 -1.064808
v 0.036400 0.473846 -1.095775
v -0.261202 0.471784 -1.057166
v 0.037195 0.472216 -1.088134
v -0.260550 0.470237 -1.050906
v 0.037847 0.470669 -1.081874
v -0.260014 0.468742 -1.045765
v 0.038383 0.469174 -1.076733
v -0.259568 0.467268 -1.041480
v 0.038829 0.467700 -1.072448
v -0.259182 0.465784 -1.037790
v 0.039215 0.466216 -1.068757
v -0.259071 0.469910 -1.036655
v 0.039326 0.470342 -1.067623
v -0.258933 0.474709 -1.035265
v 0.039464 0.475141 -1.066233
v -0.258774 0.480065 -1.033653
v 0.039623 0.480497 -1.064621
v -0.258596 0.485858 -1.031856
v 0.039801 0.486290 -1.062823
v -0.258402 0.491970 -1.029906
v 0.039995 0.492402 -1.060873
v -0.258197 0.498284 -1.027838
v 0.040200 0.498716 -1.058806
v -0.257983 0.504680 -1.025688
v 0.040414 0.505112 -1.056656
v -0.257764 0.511043 -1.023489
v 0.040633 0.511475 -1.054457
v -0.257543 0.517252 -1.021277
v 0.040854 0.517684 -1.052245
v -0.257324 0.523191 -1.019085
v 0.041073 0.523623 -1.050053
v -0.257111 0.528741 -1.016949
v 0.041286 0.529173 -1.047917
v -0.256906 0.533783 -1.014902
v 0.041491 0.534216 -1.045870
v -0.257348 0.535114 -1.019151
v 0.041049 0.535546 -1.050118
v -0.257797 0.537098 -1.023444
v 0.040600 0.537530 -1.054412
v -0.258251 0.539721 -1.027786
v 0.040146 0.540153 -1.058753
v -0.258712 0.542969 -1.032179
v 0.039685 0.543401 -1.063146
v -0.259179 0.546827 -1.036627
v 0.039218 0.547259 -1.067595
v -0.259653 0.551283 -1.041134
v 0.038744 0.551715 -1.072102
v -0.260135 0.556323 -1.045703
v 0.038262 0.556755 -1.076671
v -0.260624 0.561932 -1.050338
v 0.037773 0.562364 -1.081305
v -0.261121 0.568096 -1.055041
v 0.037276 0.568528 -1.086009
v -0.261626 0.574802 -1.059817
v 0.036771 0.575234 -1.090785
v -0.262140 0.582036 -1.064669
v 0.036257 0.582468 -1.095637
v -0.262663 0.589783 -1.069600
v 0.035734 0.590215 -1.100568
v -0.263342 0.598772 -1.076019
v 0.035055 0.599204 -1.106987
v -0.264205 0.611024 -1.084158
v 0.034192 0.611456 -1.115126
v -0.265222 0.626221 -1.093746
v 0.033175 0.626653 -1.124714
v -0.266365 0.644043 -1.104516
v 0.032032 0.644475 -1.135484
v -0.267607 0.664170 -1.116197
v 0.030790 0.664602 -1.147164
v -0.268918 0.686283 -1.128520
v 0.029479 0.686715 -1.159487
v -0.270270 0.710063 -1.141215
v 0.028127 0.710495 -1.172183
v -0.271634 0.735191 -1.154014
v 0.026763 0.735623 -1.184982
v -0.272983 0.761346 -1.166647
v 0.025414 0.761778 -1.197615
v -0.274288 0.788209 -1.178845
v 0.024109 0.788641 -1.209813
v -0.275520 0.815461 -1.190338
v 0.022877 0.815893 -1.221306
v -0.276652 0.842783 -1.200858
v 0.021746 0.843215 -1.231825
v -0.283733 0.813783 -1.269493
v 0.014664 0.814215 -1.300461
v -0.282538 0.789966 -1.258313
v 0.015859 0.790398 -1.289281
v -0.281295 0.766075 -1.246674
v 0.017102 0.766507 -1.277642
v -0.280009 0.742205 -1.234613
v 0.018388 0.742637 -1.265581
v -0.278683 0.718450 -1.222169
v 0.019714 0.718882 -1.253137
v -0.277322 0.694903 -1.209380
v 0.021075 0.695335 -1.240347
v -0.275929 0.671658 -1.196283
v 0.022468 0.672090 -1.227250
v -0.274509 0.648809 -1.182916
v 0.023888 0.649241 -1.213884
v -0.273065 0.626450 -1.169319
v 0.025332 0.626882 -1.200286
v -0.271602 0.604674 -1.155527
v 0.026795 0.605106 -1.186495
v -0.270124 0.583575 -1.141580
v 0.028273 0.584007 -1.172548
v -0.268635 0.563247 -1.127516
v 0.029762 0.563679 -1.158484
v -0.267139 0.543783 -1.113372
v 0.031258 0.544216 -1.144340
v -0.278197 0.552783 -1.219799
v 0.020200 0.553216 -1.250767
v -0.278909 0.563614 -1.226509
v 0.019488 0.564046 -1.257476
v -0.279620 0.574594 -1.233201
v 0.018777 0.575026 -1.264168
v -0.280327 0.585705 -1.239858
v 0.018070 0.586137 -1.270826
v -0.281029 0.596932 -1.246464
v 0.017368 0.597364 -1.277432
v -0.281723 0.608255 -1.253001
v 0.016674 0.608687 -1.283969
v -0.282409 0.619658 -1.259451
v 0.015988 0.620090 -1.290419
v -0.283085 0.631124 -1.265798
v 0.015312 0.631556 -1.296766
v -0.283747 0.642635 -1.272024
v 0.014650 0.643067 -1.302991
v -0.284396 0.654174 -1.278111
v 0.014001 0.654606 -1.309079
v -0.285028 0.665723 -1.284044
v 0.013369 0.666155 -1.315012
v -0.285643 0.677265 -1.289803
v 0.012754 0.677697 -1.320771
v -0.286237 0.688783 -1.295373
v 0.012160 0.689215 -1.326341
v -0.292893 0.650783 -1.360031
v 0.005504 0.651215 -1.390999
v -0.291117 0.621758 -1.343322
v 0.007281 0.622190 -1.374289
v -0.289281 0.592746 -1.326042
v 0.009116 0.593178 -1.357010
v -0.287392 0.563846 -1.308244
v 0.011005 0.564278 -1.339212
v -0.285455 0.535154 -1.289980
v 0.012942 0.535586 -1.320948
v -0.283476 0.506767 -1.271302
v 0.014921 0.507199 -1.302270
v -0.281459 0.478784 -1.252261
v 0.016938 0.479216 -1.283229
v -0.279411 0.451300 -1.232909
v 0.018986 0.451732 -1.263877
v -0.277337 0.424413 -1.213298
v 0.021060 0.424845 -1.244265
v -0.275242 0.398221 -1.193479
v 0.023155 0.398653 -1.224447
v -0.273132 0.372821 -1.173505
v 0.025265 0.373253 -1.204473
v -0.271013 0.348309 -1.153427
v 0.027384 0.348741 -1.184395
v -0.268890 0.324784 -1.133298
v 0.029507 0.325216 -1.164266
v -0.284507 0.345784 -1.283488
v 0.013890 0.346216 -1.314456
v -0.284257 0.354281 -1.280960
v 0.014140 0.354713 -1.311928
v -0.284000 0.362765 -1.278360
v 0.014397 0.363197 -1.309328
v -0.283736 0.371221 -1.275698
v 0.014661 0.371653 -1.306666
v -0.283466 0.379635 -1.272984
v 0.014931 0.380067 -1.303952
v -0.283192 0.387994 -1.270228
v 0.015205 0.388426 -1.301196
v -0.282915 0.396284 -1.267442
v 0.015482 0.396716 -1.298409
v -0.282636 0.404490 -1.264634
v 0.015761 0.404922 -1.295602
v -0.282355 0.412598 -1.261817
v 0.016042 0.413030 -1.292784
v -0.282074 0.420596 -1.258999
v 0.016323 0.421028 -1.289967
v -0.281794 0.428469 -1.256192
v 0.016603 0.428901 -1.287159
v -0.281516 0.436203 -1.253405
v 0.016881 0.436635 -1.284373
v -0.281241 0.443784 -1.250650
v 0.017156 0.444216 -1.281617
v -0.287250 0.458784 -1.308338
v 0.011147 0.459216 -1.339306
v -0.287921 0.441399 -1.315044
v 0.010476 0.441831 -1.346012
v -0.288585 0.423372 -1.321692
v 0.009812 0.423804 -1.352660
v -0.289236 0.404893 -1.328223
v 0.009161 0.405325 -1.359191
v -0.289868 0.386154 -1.334578
v 0.008529 0.386586 -1.365546
v -0.290476 0.367346 -1.340698
v 0.007921 0.367778 -1.371665
v -0.291053 0.348659 -1.346524
v 0.007344 0.349091 -1.377492
v -0.291595 0.330284 -1.351998
v 0.006802 0.330716 -1.382966
v -0.292094 0.312413 -1.357061
v 0.006303 0.312845 -1.388028
v -0.292546 0.295237 -1.361654
v 0.005851 0.295669 -1.392622
v -0.292944 0.278946 -1.365718
v 0.005453 0.279378 -1.396686
v -0.293283 0.263731 -1.369196
v 0.005114 0.264163 -1.400163
v -0.293557 0.249784 -1.372027
v 0.004840 0.250216 -1.402995
v -0.287233 0.230784 -1.311355
v 0.011164 0.231216 -1.342323
v -0.287160 0.235095 -1.310588
v 0.011238 0.235527 -1.341555
v -0.287082 0.239525 -1.309775
v 0.011315 0.239957 -1.340742
v -0.286999 0.244065 -1.308913
v 0.011398 0.244497 -1.339881
v -0.286911 0.248710 -1.308000
v 0.011486 0.249142 -1.338968
v -0.286817 0.253452 -1.307032
v 0.011580 0.253884 -1.338000
v -0.286718 0.258284 -1.306005
v 0.011680 0.258716 -1.336973
v -0.286612 0.263199 -1.304916
v 0.011785 0.263631 -1.335884
v -0.286499 0.268191 -1.303761
v 0.011898 0.268623 -1.334729
v -0.286379 0.273252 -1.302537
v 0.012018 0.273684 -1.333505
v -0.286252 0.278376 -1.301241
v 0.012145 0.278808 -1.332208
v -0.286117 0.283556 -1.299868
v 0.012280 0.283988 -1.330836
v -0.285974 0.288784 -1.298416
v 0.012423 0.289216 -1.329384
v -0.280992 0.281288 -1.250517
v 0.017405 0.281720 -1.281484
v -0.276714 0.274737 -1.209383
v 0.021683 0.275169 -1.240350
v -0.273080 0.269034 -1.174444
v 0.025317 0.269466 -1.205412
v -0.270030 0.264080 -1.145132
v 0.028367 0.264512 -1.176100
v -0.267507 0.259779 -1.120876
v 0.030890 0.260211 -1.151844
v -0.265450 0.256034 -1.101106
v 0.032947 0.256466 -1.132074
v -0.263800 0.252747 -1.085252
v 0.034597 0.253179 -1.116220
v -0.262497 0.249821 -1.072745
v 0.035900 0.250253 -1.103713
v -0.261484 0.247159 -1.063015
v 0.036913 0.247591 -1.093983
v -0.260699 0.244663 -1.055492
v 0.037698 0.245095 -1.086459
v -0.260085 0.242237 -1.049605
v 0.038312 0.242669 -1.080573
v -0.259581 0.239784 -1.044786
v 0.038816 0.240216 -1.075754
v -0.259468 0.243949 -1.043632
v 0.038929 0.244381 -1.074600
v -0.259325 0.248858 -1.042187
v 0.039072 0.249290 -1.073155
v -0.259157 0.254377 -1.040494
v 0.039240 0.254809 -1.071462
v -0.258969 0.260376 -1.038594
v 0.039429 0.260808 -1.069562
v -0.258763 0.266722 -1.036528
v 0.039634 0.267154 -1.067495
v -0.258545 0.273284 -1.034337
v 0.039852 0.273716 -1.065305
v -0.258319 0.279928 -1.032063
v 0.040078 0.280360 -1.063031
v -0.258088 0.286524 -1.029748
v 0.040309 0.286956 -1.060716
v -0.257857 0.292940 -1.027434
v 0.040540 0.293372 -1.058401
v -0.257630 0.299043 -1.025160
v 0.040767 0.299475 -1.056128
v -0.257411 0.304702 -1.022970
v 0.040986 0.305134 -1.053937
v -0.257204 0.309784 -1.020904
v 0.041193 0.310216 -1.051871
v -0.435576 0.602671 -2.735559
v -0.137179 0.603103 -2.766527
v -0.434487 0.579469 -2.725390
v -0.136090 0.579901 -2.756358
v -0.433287 0.555377 -2.714164
v -0.134890 0.555809 -2.745131
v -0.431984 0.530598 -2.701954
v -0.133587 0.531030 -2.732921
v -0.430586 0.505333 -2.688832
v -0.132189 0.505765 -2.719799
v -0.429100 0.479784 -2.674870
v -0.130703 0.480216 -2.705838
v -0.427534 0.454150 -2.660143
v -0.129137 0.454582 -2.691110
v -0.425897 0.428635 -2.644721
v -0.127500 0.429067 -2.675688
v -0.424195 0.403440 -2.628677
v -0.125798 0.403872 -2.659644
v -0.422437 0.378765 -2.612084
v -0.124040 0.379197 -2.643052
v -0.420631 0.354813 -2.595014
v -0.122234 0.355245 -2.625982
v -0.418784 0.331784 -2.577540
v -0.120387 0.332216 -2.608508
v -0.421493 0.308503 -2.603963
v -0.123096 0.308935 -2.634931
v -0.424246 0.283872 -2.630835
v -0.125849 0.284304 -2.661803
v -0.427018 0.258206 -2.657901
v -0.128621 0.258638 -2.688868
v -0.429782 0.231821 -2.684904
v -0.131385 0.232253 -2.715872
v -0.432513 0.205033 -2.711590
v -0.134116 0.205465 -2.742558
v -0.435184 0.178159 -2.737703
v -0.136787 0.178591 -2.768671
v -0.437769 0.151514 -2.762986
v -0.139372 0.151946 -2.793954
v -0.440243 0.125413 -2.787186
v -0.141846 0.125845 -2.818153
v -0.442579 0.100175 -2.810045
v -0.144182 0.100607 -2.841012
v -0.444750 0.076113 -2.831308
v -0.146353 0.076545 -2.862276
v -0.446732 0.053544 -2.850720
v -0.148335 0.053976 -2.881687
v -0.448498 0.032784 -2.868025
v -0.150101 0.033216 -2.898992
v -0.441186 -0.027216 -2.798408
v -0.142789 -0.026784 -2.829375
v -0.439409 -0.004414 -2.780961
v -0.141012 -0.003982 -2.811928
v -0.437480 0.019367 -2.762045
v -0.139083 0.019799 -2.793013
v -0.435416 0.043940 -2.741810
v -0.137019 0.044372 -2.772778
v -0.433231 0.069117 -2.720405
v -0.134834 0.069549 -2.751373
v -0.430940 0.094711 -2.697977
v -0.132543 0.095143 -2.728945
v -0.428559 0.120534 -2.674675
v -0.130162 0.120966 -2.705643
v -0.426103 0.146398 -2.650648
v -0.127706 0.146830 -2.681616
v -0.423587 0.172117 -2.626044
v -0.125190 0.172549 -2.657012
v -0.421026 0.197503 -2.601012
v -0.122629 0.197935 -2.631980
v -0.418435 0.222367 -2.575701
v -0.120038 0.222799 -2.606668
v -0.415830 0.246523 -2.550258
v -0.117433 0.246955 -2.581225
v -0.413225 0.269784 -2.524832
v -0.114828 0.270216 -2.555800
v -0.410363 0.241160 -2.497658
v -0.111966 0.241592 -2.528626
v -0.407387 0.212876 -2.469375
v -0.108990 0.213308 -2.500343
v -0.404302 0.185065 -2.440035
v -0.105905 0.185497 -2.471003
v -0.401113 0.157858 -2.409690
v -0.102716 0.158290 -2.440658
v -0.397827 0.131387 -2.378392
v -0.099430 0.131819 -2.409359
v -0.394448 0.105784 -2.346191
v -0.096051 0.106216 -2.377159
v -0.390982 0.081181 -2.313142
v -0.092585 0.081613 -2.344110
v -0.387436 0.057710 -2.279294
v -0.089039 0.058142 -2.310262
v -0.383813 0.035503 -2.244700
v -0.085416 0.035935 -2.275668
v -0.380121 0.014691 -2.209412
v -0.081724 0.015123 -2.240380
v -0.376364 -0.004592 -2.173481
v -0.077967 -0.004160 -2.204449
v -0.372548 -0.022216 -2.136959
v -0.074151 -0.021784 -2.167927
v -0.366038 0.044784 -2.073291
v -0.067641 0.045216 -2.104259
v -0.370187 0.061666 -2.113036
v -0.071790 0.062098 -2.144004
v -0.374272 0.080673 -2.152131
v -0.075875 0.081105 -2.183099
v -0.378280 0.101596 -2.190466
v -0.079883 0.102028 -2.221434
v -0.382201 0.124228 -2.227930
v -0.083804 0.124660 -2.258898
v -0.386022 0.148360 -2.264413
v -0.087625 0.148792 -2.295381
v -0.389732 0.173784 -2.299805
v -0.091335 0.174216 -2.330773
v -0.393319 0.200291 -2.333995
v -0.094922 0.200723 -2.364963
v -0.396771 0.227673 -2.366872
v -0.098373 0.228105 -2.397840
v -0.400075 0.255721 -2.398326
v -0.101678 0.256153 -2.429294
v -0.403222 0.284228 -2.428247
v -0.104825 0.284660 -2.459215
v -0.406198 0.312985 -2.456524
v -0.107801 0.313417 -2.487492
v -0.408992 0.341784 -2.483046
v -0.110595 0.342216 -2.514014
v -0.410783 0.361844 -2.500025
v -0.112386 0.362276 -2.530993
v -0.412579 0.383348 -2.517029
v -0.114182 0.383780 -2.547996
v -0.414360 0.406034 -2.533873
v -0.115963 0.406466 -2.564840
v -0.416107 0.429635 -2.550375
v -0.117710 0.430067 -2.581343
v -0.417800 0.453890 -2.566352
v -0.119403 0.454322 -2.597320
v -0.419420 0.478534 -2.581621
v -0.121023 0.478966 -2.612589
v -0.420948 0.503302 -2.595999
v -0.122551 0.503734 -2.626967
v -0.422365 0.527932 -2.609303
v -0.123968 0.528364 -2.640271
v -0.423650 0.552158 -2.621350
v -0.125253 0.552590 -2.652318
v -0.424785 0.575719 -2.631957
v -0.126388 0.576151 -2.662924
v -0.425750 0.598348 -2.640940
v -0.127353 0.598780 -2.671908
v -0.426526 0.619783 -2.648118
v -0.128129 0.620215 -2.679085
v -0.425022 0.619783 -2.633628
v -0.126625 0.620215 -2.664595
v -0.422504 0.619783 -2.609367
v -0.124107 0.620215 -2.640335
v -0.419176 0.619783 -2.577295
v -0.120779 0.620215 -2.608263
v -0.415240 0.619783 -2.539368
v -0.116843 0.620215 -2.570336
v -0.410900 0.619783 -2.497546
v -0.112503 0.620215 -2.528514
v -0.406358 0.619783 -2.453787
v -0.107961 0.620215 -2.484754
v -0.401819 0.619783 -2.410048
v -0.103422 0.620215 -2.441015
v -0.397485 0.619783 -2.368288
v -0.099088 0.620215 -2.399255
v -0.393560 0.619783 -2.330465
v -0.095163 0.620215 -2.361432
v -0.390246 0.619783 -2.298537
v -0.091849 0.620215 -2.329505
v -0.387748 0.619783 -2.274463
v -0.089351 0.620215 -2.305431
v -0.386268 0.619783 -2.260201
v -0.087871 0.620215 -2.291169
v -0.385325 0.619704 -2.251121
v -0.086928 0.620136 -2.282089
v -0.384320 0.619482 -2.241432
v -0.085923 0.619914 -2.272400
v -0.383273 0.619143 -2.231357
v -0.084876 0.619575 -2.262324
v -0.382210 0.618709 -2.221115
v -0.083813 0.619141 -2.252083
v -0.381152 0.618206 -2.210929
v -0.082755 0.618638 -2.241897
v -0.380123 0.617658 -2.201020
v -0.081726 0.618090 -2.231987
v -0.379145 0.617090 -2.191607
v -0.080748 0.617522 -2.222575
v -0.378242 0.616524 -2.182913
v -0.079845 0.616956 -2.213881
v -0.377437 0.615987 -2.175159
v -0.079040 0.616419 -2.206126
v -0.376752 0.615501 -2.168565
v -0.078355 0.615933 -2.199532
v -0.376210 0.615092 -2.163352
v -0.077813 0.615524 -2.194319
v -0.375835 0.614783 -2.159742
v -0.077438 0.615215 -2.190710
v -0.375965 0.705783 -2.159728
v -0.077568 0.706215 -2.190696
v -0.376414 0.705245 -2.164060
v -0.078017 0.705677 -2.195028
v -0.377023 0.704645 -2.169933
v -0.078626 0.705077 -2.200900
v -0.377766 0.704002 -2.177104
v -0.079369 0.704434 -2.208071
v -0.378619 0.703339 -2.185331
v -0.080222 0.703771 -2.216299
v -0.379556 0.702676 -2.194374
v -0.081159 0.703108 -2.225342
v -0.380553 0.702033 -2.203990
v -0.082156 0.702465 -2.234958
v -0.381585 0.701433 -2.213938
v -0.083188 0.701865 -2.244906
v -0.382626 0.700894 -2.223976
v -0.084229 0.701326 -2.254944
v -0.383651 0.700440 -2.233862
v -0.085254 0.700872 -2.264830
v -0.384636 0.700089 -2.243354
v -0.086239 0.700521 -2.274322
v -0.385554 0.699863 -2.252210
v -0.087157 0.700295 -2.283178
v -0.386382 0.699783 -2.260190
v -0.087985 0.700215 -2.291157
v -0.387961 0.699783 -2.275399
v -0.089564 0.700215 -2.306367
v -0.390502 0.699783 -2.299888
v -0.092105 0.700215 -2.330856
v -0.393813 0.699783 -2.331789
v -0.095416 0.700215 -2.362757
v -0.397699 0.699783 -2.369234
v -0.099302 0.700215 -2.400201
v -0.401966 0.699783 -2.410352
v -0.103569 0.700215 -2.441320
v -0.406421 0.699783 -2.453278
v -0.108024 0.700215 -2.484245
v -0.410870 0.699783 -2.496140
v -0.112473 0.700215 -2.527108
v -0.415118 0.699783 -2.537073
v -0.116721 0.700215 -2.568041
v -0.418971 0.699783 -2.574206
v -0.120574 0.700215 -2.605174
v -0.422237 0.699783 -2.605672
v -0.123840 0.700215 -2.636640
v -0.424720 0.699783 -2.629602
v -0.126323 0.700215 -2.660570
v -0.426228 0.699783 -2.644128
v -0.127831 0.700215 -2.675095
v -0.427064 0.699845 -2.652186
v -0.128667 0.700277 -2.683154
v -0.427870 0.700029 -2.659945
v -0.129473 0.700461 -2.690912
v -0.428643 0.700330 -2.667393
v -0.130246 0.700762 -2.698360
v -0.429383 0.700746 -2.674519
v -0.130986 0.701178 -2.705487
v -0.430089 0.701273 -2.681314
v -0.131692 0.701705 -2.712282
v -0.430760 0.701908 -2.687768
v -0.132363 0.702340 -2.718735
v -0.431394 0.702647 -2.693868
v -0.132997 0.703079 -2.724836
v -0.431991 0.703487 -2.699606
v -0.133594 0.703919 -2.730574
v -0.432549 0.704424 -2.704972
v -0.134152 0.704856 -2.735940
v -0.433067 0.705455 -2.709954
v -0.134670 0.705887 -2.740921
v -0.433545 0.706576 -2.714541
v -0.135148 0.707008 -2.745509
v -0.433981 0.707783 -2.718726
v -0.135584 0.708215 -2.749693
v -0.439190 0.668783 -2.769459
v -0.140793 0.669215 -2.800427
v -0.439017 0.666505 -2.767830
v -0.140620 0.666937 -2.798798
v -0.438819 0.663719 -2.765960
v -0.140422 0.664151 -2.796928
v -0.438601 0.660502 -2.763896
v -0.140204 0.660934 -2.794864
v -0.438366 0.656932 -2.761688
v -0.139969 0.657364 -2.792655
v -0.438121 0.653083 -2.759382
v -0.139724 0.653515 -2.790350
v -0.437871 0.649033 -2.757029
v -0.139474 0.649465 -2.787997
v -0.437621 0.644859 -2.754675
v -0.139224 0.645291 -2.785643
v -0.437376 0.640635 -2.752370
v -0.138978 0.641067 -2.783338
v -0.437140 0.636440 -2.750161
v -0.138743 0.636872 -2.781129
v -0.436920 0.632348 -2.748098
v -0.138523 0.632780 -2.779066
v -0.436720 0.628437 -2.746228
v -0.138323 0.628869 -2.777195
v -0.436546 0.624783 -2.744599
v -0.138149 0.625215 -2.775567
v -0.537615 0.127784 -3.725406
v -0.239218 0.128216 -3.756373
v -0.538291 0.599783 -3.725336
v -0.239894 0.600215 -3.756303
v -0.488846 0.599783 -3.248894
v -0.190449 0.600215 -3.279862
v -0.487865 0.599744 -3.239447
v -0.189468 0.600176 -3.270415
v -0.486843 0.599631 -3.229599
v -0.188446 0.600063 -3.260567
v -0.485794 0.599455 -3.219489
v -0.187397 0.599887 -3.250457
v -0.484731 0.599228 -3.209255
v -0.186334 0.599660 -3.240223
v -0.483670 0.598959 -3.199034
v -0.185273 0.599391 -3.230002
v -0.482625 0.598658 -3.188966
v -0.184228 0.599090 -3.219934
v -0.481610 0.598337 -3.179188
v -0.183213 0.598769 -3.210155
v -0.480639 0.598006 -3.169837
v -0.182242 0.598438 -3.200805
v -0.479727 0.597674 -3.161053
v -0.181330 0.598106 -3.192021
v -0.478888 0.597353 -3.152974
v -0.180491 0.597785 -3.183942
v -0.478136 0.597053 -3.145738
v -0.179739 0.597485 -3.176706
v -0.477487 0.596783 -3.139482
v -0.179090 0.597215 -3.170450
v -0.477614 0.685783 -3.139469
v -0.179217 0.686215 -3.170437
v -0.478487 0.684825 -3.147890
v -0.180090 0.685257 -3.178858
v -0.479398 0.683950 -3.156687
v -0.181001 0.684382 -3.187655
v -0.480341 0.683158 -3.165781
v -0.181944 0.683590 -3.196749
v -0.481307 0.682450 -3.175093
v -0.182910 0.682882 -3.206061
v -0.482286 0.681825 -3.184543
v -0.183889 0.682257 -3.215511
v -0.483272 0.681283 -3.194052
v -0.184875 0.681715 -3.225019
v -0.484256 0.680825 -3.203540
v -0.185859 0.681257 -3.234507
v -0.485230 0.680450 -3.212928
v -0.186833 0.680882 -3.243895
v -0.486185 0.680158 -3.222136
v -0.187788 0.680590 -3.253103
v -0.487114 0.679950 -3.231085
v -0.188717 0.680382 -3.262053
v -0.488007 0.679825 -3.239695
v -0.189610 0.680257 -3.270663
v -0.488857 0.679783 -3.247888
v -0.190460 0.680215 -3.278856
v -0.539748 0.679783 -3.738254
v -0.241351 0.680215 -3.769222
v -0.540379 0.679803 -3.744338
v -0.241982 0.680236 -3.775305
v -0.541031 0.679862 -3.750614
v -0.242634 0.680294 -3.781582
v -0.541696 0.679955 -3.757029
v -0.243299 0.680387 -3.787996
v -0.542371 0.680080 -3.763526
v -0.243974 0.680512 -3.794494
v -0.543048 0.680232 -3.770051
v -0.244651 0.680664 -3.801019
v -0.543723 0.680408 -3.776549
v -0.245326 0.680840 -3.807516
v -0.544389 0.680606 -3.782963
v -0.245992 0.681038 -3.813931
v -0.545041 0.680820 -3.789239
v -0.246643 0.681252 -3.820207
v -0.545672 0.681049 -3.795322
v -0.247275 0.681481 -3.826290
v -0.546278 0.681288 -3.801157
v -0.247881 0.681720 -3.832125
v -0.546852 0.681534 -3.806687
v -0.248455 0.681966 -3.837655
v -0.547389 0.681783 -3.811859
v -0.248992 0.682215 -3.842826
v -0.547353 0.675875 -3.811592
v -0.248956 0.676307 -3.842559
v -0.547313 0.669686 -3.811294
v -0.248916 0.670118 -3.842262
v -0.547271 0.663268 -3.810975
v -0.248874 0.663700 -3.841943
v -0.547227 0.656672 -3.810646
v -0.248830 0.657104 -3.841614
v -0.547183 0.649952 -3.810318
v -0.248786 0.650384 -3.841285
v -0.547140 0.643158 -3.809999
v -0.248743 0.643590 -3.840967
v -0.547100 0.636344 -3.809701
v -0.248703 0.636776 -3.840669
v -0.547062 0.629561 -3.809435
v -0.248665 0.629993 -3.840402
v -0.547029 0.622862 -3.809210
v -0.248632 0.623294 -3.840177
v -0.547002 0.616297 -3.809036
v -0.248605 0.616729 -3.840004
v -0.546981 0.609921 -3.808925
v -0.248584 0.610353 -3.839893
v -0.546968 0.603783 -3.808886
v -0.248571 0.604215 -3.839854
v -0.546229 0.087784 -3.808963
v -0.247832 0.088216 -3.839931
v -0.546222 0.078618 -3.809024
v -0.247825 0.079050 -3.839991
v -0.546226 0.069210 -3.809191
v -0.247829 0.069642 -3.840159
v -0.546239 0.059690 -3.809449
v -0.247842 0.060122 -3.840416
v -0.546259 0.050191 -3.809779
v -0.247862 0.050623 -3.840747
v -0.546286 0.040845 -3.810164
v -0.247889 0.041277 -3.841132
v -0.546316 0.031784 -3.810587
v -0.247919 0.032216 -3.841555
v -0.546350 0.023139 -3.811031
v -0.247953 0.023571 -3.841999
v -0.546385 0.015043 -3.811479
v -0.247988 0.015475 -3.842446
v -0.546419 0.007628 -3.811912
v -0.248022 0.008060 -3.842880
v -0.546451 0.001025 -3.812314
v -0.248054 0.001457 -3.843282
v -0.546480 -0.004634 -3.812668
v -0.248083 -0.004202 -3.843636
v -0.546503 -0.009216 -3.812956
v -0.248106 -0.008784 -3.843924
v -0.537212 -0.009216 -3.723437
v -0.238815 -0.008784 -3.754405
v -0.537499 0.046784 -3.725418
v -0.239102 0.047216 -3.756386
v -0.487022 0.046784 -3.239030
v -0.188625 0.047216 -3.269998
v -0.485956 0.046743 -3.228765
v -0.187559 0.047175 -3.259732
v -0.484881 0.046627 -3.218409
v -0.186484 0.047059 -3.249377
v -0.483805 0.046440 -3.208040
v -0.185408 0.046872 -3.239008
v -0.482735 0.046191 -3.197733
v -0.184338 0.046623 -3.228701
v -0.481679 0.045887 -3.187564
v -0.183282 0.046319 -3.218532
v -0.480646 0.045534 -3.177610
v -0.182249 0.045966 -3.208577
v -0.479642 0.045139 -3.167945
v -0.181245 0.045571 -3.198913
v -0.478676 0.044710 -3.158647
v -0.180279 0.045142 -3.189615
v -0.477757 0.044253 -3.149791
v -0.179360 0.044685 -3.180758
v -0.476891 0.043775 -3.141453
v -0.178494 0.044207 -3.172420
v -0.476086 0.043283 -3.133708
v -0.177689 0.043715 -3.164676
v -0.475351 0.042784 -3.126634
v -0.176954 0.043216 -3.157602
v -0.475482 0.133784 -3.126621
v -0.177085 0.134216 -3.157588
v -0.476187 0.133036 -3.133428
v -0.177790 0.133468 -3.164395
v -0.476959 0.132298 -3.140877
v -0.178562 0.132730 -3.171845
v -0.477791 0.131581 -3.148907
v -0.179394 0.132013 -3.179875
v -0.478677 0.130895 -3.157455
v -0.180280 0.131327 -3.188423
v -0.479611 0.130251 -3.166459
v -0.181214 0.130683 -3.197427
v -0.480585 0.129659 -3.175857
v -0.182188 0.130091 -3.206824
v -0.481594 0.129129 -3.185585
v -0.183197 0.129561 -3.216553
v -0.482631 0.128673 -3.195584
v -0.184234 0.129105 -3.226552
v -0.483690 0.128299 -3.205790
v -0.185293 0.128732 -3.236758
v -0.484764 0.128020 -3.216141
v -0.186367 0.128452 -3.247108
v -0.485846 0.127845 -3.226574
v -0.187449 0.128277 -3.257542
v -0.486931 0.127784 -3.237029
v -0.188534 0.128216 -3.267996
v -0.655161 0.621577 -4.851161
v -0.356764 0.622009 -4.882129
v -0.653760 0.601214 -4.837944
v -0.355363 0.601646 -4.868911
v -0.652146 0.579080 -4.822695
v -0.353749 0.579512 -4.853663
v -0.650331 0.555561 -4.805541
v -0.351934 0.555993 -4.836509
v -0.648331 0.531042 -4.786605
v -0.349934 0.531474 -4.817573
v -0.646157 0.505908 -4.766011
v -0.347760 0.506341 -4.796978
v -0.643824 0.480546 -4.743883
v -0.345427 0.480978 -4.774851
v -0.641345 0.455339 -4.720346
v -0.342948 0.455771 -4.751314
v -0.638733 0.430674 -4.695526
v -0.340336 0.431106 -4.726493
v -0.636002 0.406936 -4.669543
v -0.337605 0.407368 -4.700511
v -0.633166 0.384511 -4.642525
v -0.334769 0.384943 -4.673493
v -0.630237 0.363784 -4.614595
v -0.331840 0.364216 -4.645563
v -0.623500 0.416784 -4.548940
v -0.325103 0.417216 -4.579907
v -0.625896 0.431141 -4.571820
v -0.327499 0.431573 -4.602788
v -0.628280 0.447473 -4.594565
v -0.329883 0.447905 -4.625533
v -0.630630 0.465424 -4.616958
v -0.332233 0.465856 -4.647926
v -0.632922 0.484635 -4.638781
v -0.334525 0.485067 -4.669748
v -0.635134 0.504749 -4.659816
v -0.336737 0.505181 -4.690784
v -0.637243 0.525408 -4.679845
v -0.338846 0.525840 -4.710813
v -0.639225 0.546255 -4.698653
v -0.340828 0.546687 -4.729620
v -0.641057 0.566932 -4.716020
v -0.342660 0.567364 -4.746988
v -0.642717 0.587080 -4.731730
v -0.344320 0.587512 -4.762697
v -0.644180 0.606344 -4.745564
v -0.345783 0.606776 -4.776531
v -0.645425 0.624364 -4.757305
v -0.347028 0.624796 -4.788273
v -0.646428 0.640783 -4.766736
v -0.348031 0.641215 -4.797704
v -0.643845 0.640783 -4.741847
v -0.345448 0.641215 -4.772815
v -0.639897 0.640783 -4.703810
v -0.341500 0.641215 -4.734777
v -0.634868 0.640783 -4.655350
v -0.336471 0.641215 -4.686317
v -0.629040 0.640783 -4.599191
v -0.330643 0.641215 -4.630159
v -0.622696 0.640783 -4.538060
v -0.324299 0.641215 -4.569027
v -0.616118 0.640783 -4.474679
v -0.317721 0.641215 -4.505647
v -0.609590 0.640783 -4.411776
v -0.311193 0.641215 -4.442743
v -0.603394 0.640783 -4.352074
v -0.304997 0.641215 -4.383042
v -0.597813 0.640783 -4.298299
v -0.299416 0.641215 -4.329267
v -0.593130 0.640783 -4.253175
v -0.294733 0.641215 -4.284142
v -0.589628 0.640783 -4.219427
v -0.291231 0.641215 -4.250395
v -0.587589 0.640783 -4.199781
v -0.289192 0.641215 -4.230749
v -0.586632 0.640742 -4.190560
v -0.288235 0.641174 -4.221528
v -0.585670 0.640617 -4.181297
v -0.287273 0.641049 -4.212265
v -0.584704 0.640408 -4.171993
v -0.286307 0.640840 -4.202960
v -0.583734 0.640117 -4.162647
v -0.285337 0.640549 -4.193615
v -0.582759 0.639742 -4.153260
v -0.284362 0.640174 -4.184228
v -0.581780 0.639283 -4.143832
v -0.283383 0.639715 -4.174800
v -0.580797 0.638742 -4.134362
v -0.282400 0.639174 -4.165330
v -0.579809 0.638117 -4.124851
v -0.281412 0.638549 -4.155818
v -0.578816 0.637408 -4.115298
v -0.280419 0.637840 -4.146266
v -0.577819 0.636617 -4.105704
v -0.279422 0.637049 -4.136672
v -0.576818 0.635742 -4.096068
v -0.278421 0.636174 -4.127036
v -0.575812 0.634783 -4.086391
v -0.277415 0.635215 -4.117359
v -0.575943 0.725783 -4.086378
v -0.277546 0.726215 -4.117345
v -0.576859 0.724556 -4.095220
v -0.278462 0.724988 -4.126187
v -0.577800 0.723380 -4.104310
v -0.279403 0.723812 -4.135277
v -0.578764 0.722268 -4.113608
v -0.280367 0.722700 -4.144576
v -0.579744 0.721228 -4.123071
v -0.281347 0.721660 -4.154038
v -0.580738 0.720271 -4.132658
v -0.282341 0.720703 -4.163626
v -0.581740 0.719408 -4.142329
v -0.283343 0.719840 -4.173296
v -0.582747 0.718650 -4.152040
v -0.284350 0.719082 -4.183008
v -0.583754 0.718005 -4.161752
v -0.285357 0.718437 -4.192719
v -0.584757 0.717486 -4.171422
v -0.286360 0.717918 -4.202390
v -0.585751 0.717103 -4.181009
v -0.287354 0.717535 -4.211977
v -0.586733 0.716865 -4.190473
v -0.288336 0.717297 -4.221440
v -0.587698 0.716783 -4.199769
v -0.289301 0.717215 -4.230737
v -0.589786 0.716783 -4.219893
v -0.291389 0.717215 -4.250861
v -0.593377 0.716783 -4.254494
v -0.294980 0.717215 -4.285462
v -0.598175 0.716783 -4.300727
v -0.299778 0.717215 -4.331695
v -0.603885 0.716783 -4.355747
v -0.305488 0.717215 -4.386714
v -0.610211 0.716783 -4.416707
v -0.311814 0.717215 -4.447674
v -0.616859 0.716783 -4.480761
v -0.318462 0.717215 -4.511728
v -0.623532 0.716783 -4.545063
v -0.325135 0.717215 -4.576031
v -0.629936 0.716783 -4.606769
v -0.331539 0.717215 -4.637737
v -0.635775 0.716783 -4.663032
v -0.337378 0.717215 -4.693999
v -0.640754 0.716783 -4.711006
v -0.342357 0.717215 -4.741973
v -0.644577 0.716783 -4.747845
v -0.346180 0.717215 -4.778812
v -0.646949 0.716783 -4.770704
v -0.348552 0.717215 -4.801672
v -0.647474 0.716844 -4.775758
v -0.349077 0.717276 -4.806726
v -0.648058 0.717019 -4.781386
v -0.349661 0.717452 -4.812354
v -0.648689 0.717299 -4.787457
v -0.350292 0.717731 -4.818425
v -0.649352 0.717672 -4.793838
v -0.350955 0.718104 -4.824806
v -0.650033 0.718129 -4.800399
v -0.351636 0.718561 -4.831367
v -0.650720 0.718658 -4.807008
v -0.352323 0.719090 -4.837976
v -0.651398 0.719250 -4.813534
v -0.353001 0.719682 -4.844502
v -0.652054 0.719894 -4.819847
v -0.353657 0.720326 -4.850814
v -0.652674 0.720580 -4.825813
v -0.354277 0.721012 -4.856781
v -0.653245 0.721297 -4.831303
v -0.354848 0.721729 -4.862271
v -0.653753 0.722035 -4.836185
v -0.355356 0.722467 -4.867153
v -0.654184 0.722783 -4.840329
v -0.355787 0.723215 -4.871296
v -0.659175 0.675783 -4.889074
v -0.360778 0.676215 -4.920042
v -0.658978 0.673184 -4.887216
v -0.360581 0.673616 -4.918184
v -0.658760 0.670408 -4.885151
v -0.360363 0.670840 -4.916119
v -0.658524 0.667486 -4.882921
v -0.360127 0.667919 -4.913888
v -0.658275 0.664450 -4.880566
v -0.359878 0.664882 -4.911533
v -0.658018 0.661330 -4.878128
v -0.359621 0.661762 -4.909096
v -0.657756 0.658158 -4.875649
v -0.359359 0.658590 -4.906617
v -0.657494 0.654966 -4.873170
v -0.359097 0.655398 -4.904138
v -0.657236 0.651783 -4.870732
v -0.358839 0.652215 -4.901700
v -0.656987 0.648643 -4.868377
v -0.358590 0.649075 -4.899345
v -0.656751 0.645575 -4.866147
v -0.358354 0.646007 -4.897114
v -0.656533 0.642612 -4.864082
v -0.358136 0.643044 -4.895050
v -0.656336 0.639783 -4.862224
v -0.357939 0.640215 -4.893191
v -0.580613 0.022784 -4.141188
v -0.282216 0.023216 -4.172156
v -0.581351 0.025178 -4.148268
v -0.282954 0.025610 -4.179235
v -0.582112 0.027853 -4.155555
v -0.283715 0.028285 -4.186522
v -0.582889 0.030800 -4.163007
v -0.284492 0.031232 -4.193975
v -0.583680 0.034006 -4.170584
v -0.285283 0.034438 -4.201552
v -0.584480 0.037463 -4.178244
v -0.286083 0.037895 -4.209212
v -0.585285 0.041159 -4.185945
v -0.286888 0.041591 -4.216913
v -0.586090 0.045084 -4.193646
v -0.287693 0.045516 -4.224614
v -0.586891 0.049228 -4.201306
v -0.288494 0.049660 -4.232274
v -0.587683 0.053581 -4.208882
v -0.289286 0.054013 -4.239850
v -0.588463 0.058131 -4.216335
v -0.290066 0.058563 -4.247303
v -0.589226 0.062869 -4.223621
v -0.290829 0.063301 -4.254589
v -0.589968 0.067784 -4.230701
v -0.291571 0.068216 -4.261669
v -0.593724 0.092290 -4.266548
v -0.295327 0.092722 -4.297515
v -0.596950 0.118751 -4.297266
v -0.298553 0.119184 -4.328234
v -0.599687 0.147081 -4.323238
v -0.301289 0.147513 -4.354206
v -0.601973 0.177191 -4.344849
v -0.303576 0.177623 -4.375817
v -0.603849 0.208996 -4.362480
v -0.305452 0.209428 -4.393448
v -0.605354 0.242409 -4.376516
v -0.306957 0.242841 -4.407484
v -0.606528 0.277342 -4.387340
v -0.308131 0.277774 -4.418307
v -0.607410 0.313710 -4.395335
v -0.309013 0.314142 -4.426302
v -0.608040 0.351424 -4.400885
v -0.309643 0.351856 -4.431852
v -0.608459 0.390399 -4.404372
v -0.310062 0.390831 -4.435340
v -0.608705 0.430548 -4.406182
v -0.310308 0.430980 -4.437150
v -0.608818 0.471784 -4.406695
v -0.310421 0.472216 -4.437663
v -0.608824 0.477745 -4.406673
v -0.310427 0.478177 -4.437641
v -0.608826 0.483645 -4.406606
v -0.310429 0.484077 -4.437573
v -0.608822 0.489502 -4.406490
v -0.310425 0.489934 -4.437458
v -0.608813 0.495339 -4.406323
v -0.310416 0.495771 -4.437291
v -0.608799 0.501176 -4.406101
v -0.310402 0.501608 -4.437068
v -0.608778 0.507034 -4.405819
v -0.310381 0.507466 -4.436787
v -0.608751 0.512933 -4.405476
v -0.310354 0.513365 -4.436444
v -0.608717 0.518895 -4.405067
v -0.310320 0.519327 -4.436035
v -0.608676 0.524940 -4.404589
v -0.310279 0.525372 -4.435557
v -0.608628 0.531089 -4.404038
v -0.310231 0.531521 -4.435006
v -0.608572 0.537363 -4.403412
v -0.310175 0.537795 -4.434380
v -0.608508 0.543783 -4.402706
v -0.310111 0.544216 -4.433673
v -0.617798 0.543783 -4.492225
v -0.319401 0.544216 -4.523192
v -0.617640 0.477848 -4.491618
v -0.319243 0.478280 -4.522586
v -0.617309 0.415469 -4.489302
v -0.318912 0.415901 -4.520269
v -0.616732 0.356534 -4.484560
v -0.318335 0.356966 -4.515528
v -0.615833 0.300932 -4.476678
v -0.317436 0.301364 -4.507646
v -0.614539 0.248552 -4.464942
v -0.316142 0.248984 -4.495909
v -0.612776 0.199284 -4.448636
v -0.314379 0.199716 -4.479604
v -0.610468 0.153015 -4.427045
v -0.312071 0.153447 -4.458013
v -0.607542 0.109636 -4.399455
v -0.309145 0.110068 -4.430423
v -0.603923 0.069034 -4.365150
v -0.305526 0.069466 -4.396118
v -0.599537 0.031099 -4.323417
v -0.301140 0.031531 -4.354384
v -0.594310 -0.004281 -4.273539
v -0.295912 -0.003849 -4.304506
v -0.588166 -0.037216 -4.214802
v -0.289769 -0.036784 -4.245770
vn 0.9947 0.0014 -0.1032
vn 0.9946 0.0014 -0.1035
vn -0.9947 -0.0014 0.1032
vn -0.9946 -0.0014 0.1033
vn -0.9947 -0.0014 0.1029
vn 0.0720 0.7071 0.7034
vn 0.0740 -0.7071 0.7032
vn -0.0720 -0.7071 -0.7034
vn -0.0740 0.7071 -0.7032
vn -0.0699 0.7451 -0.6632
vn -0.0766 -0.6601 -0.7473
vn 0.0696 -0.7480 0.6600
vn 0.0655 -0.7815 0.6204
vn 0.0789 0.6347 0.7688
vn 0.0753 0.6740 0.7349
vn -0.0120 0.9948 -0.1016
vn -0.0950 0.4035 -0.9100
vn -0.0967 -0.3382 -0.9361
vn -0.0950 -0.3774 -0.9211
vn -0.0933 -0.4163 -0.9044
vn -0.0913 -0.4545 -0.8861
vn -0.0892 -0.4919 -0.8661
vn -0.0869 -0.5283 -0.8446
vn -0.0845 -0.5635 -0.8218
vn -0.0819 -0.5974 -0.7977
vn -0.0793 -0.6299 -0.7726
vn -0.0765 -0.6608 -0.7466
vn -0.0737 -0.6902 -0.7199
vn -0.1029 0.0883 -0.9908
vn -0.0592 0.8273 -0.5587
vn -0.0564 0.8450 -0.5318
vn -0.0536 0.8618 -0.5045
vn -0.0507 0.8777 -0.4766
vn -0.0478 0.8927 -0.4482
vn -0.0448 0.9067 -0.4193
vn -0.0418 0.9199 -0.3900
vn -0.0387 0.9320 -0.3603
vn -0.0356 0.9432 -0.3302
vn -0.0325 0.9535 -0.2997
vn -0.0293 0.9627 -0.2690
vn -0.1005 0.2423 -0.9650
vn -0.0709 -0.7169 -0.6935
vn -0.0741 -0.6859 -0.7239
vn -0.0767 -0.6595 -0.7478
vn -0.0787 -0.6365 -0.7673
vn -0.0804 -0.6160 -0.7837
vn -0.0819 -0.5972 -0.7979
vn -0.0833 -0.5797 -0.8106
vn -0.0845 -0.5626 -0.8224
vn -0.0857 -0.5455 -0.8337
vn -0.0869 -0.5276 -0.8451
vn -0.0882 -0.5079 -0.8569
vn -0.0366 -0.9300 -0.3656
vn 0.0332 -0.9512 0.3067
vn 0.0363 -0.9408 0.3370
vn 0.0395 -0.9292 0.3674
vn 0.0426 -0.9165 0.3977
vn 0.0457 -0.9027 0.4279
vn 0.0488 -0.8876 0.4580
vn 0.0519 -0.8714 0.4878
vn 0.0549 -0.8540 0.5174
vn 0.0579 -0.8354 0.5466
vn 0.0609 -0.8157 0.5753
vn 0.0638 -0.7948 0.6036
vn 0.0027 -0.9999 0.0124
vn -0.0596 -0.8083 -0.5858
vn -0.0571 -0.8253 -0.5618
vn -0.0546 -0.8412 -0.5380
vn -0.0521 -0.8559 -0.5144
vn -0.0497 -0.8697 -0.4911
vn -0.0473 -0.8824 -0.4681
vn -0.0449 -0.8942 -0.4454
vn -0.0426 -0.9052 -0.4229
vn -0.0403 -0.9153 -0.4008
vn -0.0380 -0.9247 -0.3788
vn -0.0357 -0.9334 -0.3571
vn 0.0404 -0.9256 0.3763
vn 0.0931 -0.4445 0.8909
vn 0.0913 -0.4789 0.8731
vn 0.0897 -0.5063 0.8577
vn 0.0883 -0.5293 0.8438
vn 0.0870 -0.5497 0.8308
vn 0.0857 -0.5687 0.8181
vn 0.0844 -0.5872 0.8050
vn 0.0830 -0.6061 0.7910
vn 0.0814 -0.6264 0.7752
vn 0.0795 -0.6491 0.7565
vn 0.0771 -0.6758 0.7331
vn 0.0998 0.2417 0.9652
vn 0.0325 0.9446 0.3267
vn 0.0352 0.9353 0.3520
vn 0.0378 0.9254 0.3771
vn 0.0404 0.9148 0.4018
vn 0.0429 0.9035 0.4264
vn 0.0455 0.8914 0.4508
vn 0.0480 0.8786 0.4751
vn 0.0506 0.8650 0.4992
vn 0.0531 0.8505 0.5233
vn 0.0556 0.8352 0.5472
vn 0.0581 0.8189 0.5710
vn 0.1026 0.0932 0.9903
vn 0.0772 -0.6747 0.7341
vn 0.0795 -0.6483 0.7572
vn 0.0817 -0.6216 0.7790
vn 0.0838 -0.5947 0.7996
vn 0.0858 -0.5675 0.8189
vn 0.0876 -0.5403 0.8369
vn 0.0893 -0.5132 0.8536
vn 0.0909 -0.4861 0.8692
vn 0.0924 -0.4592 0.8835
vn 0.0937 -0.4326 0.8967
vn 0.0949 -0.4062 0.9088
vn 0.0929 0.4238 0.9010
vn 0.1023 -0.1452 0.9841
vn 0.0095 0.9944 0.1049
vn 0.0724 0.7028 0.7077
vn 0.0745 0.6820 0.7276
vn 0.0766 0.6600 0.7474
vn 0.0787 0.6368 0.7670
vn 0.0807 0.6124 0.7864
vn 0.0828 0.5867 0.8056
vn 0.0848 0.5596 0.8244
vn 0.0867 0.5311 0.8429
vn 0.0886 0.5012 0.8608
vn 0.0904 0.4700 0.8780
vn 0.0922 0.4372 0.8946
vn 0.0878 -0.5383 0.8382
vn -0.0861 -0.5397 -0.8374
vn -0.0937 0.4316 -0.8972
vn -0.0923 0.4599 -0.8831
vn -0.0908 0.4881 -0.8680
vn -0.0892 0.5161 -0.8519
vn -0.0874 0.5438 -0.8347
vn -0.0856 0.5711 -0.8164
vn -0.0836 0.5980 -0.7972
vn -0.0815 0.6243 -0.7769
vn -0.0794 0.6500 -0.7558
vn -0.0771 0.6750 -0.7338
vn -0.0748 0.6992 -0.7110
vn -0.0016 1.0000 -0.0011
vn -0.0698 0.7465 -0.6617
vn 0.0761 0.6653 0.7426
vn -0.0429 0.9151 -0.4009
vn -0.0448 0.9068 -0.4191
vn -0.0465 0.8990 -0.4356
vn -0.0481 0.8913 -0.4509
vn -0.0496 0.8835 -0.4657
vn -0.0511 0.8755 -0.4804
vn -0.0527 0.8670 -0.4956
vn -0.0543 0.8575 -0.5116
vn -0.0562 0.8465 -0.5294
vn -0.0582 0.8334 -0.5496
vn -0.0607 0.8169 -0.5736
vn -0.1028 0.1076 -0.9889
vn -0.0089 -0.9950 -0.0993
vn 0.0622 -0.8067 0.5877
vn 0.0599 -0.8222 0.5660
vn 0.0580 -0.8351 0.5470
vn 0.0562 -0.8462 0.5298
vn 0.0545 -0.8564 0.5135
vn 0.0529 -0.8659 0.4975
vn 0.0512 -0.8751 0.4812
vn 0.0495 -0.8843 0.4642
vn 0.0476 -0.8938 0.4459
vn 0.0455 -0.9038 0.4256
vn 0.0431 -0.9144 0.4024
vn 0.1014 -0.2005 0.9744
vn 0.0192 0.9798 0.1989
vn -0.0308 0.9584 -0.2836
vn -0.0330 0.9519 -0.3047
vn -0.0349 0.9456 -0.3233
vn -0.0367 0.9396 -0.3402
vn -0.0383 0.9337 -0.3559
vn -0.0398 0.9278 -0.3710
vn -0.0414 0.9216 -0.3858
vn -0.0429 0.9151 -0.4010
vn -0.0446 0.9078 -0.4171
vn -0.0464 0.8994 -0.4348
vn -0.0485 0.8891 -0.4551
vn -0.1010 0.2193 -0.9704
vn -0.0199 -0.9785 -0.2053
vn 0.0507 -0.8778 0.4763
vn 0.0482 -0.8907 0.4521
vn 0.0461 -0.9010 0.4314
vn 0.0442 -0.9097 0.4128
vn 0.0424 -0.9175 0.3956
vn 0.0407 -0.9245 0.3790
vn 0.0390 -0.9312 0.3625
vn 0.0372 -0.9376 0.3456
vn 0.0354 -0.9441 0.3278
vn 0.0334 -0.9506 0.3085
vn 0.0312 -0.9575 0.2869
vn 0.0991 -0.2933 0.9509
vn 0.0291 0.9555 0.2934
vn -0.1021 0.1636 -0.9812
vn -0.1022 0.1563 -0.9824
vn -0.1023 0.1490 -0.9835
vn -0.1024 0.1418 -0.9846
vn -0.1025 0.1343 -0.9856
vn -0.1026 0.1263 -0.9867
vn -0.1027 0.1177 -0.9877
vn -0.1028 0.1081 -0.9888
vn -0.1029 0.0972 -0.9899
vn -0.1030 0.0844 -0.9911
vn -0.1031 0.0691 -0.9923
vn -0.0811 -0.6076 -0.7901
vn 0.0639 -0.7938 0.6048
vn 0.1031 -0.0665 0.9924
vn 0.1030 -0.0798 0.9915
vn 0.1029 -0.0911 0.9905
vn 0.1028 -0.1010 0.9896
vn 0.1028 -0.1100 0.9886
vn 0.1027 -0.1185 0.9876
vn 0.1026 -0.1266 0.9866
vn 0.1025 -0.1347 0.9856
vn 0.1024 -0.1429 0.9844
vn 0.1022 -0.1516 0.9831
vn 0.1021 -0.1610 0.9817
vn 0.0835 0.5771 0.8124
vn -0.0607 0.8171 -0.5733
vn -0.1020 -0.1384 -0.9851
vn -0.1018 -0.1512 -0.9832
vn -0.1016 -0.1639 -0.9812
vn -0.1014 -0.1766 -0.9790
vn -0.1011 -0.1898 -0.9766
vn -0.1008 -0.2035 -0.9739
vn -0.1004 -0.2182 -0.9707
vn -0.1000 -0.2341 -0.9671
vn -0.0995 -0.2517 -0.9627
vn -0.0990 -0.2716 -0.9573
vn -0.0982 -0.2945 -0.9506
vn -0.0385 -0.9226 -0.3838
vn 0.0459 -0.9018 0.4298
vn 0.0428 -0.9159 0.3992
vn 0.0405 -0.9253 0.3771
vn 0.0388 -0.9320 0.3604
vn 0.0374 -0.9370 0.3473
vn 0.0363 -0.9409 0.3367
vn 0.0346 -0.9467 0.3203
vn 0.0339 -0.9489 0.3137
vn 0.0333 -0.9509 0.3077
vn 0.0327 -0.9527 0.3021
vn 0.0933 -0.4413 0.8925
vn 0.0972 0.3240 0.9410
vn 0.0985 0.2876 0.9527
vn 0.0994 0.2568 0.9613
vn 0.1001 0.2307 0.9678
vn 0.1007 0.2085 0.9728
vn 0.1011 0.1895 0.9767
vn 0.1014 0.1733 0.9796
vn 0.1017 0.1594 0.9820
vn 0.1019 0.1476 0.9838
vn 0.1020 0.1376 0.9852
vn 0.1022 0.1294 0.9863
vn 0.0600 0.8053 0.5898
vn -0.0842 0.5903 -0.8028
vn -0.0969 0.3575 -0.9289
vn -0.0973 0.3471 -0.9327
vn -0.0977 0.3374 -0.9363
vn -0.0980 0.3278 -0.9396
vn -0.0983 0.3183 -0.9429
vn -0.0986 0.3084 -0.9461
vn -0.0990 0.2980 -0.9494
vn -0.0993 0.2865 -0.9529
vn -0.0997 0.2736 -0.9567
vn -0.1001 0.2587 -0.9608
vn -0.1005 0.2407 -0.9654
vn -0.0896 -0.4842 -0.8704
vn 0.0521 -0.8703 0.4898
vn 0.1010 -0.2221 0.9698
vn 0.1005 -0.2405 0.9654
vn 0.1002 -0.2556 0.9616
vn 0.0998 -0.2687 0.9580
vn 0.0995 -0.2803 0.9547
vn 0.0992 -0.2909 0.9516
vn 0.0989 -0.3011 0.9485
vn 0.0986 -0.3109 0.9453
vn 0.0982 -0.3209 0.9420
vn 0.0979 -0.3313 0.9384
vn 0.0975 -0.3425 0.9344
vn 0.0922 0.4371 0.8947
vn -0.0457 0.9028 -0.4276
vn -0.0900 0.5020 -0.8602
vn -0.0887 0.5232 -0.8476
vn -0.0874 0.5435 -0.8348
vn -0.0861 0.5629 -0.8220
vn -0.0848 0.5815 -0.8091
vn -0.0835 0.5993 -0.7962
vn -0.0822 0.6163 -0.7832
vn -0.0809 0.6326 -0.7703
vn -0.0795 0.6482 -0.7573
vn -0.0782 0.6631 -0.7444
vn -0.0769 0.6774 -0.7315
vn -0.0030 0.9999 -0.0147
vn 0.0730 0.6970 0.7134
vn 0.0748 0.6788 0.7305
vn 0.0784 0.6405 0.7640
vn 0.0801 0.6203 0.7803
vn 0.0818 0.5994 0.7963
vn 0.0834 0.5777 0.8119
vn 0.0850 0.5554 0.8272
vn 0.0866 0.5324 0.8420
vn 0.0881 0.5088 0.8564
vn 0.0896 0.4844 0.8702
vn 0.0893 -0.5138 0.8532
vn -0.0474 -0.8817 -0.4695
vn -0.1031 -0.0373 -0.9940
vn -0.0939 -0.4027 -0.9105
vn -0.0937 -0.4081 -0.9081
vn -0.0934 -0.4137 -0.9056
vn -0.0931 -0.4197 -0.9029
vn -0.0928 -0.4261 -0.8999
vn -0.0924 -0.4328 -0.8967
vn -0.0921 -0.4399 -0.8933
vn -0.0917 -0.4473 -0.8897
vn -0.0913 -0.4551 -0.8858
vn -0.0908 -0.4633 -0.8815
vn -0.0903 -0.4719 -0.8770
vn -0.0894 0.5117 -0.8545
vn 0.0103 0.9936 0.1127
vn -0.0170 0.9885 -0.1505
vn -0.0985 0.3127 -0.9447
vn -0.0936 -0.4094 -0.9076
vn -0.0920 -0.4415 -0.8926
vn -0.0903 -0.4725 -0.8767
vn -0.0885 -0.5025 -0.8600
vn -0.0867 -0.5314 -0.8427
vn -0.0848 -0.5592 -0.8247
vn -0.0828 -0.5858 -0.8062
vn -0.0808 -0.6113 -0.7873
vn -0.0788 -0.6356 -0.7680
vn -0.0767 -0.6588 -0.7484
vn -0.0746 -0.6809 -0.7286
vn -0.1032 0.0480 -0.9935
vn -0.0674 0.7667 -0.6384
vn -0.0652 0.7844 -0.6168
vn -0.0629 0.8016 -0.5945
vn -0.0605 0.8185 -0.5713
vn -0.0580 0.8350 -0.5472
vn -0.0554 0.8511 -0.5221
vn -0.0527 0.8668 -0.4959
vn -0.0499 0.8821 -0.4684
vn -0.0469 0.8969 -0.4396
vn -0.0438 0.9113 -0.4094
vn -0.0405 0.9251 -0.3776
vn -0.1020 0.1699 -0.9802
vn -0.0681 -0.7424 -0.6664
vn -0.0710 -0.7163 -0.6942
vn -0.0734 -0.6933 -0.7169
vn -0.0755 -0.6723 -0.7364
vn -0.0773 -0.6525 -0.7538
vn -0.0790 -0.6333 -0.7699
vn -0.0806 -0.6138 -0.7853
vn -0.0822 -0.5934 -0.8007
vn -0.0839 -0.5713 -0.8165
vn -0.0857 -0.5463 -0.8332
vn -0.0876 -0.5169 -0.8516
vn -0.0304 -0.9516 -0.3060
vn 0.0450 -0.9058 0.4212
vn 0.0480 -0.8919 0.4497
vn 0.0508 -0.8773 0.4772
vn 0.0535 -0.8623 0.5035
vn 0.0561 -0.8468 0.5289
vn 0.0586 -0.8309 0.5534
vn 0.0611 -0.8145 0.5769
vn 0.0634 -0.7978 0.5996
vn 0.0656 -0.7807 0.6214
vn 0.0678 -0.7633 0.6425
vn 0.0699 -0.7455 0.6629
vn 0.0037 -0.9998 0.0217
vn -0.0643 -0.7736 -0.6304
vn -0.0622 -0.7894 -0.6107
vn -0.0601 -0.8047 -0.5907
vn -0.0580 -0.8193 -0.5705
vn -0.0559 -0.8333 -0.5500
vn -0.0537 -0.8468 -0.5292
vn -0.0515 -0.8598 -0.5081
vn -0.0492 -0.8722 -0.4866
vn -0.0469 -0.8842 -0.4647
vn -0.0446 -0.8958 -0.4423
vn -0.0422 -0.9068 -0.4194
vn 0.0905 -0.4933 0.8652
vn 0.0884 -0.5291 0.8439
vn 0.0865 -0.5575 0.8257
vn 0.0848 -0.5813 0.8092
vn 0.0832 -0.6026 0.7937
vn 0.0817 -0.6226 0.7783
vn 0.0800 -0.6423 0.7622
vn 0.0782 -0.6629 0.7446
vn 0.0761 -0.6855 0.7241
vn 0.0736 -0.7114 0.6989
vn 0.0702 -0.7429 0.6657
vn 0.1017 0.1572 0.9823
vn 0.0394 0.9191 0.3920
vn 0.0419 0.9084 0.4160
vn 0.0443 0.8971 0.4395
vn 0.0467 0.8853 0.4627
vn 0.0491 0.8728 0.4856
vn 0.0515 0.8596 0.5083
vn 0.0539 0.8457 0.5309
vn 0.0562 0.8311 0.5533
vn 0.0586 0.8156 0.5756
vn 0.0609 0.7993 0.5978
vn 0.0632 0.7820 0.6200
vn 0.1028 0.0775 0.9917
vn 0.0785 -0.6597 0.7474
vn 0.0796 -0.6474 0.7580
vn 0.0807 -0.6349 0.7684
vn 0.0817 -0.6221 0.7787
vn 0.0827 -0.6091 0.7888
vn 0.0838 -0.5958 0.7987
vn 0.0848 -0.5823 0.8086
vn 0.0857 -0.5684 0.8183
vn 0.0867 -0.5542 0.8279
vn 0.0877 -0.5396 0.8373
vn 0.0886 -0.5246 0.8467
vn 0.0078 -0.9981 0.0616
vn -0.0797 -0.6246 -0.7769
vn -0.0788 -0.6355 -0.7680
vn -0.0778 -0.6468 -0.7587
vn -0.0768 -0.6584 -0.7487
vn -0.0756 -0.6703 -0.7382
vn -0.0745 -0.6824 -0.7272
vn -0.0733 -0.6947 -0.7156
vn -0.0720 -0.7072 -0.7034
vn -0.0706 -0.7198 -0.6906
vn -0.0692 -0.7324 -0.6773
vn -0.0678 -0.7451 -0.6635
vn 0.0111 -0.9956 0.0932
vn 0.0808 -0.6334 0.7696
vn 0.0780 -0.6657 0.7421
vn 0.0756 -0.6908 0.7191
vn 0.0736 -0.7112 0.6991
vn 0.0717 -0.7288 0.6810
vn 0.0700 -0.7447 0.6638
vn 0.0682 -0.7596 0.6468
vn 0.0664 -0.7745 0.6291
vn 0.0644 -0.7899 0.6099
vn 0.0594 -0.8259 0.5607
vn 0.1031 -0.0728 0.9920
vn 0.0695 0.7301 0.6798
vn 0.0732 0.6949 0.7153
vn 0.0766 0.6601 0.7473
vn 0.0796 0.6258 0.7759
vn 0.0823 0.5920 0.8017
vn 0.0848 0.5588 0.8250
vn 0.0870 0.5259 0.8461
vn 0.0891 0.4933 0.8653
vn 0.0910 0.4607 0.8829
vn 0.0927 0.4278 0.8991
vn 0.0943 0.3940 0.9142
vn 0.0499 0.8686 0.4930
vn -0.0910 0.4845 -0.8700
vn 0.0358 0.9329 0.3584
vn 0.0468 0.8851 0.4630
vn 0.0552 0.8375 0.5436
vn 0.0616 0.7943 0.6044
vn 0.0663 0.7573 0.6497
vn 0.0699 0.7268 0.6833
vn 0.0724 0.7026 0.7079
vn 0.0743 0.6840 0.7256
vn 0.0756 0.6704 0.7381
vn 0.0765 0.6611 0.7464
vn 0.0770 0.6554 0.7513
vn 0.0773 0.6529 0.7535
vn 0.0779 0.6452 0.7600
vn 0.0790 0.6327 0.7704
vn 0.0799 0.6228 0.7783
vn 0.0805 0.6146 0.7847
vn 0.0811 0.6074 0.7902
vn 0.0817 0.6008 0.7952
vn 0.0821 0.5947 0.7998
vn 0.0826 0.5888 0.8041
vn 0.0830 0.5829 0.8083
vn 0.0839 0.5712 0.8165
vn 0.0890 -0.5186 0.8504
vn -0.0116 -0.9920 -0.1254
vn -0.0121 -0.9914 -0.1306
vn -0.0128 -0.9904 -0.1374
vn -0.0138 -0.9891 -0.1464
vn -0.0150 -0.9873 -0.1582
vn -0.0166 -0.9846 -0.1739
vn -0.0188 -0.9807 -0.1948
vn -0.0216 -0.9748 -0.2221
vn -0.0253 -0.9661 -0.2571
vn -0.0297 -0.9537 -0.2994
vn -0.0345 -0.9376 -0.3460
vn 0.0471 -0.8959 0.4417
vn 0.0997 -0.2729 0.9569
vn 0.0994 -0.2844 0.9535
vn 0.0991 -0.2936 0.9508
vn 0.0989 -0.3015 0.9483
vn 0.0986 -0.3089 0.9460
vn 0.0984 -0.3163 0.9435
vn 0.0981 -0.3241 0.9409
vn 0.0978 -0.3326 0.9380
vn 0.0975 -0.3424 0.9345
vn 0.0970 -0.3543 0.9301
vn 0.0965 -0.3692 0.9243
vn 0.0928 0.4266 0.8997
vn 0.0356 0.9336 0.3565
vn 0.0469 0.8843 0.4646
vn 0.0560 0.8323 0.5514
vn 0.0689 0.7355 0.6740
vn 0.0734 0.6936 0.7166
vn 0.0769 0.6566 0.7503
vn 0.0798 0.6240 0.7773
vn 0.0821 0.5956 0.7991
vn 0.0839 0.5708 0.8168
vn 0.0855 0.5492 0.8313
vn 0.0846 0.5614 0.8232
vn 0.0840 0.5695 0.8177
vn 0.0857 0.5456 0.8336
vn 0.0869 0.5276 0.8451
vn 0.0880 0.5117 0.8546
vn 0.0889 0.4965 0.8635
vn 0.0898 0.4810 0.8721
vn 0.0907 0.4645 0.8809
vn 0.0917 0.4464 0.8901
vn 0.0928 0.4262 0.8999
vn 0.0939 0.4030 0.9104
vn 0.0951 0.3758 0.9218
vn 0.0390 0.9204 0.3891
vn -0.0969 0.3578 -0.9287
vn -0.0924 -0.4334 -0.8964
vn -0.0917 -0.4465 -0.8901
vn -0.0910 -0.4596 -0.8835
vn -0.0903 -0.4727 -0.8766
vn -0.0895 -0.4862 -0.8693
vn -0.0887 -0.5000 -0.8615
vn -0.0878 -0.5144 -0.8530
vn -0.0868 -0.5295 -0.8439
vn -0.0857 -0.5454 -0.8338
vn -0.0846 -0.5624 -0.8225
vn -0.0832 -0.5806 -0.8099
vn -0.0907 0.4898 -0.8671
vn 0.0526 0.8532 0.5190
vn 0.0871 0.5257 0.8462
vn 0.0875 0.5193 0.8501
vn 0.0879 0.5127 0.8541
vn 0.0883 0.5057 0.8582
vn 0.0888 0.4983 0.8625
vn 0.0893 0.4904 0.8669
vn 0.0897 0.4821 0.8715
vn 0.0903 0.4733 0.8763
vn 0.0908 0.4638 0.8813
vn 0.0913 0.4537 0.8864
vn 0.0919 0.4429 0.8918
vn 0.0286 0.9569 0.2889
vn -0.1002 0.2556 -0.9616
vn -0.0882 -0.5074 -0.8572
vn -0.0874 -0.5202 -0.8496
vn -0.0866 -0.5328 -0.8418
vn -0.0848 -0.5583 -0.8253
vn -0.0839 -0.5713 -0.8164
vn -0.0829 -0.5847 -0.8070
vn -0.0818 -0.5985 -0.7969
vn -0.0807 -0.6129 -0.7860
vn -0.0794 -0.6280 -0.7741
vn -0.0780 -0.6440 -0.7610
vn -0.0913 0.4788 -0.8732
vn 0.0861 0.5405 0.8369
vn 0.0992 -0.2904 0.9518
vn 0.0990 -0.2980 0.9494
vn 0.0987 -0.3050 0.9472
vn 0.0985 -0.3114 0.9452
vn 0.0983 -0.3173 0.9432
vn 0.0982 -0.3226 0.9414
vn 0.0980 -0.3274 0.9398
vn 0.0979 -0.3317 0.9383
vn 0.0977 -0.3355 0.9369
vn 0.0976 -0.3389 0.9357
vn 0.0975 -0.3418 0.9347
vn 0.0907 0.4651 0.8806
vn -0.0484 0.8898 -0.4538
vn -0.0970 0.3545 -0.9300
vn -0.0975 0.3411 -0.9350
vn -0.0980 0.3286 -0.9394
vn -0.0984 0.3167 -0.9434
vn -0.0987 0.3049 -0.9473
vn -0.0991 0.2929 -0.9510
vn -0.0995 0.2803 -0.9547
vn -0.0999 0.2666 -0.9586
vn -0.1003 0.2513 -0.9627
vn -0.1007 0.2335 -0.9671
vn -0.1012 0.2118 -0.9721
vn -0.0881 -0.5088 -0.8563
vn 0.0548 -0.8547 0.5163
vn 0.1018 -0.1787 0.9786
vn 0.1017 -0.1842 0.9776
vn 0.1016 -0.1904 0.9764
vn 0.1015 -0.1973 0.9751
vn 0.1013 -0.2049 0.9735
vn 0.1012 -0.2131 0.9718
vn 0.1010 -0.2219 0.9698
vn 0.1008 -0.2313 0.9677
vn 0.1005 -0.2413 0.9652
vn 0.1003 -0.2518 0.9626
vn 0.1000 -0.2630 0.9596
vn 0.0571 -0.8407 0.5384
vn -0.0146 -0.9879 -0.1544
vn -0.0149 -0.9874 -0.1577
vn -0.0154 -0.9866 -0.1623
vn -0.0161 -0.9855 -0.1690
vn -0.0171 -0.9838 -0.1786
vn -0.0186 -0.9811 -0.1927
vn -0.0207 -0.9768 -0.2133
vn -0.0239 -0.9696 -0.2435
vn -0.0284 -0.9576 -0.2866
vn -0.0344 -0.9381 -0.3448
vn -0.0416 -0.9094 -0.4138
vn 0.0430 -0.9150 0.4011
vn 0.0996 -0.2759 0.9560
vn 0.0992 -0.2891 0.9522
vn 0.0989 -0.2990 0.9491
vn 0.0987 -0.3072 0.9465
vn 0.0984 -0.3145 0.9441
vn 0.0982 -0.3216 0.9418
vn 0.0980 -0.3289 0.9393
vn 0.0977 -0.3368 0.9365
vn 0.0974 -0.3458 0.9333
vn 0.0970 -0.3566 0.9292
vn 0.0964 -0.3704 0.9239
vn 0.0928 0.4250 0.9004
vn -0.0944 -0.3918 -0.9152
vn -0.0934 -0.4139 -0.9055
vn -0.0924 -0.4342 -0.8961
vn -0.0914 -0.4535 -0.8866
vn -0.0903 -0.4723 -0.8768
vn -0.0892 -0.4910 -0.8666
vn -0.0881 -0.5099 -0.8557
vn -0.0868 -0.5294 -0.8439
vn -0.0854 -0.5498 -0.8309
vn -0.0839 -0.5714 -0.8164
vn -0.0821 -0.5946 -0.7998
vn -0.1029 0.0995 -0.9897
vn -0.0699 0.7455 -0.6628
vn -0.0712 0.7332 -0.6763
vn -0.0724 0.7223 -0.6878
vn -0.0735 0.7124 -0.6980
vn -0.0744 0.7032 -0.7071
vn -0.0753 0.6945 -0.7156
vn -0.0761 0.6860 -0.7236
vn -0.0769 0.6775 -0.7315
vn -0.0777 0.6687 -0.7395
vn -0.0786 0.6591 -0.7480
vn -0.1028 -0.0823 -0.9913
vn 0.0121 -0.9947 0.1024
vn 0.0821 -0.6171 0.7826
vn 0.0810 -0.6311 0.7715
vn 0.0799 -0.6437 0.7611
vn 0.0789 -0.6554 0.7512
vn 0.0779 -0.6664 0.7415
vn 0.0769 -0.6772 0.7318
vn 0.0759 -0.6878 0.7219
vn 0.0749 -0.6986 0.7116
vn 0.0737 -0.7096 0.7007
vn 0.0725 -0.7211 0.6890
vn 0.0712 -0.7333 0.6761
vn -0.0022 -0.9994 -0.0351
vn -0.0727 -0.6998 -0.7106
vn -0.0708 -0.7184 -0.6920
vn -0.0687 -0.7371 -0.6723
vn -0.0665 -0.7559 -0.6513
vn -0.0641 -0.7749 -0.6288
vn -0.0616 -0.7941 -0.6046
vn -0.0589 -0.8136 -0.5785
vn -0.0559 -0.8332 -0.5502
vn -0.0527 -0.8529 -0.5195
vn -0.0492 -0.8726 -0.4860
vn -0.0454 -0.8921 -0.4496
vn 0.0199 -0.9838 0.1783
vn 0.1008 0.2029 0.9740
vn 0.0413 0.9110 0.4103
vn 0.0458 0.8898 0.4540
vn 0.0500 0.8682 0.4936
vn 0.0537 0.8465 0.5297
vn 0.0572 0.8247 0.5627
vn 0.0604 0.8029 0.5930
vn 0.0633 0.7811 0.6211
vn 0.0661 0.7593 0.6474
vn 0.0687 0.7371 0.6722
vn 0.0712 0.7146 0.6959
vn 0.0736 0.6914 0.7187
vn 0.0762 0.6639 0.7439
vn 0.0788 0.6353 0.7682
vn 0.0809 0.6104 0.7880
vn 0.0827 0.5868 0.8055
vn 0.0845 0.5638 0.8216
vn 0.0861 0.5406 0.8369
vn 0.0876 0.5165 0.8518
vn 0.0892 0.4908 0.8667
vn 0.0909 0.4624 0.8820
vn 0.0926 0.4299 0.8981
vn 0.0944 0.3917 0.9152
vn 0.0964 0.3451 0.9336
vn 0.0847 -0.5834 0.8077
vn 0.0014 -1.0000 -0.0001
vn 0.0010 -1.0000 -0.0045
vn -0.0002 -0.9999 -0.0158
vn -0.0015 -0.9996 -0.0281
vn -0.0025 -0.9993 -0.0377
vn -0.0033 -0.9990 -0.0455
vn -0.0039 -0.9986 -0.0519
vn -0.0045 -0.9983 -0.0573
vn -0.0050 -0.9981 -0.0621
vn -0.0055 -0.9978 -0.0665
vn -0.0059 -0.9975 -0.0707
vn -0.0064 -0.9971 -0.0752
vn -0.0070 -0.9967 -0.0810
vn 0.0709 -0.7364 0.6728
vn 0.0673 0.7492 0.6589
vn -0.0130 0.9937 -0.1112
vn -0.0112 0.9955 -0.0943
vn -0.0101 0.9964 -0.0837
vn -0.0093 0.9971 -0.0758
vn -0.0086 0.9976 -0.0690
vn -0.0079 0.9980 -0.0626
vn -0.0073 0.9984 -0.0562
vn -0.0065 0.9988 -0.0491
vn -0.0057 0.9991 -0.0409
vn -0.0046 0.9995 -0.0307
vn -0.0033 0.9998 -0.0174
vn -0.0019 1.0000 -0.0048
vn -0.0014 1.0000 0.0001
vn -0.0010 1.0000 0.0039
vn 0.0002 0.9999 0.0156
vn 0.0019 0.9995 0.0319
vn 0.0036 0.9988 0.0490
vn 0.0055 0.9977 0.0673
vn 0.0076 0.9962 0.0869
vn 0.0098 0.9941 0.1081
vn 0.0122 0.9913 0.1313
vn 0.0149 0.9875 0.1569
vn 0.0178 0.9825 0.1855
vn 0.0212 0.9758 0.2179
vn 0.0251 0.9667 0.2549
vn -0.0206 0.9826 -0.1844
vn -0.1023 0.1469 -0.9838
vn -0.0839 -0.5716 -0.8162
vn -0.0854 -0.5509 -0.8302
vn -0.0864 -0.5352 -0.8403
vn -0.0873 -0.5221 -0.8484
vn -0.0880 -0.5103 -0.8555
vn -0.0887 -0.4989 -0.8621
vn -0.0894 -0.4872 -0.8687
vn -0.0902 -0.4745 -0.8756
vn -0.0910 -0.4601 -0.8832
vn -0.0919 -0.4429 -0.8918
vn -0.0930 -0.4213 -0.9022
vn -0.0943 -0.3947 -0.9140
vn 0.0012 -1.0000 -0.0022
vn 0.0006 -1.0000 -0.0079
vn -0.0000 -0.9999 -0.0144
vn -0.0006 -0.9998 -0.0197
vn -0.0011 -0.9997 -0.0242
vn -0.0015 -0.9996 -0.0279
vn -0.0018 -0.9995 -0.0311
vn -0.0021 -0.9994 -0.0339
vn -0.0023 -0.9993 -0.0363
vn -0.0025 -0.9993 -0.0385
vn -0.0027 -0.9992 -0.0403
vn -0.0029 -0.9991 -0.0419
vn 0.0724 -0.7221 0.6880
vn 0.0677 0.7458 0.6627
vn -0.0123 0.9944 -0.1048
vn -0.0110 0.9957 -0.0917
vn -0.0098 0.9967 -0.0803
vn -0.0087 0.9975 -0.0700
vn -0.0077 0.9981 -0.0606
vn -0.0068 0.9986 -0.0519
vn -0.0060 0.9990 -0.0435
vn -0.0051 0.9994 -0.0353
vn -0.0043 0.9996 -0.0270
vn -0.0034 0.9998 -0.0185
vn -0.0024 1.0000 -0.0095
vn -0.0017 1.0000 -0.0024
vn -0.0013 1.0000 0.0018
vn -0.0008 1.0000 0.0064
vn -0.0002 0.9999 0.0119
vn 0.0003 0.9999 0.0168
vn 0.0007 0.9998 0.0212
vn 0.0012 0.9997 0.0251
vn 0.0015 0.9996 0.0288
vn 0.0019 0.9995 0.0323
vn 0.0023 0.9994 0.0356
vn 0.0026 0.9992 0.0390
vn 0.0030 0.9991 0.0424
vn 0.0033 0.9989 0.0460
vn -0.0739 0.7079 -0.7024
vn -0.1030 -0.0470 -0.9936
vn -0.1030 -0.0492 -0.9935
vn -0.1030 -0.0501 -0.9934
vn -0.1030 -0.0497 -0.9934
vn -0.1030 -0.0482 -0.9935
vn -0.1031 -0.0456 -0.9936
vn -0.1031 -0.0419 -0.9938
vn -0.1031 -0.0368 -0.9940
vn -0.1031 -0.0303 -0.9942
vn -0.1032 -0.0222 -0.9944
vn -0.1032 -0.0121 -0.9946
vn -0.1032 -0.0032 -0.9947
vn -0.1032 0.0033 -0.9947
vn -0.1032 0.0121 -0.9946
vn -0.1032 0.0224 -0.9944
vn -0.1032 0.0309 -0.9942
vn -0.1032 0.0380 -0.9939
vn -0.1032 0.0440 -0.9937
vn -0.1032 0.0491 -0.9935
vn -0.1032 0.0534 -0.9932
vn -0.1031 0.0569 -0.9930
vn -0.1031 0.0597 -0.9929
vn -0.1031 0.0618 -0.9927
vn -0.1031 0.0627 -0.9927
vn -0.0743 -0.6845 -0.7252
vn 0.0753 -0.6944 0.7157
vn 0.0012 -1.0000 -0.0021
vn 0.0007 -1.0000 -0.0077
vn -0.0001 -0.9999 -0.0146
vn -0.0007 -0.9998 -0.0210
vn -0.0013 -0.9996 -0.0269
vn -0.0019 -0.9995 -0.0325
vn -0.0025 -0.9993 -0.0379
vn -0.0030 -0.9991 -0.0432
vn -0.0036 -0.9988 -0.0485
vn -0.0042 -0.9985 -0.0540
vn -0.0048 -0.9982 -0.0598
vn -0.0054 -0.9978 -0.0663
vn 0.0714 -0.7314 0.6782
vn 0.0678 0.7445 0.6641
vn -0.0121 0.9946 -0.1027
vn -0.0111 0.9956 -0.0926
vn -0.0101 0.9965 -0.0834
vn -0.0092 0.9972 -0.0747
vn -0.0083 0.9978 -0.0663
vn -0.0074 0.9983 -0.0578
vn -0.0066 0.9988 -0.0493
vn -0.0056 0.9992 -0.0405
vn -0.0047 0.9995 -0.0313
vn -0.0037 0.9998 -0.0215
vn -0.0026 0.9999 -0.0110
vn -0.0017 1.0000 -0.0027
vn -0.0865 -0.5341 -0.8410
vn -0.0849 -0.5581 -0.8254
vn -0.0832 -0.5805 -0.8100
vn -0.0815 -0.6024 -0.7940
vn -0.0797 -0.6247 -0.7768
vn -0.0777 -0.6478 -0.7579
vn -0.0755 -0.6721 -0.7366
vn -0.0729 -0.6980 -0.7124
vn -0.0700 -0.7259 -0.6843
vn -0.0624 -0.7882 -0.6123
vn 0.0035 -0.9998 0.0201
vn 0.1030 0.0593 0.9929
vn 0.0562 0.8315 0.5527
vn 0.0610 0.7981 0.5994
vn 0.0651 0.7674 0.6379
vn 0.0685 0.7387 0.6706
vn 0.0715 0.7115 0.6991
vn 0.0742 0.6851 0.7247
vn 0.0767 0.6587 0.7485
vn 0.0792 0.6312 0.7715
vn 0.0816 0.6013 0.7948
vn 0.0842 0.5669 0.8195
vn 0.0871 0.5243 0.8470
vn 0.0901 -0.4999 0.8614
vn 0.0012 -1.0000 -0.0024
vn 0.0005 -1.0000 -0.0091
vn -0.0004 -0.9998 -0.0179
vn -0.0013 -0.9996 -0.0267
vn -0.0022 -0.9994 -0.0353
vn -0.0031 -0.9990 -0.0439
vn -0.0040 -0.9986 -0.0524
vn -0.0049 -0.9981 -0.0608
vn -0.0057 -0.9976 -0.0692
vn -0.0066 -0.9970 -0.0774
vn -0.0074 -0.9963 -0.0856
vn -0.0083 -0.9956 -0.0936
vn 0.0704 -0.7410 0.6679
vn 0.0667 0.7539 0.6536
vn -0.0151 0.9912 -0.1313
vn -0.0141 0.9924 -0.1221
vn -0.0131 0.9935 -0.1127
vn -0.0121 0.9946 -0.1030
vn -0.0111 0.9956 -0.0929
vn -0.0100 0.9966 -0.0823
vn -0.0088 0.9974 -0.0711
vn -0.0076 0.9982 -0.0591
vn -0.0062 0.9989 -0.0461
vn -0.0048 0.9995 -0.0321
vn -0.0032 0.9999 -0.0166
vn -0.0019 1.0000 -0.0042
vn -0.0008 1.0000 0.0061
vn 0.0008 0.9998 0.0215
vn 0.0025 0.9993 0.0383
vn 0.0039 0.9987 0.0518
vn 0.0051 0.9980 0.0634
vn 0.0062 0.9972 0.0740
vn 0.0073 0.9964 0.0843
vn 0.0084 0.9954 0.0951
vn 0.0096 0.9942 0.1069
vn 0.0111 0.9926 0.1207
vn 0.0129 0.9903 0.1381
vn 0.0154 0.9867 0.1620
vn -0.0312 0.9573 -0.2875
vn -0.1029 0.0913 -0.9905
vn -0.0824 -0.5914 -0.8022
vn -0.0814 -0.6040 -0.7928
vn -0.0808 -0.6120 -0.7868
vn -0.0804 -0.6164 -0.7833
vn -0.0803 -0.6179 -0.7822
vn -0.0804 -0.6167 -0.7831
vn -0.0807 -0.6129 -0.7861
vn -0.0812 -0.6062 -0.7912
vn -0.0820 -0.5961 -0.7987
vn -0.0831 -0.5820 -0.8089
vn -0.0845 -0.5625 -0.8225
vn -0.0864 -0.5364 -0.8395
vn 0.1013 0.1775 0.9789
vn 0.0328 0.9437 0.3293
vn 0.0353 0.9351 0.3527
vn 0.0376 0.9262 0.3751
vn 0.0398 0.9171 0.3967
vn 0.0421 0.9074 0.4181
vn 0.0443 0.8973 0.4393
vn 0.0465 0.8863 0.4607
vn 0.0488 0.8745 0.4825
vn 0.0512 0.8616 0.5050
vn 0.0536 0.8473 0.5284
vn 0.0562 0.8314 0.5528
vn 0.0572 0.8249 0.5623
vn 0.0616 0.7944 0.6042
vn 0.0706 0.7199 0.6905
vn 0.0790 0.6326 0.7704
vn 0.0863 0.5370 0.8392
vn 0.0921 0.4387 0.8939
vn 0.0964 0.3438 0.9341
vn 0.0994 0.2570 0.9613
vn 0.1013 0.1813 0.9782
vn 0.1023 0.1182 0.9877
vn 0.1029 0.0676 0.9924
vn 0.1031 0.0290 0.9942
vn 0.1032 0.0045 0.9946
vn 0.1032 -0.0075 0.9946
vn 0.1032 -0.0155 0.9945
vn 0.1032 -0.0242 0.9944
vn 0.1032 -0.0334 0.9941
vn 0.1032 -0.0431 0.9937
vn 0.1032 -0.0532 0.9932
vn 0.1031 -0.0635 0.9926
vn 0.1030 -0.0739 0.9919
vn 0.1030 -0.0843 0.9911
vn 0.1029 -0.0946 0.9902
vn 0.1028 -0.1048 0.9892
vn 0.0759 0.6672 0.7410
vn -0.0743 0.7038 -0.7065
vn -0.1032 -0.0234 -0.9944
vn -0.1030 -0.0591 -0.9929
vn -0.1024 -0.1111 -0.9885
vn -0.1013 -0.1807 -0.9783
vn -0.0991 -0.2682 -0.9583
vn -0.0953 -0.3710 -0.9237
vn -0.0897 -0.4828 -0.8711
vn -0.0822 -0.5945 -0.7999
vn -0.0731 -0.6961 -0.7142
vn -0.0634 -0.7809 -0.6214
vn -0.0538 -0.8464 -0.5298
vn 0.0103 -0.9963 0.0856
vt 0.324324 0.000000
vt 0.337838 0.000000
vt 0.331081 0.000000
vt 0.344595 0.000000
vt 0.351351 0.000000
vt 0.567568 0.000000
vt 0.581081 0.000000
vt 0.574324 0.000000
vt 0.358108 0.000000
vt 0.560811 0.000000
vt 0.554054 0.000000
vt 0.364865 0.000000
vt 0.547297 0.000000
vt 0.371622 0.000000
vt 0.540541 0.000000
vt 0.378378 0.000000
vt 0.533784 0.000000
vt 0.527027 0.000000
vt 0.385135 0.000000
vt 0.520270 0.000000
vt 0.391892 0.000000
vt 0.513514 0.000000
vt 0.398649 0.000000
vt 0.506757 0.000000
vt 0.405405 0.000000
vt 0.500000 0.000000
vt 0.412162 0.000000
vt 0.493243 0.000000
vt 0.418919 0.000000
vt 0.425676 0.000000
vt 0.432432 0.000000
vt 0.439189 0.000000
vt 0.445946 0.000000
vt 0.452703 0.000000
vt 0.459459 0.000000
vt 0.466216 0.000000
vt 0.472973 0.000000
vt 0.479730 0.000000
vt 0.486486 0.000000
vt 0.317568 0.000000
vt 0.310811 0.000000
vt 0.304054 0.000000
vt 0.297297 0.000000
vt 0.290541 0.000000
vt 0.283784 0.000000
vt 0.277027 0.000000
vt 0.587838 0.000000
vt 0.594595 0.000000
vt 0.270270 0.000000
vt 0.601351 0.000000
vt 0.608108 0.000000
vt 0.263514 0.000000
vt 0.614865 0.000000
vt 0.621622 0.000000
vt 0.256757 0.000000
vt 0.628378 0.000000
vt 0.635135 0.000000
vt 0.250000 0.000000
vt 0.641892 0.000000
vt 0.648649 0.000000
vt 0.243243 0.000000
vt 0.655405 0.000000
vt 0.236486 0.000000
vt 0.229730 0.000000
vt 0.222973 0.000000
vt 0.216216 0.000000
vt 0.209459 0.000000
vt 0.202703 0.000000
vt 0.195946 0.000000
vt 0.189189 0.000000
vt 0.182432 0.000000
vt 0.168919 0.000000
vt 0.162162 0.000000
vt 0.662162 0.000000
vt 0.175676 0.000000
vt 0.155405 0.000000
vt 0.000000 0.000000
vt 0.148649 0.000000
vt 0.006757 0.000000
vt 0.141892 0.000000
vt 0.013514 0.000000
vt 0.135135 0.000000
vt 0.020270 0.000000
vt 0.128378 0.000000
vt 0.027027 0.000000
vt 0.121622 0.000000
vt 0.905405 0.000000
vt 0.918919 0.000000
vt 0.912162 0.000000
vt 0.925676 0.000000
vt 0.898649 0.000000
vt 0.891892 0.000000
vt 0.033784 0.000000
vt 0.114865 0.000000
vt 0.885135 0.000000
vt 0.878378 0.000000
vt 0.871622 0.000000
vt 0.864865 0.000000
vt 0.040541 0.000000
vt 0.108108 0.000000
vt 0.858108 0.000000
vt 0.851351 0.000000
vt 0.844595 0.000000
vt 0.101351 0.000000
vt 0.837838 0.000000
vt 0.047297 0.000000
vt 0.932432 0.000000
vt 0.831081 0.000000
vt 0.824324 0.000000
vt 0.094595 0.000000
vt 0.054054 0.000000
vt 0.087838 0.000000
vt 0.081081 0.000000
vt 0.060811 0.000000
vt 0.817568 0.000000
vt 0.074324 0.000000
vt 0.939189 0.000000
vt 0.067568 0.000000
vt 0.810811 0.000000
vt 0.945946 0.000000
vt 0.804054 0.000000
vt 0.797297 0.000000
vt 0.952703 0.000000
vt 0.790541 0.000000
vt 0.959459 0.000000
vt 0.783784 0.000000
vt 0.777027 0.000000
vt 0.966216 0.000000
vt 0.770270 0.000000
vt 0.972973 0.000000
vt 0.763514 0.000000
vt 0.756757 0.000000
vt 0.979730 0.000000
vt 0.750000 0.000000
vt 0.986486 0.000000
vt 0.743243 0.000000
vt 0.736486 0.000000
vt 0.729730 0.000000
vt 0.722973 0.000000
vt 0.716216 0.000000
vt 0.709459 0.000000
vt 0.702703 0.000000
vt 0.695946 0.000000
vt 0.689189 0.000000
vt 0.993243 0.000000
vt 0.682432 0.000000
vt 0.675676 0.000000
vt 0.668919 0.000000
vt 1.000000 0.000000
vt 0.150538 0.000000
vt 0.172043 0.000000
vt 0.161290 0.000000
vt 0.182796 0.000000
vt 0.193548 0.000000
vt 0.204301 0.000000
vt 0.215054 0.000000
vt 0.225806 0.000000
vt 0.419355 0.000000
vt 0.440860 0.000000
vt 0.430108 0.000000
vt 0.408602 0.000000
vt 0.397849 0.000000
vt 0.236559 0.000000
vt 0.387097 0.000000
vt 0.247312 0.000000
vt 0.376344 0.000000
vt 0.365591 0.000000
vt 0.258065 0.000000
vt 0.354839 0.000000
vt 0.344086 0.000000
vt 0.268817 0.000000
vt 0.333333 0.000000
vt 0.322581 0.000000
vt 0.279570 0.000000
vt 0.311828 0.000000
vt 0.290323 0.000000
vt 0.301075 0.000000
vt 0.451613 0.000000
vt 0.462366 0.000000
vt 0.473118 0.000000
vt 0.483871 0.000000
vt 0.494624 0.000000
vt 0.505376 0.000000
vt 0.516129 0.000000
vt 0.139785 0.000000
vt 0.129032 0.000000
vt 0.118280 0.000000
vt 0.526882 0.000000
vt 0.107527 0.000000
vt 0.096774 0.000000
vt 0.086022 0.000000
vt 0.075269 0.000000
vt 0.537634 0.000000
vt 0.064516 0.000000
vt 0.053763 0.000000
vt 0.548387 0.000000
vt 0.043011 0.000000
vt 0.032258 0.000000
vt 0.559140 0.000000
vt 0.021505 0.000000
vt 0.010753 0.000000
vt 0.569892 0.000000
vt 0.860215 0.000000
vt 0.881720 0.000000
vt 0.870968 0.000000
vt 0.892473 0.000000
vt 0.903226 0.000000
vt 0.913979 0.000000
vt 0.924731 0.000000
vt 0.935484 0.000000
vt 0.946237 0.000000
vt 0.956989 0.000000
vt 0.967742 0.000000
vt 0.978495 0.000000
vt 0.989247 0.000000
vt 0.849462 0.000000
vt 0.838710 0.000000
vt 0.827957 0.000000
vt 0.580645 0.000000
vt 0.817204 0.000000
vt 0.806452 0.000000
vt 0.795699 0.000000
vt 0.591398 0.000000
vt 0.784946 0.000000
vt 0.774194 0.000000
vt 0.763441 0.000000
vt 0.602151 0.000000
vt 0.752688 0.000000
vt 0.741935 0.000000
vt 0.612903 0.000000
vt 0.731183 0.000000
vt 0.720430 0.000000
vt 0.623656 0.000000
vt 0.709677 0.000000
vt 0.634409 0.000000
vt 0.645161 0.000000
vt 0.655914 0.000000
vt 0.666667 0.000000
vt 0.677419 0.000000
vt 0.688172 0.000000
vt 0.698925 0.000000
vt 0.904762 0.000000
vt 0.918367 0.000000
vt 0.911565 0.000000
vt 0.897959 0.000000
vt 0.659864 0.000000
vt 0.673469 0.000000
vt 0.891156 0.000000
vt 0.680272 0.000000
vt 0.687075 0.000000
vt 0.884354 0.000000
vt 0.693878 0.000000
vt 0.877551 0.000000
vt 0.700680 0.000000
vt 0.707483 0.000000
vt 0.870748 0.000000
vt 0.714286 0.000000
vt 0.863946 0.000000
vt 0.721088 0.000000
vt 0.857143 0.000000
vt 0.727891 0.000000
vt 0.850340 0.000000
vt 0.734694 0.000000
vt 0.843537 0.000000
vt 0.741497 0.000000
vt 0.836735 0.000000
vt 0.748299 0.000000
vt 0.829932 0.000000
vt 0.755102 0.000000
vt 0.761905 0.000000
vt 0.768707 0.000000
vt 0.775510 0.000000
vt 0.782313 0.000000
vt 0.789116 0.000000
vt 0.795918 0.000000
vt 0.802721 0.000000
vt 0.809524 0.000000
vt 0.816327 0.000000
vt 0.823129 0.000000
vt 0.653061 0.000000
vt 0.925170 0.000000
vt 0.931973 0.000000
vt 0.646259 0.000000
vt 0.938776 0.000000
vt 0.639456 0.000000
vt 0.945578 0.000000
vt 0.632653 0.000000
vt 0.625850 0.000000
vt 0.952381 0.000000
vt 0.619048 0.000000
vt 0.959184 0.000000
vt 0.612245 0.000000
vt 0.605442 0.000000
vt 0.965986 0.000000
vt 0.598639 0.000000
vt 0.972789 0.000000
vt 0.591837 0.000000
vt 0.979592 0.000000
vt 0.986395 0.000000
vt 0.585034 0.000000
vt 0.993197 0.000000
vt 0.578231 0.000000
vt 0.564626 0.000000
vt 0.557823 0.000000
vt 0.551020 0.000000
vt 0.544218 0.000000
vt 0.537415 0.000000
vt 0.530612 0.000000
vt 0.523810 0.000000
vt 0.517007 0.000000
vt 0.510204 0.000000
vt 0.503401 0.000000
vt 0.496599 0.000000
vt 0.571429 0.000000
vt 0.489796 0.000000
vt 0.006803 0.000000
vt 0.482993 0.000000
vt 0.013605 0.000000
vt 0.476190 0.000000
vt 0.020408 0.000000
vt 0.469388 0.000000
vt 0.027211 0.000000
vt 0.462585 0.000000
vt 0.034014 0.000000
vt 0.455782 0.000000
vt 0.040816 0.000000
vt 0.448980 0.000000
vt 0.047619 0.000000
vt 0.442177 0.000000
vt 0.435374 0.000000
vt 0.054422 0.000000
vt 0.428571 0.000000
vt 0.061224 0.000000
vt 0.421769 0.000000
vt 0.068027 0.000000
vt 0.414966 0.000000
vt 0.074830 0.000000
vt 0.408163 0.000000
vt 0.081633 0.000000
vt 0.401361 0.000000
vt 0.088435 0.000000
vt 0.394558 0.000000
vt 0.244898 0.000000
vt 0.095238 0.000000
vt 0.251701 0.000000
vt 0.238095 0.000000
vt 0.102041 0.000000
vt 0.387755 0.000000
vt 0.231293 0.000000
vt 0.258503 0.000000
vt 0.108844 0.000000
vt 0.380952 0.000000
vt 0.224490 0.000000
vt 0.265306 0.000000
vt 0.115646 0.000000
vt 0.374150 0.000000
vt 0.217687 0.000000
vt 0.272109 0.000000
vt 0.122449 0.000000
vt 0.367347 0.000000
vt 0.210884 0.000000
vt 0.278912 0.000000
vt 0.129252 0.000000
vt 0.360544 0.000000
vt 0.204082 0.000000
vt 0.285714 0.000000
vt 0.136054 0.000000
vt 0.353741 0.000000
vt 0.197279 0.000000
vt 0.292517 0.000000
vt 0.346939 0.000000
vt 0.142857 0.000000
vt 0.190476 0.000000
vt 0.299320 0.000000
vt 0.340136 0.000000
vt 0.149660 0.000000
vt 0.183673 0.000000
vt 0.306122 0.000000
vt 0.156463 0.000000
vt 0.326531 0.000000
vt 0.176871 0.000000
vt 0.312925 0.000000
vt 0.170068 0.000000
vt 0.163265 0.000000
vt 0.319728 0.000000
vt 0.606557 0.000000
vt 0.610656 0.000000
vt 0.608607 0.000000
vt 0.456967 0.000000
vt 0.461066 0.000000
vt 0.459016 0.000000
vt 0.159836 0.000000
vt 0.161885 0.000000
vt 0.454918 0.000000
vt 0.604508 0.000000
vt 0.612705 0.000000
vt 0.163934 0.000000
vt 0.165984 0.000000
vt 0.168033 0.000000
vt 0.452869 0.000000
vt 0.170082 0.000000
vt 0.614754 0.000000
vt 0.602459 0.000000
vt 0.172131 0.000000
vt 0.174180 0.000000
vt 0.450820 0.000000
vt 0.176230 0.000000
vt 0.616803 0.000000
vt 0.600410 0.000000
vt 0.178279 0.000000
vt 0.180328 0.000000
vt 0.182377 0.000000
vt 0.448770 0.000000
vt 0.618852 0.000000
vt 0.184426 0.000000
vt 0.188525 0.000000
vt 0.186475 0.000000
vt 0.598361 0.000000
vt 0.620902 0.000000
vt 0.446721 0.000000
vt 0.190574 0.000000
vt 0.596311 0.000000
vt 0.622951 0.000000
vt 0.444672 0.000000
vt 0.659836 0.000000
vt 0.663934 0.000000
vt 0.661885 0.000000
vt 0.155738 0.000000
vt 0.153689 0.000000
vt 0.192623 0.000000
vt 0.594262 0.000000
vt 0.657787 0.000000
vt 0.625000 0.000000
vt 0.157787 0.000000
vt 0.151639 0.000000
vt 0.442623 0.000000
vt 0.655738 0.000000
vt 0.194672 0.000000
vt 0.592213 0.000000
vt 0.106557 0.000000
vt 0.149590 0.000000
vt 0.653689 0.000000
vt 0.665984 0.000000
vt 0.627049 0.000000
vt 0.108607 0.000000
vt 0.590164 0.000000
vt 0.651639 0.000000
vt 0.440574 0.000000
vt 0.196721 0.000000
vt 0.147541 0.000000
vt 0.110656 0.000000
vt 0.649590 0.000000
vt 0.629098 0.000000
vt 0.145492 0.000000
vt 0.588115 0.000000
vt 0.668033 0.000000
vt 0.112705 0.000000
vt 0.198770 0.000000
vt 0.647541 0.000000
vt 0.438525 0.000000
vt 0.385246 0.000000
vt 0.143443 0.000000
vt 0.586066 0.000000
vt 0.645492 0.000000
vt 0.114754 0.000000
vt 0.631148 0.000000
vt 0.387295 0.000000
vt 0.383197 0.000000
vt 0.141393 0.000000
vt 0.584016 0.000000
vt 0.200820 0.000000
vt 0.643443 0.000000
vt 0.116803 0.000000
vt 0.389344 0.000000
vt 0.436475 0.000000
vt 0.670082 0.000000
vt 0.381148 0.000000
vt 0.581967 0.000000
vt 0.391393 0.000000
vt 0.641393 0.000000
vt 0.139344 0.000000
vt 0.633197 0.000000
vt 0.118852 0.000000
vt 0.579918 0.000000
vt 0.379098 0.000000
vt 0.202869 0.000000
vt 0.393443 0.000000
vt 0.577869 0.000000
vt 0.639344 0.000000
vt 0.137295 0.000000
vt 0.434426 0.000000
vt 0.120902 0.000000
vt 0.395492 0.000000
vt 0.575820 0.000000
vt 0.377049 0.000000
vt 0.672131 0.000000
vt 0.637295 0.000000
vt 0.635246 0.000000
vt 0.573770 0.000000
vt 0.397541 0.000000
vt 0.135246 0.000000
vt 0.122951 0.000000
vt 0.204918 0.000000
vt 0.571721 0.000000
vt 0.375000 0.000000
vt 0.399590 0.000000
vt 0.569672 0.000000
vt 0.432377 0.000000
vt 0.133197 0.000000
vt 0.430328 0.000000
vt 0.567623 0.000000
vt 0.125000 0.000000
vt 0.428279 0.000000
vt 0.372951 0.000000
vt 0.401639 0.000000
vt 0.565574 0.000000
vt 0.426230 0.000000
vt 0.563525 0.000000
vt 0.206967 0.000000
vt 0.561475 0.000000
vt 0.424180 0.000000
vt 0.674180 0.000000
vt 0.559426 0.000000
vt 0.131148 0.000000
vt 0.403689 0.000000
vt 0.127049 0.000000
vt 0.557377 0.000000
vt 0.422131 0.000000
vt 0.370902 0.000000
vt 0.555328 0.000000
vt 0.420082 0.000000
vt 0.405738 0.000000
vt 0.418033 0.000000
vt 0.553279 0.000000
vt 0.129098 0.000000
vt 0.368852 0.000000
vt 0.415984 0.000000
vt 0.407787 0.000000
vt 0.209016 0.000000
vt 0.551230 0.000000
vt 0.413934 0.000000
vt 0.549180 0.000000
vt 0.411885 0.000000
vt 0.409836 0.000000
vt 0.366803 0.000000
vt 0.510246 0.000000
vt 0.676230 0.000000
vt 0.547131 0.000000
vt 0.211066 0.000000
vt 0.545082 0.000000
vt 0.364754 0.000000
vt 0.543033 0.000000
vt 0.512295 0.000000
vt 0.508197 0.000000
vt 0.514344 0.000000
vt 0.362705 0.000000
vt 0.540984 0.000000
vt 0.516393 0.000000
vt 0.518443 0.000000
vt 0.213115 0.000000
vt 0.538934 0.000000
vt 0.520492 0.000000
vt 0.678279 0.000000
vt 0.522541 0.000000
vt 0.506148 0.000000
vt 0.360656 0.000000
vt 0.524590 0.000000
vt 0.536885 0.000000
vt 0.526639 0.000000
vt 0.528689 0.000000
vt 0.530738 0.000000
vt 0.534836 0.000000
vt 0.532787 0.000000
vt 0.358607 0.000000
vt 0.504098 0.000000
vt 0.215164 0.000000
vt 0.715164 0.000000
vt 0.719262 0.000000
vt 0.717213 0.000000
vt 0.502049 0.000000
vt 0.680328 0.000000
vt 0.356557 0.000000
vt 0.217213 0.000000
vt 0.713115 0.000000
vt 0.721311 0.000000
vt 0.711066 0.000000
vt 0.354508 0.000000
vt 0.219262 0.000000
vt 0.497951 0.000000
vt 0.709016 0.000000
vt 0.682377 0.000000
vt 0.723361 0.000000
vt 0.352459 0.000000
vt 0.286885 0.000000
vt 0.706967 0.000000
vt 0.495902 0.000000
vt 0.221311 0.000000
vt 0.288934 0.000000
vt 0.284836 0.000000
vt 0.704918 0.000000
vt 0.493852 0.000000
vt 0.350410 0.000000
vt 0.725410 0.000000
vt 0.223361 0.000000
vt 0.702869 0.000000
vt 0.491803 0.000000
vt 0.290984 0.000000
vt 0.282787 0.000000
vt 0.684426 0.000000
vt 0.700820 0.000000
vt 0.348361 0.000000
vt 0.489754 0.000000
vt 0.225410 0.000000
vt 0.698770 0.000000
vt 0.487705 0.000000
vt 0.727459 0.000000
vt 0.293033 0.000000
vt 0.346311 0.000000
vt 0.280738 0.000000
vt 0.485656 0.000000
vt 0.696721 0.000000
vt 0.227459 0.000000
vt 0.483607 0.000000
vt 0.686475 0.000000
vt 0.344262 0.000000
vt 0.694672 0.000000
vt 0.295082 0.000000
vt 0.729508 0.000000
vt 0.229508 0.000000
vt 0.278689 0.000000
vt 0.481557 0.000000
vt 0.692623 0.000000
vt 0.342213 0.000000
vt 0.479508 0.000000
vt 0.231557 0.000000
vt 0.297131 0.000000
vt 0.690574 0.000000
vt 0.276639 0.000000
vt 0.340164 0.000000
vt 0.477459 0.000000
vt 0.731557 0.000000
vt 0.688525 0.000000
vt 0.233607 0.000000
vt 0.475410 0.000000
vt 0.299180 0.000000
vt 0.338115 0.000000
vt 0.274590 0.000000
vt 0.473361 0.000000
vt 0.235656 0.000000
vt 0.336066 0.000000
vt 0.471311 0.000000
vt 0.733607 0.000000
vt 0.301230 0.000000
vt 0.237705 0.000000
vt 0.469262 0.000000
vt 0.272541 0.000000
vt 0.334016 0.000000
vt 0.467213 0.000000
vt 0.331967 0.000000
vt 0.239754 0.000000
vt 0.303279 0.000000
vt 0.465164 0.000000
vt 0.329918 0.000000
vt 0.241803 0.000000
vt 0.463115 0.000000
vt 0.735656 0.000000
vt 0.327869 0.000000
vt 0.270492 0.000000
vt 0.102459 0.000000
vt 0.053279 0.000000
vt 0.104508 0.000000
vt 0.817623 0.000000
vt 0.243852 0.000000
vt 0.815574 0.000000
vt 0.325820 0.000000
vt 0.245902 0.000000
vt 0.305328 0.000000
vt 0.813525 0.000000
vt 0.055328 0.000000
vt 0.323770 0.000000
vt 0.247951 0.000000
vt 0.268443 0.000000
vt 0.811475 0.000000
vt 0.321721 0.000000
vt 0.057377 0.000000
vt 0.768443 0.000000
vt 0.737705 0.000000
vt 0.307377 0.000000
vt 0.809426 0.000000
vt 0.319672 0.000000
vt 0.252049 0.000000
vt 0.770492 0.000000
vt 0.766393 0.000000
vt 0.266393 0.000000
vt 0.059426 0.000000
vt 0.807377 0.000000
vt 0.317623 0.000000
vt 0.254098 0.000000
vt 0.309426 0.000000
vt 0.764344 0.000000
vt 0.772541 0.000000
vt 0.805328 0.000000
vt 0.315574 0.000000
vt 0.256148 0.000000
vt 0.739754 0.000000
vt 0.762295 0.000000
vt 0.061475 0.000000
vt 0.264344 0.000000
vt 0.774590 0.000000
vt 0.313525 0.000000
vt 0.311475 0.000000
vt 0.258197 0.000000
vt 0.803279 0.000000
vt 0.760246 0.000000
vt 0.776639 0.000000
vt 0.260246 0.000000
vt 0.758197 0.000000
vt 0.063525 0.000000
vt 0.262295 0.000000
vt 0.801230 0.000000
vt 0.778689 0.000000
vt 0.100410 0.000000
vt 0.741803 0.000000
vt 0.756148 0.000000
vt 0.799180 0.000000
vt 0.780738 0.000000
vt 0.754098 0.000000
vt 0.065574 0.000000
vt 0.098361 0.000000
vt 0.782787 0.000000
vt 0.797131 0.000000
vt 0.752049 0.000000
vt 0.784836 0.000000
vt 0.786885 0.000000
vt 0.747951 0.000000
vt 0.745902 0.000000
vt 0.743852 0.000000
vt 0.795082 0.000000
vt 0.067623 0.000000
vt 0.096311 0.000000
vt 0.788934 0.000000
vt 0.790984 0.000000
vt 0.793033 0.000000
vt 0.094262 0.000000
vt 0.069672 0.000000
vt 0.092213 0.000000
vt 0.071721 0.000000
vt 0.090164 0.000000
vt 0.073770 0.000000
vt 0.075820 0.000000
vt 0.088115 0.000000
vt 0.086066 0.000000
vt 0.084016 0.000000
vt 0.081967 0.000000
vt 0.079918 0.000000
vt 0.077869 0.000000
vt 0.868852 0.000000
vt 0.819672 0.000000
vt 0.870902 0.000000
vt 0.821721 0.000000
vt 0.823770 0.000000
vt 0.825820 0.000000
vt 0.827869 0.000000
vt 0.866803 0.000000
vt 0.829918 0.000000
vt 0.864754 0.000000
vt 0.831967 0.000000
vt 0.862705 0.000000
vt 0.834016 0.000000
vt 0.860656 0.000000
vt 0.836066 0.000000
vt 0.858607 0.000000
vt 0.856557 0.000000
vt 0.838115 0.000000
vt 0.854508 0.000000
vt 0.840164 0.000000
vt 0.842213 0.000000
vt 0.852459 0.000000
vt 0.850410 0.000000
vt 0.848361 0.000000
vt 0.846311 0.000000
vt 0.844262 0.000000
vt 0.922131 0.000000
vt 0.872951 0.000000
vt 0.924180 0.000000
vt 0.920082 0.000000
vt 0.875000 0.000000
vt 0.918033 0.000000
vt 0.877049 0.000000
vt 0.915984 0.000000
vt 0.879098 0.000000
vt 0.913934 0.000000
vt 0.881148 0.000000
vt 0.911885 0.000000
vt 0.883197 0.000000
vt 0.909836 0.000000
vt 0.885246 0.000000
vt 0.907787 0.000000
vt 0.887295 0.000000
vt 0.905738 0.000000
vt 0.889344 0.000000
vt 0.903689 0.000000
vt 0.891393 0.000000
vt 0.901639 0.000000
vt 0.893443 0.000000
vt 0.899590 0.000000
vt 0.895492 0.000000
vt 0.897541 0.000000
vt 0.995902 0.000000
vt 0.997951 0.000000
vt 0.926230 0.000000
vt 0.993852 0.000000
vt 0.928279 0.000000
vt 0.991803 0.000000
vt 0.930328 0.000000
vt 0.989754 0.000000
vt 0.932377 0.000000
vt 0.987705 0.000000
vt 0.934426 0.000000
vt 0.985656 0.000000
vt 0.936475 0.000000
vt 0.983607 0.000000
vt 0.938525 0.000000
vt 0.981557 0.000000
vt 0.940574 0.000000
vt 0.979508 0.000000
vt 0.977459 0.000000
vt 0.942623 0.000000
vt 0.975410 0.000000
vt 0.944672 0.000000
vt 0.973361 0.000000
vt 0.946721 0.000000
vt 0.971311 0.000000
vt 0.969262 0.000000
vt 0.967213 0.000000
vt 0.965164 0.000000
vt 0.963115 0.000000
vt 0.961066 0.000000
vt 0.959016 0.000000
vt 0.956967 0.000000
vt 0.954918 0.000000
vt 0.952869 0.000000
vt 0.950820 0.000000
vt 0.948770 0.000000
vt 0.049180 0.000000
vt 0.051230 0.000000
vt 0.002049 0.000000
vt 0.047131 0.000000
vt 0.004098 0.000000
vt 0.045082 0.000000
vt 0.006148 0.000000
vt 0.043033 0.000000
vt 0.008197 0.000000
vt 0.040984 0.000000
vt 0.010246 0.000000
vt 0.038934 0.000000
vt 0.012295 0.000000
vt 0.036885 0.000000
vt 0.014344 0.000000
vt 0.034836 0.000000
vt 0.016393 0.000000
vt 0.032787 0.000000
vt 0.018443 0.000000
vt 0.030738 0.000000
vt 0.020492 0.000000
vt 0.028689 0.000000
vt 0.022541 0.000000
vt 0.026639 0.000000
vt 0.024590 0.000000
vt 0.987952 0.000000
vt 0.969880 0.000000
vt 0.993976 0.000000
vt 0.963855 0.000000
vt 0.981928 0.000000
vt 0.975904 0.000000
vt 0.957831 0.000000
vt 0.945783 0.000000
vt 0.939759 0.000000
vt 0.951807 0.000000
vt 0.933735 0.000000
vt 0.030120 0.000000
vt 0.042169 0.000000
vt 0.036145 0.000000
vt 0.048193 0.000000
vt 0.024096 0.000000
vt 0.114458 0.000000
vt 0.018072 0.000000
vt 0.012048 0.000000
vt 0.006024 0.000000
vt 0.054217 0.000000
vt 0.060241 0.000000
vt 0.728916 0.000000
vt 0.126506 0.000000
vt 0.120482 0.000000
vt 0.716867 0.000000
vt 0.722892 0.000000
vt 0.903614 0.000000
vt 0.897590 0.000000
vt 0.132530 0.000000
vt 0.710843 0.000000
vt 0.807229 0.000000
vt 0.801205 0.000000
vt 0.138554 0.000000
vt 0.885542 0.000000
vt 0.891566 0.000000
vt 0.704819 0.000000
vt 0.813253 0.000000
vt 0.795181 0.000000
vt 0.144578 0.000000
vt 0.698795 0.000000
vt 0.819277 0.000000
vt 0.789157 0.000000
vt 0.692771 0.000000
vt 0.150602 0.000000
vt 0.825301 0.000000
vt 0.783133 0.000000
vt 0.686747 0.000000
vt 0.831325 0.000000
vt 0.777108 0.000000
vt 0.156627 0.000000
vt 0.837349 0.000000
vt 0.771084 0.000000
vt 0.680723 0.000000
vt 0.162651 0.000000
vt 0.927711 0.000000
vt 0.921687 0.000000
vt 0.843373 0.000000
vt 0.765060 0.000000
vt 0.674699 0.000000
vt 0.849398 0.000000
vt 0.759036 0.000000
vt 0.168675 0.000000
vt 0.668675 0.000000
vt 0.855422 0.000000
vt 0.753012 0.000000
vt 0.861446 0.000000
vt 0.746988 0.000000
vt 0.174699 0.000000
vt 0.662651 0.000000
vt 0.867470 0.000000
vt 0.740964 0.000000
vt 0.656627 0.000000
vt 0.909639 0.000000
vt 0.915663 0.000000
vt 0.180723 0.000000
vt 0.873494 0.000000
vt 0.734940 0.000000
vt 0.650602 0.000000
vt 0.879518 0.000000
vt 0.186747 0.000000
vt 0.644578 0.000000
vt 0.192771 0.000000
vt 0.638554 0.000000
vt 0.072289 0.000000
vt 0.066265 0.000000
vt 0.198795 0.000000
vt 0.632530 0.000000
vt 0.204819 0.000000
vt 0.626506 0.000000
vt 0.210843 0.000000
vt 0.620482 0.000000
vt 0.108434 0.000000
vt 0.216867 0.000000
vt 0.614458 0.000000
vt 0.102410 0.000000
vt 0.222892 0.000000
vt 0.608434 0.000000
vt 0.228916 0.000000
vt 0.078313 0.000000
vt 0.602410 0.000000
vt 0.415663 0.000000
vt 0.096386 0.000000
vt 0.084337 0.000000
vt 0.421687 0.000000
vt 0.409639 0.000000
vt 0.234940 0.000000
vt 0.596386 0.000000
vt 0.240964 0.000000
vt 0.090361 0.000000
vt 0.590361 0.000000
vt 0.427711 0.000000
vt 0.403614 0.000000
vt 0.246988 0.000000
vt 0.584337 0.000000
vt 0.433735 0.000000
vt 0.253012 0.000000
vt 0.397590 0.000000
vt 0.578313 0.000000
vt 0.259036 0.000000
vt 0.572289 0.000000
vt 0.439759 0.000000
vt 0.391566 0.000000
vt 0.265060 0.000000
vt 0.566265 0.000000
vt 0.271084 0.000000
vt 0.445783 0.000000
vt 0.385542 0.000000
vt 0.560241 0.000000
vt 0.277108 0.000000
vt 0.283133 0.000000
vt 0.554217 0.000000
vt 0.451807 0.000000
vt 0.548193 0.000000
vt 0.379518 0.000000
vt 0.289157 0.000000
vt 0.542169 0.000000
vt 0.295181 0.000000
vt 0.457831 0.000000
vt 0.536145 0.000000
vt 0.373494 0.000000
vt 0.301205 0.000000
vt 0.530120 0.000000
vt 0.307229 0.000000
vt 0.463855 0.000000
vt 0.367470 0.000000
vt 0.524096 0.000000
vt 0.313253 0.000000
vt 0.518072 0.000000
vt 0.469880 0.000000
vt 0.361446 0.000000
vt 0.319277 0.000000
vt 0.512048 0.000000
vt 0.325301 0.000000
vt 0.475904 0.000000
vt 0.355422 0.000000
vt 0.506024 0.000000
vt 0.331325 0.000000
vt 0.481928 0.000000
vt 0.349398 0.000000
vt 0.337349 0.000000
vt 0.493976 0.000000
vt 0.487952 0.000000
vt 0.343374 0.000000
vt 0.000000 1.000000
vt 0.250000 1.000000
vt 0.500000 1.000000
vt 0.750000 1.000000
vt 1.000000 1.000000
vt 0.062500 1.000000
vt 0.062500 0.000000
vt 0.125000 1.000000
vt 0.187500 1.000000
vt 0.187500 0.000000
vt 0.312500 1.000000
vt 0.312500 0.000000
vt 0.375000 1.000000
vt 0.437500 1.000000
vt 0.437500 0.000000
vt 0.562500 1.000000
vt 0.562500 0.000000
vt 0.625000 1.000000
vt 0.687500 1.000000
vt 0.687500 0.000000
vt 0.812500 1.000000
vt 0.812500 0.000000
vt 0.875000 1.000000
vt 0.937500 1.000000
vt 0.937500 0.000000
vt 0.009804 1.000000
vt 0.009804 0.000000
vt 0.019608 1.000000
vt 0.019608 0.000000
vt 0.029412 1.000000
vt 0.029412 0.000000
vt 0.039216 1.000000
vt 0.039216 0.000000
vt 0.049020 1.000000
vt 0.049020 0.000000
vt 0.058824 1.000000
vt 0.058824 0.000000
vt 0.068627 1.000000
vt 0.068627 0.000000
vt 0.078431 1.000000
vt 0.078431 0.000000
vt 0.088235 1.000000
vt 0.088235 0.000000
vt 0.098039 1.000000
vt 0.098039 0.000000
vt 0.107843 1.000000
vt 0.107843 0.000000
vt 0.117647 1.000000
vt 0.117647 0.000000
vt 0.127451 1.000000
vt 0.127451 0.000000
vt 0.137255 1.000000
vt 0.137255 0.000000
vt 0.147059 1.000000
vt 0.147059 0.000000
vt 0.156863 1.000000
vt 0.156863 0.000000
vt 0.166667 1.000000
vt 0.166667 0.000000
vt 0.176471 1.000000
vt 0.176471 0.000000
vt 0.186275 1.000000
vt 0.186275 0.000000
vt 0.196078 1.000000
vt 0.196078 0.000000
vt 0.205882 1.000000
vt 0.205882 0.000000
vt 0.215686 1.000000
vt 0.215686 0.000000
vt 0.225490 1.000000
vt 0.225490 0.000000
vt 0.235294 1.000000
vt 0.235294 0.000000
vt 0.245098 1.000000
vt 0.245098 0.000000
vt 0.254902 1.000000
vt 0.254902 0.000000
vt 0.264706 1.000000
vt 0.264706 0.000000
vt 0.274510 1.000000
vt 0.274510 0.000000
vt 0.284314 1.000000
vt 0.284314 0.000000
vt 0.294118 1.000000
vt 0.294118 0.000000
vt 0.303922 1.000000
vt 0.303922 0.000000
vt 0.313726 1.000000
vt 0.313726 0.000000
vt 0.323529 1.000000
vt 0.323529 0.000000
vt 0.333333 1.000000
vt 0.343137 1.000000
vt 0.343137 0.000000
vt 0.352941 1.000000
vt 0.352941 0.000000
vt 0.362745 1.000000
vt 0.362745 0.000000
vt 0.372549 1.000000
vt 0.372549 0.000000
vt 0.382353 1.000000
vt 0.382353 0.000000
vt 0.392157 1.000000
vt 0.392157 0.000000
vt 0.401961 1.000000
vt 0.401961 0.000000
vt 0.411765 1.000000
vt 0.411765 0.000000
vt 0.421569 1.000000
vt 0.421569 0.000000
vt 0.431373 1.000000
vt 0.431373 0.000000
vt 0.441176 1.000000
vt 0.441176 0.000000
vt 0.450980 1.000000
vt 0.450980 0.000000
vt 0.460784 1.000000
vt 0.460784 0.000000
vt 0.470588 1.000000
vt 0.470588 0.000000
vt 0.480392 1.000000
vt 0.480392 0.000000
vt 0.490196 1.000000
vt 0.490196 0.000000
vt 0.509804 1.000000
vt 0.509804 0.000000
vt 0.519608 1.000000
vt 0.519608 0.000000
vt 0.529412 1.000000
vt 0.529412 0.000000
vt 0.539216 1.000000
vt 0.539216 0.000000
vt 0.549020 1.000000
vt 0.549020 0.000000
vt 0.558824 1.000000
vt 0.558824 0.000000
vt 0.568627 1.000000
vt 0.568627 0.000000
vt 0.578431 1.000000
vt 0.578431 0.000000
vt 0.588235 1.000000
vt 0.588235 0.000000
vt 0.598039 1.000000
vt 0.598039 0.000000
vt 0.607843 1.000000
vt 0.607843 0.000000
vt 0.617647 1.000000
vt 0.617647 0.000000
vt 0.627451 1.000000
vt 0.627451 0.000000
vt 0.637255 1.000000
vt 0.637255 0.000000
vt 0.647059 1.000000
vt 0.647059 0.000000
vt 0.656863 1.000000
vt 0.656863 0.000000
vt 0.666667 1.000000
vt 0.676471 1.000000
vt 0.676471 0.000000
vt 0.686275 1.000000
vt 0.686275 0.000000
vt 0.696078 1.000000
vt 0.696078 0.000000
vt 0.705882 1.000000
vt 0.705882 0.000000
vt 0.715686 1.000000
vt 0.715686 0.000000
vt 0.725490 1.000000
vt 0.725490 0.000000
vt 0.735294 1.000000
vt 0.735294 0.000000
vt 0.745098 1.000000
vt 0.745098 0.000000
vt 0.754902 1.000000
vt 0.754902 0.000000
vt 0.764706 1.000000
vt 0.764706 0.000000
vt 0.774510 1.000000
vt 0.774510 0.000000
vt 0.784314 1.000000
vt 0.784314 0.000000
vt 0.794118 1.000000
vt 0.794118 0.000000
vt 0.803922 1.000000
vt 0.803922 0.000000
vt 0.813725 1.000000
vt 0.813725 0.000000
vt 0.823529 1.000000
vt 0.823529 0.000000
vt 0.833333 1.000000
vt 0.833333 0.000000
vt 0.843137 1.000000
vt 0.843137 0.000000
vt 0.852941 1.000000
vt 0.852941 0.000000
vt 0.862745 1.000000
vt 0.862745 0.000000
vt 0.872549 1.000000
vt 0.872549 0.000000
vt 0.882353 1.000000
vt 0.882353 0.000000
vt 0.892157 1.000000
vt 0.892157 0.000000
vt 0.901961 1.000000
vt 0.901961 0.000000
vt 0.911765 1.000000
vt 0.911765 0.000000
vt 0.921569 1.000000
vt 0.921569 0.000000
vt 0.931373 1.000000
vt 0.931373 0.000000
vt 0.941176 1.000000
vt 0.941176 0.000000
vt 0.950980 1.000000
vt 0.950980 0.000000
vt 0.960784 1.000000
vt 0.960784 0.000000
vt 0.970588 1.000000
vt 0.970588 0.000000
vt 0.980392 1.000000
vt 0.980392 0.000000
vt 0.990196 1.000000
vt 0.990196 0.000000
vt 0.040000 1.000000
vt 0.040000 0.000000
vt 0.080000 1.000000
vt 0.080000 0.000000
vt 0.120000 1.000000
vt 0.120000 0.000000
vt 0.160000 1.000000
vt 0.160000 0.000000
vt 0.200000 1.000000
vt 0.200000 0.000000
vt 0.240000 1.000000
vt 0.240000 0.000000
vt 0.280000 1.000000
vt 0.280000 0.000000
vt 0.320000 1.000000
vt 0.320000 0.000000
vt 0.360000 1.000000
vt 0.360000 0.000000
vt 0.400000 1.000000
vt 0.400000 0.000000
vt 0.440000 1.000000
vt 0.440000 0.000000
vt 0.480000 1.000000
vt 0.480000 0.000000
vt 0.520000 1.000000
vt 0.520000 0.000000
vt 0.560000 1.000000
vt 0.560000 0.000000
vt 0.600000 1.000000
vt 0.600000 0.000000
vt 0.640000 1.000000
vt 0.640000 0.000000
vt 0.680000 1.000000
vt 0.680000 0.000000
vt 0.720000 1.000000
vt 0.720000 0.000000
vt 0.760000 1.000000
vt 0.760000 0.000000
vt 0.800000 1.000000
vt 0.800000 0.000000
vt 0.840000 1.000000
vt 0.840000 0.000000
vt 0.880000 1.000000
vt 0.880000 0.000000
vt 0.920000 1.000000
vt 0.920000 0.000000
vt 0.960000 1.000000
vt 0.960000 0.000000
vt 0.038462 1.000000
vt 0.038462 0.000000
vt 0.076923 1.000000
vt 0.076923 0.000000
vt 0.115385 1.000000
vt 0.115385 0.000000
vt 0.153846 1.000000
vt 0.153846 0.000000
vt 0.192308 1.000000
vt 0.192308 0.000000
vt 0.230769 1.000000
vt 0.230769 0.000000
vt 0.269231 1.000000
vt 0.269231 0.000000
vt 0.307692 1.000000
vt 0.307692 0.000000
vt 0.346154 1.000000
vt 0.346154 0.000000
vt 0.384615 1.000000
vt 0.384615 0.000000
vt 0.423077 1.000000
vt 0.423077 0.000000
vt 0.461538 1.000000
vt 0.461538 0.000000
vt 0.538462 1.000000
vt 0.538462 0.000000
vt 0.576923 1.000000
vt 0.576923 0.000000
vt 0.615385 1.000000
vt 0.615385 0.000000
vt 0.653846 1.000000
vt 0.653846 0.000000
vt 0.692308 1.000000
vt 0.692308 0.000000
vt 0.730769 1.000000
vt 0.730769 0.000000
vt 0.769231 1.000000
vt 0.769231 0.000000
vt 0.807692 1.000000
vt 0.807692 0.000000
vt 0.846154 1.000000
vt 0.846154 0.000000
vt 0.884615 1.000000
vt 0.884615 0.000000
vt 0.923077 1.000000
vt 0.923077 0.000000
vt 0.961538 1.000000
vt 0.961538 0.000000
vt 0.027027 1.000000
vt 0.054054 1.000000
vt 0.081081 1.000000
vt 0.108108 1.000000
vt 0.135135 1.000000
vt 0.162162 1.000000
vt 0.189189 1.000000
vt 0.216216 1.000000
vt 0.243243 1.000000
vt 0.270270 1.000000
vt 0.297297 1.000000
vt 0.324324 1.000000
vt 0.351351 1.000000
vt 0.378378 1.000000
vt 0.405405 1.000000
vt 0.432432 1.000000
vt 0.459459 1.000000
vt 0.486486 1.000000
vt 0.513514 1.000000
vt 0.540541 1.000000
vt 0.567568 1.000000
vt 0.594595 1.000000
vt 0.621622 1.000000
vt 0.648649 1.000000
vt 0.675676 1.000000
vt 0.702703 1.000000
vt 0.729730 1.000000
vt 0.756757 1.000000
vt 0.783784 1.000000
vt 0.810811 1.000000
vt 0.837838 1.000000
vt 0.864865 1.000000
vt 0.891892 1.000000
vt 0.918919 1.000000
vt 0.945946 1.000000
vt 0.972973 1.000000
vt 0.006757 1.000000
vt 0.013514 1.000000
vt 0.020270 1.000000
vt 0.033784 1.000000
vt 0.040541 1.000000
vt 0.047297 1.000000
vt 0.060811 1.000000
vt 0.067568 1.000000
vt 0.074324 1.000000
vt 0.087838 1.000000
vt 0.094595 1.000000
vt 0.101351 1.000000
vt 0.114865 1.000000
vt 0.121622 1.000000
vt 0.128378 1.000000
vt 0.141892 1.000000
vt 0.148649 1.000000
vt 0.155405 1.000000
vt 0.168919 1.000000
vt 0.175676 1.000000
vt 0.182432 1.000000
vt 0.195946 1.000000
vt 0.202703 1.000000
vt 0.209459 1.000000
vt 0.222973 1.000000
vt 0.229730 1.000000
vt 0.236486 1.000000
vt 0.256757 1.000000
vt 0.263514 1.000000
vt 0.277027 1.000000
vt 0.283784 1.000000
vt 0.290541 1.000000
vt 0.304054 1.000000
vt 0.310811 1.000000
vt 0.317568 1.000000
vt 0.331081 1.000000
vt 0.337838 1.000000
vt 0.344595 1.000000
vt 0.358108 1.000000
vt 0.364865 1.000000
vt 0.371622 1.000000
vt 0.385135 1.000000
vt 0.391892 1.000000
vt 0.398649 1.000000
vt 0.412162 1.000000
vt 0.418919 1.000000
vt 0.425676 1.000000
vt 0.439189 1.000000
vt 0.445946 1.000000
vt 0.452703 1.000000
vt 0.466216 1.000000
vt 0.472973 1.000000
vt 0.479730 1.000000
vt 0.493243 1.000000
vt 0.506757 1.000000
vt 0.520270 1.000000
vt 0.527027 1.000000
vt 0.533784 1.000000
vt 0.547297 1.000000
vt 0.554054 1.000000
vt 0.560811 1.000000
vt 0.574324 1.000000
vt 0.581081 1.000000
vt 0.587838 1.000000
vt 0.601351 1.000000
vt 0.608108 1.000000
vt 0.614865 1.000000
vt 0.628378 1.000000
vt 0.635135 1.000000
vt 0.641892 1.000000
vt 0.655405 1.000000
vt 0.662162 1.000000
vt 0.668919 1.000000
vt 0.682432 1.000000
vt 0.689189 1.000000
vt 0.695946 1.000000
vt 0.709459 1.000000
vt 0.716216 1.000000
vt 0.722973 1.000000
vt 0.736486 1.000000
vt 0.743243 1.000000
vt 0.763514 1.000000
vt 0.770270 1.000000
vt 0.777027 1.000000
vt 0.790541 1.000000
vt 0.797297 1.000000
vt 0.804054 1.000000
vt 0.817568 1.000000
vt 0.824324 1.000000
vt 0.831081 1.000000
vt 0.844595 1.000000
vt 0.851351 1.000000
vt 0.858108 1.000000
vt 0.871622 1.000000
vt 0.878378 1.000000
vt 0.885135 1.000000
vt 0.898649 1.000000
vt 0.905405 1.000000
vt 0.912162 1.000000
vt 0.925676 1.000000
vt 0.932432 1.000000
vt 0.939189 1.000000
vt 0.952703 1.000000
vt 0.959459 1.000000
vt 0.966216 1.000000
vt 0.979730 1.000000
vt 0.986486 1.000000
vt 0.993243 1.000000
vt 0.005747 1.000000
vt 0.005747 0.000000
vt 0.011494 1.000000
vt 0.011494 0.000000
vt 0.017241 1.000000
vt 0.017241 0.000000
vt 0.022989 1.000000
vt 0.022989 0.000000
vt 0.028736 1.000000
vt 0.028736 0.000000
vt 0.034483 1.000000
vt 0.034483 0.000000
vt 0.040230 1.000000
vt 0.040230 0.000000
vt 0.045977 1.000000
vt 0.045977 0.000000
vt 0.051724 1.000000
vt 0.051724 0.000000
vt 0.057471 1.000000
vt 0.057471 0.000000
vt 0.063218 1.000000
vt 0.063218 0.000000
vt 0.068966 1.000000
vt 0.068966 0.000000
vt 0.074713 1.000000
vt 0.074713 0.000000
vt 0.080460 1.000000
vt 0.080460 0.000000
vt 0.086207 1.000000
vt 0.086207 0.000000
vt 0.091954 1.000000
vt 0.091954 0.000000
vt 0.097701 1.000000
vt 0.097701 0.000000
vt 0.103448 1.000000
vt 0.103448 0.000000
vt 0.109195 1.000000
vt 0.109195 0.000000
vt 0.114943 1.000000
vt 0.114943 0.000000
vt 0.120690 1.000000
vt 0.120690 0.000000
vt 0.126437 1.000000
vt 0.126437 0.000000
vt 0.132184 1.000000
vt 0.132184 0.000000
vt 0.137931 1.000000
vt 0.137931 0.000000
vt 0.143678 1.000000
vt 0.143678 0.000000
vt 0.149425 1.000000
vt 0.149425 0.000000
vt 0.155172 1.000000
vt 0.155172 0.000000
vt 0.160920 1.000000
vt 0.160920 0.000000
vt 0.172414 1.000000
vt 0.172414 0.000000
vt 0.178161 1.000000
vt 0.178161 0.000000
vt 0.183908 1.000000
vt 0.183908 0.000000
vt 0.189655 1.000000
vt 0.189655 0.000000
vt 0.195402 1.000000
vt 0.195402 0.000000
vt 0.201149 1.000000
vt 0.201149 0.000000
vt 0.206897 1.000000
vt 0.206897 0.000000
vt 0.212644 1.000000
vt 0.212644 0.000000
vt 0.218391 1.000000
vt 0.218391 0.000000
vt 0.224138 1.000000
vt 0.224138 0.000000
vt 0.229885 1.000000
vt 0.229885 0.000000
vt 0.235632 1.000000
vt 0.235632 0.000000
vt 0.241379 1.000000
vt 0.241379 0.000000
vt 0.247126 1.000000
vt 0.247126 0.000000
vt 0.252874 1.000000
vt 0.252874 0.000000
vt 0.258621 1.000000
vt 0.258621 0.000000
vt 0.264368 1.000000
vt 0.264368 0.000000
vt 0.270115 1.000000
vt 0.270115 0.000000
vt 0.275862 1.000000
vt 0.275862 0.000000
vt 0.281609 1.000000
vt 0.281609 0.000000
vt 0.287356 1.000000
vt 0.287356 0.000000
vt 0.293103 1.000000
vt 0.293103 0.000000
vt 0.298851 1.000000
vt 0.298851 0.000000
vt 0.304598 1.000000
vt 0.304598 0.000000
vt 0.310345 1.000000
vt 0.310345 0.000000
vt 0.316092 1.000000
vt 0.316092 0.000000
vt 0.321839 1.000000
vt 0.321839 0.000000
vt 0.327586 1.000000
vt 0.327586 0.000000
vt 0.339080 1.000000
vt 0.339080 0.000000
vt 0.344828 1.000000
vt 0.344828 0.000000
vt 0.350575 1.000000
vt 0.350575 0.000000
vt 0.356322 1.000000
vt 0.356322 0.000000
vt 0.362069 1.000000
vt 0.362069 0.000000
vt 0.367816 1.000000
vt 0.367816 0.000000
vt 0.373563 1.000000
vt 0.373563 0.000000
vt 0.379310 1.000000
vt 0.379310 0.000000
vt 0.385057 1.000000
vt 0.385057 0.000000
vt 0.390805 1.000000
vt 0.390805 0.000000
vt 0.396552 1.000000
vt 0.396552 0.000000
vt 0.402299 1.000000
vt 0.402299 0.000000
vt 0.408046 1.000000
vt 0.408046 0.000000
vt 0.413793 1.000000
vt 0.413793 0.000000
vt 0.419540 1.000000
vt 0.419540 0.000000
vt 0.425287 1.000000
vt 0.425287 0.000000
vt 0.431034 1.000000
vt 0.431034 0.000000
vt 0.436782 1.000000
vt 0.436782 0.000000
vt 0.442529 1.000000
vt 0.442529 0.000000
vt 0.448276 1.000000
vt 0.448276 0.000000
vt 0.454023 1.000000
vt 0.454023 0.000000
vt 0.459770 1.000000
vt 0.459770 0.000000
vt 0.465517 1.000000
vt 0.465517 0.000000
vt 0.471264 1.000000
vt 0.471264 0.000000
vt 0.477012 1.000000
vt 0.477012 0.000000
vt 0.482759 1.000000
vt 0.482759 0.000000
vt 0.488506 1.000000
vt 0.488506 0.000000
vt 0.494253 1.000000
vt 0.494253 0.000000
vt 0.505747 1.000000
vt 0.505747 0.000000
vt 0.511494 1.000000
vt 0.511494 0.000000
vt 0.517241 1.000000
vt 0.517241 0.000000
vt 0.522988 1.000000
vt 0.522988 0.000000
vt 0.528736 1.000000
vt 0.528736 0.000000
vt 0.534483 1.000000
vt 0.534483 0.000000
vt 0.540230 1.000000
vt 0.540230 0.000000
vt 0.545977 1.000000
vt 0.545977 0.000000
vt 0.551724 1.000000
vt 0.551724 0.000000
vt 0.557471 1.000000
vt 0.557471 0.000000
vt 0.563218 1.000000
vt 0.563218 0.000000
vt 0.568965 1.000000
vt 0.568965 0.000000
vt 0.574713 1.000000
vt 0.574713 0.000000
vt 0.580460 1.000000
vt 0.580460 0.000000
vt 0.586207 1.000000
vt 0.586207 0.000000
vt 0.591954 1.000000
vt 0.591954 0.000000
vt 0.597701 1.000000
vt 0.597701 0.000000
vt 0.603448 1.000000
vt 0.603448 0.000000
vt 0.609195 1.000000
vt 0.609195 0.000000
vt 0.614943 1.000000
vt 0.614943 0.000000
vt 0.620690 1.000000
vt 0.620690 0.000000
vt 0.626437 1.000000
vt 0.626437 0.000000
vt 0.632184 1.000000
vt 0.632184 0.000000
vt 0.637931 1.000000
vt 0.637931 0.000000
vt 0.643678 1.000000
vt 0.643678 0.000000
vt 0.649425 1.000000
vt 0.649425 0.000000
vt 0.655172 1.000000
vt 0.655172 0.000000
vt 0.660920 1.000000
vt 0.660920 0.000000
vt 0.672414 1.000000
vt 0.672414 0.000000
vt 0.678161 1.000000
vt 0.678161 0.000000
vt 0.683908 1.000000
vt 0.683908 0.000000
vt 0.689655 1.000000
vt 0.689655 0.000000
vt 0.695402 1.000000
vt 0.695402 0.000000
vt 0.701149 1.000000
vt 0.701149 0.000000
vt 0.706897 1.000000
vt 0.706897 0.000000
vt 0.712644 1.000000
vt 0.712644 0.000000
vt 0.718391 1.000000
vt 0.718391 0.000000
vt 0.724138 1.000000
vt 0.724138 0.000000
vt 0.729885 1.000000
vt 0.729885 0.000000
vt 0.735632 1.000000
vt 0.735632 0.000000
vt 0.741379 1.000000
vt 0.741379 0.000000
vt 0.747126 1.000000
vt 0.747126 0.000000
vt 0.752874 1.000000
vt 0.752874 0.000000
vt 0.758621 1.000000
vt 0.758621 0.000000
vt 0.764368 1.000000
vt 0.764368 0.000000
vt 0.770115 1.000000
vt 0.770115 0.000000
vt 0.775862 1.000000
vt 0.775862 0.000000
vt 0.781609 1.000000
vt 0.781609 0.000000
vt 0.787356 1.000000
vt 0.787356 0.000000
vt 0.793103 1.000000
vt 0.793103 0.000000
vt 0.798851 1.000000
vt 0.798851 0.000000
vt 0.804598 1.000000
vt 0.804598 0.000000
vt 0.810345 1.000000
vt 0.810345 0.000000
vt 0.816092 1.000000
vt 0.816092 0.000000
vt 0.821839 1.000000
vt 0.821839 0.000000
vt 0.827586 1.000000
vt 0.827586 0.000000
vt 0.839080 1.000000
vt 0.839080 0.000000
vt 0.844828 1.000000
vt 0.844828 0.000000
vt 0.850575 1.000000
vt 0.850575 0.000000
vt 0.856322 1.000000
vt 0.856322 0.000000
vt 0.862069 1.000000
vt 0.862069 0.000000
vt 0.867816 1.000000
vt 0.867816 0.000000
vt 0.873563 1.000000
vt 0.873563 0.000000
vt 0.879310 1.000000
vt 0.879310 0.000000
vt 0.885057 1.000000
vt 0.885057 0.000000
vt 0.890805 1.000000
vt 0.890805 0.000000
vt 0.896552 1.000000
vt 0.896552 0.000000
vt 0.902299 1.000000
vt 0.902299 0.000000
vt 0.908046 1.000000
vt 0.908046 0.000000
vt 0.913793 1.000000
vt 0.913793 0.000000
vt 0.919540 1.000000
vt 0.919540 0.000000
vt 0.925287 1.000000
vt 0.925287 0.000000
vt 0.931035 1.000000
vt 0.931035 0.000000
vt 0.936782 1.000000
vt 0.936782 0.000000
vt 0.942529 1.000000
vt 0.942529 0.000000
vt 0.948276 1.000000
vt 0.948276 0.000000
vt 0.954023 1.000000
vt 0.954023 0.000000
vt 0.959770 1.000000
vt 0.959770 0.000000
vt 0.965517 1.000000
vt 0.965517 0.000000
vt 0.971264 1.000000
vt 0.971264 0.000000
vt 0.977012 1.000000
vt 0.977012 0.000000
vt 0.982759 1.000000
vt 0.982759 0.000000
vt 0.988506 1.000000
vt 0.988506 0.000000
vt 0.994253 1.000000
vt 0.994253 0.000000
vt 0.010638 1.000000
vt 0.010638 0.000000
vt 0.021277 1.000000
vt 0.021277 0.000000
vt 0.031915 1.000000
vt 0.031915 0.000000
vt 0.042553 1.000000
vt 0.042553 0.000000
vt 0.053191 1.000000
vt 0.053191 0.000000
vt 0.063830 1.000000
vt 0.063830 0.000000
vt 0.074468 1.000000
vt 0.074468 0.000000
vt 0.085106 1.000000
vt 0.085106 0.000000
vt 0.095745 1.000000
vt 0.095745 0.000000
vt 0.106383 1.000000
vt 0.106383 0.000000
vt 0.117021 1.000000
vt 0.117021 0.000000
vt 0.127660 1.000000
vt 0.127660 0.000000
vt 0.138298 1.000000
vt 0.138298 0.000000
vt 0.148936 1.000000
vt 0.148936 0.000000
vt 0.159574 1.000000
vt 0.159574 0.000000
vt 0.170213 1.000000
vt 0.170213 0.000000
vt 0.180851 1.000000
vt 0.180851 0.000000
vt 0.191489 1.000000
vt 0.191489 0.000000
vt 0.202128 1.000000
vt 0.202128 0.000000
vt 0.212766 1.000000
vt 0.212766 0.000000
vt 0.223404 1.000000
vt 0.223404 0.000000
vt 0.234043 1.000000
vt 0.234043 0.000000
vt 0.244681 1.000000
vt 0.244681 0.000000
vt 0.255319 1.000000
vt 0.255319 0.000000
vt 0.265957 1.000000
vt 0.265957 0.000000
vt 0.276596 1.000000
vt 0.276596 0.000000
vt 0.287234 1.000000
vt 0.287234 0.000000
vt 0.297872 1.000000
vt 0.297872 0.000000
vt 0.308511 1.000000
vt 0.308511 0.000000
vt 0.319149 1.000000
vt 0.319149 0.000000
vt 0.329787 1.000000
vt 0.329787 0.000000
vt 0.340426 1.000000
vt 0.340426 0.000000
vt 0.351064 1.000000
vt 0.351064 0.000000
vt 0.361702 1.000000
vt 0.361702 0.000000
vt 0.372340 1.000000
vt 0.372340 0.000000
vt 0.382979 1.000000
vt 0.382979 0.000000
vt 0.393617 1.000000
vt 0.393617 0.000000
vt 0.404255 1.000000
vt 0.404255 0.000000
vt 0.414894 1.000000
vt 0.414894 0.000000
vt 0.425532 1.000000
vt 0.425532 0.000000
vt 0.436170 1.000000
vt 0.436170 0.000000
vt 0.446809 1.000000
vt 0.446809 0.000000
vt 0.457447 1.000000
vt 0.457447 0.000000
vt 0.468085 1.000000
vt 0.468085 0.000000
vt 0.478723 1.000000
vt 0.478723 0.000000
vt 0.489362 1.000000
vt 0.489362 0.000000
vt 0.510638 1.000000
vt 0.510638 0.000000
vt 0.521277 1.000000
vt 0.521277 0.000000
vt 0.531915 1.000000
vt 0.531915 0.000000
vt 0.542553 1.000000
vt 0.542553 0.000000
vt 0.553191 1.000000
vt 0.553191 0.000000
vt 0.563830 1.000000
vt 0.563830 0.000000
vt 0.574468 1.000000
vt 0.574468 0.000000
vt 0.585106 1.000000
vt 0.585106 0.000000
vt 0.595745 1.000000
vt 0.595745 0.000000
vt 0.606383 1.000000
vt 0.606383 0.000000
vt 0.617021 1.000000
vt 0.617021 0.000000
vt 0.627660 1.000000
vt 0.627660 0.000000
vt 0.638298 1.000000
vt 0.638298 0.000000
vt 0.648936 1.000000
vt 0.648936 0.000000
vt 0.659574 1.000000
vt 0.659574 0.000000
vt 0.670213 1.000000
vt 0.670213 0.000000
vt 0.680851 1.000000
vt 0.680851 0.000000
vt 0.691489 1.000000
vt 0.691489 0.000000
vt 0.702128 1.000000
vt 0.702128 0.000000
vt 0.712766 1.000000
vt 0.712766 0.000000
vt 0.723404 1.000000
vt 0.723404 0.000000
vt 0.734043 1.000000
vt 0.734043 0.000000
vt 0.744681 1.000000
vt 0.744681 0.000000
vt 0.755319 1.000000
vt 0.755319 0.000000
vt 0.765957 1.000000
vt 0.765957 0.000000
vt 0.776596 1.000000
vt 0.776596 0.000000
vt 0.787234 1.000000
vt 0.787234 0.000000
vt 0.797872 1.000000
vt 0.797872 0.000000
vt 0.808511 1.000000
vt 0.808511 0.000000
vt 0.819149 1.000000
vt 0.819149 0.000000
vt 0.829787 1.000000
vt 0.829787 0.000000
vt 0.840426 1.000000
vt 0.840426 0.000000
vt 0.851064 1.000000
vt 0.851064 0.000000
vt 0.861702 1.000000
vt 0.861702 0.000000
vt 0.872340 1.000000
vt 0.872340 0.000000
vt 0.882979 1.000000
vt 0.882979 0.000000
vt 0.893617 1.000000
vt 0.893617 0.000000
vt 0.904255 1.000000
vt 0.904255 0.000000
vt 0.914894 1.000000
vt 0.914894 0.000000
vt 0.925532 1.000000
vt 0.925532 0.000000
vt 0.936170 1.000000
vt 0.936170 0.000000
vt 0.946809 1.000000
vt 0.946809 0.000000
vt 0.957447 1.000000
vt 0.957447 0.000000
vt 0.968085 1.000000
vt 0.968085 0.000000
vt 0.978723 1.000000
vt 0.978723 0.000000
vt 0.989362 1.000000
vt 0.989362 0.000000
vt 0.010101 1.000000
vt 0.010101 0.000000
vt 0.020202 1.000000
vt 0.020202 0.000000
vt 0.030303 1.000000
vt 0.030303 0.000000
vt 0.040404 1.000000
vt 0.040404 0.000000
vt 0.050505 1.000000
vt 0.050505 0.000000
vt 0.060606 1.000000
vt 0.060606 0.000000
vt 0.070707 1.000000
vt 0.070707 0.000000
vt 0.080808 1.000000
vt 0.080808 0.000000
vt 0.090909 1.000000
vt 0.090909 0.000000
vt 0.101010 1.000000
vt 0.101010 0.000000
vt 0.111111 1.000000
vt 0.111111 0.000000
vt 0.121212 1.000000
vt 0.121212 0.000000
vt 0.131313 1.000000
vt 0.131313 0.000000
vt 0.141414 1.000000
vt 0.141414 0.000000
vt 0.151515 1.000000
vt 0.151515 0.000000
vt 0.161616 1.000000
vt 0.161616 0.000000
vt 0.171717 1.000000
vt 0.171717 0.000000
vt 0.181818 1.000000
vt 0.181818 0.000000
vt 0.191919 1.000000
vt 0.191919 0.000000
vt 0.202020 1.000000
vt 0.202020 0.000000
vt 0.212121 1.000000
vt 0.212121 0.000000
vt 0.222222 1.000000
vt 0.222222 0.000000
vt 0.232323 1.000000
vt 0.232323 0.000000
vt 0.242424 1.000000
vt 0.242424 0.000000
vt 0.252525 1.000000
vt 0.252525 0.000000
vt 0.262626 1.000000
vt 0.262626 0.000000
vt 0.272727 1.000000
vt 0.272727 0.000000
vt 0.282828 1.000000
vt 0.282828 0.000000
vt 0.292929 1.000000
vt 0.292929 0.000000
vt 0.303030 1.000000
vt 0.303030 0.000000
vt 0.313131 1.000000
vt 0.313131 0.000000
vt 0.323232 1.000000
vt 0.323232 0.000000
vt 0.343434 1.000000
vt 0.343434 0.000000
vt 0.353535 1.000000
vt 0.353535 0.000000
vt 0.363636 1.000000
vt 0.363636 0.000000
vt 0.373737 1.000000
vt 0.373737 0.000000
vt 0.383838 1.000000
vt 0.383838 0.000000
vt 0.393939 1.000000
vt 0.393939 0.000000
vt 0.404040 1.000000
vt 0.404040 0.000000
vt 0.414141 1.000000
vt 0.414141 0.000000
vt 0.424242 1.000000
vt 0.424242 0.000000
vt 0.434343 1.000000
vt 0.434343 0.000000
vt 0.444444 1.000000
vt 0.444444 0.000000
vt 0.454545 1.000000
vt 0.454545 0.000000
vt 0.464646 1.000000
vt 0.464646 0.000000
vt 0.474747 1.000000
vt 0.474747 0.000000
vt 0.484848 1.000000
vt 0.484848 0.000000
vt 0.494949 1.000000
vt 0.494949 0.000000
vt 0.505050 1.000000
vt 0.505050 0.000000
vt 0.515152 1.000000
vt 0.515152 0.000000
vt 0.525253 1.000000
vt 0.525253 0.000000
vt 0.535354 1.000000
vt 0.535354 0.000000
vt 0.545455 1.000000
vt 0.545455 0.000000
vt 0.555556 1.000000
vt 0.555556 0.000000
vt 0.565657 1.000000
vt 0.565657 0.000000
vt 0.575758 1.000000
vt 0.575758 0.000000
vt 0.585859 1.000000
vt 0.585859 0.000000
vt 0.595960 1.000000
vt 0.595960 0.000000
vt 0.606061 1.000000
vt 0.606061 0.000000
vt 0.616162 1.000000
vt 0.616162 0.000000
vt 0.626263 1.000000
vt 0.626263 0.000000
vt 0.636364 1.000000
vt 0.636364 0.000000
vt 0.646465 1.000000
vt 0.646465 0.000000
vt 0.656566 1.000000
vt 0.656566 0.000000
vt 0.676768 1.000000
vt 0.676768 0.000000
vt 0.686869 1.000000
vt 0.686869 0.000000
vt 0.696970 1.000000
vt 0.696970 0.000000
vt 0.707071 1.000000
vt 0.707071 0.000000
vt 0.717172 1.000000
vt 0.717172 0.000000
vt 0.727273 1.000000
vt 0.727273 0.000000
vt 0.737374 1.000000
vt 0.737374 0.000000
vt 0.747475 1.000000
vt 0.747475 0.000000
vt 0.757576 1.000000
vt 0.757576 0.000000
vt 0.767677 1.000000
vt 0.767677 0.000000
vt 0.777778 1.000000
vt 0.777778 0.000000
vt 0.787879 1.000000
vt 0.787879 0.000000
vt 0.797980 1.000000
vt 0.797980 0.000000
vt 0.808081 1.000000
vt 0.808081 0.000000
vt 0.818182 1.000000
vt 0.818182 0.000000
vt 0.828283 1.000000
vt 0.828283 0.000000
vt 0.838384 1.000000
vt 0.838384 0.000000
vt 0.848485 1.000000
vt 0.848485 0.000000
vt 0.858586 1.000000
vt 0.858586 0.000000
vt 0.868687 1.000000
vt 0.868687 0.000000
vt 0.878788 1.000000
vt 0.878788 0.000000
vt 0.888889 1.000000
vt 0.888889 0.000000
vt 0.898990 1.000000
vt 0.898990 0.000000
vt 0.909091 1.000000
vt 0.909091 0.000000
vt 0.919192 1.000000
vt 0.919192 0.000000
vt 0.929293 1.000000
vt 0.929293 0.000000
vt 0.939394 1.000000
vt 0.939394 0.000000
vt 0.949495 1.000000
vt 0.949495 0.000000
vt 0.959596 1.000000
vt 0.959596 0.000000
vt 0.969697 1.000000
vt 0.969697 0.000000
vt 0.979798 1.000000
vt 0.979798 0.000000
vt 0.989899 1.000000
vt 0.989899 0.000000
vt 0.020000 1.000000
vt 0.020000 0.000000
vt 0.060000 1.000000
vt 0.060000 0.000000
vt 0.100000 1.000000
vt 0.100000 0.000000
vt 0.140000 1.000000
vt 0.140000 0.000000
vt 0.180000 1.000000
vt 0.180000 0.000000
vt 0.220000 1.000000
vt 0.220000 0.000000
vt 0.260000 1.000000
vt 0.260000 0.000000
vt 0.300000 1.000000
vt 0.300000 0.000000
vt 0.340000 1.000000
vt 0.340000 0.000000
vt 0.380000 1.000000
vt 0.380000 0.000000
vt 0.420000 1.000000
vt 0.420000 0.000000
vt 0.460000 1.000000
vt 0.460000 0.000000
vt 0.540000 1.000000
vt 0.540000 0.000000
vt 0.580000 1.000000
vt 0.580000 0.000000
vt 0.620000 1.000000
vt 0.620000 0.000000
vt 0.660000 1.000000
vt 0.660000 0.000000
vt 0.700000 1.000000
vt 0.700000 0.000000
vt 0.740000 1.000000
vt 0.740000 0.000000
vt 0.780000 1.000000
vt 0.780000 0.000000
vt 0.820000 1.000000
vt 0.820000 0.000000
vt 0.860000 1.000000
vt 0.860000 0.000000
vt 0.900000 1.000000
vt 0.900000 0.000000
vt 0.940000 1.000000
vt 0.940000 0.000000
vt 0.980000 1.000000
vt 0.980000 0.000000
s 0
usemtl マテリアル
f 49/1/1 51/2/1 50/3/1
f 49/1/1 52/4/1 51/2/1
f 49/1/1 53/5/1 52/4/1
f 85/6/1 87/7/1 86/8/1
f 49/1/1 54/9/1 53/5/1
f 84/10/1 87/7/1 85/6/1
f 83/11/1 87/7/1 84/10/1
f 49/1/1 55/12/1 54/9/1
f 82/13/1 87/7/1 83/11/1
f 49/1/1 56/14/1 55/12/1
f 81/15/1 87/7/1 82/13/1
f 49/1/1 57/16/1 56/14/1
f 80/17/1 87/7/1 81/15/1
f 79/18/1 87/7/1 80/17/1
f 49/1/1 58/19/1 57/16/1
f 78/20/1 87/7/1 79/18/1
f 49/1/1 59/21/1 58/19/1
f 77/22/1 87/7/1 78/20/1
f 49/1/1 60/23/1 59/21/1
f 76/24/1 87/7/1 77/22/1
f 49/1/1 61/25/1 60/23/1
f 75/26/1 87/7/1 76/24/1
f 49/1/1 62/27/1 61/25/1
f 74/28/1 87/7/1 75/26/1
f 49/1/1 63/29/1 62/27/1
f 49/1/1 64/30/1 63/29/1
f 49/1/1 65/31/1 64/30/1
f 49/1/1 66/32/1 65/31/1
f 49/1/1 67/33/1 66/32/1
f 49/1/1 68/34/1 67/33/1
f 49/1/1 69/35/1 68/34/1
f 49/1/1 70/36/1 69/35/1
f 49/1/1 71/37/1 70/36/1
f 49/1/1 72/38/1 71/37/1
f 49/1/1 73/39/1 72/38/1
f 49/1/1 74/28/1 73/39/1
f 49/1/1 48/40/1 74/28/1
f 48/40/1 47/41/1 74/28/1
f 47/41/1 46/42/1 74/28/1
f 46/42/1 45/43/1 74/28/1
f 45/43/1 44/44/1 74/28/1
f 44/44/1 43/45/1 74/28/1
f 43/45/1 87/7/1 74/28/1
f 43/45/1 42/46/1 87/7/1
f 42/46/1 88/47/1 87/7/1
f 42/46/1 89/48/1 88/47/1
f 42/46/1 41/49/1 89/48/1
f 41/49/1 90/50/1 89/48/1
f 41/49/1 91/51/1 90/50/1
f 41/49/1 40/52/1 91/51/1
f 40/52/1 92/53/1 91/51/1
f 40/52/1 93/54/1 92/53/1
f 40/52/1 39/55/1 93/54/1
f 39/55/1 94/56/1 93/54/1
f 39/55/1 95/57/1 94/56/1
f 39/55/1 38/58/1 95/57/1
f 38/58/1 96/59/1 95/57/1
f 38/58/1 97/60/1 96/59/1
f 38/58/1 37/61/1 97/60/1
f 37/61/1 98/62/1 97/60/1
f 37/61/1 36/63/1 98/62/1
f 36/63/1 35/64/1 98/62/1
f 35/64/1 34/65/1 98/62/1
f 34/65/1 33/66/1 98/62/1
f 33/66/1 32/67/1 98/62/1
f 32/67/1 31/68/1 98/62/1
f 31/68/1 30/69/1 98/62/1
f 30/69/1 29/70/1 98/62/1
f 29/70/1 28/71/1 98/62/1
f 28/71/1 26/72/1 98/62/1
f 26/72/1 25/73/1 98/62/1
f 25/73/1 99/74/1 98/62/1
f 27/75/1 26/72/1 28/71/1
f 24/76/1 99/74/1 25/73/1
f 24/76/1 1/77/1 99/74/1
f 23/78/1 1/77/1 24/76/1
f 23/78/1 2/79/1 1/77/1
f 22/80/1 2/79/1 23/78/1
f 22/80/1 3/81/1 2/79/1
f 21/82/1 3/81/1 22/80/1
f 21/82/1 4/83/1 3/81/1
f 20/84/1 4/83/1 21/82/1
f 20/84/1 5/85/1 4/83/1
f 19/86/1 5/85/1 20/84/1
f 135/87/1 137/88/1 136/89/1
f 135/87/1 138/90/1 137/88/1
f 134/91/1 138/90/1 135/87/1
f 133/92/1 138/90/1 134/91/1
f 19/86/1 6/93/1 5/85/1
f 18/94/1 6/93/1 19/86/1
f 132/95/1 138/90/1 133/92/1
f 131/96/1 138/90/1 132/95/1
f 130/97/1 138/90/1 131/96/1
f 129/98/1 138/90/1 130/97/1
f 18/94/1 7/99/1 6/93/1
f 17/100/1 7/99/1 18/94/1
f 128/101/1 138/90/1 129/98/1
f 127/102/1 138/90/1 128/101/1
f 126/103/1 138/90/1 127/102/1
f 16/104/1 7/99/1 17/100/1
f 125/105/1 138/90/1 126/103/1
f 16/104/1 8/106/1 7/99/1
f 125/105/1 139/107/1 138/90/1
f 124/108/1 139/107/1 125/105/1
f 123/109/1 139/107/1 124/108/1
f 15/110/1 8/106/1 16/104/1
f 15/110/1 9/111/1 8/106/1
f 14/112/1 9/111/1 15/110/1
f 13/113/1 9/111/1 14/112/1
f 13/113/1 10/114/1 9/111/1
f 122/115/1 139/107/1 123/109/1
f 12/116/1 10/114/1 13/113/1
f 122/115/1 140/117/1 139/107/1
f 12/116/1 11/118/1 10/114/1
f 121/119/1 140/117/1 122/115/1
f 121/119/1 141/120/1 140/117/1
f 120/121/1 141/120/1 121/119/1
f 119/122/1 141/120/1 120/121/1
f 119/122/1 142/123/1 141/120/1
f 118/124/1 142/123/1 119/122/1
f 118/124/1 143/125/1 142/123/1
f 117/126/1 143/125/1 118/124/1
f 116/127/1 143/125/1 117/126/1
f 116/127/1 144/128/1 143/125/1
f 115/129/1 144/128/1 116/127/1
f 115/129/1 145/130/1 144/128/1
f 114/131/1 145/130/1 115/129/1
f 113/132/1 145/130/1 114/131/1
f 113/132/1 146/133/1 145/130/1
f 112/134/1 146/133/1 113/132/1
f 112/134/1 147/135/1 146/133/1
f 111/136/1 147/135/1 112/134/1
f 110/137/1 147/135/1 111/136/1
f 109/138/1 147/135/1 110/137/1
f 108/139/1 147/135/1 109/138/1
f 107/140/1 147/135/1 108/139/1
f 106/141/1 147/135/1 107/140/1
f 105/142/1 147/135/1 106/141/1
f 104/143/1 147/135/1 105/142/1
f 103/144/1 147/135/1 104/143/1
f 103/144/1 148/145/1 147/135/1
f 102/146/1 148/145/1 103/144/1
f 101/147/1 148/145/1 102/146/1
f 100/148/1 148/145/1 101/147/1
f 149/149/1 148/145/1 100/148/1
f 164/150/1 166/151/1 165/152/1
f 164/150/1 167/153/1 166/151/1
f 164/150/1 168/154/1 167/153/1
f 164/150/1 169/155/1 168/154/1
f 164/150/1 170/156/1 169/155/1
f 164/150/1 171/157/1 170/156/1
f 189/158/1 191/159/1 190/160/1
f 188/161/1 191/159/1 189/158/1
f 187/162/1 191/159/1 188/161/1
f 164/150/1 172/163/1 171/157/1
f 186/164/1 191/159/1 187/162/1
f 164/150/1 173/165/1 172/163/1
f 185/166/1 191/159/1 186/164/1
f 184/167/1 191/159/1 185/166/1
f 164/150/1 174/168/1 173/165/1
f 183/169/1 191/159/1 184/167/1
f 182/170/1 191/159/1 183/169/1
f 164/150/1 175/171/1 174/168/1
f 181/172/1 191/159/1 182/170/1
f 180/173/1 191/159/1 181/172/1
f 164/150/1 176/174/1 175/171/1
f 179/175/1 191/159/1 180/173/1
f 164/150/1 177/176/1 176/174/1
f 178/177/1 191/159/1 179/175/1
f 164/150/1 178/177/1 177/176/1
f 164/150/1 191/159/1 178/177/1
f 164/150/1 192/178/1 191/159/1
f 164/150/1 193/179/1 192/178/1
f 164/150/1 194/180/1 193/179/1
f 164/150/1 195/181/1 194/180/1
f 164/150/1 196/182/1 195/181/1
f 164/150/1 197/183/1 196/182/1
f 164/150/1 198/184/1 197/183/1
f 164/150/1 163/185/1 198/184/1
f 163/185/1 162/186/1 198/184/1
f 162/186/1 161/187/1 198/184/1
f 161/187/1 199/188/1 198/184/1
f 161/187/1 160/189/1 199/188/1
f 160/189/1 159/190/1 199/188/1
f 159/190/1 158/191/1 199/188/1
f 158/191/1 157/192/1 199/188/1
f 157/192/1 200/193/1 199/188/1
f 157/192/1 156/194/1 200/193/1
f 156/194/1 155/195/1 200/193/1
f 155/195/1 201/196/1 200/193/1
f 155/195/1 154/197/1 201/196/1
f 154/197/1 153/198/1 201/196/1
f 153/198/1 202/199/1 201/196/1
f 153/198/1 152/200/1 202/199/1
f 152/200/1 151/201/1 202/199/1
f 151/201/1 203/202/1 202/199/1
f 150/77/1 203/202/1 151/201/1
f 230/203/1 232/204/1 231/205/1
f 230/203/1 233/206/1 232/204/1
f 230/203/1 234/207/1 233/206/1
f 230/203/1 235/208/1 234/207/1
f 230/203/1 236/209/1 235/208/1
f 230/203/1 237/210/1 236/209/1
f 230/203/1 238/211/1 237/210/1
f 230/203/1 239/212/1 238/211/1
f 230/203/1 240/213/1 239/212/1
f 230/203/1 241/214/1 240/213/1
f 230/203/1 242/215/1 241/214/1
f 230/203/1 243/149/1 242/215/1
f 230/203/1 150/77/1 243/149/1
f 230/203/1 229/216/1 150/77/1
f 229/216/1 203/202/1 150/77/1
f 229/216/1 228/217/1 203/202/1
f 228/217/1 227/218/1 203/202/1
f 227/218/1 204/219/1 203/202/1
f 227/218/2 226/220/2 204/219/2
f 226/220/1 225/221/1 204/219/1
f 225/221/1 224/222/1 204/219/1
f 224/222/1 205/223/1 204/219/1
f 224/222/1 223/224/1 205/223/1
f 223/224/1 222/225/1 205/223/1
f 222/225/1 221/226/1 205/223/1
f 221/226/1 206/227/1 205/223/1
f 221/226/1 220/228/1 206/227/1
f 220/228/1 219/229/1 206/227/1
f 219/229/1 207/230/1 206/227/1
f 219/229/1 218/231/1 207/230/1
f 218/231/1 217/232/1 207/230/1
f 217/232/1 208/233/1 207/230/1
f 216/234/1 208/233/1 217/232/1
f 216/234/1 209/235/1 208/233/1
f 216/234/1 210/236/1 209/235/1
f 216/234/1 211/237/1 210/236/1
f 216/234/1 212/238/1 211/237/1
f 216/234/1 213/239/1 212/238/1
f 216/234/1 214/240/1 213/239/1
f 216/234/1 215/241/1 214/240/1
f 377/242/1 379/243/1 378/244/1
f 376/245/1 379/243/1 377/242/1
f 341/246/1 343/247/1 342/238/1
f 375/248/1 379/243/1 376/245/1
f 341/246/1 344/249/1 343/247/1
f 341/246/1 345/250/1 344/249/1
f 374/251/1 379/243/1 375/248/1
f 341/246/1 346/252/1 345/250/1
f 373/253/1 379/243/1 374/251/1
f 341/246/1 347/254/1 346/252/1
f 341/246/1 348/255/1 347/254/1
f 372/256/1 379/243/1 373/253/1
f 341/246/1 349/257/1 348/255/1
f 371/258/1 379/243/1 372/256/1
f 341/246/1 350/259/1 349/257/1
f 370/260/1 379/243/1 371/258/1
f 341/246/1 351/261/1 350/259/1
f 369/262/1 379/243/1 370/260/1
f 341/246/1 352/263/1 351/261/1
f 368/264/1 379/243/1 369/262/1
f 341/246/1 353/265/1 352/263/1
f 367/266/1 379/243/1 368/264/1
f 341/246/1 354/267/1 353/265/1
f 366/268/1 379/243/1 367/266/1
f 341/246/1 355/269/1 354/267/1
f 341/246/1 356/270/1 355/269/1
f 341/246/1 357/271/1 356/270/1
f 341/246/1 358/272/1 357/271/1
f 341/246/1 359/273/1 358/272/1
f 341/246/1 360/274/1 359/273/1
f 341/246/1 361/275/1 360/274/1
f 341/246/1 362/276/1 361/275/1
f 341/246/1 363/277/1 362/276/1
f 341/246/1 364/278/1 363/277/1
f 341/246/1 365/279/1 364/278/1
f 341/246/1 366/268/1 365/279/1
f 341/246/1 379/243/1 366/268/1
f 341/246/1 340/280/1 379/243/1
f 340/280/1 380/281/1 379/243/1
f 340/280/1 381/282/1 380/281/1
f 340/280/1 339/283/1 381/282/1
f 339/283/1 382/284/1 381/282/1
f 339/283/1 338/285/1 382/284/1
f 338/285/1 383/286/1 382/284/1
f 338/285/1 337/287/1 383/286/1
f 337/287/1 336/288/1 383/286/1
f 336/288/1 384/289/1 383/286/1
f 336/288/1 335/290/1 384/289/1
f 335/290/1 385/291/1 384/289/1
f 335/290/1 334/292/1 385/291/1
f 334/292/1 333/293/1 385/291/1
f 333/293/1 386/294/1 385/291/1
f 333/293/1 332/295/1 386/294/1
f 332/295/1 387/296/1 386/294/1
f 332/295/1 331/297/1 387/296/1
f 331/297/1 388/298/1 387/296/1
f 331/297/1 389/299/1 388/298/1
f 331/297/1 330/300/1 389/299/1
f 330/300/1 390/301/1 389/299/1
f 330/300/1 391/149/1 390/301/1
f 330/300/1 329/302/1 391/149/1
f 329/302/1 327/303/1 391/149/1
f 327/303/1 326/304/1 391/149/1
f 326/304/1 325/305/1 391/149/1
f 325/305/1 324/306/1 391/149/1
f 324/306/1 323/307/1 391/149/1
f 323/307/1 322/308/1 391/149/1
f 322/308/1 321/309/1 391/149/1
f 321/309/1 320/310/1 391/149/1
f 320/310/1 319/311/1 391/149/1
f 319/311/1 318/312/1 391/149/1
f 318/312/1 317/313/1 391/149/1
f 317/313/1 244/77/1 391/149/1
f 328/314/1 327/303/1 329/302/1
f 316/315/1 244/77/1 317/313/1
f 316/315/1 245/316/1 244/77/1
f 315/317/1 245/316/1 316/315/1
f 315/317/1 246/318/1 245/316/1
f 314/319/1 246/318/1 315/317/1
f 314/319/1 247/320/1 246/318/1
f 313/321/1 247/320/1 314/319/1
f 313/321/1 248/322/1 247/320/1
f 312/323/1 248/322/1 313/321/1
f 312/323/1 249/324/1 248/322/1
f 311/325/1 249/324/1 312/323/1
f 311/325/1 250/326/1 249/324/1
f 310/327/1 250/326/1 311/325/1
f 310/327/1 251/328/1 250/326/1
f 309/329/1 251/328/1 310/327/1
f 308/330/1 251/328/1 309/329/1
f 308/330/1 252/331/1 251/328/1
f 307/332/1 252/331/1 308/330/1
f 307/332/1 253/333/1 252/331/1
f 306/334/1 253/333/1 307/332/1
f 306/334/1 254/335/1 253/333/1
f 305/336/1 254/335/1 306/334/1
f 305/336/1 255/337/1 254/335/1
f 304/338/1 255/337/1 305/336/1
f 304/338/1 256/339/1 255/337/1
f 303/340/1 256/339/1 304/338/1
f 303/340/1 257/341/1 256/339/1
f 302/342/1 257/341/1 303/340/1
f 302/342/1 280/343/1 257/341/1
f 280/343/1 258/344/1 257/341/1
f 302/342/1 281/345/1 280/343/1
f 279/346/1 258/344/1 280/343/1
f 279/346/1 259/347/1 258/344/1
f 301/348/1 281/345/1 302/342/1
f 278/349/1 259/347/1 279/346/1
f 301/348/1 282/350/1 281/345/1
f 278/349/1 260/351/1 259/347/1
f 300/352/1 282/350/1 301/348/1
f 277/353/1 260/351/1 278/349/1
f 300/352/1 283/354/1 282/350/1
f 277/353/1 261/355/1 260/351/1
f 299/356/1 283/354/1 300/352/1
f 276/357/1 261/355/1 277/353/1
f 299/356/1 284/358/1 283/354/1
f 276/357/1 262/359/1 261/355/1
f 298/360/1 284/358/1 299/356/1
f 275/361/1 262/359/1 276/357/1
f 298/360/1 285/362/1 284/358/1
f 275/361/1 263/363/1 262/359/1
f 297/364/1 285/362/1 298/360/1
f 274/365/1 263/363/1 275/361/1
f 297/364/1 286/366/1 285/362/1
f 274/365/1 264/367/1 263/363/1
f 296/368/1 286/366/1 297/364/1
f 273/369/1 264/367/1 274/365/1
f 296/368/1 287/370/1 286/366/1
f 295/371/1 287/370/1 296/368/1
f 273/369/1 265/372/1 264/367/1
f 272/373/1 265/372/1 273/369/1
f 295/371/1 288/374/1 287/370/1
f 294/375/1 288/374/1 295/371/1
f 272/373/1 266/376/1 265/372/1
f 271/377/1 266/376/1 272/373/1
f 293/172/1 288/374/1 294/375/1
f 293/172/1 289/378/1 288/374/1
f 271/377/1 267/379/1 266/376/1
f 292/380/1 289/378/1 293/172/1
f 270/381/1 267/379/1 271/377/1
f 292/380/1 290/382/1 289/378/1
f 270/381/1 269/383/1 267/379/1
f 269/383/1 268/384/1 267/379/1
f 292/380/1 291/385/1 290/382/1
f 688/386/1 690/387/1 689/388/1
f 615/389/1 617/390/1 616/391/1
f 615/389/1 470/392/1 617/390/1
f 615/389/1 471/393/1 470/392/1
f 614/394/1 471/393/1 615/389/1
f 687/395/1 690/387/1 688/386/1
f 687/395/1 691/396/1 690/387/1
f 614/394/1 472/397/1 471/393/1
f 614/394/1 473/398/1 472/397/1
f 614/394/1 474/399/1 473/398/1
f 613/400/1 474/399/1 614/394/1
f 613/400/1 475/401/1 474/399/1
f 687/395/1 692/402/1 691/396/1
f 686/403/1 692/402/1 687/395/1
f 613/400/1 476/404/1 475/401/1
f 613/400/1 477/405/1 476/404/1
f 612/406/1 477/405/1 613/400/1
f 612/406/1 478/407/1 477/405/1
f 686/403/1 693/408/1 692/402/1
f 685/409/1 693/408/1 686/403/1
f 612/406/1 479/410/1 478/407/1
f 612/406/1 480/411/1 479/410/1
f 612/406/1 481/412/1 480/411/1
f 611/413/1 481/412/1 612/406/1
f 685/409/1 694/414/1 693/408/1
f 482/415/1 484/416/1 483/417/1
f 611/413/1 482/415/1 481/412/1
f 611/413/1 484/416/1 482/415/1
f 684/418/1 694/414/1 685/409/1
f 684/418/1 695/419/1 694/414/1
f 610/420/1 484/416/1 611/413/1
f 610/420/1 485/421/1 484/416/1
f 683/422/1 695/419/1 684/418/1
f 683/422/1 696/423/1 695/419/1
f 609/424/1 485/421/1 610/420/1
f 714/425/1 716/426/1 715/427/1
f 609/424/1 468/428/1 485/421/1
f 468/428/1 467/429/1 485/421/1
f 467/429/1 486/430/1 485/421/1
f 682/431/1 696/423/1 683/422/1
f 713/432/1 716/426/1 714/425/1
f 682/431/1 697/433/1 696/423/1
f 609/424/1 469/434/1 468/428/1
f 466/435/1 486/430/1 467/429/1
f 608/436/1 469/434/1 609/424/1
f 712/437/1 716/426/1 713/432/1
f 466/435/1 487/438/1 486/430/1
f 681/439/1 697/433/1 682/431/1
f 608/436/1 444/440/1 469/434/1
f 465/441/1 487/438/1 466/435/1
f 711/442/1 716/426/1 712/437/1
f 711/442/1 717/443/1 716/426/1
f 681/439/1 698/444/1 697/433/1
f 608/436/1 445/445/1 444/440/1
f 680/446/1 698/444/1 681/439/1
f 710/447/1 717/443/1 711/442/1
f 607/448/1 445/445/1 608/436/1
f 465/441/1 488/449/1 487/438/1
f 464/450/1 488/449/1 465/441/1
f 607/448/1 446/451/1 445/445/1
f 709/452/1 717/443/1 710/447/1
f 680/446/1 699/453/1 698/444/1
f 463/454/1 488/449/1 464/450/1
f 679/455/1 699/453/1 680/446/1
f 709/452/1 718/456/1 717/443/1
f 607/448/1 447/457/1 446/451/1
f 463/454/1 489/458/1 488/449/1
f 708/459/1 718/456/1 709/452/1
f 606/460/1 580/461/1 607/448/1
f 580/461/1 447/457/1 607/448/1
f 462/462/1 489/458/1 463/454/1
f 678/463/1 699/453/1 679/455/1
f 707/464/1 718/456/1 708/459/1
f 580/461/1 448/465/1 447/457/1
f 678/463/1 700/466/1 699/453/1
f 606/460/1 581/467/1 580/461/1
f 579/468/1 448/465/1 580/461/1
f 461/469/1 489/458/1 462/462/1
f 677/470/1 700/466/1 678/463/1
f 461/469/1 490/471/1 489/458/1
f 706/472/1 718/456/1 707/464/1
f 579/468/1 449/473/1 448/465/1
f 606/460/1 582/474/1 581/467/1
f 605/475/1 582/474/1 606/460/1
f 706/472/1 719/476/1 718/456/1
f 578/477/1 449/473/1 579/468/1
f 676/478/1 700/466/1 677/470/1
f 605/475/1 583/479/1 582/474/1
f 705/480/1 719/476/1 706/472/1
f 460/481/1 490/471/1 461/469/1
f 676/478/1 701/482/1 700/466/1
f 578/477/1 450/483/1 449/473/1
f 675/484/1 701/482/1 676/478/1
f 577/485/1 450/483/1 578/477/1
f 460/481/1 491/486/1 490/471/1
f 605/475/1 584/487/1 583/479/1
f 674/488/1 701/482/1 675/484/1
f 704/489/1 719/476/1 705/480/1
f 459/490/1 491/486/1 460/481/1
f 604/491/1 584/487/1 605/475/1
f 577/485/1 451/492/1 450/483/1
f 604/491/1 585/493/1 584/487/1
f 673/494/1 701/482/1 674/488/1
f 576/495/1 451/492/1 577/485/1
f 704/489/1 720/496/1 719/476/1
f 703/497/1 720/496/1 704/489/1
f 673/494/1 702/498/1 701/482/1
f 672/499/1 702/498/1 673/494/1
f 604/491/1 586/500/1 585/493/1
f 458/501/1 491/486/1 459/490/1
f 576/495/1 452/502/1 451/492/1
f 458/501/1 492/503/1 491/486/1
f 671/504/1 702/498/1 672/499/1
f 575/505/1 452/502/1 576/495/1
f 702/498/1 720/496/1 703/497/1
f 604/491/1 587/506/1 586/500/1
f 670/507/1 702/498/1 671/504/1
f 603/508/1 587/506/1 604/491/1
f 457/509/1 492/503/1 458/501/1
f 602/510/1 587/506/1 603/508/1
f 669/511/1 702/498/1 670/507/1
f 575/505/1 453/512/1 452/502/1
f 601/513/1 587/506/1 602/510/1
f 669/511/1 720/496/1 702/498/1
f 574/514/1 453/512/1 575/505/1
f 601/513/1 588/515/1 587/506/1
f 668/516/1 720/496/1 669/511/1
f 600/517/1 588/515/1 601/513/1
f 667/518/1 720/496/1 668/516/1
f 457/509/1 493/519/1 492/503/1
f 666/520/1 720/496/1 667/518/1
f 599/521/1 588/515/1 600/517/1
f 666/520/1 721/522/1 720/496/1
f 665/523/1 721/522/1 666/520/1
f 456/524/1 493/519/1 457/509/1
f 599/521/1 589/525/1 588/515/1
f 574/514/1 454/526/1 453/512/1
f 664/527/1 721/522/1 665/523/1
f 598/528/1 589/525/1 599/521/1
f 573/529/1 454/526/1 574/514/1
f 663/530/1 721/522/1 664/527/1
f 597/531/1 589/525/1 598/528/1
f 597/531/1 590/532/1 589/525/1
f 596/533/1 590/532/1 597/531/1
f 662/534/1 721/522/1 663/530/1
f 455/535/1 493/519/1 456/524/1
f 573/529/1 455/535/1 454/526/1
f 572/536/1 455/535/1 573/529/1
f 595/537/1 590/532/1 596/533/1
f 595/537/1 591/538/1 590/532/1
f 455/535/1 494/539/1 493/519/1
f 661/540/1 721/522/1 662/534/1
f 594/541/1 591/538/1 595/537/1
f 660/542/1 721/522/1 661/540/1
f 572/536/1 494/539/1 455/535/1
f 593/543/1 591/538/1 594/541/1
f 593/543/1 592/544/1 591/538/1
f 571/545/1 494/539/1 572/536/1
f 660/542/1 641/546/1 721/522/1
f 641/546/1 722/547/1 721/522/1
f 659/548/1 641/546/1 660/542/1
f 571/545/1 495/549/1 494/539/1
f 658/550/1 641/546/1 659/548/1
f 570/551/1 495/549/1 571/545/1
f 657/552/1 641/546/1 658/550/1
f 657/552/1 642/553/1 641/546/1
f 640/554/1 722/547/1 641/546/1
f 657/552/1 643/555/1 642/553/1
f 569/556/1 495/549/1 570/551/1
f 656/557/1 643/555/1 657/552/1
f 656/557/1 644/558/1 643/555/1
f 656/557/1 645/559/1 644/558/1
f 569/556/1 496/560/1 495/549/1
f 655/561/1 645/559/1 656/557/1
f 655/561/1 646/562/1 645/559/1
f 640/554/1 723/563/1 722/547/1
f 655/561/1 647/564/1 646/562/1
f 639/565/1 723/563/1 640/554/1
f 568/566/1 496/560/1 569/556/1
f 655/561/1 648/567/1 647/564/1
f 654/568/1 648/567/1 655/561/1
f 654/568/1 649/569/1 648/567/1
f 654/568/1 650/570/1 649/569/1
f 654/568/1 651/571/1 650/570/1
f 653/572/1 652/573/1 654/568/1
f 652/573/1 651/571/1 654/568/1
f 567/574/1 496/560/1 568/566/1
f 638/575/1 723/563/1 639/565/1
f 567/574/1 497/576/1 496/560/1
f 741/577/1 743/578/1 742/579/1
f 637/580/1 723/563/1 638/575/1
f 637/580/1 724/581/1 723/563/1
f 566/582/1 497/576/1 567/574/1
f 566/582/1 498/583/1 497/576/1
f 740/584/1 743/578/1 741/577/1
f 740/584/1 744/585/1 743/578/1
f 636/26/1 724/581/1 637/580/1
f 739/586/1 744/585/1 740/584/1
f 565/587/1 498/583/1 566/582/1
f 565/587/1 499/588/1 498/583/1
f 635/589/1 724/581/1 636/26/1
f 738/590/1 744/585/1 739/586/1
f 635/589/1 725/591/1 724/581/1
f 738/590/1 745/592/1 744/585/1
f 564/593/1 532/594/1 565/587/1
f 532/594/1 499/588/1 565/587/1
f 737/595/1 745/592/1 738/590/1
f 634/596/1 725/591/1 635/589/1
f 532/594/1 500/597/1 499/588/1
f 564/593/1 533/598/1 532/594/1
f 531/599/1 500/597/1 532/594/1
f 736/600/1 745/592/1 737/595/1
f 633/601/1 725/591/1 634/596/1
f 563/602/1 533/598/1 564/593/1
f 736/600/1 746/603/1 745/592/1
f 531/599/1 501/604/1 500/597/1
f 735/605/1 746/603/1 736/600/1
f 632/606/1 725/591/1 633/601/1
f 563/602/1 534/607/1 533/598/1
f 530/608/1 501/604/1 531/599/1
f 632/606/1 726/609/1 725/591/1
f 734/610/1 746/603/1 735/605/1
f 562/611/1 534/607/1 563/602/1
f 631/612/1 726/609/1 632/606/1
f 530/608/1 502/613/1 501/604/1
f 733/614/1 746/603/1 734/610/1
f 630/615/1 726/609/1 631/612/1
f 733/614/1 747/616/1 746/603/1
f 562/611/1 535/617/1 534/607/1
f 561/618/1 535/617/1 562/611/1
f 529/619/1 502/613/1 530/608/1
f 629/620/1 726/609/1 630/615/1
f 732/621/1 747/616/1 733/614/1
f 529/619/1 503/622/1 502/613/1
f 628/623/1 726/609/1 629/620/1
f 628/623/1 727/624/1 726/609/1
f 560/625/1 535/617/1 561/618/1
f 731/626/1 747/616/1 732/621/1
f 560/625/1 536/627/1 535/617/1
f 731/626/1 748/628/1 747/616/1
f 529/619/1 504/629/1 503/622/1
f 528/630/1 504/629/1 529/619/1
f 627/631/1 727/624/1 628/623/1
f 730/632/1 748/628/1 731/626/1
f 559/633/1 536/627/1 560/625/1
f 626/634/1 727/624/1 627/631/1
f 528/630/1 505/635/1 504/629/1
f 559/633/1 537/636/1 536/627/1
f 729/637/1 748/628/1 730/632/1
f 527/638/1 505/635/1 528/630/1
f 558/639/1 537/636/1 559/633/1
f 625/640/1 727/624/1 626/634/1
f 729/637/1 749/641/1 748/628/1
f 625/640/1 728/642/1 727/624/1
f 728/642/1 749/641/1 729/637/1
f 527/638/1 506/643/1 505/635/1
f 624/644/1 728/642/1 625/640/1
f 558/639/1 538/645/1 537/636/1
f 557/646/1 538/645/1 558/639/1
f 526/647/1 506/643/1 527/638/1
f 623/648/1 728/642/1 624/644/1
f 526/647/1 507/649/1 506/643/1
f 556/650/1 538/645/1 557/646/1
f 622/651/1 728/642/1 623/648/1
f 728/642/1 750/652/1 749/641/1
f 556/650/1 539/653/1 538/645/1
f 526/647/1 508/654/1 507/649/1
f 621/655/1 728/642/1 622/651/1
f 621/655/1 750/652/1 728/642/1
f 525/656/1 508/654/1 526/647/1
f 555/657/1 539/653/1 556/650/1
f 620/658/1 750/652/1 621/655/1
f 554/659/1 539/653/1 555/657/1
f 525/656/1 509/660/1 508/654/1
f 554/659/1 540/661/1 539/653/1
f 619/662/1 750/652/1 620/658/1
f 553/663/1 540/661/1 554/659/1
f 525/656/1 510/664/1 509/660/1
f 618/665/1 750/652/1 619/662/1
f 618/665/1 751/666/1 750/652/1
f 552/667/1 540/661/1 553/663/1
f 524/668/1 510/664/1 525/656/1
f 442/669/1 418/670/1 443/671/1
f 791/672/1 751/666/1 618/665/1
f 524/668/1 511/673/1 510/664/1
f 790/674/1 751/666/1 791/672/1
f 551/675/1 540/661/1 552/667/1
f 524/668/1 512/676/1 511/673/1
f 551/675/1 541/677/1 540/661/1
f 789/678/1 751/666/1 790/674/1
f 442/669/1 419/679/1 418/670/1
f 550/680/1 541/677/1 551/675/1
f 524/668/1 513/681/1 512/676/1
f 523/682/1 513/681/1 524/668/1
f 788/683/1 751/666/1 789/678/1
f 549/684/1 541/677/1 550/680/1
f 523/682/1 514/58/1 513/681/1
f 442/669/1 420/685/1 419/679/1
f 788/683/1 767/686/1 751/666/1
f 767/686/1 752/687/1 751/666/1
f 549/684/1 542/688/1 541/677/1
f 787/689/1 767/686/1 788/683/1
f 548/690/1 542/688/1 549/684/1
f 523/682/1 515/691/1 514/58/1
f 787/689/1 768/692/1 767/686/1
f 766/693/1 752/687/1 767/686/1
f 522/694/1 515/691/1 523/682/1
f 442/669/1 421/695/1 420/685/1
f 786/696/1 768/692/1 787/689/1
f 547/697/1 542/688/1 548/690/1
f 522/694/1 516/698/1 515/691/1
f 547/697/1 543/699/1 542/688/1
f 765/700/1 752/687/1 766/693/1
f 786/696/1 769/701/1 768/692/1
f 785/702/1 769/701/1 786/696/1
f 546/703/1 543/699/1 547/697/1
f 522/694/1 517/704/1 516/698/1
f 765/700/1 753/705/1 752/687/1
f 764/706/1 753/705/1 765/700/1
f 442/669/1 422/707/1 421/695/1
f 521/708/1 517/704/1 522/694/1
f 785/702/1 770/709/1 769/701/1
f 545/710/1 543/699/1 546/703/1
f 545/710/1 544/711/1 543/699/1
f 521/708/1 518/712/1 517/704/1
f 784/713/1 770/709/1 785/702/1
f 763/714/1 753/705/1 764/706/1
f 784/713/1 771/715/1 770/709/1
f 521/708/1 519/716/1 518/712/1
f 762/717/1 753/705/1 763/714/1
f 442/669/1 423/718/1 422/707/1
f 520/719/1 519/716/1 521/708/1
f 783/720/1 771/715/1 784/713/1
f 783/720/1 772/721/1 771/715/1
f 441/722/1 423/718/1 442/669/1
f 762/717/1 754/723/1 753/705/1
f 761/724/1 754/723/1 762/717/1
f 782/725/1 772/721/1 783/720/1
f 782/725/1 773/726/1 772/721/1
f 760/727/1 754/723/1 761/724/1
f 441/722/1 424/728/1 423/718/1
f 440/729/1 424/728/1 441/722/1
f 782/725/1 774/730/1 773/726/1
f 781/731/1 774/730/1 782/725/1
f 759/732/1 754/723/1 760/727/1
f 781/731/1 775/733/1 774/730/1
f 781/731/1 776/734/1 775/733/1
f 759/732/1 758/134/1 754/723/1
f 758/134/1 757/735/1 754/723/1
f 757/735/1 756/736/1 754/723/1
f 756/736/1 755/737/1 754/723/1
f 780/738/1 776/734/1 781/731/1
f 440/729/1 425/739/1 424/728/1
f 439/740/1 425/739/1 440/729/1
f 780/738/1 777/741/1 776/734/1
f 780/738/1 778/742/1 777/741/1
f 779/743/1 778/742/1 780/738/1
f 438/744/1 425/739/1 439/740/1
f 438/744/1 426/745/1 425/739/1
f 437/746/1 426/745/1 438/744/1
f 437/746/1 427/747/1 426/745/1
f 436/748/1 427/747/1 437/746/1
f 436/748/1 428/749/1 427/747/1
f 436/748/1 429/750/1 428/749/1
f 435/751/1 429/750/1 436/748/1
f 435/751/1 434/752/1 429/750/1
f 434/752/1 433/753/1 429/750/1
f 433/753/1 432/754/1 429/750/1
f 432/754/1 431/755/1 429/750/1
f 431/755/1 430/756/1 429/750/1
f 816/757/1 792/758/1 817/759/1
f 816/757/1 793/760/1 792/758/1
f 816/757/1 794/761/1 793/760/1
f 816/757/1 795/762/1 794/761/1
f 816/757/1 796/763/1 795/762/1
f 815/764/1 796/763/1 816/757/1
f 815/764/1 797/765/1 796/763/1
f 814/766/1 797/765/1 815/764/1
f 814/766/1 798/767/1 797/765/1
f 813/768/1 798/767/1 814/766/1
f 813/768/1 799/769/1 798/767/1
f 812/770/1 799/769/1 813/768/1
f 812/770/1 800/771/1 799/769/1
f 811/772/1 800/771/1 812/770/1
f 810/773/1 800/771/1 811/772/1
f 810/773/1 801/774/1 800/771/1
f 809/775/1 801/774/1 810/773/1
f 809/775/1 802/776/1 801/774/1
f 809/775/1 803/777/1 802/776/1
f 808/778/1 803/777/1 809/775/1
f 808/778/1 807/779/1 803/777/1
f 807/779/1 806/780/1 803/777/1
f 806/780/1 805/781/1 803/777/1
f 805/781/1 804/782/1 803/777/1
f 842/783/1 818/784/1 843/785/1
f 841/786/1 818/784/1 842/783/1
f 841/786/1 819/787/1 818/784/1
f 840/788/1 819/787/1 841/786/1
f 840/788/1 820/789/1 819/787/1
f 839/790/1 820/789/1 840/788/1
f 839/790/1 821/791/1 820/789/1
f 838/792/1 821/791/1 839/790/1
f 838/792/1 822/793/1 821/791/1
f 837/794/1 822/793/1 838/792/1
f 837/794/1 823/795/1 822/793/1
f 836/796/1 823/795/1 837/794/1
f 836/796/1 824/797/1 823/795/1
f 835/798/1 824/797/1 836/796/1
f 835/798/1 825/799/1 824/797/1
f 834/800/1 825/799/1 835/798/1
f 834/800/1 826/801/1 825/799/1
f 833/802/1 826/801/1 834/800/1
f 833/802/1 827/803/1 826/801/1
f 832/804/1 827/803/1 833/802/1
f 832/804/1 828/805/1 827/803/1
f 831/806/1 828/805/1 832/804/1
f 831/806/1 829/807/1 828/805/1
f 830/808/1 829/807/1 831/806/1
f 878/809/1 880/149/1 879/810/1
f 878/809/1 844/811/1 880/149/1
f 877/812/1 844/811/1 878/809/1
f 877/812/1 845/813/1 844/811/1
f 876/814/1 845/813/1 877/812/1
f 876/814/1 846/815/1 845/813/1
f 875/816/1 846/815/1 876/814/1
f 875/816/1 847/817/1 846/815/1
f 874/818/1 847/817/1 875/816/1
f 874/818/1 848/819/1 847/817/1
f 873/820/1 848/819/1 874/818/1
f 873/820/1 849/821/1 848/819/1
f 872/822/1 849/821/1 873/820/1
f 872/822/1 850/823/1 849/821/1
f 871/824/1 850/823/1 872/822/1
f 871/824/1 851/825/1 850/823/1
f 870/826/1 851/825/1 871/824/1
f 869/827/1 851/825/1 870/826/1
f 869/827/1 852/828/1 851/825/1
f 868/829/1 852/828/1 869/827/1
f 868/829/1 853/830/1 852/828/1
f 867/831/1 853/830/1 868/829/1
f 867/831/1 854/832/1 853/830/1
f 866/833/1 854/832/1 867/831/1
f 865/834/1 854/832/1 866/833/1
f 864/835/1 854/832/1 865/834/1
f 863/836/1 854/832/1 864/835/1
f 863/836/1 862/837/1 854/832/1
f 862/837/1 861/838/1 854/832/1
f 861/838/1 860/839/1 854/832/1
f 860/839/1 859/840/1 854/832/1
f 859/840/1 858/841/1 854/832/1
f 858/841/1 857/842/1 854/832/1
f 857/842/1 856/843/1 854/832/1
f 856/843/1 855/844/1 854/832/1
f 416/845/1 392/77/1 417/846/1
f 416/845/1 393/847/1 392/77/1
f 415/848/1 393/847/1 416/845/1
f 415/848/1 394/849/1 393/847/1
f 414/850/1 394/849/1 415/848/1
f 414/850/1 395/851/1 394/849/1
f 413/852/1 395/851/1 414/850/1
f 413/852/1 396/853/1 395/851/1
f 412/854/1 396/853/1 413/852/1
f 412/854/1 397/855/1 396/853/1
f 411/856/1 397/855/1 412/854/1
f 411/856/1 398/857/1 397/855/1
f 410/858/1 398/857/1 411/856/1
f 410/858/1 399/859/1 398/857/1
f 409/860/1 399/859/1 410/858/1
f 409/860/1 400/861/1 399/859/1
f 408/862/1 400/861/1 409/860/1
f 408/862/1 401/863/1 400/861/1
f 407/864/1 401/863/1 408/862/1
f 407/864/1 402/865/1 401/863/1
f 406/866/1 402/865/1 407/864/1
f 406/866/1 403/867/1 402/865/1
f 405/868/1 403/867/1 406/866/1
f 405/868/1 404/869/1 403/867/1
f 1045/870/1 1042/871/1 1046/872/1
f 1042/871/1 1047/149/1 1046/872/1
f 1042/871/1 1041/873/1 1047/149/1
f 1041/873/1 1044/874/1 1047/149/1
f 1045/870/1 1043/875/1 1042/871/1
f 1040/876/1 1044/874/1 1041/873/1
f 1045/870/1 1038/877/1 1043/875/1
f 1038/877/1 1040/876/1 1043/875/1
f 1038/877/1 1037/878/1 1040/876/1
f 1037/878/1 1044/874/1 1040/876/1
f 1045/870/1 1039/879/1 1038/877/1
f 1036/880/1 1044/874/1 1037/878/1
f 1045/870/1 1036/880/1 1039/879/1
f 1045/870/1 1044/874/1 1036/880/1
f 886/881/1 888/882/1 887/883/1
f 886/881/1 889/884/1 888/882/1
f 885/885/1 889/884/1 886/881/1
f 900/886/1 884/887/1 885/885/1
f 884/887/1 889/884/1 885/885/1
f 900/886/1 881/77/1 884/887/1
f 883/888/1 889/884/1 884/887/1
f 882/889/1 890/890/1 883/888/1
f 890/890/1 889/884/1 883/888/1
f 882/889/1 891/891/1 890/890/1
f 1002/892/1 902/893/1 901/894/1
f 1000/895/1 1002/892/1 1001/896/1
f 1000/895/1 902/893/1 1002/892/1
f 900/886/1 1031/897/1 881/77/1
f 1031/897/1 882/889/1 881/77/1
f 1031/897/1 1030/898/1 882/889/1
f 1030/898/1 891/891/1 882/889/1
f 1000/895/1 903/899/1 902/893/1
f 1000/895/1 999/900/1 903/899/1
f 999/900/1 1015/901/1 903/899/1
f 1015/901/1 1014/902/1 903/899/1
f 1014/902/1 904/903/1 903/899/1
f 900/886/1 1028/904/1 1031/897/1
f 1029/905/1 891/891/1 1030/898/1
f 998/906/1 1015/901/1 999/900/1
f 998/906/1 1016/907/1 1015/901/1
f 1013/908/1 904/903/1 1014/902/1
f 1013/908/1 905/909/1 904/903/1
f 997/910/1 1016/907/1 998/906/1
f 997/910/1 1017/911/1 1016/907/1
f 1012/912/1 905/909/1 1013/908/1
f 996/913/1 1017/911/1 997/910/1
f 1012/912/1 906/914/1 905/909/1
f 996/913/1 1018/915/1 1017/911/1
f 1011/916/1 906/914/1 1012/912/1
f 995/917/1 1018/915/1 996/913/1
f 995/917/1 1019/918/1 1018/915/1
f 1010/919/1 906/914/1 1011/916/1
f 1010/919/1 907/920/1 906/914/1
f 995/917/1 1020/921/1 1019/918/1
f 1009/922/1 907/920/1 1010/919/1
f 994/923/1 1020/921/1 995/917/1
f 1009/922/1 908/924/1 907/920/1
f 900/886/1 1035/925/1 1028/904/1
f 1035/925/1 1029/905/1 1028/904/1
f 1035/925/1 1034/926/1 1029/905/1
f 1034/926/1 891/891/1 1029/905/1
f 994/923/1 1021/927/1 1020/921/1
f 1008/928/1 908/924/1 1009/922/1
f 993/929/1 1021/927/1 994/923/1
f 993/929/1 1022/930/1 1021/927/1
f 1007/931/1 908/924/1 1008/928/1
f 1007/931/1 909/932/1 908/924/1
f 992/933/1 1022/930/1 993/929/1
f 992/933/1 1023/934/1 1022/930/1
f 1006/935/1 909/932/1 1007/931/1
f 992/933/1 1024/936/1 1023/934/1
f 1005/937/1 909/932/1 1006/935/1
f 1005/937/1 910/938/1 909/932/1
f 991/939/1 1024/936/1 992/933/1
f 991/939/1 1025/940/1 1024/936/1
f 1004/941/1 910/938/1 1005/937/1
f 990/942/1 1025/940/1 991/939/1
f 900/886/1 1032/943/1 1035/925/1
f 1033/944/1 891/891/1 1034/926/1
f 1004/941/1 911/945/1 910/938/1
f 990/942/1 1026/946/1 1025/940/1
f 1003/947/1 911/945/1 1004/941/1
f 989/948/1 1026/946/1 990/942/1
f 1027/949/1 911/945/1 1003/947/1
f 989/948/1 1027/949/1 1026/946/1
f 1027/949/1 912/950/1 911/945/1
f 989/948/1 912/950/1 1027/949/1
f 988/951/1 912/950/1 989/948/1
f 988/951/1 913/952/1 912/950/1
f 987/953/1 913/952/1 988/951/1
f 891/891/1 893/954/1 892/955/1
f 1033/944/1 893/954/1 891/891/1
f 987/953/1 914/956/1 913/952/1
f 986/957/1 914/956/1 987/953/1
f 1032/943/1 893/954/1 1033/944/1
f 986/957/1 915/958/1 914/956/1
f 985/959/1 915/958/1 986/957/1
f 985/959/1 916/960/1 915/958/1
f 984/961/1 916/960/1 985/959/1
f 900/886/1 893/954/1 1032/943/1
f 899/962/1 893/954/1 900/886/1
f 984/961/1 917/963/1 916/960/1
f 983/964/1 917/963/1 984/961/1
f 898/965/1 893/954/1 899/962/1
f 983/964/1 918/966/1 917/963/1
f 982/967/1 918/966/1 983/964/1
f 982/967/1 919/968/1 918/966/1
f 898/965/1 894/969/1 893/954/1
f 981/970/1 950/971/1 982/967/1
f 950/971/1 919/968/1 982/967/1
f 898/965/1 897/972/1 894/969/1
f 897/972/1 895/973/1 894/969/1
f 981/970/1 951/974/1 950/971/1
f 949/975/1 919/968/1 950/971/1
f 949/975/1 920/976/1 919/968/1
f 980/977/1 951/974/1 981/970/1
f 949/975/1 921/978/1 920/976/1
f 896/979/1 895/973/1 897/972/1
f 979/980/1 951/974/1 980/977/1
f 979/980/1 952/981/1 951/974/1
f 948/982/1 921/978/1 949/975/1
f 948/982/1 922/983/1 921/978/1
f 978/984/1 952/981/1 979/980/1
f 978/984/1 953/985/1 952/981/1
f 948/982/1 923/986/1 922/983/1
f 947/987/1 923/986/1 948/982/1
f 977/988/1 953/985/1 978/984/1
f 947/987/1 924/989/1 923/986/1
f 976/990/1 953/985/1 977/988/1
f 976/990/1 954/991/1 953/985/1
f 946/992/1 924/989/1 947/987/1
f 946/992/1 925/993/1 924/989/1
f 975/994/1 954/991/1 976/990/1
f 946/992/1 926/995/1 925/993/1
f 975/994/1 955/996/1 954/991/1
f 945/997/1 926/995/1 946/992/1
f 974/998/1 955/996/1 975/994/1
f 945/997/1 927/999/1 926/995/1
f 945/997/1 928/1000/1 927/999/1
f 973/1001/1 955/996/1 974/998/1
f 973/1001/1 956/1002/1 955/996/1
f 972/1003/1 956/1002/1 973/1001/1
f 944/1004/1 928/1000/1 945/997/1
f 944/1004/1 929/1005/1 928/1000/1
f 971/1006/1 956/1002/1 972/1003/1
f 944/1004/1 930/1007/1 929/1005/1
f 971/1006/1 957/1008/1 956/1002/1
f 970/1009/1 957/1008/1 971/1006/1
f 943/1010/1 930/1007/1 944/1004/1
f 943/1010/1 931/1011/1 930/1007/1
f 969/1012/1 957/1008/1 970/1009/1
f 943/1010/1 932/1013/1 931/1011/1
f 969/1012/1 958/1014/1 957/1008/1
f 942/1015/1 932/1013/1 943/1010/1
f 968/1016/1 958/1014/1 969/1012/1
f 942/1015/1 933/1017/1 932/1013/1
f 967/1018/1 958/1014/1 968/1016/1
f 967/1018/1 959/1019/1 958/1014/1
f 941/1020/1 933/1017/1 942/1015/1
f 941/1020/1 934/1021/1 933/1017/1
f 966/1022/1 959/1019/1 967/1018/1
f 941/1020/1 935/1023/1 934/1021/1
f 966/1022/1 960/1024/1 959/1019/1
f 940/1025/1 935/1023/1 941/1020/1
f 965/1026/1 960/1024/1 966/1022/1
f 940/1025/1 936/1027/1 935/1023/1
f 964/26/1 960/1024/1 965/1026/1
f 964/26/1 961/1028/1 960/1024/1
f 939/1029/1 936/1027/1 940/1025/1
f 939/1029/1 937/1030/1 936/1027/1
f 963/1031/1 961/1028/1 964/26/1
f 963/1031/1 962/1032/1 961/1028/1
f 938/1033/1 937/1030/1 939/1029/1
f 1096/1/3 1097/3/3 1098/2/3
f 1096/1/3 1098/2/3 1099/4/3
f 1096/1/3 1099/4/3 1100/5/3
f 1132/6/3 1133/8/3 1134/7/3
f 1096/1/3 1100/5/3 1101/9/3
f 1131/10/3 1132/6/3 1134/7/3
f 1130/11/3 1131/10/3 1134/7/3
f 1096/1/3 1101/9/3 1102/12/3
f 1129/13/3 1130/11/3 1134/7/3
f 1096/1/3 1102/12/3 1103/14/3
f 1128/15/3 1129/13/3 1134/7/3
f 1096/1/3 1103/14/3 1104/16/3
f 1127/17/3 1128/15/3 1134/7/3
f 1126/18/3 1127/17/3 1134/7/3
f 1096/1/3 1104/16/3 1105/19/3
f 1125/20/3 1126/18/3 1134/7/3
f 1096/1/3 1105/19/3 1106/21/3
f 1124/22/3 1125/20/3 1134/7/3
f 1096/1/3 1106/21/3 1107/23/3
f 1123/24/3 1124/22/3 1134/7/3
f 1096/1/3 1107/23/3 1108/25/3
f 1122/26/3 1123/24/3 1134/7/3
f 1096/1/3 1108/25/3 1109/27/3
f 1121/28/3 1122/26/3 1134/7/3
f 1096/1/3 1109/27/3 1110/29/3
f 1096/1/3 1110/29/3 1111/30/3
f 1096/1/3 1111/30/3 1112/31/3
f 1096/1/3 1112/31/3 1113/32/3
f 1096/1/3 1113/32/3 1114/33/3
f 1096/1/3 1114/33/3 1115/34/3
f 1096/1/3 1115/34/3 1116/35/3
f 1096/1/3 1116/35/3 1117/36/3
f 1096/1/3 1117/36/3 1118/37/3
f 1096/1/3 1118/37/3 1119/38/3
f 1096/1/3 1119/38/3 1120/39/3
f 1096/1/3 1120/39/3 1121/28/3
f 1096/1/3 1121/28/3 1095/40/3
f 1095/40/3 1121/28/3 1094/41/3
f 1094/41/3 1121/28/3 1093/42/3
f 1093/42/3 1121/28/3 1092/43/3
f 1092/43/3 1121/28/3 1091/44/3
f 1091/44/3 1121/28/3 1090/45/3
f 1090/45/3 1121/28/3 1134/7/3
f 1090/45/3 1134/7/3 1089/46/3
f 1089/46/3 1134/7/3 1135/47/3
f 1089/46/3 1135/47/3 1136/48/3
f 1089/46/3 1136/48/3 1088/49/3
f 1088/49/3 1136/48/3 1137/50/3
f 1088/49/3 1137/50/3 1138/51/3
f 1088/49/3 1138/51/3 1087/52/3
f 1087/52/3 1138/51/3 1139/53/3
f 1087/52/3 1139/53/3 1140/54/3
f 1087/52/3 1140/54/3 1086/55/3
f 1086/55/3 1140/54/3 1141/56/3
f 1086/55/3 1141/56/3 1142/57/3
f 1086/55/3 1142/57/3 1085/58/3
f 1085/58/3 1142/57/3 1143/59/3
f 1085/58/3 1143/59/3 1144/60/3
f 1085/58/3 1144/60/3 1084/61/3
f 1084/61/3 1144/60/3 1145/62/3
f 1084/61/3 1145/62/3 1083/63/3
f 1083/63/3 1145/62/3 1082/64/3
f 1082/64/3 1145/62/3 1081/65/3
f 1081/65/3 1145/62/3 1080/66/3
f 1080/66/3 1145/62/3 1079/67/3
f 1079/67/3 1145/62/3 1078/68/3
f 1078/68/3 1145/62/3 1077/69/3
f 1077/69/3 1145/62/3 1076/70/3
f 1076/70/3 1145/62/3 1075/71/3
f 1075/71/3 1145/62/3 1073/72/3
f 1073/72/3 1145/62/3 1072/73/3
f 1072/73/3 1145/62/3 1146/74/3
f 1074/75/1 1075/71/1 1073/72/1
f 1071/76/3 1072/73/3 1146/74/3
f 1071/76/3 1146/74/3 1048/77/3
f 1070/78/3 1071/76/3 1048/77/3
f 1070/78/3 1048/77/3 1049/79/3
f 1069/80/3 1070/78/3 1049/79/3
f 1069/80/3 1049/79/3 1050/81/3
f 1068/82/3 1069/80/3 1050/81/3
f 1068/82/3 1050/81/3 1051/83/3
f 1067/84/3 1068/82/3 1051/83/3
f 1067/84/3 1051/83/3 1052/85/3
f 1066/86/3 1067/84/3 1052/85/3
f 1182/87/3 1183/89/3 1184/88/3
f 1182/87/3 1184/88/3 1185/90/3
f 1181/91/3 1182/87/3 1185/90/3
f 1180/92/3 1181/91/3 1185/90/3
f 1066/86/3 1052/85/3 1053/93/3
f 1065/94/3 1066/86/3 1053/93/3
f 1179/95/3 1180/92/3 1185/90/3
f 1178/96/3 1179/95/3 1185/90/3
f 1177/97/3 1178/96/3 1185/90/3
f 1176/98/3 1177/97/3 1185/90/3
f 1065/94/3 1053/93/3 1054/99/3
f 1064/100/3 1065/94/3 1054/99/3
f 1175/101/3 1176/98/3 1185/90/3
f 1174/102/3 1175/101/3 1185/90/3
f 1173/103/3 1174/102/3 1185/90/3
f 1063/104/3 1064/100/3 1054/99/3
f 1172/105/3 1173/103/3 1185/90/3
f 1063/104/3 1054/99/3 1055/106/3
f 1172/105/3 1185/90/3 1186/107/3
f 1171/108/3 1172/105/3 1186/107/3
f 1170/109/3 1171/108/3 1186/107/3
f 1062/110/3 1063/104/3 1055/106/3
f 1062/110/3 1055/106/3 1056/111/3
f 1061/112/3 1062/110/3 1056/111/3
f 1060/113/3 1061/112/3 1056/111/3
f 1060/113/3 1056/111/3 1057/114/3
f 1169/115/3 1170/109/3 1186/107/3
f 1059/116/3 1060/113/3 1057/114/3
f 1169/115/3 1186/107/3 1187/117/3
f 1059/116/3 1057/114/3 1058/118/3
f 1168/119/3 1169/115/3 1187/117/3
f 1168/119/3 1187/117/3 1188/120/3
f 1167/121/3 1168/119/3 1188/120/3
f 1166/122/3 1167/121/3 1188/120/3
f 1166/122/3 1188/120/3 1189/123/3
f 1165/124/3 1166/122/3 1189/123/3
f 1165/124/3 1189/123/3 1190/125/3
f 1164/126/3 1165/124/3 1190/125/3
f 1163/127/3 1164/126/3 1190/125/3
f 1163/127/3 1190/125/3 1191/128/3
f 1162/129/3 1163/127/3 1191/128/3
f 1162/129/3 1191/128/3 1192/130/3
f 1161/131/3 1162/129/3 1192/130/3
f 1160/132/3 1161/131/3 1192/130/3
f 1160/132/3 1192/130/3 1193/133/3
f 1159/134/3 1160/132/3 1193/133/3
f 1159/134/3 1193/133/3 1194/135/3
f 1158/136/3 1159/134/3 1194/135/3
f 1157/137/3 1158/136/3 1194/135/3
f 1156/138/3 1157/137/3 1194/135/3
f 1155/139/3 1156/138/3 1194/135/3
f 1154/140/3 1155/139/3 1194/135/3
f 1153/141/3 1154/140/3 1194/135/3
f 1152/142/3 1153/141/3 1194/135/3
f 1151/143/3 1152/142/3 1194/135/3
f 1150/144/3 1151/143/3 1194/135/3
f 1150/144/3 1194/135/3 1195/145/3
f 1149/146/3 1150/144/3 1195/145/3
f 1148/147/3 1149/146/3 1195/145/3
f 1147/148/3 1148/147/3 1195/145/3
f 1196/149/3 1147/148/3 1195/145/3
f 1211/150/3 1212/152/3 1213/151/3
f 1211/150/3 1213/151/3 1214/153/3
f 1211/150/3 1214/153/3 1215/154/3
f 1211/150/3 1215/154/3 1216/155/3
f 1211/150/3 1216/155/3 1217/156/3
f 1211/150/3 1217/156/3 1218/157/3
f 1236/158/3 1237/160/3 1238/159/3
f 1235/161/3 1236/158/3 1238/159/3
f 1234/162/3 1235/161/3 1238/159/3
f 1211/150/3 1218/157/3 1219/163/3
f 1233/164/3 1234/162/3 1238/159/3
f 1211/150/3 1219/163/3 1220/165/3
f 1232/166/3 1233/164/3 1238/159/3
f 1231/167/3 1232/166/3 1238/159/3
f 1211/150/3 1220/165/3 1221/168/3
f 1230/169/3 1231/167/3 1238/159/3
f 1229/170/3 1230/169/3 1238/159/3
f 1211/150/3 1221/168/3 1222/171/3
f 1228/172/3 1229/170/3 1238/159/3
f 1227/173/3 1228/172/3 1238/159/3
f 1211/150/3 1222/171/3 1223/174/3
f 1226/175/3 1227/173/3 1238/159/3
f 1211/150/3 1223/174/3 1224/176/3
f 1225/177/3 1226/175/3 1238/159/3
f 1211/150/3 1224/176/3 1225/177/3
f 1211/150/3 1225/177/3 1238/159/3
f 1211/150/3 1238/159/3 1239/178/3
f 1211/150/3 1239/178/3 1240/179/3
f 1211/150/3 1240/179/3 1241/180/3
f 1211/150/3 1241/180/3 1242/181/3
f 1211/150/3 1242/181/3 1243/182/3
f 1211/150/3 1243/182/3 1244/183/3
f 1211/150/3 1244/183/3 1245/184/3
f 1211/150/3 1245/184/3 1210/185/3
f 1210/185/3 1245/184/3 1209/186/3
f 1209/186/3 1245/184/3 1208/187/3
f 1208/187/3 1245/184/3 1246/188/3
f 1208/187/3 1246/188/3 1207/189/3
f 1207/189/3 1246/188/3 1206/190/3
f 1206/190/3 1246/188/3 1205/191/3
f 1205/191/3 1246/188/3 1204/192/3
f 1204/192/3 1246/188/3 1247/193/3
f 1204/192/3 1247/193/3 1203/194/3
f 1203/194/3 1247/193/3 1202/195/3
f 1202/195/3 1247/193/3 1248/196/3
f 1202/195/3 1248/196/3 1201/197/3
f 1201/197/3 1248/196/3 1200/198/3
f 1200/198/3 1248/196/3 1249/199/3
f 1200/198/3 1249/199/3 1199/200/3
f 1199/200/3 1249/199/3 1198/201/3
f 1198/201/3 1249/199/3 1250/202/3
f 1197/77/3 1198/201/3 1250/202/3
f 1277/203/3 1278/205/3 1279/204/3
f 1277/203/3 1279/204/3 1280/206/3
f 1277/203/3 1280/206/3 1281/207/3
f 1277/203/3 1281/207/3 1282/208/3
f 1277/203/3 1282/208/3 1283/209/3
f 1277/203/3 1283/209/3 1284/210/3
f 1277/203/3 1284/210/3 1285/211/3
f 1277/203/3 1285/211/3 1286/212/3
f 1277/203/3 1286/212/3 1287/213/3
f 1277/203/3 1287/213/3 1288/214/3
f 1277/203/3 1288/214/3 1289/215/3
f 1277/203/3 1289/215/3 1290/149/3
f 1277/203/3 1290/149/3 1197/77/3
f 1277/203/3 1197/77/3 1276/216/3
f 1276/216/3 1197/77/3 1250/202/3
f 1276/216/4 1250/202/4 1275/217/4
f 1275/217/3 1250/202/3 1274/218/3
f 1274/218/3 1250/202/3 1251/219/3
f 1274/218/5 1251/219/5 1273/220/5
f 1273/220/3 1251/219/3 1272/221/3
f 1272/221/3 1251/219/3 1271/222/3
f 1271/222/3 1251/219/3 1252/223/3
f 1271/222/3 1252/223/3 1270/224/3
f 1270/224/3 1252/223/3 1269/225/3
f 1269/225/3 1252/223/3 1268/226/3
f 1268/226/3 1252/223/3 1253/227/3
f 1268/226/3 1253/227/3 1267/228/3
f 1267/228/3 1253/227/3 1266/229/3
f 1266/229/3 1253/227/3 1254/230/3
f 1266/229/3 1254/230/3 1265/231/3
f 1265/231/3 1254/230/3 1264/232/3
f 1264/232/3 1254/230/3 1255/233/3
f 1263/234/3 1264/232/3 1255/233/3
f 1263/234/3 1255/233/3 1256/235/3
f 1263/234/3 1256/235/3 1257/236/3
f 1263/234/3 1257/236/3 1258/237/3
f 1263/234/3 1258/237/3 1259/238/3
f 1263/234/3 1259/238/3 1260/239/3
f 1263/234/3 1260/239/3 1261/240/3
f 1263/234/3 1261/240/3 1262/241/3
f 1424/242/3 1425/244/3 1426/243/3
f 1423/245/3 1424/242/3 1426/243/3
f 1388/246/3 1389/238/3 1390/247/3
f 1422/248/3 1423/245/3 1426/243/3
f 1388/246/3 1390/247/3 1391/249/3
f 1388/246/3 1391/249/3 1392/250/3
f 1421/251/3 1422/248/3 1426/243/3
f 1388/246/3 1392/250/3 1393/252/3
f 1420/253/3 1421/251/3 1426/243/3
f 1388/246/3 1393/252/3 1394/254/3
f 1388/246/3 1394/254/3 1395/255/3
f 1419/256/3 1420/253/3 1426/243/3
f 1388/246/3 1395/255/3 1396/257/3
f 1418/258/3 1419/256/3 1426/243/3
f 1388/246/3 1396/257/3 1397/259/3
f 1417/260/3 1418/258/3 1426/243/3
f 1388/246/3 1397/259/3 1398/261/3
f 1416/262/3 1417/260/3 1426/243/3
f 1388/246/3 1398/261/3 1399/263/3
f 1415/264/3 1416/262/3 1426/243/3
f 1388/246/3 1399/263/3 1400/265/3
f 1414/266/3 1415/264/3 1426/243/3
f 1388/246/3 1400/265/3 1401/267/3
f 1413/268/3 1414/266/3 1426/243/3
f 1388/246/3 1401/267/3 1402/269/3
f 1388/246/3 1402/269/3 1403/270/3
f 1388/246/3 1403/270/3 1404/271/3
f 1388/246/3 1404/271/3 1405/272/3
f 1388/246/3 1405/272/3 1406/273/3
f 1388/246/3 1406/273/3 1407/274/3
f 1388/246/3 1407/274/3 1408/275/3
f 1388/246/3 1408/275/3 1409/276/3
f 1388/246/3 1409/276/3 1410/277/3
f 1388/246/3 1410/277/3 1411/278/3
f 1388/246/3 1411/278/3 1412/279/3
f 1388/246/3 1412/279/3 1413/268/3
f 1388/246/3 1413/268/3 1426/243/3
f 1388/246/3 1426/243/3 1387/280/3
f 1387/280/3 1426/243/3 1427/281/3
f 1387/280/3 1427/281/3 1428/282/3
f 1387/280/3 1428/282/3 1386/283/3
f 1386/283/3 1428/282/3 1429/284/3
f 1386/283/3 1429/284/3 1385/285/3
f 1385/285/3 1429/284/3 1430/286/3
f 1385/285/3 1430/286/3 1384/287/3
f 1384/287/3 1430/286/3 1383/288/3
f 1383/288/3 1430/286/3 1431/289/3
f 1383/288/3 1431/289/3 1382/290/3
f 1382/290/3 1431/289/3 1432/291/3
f 1382/290/3 1432/291/3 1381/292/3
f 1381/292/3 1432/291/3 1380/293/3
f 1380/293/3 1432/291/3 1433/294/3
f 1380/293/3 1433/294/3 1379/295/3
f 1379/295/3 1433/294/3 1434/296/3
f 1379/295/3 1434/296/3 1378/297/3
f 1378/297/3 1434/296/3 1435/298/3
f 1378/297/3 1435/298/3 1436/299/3
f 1378/297/3 1436/299/3 1377/300/3
f 1377/300/3 1436/299/3 1437/301/3
f 1377/300/3 1437/301/3 1438/149/3
f 1377/300/3 1438/149/3 1376/302/3
f 1376/302/3 1438/149/3 1374/303/3
f 1374/303/3 1438/149/3 1373/304/3
f 1373/304/3 1438/149/3 1372/305/3
f 1372/305/3 1438/149/3 1371/306/3
f 1371/306/3 1438/149/3 1370/307/3
f 1370/307/3 1438/149/3 1369/308/3
f 1369/308/3 1438/149/3 1368/309/3
f 1368/309/3 1438/149/3 1367/310/3
f 1367/310/3 1438/149/3 1366/311/3
f 1366/311/3 1438/149/3 1365/312/3
f 1365/312/3 1438/149/3 1364/313/3
f 1364/313/3 1438/149/3 1291/77/3
f 1375/314/1 1376/302/1 1374/303/1
f 1363/315/3 1364/313/3 1291/77/3
f 1363/315/3 1291/77/3 1292/316/3
f 1362/317/3 1363/315/3 1292/316/3
f 1362/317/3 1292/316/3 1293/318/3
f 1361/319/3 1362/317/3 1293/318/3
f 1361/319/3 1293/318/3 1294/320/3
f 1360/321/3 1361/319/3 1294/320/3
f 1360/321/3 1294/320/3 1295/322/3
f 1359/323/3 1360/321/3 1295/322/3
f 1359/323/3 1295/322/3 1296/324/3
f 1358/325/3 1359/323/3 1296/324/3
f 1358/325/3 1296/324/3 1297/326/3
f 1357/327/3 1358/325/3 1297/326/3
f 1357/327/3 1297/326/3 1298/328/3
f 1356/329/3 1357/327/3 1298/328/3
f 1355/330/3 1356/329/3 1298/328/3
f 1355/330/3 1298/328/3 1299/331/3
f 1354/332/3 1355/330/3 1299/331/3
f 1354/332/3 1299/331/3 1300/333/3
f 1353/334/3 1354/332/3 1300/333/3
f 1353/334/3 1300/333/3 1301/335/3
f 1352/336/3 1353/334/3 1301/335/3
f 1352/336/3 1301/335/3 1302/337/3
f 1351/338/3 1352/336/3 1302/337/3
f 1351/338/3 1302/337/3 1303/339/3
f 1350/340/3 1351/338/3 1303/339/3
f 1350/340/3 1303/339/3 1304/341/3
f 1349/342/3 1350/340/3 1304/341/3
f 1349/342/3 1304/341/3 1327/343/3
f 1327/343/3 1304/341/3 1305/344/3
f 1349/342/3 1327/343/3 1328/345/3
f 1326/346/3 1327/343/3 1305/344/3
f 1326/346/3 1305/344/3 1306/347/3
f 1348/348/3 1349/342/3 1328/345/3
f 1325/349/3 1326/346/3 1306/347/3
f 1348/348/3 1328/345/3 1329/350/3
f 1325/349/3 1306/347/3 1307/351/3
f 1347/352/3 1348/348/3 1329/350/3
f 1324/353/3 1325/349/3 1307/351/3
f 1347/352/3 1329/350/3 1330/354/3
f 1324/353/3 1307/351/3 1308/355/3
f 1346/356/3 1347/352/3 1330/354/3
f 1323/357/3 1324/353/3 1308/355/3
f 1346/356/3 1330/354/3 1331/358/3
f 1323/357/3 1308/355/3 1309/359/3
f 1345/360/3 1346/356/3 1331/358/3
f 1322/361/3 1323/357/3 1309/359/3
f 1345/360/3 1331/358/3 1332/362/3
f 1322/361/3 1309/359/3 1310/363/3
f 1344/364/3 1345/360/3 1332/362/3
f 1321/365/3 1322/361/3 1310/363/3
f 1344/364/3 1332/362/3 1333/366/3
f 1321/365/3 1310/363/3 1311/367/3
f 1343/368/3 1344/364/3 1333/366/3
f 1320/369/3 1321/365/3 1311/367/3
f 1343/368/3 1333/366/3 1334/370/3
f 1342/371/3 1343/368/3 1334/370/3
f 1320/369/3 1311/367/3 1312/372/3
f 1319/373/3 1320/369/3 1312/372/3
f 1342/371/3 1334/370/3 1335/374/3
f 1341/375/3 1342/371/3 1335/374/3
f 1319/373/3 1312/372/3 1313/376/3
f 1318/377/3 1319/373/3 1313/376/3
f 1340/172/3 1341/375/3 1335/374/3
f 1340/172/3 1335/374/3 1336/378/3
f 1318/377/3 1313/376/3 1314/379/3
f 1339/380/3 1340/172/3 1336/378/3
f 1317/381/3 1318/377/3 1314/379/3
f 1339/380/3 1336/378/3 1337/382/3
f 1317/381/3 1314/379/3 1316/383/3
f 1316/383/3 1314/379/3 1315/384/3
f 1339/380/3 1337/382/3 1338/385/3
f 1735/386/3 1736/388/3 1737/387/3
f 1662/389/3 1663/391/3 1664/390/3
f 1662/389/3 1664/390/3 1517/392/3
f 1662/389/3 1517/392/3 1518/393/3
f 1661/394/3 1662/389/3 1518/393/3
f 1734/395/3 1735/386/3 1737/387/3
f 1734/395/3 1737/387/3 1738/396/3
f 1661/394/3 1518/393/3 1519/397/3
f 1661/394/3 1519/397/3 1520/398/3
f 1661/394/3 1520/398/3 1521/399/3
f 1660/400/3 1661/394/3 1521/399/3
f 1660/400/3 1521/399/3 1522/401/3
f 1734/395/3 1738/396/3 1739/402/3
f 1733/403/3 1734/395/3 1739/402/3
f 1660/400/3 1522/401/3 1523/404/3
f 1660/400/3 1523/404/3 1524/405/3
f 1659/406/3 1660/400/3 1524/405/3
f 1659/406/3 1524/405/3 1525/407/3
f 1733/403/3 1739/402/3 1740/408/3
f 1732/409/3 1733/403/3 1740/408/3
f 1659/406/3 1525/407/3 1526/410/3
f 1659/406/3 1526/410/3 1527/411/3
f 1659/406/3 1527/411/3 1528/412/3
f 1658/413/3 1659/406/3 1528/412/3
f 1732/409/3 1740/408/3 1741/414/3
f 1529/415/3 1530/417/3 1531/416/3
f 1658/413/3 1528/412/3 1529/415/3
f 1658/413/3 1529/415/3 1531/416/3
f 1731/418/3 1732/409/3 1741/414/3
f 1731/418/3 1741/414/3 1742/419/3
f 1657/420/3 1658/413/3 1531/416/3
f 1657/420/3 1531/416/3 1532/421/3
f 1730/422/3 1731/418/3 1742/419/3
f 1730/422/3 1742/419/3 1743/423/3
f 1656/424/3 1657/420/3 1532/421/3
f 1761/425/3 1762/427/3 1763/426/3
f 1656/424/3 1532/421/3 1515/428/3
f 1515/428/3 1532/421/3 1514/429/3
f 1514/429/3 1532/421/3 1533/430/3
f 1729/431/3 1730/422/3 1743/423/3
f 1760/432/3 1761/425/3 1763/426/3
f 1729/431/3 1743/423/3 1744/433/3
f 1656/424/3 1515/428/3 1516/434/3
f 1513/435/3 1514/429/3 1533/430/3
f 1655/436/3 1656/424/3 1516/434/3
f 1759/437/3 1760/432/3 1763/426/3
f 1513/435/3 1533/430/3 1534/438/3
f 1728/439/3 1729/431/3 1744/433/3
f 1655/436/3 1516/434/3 1491/440/3
f 1512/441/3 1513/435/3 1534/438/3
f 1758/442/3 1759/437/3 1763/426/3
f 1758/442/3 1763/426/3 1764/443/3
f 1728/439/3 1744/433/3 1745/444/3
f 1655/436/3 1491/440/3 1492/445/3
f 1727/446/3 1728/439/3 1745/444/3
f 1757/447/3 1758/442/3 1764/443/3
f 1654/448/3 1655/436/3 1492/445/3
f 1512/441/3 1534/438/3 1535/449/3
f 1511/450/3 1512/441/3 1535/449/3
f 1654/448/3 1492/445/3 1493/451/3
f 1756/452/3 1757/447/3 1764/443/3
f 1727/446/3 1745/444/3 1746/453/3
f 1510/454/3 1511/450/3 1535/449/3
f 1726/455/3 1727/446/3 1746/453/3
f 1756/452/3 1764/443/3 1765/456/3
f 1654/448/3 1493/451/3 1494/457/3
f 1510/454/3 1535/449/3 1536/458/3
f 1755/459/3 1756/452/3 1765/456/3
f 1653/460/3 1654/448/3 1627/461/3
f 1627/461/3 1654/448/3 1494/457/3
f 1509/462/3 1510/454/3 1536/458/3
f 1725/463/3 1726/455/3 1746/453/3
f 1754/464/3 1755/459/3 1765/456/3
f 1627/461/3 1494/457/3 1495/465/3
f 1725/463/3 1746/453/3 1747/466/3
f 1653/460/3 1627/461/3 1628/467/3
f 1626/468/3 1627/461/3 1495/465/3
f 1508/469/3 1509/462/3 1536/458/3
f 1724/470/3 1725/463/3 1747/466/3
f 1508/469/3 1536/458/3 1537/471/3
f 1753/472/3 1754/464/3 1765/456/3
f 1626/468/3 1495/465/3 1496/473/3
f 1653/460/3 1628/467/3 1629/474/3
f 1652/475/3 1653/460/3 1629/474/3
f 1753/472/3 1765/456/3 1766/476/3
f 1625/477/3 1626/468/3 1496/473/3
f 1723/478/3 1724/470/3 1747/466/3
f 1652/475/3 1629/474/3 1630/479/3
f 1752/480/3 1753/472/3 1766/476/3
f 1507/481/3 1508/469/3 1537/471/3
f 1723/478/3 1747/466/3 1748/482/3
f 1625/477/3 1496/473/3 1497/483/3
f 1722/484/3 1723/478/3 1748/482/3
f 1624/485/3 1625/477/3 1497/483/3
f 1507/481/3 1537/471/3 1538/486/3
f 1652/475/3 1630/479/3 1631/487/3
f 1721/488/3 1722/484/3 1748/482/3
f 1751/489/3 1752/480/3 1766/476/3
f 1506/490/3 1507/481/3 1538/486/3
f 1651/491/3 1652/475/3 1631/487/3
f 1624/485/3 1497/483/3 1498/492/3
f 1651/491/3 1631/487/3 1632/493/3
f 1720/494/3 1721/488/3 1748/482/3
f 1623/495/3 1624/485/3 1498/492/3
f 1751/489/3 1766/476/3 1767/496/3
f 1750/497/3 1751/489/3 1767/496/3
f 1720/494/3 1748/482/3 1749/498/3
f 1719/499/3 1720/494/3 1749/498/3
f 1651/491/3 1632/493/3 1633/500/3
f 1505/501/3 1506/490/3 1538/486/3
f 1623/495/3 1498/492/3 1499/502/3
f 1505/501/3 1538/486/3 1539/503/3
f 1718/504/3 1719/499/3 1749/498/3
f 1622/505/3 1623/495/3 1499/502/3
f 1749/498/3 1750/497/3 1767/496/3
f 1651/491/3 1633/500/3 1634/506/3
f 1717/507/3 1718/504/3 1749/498/3
f 1650/508/3 1651/491/3 1634/506/3
f 1504/509/3 1505/501/3 1539/503/3
f 1649/510/3 1650/508/3 1634/506/3
f 1716/511/3 1717/507/3 1749/498/3
f 1622/505/3 1499/502/3 1500/512/3
f 1648/513/3 1649/510/3 1634/506/3
f 1716/511/3 1749/498/3 1767/496/3
f 1621/514/3 1622/505/3 1500/512/3
f 1648/513/3 1634/506/3 1635/515/3
f 1715/516/3 1716/511/3 1767/496/3
f 1647/517/3 1648/513/3 1635/515/3
f 1714/518/3 1715/516/3 1767/496/3
f 1504/509/3 1539/503/3 1540/519/3
f 1713/520/3 1714/518/3 1767/496/3
f 1646/521/3 1647/517/3 1635/515/3
f 1713/520/3 1767/496/3 1768/522/3
f 1712/523/3 1713/520/3 1768/522/3
f 1503/524/3 1504/509/3 1540/519/3
f 1646/521/3 1635/515/3 1636/525/3
f 1621/514/3 1500/512/3 1501/526/3
f 1711/527/3 1712/523/3 1768/522/3
f 1645/528/3 1646/521/3 1636/525/3
f 1620/529/3 1621/514/3 1501/526/3
f 1710/530/3 1711/527/3 1768/522/3
f 1644/531/3 1645/528/3 1636/525/3
f 1644/531/3 1636/525/3 1637/532/3
f 1643/533/3 1644/531/3 1637/532/3
f 1709/534/3 1710/530/3 1768/522/3
f 1502/535/3 1503/524/3 1540/519/3
f 1620/529/3 1501/526/3 1502/535/3
f 1619/536/3 1620/529/3 1502/535/3
f 1642/537/3 1643/533/3 1637/532/3
f 1642/537/3 1637/532/3 1638/538/3
f 1502/535/3 1540/519/3 1541/539/3
f 1708/540/3 1709/534/3 1768/522/3
f 1641/541/3 1642/537/3 1638/538/3
f 1707/542/3 1708/540/3 1768/522/3
f 1619/536/3 1502/535/3 1541/539/3
f 1640/543/3 1641/541/3 1638/538/3
f 1640/543/3 1638/538/3 1639/544/3
f 1618/545/3 1619/536/3 1541/539/3
f 1707/542/3 1768/522/3 1688/546/3
f 1688/546/3 1768/522/3 1769/547/3
f 1706/548/3 1707/542/3 1688/546/3
f 1618/545/3 1541/539/3 1542/549/3
f 1705/550/3 1706/548/3 1688/546/3
f 1617/551/3 1618/545/3 1542/549/3
f 1704/552/3 1705/550/3 1688/546/3
f 1704/552/3 1688/546/3 1689/553/3
f 1687/554/3 1688/546/3 1769/547/3
f 1704/552/3 1689/553/3 1690/555/3
f 1616/556/3 1617/551/3 1542/549/3
f 1703/557/3 1704/552/3 1690/555/3
f 1703/557/3 1690/555/3 1691/558/3
f 1703/557/3 1691/558/3 1692/559/3
f 1616/556/3 1542/549/3 1543/560/3
f 1702/561/3 1703/557/3 1692/559/3
f 1702/561/3 1692/559/3 1693/562/3
f 1687/554/3 1769/547/3 1770/563/3
f 1702/561/3 1693/562/3 1694/564/3
f 1686/565/3 1687/554/3 1770/563/3
f 1615/566/3 1616/556/3 1543/560/3
f 1702/561/3 1694/564/3 1695/567/3
f 1701/568/3 1702/561/3 1695/567/3
f 1701/568/3 1695/567/3 1696/569/3
f 1701/568/3 1696/569/3 1697/570/3
f 1701/568/3 1697/570/3 1698/571/3
f 1700/572/3 1701/568/3 1699/573/3
f 1699/573/3 1701/568/3 1698/571/3
f 1614/574/3 1615/566/3 1543/560/3
f 1685/575/3 1686/565/3 1770/563/3
f 1614/574/3 1543/560/3 1544/576/3
f 1788/577/3 1789/579/3 1790/578/3
f 1684/580/3 1685/575/3 1770/563/3
f 1684/580/3 1770/563/3 1771/581/3
f 1613/582/3 1614/574/3 1544/576/3
f 1613/582/3 1544/576/3 1545/583/3
f 1787/584/3 1788/577/3 1790/578/3
f 1787/584/3 1790/578/3 1791/585/3
f 1683/26/3 1684/580/3 1771/581/3
f 1786/586/3 1787/584/3 1791/585/3
f 1612/587/3 1613/582/3 1545/583/3
f 1612/587/3 1545/583/3 1546/588/3
f 1682/589/3 1683/26/3 1771/581/3
f 1785/590/3 1786/586/3 1791/585/3
f 1682/589/3 1771/581/3 1772/591/3
f 1785/590/3 1791/585/3 1792/592/3
f 1611/593/3 1612/587/3 1579/594/3
f 1579/594/3 1612/587/3 1546/588/3
f 1784/595/3 1785/590/3 1792/592/3
f 1681/596/3 1682/589/3 1772/591/3
f 1579/594/3 1546/588/3 1547/597/3
f 1611/593/3 1579/594/3 1580/598/3
f 1578/599/3 1579/594/3 1547/597/3
f 1783/600/3 1784/595/3 1792/592/3
f 1680/601/3 1681/596/3 1772/591/3
f 1610/602/3 1611/593/3 1580/598/3
f 1783/600/3 1792/592/3 1793/603/3
f 1578/599/3 1547/597/3 1548/604/3
f 1782/605/3 1783/600/3 1793/603/3
f 1679/606/3 1680/601/3 1772/591/3
f 1610/602/3 1580/598/3 1581/607/3
f 1577/608/3 1578/599/3 1548/604/3
f 1679/606/3 1772/591/3 1773/609/3
f 1781/610/3 1782/605/3 1793/603/3
f 1609/611/3 1610/602/3 1581/607/3
f 1678/612/3 1679/606/3 1773/609/3
f 1577/608/3 1548/604/3 1549/613/3
f 1780/614/3 1781/610/3 1793/603/3
f 1677/615/3 1678/612/3 1773/609/3
f 1780/614/3 1793/603/3 1794/616/3
f 1609/611/3 1581/607/3 1582/617/3
f 1608/618/3 1609/611/3 1582/617/3
f 1576/619/3 1577/608/3 1549/613/3
f 1676/620/3 1677/615/3 1773/609/3
f 1779/621/3 1780/614/3 1794/616/3
f 1576/619/3 1549/613/3 1550/622/3
f 1675/623/3 1676/620/3 1773/609/3
f 1675/623/3 1773/609/3 1774/624/3
f 1607/625/3 1608/618/3 1582/617/3
f 1778/626/3 1779/621/3 1794/616/3
f 1607/625/3 1582/617/3 1583/627/3
f 1778/626/3 1794/616/3 1795/628/3
f 1576/619/3 1550/622/3 1551/629/3
f 1575/630/3 1576/619/3 1551/629/3
f 1674/631/3 1675/623/3 1774/624/3
f 1777/632/3 1778/626/3 1795/628/3
f 1606/633/3 1607/625/3 1583/627/3
f 1673/634/3 1674/631/3 1774/624/3
f 1575/630/3 1551/629/3 1552/635/3
f 1606/633/3 1583/627/3 1584/636/3
f 1776/637/3 1777/632/3 1795/628/3
f 1574/638/3 1575/630/3 1552/635/3
f 1605/639/3 1606/633/3 1584/636/3
f 1672/640/3 1673/634/3 1774/624/3
f 1776/637/3 1795/628/3 1796/641/3
f 1672/640/3 1774/624/3 1775/642/3
f 1775/642/3 1776/637/3 1796/641/3
f 1574/638/3 1552/635/3 1553/643/3
f 1671/644/3 1672/640/3 1775/642/3
f 1605/639/3 1584/636/3 1585/645/3
f 1604/646/3 1605/639/3 1585/645/3
f 1573/647/3 1574/638/3 1553/643/3
f 1670/648/3 1671/644/3 1775/642/3
f 1573/647/3 1553/643/3 1554/649/3
f 1603/650/3 1604/646/3 1585/645/3
f 1669/651/3 1670/648/3 1775/642/3
f 1775/642/3 1796/641/3 1797/652/3
f 1603/650/3 1585/645/3 1586/653/3
f 1573/647/3 1554/649/3 1555/654/3
f 1668/655/3 1669/651/3 1775/642/3
f 1668/655/3 1775/642/3 1797/652/3
f 1572/656/3 1573/647/3 1555/654/3
f 1602/657/3 1603/650/3 1586/653/3
f 1667/658/3 1668/655/3 1797/652/3
f 1601/659/3 1602/657/3 1586/653/3
f 1572/656/3 1555/654/3 1556/660/3
f 1601/659/3 1586/653/3 1587/661/3
f 1666/662/3 1667/658/3 1797/652/3
f 1600/663/3 1601/659/3 1587/661/3
f 1572/656/3 1556/660/3 1557/664/3
f 1665/665/3 1666/662/3 1797/652/3
f 1665/665/3 1797/652/3 1798/666/3
f 1599/667/3 1600/663/3 1587/661/3
f 1571/668/3 1572/656/3 1557/664/3
f 1489/669/3 1490/671/3 1465/670/3
f 1838/672/3 1665/665/3 1798/666/3
f 1571/668/3 1557/664/3 1558/673/3
f 1837/674/3 1838/672/3 1798/666/3
f 1598/675/3 1599/667/3 1587/661/3
f 1571/668/3 1558/673/3 1559/676/3
f 1598/675/3 1587/661/3 1588/677/3
f 1836/678/3 1837/674/3 1798/666/3
f 1489/669/3 1465/670/3 1466/679/3
f 1597/680/3 1598/675/3 1588/677/3
f 1571/668/3 1559/676/3 1560/681/3
f 1570/682/3 1571/668/3 1560/681/3
f 1835/683/3 1836/678/3 1798/666/3
f 1596/684/3 1597/680/3 1588/677/3
f 1570/682/3 1560/681/3 1561/58/3
f 1489/669/3 1466/679/3 1467/685/3
f 1835/683/3 1798/666/3 1814/686/3
f 1814/686/3 1798/666/3 1799/687/3
f 1596/684/3 1588/677/3 1589/688/3
f 1834/689/3 1835/683/3 1814/686/3
f 1595/690/3 1596/684/3 1589/688/3
f 1570/682/3 1561/58/3 1562/691/3
f 1834/689/3 1814/686/3 1815/692/3
f 1813/693/3 1814/686/3 1799/687/3
f 1569/694/3 1570/682/3 1562/691/3
f 1489/669/3 1467/685/3 1468/695/3
f 1833/696/3 1834/689/3 1815/692/3
f 1594/697/3 1595/690/3 1589/688/3
f 1569/694/3 1562/691/3 1563/698/3
f 1594/697/3 1589/688/3 1590/699/3
f 1812/700/3 1813/693/3 1799/687/3
f 1833/696/3 1815/692/3 1816/701/3
f 1832/702/3 1833/696/3 1816/701/3
f 1593/703/3 1594/697/3 1590/699/3
f 1569/694/3 1563/698/3 1564/704/3
f 1812/700/3 1799/687/3 1800/705/3
f 1811/706/3 1812/700/3 1800/705/3
f 1489/669/3 1468/695/3 1469/707/3
f 1568/708/3 1569/694/3 1564/704/3
f 1832/702/3 1816/701/3 1817/709/3
f 1592/710/3 1593/703/3 1590/699/3
f 1592/710/3 1590/699/3 1591/711/3
f 1568/708/3 1564/704/3 1565/712/3
f 1831/713/3 1832/702/3 1817/709/3
f 1810/714/3 1811/706/3 1800/705/3
f 1831/713/3 1817/709/3 1818/715/3
f 1568/708/3 1565/712/3 1566/716/3
f 1809/717/3 1810/714/3 1800/705/3
f 1489/669/3 1469/707/3 1470/718/3
f 1567/719/3 1568/708/3 1566/716/3
f 1830/720/3 1831/713/3 1818/715/3
f 1830/720/3 1818/715/3 1819/721/3
f 1488/722/3 1489/669/3 1470/718/3
f 1809/717/3 1800/705/3 1801/723/3
f 1808/724/3 1809/717/3 1801/723/3
f 1829/725/3 1830/720/3 1819/721/3
f 1829/725/3 1819/721/3 1820/726/3
f 1807/727/3 1808/724/3 1801/723/3
f 1488/722/3 1470/718/3 1471/728/3
f 1487/729/3 1488/722/3 1471/728/3
f 1829/725/3 1820/726/3 1821/730/3
f 1828/731/3 1829/725/3 1821/730/3
f 1806/732/3 1807/727/3 1801/723/3
f 1828/731/3 1821/730/3 1822/733/3
f 1828/731/3 1822/733/3 1823/734/3
f 1806/732/3 1801/723/3 1805/134/3
f 1805/134/3 1801/723/3 1804/735/3
f 1804/735/3 1801/723/3 1803/736/3
f 1803/736/3 1801/723/3 1802/737/3
f 1827/738/3 1828/731/3 1823/734/3
f 1487/729/3 1471/728/3 1472/739/3
f 1486/740/3 1487/729/3 1472/739/3
f 1827/738/3 1823/734/3 1824/741/3
f 1827/738/3 1824/741/3 1825/742/3
f 1826/743/3 1827/738/3 1825/742/3
f 1485/744/3 1486/740/3 1472/739/3
f 1485/744/3 1472/739/3 1473/745/3
f 1484/746/3 1485/744/3 1473/745/3
f 1484/746/3 1473/745/3 1474/747/3
f 1483/748/3 1484/746/3 1474/747/3
f 1483/748/3 1474/747/3 1475/749/3
f 1483/748/3 1475/749/3 1476/750/3
f 1482/751/3 1483/748/3 1476/750/3
f 1482/751/3 1476/750/3 1481/752/3
f 1481/752/3 1476/750/3 1480/753/3
f 1480/753/3 1476/750/3 1479/754/3
f 1479/754/3 1476/750/3 1478/755/3
f 1478/755/3 1476/750/3 1477/756/3
f 1863/757/3 1864/759/3 1839/758/3
f 1863/757/3 1839/758/3 1840/760/3
f 1863/757/3 1840/760/3 1841/761/3
f 1863/757/3 1841/761/3 1842/762/3
f 1863/757/3 1842/762/3 1843/763/3
f 1862/764/3 1863/757/3 1843/763/3
f 1862/764/3 1843/763/3 1844/765/3
f 1861/766/3 1862/764/3 1844/765/3
f 1861/766/3 1844/765/3 1845/767/3
f 1860/768/3 1861/766/3 1845/767/3
f 1860/768/3 1845/767/3 1846/769/3
f 1859/770/3 1860/768/3 1846/769/3
f 1859/770/3 1846/769/3 1847/771/3
f 1858/772/3 1859/770/3 1847/771/3
f 1857/773/3 1858/772/3 1847/771/3
f 1857/773/3 1847/771/3 1848/774/3
f 1856/775/3 1857/773/3 1848/774/3
f 1856/775/3 1848/774/3 1849/776/3
f 1856/775/3 1849/776/3 1850/777/3
f 1855/778/3 1856/775/3 1850/777/3
f 1855/778/3 1850/777/3 1854/779/3
f 1854/779/3 1850/777/3 1853/780/3
f 1853/780/3 1850/777/3 1852/781/3
f 1852/781/3 1850/777/3 1851/782/3
f 1889/783/3 1890/785/3 1865/784/3
f 1888/786/3 1889/783/3 1865/784/3
f 1888/786/3 1865/784/3 1866/787/3
f 1887/788/3 1888/786/3 1866/787/3
f 1887/788/3 1866/787/3 1867/789/3
f 1886/790/3 1887/788/3 1867/789/3
f 1886/790/3 1867/789/3 1868/791/3
f 1885/792/3 1886/790/3 1868/791/3
f 1885/792/3 1868/791/3 1869/793/3
f 1884/794/3 1885/792/3 1869/793/3
f 1884/794/3 1869/793/3 1870/795/3
f 1883/796/3 1884/794/3 1870/795/3
f 1883/796/3 1870/795/3 1871/797/3
f 1882/798/3 1883/796/3 1871/797/3
f 1882/798/3 1871/797/3 1872/799/3
f 1881/800/3 1882/798/3 1872/799/3
f 1881/800/3 1872/799/3 1873/801/3
f 1880/802/3 1881/800/3 1873/801/3
f 1880/802/3 1873/801/3 1874/803/3
f 1879/804/3 1880/802/3 1874/803/3
f 1879/804/3 1874/803/3 1875/805/3
f 1878/806/3 1879/804/3 1875/805/3
f 1878/806/3 1875/805/3 1876/807/3
f 1877/808/3 1878/806/3 1876/807/3
f 1925/809/3 1926/810/3 1927/149/3
f 1925/809/3 1927/149/3 1891/811/3
f 1924/812/3 1925/809/3 1891/811/3
f 1924/812/3 1891/811/3 1892/813/3
f 1923/814/3 1924/812/3 1892/813/3
f 1923/814/3 1892/813/3 1893/815/3
f 1922/816/3 1923/814/3 1893/815/3
f 1922/816/3 1893/815/3 1894/817/3
f 1921/818/3 1922/816/3 1894/817/3
f 1921/818/3 1894/817/3 1895/819/3
f 1920/820/3 1921/818/3 1895/819/3
f 1920/820/3 1895/819/3 1896/821/3
f 1919/822/3 1920/820/3 1896/821/3
f 1919/822/3 1896/821/3 1897/823/3
f 1918/824/3 1919/822/3 1897/823/3
f 1918/824/3 1897/823/3 1898/825/3
f 1917/826/3 1918/824/3 1898/825/3
f 1916/827/3 1917/826/3 1898/825/3
f 1916/827/3 1898/825/3 1899/828/3
f 1915/829/3 1916/827/3 1899/828/3
f 1915/829/3 1899/828/3 1900/830/3
f 1914/831/3 1915/829/3 1900/830/3
f 1914/831/3 1900/830/3 1901/832/3
f 1913/833/3 1914/831/3 1901/832/3
f 1912/834/3 1913/833/3 1901/832/3
f 1911/835/3 1912/834/3 1901/832/3
f 1910/836/3 1911/835/3 1901/832/3
f 1910/836/3 1901/832/3 1909/837/3
f 1909/837/3 1901/832/3 1908/838/3
f 1908/838/3 1901/832/3 1907/839/3
f 1907/839/3 1901/832/3 1906/840/3
f 1906/840/3 1901/832/3 1905/841/3
f 1905/841/3 1901/832/3 1904/842/3
f 1904/842/3 1901/832/3 1903/843/3
f 1903/843/3 1901/832/3 1902/844/3
f 1463/845/3 1464/846/3 1439/77/3
f 1463/845/3 1439/77/3 1440/847/3
f 1462/848/3 1463/845/3 1440/847/3
f 1462/848/3 1440/847/3 1441/849/3
f 1461/850/3 1462/848/3 1441/849/3
f 1461/850/3 1441/849/3 1442/851/3
f 1460/852/3 1461/850/3 1442/851/3
f 1460/852/3 1442/851/3 1443/853/3
f 1459/854/3 1460/852/3 1443/853/3
f 1459/854/3 1443/853/3 1444/855/3
f 1458/856/3 1459/854/3 1444/855/3
f 1458/856/3 1444/855/3 1445/857/3
f 1457/858/3 1458/856/3 1445/857/3
f 1457/858/3 1445/857/3 1446/859/3
f 1456/860/3 1457/858/3 1446/859/3
f 1456/860/3 1446/859/3 1447/861/3
f 1455/862/3 1456/860/3 1447/861/3
f 1455/862/3 1447/861/3 1448/863/3
f 1454/864/3 1455/862/3 1448/863/3
f 1454/864/3 1448/863/3 1449/865/3
f 1453/866/3 1454/864/3 1449/865/3
f 1453/866/3 1449/865/3 1450/867/3
f 1452/868/3 1453/866/3 1450/867/3
f 1452/868/3 1450/867/3 1451/869/3
f 2092/870/3 2093/872/3 2089/871/3
f 2089/871/3 2093/872/3 2094/149/3
f 2089/871/3 2094/149/3 2088/873/3
f 2088/873/3 2094/149/3 2091/874/3
f 2092/870/3 2089/871/3 2090/875/3
f 2087/876/3 2088/873/3 2091/874/3
f 2092/870/3 2090/875/3 2085/877/3
f 2085/877/3 2090/875/3 2087/876/3
f 2085/877/3 2087/876/3 2084/878/3
f 2084/878/3 2087/876/3 2091/874/3
f 2092/870/3 2085/877/3 2086/879/3
f 2083/880/3 2084/878/3 2091/874/3
f 2092/870/3 2086/879/3 2083/880/3
f 2092/870/3 2083/880/3 2091/874/3
f 1933/881/3 1934/883/3 1935/882/3
f 1933/881/3 1935/882/3 1936/884/3
f 1932/885/3 1933/881/3 1936/884/3
f 1947/886/3 1932/885/3 1931/887/3
f 1931/887/1 1932/885/1 1936/884/1
f 1947/886/3 1931/887/3 1928/77/3
f 1930/888/1 1931/887/1 1936/884/1
f 1929/889/3 1930/888/3 1937/890/3
f 1937/890/1 1930/888/1 1936/884/1
f 1929/889/3 1937/890/3 1938/891/3
f 2049/892/3 1948/894/3 1949/893/3
f 2047/895/3 2048/896/3 2049/892/3
f 2047/895/3 2049/892/3 1949/893/3
f 1947/886/3 1928/77/3 2078/897/3
f 2078/897/3 1928/77/3 1929/889/3
f 2078/897/3 1929/889/3 2077/898/3
f 2077/898/3 1929/889/3 1938/891/3
f 2047/895/3 1949/893/3 1950/899/3
f 2047/895/3 1950/899/3 2046/900/3
f 2046/900/3 1950/899/3 2062/901/3
f 2062/901/3 1950/899/3 2061/902/3
f 2061/902/3 1950/899/3 1951/903/3
f 1947/886/3 2078/897/3 2075/904/3
f 2076/905/3 2077/898/3 1938/891/3
f 2045/906/3 2046/900/3 2062/901/3
f 2045/906/3 2062/901/3 2063/907/3
f 2060/908/3 2061/902/3 1951/903/3
f 2060/908/3 1951/903/3 1952/909/3
f 2044/910/3 2045/906/3 2063/907/3
f 2044/910/3 2063/907/3 2064/911/3
f 2059/912/3 2060/908/3 1952/909/3
f 2043/913/3 2044/910/3 2064/911/3
f 2059/912/3 1952/909/3 1953/914/3
f 2043/913/3 2064/911/3 2065/915/3
f 2058/916/3 2059/912/3 1953/914/3
f 2042/917/3 2043/913/3 2065/915/3
f 2042/917/3 2065/915/3 2066/918/3
f 2057/919/3 2058/916/3 1953/914/3
f 2057/919/3 1953/914/3 1954/920/3
f 2042/917/3 2066/918/3 2067/921/3
f 2056/922/3 2057/919/3 1954/920/3
f 2041/923/3 2042/917/3 2067/921/3
f 2056/922/3 1954/920/3 1955/924/3
f 1947/886/3 2075/904/3 2082/925/3
f 2082/925/3 2075/904/3 2076/905/3
f 2082/925/3 2076/905/3 2081/926/3
f 2081/926/3 2076/905/3 1938/891/3
f 2041/923/3 2067/921/3 2068/927/3
f 2055/928/3 2056/922/3 1955/924/3
f 2040/929/3 2041/923/3 2068/927/3
f 2040/929/3 2068/927/3 2069/930/3
f 2054/931/3 2055/928/3 1955/924/3
f 2054/931/3 1955/924/3 1956/932/3
f 2039/933/3 2040/929/3 2069/930/3
f 2039/933/3 2069/930/3 2070/934/3
f 2053/935/3 2054/931/3 1956/932/3
f 2039/933/3 2070/934/3 2071/936/3
f 2052/937/3 2053/935/3 1956/932/3
f 2052/937/3 1956/932/3 1957/938/3
f 2038/939/3 2039/933/3 2071/936/3
f 2038/939/3 2071/936/3 2072/940/3
f 2051/941/3 2052/937/3 1957/938/3
f 2037/942/3 2038/939/3 2072/940/3
f 1947/886/3 2082/925/3 2079/943/3
f 2080/944/3 2081/926/3 1938/891/3
f 2051/941/3 1957/938/3 1958/945/3
f 2037/942/3 2072/940/3 2073/946/3
f 2050/947/3 2051/941/3 1958/945/3
f 2036/948/3 2037/942/3 2073/946/3
f 2074/949/3 2050/947/3 1958/945/3
f 2036/948/3 2073/946/3 2074/949/3
f 2074/949/3 1958/945/3 1959/950/3
f 2036/948/3 2074/949/3 1959/950/3
f 2035/951/3 2036/948/3 1959/950/3
f 2035/951/3 1959/950/3 1960/952/3
f 2034/953/3 2035/951/3 1960/952/3
f 1938/891/3 1939/955/3 1940/954/3
f 2080/944/3 1938/891/3 1940/954/3
f 2034/953/3 1960/952/3 1961/956/3
f 2033/957/3 2034/953/3 1961/956/3
f 2079/943/3 2080/944/3 1940/954/3
f 2033/957/3 1961/956/3 1962/958/3
f 2032/959/3 2033/957/3 1962/958/3
f 2032/959/3 1962/958/3 1963/960/3
f 2031/961/3 2032/959/3 1963/960/3
f 1947/886/3 2079/943/3 1940/954/3
f 1946/962/3 1947/886/3 1940/954/3
f 2031/961/3 1963/960/3 1964/963/3
f 2030/964/3 2031/961/3 1964/963/3
f 1945/965/3 1946/962/3 1940/954/3
f 2030/964/3 1964/963/3 1965/966/3
f 2029/967/3 2030/964/3 1965/966/3
f 2029/967/3 1965/966/3 1966/968/3
f 1945/965/3 1940/954/3 1941/969/3
f 2028/970/3 2029/967/3 1997/971/3
f 1997/971/3 2029/967/3 1966/968/3
f 1945/965/3 1941/969/3 1944/972/3
f 1944/972/3 1941/969/3 1942/973/3
f 2028/970/3 1997/971/3 1998/974/3
f 1996/975/3 1997/971/3 1966/968/3
f 1996/975/3 1966/968/3 1967/976/3
f 2027/977/3 2028/970/3 1998/974/3
f 1996/975/3 1967/976/3 1968/978/3
f 1943/979/3 1944/972/3 1942/973/3
f 2026/980/3 2027/977/3 1998/974/3
f 2026/980/3 1998/974/3 1999/981/3
f 1995/982/3 1996/975/3 1968/978/3
f 1995/982/3 1968/978/3 1969/983/3
f 2025/984/3 2026/980/3 1999/981/3
f 2025/984/3 1999/981/3 2000/985/3
f 1995/982/3 1969/983/3 1970/986/3
f 1994/987/3 1995/982/3 1970/986/3
f 2024/988/3 2025/984/3 2000/985/3
f 1994/987/3 1970/986/3 1971/989/3
f 2023/990/3 2024/988/3 2000/985/3
f 2023/990/3 2000/985/3 2001/991/3
f 1993/992/3 1994/987/3 1971/989/3
f 1993/992/3 1971/989/3 1972/993/3
f 2022/994/3 2023/990/3 2001/991/3
f 1993/992/3 1972/993/3 1973/995/3
f 2022/994/3 2001/991/3 2002/996/3
f 1992/997/3 1993/992/3 1973/995/3
f 2021/998/3 2022/994/3 2002/996/3
f 1992/997/3 1973/995/3 1974/999/3
f 1992/997/3 1974/999/3 1975/1000/3
f 2020/1001/3 2021/998/3 2002/996/3
f 2020/1001/3 2002/996/3 2003/1002/3
f 2019/1003/3 2020/1001/3 2003/1002/3
f 1991/1004/3 1992/997/3 1975/1000/3
f 1991/1004/3 1975/1000/3 1976/1005/3
f 2018/1006/3 2019/1003/3 2003/1002/3
f 1991/1004/3 1976/1005/3 1977/1007/3
f 2018/1006/3 2003/1002/3 2004/1008/3
f 2017/1009/3 2018/1006/3 2004/1008/3
f 1990/1010/3 1991/1004/3 1977/1007/3
f 1990/1010/3 1977/1007/3 1978/1011/3
f 2016/1012/3 2017/1009/3 2004/1008/3
f 1990/1010/3 1978/1011/3 1979/1013/3
f 2016/1012/3 2004/1008/3 2005/1014/3
f 1989/1015/3 1990/1010/3 1979/1013/3
f 2015/1016/3 2016/1012/3 2005/1014/3
f 1989/1015/3 1979/1013/3 1980/1017/3
f 2014/1018/3 2015/1016/3 2005/1014/3
f 2014/1018/3 2005/1014/3 2006/1019/3
f 1988/1020/3 1989/1015/3 1980/1017/3
f 1988/1020/3 1980/1017/3 1981/1021/3
f 2013/1022/3 2014/1018/3 2006/1019/3
f 1988/1020/3 1981/1021/3 1982/1023/3
f 2013/1022/3 2006/1019/3 2007/1024/3
f 1987/1025/3 1988/1020/3 1982/1023/3
f 2012/1026/3 2013/1022/3 2007/1024/3
f 1987/1025/3 1982/1023/3 1983/1027/3
f 2011/26/3 2012/1026/3 2007/1024/3
f 2011/26/3 2007/1024/3 2008/1028/3
f 1986/1029/3 1987/1025/3 1983/1027/3
f 1986/1029/3 1983/1027/3 1984/1030/3
f 2010/1031/3 2011/26/3 2008/1028/3
f 2010/1031/3 2008/1028/3 2009/1032/3
f 1985/1033/3 1986/1029/3 1984/1030/3
s 1
f 2096/1034/6 2098/1035/7 2097/58/7 2095/77/6
f 2098/1035/7 2100/1036/8 2099/26/8 2097/58/7
f 2100/1036/8 2102/1037/9 2101/134/9 2099/26/8
f 2102/1037/9 2096/1038/6 2095/149/6 2101/134/9
f 2104/1034/6 2106/1035/7 2105/58/7 2103/77/6
f 2106/1035/7 2108/1036/8 2107/26/8 2105/58/7
f 2108/1036/8 2110/1037/9 2109/134/9 2107/26/8
f 2110/1037/9 2104/1038/6 2103/149/6 2109/134/9
f 2112/1034/8 2114/1035/7 2113/58/7 2111/77/8
f 2114/1035/7 2116/1036/6 2115/26/6 2113/58/7
f 2116/1036/6 2118/1037/9 2117/134/9 2115/26/6
f 2118/1037/9 2112/1038/8 2111/149/8 2117/134/9
f 2120/1034/9 2122/1035/6 2121/58/6 2119/77/9
f 2122/1035/6 2124/1036/7 2123/26/7 2121/58/6
f 2124/1036/7 2126/1037/8 2125/134/8 2123/26/7
f 2126/1037/8 2120/1038/9 2119/149/9 2125/134/8
f 2128/1034/7 2130/1039/7 2129/1040/7 2127/77/7
f 2130/1039/7 2132/1041/6 2131/512/6 2129/1040/7
f 2132/1041/6 2134/1042/9 2133/1043/9 2131/512/6
f 2134/1042/9 2136/1035/8 2135/58/8 2133/1043/9
f 2136/1035/8 2138/1044/8 2137/1045/8 2135/58/8
f 2138/1044/8 2140/1046/10 2139/505/10 2137/1045/8
f 2140/1046/10 2142/1047/10 2141/1048/10 2139/505/10
f 2142/1047/10 2144/1036/11 2143/26/11 2141/1048/10
f 2144/1036/11 2146/1049/11 2145/1050/11 2143/26/11
f 2146/1049/11 2148/1051/8 2147/433/8 2145/1050/11
f 2148/1051/8 2150/1052/7 2149/1053/7 2147/433/8
f 2150/1052/7 2152/1037/12 2151/134/12 2149/1053/7
f 2152/1037/12 2154/1054/13 2153/1055/13 2151/134/12
f 2154/1054/13 2156/1056/14 2155/787/14 2153/1055/13
f 2156/1056/14 2158/1057/15 2157/1058/15 2155/787/14
f 2158/1057/15 2128/1038/7 2127/149/7 2157/1058/15
f 2160/1034/16 2162/1059/17 2161/1060/17 2159/77/16
f 2162/1059/17 2164/1061/18 2163/1062/18 2161/1060/17
f 2164/1061/18 2166/1063/19 2165/1064/19 2163/1062/18
f 2166/1063/19 2168/1065/20 2167/1066/20 2165/1064/19
f 2168/1065/20 2170/1067/21 2169/1068/21 2167/1066/20
f 2170/1067/21 2172/1069/22 2171/1070/22 2169/1068/21
f 2172/1069/22 2174/1071/23 2173/1072/23 2171/1070/22
f 2174/1071/23 2176/1073/24 2175/1074/24 2173/1072/23
f 2176/1073/24 2178/1075/25 2177/1076/25 2175/1074/24
f 2178/1075/25 2180/1077/26 2179/1078/26 2177/1076/25
f 2180/1077/26 2182/1079/27 2181/1080/27 2179/1078/26
f 2182/1079/27 2184/1081/28 2183/1082/28 2181/1080/27
f 2184/1081/28 2186/1083/29 2185/1084/29 2183/1082/28
f 2186/1083/29 2188/1085/30 2187/1086/30 2185/1084/29
f 2188/1085/30 2190/1087/31 2189/1088/31 2187/1086/30
f 2190/1087/31 2192/1089/32 2191/1090/32 2189/1088/31
f 2192/1089/32 2194/1091/33 2193/1092/33 2191/1090/32
f 2194/1091/33 2196/1093/34 2195/1094/34 2193/1092/33
f 2196/1093/34 2198/1095/35 2197/1096/35 2195/1094/34
f 2198/1095/35 2200/1097/36 2199/1098/36 2197/1096/35
f 2200/1097/36 2202/1099/37 2201/1100/37 2199/1098/36
f 2202/1099/37 2204/1101/38 2203/1102/38 2201/1100/37
f 2204/1101/38 2206/1103/39 2205/1104/39 2203/1102/38
f 2206/1103/39 2208/1105/40 2207/1106/40 2205/1104/39
f 2208/1105/40 2210/1107/41 2209/1108/41 2207/1106/40
f 2210/1107/41 2212/1109/42 2211/1110/42 2209/1108/41
f 2212/1109/42 2214/1111/43 2213/1112/43 2211/1110/42
f 2214/1111/43 2216/1113/44 2215/1114/44 2213/1112/43
f 2216/1113/44 2218/1115/45 2217/1116/45 2215/1114/44
f 2218/1115/45 2220/1117/46 2219/1118/46 2217/1116/45
f 2220/1117/46 2222/1119/47 2221/1120/47 2219/1118/46
f 2222/1119/47 2224/1121/48 2223/1122/48 2221/1120/47
f 2224/1121/48 2226/1123/49 2225/1124/49 2223/1122/48
f 2226/1123/49 2228/1125/50 2227/172/50 2225/1124/49
f 2228/1125/50 2230/1126/51 2229/1127/51 2227/172/50
f 2230/1126/51 2232/1128/52 2231/1129/52 2229/1127/51
f 2232/1128/52 2234/1130/53 2233/1131/53 2231/1129/52
f 2234/1130/53 2236/1132/54 2235/1133/54 2233/1131/53
f 2236/1132/54 2238/1134/55 2237/1135/55 2235/1133/54
f 2238/1134/55 2240/1136/56 2239/1137/56 2237/1135/55
f 2240/1136/56 2242/1138/57 2241/1139/57 2239/1137/56
f 2242/1138/57 2244/1140/58 2243/1141/58 2241/1139/57
f 2244/1140/58 2246/1142/59 2245/1143/59 2243/1141/58
f 2246/1142/59 2248/1144/60 2247/1145/60 2245/1143/59
f 2248/1144/60 2250/1146/61 2249/1147/61 2247/1145/60
f 2250/1146/61 2252/1148/62 2251/1149/62 2249/1147/61
f 2252/1148/62 2254/1150/63 2253/1151/63 2251/1149/62
f 2254/1150/63 2256/1152/64 2255/1153/64 2253/1151/63
f 2256/1152/64 2258/1154/65 2257/1155/65 2255/1153/64
f 2258/1154/65 2260/1156/66 2259/1157/66 2257/1155/65
f 2260/1156/66 2262/1036/67 2261/26/67 2259/1157/66
f 2262/1036/67 2264/1158/68 2263/1159/68 2261/26/67
f 2264/1158/68 2266/1160/69 2265/1161/69 2263/1159/68
f 2266/1160/69 2268/1162/70 2267/1163/70 2265/1161/69
f 2268/1162/70 2270/1164/71 2269/1165/71 2267/1163/70
f 2270/1164/71 2272/1166/72 2271/1167/72 2269/1165/71
f 2272/1166/72 2274/1168/73 2273/1169/73 2271/1167/72
f 2274/1168/73 2276/1170/74 2275/1171/74 2273/1169/73
f 2276/1170/74 2278/1172/75 2277/1173/75 2275/1171/74
f 2278/1172/75 2280/1174/76 2279/1175/76 2277/1173/75
f 2280/1174/76 2282/1176/77 2281/1177/77 2279/1175/76
f 2282/1176/77 2284/1178/78 2283/1179/78 2281/1177/77
f 2284/1178/78 2286/1180/79 2285/1181/79 2283/1179/78
f 2286/1180/79 2288/1182/80 2287/1183/80 2285/1181/79
f 2288/1182/80 2290/1184/81 2289/1185/81 2287/1183/80
f 2290/1184/81 2292/1186/82 2291/1187/82 2289/1185/81
f 2292/1186/82 2294/1188/83 2293/1189/83 2291/1187/82
f 2294/1188/83 2296/1190/84 2295/238/84 2293/1189/83
f 2296/1190/84 2298/1191/85 2297/1192/85 2295/238/84
f 2298/1191/85 2300/1193/86 2299/1194/86 2297/1192/85
f 2300/1193/86 2302/1195/87 2301/1196/87 2299/1194/86
f 2302/1195/87 2304/1197/88 2303/1198/88 2301/1196/87
f 2304/1197/88 2306/1199/89 2305/1200/89 2303/1198/88
f 2306/1199/89 2308/1201/90 2307/1202/90 2305/1200/89
f 2308/1201/90 2310/1203/91 2309/1204/91 2307/1202/90
f 2310/1203/91 2312/1205/92 2311/1206/92 2309/1204/91
f 2312/1205/92 2314/1207/93 2313/1208/93 2311/1206/92
f 2314/1207/93 2316/1209/94 2315/1210/94 2313/1208/93
f 2316/1209/94 2318/1211/95 2317/1212/95 2315/1210/94
f 2318/1211/95 2320/1213/96 2319/1214/96 2317/1212/95
f 2320/1213/96 2322/1215/97 2321/1216/97 2319/1214/96
f 2322/1215/97 2324/1217/98 2323/1218/98 2321/1216/97
f 2324/1217/98 2326/1219/99 2325/1220/99 2323/1218/98
f 2326/1219/99 2328/1221/100 2327/1222/100 2325/1220/99
f 2328/1221/100 2330/1223/101 2329/1224/101 2327/1222/100
f 2330/1223/101 2332/1225/102 2331/1226/102 2329/1224/101
f 2332/1225/102 2334/1227/103 2333/1228/103 2331/1226/102
f 2334/1227/103 2336/1229/104 2335/1230/104 2333/1228/103
f 2336/1229/104 2338/1231/105 2337/1232/105 2335/1230/104
f 2338/1231/105 2340/1233/106 2339/1234/106 2337/1232/105
f 2340/1233/106 2342/1235/107 2341/1236/107 2339/1234/106
f 2342/1235/107 2344/1237/108 2343/1238/108 2341/1236/107
f 2344/1237/108 2346/1239/109 2345/1240/109 2343/1238/108
f 2346/1239/109 2348/1241/110 2347/1242/110 2345/1240/109
f 2348/1241/110 2350/1243/111 2349/1244/111 2347/1242/110
f 2350/1243/111 2352/1245/112 2351/1246/112 2349/1244/111
f 2352/1245/112 2354/1247/113 2353/1248/113 2351/1246/112
f 2354/1247/113 2356/1249/114 2355/1250/114 2353/1248/113
f 2356/1249/114 2358/1251/7 2357/1252/7 2355/1250/114
f 2358/1251/7 2360/1253/6 2359/1254/6 2357/1252/7
f 2360/1253/6 2362/1255/115 2361/1256/115 2359/1254/6
f 2362/1255/115 2160/1038/16 2159/149/16 2361/1256/115
f 2364/1034/116 2366/1257/117 2365/1258/117 2363/77/116
f 2366/1257/117 2368/1259/118 2367/1260/118 2365/1258/117
f 2368/1259/118 2370/1261/119 2369/1262/119 2367/1260/118
f 2370/1261/119 2372/1263/120 2371/1264/120 2369/1262/119
f 2372/1263/120 2374/1265/121 2373/1266/121 2371/1264/120
f 2374/1265/121 2376/1267/122 2375/1268/122 2373/1266/121
f 2376/1267/122 2378/1269/123 2377/1270/123 2375/1268/122
f 2378/1269/123 2380/1271/124 2379/1272/124 2377/1270/123
f 2380/1271/124 2382/1273/125 2381/1274/125 2379/1272/124
f 2382/1273/125 2384/1275/126 2383/1276/126 2381/1274/125
f 2384/1275/126 2386/1277/127 2385/1278/127 2383/1276/126
f 2386/1277/127 2388/1279/128 2387/1280/128 2385/1278/127
f 2388/1279/128 2390/1281/129 2389/1282/129 2387/1280/128
f 2390/1281/129 2392/1283/130 2391/1284/130 2389/1282/129
f 2392/1283/130 2394/1285/131 2393/1286/131 2391/1284/130
f 2394/1285/131 2396/1287/132 2395/1288/132 2393/1286/131
f 2396/1287/132 2398/1289/133 2397/1290/133 2395/1288/132
f 2398/1289/133 2400/1291/134 2399/1292/134 2397/1290/133
f 2400/1291/134 2402/1293/135 2401/1294/135 2399/1292/134
f 2402/1293/135 2404/1295/136 2403/1296/136 2401/1294/135
f 2404/1295/136 2406/1297/137 2405/1298/137 2403/1296/136
f 2406/1297/137 2408/1299/138 2407/1300/138 2405/1298/137
f 2408/1299/138 2410/1301/139 2409/1302/139 2407/1300/138
f 2410/1301/139 2412/1303/140 2411/1304/140 2409/1302/139
f 2412/1303/140 2364/1038/116 2363/149/116 2411/1304/140
f 2414/1034/9 2416/1035/6 2415/58/6 2413/77/9
f 2416/1035/6 2418/1036/7 2417/26/7 2415/58/6
f 2418/1036/7 2420/1037/8 2419/134/8 2417/26/7
f 2420/1037/8 2414/1038/9 2413/149/9 2419/134/8
f 2422/1034/141 2424/1035/142 2423/58/142 2421/77/141
f 2424/1035/142 2426/1036/7 2425/26/7 2423/58/142
f 2426/1036/7 2428/1037/8 2427/134/8 2425/26/7
f 2428/1037/8 2422/1038/141 2421/149/141 2427/134/8
f 2430/1034/143 2432/1305/144 2431/1306/144 2429/77/143
f 2432/1305/144 2434/1307/145 2433/1308/145 2431/1306/144
f 2434/1307/145 2436/1309/146 2435/1310/146 2433/1308/145
f 2436/1309/146 2438/1311/147 2437/1312/147 2435/1310/146
f 2438/1311/147 2440/1313/148 2439/1314/148 2437/1312/147
f 2440/1313/148 2442/1315/149 2441/1316/149 2439/1314/148
f 2442/1315/149 2444/1317/150 2443/1318/150 2441/1316/149
f 2444/1317/150 2446/1319/151 2445/1320/151 2443/1318/150
f 2446/1319/151 2448/1321/152 2447/1322/152 2445/1320/151
f 2448/1321/152 2450/1323/153 2449/1324/153 2447/1322/152
f 2450/1323/153 2452/1325/154 2451/1326/154 2449/1324/153
f 2452/1325/154 2454/1327/155 2453/1328/155 2451/1326/154
f 2454/1327/155 2456/1036/156 2455/26/156 2453/1328/155
f 2456/1036/156 2458/1329/157 2457/1330/157 2455/26/156
f 2458/1329/157 2460/1331/158 2459/1332/158 2457/1330/157
f 2460/1331/158 2462/1333/159 2461/1334/159 2459/1332/158
f 2462/1333/159 2464/1335/160 2463/1336/160 2461/1334/159
f 2464/1335/160 2466/1337/161 2465/1338/161 2463/1336/160
f 2466/1337/161 2468/1339/162 2467/1340/162 2465/1338/161
f 2468/1339/162 2470/1341/163 2469/1342/163 2467/1340/162
f 2470/1341/163 2472/1343/164 2471/1344/164 2469/1342/163
f 2472/1343/164 2474/1345/165 2473/1346/165 2471/1344/164
f 2474/1345/165 2476/1347/166 2475/1348/166 2473/1346/165
f 2476/1347/166 2478/1349/167 2477/1350/167 2475/1348/166
f 2478/1349/167 2480/1351/168 2479/1352/168 2477/1350/167
f 2480/1351/168 2430/1038/143 2429/149/143 2479/1352/168
f 2482/1034/169 2484/1305/170 2483/1306/170 2481/77/169
f 2484/1305/170 2486/1307/171 2485/1308/171 2483/1306/170
f 2486/1307/171 2488/1309/172 2487/1310/172 2485/1308/171
f 2488/1309/172 2490/1311/173 2489/1312/173 2487/1310/172
f 2490/1311/173 2492/1313/174 2491/1314/174 2489/1312/173
f 2492/1313/174 2494/1315/175 2493/1316/175 2491/1314/174
f 2494/1315/175 2496/1317/176 2495/1318/176 2493/1316/175
f 2496/1317/176 2498/1319/177 2497/1320/177 2495/1318/176
f 2498/1319/177 2500/1321/178 2499/1322/178 2497/1320/177
f 2500/1321/178 2502/1323/179 2501/1324/179 2499/1322/178
f 2502/1323/179 2504/1325/180 2503/1326/180 2501/1324/179
f 2504/1325/180 2506/1327/181 2505/1328/181 2503/1326/180
f 2506/1327/181 2508/1036/182 2507/26/182 2505/1328/181
f 2508/1036/182 2510/1329/183 2509/1330/183 2507/26/182
f 2510/1329/183 2512/1331/184 2511/1332/184 2509/1330/183
f 2512/1331/184 2514/1333/185 2513/1334/185 2511/1332/184
f 2514/1333/185 2516/1335/186 2515/1336/186 2513/1334/185
f 2516/1335/186 2518/1337/187 2517/1338/187 2515/1336/186
f 2518/1337/187 2520/1339/188 2519/1340/188 2517/1338/187
f 2520/1339/188 2522/1341/189 2521/1342/189 2519/1340/188
f 2522/1341/189 2524/1343/190 2523/1344/190 2521/1342/189
f 2524/1343/190 2526/1345/191 2525/1346/191 2523/1344/190
f 2526/1345/191 2528/1347/192 2527/1348/192 2525/1346/191
f 2528/1347/192 2530/1349/193 2529/1350/193 2527/1348/192
f 2530/1349/193 2532/1351/194 2531/1352/194 2529/1350/193
f 2532/1351/194 2482/1038/169 2481/149/169 2531/1352/194
f 2534/1034/195 2536/1305/196 2535/1306/196 2533/77/195
f 2536/1305/196 2538/1307/197 2537/1308/197 2535/1306/196
f 2538/1307/197 2540/1309/198 2539/1310/198 2537/1308/197
f 2540/1309/198 2542/1311/199 2541/1312/199 2539/1310/198
f 2542/1311/199 2544/1313/200 2543/1314/200 2541/1312/199
f 2544/1313/200 2546/1315/201 2545/1316/201 2543/1314/200
f 2546/1315/201 2548/1317/202 2547/1318/202 2545/1316/201
f 2548/1317/202 2550/1319/203 2549/1320/203 2547/1318/202
f 2550/1319/203 2552/1321/204 2551/1322/204 2549/1320/203
f 2552/1321/204 2554/1323/205 2553/1324/205 2551/1322/204
f 2554/1323/205 2556/1325/206 2555/1326/206 2553/1324/205
f 2556/1325/206 2558/1327/207 2557/1328/207 2555/1326/206
f 2558/1327/207 2560/1036/208 2559/26/208 2557/1328/207
f 2560/1036/208 2562/1329/209 2561/1330/209 2559/26/208
f 2562/1329/209 2564/1331/210 2563/1332/210 2561/1330/209
f 2564/1331/210 2566/1333/211 2565/1334/211 2563/1332/210
f 2566/1333/211 2568/1335/212 2567/1336/212 2565/1334/211
f 2568/1335/212 2570/1337/213 2569/1338/213 2567/1336/212
f 2570/1337/213 2572/1339/214 2571/1340/214 2569/1338/213
f 2572/1339/214 2574/1341/215 2573/1342/215 2571/1340/214
f 2574/1341/215 2576/1343/216 2575/1344/216 2573/1342/215
f 2576/1343/216 2578/1345/217 2577/1346/217 2575/1344/216
f 2578/1345/217 2580/1347/218 2579/1348/218 2577/1346/217
f 2580/1347/218 2582/1349/219 2581/1350/219 2579/1348/218
f 2582/1349/219 2584/1351/220 2583/1352/220 2581/1350/219
f 2584/1351/220 2534/1038/195 2533/149/195 2583/1352/220
f 2586/1034/221 2588/1353/222 2587/85/222 2585/77/221
f 2588/1353/222 2590/1354/223 2589/111/223 2587/85/222
f 2590/1354/223 2592/1355/224 2591/113/224 2589/111/223
f 2592/1355/224 2594/1356/225 2593/100/225 2591/113/224
f 2594/1356/225 2596/1357/226 2595/82/226 2593/100/225
f 2596/1357/226 2598/1358/227 2597/73/227 2595/82/226
f 2598/1358/227 2600/1359/228 2599/70/228 2597/73/227
f 2600/1359/228 2602/1360/229 2601/66/229 2599/70/228
f 2602/1360/229 2604/1361/230 2603/61/230 2601/66/229
f 2604/1361/230 2606/1362/231 2605/49/231 2603/61/230
f 2606/1362/231 2608/1363/232 2607/43/232 2605/49/231
f 2608/1363/232 2610/1364/233 2609/1/233 2607/43/232
f 2610/1364/233 2612/1365/234 2611/5/234 2609/1/233
f 2612/1365/234 2614/1366/235 2613/16/235 2611/5/234
f 2614/1366/235 2616/1367/236 2615/25/236 2613/16/235
f 2616/1367/236 2618/1368/237 2617/31/237 2615/25/236
f 2618/1368/237 2620/1369/238 2619/35/238 2617/31/237
f 2620/1369/238 2622/1370/190 2621/39/190 2619/35/238
f 2622/1370/190 2624/1371/239 2623/22/239 2621/39/190
f 2624/1371/239 2626/1372/240 2625/15/240 2623/22/239
f 2626/1372/240 2628/1373/241 2627/6/241 2625/15/240
f 2628/1373/241 2630/1374/242 2629/48/242 2627/6/241
f 2630/1374/242 2632/1375/243 2631/54/243 2629/48/242
f 2632/1375/243 2634/1376/244 2633/60/244 2631/54/243
f 2634/1376/244 2636/1377/245 2635/147/245 2633/60/244
f 2636/1377/245 2638/1378/246 2637/142/246 2635/147/245
f 2638/1378/246 2640/1379/247 2639/138/247 2637/142/246
f 2640/1379/247 2642/1380/248 2641/132/248 2639/138/247
f 2642/1380/248 2644/1381/249 2643/126/249 2641/132/248
f 2644/1381/249 2646/1382/250 2645/119/250 2643/126/249
f 2646/1382/250 2648/1383/251 2647/105/251 2645/119/250
f 2648/1383/251 2650/1384/252 2649/98/252 2647/105/251
f 2650/1384/252 2652/1385/253 2651/92/253 2649/98/252
f 2652/1385/253 2654/1386/254 2653/88/254 2651/92/253
f 2654/1386/254 2656/1387/255 2655/120/255 2653/88/254
f 2656/1387/255 2658/1388/256 2657/130/256 2655/120/255
f 2658/1388/256 2586/1038/221 2585/149/221 2657/130/256
f 2660/1034/257 2662/1305/258 2661/1306/258 2659/77/257
f 2662/1305/258 2664/1307/259 2663/1308/259 2661/1306/258
f 2664/1307/259 2666/1309/260 2665/1310/260 2663/1308/259
f 2666/1309/260 2668/1311/261 2667/1312/261 2665/1310/260
f 2668/1311/261 2670/1313/262 2669/1314/262 2667/1312/261
f 2670/1313/262 2672/1315/263 2671/1316/263 2669/1314/262
f 2672/1315/263 2674/1317/264 2673/1318/264 2671/1316/263
f 2674/1317/264 2676/1319/265 2675/1320/265 2673/1318/264
f 2676/1319/265 2678/1321/266 2677/1322/266 2675/1320/265
f 2678/1321/266 2680/1323/267 2679/1324/267 2677/1322/266
f 2680/1323/267 2682/1325/268 2681/1326/268 2679/1324/267
f 2682/1325/268 2684/1327/269 2683/1328/269 2681/1326/268
f 2684/1327/269 2686/1036/270 2685/26/270 2683/1328/269
f 2686/1036/270 2688/1329/271 2687/1330/271 2685/26/270
f 2688/1329/271 2690/1331/272 2689/1332/272 2687/1330/271
f 2690/1331/272 2692/1333/273 2691/1334/273 2689/1332/272
f 2692/1333/273 2694/1335/274 2693/1336/274 2691/1334/273
f 2694/1335/274 2696/1337/275 2695/1338/275 2693/1336/274
f 2696/1337/275 2698/1339/276 2697/1340/276 2695/1338/275
f 2698/1339/276 2700/1341/277 2699/1342/277 2697/1340/276
f 2700/1341/277 2702/1343/278 2701/1344/278 2699/1342/277
f 2702/1343/278 2704/1345/279 2703/1346/279 2701/1344/278
f 2704/1345/279 2706/1347/280 2705/1348/280 2703/1346/279
f 2706/1347/280 2708/1349/281 2707/1350/281 2705/1348/280
f 2708/1349/281 2710/1351/282 2709/1352/282 2707/1350/281
f 2710/1351/282 2660/1038/257 2659/149/257 2709/1352/282
f 2712/1034/283 2714/1305/284 2713/1306/284 2711/77/283
f 2714/1305/284 2716/1307/285 2715/1308/285 2713/1306/284
f 2716/1307/285 2718/1309/286 2717/1310/286 2715/1308/285
f 2718/1309/286 2720/1311/287 2719/1312/287 2717/1310/286
f 2720/1311/287 2722/1313/288 2721/1314/288 2719/1312/287
f 2722/1313/288 2724/1315/289 2723/1316/289 2721/1314/288
f 2724/1315/289 2726/1317/290 2725/1318/290 2723/1316/289
f 2726/1317/290 2728/1319/291 2727/1320/291 2725/1318/290
f 2728/1319/291 2730/1321/292 2729/1322/292 2727/1320/291
f 2730/1321/292 2732/1323/293 2731/1324/293 2729/1322/292
f 2732/1323/293 2734/1325/294 2733/1326/294 2731/1324/293
f 2734/1325/294 2736/1327/295 2735/1328/295 2733/1326/294
f 2736/1327/295 2738/1036/296 2737/26/296 2735/1328/295
f 2738/1036/296 2740/1329/118 2739/1330/118 2737/26/296
f 2740/1329/118 2742/1331/297 2741/1332/297 2739/1330/118
f 2742/1331/297 2744/1333/298 2743/1334/298 2741/1332/297
f 2744/1333/298 2746/1335/299 2745/1336/299 2743/1334/298
f 2746/1335/299 2748/1337/300 2747/1338/300 2745/1336/299
f 2748/1337/300 2750/1339/301 2749/1340/301 2747/1338/300
f 2750/1339/301 2752/1341/302 2751/1342/302 2749/1340/301
f 2752/1341/302 2754/1343/303 2753/1344/303 2751/1342/302
f 2754/1343/303 2756/1345/304 2755/1346/304 2753/1344/303
f 2756/1345/304 2758/1347/305 2757/1348/305 2755/1346/304
f 2758/1347/305 2760/1349/306 2759/1350/306 2757/1348/305
f 2760/1349/306 2762/1351/307 2761/1352/307 2759/1350/306
f 2762/1351/307 2712/1038/283 2711/149/283 2761/1352/307
f 2764/1034/308 2766/1389/309 2765/79/309 2763/77/308
f 2766/1389/309 2768/1390/310 2767/81/310 2765/79/309
f 2768/1390/310 2770/1391/311 2769/83/311 2767/81/310
f 2770/1391/311 2772/1353/312 2771/85/312 2769/83/311
f 2772/1353/312 2774/1392/313 2773/93/313 2771/85/312
f 2774/1392/313 2776/1393/314 2775/99/314 2773/93/313
f 2776/1393/314 2778/1394/315 2777/106/315 2775/99/314
f 2778/1394/315 2780/1354/316 2779/111/316 2777/106/315
f 2780/1354/316 2782/1395/317 2781/114/317 2779/111/316
f 2782/1395/317 2784/1396/318 2783/118/318 2781/114/317
f 2784/1396/318 2786/1397/319 2785/116/319 2783/118/318
f 2786/1397/319 2788/1355/320 2787/113/320 2785/116/319
f 2788/1355/320 2790/1398/321 2789/112/321 2787/113/320
f 2790/1398/321 2792/1399/322 2791/110/322 2789/112/321
f 2792/1399/322 2794/1400/323 2793/104/323 2791/110/322
f 2794/1400/323 2796/1356/324 2795/100/324 2793/104/323
f 2796/1356/324 2798/1401/325 2797/94/325 2795/100/324
f 2798/1401/325 2800/1402/326 2799/86/326 2797/94/325
f 2800/1402/326 2802/1403/327 2801/84/327 2799/86/326
f 2802/1403/327 2804/1357/328 2803/82/328 2801/84/327
f 2804/1357/328 2806/1404/329 2805/80/329 2803/82/328
f 2806/1404/329 2808/1405/330 2807/78/330 2805/80/329
f 2808/1405/330 2810/1406/331 2809/76/331 2807/78/330
f 2810/1406/331 2812/1358/332 2811/73/332 2809/76/331
f 2812/1358/332 2814/1407/333 2813/72/333 2811/73/332
f 2814/1407/333 2816/1408/334 2815/75/334 2813/72/333
f 2816/1408/334 2818/1409/335 2817/71/335 2815/75/334
f 2818/1409/335 2820/1359/336 2819/70/336 2817/71/335
f 2820/1359/336 2822/1410/337 2821/69/337 2819/70/336
f 2822/1410/337 2824/1411/338 2823/68/338 2821/69/337
f 2824/1411/338 2826/1412/339 2825/67/339 2823/68/338
f 2826/1412/339 2828/1360/340 2827/66/340 2825/67/339
f 2828/1360/340 2830/1413/341 2829/65/341 2827/66/340
f 2830/1413/341 2832/1414/342 2831/64/342 2829/65/341
f 2832/1414/342 2834/1415/343 2833/63/343 2831/64/342
f 2834/1415/343 2836/1361/344 2835/61/344 2833/63/343
f 2836/1361/344 2838/1035/345 2837/58/345 2835/61/344
f 2838/1035/345 2840/1416/346 2839/55/346 2837/58/345
f 2840/1416/346 2842/1417/347 2841/52/347 2839/55/346
f 2842/1417/347 2844/1362/348 2843/49/348 2841/52/347
f 2844/1362/348 2846/1418/349 2845/46/349 2843/49/348
f 2846/1418/349 2848/1419/350 2847/45/350 2845/46/349
f 2848/1419/350 2850/1420/351 2849/44/351 2847/45/350
f 2850/1420/351 2852/1363/352 2851/43/352 2849/44/351
f 2852/1363/352 2854/1421/353 2853/42/353 2851/43/352
f 2854/1421/353 2856/1422/354 2855/41/354 2853/42/353
f 2856/1422/354 2858/1423/355 2857/40/355 2855/41/354
f 2858/1423/355 2860/1364/356 2859/1/356 2857/40/355
f 2860/1364/356 2862/1424/357 2861/3/357 2859/1/356
f 2862/1424/357 2864/1425/358 2863/2/358 2861/3/357
f 2864/1425/358 2866/1426/359 2865/4/359 2863/2/358
f 2866/1426/359 2868/1365/360 2867/5/360 2865/4/359
f 2868/1365/360 2870/1427/361 2869/9/361 2867/5/360
f 2870/1427/361 2872/1428/362 2871/12/362 2869/9/361
f 2872/1428/362 2874/1429/363 2873/14/363 2871/12/362
f 2874/1429/363 2876/1366/364 2875/16/364 2873/14/363
f 2876/1366/364 2878/1430/365 2877/19/365 2875/16/364
f 2878/1430/365 2880/1431/366 2879/21/366 2877/19/365
f 2880/1431/366 2882/1432/367 2881/23/367 2879/21/366
f 2882/1432/367 2884/1367/368 2883/25/368 2881/23/367
f 2884/1367/368 2886/1433/369 2885/27/369 2883/25/368
f 2886/1433/369 2888/1434/370 2887/29/370 2885/27/369
f 2888/1434/370 2890/1435/371 2889/30/371 2887/29/370
f 2890/1435/371 2892/1368/372 2891/31/372 2889/30/371
f 2892/1368/372 2894/1436/373 2893/32/373 2891/31/372
f 2894/1436/373 2896/1437/374 2895/33/374 2893/32/373
f 2896/1437/374 2898/1438/375 2897/34/375 2895/33/374
f 2898/1438/375 2900/1369/376 2899/35/376 2897/34/375
f 2900/1369/376 2902/1439/377 2901/36/377 2899/35/376
f 2902/1439/377 2904/1440/378 2903/37/378 2901/36/377
f 2904/1440/378 2906/1441/379 2905/38/379 2903/37/378
f 2906/1441/379 2908/1370/380 2907/39/380 2905/38/379
f 2908/1370/380 2910/1442/381 2909/28/381 2907/39/380
f 2910/1442/381 2912/1036/239 2911/26/239 2909/28/381
f 2912/1036/239 2914/1443/382 2913/24/382 2911/26/239
f 2914/1443/382 2916/1371/383 2915/22/383 2913/24/382
f 2916/1371/383 2918/1444/384 2917/20/384 2915/22/383
f 2918/1444/384 2920/1445/385 2919/18/385 2917/20/384
f 2920/1445/385 2922/1446/386 2921/17/386 2919/18/385
f 2922/1446/386 2924/1372/387 2923/15/387 2921/17/386
f 2924/1372/387 2926/1447/388 2925/13/388 2923/15/387
f 2926/1447/388 2928/1448/389 2927/11/389 2925/13/388
f 2928/1448/389 2930/1449/390 2929/10/390 2927/11/389
f 2930/1449/390 2932/1373/391 2931/6/391 2929/10/390
f 2932/1373/391 2934/1450/392 2933/8/392 2931/6/391
f 2934/1450/392 2936/1451/393 2935/7/393 2933/8/392
f 2936/1451/393 2938/1452/394 2937/47/394 2935/7/393
f 2938/1452/394 2940/1374/395 2939/48/395 2937/47/394
f 2940/1374/395 2942/1453/396 2941/50/396 2939/48/395
f 2942/1453/396 2944/1454/397 2943/51/397 2941/50/396
f 2944/1454/397 2946/1455/398 2945/53/398 2943/51/397
f 2946/1455/398 2948/1375/399 2947/54/399 2945/53/398
f 2948/1375/399 2950/1456/400 2949/56/400 2947/54/399
f 2950/1456/400 2952/1457/401 2951/57/401 2949/56/400
f 2952/1457/401 2954/1458/402 2953/59/402 2951/57/401
f 2954/1458/402 2956/1376/403 2955/60/403 2953/59/402
f 2956/1376/403 2958/1459/404 2957/62/404 2955/60/403
f 2958/1459/404 2960/1460/405 2959/74/405 2957/62/404
f 2960/1460/405 2962/1461/406 2961/148/406 2959/74/405
f 2962/1461/406 2964/1377/407 2963/147/407 2961/148/406
f 2964/1377/407 2966/1462/408 2965/146/408 2963/147/407
f 2966/1462/408 2968/1463/409 2967/144/409 2965/146/408
f 2968/1463/409 2970/1464/410 2969/143/410 2967/144/409
f 2970/1464/410 2972/1378/411 2971/142/411 2969/143/410
f 2972/1378/411 2974/1465/412 2973/141/412 2971/142/411
f 2974/1465/412 2976/1466/413 2975/140/413 2973/141/412
f 2976/1466/413 2978/1467/414 2977/139/414 2975/140/413
f 2978/1467/414 2980/1379/415 2979/138/415 2977/139/414
f 2980/1379/415 2982/1468/416 2981/137/416 2979/138/415
f 2982/1468/416 2984/1469/417 2983/136/417 2981/137/416
f 2984/1469/417 2986/1037/418 2985/134/418 2983/136/417
f 2986/1037/418 2988/1380/419 2987/132/419 2985/134/418
f 2988/1380/419 2990/1470/420 2989/131/420 2987/132/419
f 2990/1470/420 2992/1471/421 2991/129/421 2989/131/420
f 2992/1471/421 2994/1472/422 2993/127/422 2991/129/421
f 2994/1472/422 2996/1381/423 2995/126/423 2993/127/422
f 2996/1381/423 2998/1473/424 2997/124/424 2995/126/423
f 2998/1473/424 3000/1474/425 2999/122/425 2997/124/424
f 3000/1474/425 3002/1475/426 3001/121/426 2999/122/425
f 3002/1475/426 3004/1382/427 3003/119/427 3001/121/426
f 3004/1382/427 3006/1476/428 3005/115/428 3003/119/427
f 3006/1476/428 3008/1477/429 3007/109/429 3005/115/428
f 3008/1477/429 3010/1478/430 3009/108/430 3007/109/429
f 3010/1478/430 3012/1383/431 3011/105/431 3009/108/430
f 3012/1383/431 3014/1479/432 3013/103/432 3011/105/431
f 3014/1479/432 3016/1480/433 3015/102/433 3013/103/432
f 3016/1480/433 3018/1481/434 3017/101/434 3015/102/433
f 3018/1481/434 3020/1384/435 3019/98/435 3017/101/434
f 3020/1384/435 3022/1482/436 3021/97/436 3019/98/435
f 3022/1482/436 3024/1483/437 3023/96/437 3021/97/436
f 3024/1483/437 3026/1484/438 3025/95/438 3023/96/437
f 3026/1484/438 3028/1385/156 3027/92/156 3025/95/438
f 3028/1385/156 3030/1485/439 3029/91/439 3027/92/156
f 3030/1485/439 3032/1486/440 3031/87/440 3029/91/439
f 3032/1486/440 3034/1487/441 3033/89/441 3031/87/440
f 3034/1487/441 3036/1386/442 3035/88/442 3033/89/441
f 3036/1386/442 3038/1488/443 3037/90/443 3035/88/442
f 3038/1488/443 3040/1489/444 3039/107/444 3037/90/443
f 3040/1489/444 3042/1490/445 3041/117/445 3039/107/444
f 3042/1490/445 3044/1387/446 3043/120/446 3041/117/445
f 3044/1387/446 3046/1491/447 3045/123/447 3043/120/446
f 3046/1491/447 3048/1492/448 3047/125/448 3045/123/447
f 3048/1492/448 3050/1493/449 3049/128/449 3047/125/448
f 3050/1493/449 3052/1388/450 3051/130/450 3049/128/449
f 3052/1388/450 3054/1494/451 3053/133/451 3051/130/450
f 3054/1494/451 3056/1495/452 3055/135/452 3053/133/451
f 3056/1495/452 3058/1496/453 3057/145/453 3055/135/452
f 3058/1496/453 2764/1038/308 2763/149/308 3057/145/453
f 3060/1034/454 3062/1497/455 3061/1498/455 3059/77/454
f 3062/1497/455 3064/1499/456 3063/1500/456 3061/1498/455
f 3064/1499/456 3066/1501/457 3065/1502/457 3063/1500/456
f 3066/1501/457 3068/1503/458 3067/1504/458 3065/1502/457
f 3068/1503/458 3070/1505/459 3069/1506/459 3067/1504/458
f 3070/1505/459 3072/1507/460 3071/1508/460 3069/1506/459
f 3072/1507/460 3074/1509/461 3073/1510/461 3071/1508/460
f 3074/1509/461 3076/1511/462 3075/1512/462 3073/1510/461
f 3076/1511/462 3078/1513/463 3077/1514/463 3075/1512/462
f 3078/1513/463 3080/1515/464 3079/1516/464 3077/1514/463
f 3080/1515/464 3082/1517/465 3081/1518/465 3079/1516/464
f 3082/1517/465 3084/1519/466 3083/1520/466 3081/1518/465
f 3084/1519/466 3086/1521/467 3085/1522/467 3083/1520/466
f 3086/1521/467 3088/1523/468 3087/1524/468 3085/1522/467
f 3088/1523/468 3090/1525/469 3089/1526/469 3087/1524/468
f 3090/1525/469 3092/1527/470 3091/1528/470 3089/1526/469
f 3092/1527/470 3094/1529/471 3093/1530/471 3091/1528/470
f 3094/1529/471 3096/1531/472 3095/1532/472 3093/1530/471
f 3096/1531/472 3098/1533/473 3097/1534/473 3095/1532/472
f 3098/1533/473 3100/1535/474 3099/1536/474 3097/1534/473
f 3100/1535/474 3102/1537/219 3101/1538/219 3099/1536/474
f 3102/1537/219 3104/1539/475 3103/1540/475 3101/1538/219
f 3104/1539/475 3106/1541/476 3105/1542/476 3103/1540/475
f 3106/1541/476 3108/1543/477 3107/1544/477 3105/1542/476
f 3108/1543/477 3110/1545/478 3109/1546/478 3107/1544/477
f 3110/1545/478 3112/1547/479 3111/1548/479 3109/1546/478
f 3112/1547/479 3114/1549/480 3113/1550/480 3111/1548/479
f 3114/1549/480 3116/1551/481 3115/1552/481 3113/1550/480
f 3116/1551/481 3118/1091/482 3117/1092/482 3115/1552/481
f 3118/1091/482 3120/1553/483 3119/1554/483 3117/1092/482
f 3120/1553/483 3122/1555/484 3121/1556/484 3119/1554/483
f 3122/1555/484 3124/1557/485 3123/1558/485 3121/1556/484
f 3124/1557/485 3126/1559/486 3125/1560/486 3123/1558/485
f 3126/1559/486 3128/1561/487 3127/1562/487 3125/1560/486
f 3128/1561/487 3130/1563/488 3129/1564/488 3127/1562/487
f 3130/1563/488 3132/1565/489 3131/1566/489 3129/1564/488
f 3132/1565/489 3134/1567/490 3133/1568/490 3131/1566/489
f 3134/1567/490 3136/1569/491 3135/1570/491 3133/1568/490
f 3136/1569/491 3138/1571/492 3137/1572/492 3135/1570/491
f 3138/1571/492 3140/1573/493 3139/1574/493 3137/1572/492
f 3140/1573/493 3142/1575/494 3141/1576/494 3139/1574/493
f 3142/1575/494 3144/1577/495 3143/1578/495 3141/1576/494
f 3144/1577/495 3146/1579/496 3145/1580/496 3143/1578/495
f 3146/1579/496 3148/1581/497 3147/1582/497 3145/1580/496
f 3148/1581/497 3150/1583/498 3149/1584/498 3147/1582/497
f 3150/1583/498 3152/1585/499 3151/1586/499 3149/1584/498
f 3152/1585/499 3154/1587/500 3153/1588/500 3151/1586/499
f 3154/1587/500 3156/1589/501 3155/1590/501 3153/1588/500
f 3156/1589/501 3158/1591/502 3157/1592/502 3155/1590/501
f 3158/1591/502 3160/1593/503 3159/1594/503 3157/1592/502
f 3160/1593/503 3162/1595/404 3161/1596/404 3159/1594/503
f 3162/1595/404 3164/1597/504 3163/1598/504 3161/1596/404
f 3164/1597/504 3166/1599/505 3165/1600/505 3163/1598/504
f 3166/1599/505 3168/1601/506 3167/1602/506 3165/1600/505
f 3168/1601/506 3170/1603/507 3169/1604/507 3167/1602/506
f 3170/1603/507 3172/1605/508 3171/1606/508 3169/1604/507
f 3172/1605/508 3174/1607/509 3173/1608/509 3171/1606/508
f 3174/1607/509 3176/1125/510 3175/172/510 3173/1608/509
f 3176/1125/510 3178/1609/511 3177/1610/511 3175/172/510
f 3178/1609/511 3180/1611/512 3179/1612/512 3177/1610/511
f 3180/1611/512 3182/1613/513 3181/1614/513 3179/1612/512
f 3182/1613/513 3184/1615/514 3183/1616/514 3181/1614/513
f 3184/1615/514 3186/1617/515 3185/1618/515 3183/1616/514
f 3186/1617/515 3188/1619/516 3187/1620/516 3185/1618/515
f 3188/1619/516 3190/1621/517 3189/1622/517 3187/1620/516
f 3190/1621/517 3192/1623/518 3191/1624/518 3189/1622/517
f 3192/1623/518 3194/1625/519 3193/1626/519 3191/1624/518
f 3194/1625/519 3196/1627/520 3195/1628/520 3193/1626/519
f 3196/1627/520 3198/1629/521 3197/1630/521 3195/1628/520
f 3198/1629/521 3200/1631/522 3199/1632/522 3197/1630/521
f 3200/1631/522 3202/1633/523 3201/1634/523 3199/1632/522
f 3202/1633/523 3204/1635/524 3203/1636/524 3201/1634/523
f 3204/1635/524 3206/1637/525 3205/1638/525 3203/1636/524
f 3206/1637/525 3208/1639/526 3207/1640/526 3205/1638/525
f 3208/1639/526 3210/1641/527 3209/1642/527 3207/1640/526
f 3210/1641/527 3212/1643/528 3211/1644/528 3209/1642/527
f 3212/1643/528 3214/1645/529 3213/1646/529 3211/1644/528
f 3214/1645/529 3216/1647/530 3215/1648/530 3213/1646/529
f 3216/1647/530 3218/1649/531 3217/1650/531 3215/1648/530
f 3218/1649/531 3220/1651/532 3219/1652/532 3217/1650/531
f 3220/1651/532 3222/1653/533 3221/1654/533 3219/1652/532
f 3222/1653/533 3224/1655/534 3223/1656/534 3221/1654/533
f 3224/1655/534 3226/1657/535 3225/1658/535 3223/1656/534
f 3226/1657/535 3228/1659/536 3227/1660/536 3225/1658/535
f 3228/1659/536 3230/1661/537 3229/1662/537 3227/1660/536
f 3230/1661/537 3232/1663/538 3231/1664/538 3229/1662/537
f 3232/1663/538 3234/1036/539 3233/26/539 3231/1664/538
f 3234/1036/539 3236/1665/540 3235/1666/540 3233/26/539
f 3236/1665/540 3238/1667/541 3237/1668/541 3235/1666/540
f 3238/1667/541 3240/1669/542 3239/1670/542 3237/1668/541
f 3240/1669/542 3242/1671/543 3241/1672/543 3239/1670/542
f 3242/1671/543 3244/1673/544 3243/1674/544 3241/1672/543
f 3244/1673/544 3246/1675/545 3245/1676/545 3243/1674/544
f 3246/1675/545 3248/1677/546 3247/1678/546 3245/1676/545
f 3248/1677/546 3250/1679/547 3249/1680/547 3247/1678/546
f 3250/1679/547 3252/1681/548 3251/1682/548 3249/1680/547
f 3252/1681/548 3254/1683/549 3253/1684/549 3251/1682/548
f 3254/1683/549 3256/1685/550 3255/1686/550 3253/1684/549
f 3256/1685/550 3258/1687/551 3257/1688/551 3255/1686/550
f 3258/1687/551 3260/1689/552 3259/1690/552 3257/1688/551
f 3260/1689/552 3262/1691/553 3261/1692/553 3259/1690/552
f 3262/1691/553 3264/1693/50 3263/1694/50 3261/1692/553
f 3264/1693/50 3266/1695/554 3265/1696/554 3263/1694/50
f 3266/1695/554 3268/1697/555 3267/1698/555 3265/1696/554
f 3268/1697/555 3270/1699/556 3269/1700/556 3267/1698/555
f 3270/1699/556 3272/1701/557 3271/1702/557 3269/1700/556
f 3272/1701/557 3274/1703/558 3273/1704/558 3271/1702/557
f 3274/1703/558 3276/1705/559 3275/1706/559 3273/1704/558
f 3276/1705/559 3278/1707/560 3277/1708/560 3275/1706/559
f 3278/1707/560 3280/1709/561 3279/1710/561 3277/1708/560
f 3280/1709/561 3282/1711/562 3281/1712/562 3279/1710/561
f 3282/1711/562 3284/1713/563 3283/1714/563 3281/1712/562
f 3284/1713/563 3286/1715/564 3285/1716/564 3283/1714/563
f 3286/1715/564 3288/1717/565 3287/1718/565 3285/1716/564
f 3288/1717/565 3290/1719/566 3289/1720/566 3287/1718/565
f 3290/1719/566 3292/1190/567 3291/238/567 3289/1720/566
f 3292/1190/567 3294/1721/568 3293/1722/568 3291/238/567
f 3294/1721/568 3296/1723/569 3295/1724/569 3293/1722/568
f 3296/1723/569 3298/1725/570 3297/1726/570 3295/1724/569
f 3298/1725/570 3300/1727/571 3299/1728/571 3297/1726/570
f 3300/1727/571 3302/1729/572 3301/1730/572 3299/1728/571
f 3302/1729/572 3304/1731/573 3303/1732/573 3301/1730/572
f 3304/1731/573 3306/1733/574 3305/1734/574 3303/1732/573
f 3306/1733/574 3308/1735/575 3307/1736/575 3305/1734/574
f 3308/1735/575 3310/1737/576 3309/1738/576 3307/1736/575
f 3310/1737/576 3312/1739/577 3311/1740/577 3309/1738/576
f 3312/1739/577 3314/1741/578 3313/1742/578 3311/1740/577
f 3314/1741/578 3316/1743/579 3315/1744/579 3313/1742/578
f 3316/1743/579 3318/1745/580 3317/1746/580 3315/1744/579
f 3318/1745/580 3320/1747/581 3319/1748/581 3317/1746/580
f 3320/1747/581 3322/1749/582 3321/1750/582 3319/1748/581
f 3322/1749/582 3324/1751/583 3323/1752/583 3321/1750/582
f 3324/1751/583 3326/1753/584 3325/1754/584 3323/1752/583
f 3326/1753/584 3328/1755/585 3327/1756/585 3325/1754/584
f 3328/1755/585 3330/1757/586 3329/1758/586 3327/1756/585
f 3330/1757/586 3332/1759/587 3331/1760/587 3329/1758/586
f 3332/1759/587 3334/1761/588 3333/1762/588 3331/1760/587
f 3334/1761/588 3336/1763/589 3335/1764/589 3333/1762/588
f 3336/1763/589 3338/1765/590 3337/1766/590 3335/1764/589
f 3338/1765/590 3340/1767/591 3339/1768/591 3337/1766/590
f 3340/1767/591 3342/1769/592 3341/1770/592 3339/1768/591
f 3342/1769/592 3344/1771/593 3343/1772/593 3341/1770/592
f 3344/1771/593 3346/1773/594 3345/1774/594 3343/1772/593
f 3346/1773/594 3348/1775/595 3347/1776/595 3345/1774/594
f 3348/1775/595 3350/1223/596 3349/1224/596 3347/1776/595
f 3350/1223/596 3352/1777/597 3351/1778/597 3349/1224/596
f 3352/1777/597 3354/1779/598 3353/1780/598 3351/1778/597
f 3354/1779/598 3356/1781/599 3355/1782/599 3353/1780/598
f 3356/1781/599 3358/1783/600 3357/1784/600 3355/1782/599
f 3358/1783/600 3360/1785/601 3359/1786/601 3357/1784/600
f 3360/1785/601 3362/1787/602 3361/1788/602 3359/1786/601
f 3362/1787/602 3364/1789/603 3363/1790/603 3361/1788/602
f 3364/1789/603 3366/1791/604 3365/1792/604 3363/1790/603
f 3366/1791/604 3368/1793/605 3367/1794/605 3365/1792/604
f 3368/1793/605 3370/1795/606 3369/1796/606 3367/1794/605
f 3370/1795/606 3372/1797/607 3371/1798/607 3369/1796/606
f 3372/1797/607 3374/1799/608 3373/1800/608 3371/1798/607
f 3374/1799/608 3376/1801/609 3375/1802/609 3373/1800/608
f 3376/1801/609 3378/1803/610 3377/1804/610 3375/1802/609
f 3378/1803/610 3380/1805/611 3379/1806/611 3377/1804/610
f 3380/1805/611 3382/1807/612 3381/1808/612 3379/1806/611
f 3382/1807/612 3384/1809/613 3383/1810/613 3381/1808/612
f 3384/1809/613 3386/1811/614 3385/1812/614 3383/1810/613
f 3386/1811/614 3388/1813/615 3387/1814/615 3385/1812/614
f 3388/1813/615 3390/1815/616 3389/1816/616 3387/1814/615
f 3390/1815/616 3392/1817/617 3391/1818/617 3389/1816/616
f 3392/1817/617 3394/1819/618 3393/1820/618 3391/1818/617
f 3394/1819/618 3396/1821/619 3395/1822/619 3393/1820/618
f 3396/1821/619 3398/1823/620 3397/1824/620 3395/1822/619
f 3398/1823/620 3400/1825/621 3399/1826/621 3397/1824/620
f 3400/1825/621 3402/1827/622 3401/1828/622 3399/1826/621
f 3402/1827/622 3404/1829/623 3403/1830/623 3401/1828/622
f 3404/1829/623 3406/1831/624 3405/1832/624 3403/1830/623
f 3406/1831/624 3060/1038/454 3059/149/454 3405/1832/624
f 3408/1034/625 3410/1389/626 3409/79/626 3407/77/625
f 3410/1389/626 3412/1390/627 3411/81/627 3409/79/626
f 3412/1390/627 3414/1391/628 3413/83/628 3411/81/627
f 3414/1391/628 3416/1353/629 3415/85/629 3413/83/628
f 3416/1353/629 3418/1392/630 3417/93/630 3415/85/629
f 3418/1392/630 3420/1393/631 3419/99/631 3417/93/630
f 3420/1393/631 3422/1394/632 3421/106/632 3419/99/631
f 3422/1394/632 3424/1354/633 3423/111/633 3421/106/632
f 3424/1354/633 3426/1395/634 3425/114/634 3423/111/633
f 3426/1395/634 3428/1396/635 3427/118/635 3425/114/634
f 3428/1396/635 3430/1397/636 3429/116/636 3427/118/635
f 3430/1397/636 3432/1355/637 3431/113/637 3429/116/636
f 3432/1355/637 3434/1398/638 3433/112/638 3431/113/637
f 3434/1398/638 3436/1399/639 3435/110/639 3433/112/638
f 3436/1399/639 3438/1400/640 3437/104/640 3435/110/639
f 3438/1400/640 3440/1356/641 3439/100/641 3437/104/640
f 3440/1356/641 3442/1401/642 3441/94/642 3439/100/641
f 3442/1401/642 3444/1402/643 3443/86/643 3441/94/642
f 3444/1402/643 3446/1403/644 3445/84/644 3443/86/643
f 3446/1403/644 3448/1357/645 3447/82/645 3445/84/644
f 3448/1357/645 3450/1404/646 3449/80/646 3447/82/645
f 3450/1404/646 3452/1405/291 3451/78/291 3449/80/646
f 3452/1405/291 3454/1406/647 3453/76/647 3451/78/291
f 3454/1406/647 3456/1358/648 3455/73/648 3453/76/647
f 3456/1358/648 3458/1407/649 3457/72/649 3455/73/648
f 3458/1407/649 3460/1408/650 3459/75/650 3457/72/649
f 3460/1408/650 3462/1409/651 3461/71/651 3459/75/650
f 3462/1409/651 3464/1359/652 3463/70/652 3461/71/651
f 3464/1359/652 3466/1410/653 3465/69/653 3463/70/652
f 3466/1410/653 3468/1411/654 3467/68/654 3465/69/653
f 3468/1411/654 3470/1412/655 3469/67/655 3467/68/654
f 3470/1412/655 3472/1360/656 3471/66/656 3469/67/655
f 3472/1360/656 3474/1413/657 3473/65/657 3471/66/656
f 3474/1413/657 3476/1414/658 3475/64/658 3473/65/657
f 3476/1414/658 3478/1415/659 3477/63/659 3475/64/658
f 3478/1415/659 3480/1361/660 3479/61/660 3477/63/659
f 3480/1361/660 3482/1035/661 3481/58/661 3479/61/660
f 3482/1035/661 3484/1416/662 3483/55/662 3481/58/661
f 3484/1416/662 3486/1417/663 3485/52/663 3483/55/662
f 3486/1417/663 3488/1362/664 3487/49/664 3485/52/663
f 3488/1362/664 3490/1418/665 3489/46/665 3487/49/664
f 3490/1418/665 3492/1419/666 3491/45/666 3489/46/665
f 3492/1419/666 3494/1420/667 3493/44/667 3491/45/666
f 3494/1420/667 3496/1363/668 3495/43/668 3493/44/667
f 3496/1363/668 3498/1421/669 3497/42/669 3495/43/668
f 3498/1421/669 3500/1422/670 3499/41/670 3497/42/669
f 3500/1422/670 3502/1423/671 3501/40/671 3499/41/670
f 3502/1423/671 3504/1364/672 3503/1/672 3501/40/671
f 3504/1364/672 3506/1424/673 3505/3/673 3503/1/672
f 3506/1424/673 3508/1425/674 3507/2/674 3505/3/673
f 3508/1425/674 3510/1426/675 3509/4/675 3507/2/674
f 3510/1426/675 3512/1365/676 3511/5/676 3509/4/675
f 3512/1365/676 3514/1427/677 3513/9/677 3511/5/676
f 3514/1427/677 3516/1428/678 3515/12/678 3513/9/677
f 3516/1428/678 3518/1429/679 3517/14/679 3515/12/678
f 3518/1429/679 3520/1366/680 3519/16/680 3517/14/679
f 3520/1366/680 3522/1430/681 3521/19/681 3519/16/680
f 3522/1430/681 3524/1431/682 3523/21/682 3521/19/681
f 3524/1431/682 3526/1432/683 3525/23/683 3523/21/682
f 3526/1432/683 3528/1367/684 3527/25/684 3525/23/683
f 3528/1367/684 3530/1433/685 3529/27/685 3527/25/684
f 3530/1433/685 3532/1434/686 3531/29/686 3529/27/685
f 3532/1434/686 3534/1435/687 3533/30/687 3531/29/686
f 3534/1435/687 3536/1368/688 3535/31/688 3533/30/687
f 3536/1368/688 3538/1436/689 3537/32/689 3535/31/688
f 3538/1436/689 3540/1437/690 3539/33/690 3537/32/689
f 3540/1437/690 3542/1438/691 3541/34/691 3539/33/690
f 3542/1438/691 3544/1369/692 3543/35/692 3541/34/691
f 3544/1369/692 3546/1439/693 3545/36/693 3543/35/692
f 3546/1439/693 3548/1440/694 3547/37/694 3545/36/693
f 3548/1440/694 3550/1441/695 3549/38/695 3547/37/694
f 3550/1441/695 3552/1370/696 3551/39/696 3549/38/695
f 3552/1370/696 3554/1442/697 3553/28/697 3551/39/696
f 3554/1442/697 3556/1036/698 3555/26/698 3553/28/697
f 3556/1036/698 3558/1443/698 3557/24/698 3555/26/698
f 3558/1443/698 3560/1371/698 3559/22/698 3557/24/698
f 3560/1371/698 3562/1444/698 3561/20/698 3559/22/698
f 3562/1444/698 3564/1445/698 3563/18/698 3561/20/698
f 3564/1445/698 3566/1446/698 3565/17/698 3563/18/698
f 3566/1446/698 3568/1372/698 3567/15/698 3565/17/698
f 3568/1372/698 3570/1447/698 3569/13/698 3567/15/698
f 3570/1447/698 3572/1448/698 3571/11/698 3569/13/698
f 3572/1448/698 3574/1449/698 3573/10/698 3571/11/698
f 3574/1449/698 3576/1373/698 3575/6/698 3573/10/698
f 3576/1373/698 3578/1450/699 3577/8/699 3575/6/698
f 3578/1450/699 3580/1451/700 3579/7/700 3577/8/699
f 3580/1451/700 3582/1452/701 3581/47/701 3579/7/700
f 3582/1452/701 3584/1374/702 3583/48/702 3581/47/701
f 3584/1374/702 3586/1453/703 3585/50/703 3583/48/702
f 3586/1453/703 3588/1454/704 3587/51/704 3585/50/703
f 3588/1454/704 3590/1455/705 3589/53/705 3587/51/704
f 3590/1455/705 3592/1375/706 3591/54/706 3589/53/705
f 3592/1375/706 3594/1456/707 3593/56/707 3591/54/706
f 3594/1456/707 3596/1457/708 3595/57/708 3593/56/707
f 3596/1457/708 3598/1458/709 3597/59/709 3595/57/708
f 3598/1458/709 3600/1376/710 3599/60/710 3597/59/709
f 3600/1376/710 3602/1459/711 3601/62/711 3599/60/710
f 3602/1459/711 3604/1460/712 3603/74/712 3601/62/711
f 3604/1460/712 3606/1461/713 3605/148/713 3603/74/712
f 3606/1461/713 3608/1377/714 3607/147/714 3605/148/713
f 3608/1377/714 3610/1462/715 3609/146/715 3607/147/714
f 3610/1462/715 3612/1463/716 3611/144/716 3609/146/715
f 3612/1463/716 3614/1464/717 3613/143/717 3611/144/716
f 3614/1464/717 3616/1378/718 3615/142/718 3613/143/717
f 3616/1378/718 3618/1465/719 3617/141/719 3615/142/718
f 3618/1465/719 3620/1466/720 3619/140/720 3617/141/719
f 3620/1466/720 3622/1467/721 3621/139/721 3619/140/720
f 3622/1467/721 3624/1379/722 3623/138/722 3621/139/721
f 3624/1379/722 3626/1468/723 3625/137/723 3623/138/722
f 3626/1468/723 3628/1469/724 3627/136/724 3625/137/723
f 3628/1469/724 3630/1037/725 3629/134/725 3627/136/724
f 3630/1037/725 3632/1380/725 3631/132/725 3629/134/725
f 3632/1380/725 3634/1470/725 3633/131/725 3631/132/725
f 3634/1470/725 3636/1471/725 3635/129/725 3633/131/725
f 3636/1471/725 3638/1472/725 3637/127/725 3635/129/725
f 3638/1472/725 3640/1381/725 3639/126/725 3637/127/725
f 3640/1381/725 3642/1473/725 3641/124/725 3639/126/725
f 3642/1473/725 3644/1474/725 3643/122/725 3641/124/725
f 3644/1474/725 3646/1475/725 3645/121/725 3643/122/725
f 3646/1475/725 3648/1382/725 3647/119/725 3645/121/725
f 3648/1382/725 3650/1476/725 3649/115/725 3647/119/725
f 3650/1476/725 3652/1477/726 3651/109/726 3649/115/725
f 3652/1477/726 3654/1478/727 3653/108/727 3651/109/726
f 3654/1478/727 3656/1383/728 3655/105/728 3653/108/727
f 3656/1383/728 3658/1479/729 3657/103/729 3655/105/728
f 3658/1479/729 3660/1480/730 3659/102/730 3657/103/729
f 3660/1480/730 3662/1481/731 3661/101/731 3659/102/730
f 3662/1481/731 3664/1384/732 3663/98/732 3661/101/731
f 3664/1384/732 3666/1482/733 3665/97/733 3663/98/732
f 3666/1482/733 3668/1483/734 3667/96/734 3665/97/733
f 3668/1483/734 3670/1484/735 3669/95/735 3667/96/734
f 3670/1484/735 3672/1385/736 3671/92/736 3669/95/735
f 3672/1385/736 3674/1485/737 3673/91/737 3671/92/736
f 3674/1485/737 3676/1486/738 3675/87/738 3673/91/737
f 3676/1486/738 3678/1487/739 3677/89/739 3675/87/738
f 3678/1487/739 3680/1386/740 3679/88/740 3677/89/739
f 3680/1386/740 3682/1488/741 3681/90/741 3679/88/740
f 3682/1488/741 3684/1489/742 3683/107/742 3681/90/741
f 3684/1489/742 3686/1490/743 3685/117/743 3683/107/742
f 3686/1490/743 3688/1387/744 3687/120/744 3685/117/743
f 3688/1387/744 3690/1491/745 3689/123/745 3687/120/744
f 3690/1491/745 3692/1492/746 3691/125/746 3689/123/745
f 3692/1492/746 3694/1493/747 3693/128/747 3691/125/746
f 3694/1493/747 3696/1388/748 3695/130/748 3693/128/747
f 3696/1388/748 3698/1494/749 3697/133/749 3695/130/748
f 3698/1494/749 3700/1495/750 3699/135/750 3697/133/749
f 3700/1495/750 3702/1496/751 3701/145/751 3699/135/750
f 3702/1496/751 3408/1038/625 3407/149/625 3701/145/751
f 3704/1034/6 3706/1833/7 3705/1834/7 3703/77/6
f 3706/1833/7 3708/1835/752 3707/1836/752 3705/1834/7
f 3708/1835/752 3710/1837/753 3709/1838/753 3707/1836/752
f 3710/1837/753 3712/1839/754 3711/1840/754 3709/1838/753
f 3712/1839/754 3714/1841/755 3713/1842/755 3711/1840/754
f 3714/1841/755 3716/1843/756 3715/1844/756 3713/1842/755
f 3716/1843/756 3718/1845/757 3717/1846/757 3715/1844/756
f 3718/1845/757 3720/1847/758 3719/1848/758 3717/1846/757
f 3720/1847/758 3722/1849/759 3721/1850/759 3719/1848/758
f 3722/1849/759 3724/1851/760 3723/1852/760 3721/1850/759
f 3724/1851/760 3726/1853/761 3725/1854/761 3723/1852/760
f 3726/1853/761 3728/1855/762 3727/1856/762 3725/1854/761
f 3728/1855/762 3730/1857/763 3729/1858/763 3727/1856/762
f 3730/1857/763 3732/1859/764 3731/1860/764 3729/1858/763
f 3732/1859/764 3734/1861/765 3733/1862/765 3731/1860/764
f 3734/1861/765 3736/1863/766 3735/1864/766 3733/1862/765
f 3736/1863/766 3738/1865/767 3737/1866/767 3735/1864/766
f 3738/1865/767 3740/1867/768 3739/1868/768 3737/1866/767
f 3740/1867/768 3742/1869/769 3741/1870/769 3739/1868/768
f 3742/1869/769 3744/1871/770 3743/1872/770 3741/1870/769
f 3744/1871/770 3746/1873/771 3745/1874/771 3743/1872/770
f 3746/1873/771 3748/1875/772 3747/1876/772 3745/1874/771
f 3748/1875/772 3750/1877/773 3749/1878/773 3747/1876/772
f 3750/1877/773 3752/1879/774 3751/1880/774 3749/1878/773
f 3752/1879/774 3754/1881/775 3753/1882/775 3751/1880/774
f 3754/1881/775 3756/1883/776 3755/1884/776 3753/1882/775
f 3756/1883/776 3758/1885/777 3757/1886/777 3755/1884/776
f 3758/1885/777 3760/1887/778 3759/1888/778 3757/1886/777
f 3760/1887/778 3762/1889/779 3761/1890/779 3759/1888/778
f 3762/1889/779 3764/1891/780 3763/1892/780 3761/1890/779
f 3764/1891/780 3766/1893/781 3765/1894/781 3763/1892/780
f 3766/1893/781 3768/1895/782 3767/1896/782 3765/1894/781
f 3768/1895/782 3770/1897/783 3769/1898/783 3767/1896/782
f 3770/1897/783 3772/1899/784 3771/1900/784 3769/1898/783
f 3772/1899/784 3774/1901/785 3773/1902/785 3771/1900/784
f 3774/1901/785 3776/1903/786 3775/1904/786 3773/1902/785
f 3776/1903/786 3778/1905/787 3777/1906/787 3775/1904/786
f 3778/1905/787 3780/1907/788 3779/1908/788 3777/1906/787
f 3780/1907/788 3782/1909/789 3781/1910/789 3779/1908/788
f 3782/1909/789 3784/1911/790 3783/1912/790 3781/1910/789
f 3784/1911/790 3786/1913/791 3785/1914/791 3783/1912/790
f 3786/1913/791 3788/1915/792 3787/1916/792 3785/1914/791
f 3788/1915/792 3790/1917/793 3789/1918/793 3787/1916/792
f 3790/1917/793 3792/1919/794 3791/1920/794 3789/1918/793
f 3792/1919/794 3794/1921/795 3793/1922/795 3791/1920/794
f 3794/1921/795 3796/1923/796 3795/1924/796 3793/1922/795
f 3796/1923/796 3798/1036/797 3797/26/797 3795/1924/796
f 3798/1036/797 3800/1925/798 3799/1926/798 3797/26/797
f 3800/1925/798 3802/1927/799 3801/1928/799 3799/1926/798
f 3802/1927/799 3804/1929/800 3803/1930/800 3801/1928/799
f 3804/1929/800 3806/1931/801 3805/1932/801 3803/1930/800
f 3806/1931/801 3808/1933/802 3807/1934/802 3805/1932/801
f 3808/1933/802 3810/1935/803 3809/1936/803 3807/1934/802
f 3810/1935/803 3812/1937/804 3811/1938/804 3809/1936/803
f 3812/1937/804 3814/1939/805 3813/1940/805 3811/1938/804
f 3814/1939/805 3816/1941/806 3815/1942/806 3813/1940/805
f 3816/1941/806 3818/1943/807 3817/1944/807 3815/1942/806
f 3818/1943/807 3820/1945/808 3819/1946/808 3817/1944/807
f 3820/1945/808 3822/1947/809 3821/1948/809 3819/1946/808
f 3822/1947/809 3824/1949/810 3823/1950/810 3821/1948/809
f 3824/1949/810 3826/1951/811 3825/1952/811 3823/1950/810
f 3826/1951/811 3828/1953/812 3827/1954/812 3825/1952/811
f 3828/1953/812 3830/1955/813 3829/1956/813 3827/1954/812
f 3830/1955/813 3832/1957/814 3831/1958/814 3829/1956/813
f 3832/1957/814 3834/1959/815 3833/1960/815 3831/1958/814
f 3834/1959/815 3836/1961/816 3835/1962/816 3833/1960/815
f 3836/1961/816 3838/1963/816 3837/1964/816 3835/1962/816
f 3838/1963/816 3840/1965/817 3839/1966/817 3837/1964/816
f 3840/1965/817 3842/1967/818 3841/1968/818 3839/1966/817
f 3842/1967/818 3844/1969/819 3843/1970/819 3841/1968/818
f 3844/1969/819 3846/1971/820 3845/1972/820 3843/1970/819
f 3846/1971/820 3848/1973/821 3847/1974/821 3845/1972/820
f 3848/1973/821 3850/1975/822 3849/1976/822 3847/1974/821
f 3850/1975/822 3852/1977/823 3851/1978/823 3849/1976/822
f 3852/1977/823 3854/1979/824 3853/1980/824 3851/1978/823
f 3854/1979/824 3856/1981/825 3855/1982/825 3853/1980/824
f 3856/1981/825 3858/1983/826 3857/1984/826 3855/1982/825
f 3858/1983/826 3860/1985/827 3859/1986/827 3857/1984/826
f 3860/1985/827 3862/1987/828 3861/1988/828 3859/1986/827
f 3862/1987/828 3864/1989/829 3863/1990/829 3861/1988/828
f 3864/1989/829 3866/1991/830 3865/1992/830 3863/1990/829
f 3866/1991/830 3868/1993/831 3867/1994/831 3865/1992/830
f 3868/1993/831 3870/1995/832 3869/1996/832 3867/1994/831
f 3870/1995/832 3872/1997/833 3871/1998/833 3869/1996/832
f 3872/1997/833 3874/1999/834 3873/2000/834 3871/1998/833
f 3874/1999/834 3876/2001/835 3875/2002/835 3873/2000/834
f 3876/2001/835 3878/2003/836 3877/2004/836 3875/2002/835
f 3878/2003/836 3880/2005/837 3879/2006/837 3877/2004/836
f 3880/2005/837 3882/2007/838 3881/2008/838 3879/2006/837
f 3882/2007/838 3884/2009/839 3883/2010/839 3881/2008/838
f 3884/2009/839 3886/2011/840 3885/2012/840 3883/2010/839
f 3886/2011/840 3888/2013/841 3887/2014/841 3885/2012/840
f 3888/2013/841 3890/2015/842 3889/2016/842 3887/2014/841
f 3890/2015/842 3704/1038/6 3703/149/6 3889/2016/842
f 3892/1034/843 3894/2017/844 3893/2018/844 3891/77/843
f 3894/2017/844 3896/2019/845 3895/2020/845 3893/2018/844
f 3896/2019/845 3898/2021/846 3897/2022/846 3895/2020/845
f 3898/2021/846 3900/2023/847 3899/2024/847 3897/2022/846
f 3900/2023/847 3902/2025/848 3901/2026/848 3899/2024/847
f 3902/2025/848 3904/2027/849 3903/2028/849 3901/2026/848
f 3904/2027/849 3906/2029/850 3905/2030/850 3903/2028/849
f 3906/2029/850 3908/2031/851 3907/2032/851 3905/2030/850
f 3908/2031/851 3910/2033/664 3909/2034/664 3907/2032/851
f 3910/2033/664 3912/2035/852 3911/2036/852 3909/2034/664
f 3912/2035/852 3914/2037/853 3913/2038/853 3911/2036/852
f 3914/2037/853 3916/2039/854 3915/2040/854 3913/2038/853
f 3916/2039/854 3918/2041/855 3917/2042/855 3915/2040/854
f 3918/2041/855 3920/2043/856 3919/2044/856 3917/2042/855
f 3920/2043/856 3922/2045/857 3921/2046/857 3919/2044/856
f 3922/2045/857 3924/2047/858 3923/2048/858 3921/2046/857
f 3924/2047/858 3926/2049/859 3925/2050/859 3923/2048/858
f 3926/2049/859 3928/2051/860 3927/2052/860 3925/2050/859
f 3928/2051/860 3930/2053/861 3929/2054/861 3927/2052/860
f 3930/2053/861 3932/2055/862 3931/2056/862 3929/2054/861
f 3932/2055/862 3934/2057/863 3933/2058/863 3931/2056/862
f 3934/2057/863 3936/2059/864 3935/2060/864 3933/2058/863
f 3936/2059/864 3938/2061/865 3937/2062/865 3935/2060/864
f 3938/2061/865 3940/2063/866 3939/2064/866 3937/2062/865
f 3940/2063/866 3942/2065/698 3941/2066/698 3939/2064/866
f 3942/2065/698 3944/2067/698 3943/2068/698 3941/2066/698
f 3944/2067/698 3946/2069/698 3945/2070/698 3943/2068/698
f 3946/2069/698 3948/2071/698 3947/2072/698 3945/2070/698
f 3948/2071/698 3950/2073/698 3949/2074/698 3947/2072/698
f 3950/2073/698 3952/2075/698 3951/2076/698 3949/2074/698
f 3952/2075/698 3954/2077/698 3953/2078/698 3951/2076/698
f 3954/2077/698 3956/2079/698 3955/2080/698 3953/2078/698
f 3956/2079/698 3958/1125/698 3957/172/698 3955/2080/698
f 3958/1125/698 3960/2081/698 3959/2082/698 3957/172/698
f 3960/2081/698 3962/2083/698 3961/2084/698 3959/2082/698
f 3962/2083/698 3964/2085/867 3963/2086/867 3961/2084/698
f 3964/2085/867 3966/2087/868 3965/2088/868 3963/2086/867
f 3966/2087/868 3968/2089/869 3967/2090/869 3965/2088/868
f 3968/2089/869 3970/2091/870 3969/2092/870 3967/2090/869
f 3970/2091/870 3972/2093/871 3971/2094/871 3969/2092/870
f 3972/2093/871 3974/2095/872 3973/2096/872 3971/2094/871
f 3974/2095/872 3976/2097/873 3975/2098/873 3973/2096/872
f 3976/2097/873 3978/2099/874 3977/2100/874 3975/2098/873
f 3978/2099/874 3980/2101/875 3979/2102/875 3977/2100/874
f 3980/2101/875 3982/2103/876 3981/2104/876 3979/2102/875
f 3982/2103/876 3984/2105/877 3983/2106/877 3981/2104/876
f 3984/2105/877 3986/2107/878 3985/2108/878 3983/2106/877
f 3986/2107/878 3988/2109/879 3987/2110/879 3985/2108/878
f 3988/2109/879 3990/2111/880 3989/2112/880 3987/2110/879
f 3990/2111/880 3992/2113/881 3991/2114/881 3989/2112/880
f 3992/2113/881 3994/2115/882 3993/2116/882 3991/2114/881
f 3994/2115/882 3996/2117/883 3995/2118/883 3993/2116/882
f 3996/2117/883 3998/2119/884 3997/2120/884 3995/2118/883
f 3998/2119/884 4000/2121/885 3999/2122/885 3997/2120/884
f 4000/2121/885 4002/2123/886 4001/2124/886 3999/2122/885
f 4002/2123/886 4004/2125/887 4003/2126/887 4001/2124/886
f 4004/2125/887 4006/2127/888 4005/2128/888 4003/2126/887
f 4006/2127/888 4008/2129/889 4007/2130/889 4005/2128/888
f 4008/2129/889 4010/2131/890 4009/2132/890 4007/2130/889
f 4010/2131/890 4012/2133/891 4011/2134/891 4009/2132/890
f 4012/2133/891 4014/2135/892 4013/2136/892 4011/2134/891
f 4014/2135/892 4016/2137/725 4015/2138/725 4013/2136/892
f 4016/2137/725 4018/2139/725 4017/2140/725 4015/2138/725
f 4018/2139/725 4020/2141/725 4019/2142/725 4017/2140/725
f 4020/2141/725 4022/2143/725 4021/2144/725 4019/2142/725
f 4022/2143/725 4024/1190/725 4023/238/725 4021/2144/725
f 4024/1190/725 4026/2145/725 4025/2146/725 4023/238/725
f 4026/2145/725 4028/2147/725 4027/2148/725 4025/2146/725
f 4028/2147/725 4030/2149/725 4029/2150/725 4027/2148/725
f 4030/2149/725 4032/2151/725 4031/2152/725 4029/2150/725
f 4032/2151/725 4034/2153/725 4033/2154/725 4031/2152/725
f 4034/2153/725 4036/2155/725 4035/2156/725 4033/2154/725
f 4036/2155/725 4038/2157/893 4037/2158/893 4035/2156/725
f 4038/2157/893 4040/2159/894 4039/2160/894 4037/2158/893
f 4040/2159/894 4042/2161/895 4041/2162/895 4039/2160/894
f 4042/2161/895 4044/2163/896 4043/2164/896 4041/2162/895
f 4044/2163/896 4046/2165/897 4045/2166/897 4043/2164/896
f 4046/2165/897 4048/2167/898 4047/2168/898 4045/2166/897
f 4048/2167/898 4050/2169/899 4049/2170/899 4047/2168/898
f 4050/2169/899 4052/2171/900 4051/2172/900 4049/2170/899
f 4052/2171/900 4054/2173/901 4053/2174/901 4051/2172/900
f 4054/2173/901 4056/2175/902 4055/2176/902 4053/2174/901
f 4056/2175/902 4058/2177/903 4057/2178/903 4055/2176/902
f 4058/2177/903 4060/2179/904 4059/2180/904 4057/2178/903
f 4060/2179/904 4062/2181/905 4061/2182/905 4059/2180/904
f 4062/2181/905 4064/2183/906 4063/2184/906 4061/2182/905
f 4064/2183/906 4066/2185/907 4065/2186/907 4063/2184/906
f 4066/2185/907 4068/2187/908 4067/2188/908 4065/2186/907
f 4068/2187/908 4070/2189/909 4069/2190/909 4067/2188/908
f 4070/2189/909 4072/2191/910 4071/2192/910 4069/2190/909
f 4072/2191/910 4074/2193/911 4073/2194/911 4071/2192/910
f 4074/2193/911 4076/2195/912 4075/2196/912 4073/2194/911
f 4076/2195/912 4078/2197/913 4077/2198/913 4075/2196/912
f 4078/2197/913 4080/2199/914 4079/2200/914 4077/2198/913
f 4080/2199/914 4082/2201/915 4081/2202/915 4079/2200/914
f 4082/2201/915 4084/2203/916 4083/2204/916 4081/2202/915
f 4084/2203/916 4086/2205/917 4085/2206/917 4083/2204/916
f 4086/2205/917 4088/2207/918 4087/2208/918 4085/2206/917
f 4088/2207/918 3892/1038/843 3891/149/843 4087/2208/918
f 4090/1034/919 4092/2209/920 4091/2210/920 4089/77/919
f 4092/2209/920 4094/1257/921 4093/1258/921 4091/2210/920
f 4094/1257/921 4096/2211/922 4095/2212/922 4093/1258/921
f 4096/2211/922 4098/1259/923 4097/1260/923 4095/2212/922
f 4098/1259/923 4100/2213/924 4099/2214/924 4097/1260/923
f 4100/2213/924 4102/1261/925 4101/1262/925 4099/2214/924
f 4102/1261/925 4104/2215/926 4103/2216/926 4101/1262/925
f 4104/2215/926 4106/1263/927 4105/1264/927 4103/2216/926
f 4106/1263/927 4108/2217/928 4107/2218/928 4105/1264/927
f 4108/2217/928 4110/1265/929 4109/1266/929 4107/2218/928
f 4110/1265/929 4112/2219/930 4111/2220/930 4109/1266/929
f 4112/2219/930 4114/1267/931 4113/1268/931 4111/2220/930
f 4114/1267/931 4116/2221/932 4115/2222/932 4113/1268/931
f 4116/2221/932 4118/1269/933 4117/1270/933 4115/2222/932
f 4118/1269/933 4120/2223/934 4119/2224/934 4117/1270/933
f 4120/2223/934 4122/1271/935 4121/1272/935 4119/2224/934
f 4122/1271/935 4124/2225/936 4123/2226/936 4121/1272/935
f 4124/2225/936 4126/1273/937 4125/1274/937 4123/2226/936
f 4126/1273/937 4128/2227/938 4127/2228/938 4125/1274/937
f 4128/2227/938 4130/1275/939 4129/1276/939 4127/2228/938
f 4130/1275/939 4132/2229/940 4131/2230/940 4129/1276/939
f 4132/2229/940 4134/1277/941 4133/1278/941 4131/2230/940
f 4134/1277/941 4136/2231/942 4135/2232/942 4133/1278/941
f 4136/2231/942 4138/1279/943 4137/1280/943 4135/2232/942
f 4138/1279/943 4140/1036/944 4139/26/944 4137/1280/943
f 4140/1036/944 4142/1281/945 4141/1282/945 4139/26/944
f 4142/1281/945 4144/2233/946 4143/2234/946 4141/1282/945
f 4144/2233/946 4146/1283/947 4145/1284/947 4143/2234/946
f 4146/1283/947 4148/2235/948 4147/2236/948 4145/1284/947
f 4148/2235/948 4150/1285/949 4149/1286/949 4147/2236/948
f 4150/1285/949 4152/2237/950 4151/2238/950 4149/1286/949
f 4152/2237/950 4154/1287/951 4153/1288/951 4151/2238/950
f 4154/1287/951 4156/2239/952 4155/2240/952 4153/1288/951
f 4156/2239/952 4158/1289/953 4157/1290/953 4155/2240/952
f 4158/1289/953 4160/2241/954 4159/2242/954 4157/1290/953
f 4160/2241/954 4162/1291/955 4161/1292/955 4159/2242/954
f 4162/1291/955 4164/2243/956 4163/2244/956 4161/1292/955
f 4164/2243/956 4166/1293/957 4165/1294/957 4163/2244/956
f 4166/1293/957 4168/2245/958 4167/2246/958 4165/1294/957
f 4168/2245/958 4170/1295/959 4169/1296/959 4167/2246/958
f 4170/1295/959 4172/2247/960 4171/2248/960 4169/1296/959
f 4172/2247/960 4174/1297/961 4173/1298/961 4171/2248/960
f 4174/1297/961 4176/2249/962 4175/2250/962 4173/1298/961
f 4176/2249/962 4178/1299/963 4177/1300/963 4175/2250/962
f 4178/1299/963 4180/2251/964 4179/2252/964 4177/1300/963
f 4180/2251/964 4182/1301/965 4181/1302/965 4179/2252/964
f 4182/1301/965 4184/2253/966 4183/2254/966 4181/1302/965
f 4184/2253/966 4186/1303/967 4185/1304/967 4183/2254/966
f 4186/1303/967 4188/2255/968 4187/2256/968 4185/1304/967
f 4188/2255/968 4090/1038/919 4089/149/919 4187/2256/968
