# Blender 4.1.1
# www.blender.org
mtllib stage_3_Cube.mtl
o 立方体
v -1.181049 -0.794871 1.000000
v -1.181049 1.205129 1.000000
v -1.181049 -0.794871 -1.000000
v -1.181049 1.205129 -1.000000
v 0.818951 -0.794871 1.000000
v 0.818951 1.205129 1.000000
v 0.818951 -0.794871 -1.000000
v 0.818951 1.205129 -1.000000
v 1.075239 -0.120660 -0.461253
v 1.076873 -0.118787 -0.428855
v 1.078261 -0.113257 -0.398649
v 1.079400 -0.104202 -0.370753
v 1.080289 -0.091753 -0.345284
v 1.080926 -0.076042 -0.322361
v 1.081311 -0.057201 -0.302102
v 1.081442 -0.035362 -0.284626
v 1.081317 -0.010657 -0.270049
v 1.080935 0.016782 -0.258491
v 1.080295 0.046824 -0.250070
v 1.079394 0.079337 -0.244903
v 1.078232 0.114188 -0.243110
v 1.076993 0.145864 -0.244953
v 1.075624 0.175805 -0.250478
v 1.074140 0.203817 -0.259496
v 1.072560 0.229706 -0.271814
v 1.070899 0.253276 -0.287245
v 1.069176 0.274334 -0.305596
v 1.067407 0.292686 -0.326677
v 1.065609 0.308136 -0.350299
v 1.063800 0.320492 -0.376270
v 1.061995 0.329558 -0.404401
v 1.060213 0.335140 -0.434501
v 1.058469 0.337044 -0.466380
v 1.058082 0.336938 -0.473834
v 1.057704 0.336613 -0.481240
v 1.057336 0.336060 -0.488633
v 1.056975 0.335267 -0.496046
v 1.056620 0.334224 -0.503516
v 1.056270 0.332921 -0.511076
v 1.055923 0.331348 -0.518762
v 1.055578 0.329493 -0.526608
v 1.055233 0.327347 -0.534648
v 1.054886 0.324899 -0.542918
v 1.054538 0.322138 -0.551452
v 1.054185 0.319055 -0.560285
v 1.045491 0.560899 -0.559828
v 1.040822 0.560899 -0.648706
v 1.065324 -0.120660 -0.649993
v 1.057307 0.242960 -0.553076
v 1.057588 0.245529 -0.545962
v 1.057869 0.247820 -0.539042
v 1.058152 0.249841 -0.532269
v 1.058439 0.251598 -0.525593
v 1.058733 0.253098 -0.518966
v 1.059036 0.254348 -0.512340
v 1.059350 0.255356 -0.505666
v 1.059678 0.256127 -0.498895
v 1.060022 0.256670 -0.491978
v 1.060384 0.256990 -0.484868
v 1.060766 0.257095 -0.477516
v 1.061909 0.255822 -0.456648
v 1.063073 0.252071 -0.437053
v 1.064251 0.245946 -0.418837
v 1.065433 0.237553 -0.402101
v 1.066609 0.226993 -0.386951
v 1.067771 0.214373 -0.373490
v 1.068910 0.199796 -0.361822
v 1.070015 0.183365 -0.352051
v 1.071079 0.165186 -0.344280
v 1.072091 0.145362 -0.338613
v 1.073043 0.123998 -0.335155
v 1.073925 0.101196 -0.334009
v 1.074625 0.080672 -0.334775
v 1.075207 0.061167 -0.337076
v 1.075660 0.042828 -0.341031
v 1.075973 0.025801 -0.346763
v 1.076134 0.010231 -0.354393
v 1.076130 -0.003736 -0.364041
v 1.075952 -0.015953 -0.375828
v 1.075586 -0.026277 -0.389876
v 1.075021 -0.034559 -0.406306
v 1.074247 -0.040656 -0.425239
v 1.073250 -0.044421 -0.446796
v 1.072020 -0.045708 -0.471098
v 1.067298 -0.045708 -0.560974
v 1.057023 0.240106 -0.560434
v 1.089038 0.225116 0.038712
v 1.088933 0.225116 0.036714
v 1.087669 0.243903 0.025557
v 1.086477 0.260820 0.014475
v 1.085355 0.275911 0.003466
v 1.084300 0.289223 -0.007474
v 1.083312 0.300799 -0.018347
v 1.082387 0.310686 -0.029158
v 1.081526 0.318927 -0.039909
v 1.080724 0.325570 -0.050605
v 1.079982 0.330657 -0.061248
v 1.079296 0.334235 -0.071842
v 1.078666 0.336349 -0.082390
v 1.078089 0.337044 -0.092895
v 1.077632 0.336689 -0.101845
v 1.077203 0.335623 -0.110730
v 1.076803 0.333843 -0.119568
v 1.076431 0.331344 -0.128376
v 1.076085 0.328123 -0.137171
v 1.075765 0.324177 -0.145971
v 1.075470 0.319502 -0.154794
v 1.075199 0.314096 -0.163656
v 1.074952 0.307953 -0.172575
v 1.074728 0.301072 -0.181568
v 1.074525 0.293447 -0.190652
v 1.074344 0.285077 -0.199846
v 1.079576 0.208127 -0.153056
v 1.079711 0.214451 -0.146150
v 1.079872 0.220406 -0.138988
v 1.080058 0.225959 -0.131646
v 1.080265 0.231075 -0.124201
v 1.080490 0.235719 -0.116729
v 1.080731 0.239857 -0.109306
v 1.080984 0.243453 -0.102010
v 1.081248 0.246473 -0.094916
v 1.081519 0.248882 -0.088100
v 1.081795 0.250646 -0.081639
v 1.082073 0.251730 -0.075609
v 1.082349 0.252099 -0.070087
v 1.083179 0.250855 -0.055151
v 1.084059 0.247227 -0.040882
v 1.084979 0.241371 -0.027401
v 1.085925 0.233444 -0.014828
v 1.086886 0.223601 -0.003286
v 1.087850 0.212000 0.007105
v 1.088805 0.198795 0.016225
v 1.089739 0.184143 0.023951
v 1.090640 0.168200 0.030163
v 1.091496 0.151122 0.034739
v 1.092295 0.133066 0.037559
v 1.093025 0.114188 0.038502
v 1.101468 -0.120660 0.038059
v 1.106137 -0.120660 0.126936
v 1.090006 0.328049 0.127783
v 1.085337 0.328049 0.038906
v 1.107246 0.545680 0.605320
v 1.106557 0.549998 0.595161
v 1.105883 0.553872 0.584986
v 1.105221 0.557308 0.574749
v 1.104569 0.560314 0.564400
v 1.103924 0.562897 0.553890
v 1.103283 0.565064 0.543172
v 1.102643 0.566821 0.532196
v 1.102001 0.568175 0.520914
v 1.101355 0.569134 0.509278
v 1.100702 0.569704 0.497239
v 1.100039 0.569893 0.484749
v 1.098539 0.568454 0.455203
v 1.097240 0.564211 0.427567
v 1.096146 0.557276 0.401964
v 1.095257 0.547759 0.378520
v 1.094578 0.535771 0.357360
v 1.094110 0.521424 0.338609
v 1.093856 0.504828 0.322391
v 1.093819 0.486095 0.308833
v 1.094002 0.465335 0.298058
v 1.094406 0.442660 0.290193
v 1.095034 0.418181 0.285362
v 1.095890 0.392008 0.283689
v 1.096576 0.373693 0.284182
v 1.097273 0.356670 0.285759
v 1.097985 0.340854 0.288461
v 1.098718 0.326162 0.292331
v 1.099477 0.312511 0.297409
v 1.100267 0.299818 0.303737
v 1.101093 0.287999 0.311357
v 1.101961 0.276971 0.320310
v 1.102875 0.266652 0.330638
v 1.103842 0.256957 0.342381
v 1.104865 0.247803 0.355582
v 1.105951 0.239107 0.370281
v 1.105325 0.232849 0.354078
v 1.104850 0.224686 0.339426
v 1.104517 0.214795 0.326296
v 1.104318 0.203352 0.314660
v 1.104246 0.190536 0.304493
v 1.104293 0.176523 0.295765
v 1.104450 0.161489 0.288451
v 1.104711 0.145612 0.282521
v 1.105067 0.129069 0.277950
v 1.105511 0.112037 0.274709
v 1.106035 0.094692 0.272772
v 1.106630 0.077212 0.272110
v 1.107793 0.047530 0.273876
v 1.109079 0.019555 0.279167
v 1.110474 -0.006546 0.287805
v 1.111962 -0.030607 0.299609
v 1.113526 -0.052461 0.314399
v 1.115153 -0.071941 0.331995
v 1.116826 -0.088882 0.352218
v 1.118530 -0.103116 0.374887
v 1.120249 -0.114476 0.399822
v 1.121969 -0.122797 0.426843
v 1.123673 -0.127912 0.455770
v 1.125346 -0.129654 0.486423
v 1.125954 -0.129364 0.498198
v 1.126545 -0.128502 0.510050
v 1.127120 -0.127078 0.521973
v 1.127679 -0.125101 0.533959
v 1.128221 -0.122584 0.546002
v 1.128746 -0.119536 0.558094
v 1.129255 -0.115967 0.570228
v 1.129747 -0.111888 0.582399
v 1.130223 -0.107309 0.594598
v 1.130682 -0.102241 0.606819
v 1.131125 -0.096695 0.619054
v 1.131551 -0.090679 0.631297
v 1.127743 0.015252 0.631497
v 1.127364 0.006882 0.618540
v 1.126962 -0.000742 0.605660
v 1.126537 -0.007624 0.592851
v 1.126089 -0.013766 0.580106
v 1.125618 -0.019173 0.567418
v 1.125122 -0.023848 0.554779
v 1.124603 -0.027794 0.542184
v 1.124059 -0.031014 0.529624
v 1.123491 -0.033513 0.517094
v 1.122898 -0.035294 0.504586
v 1.122280 -0.036360 0.492093
v 1.121637 -0.036714 0.479609
v 1.120754 -0.035831 0.463394
v 1.119864 -0.033226 0.448246
v 1.118975 -0.028969 0.434233
v 1.118091 -0.023130 0.421418
v 1.117219 -0.015779 0.409869
v 1.116365 -0.006984 0.399650
v 1.115535 0.003186 0.390828
v 1.114735 0.014660 0.383468
v 1.113970 0.027369 0.377636
v 1.113248 0.041244 0.373398
v 1.112572 0.056216 0.370819
v 1.111951 0.072215 0.369966
v 1.111415 0.088618 0.371016
v 1.111013 0.104250 0.374099
v 1.110751 0.118966 0.379213
v 1.110634 0.132621 0.386354
v 1.110667 0.145067 0.395517
v 1.110854 0.156161 0.406699
v 1.111202 0.165755 0.419896
v 1.111714 0.173705 0.435105
v 1.112396 0.179864 0.452321
v 1.113254 0.184087 0.471542
v 1.114291 0.186228 0.492763
v 1.115514 0.186141 0.515980
v 1.112281 0.276083 0.516150
v 1.111122 0.276847 0.494618
v 1.110008 0.279109 0.474962
v 1.108940 0.282829 0.457181
v 1.107919 0.287964 0.441275
v 1.106947 0.294474 0.427245
v 1.106026 0.302316 0.415089
v 1.105157 0.311449 0.404808
v 1.104341 0.321831 0.396401
v 1.103580 0.333421 0.389870
v 1.102876 0.346177 0.385213
v 1.102229 0.360056 0.382430
v 1.101642 0.375019 0.381522
v 1.101144 0.390250 0.382497
v 1.100781 0.404430 0.385314
v 1.100551 0.417507 0.389904
v 1.100451 0.429428 0.396198
v 1.100482 0.440142 0.404126
v 1.100640 0.449596 0.413619
v 1.100923 0.457738 0.424608
v 1.101331 0.464517 0.437023
v 1.101861 0.469879 0.450794
v 1.102512 0.473775 0.465852
v 1.103281 0.476150 0.482128
v 1.104168 0.476953 0.499553
v 1.104654 0.476784 0.508697
v 1.105146 0.476264 0.517702
v 1.105647 0.475376 0.526637
v 1.106162 0.474103 0.535572
v 1.106696 0.472428 0.544574
v 1.107252 0.470332 0.553715
v 1.107834 0.467800 0.563063
v 1.108447 0.464813 0.572688
v 1.109096 0.461354 0.582658
v 1.109784 0.457405 0.593044
v 1.110515 0.452951 0.603914
v 1.111295 0.447972 0.615338
v 1.107953 0.540912 0.615514
v -1.464811 -0.212228 -0.327820
v -1.463177 -0.210355 -0.295423
v -1.461789 -0.204825 -0.265217
v -1.460650 -0.195770 -0.237320
v -1.459761 -0.183321 -0.211851
v -1.459124 -0.167610 -0.188929
v -1.458739 -0.148769 -0.168670
v -1.458608 -0.126930 -0.151193
v -1.458733 -0.102225 -0.136617
v -1.459115 -0.074786 -0.125059
v -1.459755 -0.044744 -0.116637
v -1.460656 -0.012231 -0.111471
v -1.461818 0.022620 -0.109677
v -1.463057 0.054296 -0.111520
v -1.464426 0.084238 -0.117046
v -1.465910 0.112249 -0.126063
v -1.467490 0.138138 -0.138382
v -1.469151 0.161708 -0.153812
v -1.470874 0.182766 -0.172163
v -1.472643 0.201118 -0.193244
v -1.474441 0.216569 -0.216866
v -1.476250 0.228924 -0.242838
v -1.478055 0.237990 -0.270969
v -1.479837 0.243572 -0.301069
v -1.481581 0.245476 -0.332948
v -1.481968 0.245370 -0.340402
v -1.482346 0.245045 -0.347808
v -1.482714 0.244492 -0.355200
v -1.483075 0.243699 -0.362614
v -1.483430 0.242656 -0.370084
v -1.483780 0.241353 -0.377644
v -1.484127 0.239780 -0.385329
v -1.484472 0.237925 -0.393175
v -1.484817 0.235779 -0.401216
v -1.485164 0.233331 -0.409485
v -1.485512 0.230570 -0.418019
v -1.485865 0.227487 -0.426852
v -1.494560 0.469331 -0.426395
v -1.499228 0.469331 -0.515273
v -1.474726 -0.212228 -0.516560
v -1.482743 0.151392 -0.419644
v -1.482462 0.153961 -0.412529
v -1.482181 0.156252 -0.405610
v -1.481898 0.158273 -0.398836
v -1.481611 0.160030 -0.392161
v -1.481317 0.161530 -0.385534
v -1.481014 0.162780 -0.378907
v -1.480700 0.163788 -0.372233
v -1.480372 0.164559 -0.365462
v -1.480028 0.165102 -0.358546
v -1.479666 0.165422 -0.351436
v -1.479284 0.165527 -0.344084
v -1.478141 0.164254 -0.323215
v -1.476977 0.160503 -0.303621
v -1.475799 0.154378 -0.285404
v -1.474617 0.145985 -0.268669
v -1.473441 0.135425 -0.253519
v -1.472279 0.122805 -0.240058
v -1.471140 0.108228 -0.228390
v -1.470035 0.091798 -0.218618
v -1.468971 0.073618 -0.210847
v -1.467959 0.053794 -0.205181
v -1.467007 0.032430 -0.201723
v -1.466125 0.009628 -0.200576
v -1.465425 -0.010896 -0.201342
v -1.464843 -0.030401 -0.203643
v -1.464390 -0.048740 -0.207599
v -1.464077 -0.065767 -0.213331
v -1.463916 -0.081337 -0.220960
v -1.463920 -0.095304 -0.230608
v -1.464098 -0.107521 -0.242396
v -1.464464 -0.117844 -0.256444
v -1.465029 -0.126127 -0.272874
v -1.465804 -0.132224 -0.291807
v -1.466800 -0.135989 -0.313363
v -1.468030 -0.137276 -0.337665
v -1.472752 -0.137276 -0.427541
v -1.483027 0.148539 -0.427001
v -1.451012 0.133548 0.172144
v -1.451117 0.133548 0.170147
v -1.452381 0.152335 0.158989
v -1.453573 0.169252 0.147907
v -1.454695 0.184343 0.136898
v -1.455750 0.197655 0.125959
v -1.456738 0.209231 0.115085
v -1.457663 0.219118 0.104275
v -1.458524 0.227360 0.093523
v -1.459326 0.234002 0.082828
v -1.460068 0.239089 0.072185
v -1.460754 0.242667 0.061591
v -1.461384 0.244781 0.051043
v -1.461961 0.245476 0.040537
v -1.462418 0.245121 0.031588
v -1.462847 0.244055 0.022703
v -1.463247 0.242275 0.013865
v -1.463619 0.239776 0.005057
v -1.463965 0.236555 -0.003738
v -1.464285 0.232609 -0.012539
v -1.464580 0.227934 -0.021361
v -1.464851 0.222528 -0.030223
v -1.465098 0.216385 -0.039142
v -1.465322 0.209504 -0.048135
v -1.465525 0.201880 -0.057220
v -1.465706 0.193509 -0.066413
v -1.460474 0.116559 -0.019623
v -1.460339 0.122883 -0.012717
v -1.460178 0.128838 -0.005555
v -1.459992 0.134391 0.001787
v -1.459785 0.139507 0.009232
v -1.459560 0.144151 0.016704
v -1.459319 0.148289 0.024126
v -1.459066 0.151885 0.031423
v -1.458802 0.154905 0.038517
v -1.458531 0.157314 0.045333
v -1.458255 0.159078 0.051794
v -1.457977 0.160162 0.057823
v -1.457701 0.160531 0.063345
v -1.456871 0.159287 0.078281
v -1.455991 0.155659 0.092551
v -1.455071 0.149803 0.106032
v -1.454125 0.141876 0.118604
v -1.453164 0.132034 0.130147
v -1.452200 0.120432 0.140538
v -1.451245 0.107227 0.149657
v -1.450311 0.092575 0.157383
v -1.449410 0.076632 0.163595
v -1.448554 0.059555 0.168172
v -1.447755 0.041498 0.170992
v -1.447025 0.022620 0.171935
v -1.438582 -0.212228 0.171491
v -1.433913 -0.212228 0.260369
v -1.450044 0.236482 0.261216
v -1.454713 0.236482 0.172339
v -1.432804 0.454112 0.738753
v -1.433493 0.458430 0.728593
v -1.434167 0.462304 0.718419
v -1.434829 0.465740 0.708182
v -1.435481 0.468747 0.697832
v -1.436126 0.471329 0.687323
v -1.436767 0.473496 0.676604
v -1.437407 0.475253 0.665629
v -1.438049 0.476607 0.654347
v -1.438695 0.477566 0.642711
v -1.439348 0.478136 0.630672
v -1.440011 0.478325 0.618181
v -1.441511 0.476886 0.588636
v -1.442810 0.472643 0.560999
v -1.443905 0.465708 0.535397
v -1.444793 0.456191 0.511953
v -1.445472 0.444204 0.490792
v -1.445940 0.429856 0.472041
v -1.446194 0.413261 0.455824
v -1.446231 0.394527 0.442265
v -1.446048 0.373768 0.431491
v -1.445644 0.351092 0.423626
v -1.445016 0.326613 0.418794
v -1.444160 0.300440 0.417122
v -1.443474 0.282126 0.417615
v -1.442777 0.265102 0.419191
v -1.442065 0.249286 0.421894
v -1.441332 0.234594 0.425763
v -1.440573 0.220943 0.430842
v -1.439783 0.208250 0.437170
v -1.438957 0.196431 0.444790
v -1.438089 0.185403 0.453743
v -1.437175 0.175084 0.464070
v -1.436208 0.165389 0.475814
v -1.435185 0.156235 0.489014
v -1.434099 0.147539 0.503714
v -1.434725 0.141281 0.487511
v -1.435200 0.133118 0.472858
v -1.435533 0.123227 0.459728
v -1.435732 0.111784 0.448093
v -1.435804 0.098968 0.437925
v -1.435757 0.084955 0.429198
v -1.435600 0.069921 0.421883
v -1.435339 0.054044 0.415954
v -1.434983 0.037501 0.411383
v -1.434539 0.020469 0.408142
v -1.434015 0.003124 0.406205
v -1.433420 -0.014356 0.405543
v -1.432257 -0.044038 0.407308
v -1.430971 -0.072013 0.412600
v -1.429576 -0.098114 0.421238
v -1.428088 -0.122175 0.433042
v -1.426524 -0.144029 0.447832
v -1.424897 -0.163509 0.465428
v -1.423224 -0.180450 0.485651
v -1.421520 -0.194684 0.508319
v -1.419801 -0.206044 0.533254
v -1.418081 -0.214365 0.560275
v -1.416377 -0.219480 0.589203
v -1.414704 -0.221222 0.619856
v -1.414096 -0.220932 0.631631
v -1.413505 -0.220070 0.643483
v -1.412930 -0.218646 0.655406
v -1.412371 -0.216669 0.667392
v -1.411829 -0.214152 0.679434
v -1.411304 -0.211104 0.691526
v -1.410795 -0.207535 0.703661
v -1.410303 -0.203456 0.715831
v -1.409827 -0.198877 0.728030
v -1.409368 -0.193809 0.740251
v -1.408925 -0.188262 0.752487
v -1.408499 -0.182247 0.764730
v -1.412307 -0.076316 0.764930
v -1.412686 -0.084686 0.751973
v -1.413088 -0.092310 0.739093
v -1.413513 -0.099192 0.726284
v -1.413961 -0.105334 0.713539
v -1.414432 -0.110741 0.700850
v -1.414928 -0.115416 0.688212
v -1.415447 -0.119361 0.675617
v -1.415991 -0.122582 0.663057
v -1.416559 -0.125081 0.650527
v -1.417152 -0.126862 0.638019
v -1.417770 -0.127928 0.625526
v -1.418413 -0.128282 0.613041
v -1.419296 -0.127398 0.596826
v -1.420186 -0.124794 0.581679
v -1.421075 -0.120537 0.567665
v -1.421959 -0.114698 0.554851
v -1.422831 -0.107347 0.543301
v -1.423685 -0.098551 0.533083
v -1.424515 -0.088382 0.524261
v -1.425315 -0.076908 0.516901
v -1.426080 -0.064199 0.511069
v -1.426802 -0.050323 0.506830
v -1.427478 -0.035352 0.504252
v -1.428099 -0.019353 0.503398
v -1.428635 -0.002950 0.504448
v -1.429037 0.012682 0.507532
v -1.429299 0.027398 0.512646
v -1.429416 0.041053 0.519786
v -1.429383 0.053499 0.528949
v -1.429196 0.064593 0.540132
v -1.428848 0.074187 0.553329
v -1.428336 0.082137 0.568538
v -1.427654 0.088296 0.585754
v -1.426796 0.092519 0.604975
v -1.425759 0.094660 0.626195
v -1.424536 0.094573 0.649413
v -1.427769 0.184515 0.649582
v -1.428928 0.185279 0.628051
v -1.430042 0.187541 0.608395
v -1.431110 0.191261 0.590614
v -1.432131 0.196396 0.574708
v -1.433103 0.202906 0.560677
v -1.434024 0.210748 0.548521
v -1.434893 0.219881 0.538240
v -1.435709 0.230263 0.529834
v -1.436470 0.241853 0.523302
v -1.437174 0.254609 0.518645
v -1.437821 0.268489 0.515863
v -1.438408 0.283451 0.514955
v -1.438906 0.298683 0.515929
v -1.439269 0.312863 0.518746
v -1.439499 0.325939 0.523336
v -1.439599 0.337860 0.529630
v -1.439568 0.348574 0.537559
v -1.439410 0.358028 0.547052
v -1.439127 0.366170 0.558040
v -1.438719 0.372949 0.570455
v -1.438189 0.378312 0.584226
v -1.437538 0.382207 0.599285
v -1.436769 0.384582 0.615561
v -1.435882 0.385385 0.632985
v -1.435396 0.385216 0.642130
v -1.434904 0.384696 0.651135
v -1.434403 0.383808 0.660070
v -1.433888 0.382535 0.669004
v -1.433354 0.380860 0.678007
v -1.432799 0.378764 0.687148
v -1.432216 0.376232 0.696496
v -1.431603 0.373245 0.706121
v -1.430954 0.369786 0.716091
v -1.430266 0.365838 0.726477
v -1.429535 0.361383 0.737347
v -1.428755 0.356404 0.748771
v -1.432097 0.449344 0.748946
v -1.432804 0.454112 0.738753
v -1.431430 0.462630 0.742459
v -1.427231 0.470420 0.745648
v -1.420618 0.476721 0.748005
v -1.412237 0.480915 0.749302
v -1.402909 0.482592 0.749411
v 1.076663 0.571980 0.619155
v 1.086025 0.570976 0.618065
v 1.094503 0.567390 0.615882
v 1.101269 0.561571 0.612822
v 1.105660 0.554091 0.609182
v 1.107246 0.545680 0.605320
v -1.433493 0.458430 0.728593
v -1.432141 0.467081 0.731986
v -1.427961 0.474991 0.734891
v -1.421363 0.481388 0.737025
v -1.412992 0.485643 0.738177
v -1.403668 0.487342 0.738236
v 1.075905 0.576729 0.607980
v 1.085270 0.575704 0.606940
v 1.093758 0.572057 0.604902
v 1.100539 0.566143 0.602066
v 1.104949 0.558542 0.598709
v 1.106557 0.549998 0.595161
v -1.434167 0.462304 0.718419
v -1.432837 0.471083 0.721475
v -1.428678 0.479109 0.724077
v -1.422095 0.485597 0.725969
v -1.413735 0.489911 0.726966
v -1.404414 0.491630 0.726972
v 1.075159 0.581018 0.596716
v 1.084527 0.579973 0.595729
v 1.093025 0.576266 0.593846
v 1.099823 0.570260 0.591251
v 1.104253 0.562544 0.588198
v 1.105883 0.553872 0.584986
v -1.434829 0.465740 0.708182
v -1.433522 0.474638 0.710883
v -1.429383 0.482772 0.713164
v -1.422817 0.489345 0.714802
v -1.414467 0.493715 0.715636
v -1.405150 0.495452 0.715585
v 1.074423 0.584840 0.585330
v 1.083795 0.583776 0.584399
v 1.092304 0.580014 0.582679
v 1.099117 0.573924 0.580338
v 1.103568 0.566100 0.577605
v 1.105221 0.557308 0.574749
v -1.435481 0.468747 0.697832
v -1.434197 0.477751 0.700166
v -1.430079 0.485981 0.702115
v -1.423530 0.492631 0.703490
v -1.415190 0.497049 0.704155
v -1.405877 0.498804 0.704046
v 1.073696 0.588192 0.573791
v 1.083071 0.587111 0.572918
v 1.091591 0.583300 0.571367
v 1.098421 0.577133 0.569289
v 1.102893 0.569213 0.566889
v 1.104569 0.560314 0.564400
v -1.436126 0.471329 0.687323
v -1.434865 0.480426 0.689282
v -1.430768 0.488739 0.690895
v -1.424235 0.495454 0.692002
v -1.415906 0.499915 0.692496
v -1.406596 0.501684 0.692328
v 1.072976 0.591072 0.562072
v 1.082355 0.589976 0.561258
v 1.090886 0.586123 0.559879
v 1.097732 0.579890 0.558069
v 1.102225 0.571887 0.556005
v 1.103924 0.562897 0.553890
v -1.436767 0.473496 0.676604
v -1.435529 0.482668 0.678191
v -1.431451 0.491049 0.679468
v -1.424934 0.497818 0.680308
v -1.416616 0.502313 0.680631
v -1.407310 0.504094 0.680404
v 1.072263 0.593482 0.550148
v 1.081646 0.592374 0.549393
v 1.090186 0.588487 0.548185
v 1.097049 0.582200 0.546642
v 1.101561 0.574129 0.544914
v 1.103283 0.565064 0.543172
v -1.437407 0.475253 0.665629
v -1.436190 0.484483 0.666851
v -1.432132 0.492917 0.667798
v -1.425630 0.499728 0.668377
v -1.417321 0.504250 0.668532
v -1.408018 0.506040 0.668247
v 1.071554 0.595428 0.537991
v 1.080940 0.594311 0.537295
v 1.089491 0.590397 0.536254
v 1.096368 0.584068 0.534972
v 1.100900 0.575944 0.533574
v 1.102643 0.566821 0.532196
v -1.438049 0.476607 0.654347
v -1.436851 0.485880 0.655218
v -1.432811 0.494351 0.655848
v -1.426324 0.501193 0.656176
v -1.418024 0.505734 0.656169
v -1.408724 0.507531 0.655829
v 1.070848 0.596919 0.525573
v 1.080237 0.595795 0.524932
v 1.088797 0.591862 0.524053
v 1.095689 0.585503 0.523022
v 1.100239 0.577341 0.521941
v 1.102001 0.568175 0.520914
v -1.438695 0.477566 0.642711
v -1.437516 0.486866 0.643249
v -1.433492 0.495362 0.643580
v -1.427018 0.502223 0.643670
v -1.418727 0.506777 0.643510
v -1.409430 0.508579 0.643117
v 1.070143 0.597966 0.512861
v 1.079535 0.596839 0.512273
v 1.088103 0.592892 0.511546
v 1.095008 0.586514 0.510754
v 1.099574 0.578327 0.509972
v 1.101355 0.569134 0.509278
v -1.439348 0.478136 0.630672
v -1.438185 0.487451 0.630900
v -1.434177 0.495960 0.630951
v -1.427715 0.502832 0.630819
v -1.419431 0.507393 0.630517
v -1.410137 0.509196 0.630074
v 1.069435 0.598584 0.499819
v 1.078830 0.597454 0.499279
v 1.087406 0.593501 0.498696
v 1.094323 0.587112 0.498125
v 1.098905 0.578912 0.497623
v 1.100702 0.569704 0.497239
v -1.440011 0.478325 0.618181
v -1.438872 0.487646 0.617966
v -1.434885 0.496162 0.617616
v -1.428439 0.503038 0.617166
v -1.420167 0.507602 0.616659
v -1.410877 0.509407 0.616147
v 1.068696 0.598794 0.485891
v 1.078095 0.597663 0.485422
v 1.086681 0.593707 0.485043
v 1.093615 0.587313 0.484790
v 1.098218 0.579107 0.484689
v 1.100039 0.569893 0.484749
v -1.441511 0.476886 0.588636
v -1.440411 0.486170 0.587646
v -1.436460 0.494651 0.586598
v -1.430043 0.501500 0.585593
v -1.421788 0.506047 0.584731
v -1.412504 0.507846 0.584096
v 1.067069 0.597233 0.453840
v 1.076473 0.596108 0.453494
v 1.085078 0.592170 0.453470
v 1.092040 0.585803 0.453772
v 1.096679 0.577631 0.454369
v 1.098539 0.568454 0.455203
v -1.442810 0.472643 0.560999
v -1.441757 0.481775 0.559021
v -1.437847 0.490120 0.557080
v -1.431463 0.496860 0.555368
v -1.423230 0.501337 0.554051
v -1.413953 0.503112 0.553259
v 1.065620 0.592500 0.423004
v 1.075032 0.591399 0.422814
v 1.083657 0.587530 0.423245
v 1.090653 0.581271 0.424254
v 1.095333 0.573236 0.425744
v 1.097240 0.564211 0.427567
v -1.443905 0.465708 0.535397
v -1.442896 0.474557 0.532373
v -1.439027 0.482646 0.529491
v -1.432675 0.489184 0.527031
v -1.424462 0.493531 0.525234
v -1.415193 0.495261 0.524277
v 1.064380 0.584649 0.394021
v 1.073799 0.583593 0.393997
v 1.082446 0.579854 0.394908
v 1.089473 0.573798 0.396665
v 1.094194 0.566018 0.399096
v 1.096146 0.557276 0.401964
v -1.444793 0.456191 0.511953
v -1.443826 0.464602 0.507850
v -1.439993 0.472296 0.503994
v -1.433671 0.478520 0.500761
v -1.425477 0.482666 0.498468
v -1.416214 0.484326 0.497340
v 1.063359 0.573714 0.367085
v 1.072785 0.572727 0.367231
v 1.081450 0.569190 0.368638
v 1.088507 0.563448 0.371168
v 1.093264 0.556063 0.374573
v 1.095257 0.547759 0.378520
v -1.445472 0.444204 0.490792
v -1.444540 0.452002 0.485609
v -1.440739 0.459143 0.480777
v -1.434441 0.464929 0.476770
v -1.426263 0.468793 0.473980
v -1.417005 0.470356 0.472681
v 1.062567 0.559744 0.342425
v 1.071998 0.558854 0.342743
v 1.080680 0.555598 0.344647
v 1.087761 0.550295 0.347951
v 1.092550 0.543463 0.352332
v 1.094578 0.535771 0.357360
v -1.445940 0.429856 0.472041
v -1.445034 0.436859 0.465818
v -1.441256 0.443283 0.460048
v -1.434977 0.448500 0.455297
v -1.426811 0.451998 0.452030
v -1.417557 0.453435 0.450566
v 1.062016 0.542823 0.320310
v 1.071451 0.542059 0.320792
v 1.080144 0.539169 0.323174
v 1.087244 0.534435 0.327223
v 1.092056 0.528320 0.332541
v 1.094110 0.521424 0.338609
v -1.446194 0.413261 0.455824
v -1.445302 0.419295 0.448654
v -1.441538 0.424845 0.442030
v -1.435269 0.429367 0.436601
v -1.427110 0.432420 0.432899
v -1.417859 0.433704 0.431285
v 1.061714 0.523092 0.301029
v 1.071152 0.522482 0.301661
v 1.079852 0.520037 0.304478
v 1.086962 0.515996 0.309204
v 1.091788 0.510756 0.315377
v 1.093856 0.504828 0.322391
v -1.446231 0.394527 0.442265
v -1.445341 0.399449 0.434290
v -1.441579 0.403995 0.426940
v -1.435312 0.407722 0.420935
v -1.427153 0.410263 0.416862
v -1.417903 0.411371 0.415121
v 1.061670 0.500759 0.284865
v 1.071108 0.500325 0.285625
v 1.079809 0.498391 0.288812
v 1.086921 0.495147 0.294115
v 1.091749 0.490910 0.301013
v 1.093819 0.486095 0.308833
v -1.446048 0.373768 0.431491
v -1.445148 0.377481 0.422889
v -1.441376 0.380937 0.414973
v -1.435102 0.383799 0.408519
v -1.426938 0.385785 0.404158
v -1.417686 0.386701 0.402317
v 1.061887 0.476089 0.272061
v 1.071323 0.475846 0.272921
v 1.080019 0.474468 0.276396
v 1.087124 0.472089 0.282147
v 1.091942 0.468942 0.289612
v 1.094002 0.465335 0.298058
v -1.445644 0.351092 0.423626
v -1.444722 0.353558 0.414591
v -1.440930 0.355890 0.406285
v -1.434639 0.357858 0.399521
v -1.426466 0.359271 0.394961
v -1.417210 0.359990 0.393052
v 1.062363 0.449378 0.262796
v 1.071796 0.449332 0.263724
v 1.080482 0.448527 0.267398
v 1.087570 0.447041 0.273459
v 1.092368 0.445020 0.281314
v 1.094406 0.442660 0.290193
v -1.445016 0.326613 0.418794
v -1.444061 0.327848 0.409516
v -1.440241 0.329068 0.400991
v -1.433928 0.330155 0.394053
v -1.425740 0.331002 0.389382
v -1.416479 0.331526 0.387434
v 1.063094 0.420913 0.257178
v 1.072522 0.421063 0.258144
v 1.081193 0.420824 0.261930
v 1.088259 0.420220 0.268165
v 1.093029 0.419309 0.276239
v 1.095034 0.418181 0.285362
v -1.444160 0.300440 0.417122
v -1.443172 0.300647 0.407779
v -1.439321 0.300941 0.399194
v -1.432984 0.301292 0.392209
v -1.424781 0.301667 0.387508
v -1.415514 0.302028 0.385549
v 1.064058 0.391416 0.255293
v 1.073481 0.391728 0.256270
v 1.082137 0.391961 0.260086
v 1.089179 0.392092 0.266368
v 1.093918 0.392109 0.274502
v 1.095890 0.392008 0.283689
v -1.443474 0.282126 0.417615
v -1.442459 0.281609 0.408291
v -1.438584 0.281249 0.399724
v -1.432227 0.281082 0.392753
v -1.424011 0.281124 0.388060
v -1.414740 0.281371 0.386105
v 1.064832 0.370758 0.255849
v 1.074250 0.371186 0.256822
v 1.082894 0.371752 0.260630
v 1.089916 0.372401 0.266898
v 1.094631 0.373070 0.275013
v 1.096576 0.373693 0.284182
v -1.442777 0.265102 0.419191
v -1.441736 0.263928 0.409928
v -1.437836 0.262976 0.401416
v -1.431460 0.262339 0.394489
v -1.423232 0.262078 0.389824
v -1.413957 0.262221 0.387878
v 1.065616 0.351609 0.257623
v 1.075030 0.352140 0.258587
v 1.083661 0.353008 0.262366
v 1.090664 0.354127 0.268590
v 1.095355 0.355389 0.276651
v 1.097273 0.356670 0.285759
v -1.442065 0.249286 0.421894
v -1.440989 0.247358 0.412760
v -1.437059 0.245725 0.404364
v -1.430659 0.244547 0.397529
v -1.422415 0.243940 0.392923
v -1.413135 0.243963 0.390998
v 1.066438 0.333351 0.260742
v 1.075846 0.334002 0.261686
v 1.084462 0.335216 0.265406
v 1.091441 0.336876 0.271538
v 1.096101 0.338819 0.279482
v 1.097985 0.340854 0.288461
v -1.441332 0.234594 0.425763
v -1.440215 0.231828 0.416850
v -1.436247 0.229440 0.408653
v -1.429817 0.227664 0.401976
v -1.421554 0.226672 0.397471
v -1.412267 0.226562 0.395581
v 1.067306 0.315950 0.265325
v 1.076708 0.316733 0.266234
v 1.085304 0.318333 0.269853
v 1.092253 0.320592 0.275827
v 1.096875 0.323290 0.283573
v 1.098718 0.326162 0.292331
v -1.440573 0.220943 0.430842
v -1.439406 0.217288 0.422259
v -1.435394 0.214098 0.414361
v -1.428928 0.211684 0.407920
v -1.420643 0.210284 0.403568
v -1.411348 0.210033 0.401730
v 1.068225 0.299421 0.271474
v 1.077619 0.300345 0.272331
v 1.086192 0.302354 0.275797
v 1.093106 0.305249 0.281535
v 1.097684 0.308749 0.288982
v 1.099477 0.312511 0.297409
v -1.439783 0.208250 0.437170
v -1.438561 0.203698 0.429034
v -1.434498 0.199699 0.421539
v -1.427992 0.196644 0.415419
v -1.419681 0.194831 0.411272
v -1.410377 0.194438 0.409505
v 1.069196 0.283826 0.279250
v 1.078581 0.284892 0.280035
v 1.087128 0.287313 0.283296
v 1.094002 0.290851 0.288714
v 1.098529 0.295160 0.295757
v 1.100267 0.299818 0.303737
v -1.438957 0.196431 0.444790
v -1.437675 0.191027 0.437204
v -1.433558 0.186258 0.430205
v -1.427010 0.182592 0.424479
v -1.418671 0.180387 0.420585
v -1.409358 0.179859 0.418905
v 1.070215 0.269247 0.288649
v 1.079590 0.270448 0.289348
v 1.088111 0.273261 0.292356
v 1.094942 0.277409 0.297380
v 1.099415 0.282488 0.303927
v 1.101093 0.287999 0.311357
v -1.438089 0.185403 0.453743
v -1.436747 0.179234 0.446778
v -1.432576 0.173775 0.440340
v -1.425984 0.169561 0.435058
v -1.417618 0.167005 0.431449
v -1.408295 0.166356 0.429867
v 1.071277 0.255744 0.299612
v 1.080644 0.257067 0.300212
v 1.089136 0.260231 0.302935
v 1.095924 0.264927 0.307514
v 1.100343 0.270695 0.313501
v 1.101961 0.276971 0.320310
v -1.437175 0.175084 0.464070
v -1.435774 0.168265 0.457755
v -1.431552 0.162221 0.451902
v -1.424919 0.157542 0.447085
v -1.416526 0.154688 0.443776
v -1.407195 0.153936 0.442297
v 1.072378 0.243324 0.312041
v 1.081735 0.244749 0.312538
v 1.090201 0.248212 0.314962
v 1.096949 0.253372 0.319077
v 1.101316 0.259726 0.324478
v 1.102875 0.266652 0.330638
v -1.436208 0.165389 0.475814
v -1.434756 0.158045 0.470135
v -1.430486 0.151526 0.464857
v -1.423815 0.146471 0.460496
v -1.415399 0.143375 0.457478
v -1.406059 0.142540 0.456101
v 1.073514 0.231928 0.325845
v 1.082863 0.233436 0.326241
v 1.091305 0.237140 0.328373
v 1.098014 0.242677 0.332031
v 1.102334 0.249506 0.336858
v 1.103842 0.256957 0.342381
v -1.435185 0.156235 0.489014
v -1.433686 0.148480 0.483928
v -1.429375 0.141591 0.479183
v -1.422672 0.136243 0.475246
v -1.414234 0.132958 0.472501
v -1.404887 0.132058 0.471217
v 1.074686 0.221446 0.340961
v 1.084028 0.223019 0.341263
v 1.092449 0.226912 0.343123
v 1.099125 0.232743 0.346358
v 1.103404 0.239942 0.350650
v 1.104865 0.247803 0.355582
v -1.434099 0.147539 0.503714
v -1.433794 0.149342 0.482471
v -1.430559 0.151075 0.463152
v -1.424710 0.152569 0.447648
v -1.416821 0.153677 0.437477
v -1.407663 0.154291 0.433634
v 1.071910 0.243678 0.303378
v 1.081441 0.243738 0.306240
v 1.090410 0.243238 0.315525
v 1.097941 0.242227 0.330326
v 1.103296 0.240803 0.349194
v 1.105951 0.239107 0.370281
v -1.434725 0.141281 0.487511
v -1.433754 0.149743 0.483509
v -1.429918 0.157483 0.479743
v -1.423593 0.163744 0.476582
v -1.415398 0.167913 0.474335
v -1.406134 0.169582 0.473223
v 1.073439 0.258969 0.342967
v 1.082864 0.257974 0.343098
v 1.091527 0.254413 0.344459
v 1.098582 0.248635 0.346917
v 1.103336 0.241204 0.350232
v 1.105325 0.232849 0.354078
v -1.435200 0.133118 0.472858
v -1.434266 0.140953 0.467732
v -1.430463 0.148128 0.462951
v -1.424164 0.153941 0.458985
v -1.415985 0.157822 0.456222
v -1.406728 0.159391 0.454931
v 1.072845 0.248779 0.324676
v 1.082276 0.247883 0.324984
v 1.090956 0.244610 0.326862
v 1.098037 0.239280 0.330126
v 1.102824 0.232415 0.334455
v 1.104850 0.224686 0.339426
v -1.435533 0.123227 0.459728
v -1.434624 0.130310 0.453604
v -1.430845 0.136807 0.447923
v -1.424564 0.142082 0.443243
v -1.416396 0.145617 0.440020
v -1.407143 0.147068 0.438572
v 1.072430 0.236455 0.308316
v 1.081865 0.235679 0.308783
v 1.090557 0.232751 0.311120
v 1.097656 0.227959 0.315097
v 1.102466 0.221772 0.320327
v 1.104517 0.214795 0.326296
v -1.435732 0.111784 0.448093
v -1.434837 0.118038 0.441125
v -1.431071 0.123787 0.434683
v -1.424800 0.128467 0.429398
v -1.416640 0.131621 0.425788
v -1.407388 0.132940 0.424206
v 1.072185 0.222328 0.293950
v 1.081622 0.221682 0.294551
v 1.090320 0.219136 0.297275
v 1.097429 0.214938 0.301857
v 1.102253 0.209500 0.307847
v 1.104318 0.203352 0.314660
v -1.435804 0.098968 0.437925
v -1.434914 0.104360 0.430273
v -1.431152 0.109330 0.423214
v -1.424885 0.113393 0.417439
v -1.416727 0.116150 0.413515
v -1.407476 0.117333 0.411824
v 1.072097 0.206720 0.281569
v 1.081535 0.206212 0.282277
v 1.090236 0.204062 0.285316
v 1.097348 0.200482 0.290388
v 1.102176 0.195821 0.296996
v 1.104246 0.190536 0.304493
v -1.435757 0.084955 0.429198
v -1.434865 0.089486 0.421010
v -1.431100 0.093681 0.413468
v -1.424831 0.097129 0.407310
v -1.416671 0.099491 0.403140
v -1.407420 0.100537 0.401364
v 1.072153 0.189925 0.271109
v 1.081590 0.189553 0.271902
v 1.090290 0.187798 0.275187
v 1.097400 0.184833 0.280642
v 1.102225 0.180948 0.287733
v 1.104293 0.176523 0.295765
v -1.435600 0.069921 0.421883
v -1.434698 0.073619 0.413289
v -1.430925 0.077061 0.405381
v -1.424650 0.079911 0.398933
v -1.416487 0.081890 0.394576
v -1.407234 0.082804 0.392736
v 1.072339 0.172192 0.262481
v 1.081775 0.171952 0.263339
v 1.090471 0.170580 0.266810
v 1.097575 0.168213 0.272556
v 1.102392 0.165080 0.280012
v 1.104450 0.161489 0.288451
v -1.435339 0.054044 0.415954
v -1.434424 0.056944 0.407062
v -1.430640 0.059667 0.398886
v -1.424355 0.061946 0.392224
v -1.416185 0.063559 0.387730
v -1.406931 0.064346 0.385843
v 1.072642 0.153734 0.255587
v 1.082076 0.153620 0.256493
v 1.090766 0.152615 0.260101
v 1.097860 0.150819 0.266060
v 1.102666 0.148405 0.273785
v 1.104711 0.145612 0.282521
v -1.434983 0.037501 0.411383
v -1.434052 0.039643 0.402282
v -1.430252 0.041682 0.393916
v -1.423956 0.043418 0.387104
v -1.415779 0.044682 0.382514
v -1.406521 0.045349 0.380594
v 1.073051 0.134737 0.250338
v 1.082483 0.134743 0.251276
v 1.091165 0.134087 0.254981
v 1.098248 0.132833 0.261090
v 1.103038 0.131104 0.269004
v 1.105067 0.129069 0.277950
v -1.434539 0.020469 0.408142
v -1.433589 0.021888 0.398903
v -1.429773 0.023276 0.390414
v -1.423463 0.024495 0.383504
v -1.415277 0.025427 0.378850
v -1.406017 0.025980 0.376908
v 1.073556 0.115368 0.246653
v 1.082984 0.115488 0.247613
v 1.091658 0.115164 0.251381
v 1.098727 0.114427 0.257588
v 1.103501 0.113349 0.265626
v 1.105511 0.112037 0.274709
v -1.434015 0.003124 0.406205
v -1.433045 0.003851 0.396889
v -1.429210 0.004613 0.388329
v -1.422885 0.005337 0.381364
v -1.414689 0.005950 0.376675
v -1.405426 0.006394 0.374720
v 1.074147 0.095782 0.244465
v 1.083572 0.096012 0.245437
v 1.092236 0.096006 0.249241
v 1.099290 0.095765 0.255503
v 1.104045 0.095312 0.263611
v 1.106035 0.094692 0.272772
v -1.433420 -0.014356 0.405543
v -1.432423 -0.014420 0.396197
v -1.428563 -0.014371 0.387610
v -1.422219 -0.014215 0.380623
v -1.414011 -0.013965 0.375921
v -1.404743 -0.013646 0.373962
v 1.074830 0.075741 0.243706
v 1.084250 0.076097 0.244683
v 1.092902 0.076455 0.248500
v 1.099937 0.076780 0.254784
v 1.104668 0.077041 0.262920
v 1.106630 0.077212 0.272110
v -1.432257 -0.044038 0.407308
v -1.431219 -0.045143 0.398024
v -1.427323 -0.046034 0.389494
v -1.420949 -0.046622 0.382551
v -1.412723 -0.046851 0.377877
v -1.403448 -0.046697 0.375928
v 1.076124 0.042691 0.245672
v 1.085539 0.043211 0.246639
v 1.094171 0.044047 0.250428
v 1.101178 0.045118 0.256668
v 1.105871 0.046318 0.264747
v 1.107793 0.047530 0.273876
v -1.430971 -0.072013 0.412600
v -1.429878 -0.074304 0.403540
v -1.425932 -0.076263 0.395212
v -1.419520 -0.077700 0.388430
v -1.411268 -0.078474 0.383858
v -1.401985 -0.078508 0.381945
v 1.077587 0.010880 0.251689
v 1.086993 0.011588 0.252621
v 1.095601 0.012969 0.256307
v 1.102568 0.014888 0.262386
v 1.107212 0.017158 0.270263
v 1.109079 0.019555 0.279167
v -1.429576 -0.098114 0.421238
v -1.428420 -0.101589 0.412570
v -1.424417 -0.104617 0.404595
v -1.417960 -0.106901 0.398093
v -1.409679 -0.108219 0.393702
v -1.400386 -0.108441 0.391851
v 1.079187 -0.019053 0.261595
v 1.088582 -0.018157 0.262465
v 1.097161 -0.016232 0.265970
v 1.104083 -0.013465 0.271769
v 1.108670 -0.010128 0.279293
v 1.110474 -0.006546 0.287805
v -1.428088 -0.122175 0.433042
v -1.426862 -0.126794 0.424935
v -1.422795 -0.130855 0.417467
v -1.416287 -0.133959 0.411368
v -1.407974 -0.135803 0.407235
v -1.398669 -0.136206 0.405472
v 1.080903 -0.046819 0.275217
v 1.090288 -0.045742 0.275997
v 1.098834 -0.043290 0.279245
v 1.105705 -0.039703 0.284641
v 1.110228 -0.035333 0.291658
v 1.111962 -0.030607 0.299609
v -1.426524 -0.144029 0.447832
v -1.425221 -0.149716 0.440448
v -1.421085 -0.154739 0.433631
v -1.414522 -0.158608 0.428049
v -1.406174 -0.160942 0.424248
v -1.396857 -0.161515 0.422600
v 1.082715 -0.072127 0.292345
v 1.092088 -0.070881 0.293011
v 1.100599 -0.067939 0.295926
v 1.107415 -0.063588 0.300806
v 1.111869 -0.058255 0.307171
v 1.113526 -0.052461 0.314399
v -1.424897 -0.163509 0.465428
v -1.423514 -0.170152 0.458908
v -1.419307 -0.176038 0.452870
v -1.412686 -0.180591 0.447906
v -1.404301 -0.183365 0.444502
v -1.394972 -0.184089 0.442991
v 1.084600 -0.094701 0.312735
v 1.093960 -0.093304 0.313265
v 1.102434 -0.089922 0.315783
v 1.109193 -0.084887 0.320044
v 1.113576 -0.078691 0.325631
v 1.115153 -0.071941 0.331995
v -1.423224 -0.180450 0.485651
v -1.421760 -0.187911 0.480107
v -1.417480 -0.194535 0.474950
v -1.410802 -0.199673 0.470686
v -1.402380 -0.202823 0.467730
v -1.393038 -0.203677 0.466374
v 1.086535 -0.114289 0.336118
v 1.095882 -0.112762 0.336493
v 1.104319 -0.109004 0.338563
v 1.111020 -0.103383 0.342124
v 1.115330 -0.096450 0.346830
v 1.116826 -0.088882 0.352218
v -1.421520 -0.194684 0.508319
v -1.419977 -0.202808 0.503832
v -1.415625 -0.210030 0.499628
v -1.408890 -0.215644 0.496120
v -1.400431 -0.219099 0.493650
v -1.391077 -0.220057 0.492461
v 1.088496 -0.130669 0.362206
v 1.097830 -0.129037 0.362413
v 1.106230 -0.124975 0.363997
v 1.112875 -0.118879 0.366803
v 1.117113 -0.111347 0.370555
v 1.118530 -0.103116 0.374887
v -1.419801 -0.206044 0.533254
v -1.418182 -0.214671 0.529869
v -1.413761 -0.222346 0.526660
v -1.406972 -0.228319 0.523941
v -1.398478 -0.232005 0.521978
v -1.389112 -0.233043 0.520963
v 1.090461 -0.143655 0.390707
v 1.099783 -0.141944 0.390740
v 1.108149 -0.137650 0.391818
v 1.114739 -0.131195 0.393834
v 1.118909 -0.123210 0.396592
v 1.120249 -0.114476 0.399822
v -1.418081 -0.214365 0.560275
v -1.416391 -0.223336 0.558006
v -1.411906 -0.231321 0.555804
v -1.405066 -0.237540 0.553884
v -1.396540 -0.241384 0.552434
v -1.387162 -0.242476 0.551596
v 1.092410 -0.153089 0.421341
v 1.101721 -0.151323 0.421197
v 1.110054 -0.146871 0.421761
v 1.116594 -0.140170 0.422978
v 1.120699 -0.131874 0.424729
v 1.121969 -0.122797 0.426843
v -1.416377 -0.219480 0.589203
v -1.414622 -0.228645 0.588036
v -1.410079 -0.236807 0.586828
v -1.403192 -0.243165 0.585698
v -1.394636 -0.247099 0.584754
v -1.385248 -0.248222 0.584091
v 1.094324 -0.158834 0.453835
v 1.103625 -0.157037 0.453517
v 1.111928 -0.152496 0.453575
v 1.118421 -0.145655 0.454003
v 1.122468 -0.137184 0.454759
v 1.123673 -0.127912 0.455770
v -1.414704 -0.221222 0.619856
v -1.412899 -0.230440 0.619612
v -1.408310 -0.238648 0.619236
v -1.401387 -0.245044 0.618766
v -1.392808 -0.249002 0.618246
v -1.383412 -0.250133 0.617729
v 1.096160 -0.160746 0.487474
v 1.105453 -0.158940 0.487009
v 1.113733 -0.154375 0.486643
v 1.120190 -0.147497 0.486410
v 1.124191 -0.138978 0.486335
v 1.125346 -0.129654 0.486423
v -1.414096 -0.220932 0.631631
v -1.412260 -0.230135 0.631985
v -1.407643 -0.238330 0.632150
v -1.400698 -0.244716 0.632108
v -1.392105 -0.248667 0.631864
v -1.382704 -0.249796 0.631441
v 1.096869 -0.160408 0.501185
v 1.106156 -0.158605 0.500626
v 1.114422 -0.154047 0.499985
v 1.120857 -0.147179 0.499324
v 1.124830 -0.138674 0.498708
v 1.125954 -0.129364 0.498198
v -1.413505 -0.220070 0.643483
v -1.411646 -0.229241 0.644273
v -1.407010 -0.237408 0.644830
v -1.400050 -0.243771 0.645100
v -1.391447 -0.247707 0.645056
v -1.382042 -0.248831 0.644702
v 1.097530 -0.159443 0.514446
v 1.106815 -0.157646 0.513818
v 1.115071 -0.153102 0.512977
v 1.121490 -0.146256 0.512004
v 1.125444 -0.137780 0.510996
v 1.126545 -0.128502 0.510050
v -1.412930 -0.218646 0.655406
v -1.411051 -0.227767 0.656613
v -1.406397 -0.235889 0.657546
v -1.399422 -0.242216 0.658115
v -1.390810 -0.246129 0.658262
v -1.381402 -0.247245 0.657975
v 1.098171 -0.157858 0.527719
v 1.107452 -0.156068 0.527025
v 1.115698 -0.151547 0.525992
v 1.122103 -0.144737 0.524720
v 1.126039 -0.136306 0.523336
v 1.127120 -0.127078 0.521973
v -1.412371 -0.216669 0.667392
v -1.410474 -0.225725 0.668997
v -1.405803 -0.233788 0.670290
v -1.398815 -0.240068 0.671143
v -1.390194 -0.243951 0.671474
v -1.380784 -0.245057 0.671250
v 1.098789 -0.155669 0.540994
v 1.108067 -0.153889 0.540237
v 1.116305 -0.149399 0.539020
v 1.122697 -0.142636 0.537464
v 1.126616 -0.134264 0.535720
v 1.127679 -0.125101 0.533959
v -1.411829 -0.214152 0.679434
v -1.409916 -0.223128 0.681418
v -1.405229 -0.231120 0.683053
v -1.398229 -0.237343 0.684178
v -1.389600 -0.241190 0.684683
v -1.380187 -0.242283 0.684518
v 1.099386 -0.152895 0.554263
v 1.108662 -0.151128 0.553445
v 1.116892 -0.146674 0.552055
v 1.123271 -0.139968 0.550227
v 1.127174 -0.131667 0.548141
v 1.128221 -0.122584 0.546002
v -1.411304 -0.211104 0.691526
v -1.409375 -0.219990 0.693870
v -1.404674 -0.227899 0.695828
v -1.397663 -0.234058 0.697210
v -1.389027 -0.237863 0.697880
v -1.379611 -0.238942 0.697773
v 1.099962 -0.149554 0.567517
v 1.109235 -0.147801 0.566643
v 1.117458 -0.143388 0.565087
v 1.123826 -0.136747 0.563002
v 1.127715 -0.128528 0.560593
v 1.128746 -0.119536 0.558094
v -1.410795 -0.207535 0.703661
v -1.408852 -0.216321 0.706344
v -1.404138 -0.224140 0.708609
v -1.397117 -0.230227 0.710235
v -1.388474 -0.233986 0.711061
v -1.379056 -0.235049 0.711007
v 1.100517 -0.145662 0.580752
v 1.109788 -0.143925 0.579823
v 1.118004 -0.139558 0.578112
v 1.124362 -0.132988 0.575783
v 1.128239 -0.124859 0.573067
v 1.129255 -0.115967 0.570228
v -1.410303 -0.203456 0.715831
v -1.408346 -0.212134 0.718835
v -1.403621 -0.219856 0.721390
v -1.396590 -0.225867 0.723245
v -1.387942 -0.229576 0.724219
v -1.378522 -0.230622 0.724216
v 1.101051 -0.141235 0.593960
v 1.110320 -0.139515 0.592981
v 1.118530 -0.135197 0.591122
v 1.124879 -0.128705 0.588564
v 1.128744 -0.120673 0.585558
v 1.129747 -0.111888 0.582399
v -1.409827 -0.198877 0.728030
v -1.407859 -0.207442 0.731337
v -1.403123 -0.215062 0.734165
v -1.396084 -0.220991 0.736236
v -1.387429 -0.224648 0.737349
v -1.378008 -0.225676 0.737394
v 1.101565 -0.136288 0.607139
v 1.110832 -0.134587 0.606112
v 1.119037 -0.130321 0.604113
v 1.125377 -0.123910 0.601339
v 1.129231 -0.115981 0.598060
v 1.130223 -0.107309 0.594598
v -1.409368 -0.193809 0.740251
v -1.407389 -0.202256 0.743843
v -1.402643 -0.209769 0.746928
v -1.395596 -0.215613 0.749203
v -1.386937 -0.219216 0.750447
v -1.377514 -0.220226 0.750538
v 1.102059 -0.130838 0.620282
v 1.111324 -0.129155 0.619210
v 1.119524 -0.124944 0.617080
v 1.125857 -0.118617 0.614102
v 1.129701 -0.110795 0.610566
v 1.130682 -0.102241 0.606819
v -1.408925 -0.188262 0.752487
v -1.406936 -0.196587 0.756347
v -1.402182 -0.203991 0.759674
v -1.395128 -0.209748 0.762142
v -1.386465 -0.213295 0.763509
v -1.377040 -0.214285 0.763642
v 1.102533 -0.124897 0.633386
v 1.111797 -0.123234 0.632272
v 1.119992 -0.119079 0.630019
v 1.126318 -0.112839 0.626848
v 1.130154 -0.105126 0.623070
v 1.131125 -0.096695 0.619054
v -1.408499 -0.182247 0.764730
v -1.406325 -0.187964 0.773899
v -1.401404 -0.193014 0.782015
v -1.394218 -0.196904 0.788284
v -1.385469 -0.199252 0.792091
v -1.376015 -0.199829 0.793065
v 1.103558 -0.110442 0.662809
v 1.112792 -0.109191 0.660854
v 1.120903 -0.106235 0.656161
v 1.127096 -0.101863 0.649189
v 1.130765 -0.096503 0.640622
v 1.131551 -0.090679 0.631297
v -1.412307 -0.076316 0.764930
v -1.410953 -0.059244 0.774142
v -1.406771 -0.043737 0.782297
v -1.400171 -0.031311 0.788597
v -1.391799 -0.023185 0.792424
v -1.382475 -0.020153 0.793404
v 1.097098 0.069235 0.663149
v 1.106462 0.066876 0.661186
v 1.114950 0.059358 0.656473
v 1.121729 0.047415 0.649471
v 1.126137 0.032217 0.640865
v 1.127743 0.015252 0.631497
v -1.412686 -0.084686 0.751973
v -1.411745 -0.076753 0.747037
v -1.407937 -0.069491 0.742429
v -1.401633 -0.063608 0.738599
v -1.393451 -0.059683 0.735923
v -1.384192 -0.058098 0.734663
v 1.095380 0.031290 0.604407
v 1.104810 0.030379 0.604686
v 1.113487 0.027061 0.606476
v 1.120563 0.021661 0.609603
v 1.125345 0.014708 0.613760
v 1.127364 0.006882 0.618540
v -1.413088 -0.092310 0.739093
v -1.412137 -0.084187 0.734479
v -1.408319 -0.076752 0.730161
v -1.402009 -0.070734 0.726561
v -1.393822 -0.066721 0.724033
v -1.384562 -0.065106 0.722824
v 1.095011 0.024282 0.592568
v 1.104439 0.023340 0.592796
v 1.113112 0.019935 0.594438
v 1.120181 0.014399 0.597335
v 1.124953 0.007274 0.601202
v 1.126962 -0.000742 0.605660
v -1.413513 -0.099192 0.726284
v -1.412550 -0.090881 0.722019
v -1.408722 -0.083277 0.718015
v -1.402403 -0.077125 0.714666
v -1.394211 -0.073026 0.712298
v -1.384949 -0.071381 0.711144
v 1.094624 0.018007 0.580889
v 1.104050 0.017036 0.581061
v 1.112718 0.013544 0.582543
v 1.119778 0.007874 0.585189
v 1.124540 0.000580 0.588741
v 1.126537 -0.007624 0.592851
v -1.413961 -0.105334 0.713539
v -1.412985 -0.096842 0.709650
v -1.409145 -0.089074 0.705987
v -1.402816 -0.082792 0.702907
v -1.394619 -0.078609 0.700713
v -1.385354 -0.076936 0.699618
v 1.094218 0.012452 0.569363
v 1.103643 0.011452 0.569475
v 1.112304 0.007877 0.570784
v 1.119355 0.002077 0.573161
v 1.124105 -0.005381 0.576373
v 1.126089 -0.013766 0.580106
v -1.414432 -0.110741 0.700850
v -1.413442 -0.102076 0.697366
v -1.409588 -0.094153 0.694068
v -1.403249 -0.087747 0.691278
v -1.395044 -0.083485 0.689269
v -1.385777 -0.081785 0.688239
v 1.093796 0.007603 0.557983
v 1.103217 0.006576 0.558032
v 1.111872 0.002922 0.559155
v 1.118912 -0.003002 0.561242
v 1.123648 -0.010615 0.564089
v 1.125618 -0.019173 0.567418
v -1.414928 -0.115416 0.688212
v -1.413920 -0.106591 0.685159
v -1.410051 -0.098524 0.682250
v -1.403700 -0.092004 0.679769
v -1.395487 -0.087669 0.677959
v -1.386218 -0.085943 0.676997
v 1.093355 0.003445 0.546741
v 1.102774 0.002393 0.546722
v 1.111421 -0.001335 0.547646
v 1.118449 -0.007373 0.549424
v 1.123170 -0.015130 0.551882
v 1.125122 -0.023848 0.554779
v -1.415447 -0.119361 0.675617
v -1.414421 -0.110394 0.673021
v -1.410535 -0.102198 0.670523
v -1.404170 -0.095576 0.668369
v -1.395949 -0.091175 0.666769
v -1.386676 -0.089426 0.665879
v 1.092896 -0.000038 0.535624
v 1.102313 -0.001113 0.535532
v 1.110951 -0.004906 0.536246
v 1.117965 -0.011047 0.537697
v 1.122669 -0.018933 0.539743
v 1.124603 -0.027794 0.542184
v -1.415991 -0.122582 0.663057
v -1.414944 -0.113492 0.660940
v -1.411039 -0.105185 0.658875
v -1.404659 -0.098475 0.657064
v -1.396429 -0.094017 0.655684
v -1.387153 -0.092249 0.654870
v 1.092420 -0.002861 0.524615
v 1.101833 -0.003956 0.524447
v 1.110461 -0.007805 0.524941
v 1.117461 -0.014034 0.526049
v 1.122146 -0.022031 0.527663
v 1.124059 -0.031014 0.529624
v -1.416559 -0.125081 0.650527
v -1.415489 -0.115892 0.648908
v -1.411564 -0.107495 0.647292
v -1.405168 -0.100714 0.645837
v -1.396927 -0.096210 0.644686
v -1.387648 -0.094427 0.643951
v 1.091925 -0.005039 0.513696
v 1.101334 -0.006149 0.513449
v 1.109952 -0.010044 0.513714
v 1.116936 -0.016344 0.514466
v 1.121601 -0.024431 0.515631
v 1.123491 -0.033513 0.517094
v -1.417152 -0.126862 0.638019
v -1.416058 -0.117600 0.636912
v -1.412111 -0.109137 0.635758
v -1.405698 -0.102303 0.634670
v -1.397446 -0.097767 0.633755
v -1.388162 -0.095971 0.633101
v 1.091411 -0.006584 0.502845
v 1.100816 -0.007705 0.502517
v 1.109423 -0.011634 0.502547
v 1.116389 -0.017986 0.502933
v 1.121032 -0.026138 0.503635
v 1.122898 -0.035294 0.504586
v -1.417770 -0.127928 0.625526
v -1.416650 -0.118621 0.624941
v -1.412680 -0.110119 0.624257
v -1.406248 -0.103253 0.623542
v -1.397984 -0.098696 0.622866
v -1.388697 -0.096893 0.622295
v 1.090876 -0.007505 0.492039
v 1.100277 -0.008634 0.491629
v 1.108873 -0.012584 0.491419
v 1.115820 -0.018967 0.491431
v 1.120440 -0.027160 0.491663
v 1.122280 -0.036360 0.492093
v -1.418413 -0.128282 0.613041
v -1.417260 -0.118957 0.613102
v -1.413260 -0.110438 0.613001
v -1.406804 -0.103559 0.612748
v -1.398525 -0.098994 0.612369
v -1.389232 -0.097188 0.611900
v 1.090341 -0.007801 0.481644
v 1.099737 -0.008932 0.481131
v 1.108317 -0.012890 0.480625
v 1.115240 -0.019287 0.480175
v 1.119830 -0.027496 0.479824
v 1.121637 -0.036714 0.479609
v -1.419296 -0.127398 0.596826
v -1.418093 -0.118124 0.597805
v -1.414048 -0.109650 0.598532
v -1.407557 -0.102807 0.598937
v -1.399254 -0.098264 0.598979
v -1.389954 -0.096467 0.598656
v 1.089619 -0.007079 0.468400
v 1.099007 -0.008203 0.467742
v 1.107564 -0.012137 0.466814
v 1.114452 -0.018498 0.465706
v 1.118997 -0.026662 0.464528
v 1.120754 -0.035831 0.463394
v -1.420186 -0.124794 0.581679
v -1.418918 -0.115707 0.583754
v -1.414815 -0.107404 0.585470
v -1.408278 -0.100695 0.586660
v -1.399946 -0.096239 0.587207
v -1.390635 -0.094472 0.587057
v 1.088938 -0.005084 0.456801
v 1.098316 -0.006178 0.455969
v 1.106843 -0.010026 0.454537
v 1.113685 -0.016252 0.452644
v 1.118172 -0.024246 0.450477
v 1.119864 -0.033226 0.448246
v -1.421075 -0.120537 0.567665
v -1.419736 -0.111797 0.570879
v -1.415567 -0.103805 0.573622
v -1.408978 -0.097344 0.575627
v -1.400613 -0.093047 0.576697
v -1.391291 -0.091334 0.576727
v 1.088282 -0.001947 0.446472
v 1.097649 -0.002986 0.445459
v 1.106143 -0.006675 0.443504
v 1.112933 -0.012653 0.440796
v 1.117354 -0.020335 0.437602
v 1.118975 -0.028969 0.434233
v -1.421959 -0.114698 0.554851
v -1.420541 -0.106479 0.559209
v -1.416301 -0.098958 0.562985
v -1.409655 -0.092871 0.565809
v -1.401254 -0.088813 0.567405
v -1.391919 -0.087183 0.567617
v 1.087654 0.002204 0.437361
v 1.097008 0.001248 0.436168
v 1.105465 -0.002202 0.433686
v 1.112199 -0.007806 0.430159
v 1.116549 -0.015018 0.425932
v 1.118091 -0.023130 0.421418
v -1.422831 -0.107347 0.543301
v -1.421329 -0.099831 0.548764
v -1.417014 -0.092944 0.553536
v -1.410308 -0.087360 0.557151
v -1.401869 -0.083626 0.559255
v -1.392521 -0.082107 0.559641
v 1.087052 0.007281 0.429386
v 1.096393 0.006436 0.428017
v 1.104812 0.003309 0.425028
v 1.111486 -0.001792 0.420710
v 1.115761 -0.008369 0.415487
v 1.117219 -0.015779 0.409869
v -1.423685 -0.098551 0.533083
v -1.422098 -0.091908 0.539559
v -1.417707 -0.085809 0.545247
v -1.410941 -0.080850 0.549588
v -1.402462 -0.077517 0.552158
v -1.393101 -0.076137 0.552705
v 1.086472 0.013251 0.422450
v 1.095800 0.012544 0.420921
v 1.104180 0.009819 0.417465
v 1.110793 0.005343 0.412421
v 1.114992 -0.000447 0.406282
v 1.116365 -0.006984 0.399650
v -1.424515 -0.088382 0.524261
v -1.422845 -0.082752 0.531616
v -1.418380 -0.077566 0.538096
v -1.411554 -0.073332 0.543066
v -1.403038 -0.070465 0.546040
v -1.393663 -0.069245 0.546726
v 1.085910 0.020143 0.416470
v 1.095224 0.019597 0.414802
v 1.103566 0.017337 0.410943
v 1.110121 0.013586 0.405270
v 1.114245 0.008709 0.398339
v 1.115535 0.003186 0.390828
v -1.425315 -0.076908 0.516901
v -1.423568 -0.072386 0.524967
v -1.419033 -0.068199 0.532088
v -1.412152 -0.064759 0.537566
v -1.403600 -0.062401 0.540867
v -1.394213 -0.061356 0.541666
v 1.085359 0.028032 0.411410
v 1.094661 0.027661 0.409630
v 1.102968 0.025911 0.405443
v 1.109467 0.022952 0.399262
v 1.113522 0.019076 0.391689
v 1.114735 0.014660 0.383468
v -1.426080 -0.064199 0.511069
v -1.424264 -0.060829 0.519664
v -1.419665 -0.057683 0.527262
v -1.412735 -0.055067 0.533119
v -1.404151 -0.053239 0.536663
v -1.394753 -0.052377 0.537546
v 1.084819 0.037010 0.407290
v 1.094110 0.036822 0.405426
v 1.102385 0.035602 0.400997
v 1.108835 0.033469 0.394436
v 1.112826 0.030632 0.386387
v 1.113970 0.027369 0.377636
v -1.426802 -0.050323 0.506830
v -1.424927 -0.048105 0.515777
v -1.420274 -0.045996 0.523692
v -1.413301 -0.044205 0.529801
v -1.404689 -0.042905 0.533507
v -1.395282 -0.042226 0.534445
v 1.084290 0.047162 0.404189
v 1.093572 0.047156 0.402269
v 1.101820 0.046465 0.397678
v 1.108226 0.045155 0.390866
v 1.112164 0.043357 0.382500
v 1.113248 0.041244 0.373398
v -1.427478 -0.035352 0.504252
v -1.425552 -0.034244 0.513390
v -1.420854 -0.033138 0.521478
v -1.413845 -0.032142 0.527724
v -1.405210 -0.031353 0.531517
v -1.395795 -0.030849 0.532486
v 1.083777 0.058538 0.402230
v 1.093051 0.058708 0.400280
v 1.101276 0.058528 0.395601
v 1.107646 0.058014 0.388652
v 1.111539 0.057217 0.380113
v 1.112572 0.056216 0.370819
v -1.428099 -0.019353 0.503398
v -1.426131 -0.019331 0.512594
v -1.421395 -0.019205 0.520734
v -1.414356 -0.018987 0.527022
v -1.405702 -0.018698 0.530842
v -1.396280 -0.018366 0.531820
v 1.083292 0.071022 0.401564
v 1.092559 0.071364 0.399604
v 1.100764 0.071682 0.394899
v 1.107105 0.071946 0.387909
v 1.110959 0.072130 0.379317
v 1.111951 0.072215 0.369966
v -1.428635 -0.002950 0.504448
v -1.426630 -0.004078 0.513570
v -1.421860 -0.004989 0.521644
v -1.414794 -0.005594 0.527879
v -1.406123 -0.005833 0.531665
v -1.396695 -0.005683 0.532632
v 1.082878 0.083705 0.402376
v 1.092139 0.084229 0.400428
v 1.100327 0.085076 0.395756
v 1.106640 0.086163 0.388818
v 1.110461 0.087383 0.380293
v 1.111415 0.088618 0.371016
v -1.429037 0.012682 0.507532
v -1.426999 0.010321 0.516411
v -1.422201 0.008297 0.524265
v -1.415112 0.006809 0.530326
v -1.406427 0.006003 0.534000
v -1.396994 0.005958 0.534928
v 1.082579 0.095345 0.404672
v 1.091835 0.096065 0.402763
v 1.100008 0.097479 0.398203
v 1.106299 0.099449 0.391439
v 1.110091 0.101782 0.383134
v 1.111013 0.104250 0.374099
v -1.429299 0.027398 0.512646
v -1.427239 0.023776 0.521087
v -1.422421 0.020614 0.528546
v -1.415316 0.018224 0.534293
v -1.406619 0.016838 0.537765
v -1.397183 0.016593 0.538624
v 1.082390 0.105981 0.408368
v 1.091642 0.106900 0.406528
v 1.099805 0.108893 0.402170
v 1.106079 0.111766 0.395720
v 1.109851 0.115237 0.387810
v 1.110751 0.118966 0.379213
v -1.429416 0.041053 0.519786
v -1.427345 0.036192 0.527580
v -1.422518 0.031915 0.534455
v -1.415405 0.028638 0.539739
v -1.406704 0.026684 0.542914
v -1.397266 0.026242 0.543670
v 1.082307 0.115630 0.413414
v 1.091558 0.116745 0.411677
v 1.099716 0.119308 0.407616
v 1.105983 0.123066 0.401629
v 1.109745 0.127654 0.394303
v 1.110634 0.132621 0.386354
v -1.429383 0.053499 0.528949
v -1.427316 0.047487 0.535894
v -1.422491 0.042169 0.542004
v -1.415380 0.038068 0.546681
v -1.406681 0.035583 0.549466
v -1.397243 0.034959 0.550087
v 1.082330 0.124347 0.419832
v 1.091581 0.125645 0.418228
v 1.099740 0.128737 0.414557
v 1.106009 0.133321 0.409178
v 1.109774 0.138948 0.402617
v 1.110667 0.145067 0.395517
v -1.429196 0.064593 0.540132
v -1.427145 0.057572 0.546061
v -1.422336 0.051346 0.551254
v -1.415237 0.046523 0.555203
v -1.406546 0.043575 0.557521
v -1.397111 0.042791 0.557982
v 1.082462 0.132179 0.427726
v 1.091716 0.133636 0.426284
v 1.099883 0.137192 0.423080
v 1.106165 0.142497 0.418428
v 1.109945 0.149034 0.412783
v 1.110854 0.156161 0.406699
v -1.428848 0.074187 0.553329
v -1.426828 0.066347 0.558130
v -1.422045 0.059381 0.562306
v -1.414968 0.053971 0.565448
v -1.406289 0.050647 0.567248
v -1.396859 0.049733 0.567530
v 1.082713 0.139121 0.437274
v 1.091972 0.140708 0.436011
v 1.100153 0.144640 0.433325
v 1.106455 0.150533 0.429481
v 1.110263 0.157808 0.424853
v 1.111202 0.165755 0.419896
v -1.428336 0.082137 0.568538
v -1.426355 0.073683 0.572165
v -1.421607 0.066164 0.575282
v -1.414559 0.060314 0.577584
v -1.405899 0.056708 0.578844
v -1.396475 0.055697 0.578940
v 1.083098 0.145085 0.448685
v 1.092363 0.146769 0.447607
v 1.100562 0.150984 0.445461
v 1.106893 0.157315 0.442457
v 1.110735 0.165144 0.438888
v 1.111714 0.173705 0.435105
v -1.427654 0.088296 0.585754
v -1.425718 0.079428 0.588222
v -1.421013 0.071534 0.590293
v -1.413997 0.065387 0.591764
v -1.405358 0.061590 0.592491
v -1.395941 0.060514 0.592404
v 1.083631 0.149902 0.462148
v 1.092904 0.151652 0.461254
v 1.101124 0.156056 0.459641
v 1.107488 0.162685 0.457467
v 1.111372 0.170889 0.454945
v 1.112396 0.179864 0.452321
v -1.426796 0.092519 0.604975
v -1.424910 0.083409 0.606342
v -1.420249 0.075297 0.607420
v -1.413268 0.068977 0.608103
v -1.404652 0.065069 0.608324
v -1.395243 0.063954 0.608062
v 1.084330 0.153342 0.477807
v 1.093610 0.155130 0.477087
v 1.101853 0.159646 0.475980
v 1.108252 0.166448 0.474594
v 1.112180 0.174870 0.473065
v 1.113254 0.184087 0.471542
v -1.425759 0.094660 0.626195
v -1.423922 0.085447 0.626548
v -1.419305 0.077243 0.626711
v -1.412360 0.070850 0.626668
v -1.403767 0.066895 0.626424
v -1.394366 0.065764 0.626001
v 1.085207 0.155152 0.495745
v 1.094495 0.156956 0.495186
v 1.102760 0.161519 0.494545
v 1.109195 0.168395 0.493886
v 1.113168 0.176909 0.493271
v 1.114291 0.186228 0.492763
v -1.424536 0.094573 0.649413
v -1.422235 0.085328 0.658575
v -1.417200 0.077094 0.666685
v -1.409923 0.070677 0.672949
v -1.401116 0.066707 0.676753
v -1.391642 0.065571 0.677726
v 1.087931 0.154959 0.547470
v 1.097146 0.156768 0.545516
v 1.105198 0.161346 0.540826
v 1.111300 0.168245 0.533859
v 1.114855 0.176789 0.525298
v 1.115514 0.186141 0.515980
v -1.427769 0.184515 0.649582
v -1.426124 0.193511 0.658779
v -1.421681 0.201732 0.666920
v -1.414873 0.208375 0.673209
v -1.406368 0.212789 0.677029
v -1.396997 0.214542 0.678007
v 1.082576 0.303930 0.547752
v 1.091894 0.302851 0.545792
v 1.100248 0.299044 0.541086
v 1.106819 0.292884 0.534095
v 1.110966 0.284972 0.525502
v 1.112281 0.276083 0.516150
v -1.428928 0.185279 0.628051
v -1.427744 0.194578 0.628684
v -1.423716 0.203073 0.629100
v -1.417238 0.209934 0.629258
v -1.408944 0.214487 0.629142
v -1.399647 0.216289 0.628764
v 1.079926 0.305676 0.498508
v 1.089317 0.304549 0.497905
v 1.097883 0.300603 0.497135
v 1.104784 0.294225 0.496275
v 1.109346 0.286039 0.495407
v 1.111122 0.276847 0.494618
v -1.430042 0.187541 0.608395
v -1.428814 0.196750 0.609813
v -1.424745 0.205164 0.610937
v -1.418236 0.211960 0.611657
v -1.409922 0.216472 0.611901
v -1.400617 0.218259 0.611648
v 1.078956 0.307646 0.481392
v 1.088340 0.306533 0.480664
v 1.096885 0.302629 0.479534
v 1.103755 0.296315 0.478111
v 1.108276 0.288211 0.476536
v 1.110008 0.279109 0.474962
v -1.431110 0.191261 0.590614
v -1.429828 0.200282 0.592927
v -1.425711 0.208528 0.594858
v -1.419163 0.215189 0.596219
v -1.410824 0.219615 0.596875
v -1.401511 0.221373 0.596763
v 1.078061 0.310760 0.466507
v 1.087437 0.309677 0.465637
v 1.095958 0.305858 0.464096
v 1.102789 0.299679 0.462032
v 1.107262 0.291744 0.459650
v 1.108940 0.282829 0.457181
v -1.432131 0.196396 0.574708
v -1.430784 0.205094 0.578025
v -1.426609 0.213047 0.580862
v -1.420015 0.219476 0.582941
v -1.411647 0.223753 0.584059
v -1.402324 0.225459 0.584106
v 1.077249 0.314847 0.453850
v 1.086615 0.313815 0.452822
v 1.095105 0.310145 0.450818
v 1.101891 0.304198 0.448036
v 1.106306 0.296555 0.444748
v 1.107919 0.287964 0.441275
v -1.433103 0.202906 0.560677
v -1.431680 0.211096 0.565088
v -1.427437 0.218591 0.568911
v -1.420789 0.224658 0.571773
v -1.412385 0.228702 0.573393
v -1.403050 0.230327 0.573613
v 1.076522 0.319715 0.443357
v 1.085876 0.318763 0.442155
v 1.094332 0.315327 0.439650
v 1.101063 0.309743 0.436085
v 1.105410 0.302557 0.431810
v 1.106947 0.294474 0.427245
v -1.434024 0.210748 0.548521
v -1.432516 0.218206 0.554066
v -1.428195 0.225041 0.558913
v -1.421485 0.230584 0.562587
v -1.413042 0.234291 0.564729
v -1.403693 0.235801 0.565128
v 1.075879 0.325189 0.434873
v 1.085219 0.324353 0.433491
v 1.093636 0.321253 0.430464
v 1.100305 0.316193 0.426087
v 1.104575 0.309668 0.420789
v 1.106026 0.302316 0.415089
v -1.434893 0.219881 0.538240
v -1.433292 0.226365 0.544883
v -1.428888 0.232320 0.550719
v -1.422111 0.237165 0.555179
v -1.413626 0.240424 0.557825
v -1.404262 0.241779 0.558398
v 1.075310 0.331167 0.428143
v 1.084636 0.330486 0.426587
v 1.093009 0.327834 0.423056
v 1.099612 0.323472 0.417893
v 1.103798 0.317826 0.411605
v 1.105157 0.311449 0.404808
v -1.435709 0.230263 0.529834
v -1.434014 0.235555 0.537441
v -1.429525 0.240435 0.544149
v -1.422682 0.244426 0.549299
v -1.414153 0.247138 0.552389
v -1.404775 0.248305 0.553115
v 1.074798 0.337692 0.422859
v 1.084108 0.337200 0.421151
v 1.092439 0.335096 0.417176
v 1.098975 0.331587 0.411323
v 1.103076 0.327016 0.404164
v 1.104341 0.321831 0.396401
v -1.436470 0.241853 0.523302
v -1.434687 0.245810 0.531662
v -1.430120 0.249487 0.539047
v -1.423213 0.252523 0.544736
v -1.414645 0.254622 0.548171
v -1.405253 0.255577 0.549016
v 1.074320 0.344965 0.418761
v 1.083617 0.344683 0.416934
v 1.091907 0.343193 0.412613
v 1.098380 0.340639 0.406221
v 1.102403 0.337272 0.398384
v 1.103580 0.333421 0.389870
v -1.437174 0.254609 0.518645
v -1.435316 0.257193 0.527506
v -1.430680 0.259631 0.535344
v -1.423719 0.261684 0.541391
v -1.415116 0.263151 0.545057
v -1.405712 0.263889 0.545982
v 1.073861 0.353277 0.415726
v 1.083146 0.353213 0.413820
v 1.091401 0.352353 0.409268
v 1.097820 0.350782 0.402518
v 1.101774 0.348654 0.394229
v 1.102876 0.346177 0.385213
v -1.437821 0.268489 0.515863
v -1.435901 0.269757 0.524987
v -1.431210 0.271007 0.533063
v -1.424205 0.272118 0.539300
v -1.415574 0.272980 0.543087
v -1.406160 0.273509 0.544053
v 1.073413 0.362897 0.413798
v 1.082688 0.363041 0.411849
v 1.090915 0.362787 0.407177
v 1.097290 0.362159 0.400237
v 1.101189 0.361218 0.391710
v 1.102229 0.360056 0.382430
v -1.438408 0.283451 0.514955
v -1.436441 0.283507 0.524153
v -1.431706 0.283664 0.532295
v -1.424668 0.283907 0.538584
v -1.416014 0.284211 0.542405
v -1.406593 0.284549 0.543383
v 1.072980 0.373936 0.413128
v 1.082247 0.374273 0.411168
v 1.090453 0.374576 0.406461
v 1.096794 0.374815 0.399469
v 1.100649 0.374968 0.390876
v 1.101642 0.375019 0.381522
v -1.438906 0.298683 0.515929
v -1.436900 0.297549 0.525051
v -1.432130 0.296632 0.533125
v -1.425064 0.296023 0.539359
v -1.416393 0.295782 0.543145
v -1.406965 0.295930 0.544111
v 1.072608 0.385318 0.413856
v 1.081869 0.385843 0.411908
v 1.090057 0.386693 0.407236
v 1.096370 0.387784 0.400299
v 1.100190 0.389010 0.391774
v 1.101144 0.390250 0.382497
v -1.439269 0.312863 0.518746
v -1.437231 0.310481 0.527620
v -1.432433 0.308439 0.535470
v -1.425344 0.306937 0.541527
v -1.416657 0.306122 0.545199
v -1.407225 0.306073 0.546126
v 1.072348 0.395461 0.415871
v 1.081604 0.396183 0.413962
v 1.089777 0.397606 0.409404
v 1.096067 0.399591 0.402644
v 1.099859 0.401942 0.394343
v 1.100781 0.404430 0.385314
v -1.439499 0.325939 0.523336
v -1.437439 0.322286 0.531764
v -1.432621 0.319098 0.539212
v -1.425515 0.316686 0.544949
v -1.416819 0.315286 0.548416
v -1.407383 0.315036 0.549272
v 1.072190 0.404424 0.419017
v 1.081443 0.405347 0.417179
v 1.089605 0.407355 0.412826
v 1.095880 0.410249 0.406386
v 1.099651 0.413748 0.398487
v 1.100551 0.417507 0.389904
v -1.439599 0.337860 0.529630
v -1.437528 0.332975 0.537408
v -1.432700 0.328675 0.544268
v -1.425587 0.325380 0.549540
v -1.416886 0.323414 0.552708
v -1.407449 0.322969 0.553461
v 1.072124 0.412357 0.423205
v 1.081375 0.413476 0.421470
v 1.089533 0.416050 0.417417
v 1.095800 0.419826 0.411442
v 1.099562 0.424436 0.404130
v 1.100451 0.429428 0.396198
v -1.439568 0.348574 0.537559
v -1.437501 0.342560 0.544501
v -1.432676 0.337242 0.550608
v -1.425566 0.333139 0.555282
v -1.416866 0.330655 0.558066
v -1.407429 0.330031 0.558687
v 1.072144 0.419418 0.428431
v 1.081396 0.420716 0.426828
v 1.089555 0.423809 0.423159
v 1.095824 0.428393 0.417782
v 1.099589 0.434021 0.411224
v 1.100482 0.440142 0.404126
v -1.439410 0.358028 0.547052
v -1.437359 0.351042 0.553018
v -1.432549 0.344847 0.558245
v -1.425450 0.340049 0.562221
v -1.416758 0.337118 0.564556
v -1.407323 0.336340 0.565022
v 1.072250 0.425728 0.434767
v 1.081503 0.427179 0.433319
v 1.089670 0.430719 0.430098
v 1.095951 0.435999 0.425419
v 1.099731 0.442504 0.419741
v 1.100640 0.449596 0.413619
v -1.439127 0.366170 0.558040
v -1.437103 0.358400 0.562948
v -1.432317 0.351497 0.567219
v -1.425238 0.346137 0.570436
v -1.416559 0.342845 0.572285
v -1.407128 0.341942 0.572583
v 1.072445 0.431330 0.442328
v 1.081703 0.432906 0.441047
v 1.089882 0.436806 0.438313
v 1.096183 0.442648 0.434393
v 1.099987 0.449861 0.429670
v 1.100923 0.457738 0.424608
v -1.438719 0.372949 0.570455
v -1.436731 0.364585 0.574276
v -1.431977 0.357148 0.577568
v -1.424924 0.351363 0.580008
v -1.416260 0.347798 0.581357
v -1.406836 0.346802 0.581483
v 1.072737 0.436190 0.451228
v 1.082001 0.437860 0.450119
v 1.090197 0.442032 0.447885
v 1.096523 0.448299 0.444742
v 1.100359 0.456047 0.440999
v 1.101331 0.464517 0.437023
v -1.438189 0.378312 0.584226
v -1.436242 0.369533 0.586981
v -1.431525 0.361720 0.589310
v -1.424501 0.355638 0.590986
v -1.415857 0.351882 0.591845
v -1.406438 0.350820 0.591802
v 1.073134 0.440208 0.461547
v 1.082405 0.441944 0.460607
v 1.090619 0.446307 0.458863
v 1.096975 0.452872 0.456484
v 1.100848 0.460994 0.453703
v 1.101861 0.469879 0.450794
v -1.437538 0.382207 0.599285
v -1.435635 0.373165 0.601022
v -1.430958 0.365115 0.602434
v -1.423965 0.358845 0.603382
v -1.415341 0.354968 0.603774
v -1.405930 0.353864 0.603570
v 1.073643 0.443252 0.473315
v 1.082920 0.445030 0.472536
v 1.091155 0.449514 0.471259
v 1.097542 0.456266 0.469608
v 1.101455 0.464626 0.467745
v 1.102512 0.473775 0.465852
v -1.436769 0.384582 0.615561
v -1.434911 0.375402 0.616349
v -1.430274 0.367227 0.616904
v -1.423313 0.360857 0.617173
v -1.414710 0.356917 0.617128
v -1.405306 0.355791 0.616774
v 1.074267 0.445179 0.486519
v 1.083551 0.446978 0.485891
v 1.091807 0.451526 0.485050
v 1.098226 0.458378 0.484079
v 1.102180 0.466863 0.483072
v 1.103281 0.476150 0.482128
v -1.435882 0.385385 0.632985
v -1.434063 0.376170 0.633017
v -1.429461 0.367964 0.632891
v -1.422528 0.361569 0.632618
v -1.413942 0.357613 0.632226
v -1.404544 0.356482 0.631752
v 1.075029 0.445870 0.501497
v 1.084319 0.447674 0.500989
v 1.092593 0.452239 0.500495
v 1.099039 0.459115 0.500065
v 1.103027 0.467631 0.499740
v 1.104168 0.476953 0.499553
v -1.435396 0.385216 0.642130
v -1.433602 0.376009 0.641682
v -1.429023 0.367811 0.641123
v -1.422108 0.361423 0.640506
v -1.413534 0.357471 0.639894
v -1.404140 0.356341 0.639344
v 1.075433 0.445729 0.509088
v 1.084727 0.447532 0.508656
v 1.093012 0.452092 0.508383
v 1.099477 0.458963 0.508297
v 1.103488 0.467471 0.508405
v 1.104654 0.476784 0.508697
v -1.434904 0.384696 0.651135
v -1.433130 0.375511 0.650315
v -1.428570 0.367332 0.649421
v -1.421670 0.360959 0.648539
v -1.413105 0.357017 0.647755
v -1.403714 0.355891 0.647147
v 1.075859 0.445278 0.516891
v 1.085157 0.447078 0.516517
v 1.093451 0.451629 0.516415
v 1.099930 0.458484 0.516595
v 1.103960 0.466972 0.517038
v 1.105146 0.476264 0.517702
v -1.434403 0.383808 0.660070
v -1.432650 0.374662 0.658865
v -1.428110 0.366517 0.657622
v -1.421225 0.360172 0.656464
v -1.412670 0.356247 0.655502
v -1.403283 0.355127 0.654833
v 1.076290 0.444515 0.524577
v 1.085591 0.446309 0.524265
v 1.093896 0.450841 0.524341
v 1.100390 0.457669 0.524796
v 1.104440 0.466123 0.525588
v 1.105647 0.475376 0.526637
v -1.433888 0.382535 0.669004
v -1.432158 0.373444 0.667410
v -1.427637 0.365350 0.665817
v -1.420768 0.359044 0.664380
v -1.412224 0.355145 0.663240
v -1.402840 0.354033 0.662509
v 1.076733 0.443421 0.532253
v 1.086038 0.445206 0.532003
v 1.094352 0.449713 0.532257
v 1.100863 0.456501 0.532991
v 1.104932 0.464905 0.534133
v 1.106162 0.474103 0.535572
v -1.433354 0.380860 0.678007
v -1.431647 0.371840 0.676032
v -1.427147 0.363809 0.674095
v -1.420294 0.357554 0.672386
v -1.411760 0.353688 0.671071
v -1.402380 0.352587 0.670280
v 1.077193 0.441975 0.540024
v 1.086501 0.443749 0.539834
v 1.094826 0.448223 0.540263
v 1.101353 0.454961 0.541270
v 1.105443 0.463301 0.542755
v 1.106696 0.472428 0.544574
v -1.432799 0.378764 0.687148
v -1.431113 0.369827 0.684810
v -1.426633 0.361872 0.682546
v -1.419796 0.355677 0.680577
v -1.411272 0.351848 0.679095
v -1.401895 0.350761 0.678246
v 1.077677 0.440149 0.547991
v 1.086989 0.441910 0.547858
v 1.095324 0.446346 0.548454
v 1.101867 0.453024 0.549720
v 1.105977 0.461289 0.551533
v 1.107252 0.470332 0.553715
v -1.432216 0.376232 0.696496
v -1.430552 0.367386 0.693821
v -1.426090 0.359513 0.691253
v -1.419269 0.353383 0.689042
v -1.410754 0.349597 0.687405
v -1.401381 0.348524 0.686503
v 1.078192 0.437912 0.556248
v 1.087507 0.439658 0.556168
v 1.095852 0.444053 0.556919
v 1.102410 0.450665 0.558427
v 1.106538 0.458847 0.560544
v 1.107834 0.467800 0.563063
v -1.431603 0.373245 0.706121
v -1.429958 0.364494 0.703140
v -1.425514 0.356707 0.700295
v -1.418707 0.350645 0.697865
v -1.410201 0.346902 0.696088
v -1.400831 0.345845 0.695137
v 1.078742 0.435232 0.564882
v 1.088060 0.436964 0.564851
v 1.096414 0.441314 0.565742
v 1.102986 0.447858 0.567469
v 1.107132 0.455955 0.569863
v 1.108447 0.464813 0.572688
v -1.430954 0.369786 0.716091
v -1.429327 0.361130 0.712838
v -1.424900 0.353427 0.709748
v -1.418104 0.347433 0.707123
v -1.409607 0.343734 0.705221
v -1.400240 0.342691 0.704227
v 1.079333 0.432079 0.573972
v 1.088654 0.433795 0.573984
v 1.097016 0.438102 0.575000
v 1.103601 0.444579 0.576922
v 1.107763 0.452591 0.579561
v 1.109096 0.461354 0.582658
v -1.430266 0.365838 0.726477
v -1.428655 0.357272 0.722986
v -1.424242 0.349651 0.719682
v -1.417458 0.343721 0.716887
v -1.408968 0.340063 0.714876
v -1.399603 0.339035 0.713844
v 1.079970 0.428423 0.583589
v 1.089294 0.430125 0.583638
v 1.097663 0.434390 0.584764
v 1.104259 0.440802 0.586856
v 1.108435 0.448733 0.589709
v 1.109784 0.457405 0.593044
v -1.429535 0.361383 0.737347
v -1.427937 0.352900 0.733652
v -1.423536 0.345355 0.730164
v -1.416762 0.339485 0.727224
v -1.408278 0.335866 0.725118
v -1.398915 0.334850 0.724055
v 1.080657 0.424238 0.593799
v 1.089983 0.425927 0.593881
v 1.098359 0.430154 0.595101
v 1.104964 0.436506 0.597338
v 1.109153 0.444361 0.600375
v 1.110515 0.452951 0.603914
v -1.428755 0.356404 0.748771
v -1.426281 0.342322 0.757924
v -1.421089 0.329726 0.766026
v -1.413687 0.319847 0.772283
v -1.404800 0.313654 0.776083
v -1.395298 0.311752 0.777054
v 1.084274 0.401140 0.646799
v 1.093461 0.403715 0.644846
v 1.101434 0.410516 0.640160
v 1.107411 0.420877 0.633200
v 1.110809 0.433783 0.624647
v 1.111295 0.447972 0.615338
v -1.432097 0.449344 0.748946
v -1.430342 0.455295 0.758137
v -1.425800 0.460771 0.766273
v -1.418914 0.465234 0.772558
v -1.410358 0.468249 0.776375
v -1.400970 0.469520 0.777352
v 1.078602 0.558908 0.647097
v 1.087903 0.558311 0.645138
v 1.096207 0.555903 0.640435
v 1.102700 0.551922 0.633447
v 1.106748 0.546756 0.624860
v 1.107953 0.540912 0.615514
v -1.451012 0.133548 0.172144
v -1.450352 0.142866 0.162826
v -1.446796 0.151379 0.154265
v -1.440693 0.158252 0.147298
v -1.432640 0.162815 0.142608
v -1.423425 0.164619 0.140654
v 1.056147 0.254007 0.010398
v 1.065621 0.252876 0.011371
v 1.074428 0.248922 0.015175
v 1.081704 0.242530 0.021439
v 1.086738 0.234327 0.029549
v 1.089038 0.225116 0.038712
v -1.451117 0.133548 0.170147
v -1.449694 0.142866 0.175345
v -1.445451 0.151379 0.179879
v -1.438801 0.158252 0.183305
v -1.430398 0.162815 0.185287
v -1.421063 0.164619 0.185632
v 1.058510 0.254007 0.055377
v 1.067863 0.252876 0.054050
v 1.076319 0.248922 0.051182
v 1.083050 0.242530 0.047053
v 1.087396 0.234327 0.042068
v 1.088933 0.225116 0.036714
v -1.452381 0.152335 0.158989
v -1.450665 0.157308 0.166768
v -1.446158 0.161901 0.173630
v -1.439300 0.165664 0.178903
v -1.430762 0.168229 0.182072
v -1.421381 0.169345 0.182825
v 1.058192 0.258733 0.052570
v 1.067499 0.258290 0.050835
v 1.075821 0.256333 0.046780
v 1.082342 0.253052 0.040804
v 1.086425 0.248769 0.033491
v 1.087669 0.243903 0.025557
v -1.453573 0.169252 0.147907
v -1.451883 0.174589 0.155447
v -1.447399 0.179511 0.162094
v -1.440559 0.183535 0.167196
v -1.432033 0.186268 0.170255
v -1.422656 0.187441 0.170971
v 1.056917 0.276829 0.040715
v 1.066228 0.276329 0.039018
v 1.074561 0.274204 0.035073
v 1.081101 0.270662 0.029268
v 1.085207 0.266050 0.022170
v 1.086477 0.260820 0.014475
v -1.454695 0.184343 0.136898
v -1.453035 0.190084 0.144145
v -1.448578 0.195369 0.150526
v -1.441760 0.199681 0.155418
v -1.433248 0.202599 0.158341
v -1.423875 0.203837 0.159011
v 1.055698 0.293225 0.028755
v 1.065014 0.292661 0.027104
v 1.073361 0.290351 0.023295
v 1.079922 0.286520 0.017700
v 1.084055 0.281545 0.010867
v 1.085355 0.275911 0.003466
v -1.455750 0.197655 0.125959
v -1.454125 0.203837 0.132842
v -1.449700 0.209521 0.138895
v -1.442906 0.214150 0.143527
v -1.434410 0.217271 0.146284
v -1.425043 0.218579 0.146895
v 1.054530 0.307967 0.016640
v 1.063851 0.307333 0.015046
v 1.072214 0.304820 0.011404
v 1.078801 0.300673 0.006069
v 1.082965 0.295298 -0.000435
v 1.084300 0.289223 -0.007474
v -1.456738 0.209231 0.115085
v -1.455154 0.215892 0.121519
v -1.450766 0.222008 0.127167
v -1.444002 0.226980 0.131477
v -1.435524 0.230321 0.134027
v -1.426164 0.231704 0.134567
v 1.053409 0.321092 0.004312
v 1.062737 0.320382 0.002789
v 1.071119 0.317649 -0.000646
v 1.077734 0.313159 -0.005659
v 1.081936 0.307353 -0.011758
v 1.083312 0.300799 -0.018347
v -1.457663 0.219118 0.104275
v -1.456126 0.226286 0.110153
v -1.451780 0.232859 0.115301
v -1.445050 0.238194 0.119214
v -1.436595 0.241768 0.121509
v -1.427241 0.243232 0.121962
v 1.052331 0.332620 -0.008294
v 1.061667 0.331830 -0.009728
v 1.070070 0.328863 -0.012909
v 1.076720 0.324011 -0.017525
v 1.080964 0.317747 -0.023124
v 1.082387 0.310686 -0.029158
v -1.458524 0.227360 0.093523
v -1.457042 0.235048 0.098724
v -1.452746 0.242090 0.103259
v -1.446054 0.247797 0.106687
v -1.437624 0.251611 0.108670
v -1.428279 0.253157 0.109015
v 1.051293 0.342544 -0.021241
v 1.060637 0.341672 -0.022568
v 1.069066 0.338467 -0.025436
v 1.075754 0.333242 -0.029567
v 1.080048 0.326509 -0.034554
v 1.081526 0.318927 -0.039909
v -1.459326 0.234002 0.082828
v -1.457905 0.242197 0.087211
v -1.453663 0.249697 0.091010
v -1.447016 0.255768 0.093852
v -1.438614 0.259814 0.095460
v -1.429279 0.261441 0.095676
v 1.050294 0.350828 -0.034580
v 1.059648 0.349876 -0.035778
v 1.068105 0.346437 -0.038271
v 1.074837 0.340849 -0.041816
v 1.079185 0.333658 -0.046066
v 1.080724 0.325570 -0.050605
v -1.460068 0.239089 0.072185
v -1.458714 0.247743 0.075609
v -1.454533 0.255657 0.078542
v -1.447934 0.262056 0.080698
v -1.439562 0.266313 0.081865
v -1.430238 0.268012 0.081929
v 1.049335 0.357400 -0.048327
v 1.058699 0.356374 -0.049373
v 1.067187 0.352725 -0.051425
v 1.073967 0.346809 -0.054283
v 1.078376 0.339205 -0.057668
v 1.079982 0.330657 -0.061248
v -1.460754 0.242667 0.061591
v -1.459470 0.251689 0.063928
v -1.455352 0.259934 0.065881
v -1.448803 0.266595 0.067258
v -1.440464 0.271021 0.067925
v -1.431151 0.272778 0.067817
v 1.048422 0.362166 -0.062439
v 1.057797 0.361083 -0.063312
v 1.066317 0.357264 -0.064865
v 1.073148 0.351085 -0.066945
v 1.077620 0.343150 -0.069349
v 1.079296 0.334235 -0.071842
v -1.461384 0.244781 0.051043
v -1.460171 0.254039 0.052202
v -1.456117 0.262497 0.053091
v -1.449618 0.269327 0.053625
v -1.441311 0.273862 0.053750
v -1.432009 0.275656 0.053455
v 1.047564 0.365044 -0.076800
v 1.056950 0.363923 -0.077487
v 1.065503 0.359996 -0.078498
v 1.072383 0.353648 -0.079735
v 1.076919 0.345500 -0.081075
v 1.078666 0.336349 -0.082390
v -1.461961 0.245476 0.040537
v -1.460808 0.254806 0.040600
v -1.456808 0.263329 0.040500
v -1.450352 0.270212 0.040249
v -1.442073 0.274779 0.039870
v -1.432781 0.276586 0.039402
v 1.046792 0.365973 -0.090854
v 1.056188 0.364841 -0.091367
v 1.064768 0.360881 -0.091874
v 1.071692 0.354481 -0.092326
v 1.076282 0.346267 -0.092678
v 1.078089 0.337044 -0.092895
v -1.462418 0.245121 0.031588
v -1.461309 0.254417 0.030792
v -1.457349 0.262910 0.029919
v -1.450925 0.269768 0.029054
v -1.442666 0.274320 0.028281
v -1.433380 0.276121 0.027676
v 1.046193 0.365509 -0.102579
v 1.055596 0.364382 -0.102957
v 1.064196 0.360437 -0.103069
v 1.071151 0.354061 -0.102907
v 1.075781 0.345878 -0.102485
v 1.077632 0.336689 -0.101845
v -1.462847 0.244055 0.022703
v -1.461773 0.253264 0.021175
v -1.457844 0.261677 0.019641
v -1.451445 0.268472 0.018252
v -1.443202 0.272984 0.017142
v -1.433923 0.274771 0.016422
v 1.045650 0.364159 -0.113834
v 1.055059 0.363046 -0.114095
v 1.063675 0.359141 -0.113871
v 1.070656 0.352829 -0.113185
v 1.075317 0.344725 -0.112102
v 1.077203 0.335623 -0.110730
v -1.463247 0.242275 0.013865
v -1.462205 0.251339 0.011624
v -1.458306 0.259623 0.009447
v -1.451930 0.266315 0.007546
v -1.443702 0.270761 0.006109
v -1.434427 0.272525 0.005276
v 1.045146 0.361913 -0.124980
v 1.054559 0.360823 -0.125128
v 1.063191 0.356985 -0.124577
v 1.070194 0.350774 -0.123379
v 1.074885 0.342800 -0.121653
v 1.076803 0.333843 -0.119568
v -1.463619 0.239776 0.005057
v -1.462607 0.248648 0.002137
v -1.458733 0.256758 -0.000652
v -1.452378 0.263312 -0.003039
v -1.444163 0.267670 -0.004788
v -1.434893 0.269403 -0.005729
v 1.044680 0.358791 -0.135984
v 1.054098 0.357731 -0.136025
v 1.062743 0.353981 -0.135162
v 1.069767 0.347909 -0.133478
v 1.074484 0.340109 -0.131140
v 1.076431 0.331344 -0.128376
v -1.463965 0.236555 -0.003738
v -1.462977 0.245196 -0.007290
v -1.459126 0.253097 -0.010649
v -1.452789 0.259486 -0.013488
v -1.444585 0.263737 -0.015527
v -1.435319 0.265434 -0.016568
v 1.044254 0.354822 -0.146824
v 1.053676 0.353798 -0.146765
v 1.062332 0.350155 -0.145611
v 1.069374 0.344249 -0.143475
v 1.074113 0.336657 -0.140567
v 1.076085 0.328123 -0.137171
v -1.464285 0.232609 -0.012539
v -1.463318 0.240991 -0.016667
v -1.459486 0.248659 -0.020546
v -1.453164 0.254863 -0.023798
v -1.444970 0.258995 -0.026102
v -1.435707 0.260651 -0.027235
v 1.043866 0.350039 -0.157490
v 1.053292 0.349057 -0.157340
v 1.061957 0.345532 -0.155921
v 1.069014 0.339811 -0.153372
v 1.073772 0.332452 -0.149944
v 1.075765 0.324177 -0.145971
v -1.464580 0.227934 -0.021361
v -1.463631 0.236042 -0.026007
v -1.459814 0.243463 -0.030354
v -1.453504 0.249470 -0.033976
v -1.445318 0.253476 -0.036519
v -1.436058 0.255089 -0.037733
v 1.043515 0.344476 -0.167989
v 1.052943 0.343538 -0.167756
v 1.061617 0.340139 -0.166099
v 1.068686 0.334614 -0.163180
v 1.073460 0.327503 -0.159284
v 1.075470 0.319502 -0.154794
v -1.464851 0.222528 -0.030223
v -1.463915 0.230355 -0.035328
v -1.460111 0.237523 -0.040089
v -1.453811 0.243330 -0.044040
v -1.445632 0.247207 -0.046793
v -1.436374 0.248776 -0.048080
v 1.043199 0.338163 -0.178336
v 1.052630 0.337269 -0.178031
v 1.061309 0.333999 -0.176163
v 1.068389 0.328675 -0.172915
v 1.073175 0.321816 -0.168605
v 1.075199 0.314096 -0.163656
v -1.465098 0.216385 -0.039142
v -1.464173 0.223935 -0.044650
v -1.460380 0.230853 -0.049774
v -1.454087 0.236462 -0.054013
v -1.445913 0.240211 -0.056952
v -1.436657 0.241736 -0.058303
v 1.042916 0.331123 -0.188558
v 1.052348 0.330273 -0.188189
v 1.061033 0.327131 -0.186136
v 1.068120 0.322005 -0.182600
v 1.072917 0.315397 -0.177927
v 1.074952 0.307953 -0.172575
v -1.465322 0.209504 -0.048135
v -1.464407 0.216786 -0.053994
v -1.460621 0.223461 -0.059434
v -1.454335 0.228878 -0.063924
v -1.446165 0.232504 -0.067024
v -1.436910 0.233986 -0.068430
v 1.042663 0.323373 -0.198686
v 1.052097 0.322565 -0.198261
v 1.060786 0.319547 -0.196047
v 1.067880 0.314613 -0.192260
v 1.072683 0.308247 -0.187271
v 1.074728 0.301072 -0.181568
v -1.465525 0.201880 -0.057220
v -1.464616 0.208907 -0.063382
v -1.460836 0.215352 -0.069096
v -1.454555 0.220586 -0.073804
v -1.446388 0.224095 -0.077043
v -1.437134 0.225537 -0.078498
v 1.042439 0.314924 -0.208753
v 1.051874 0.314157 -0.208281
v 1.060566 0.311255 -0.205927
v 1.067664 0.306504 -0.201922
v 1.072474 0.300368 -0.196659
v 1.074525 0.293447 -0.190652
v -1.465706 0.193509 -0.066413
v -1.464911 0.195261 -0.078370
v -1.461234 0.196948 -0.089311
v -1.455035 0.198405 -0.098167
v -1.446921 0.199489 -0.104070
v -1.437685 0.200095 -0.106442
v 1.041888 0.289483 -0.236698
v 1.051341 0.289551 -0.235307
v 1.060085 0.289074 -0.230290
v 1.067266 0.288099 -0.222137
v 1.072179 0.286722 -0.211647
v 1.074344 0.285077 -0.199846
v -1.460474 0.116559 -0.019623
v -1.458582 0.102175 -0.021768
v -1.453915 0.089305 -0.023859
v -1.446931 0.079210 -0.025690
v -1.438312 0.072877 -0.027083
v -1.428902 0.070927 -0.027901
v 1.050670 0.160315 -0.158157
v 1.059950 0.162938 -0.158320
v 1.068190 0.169879 -0.157813
v 1.074585 0.180456 -0.156684
v 1.078508 0.193636 -0.155045
v 1.079576 0.208127 -0.153056
v -1.460339 0.122883 -0.012717
v -1.458288 0.115957 -0.006716
v -1.453478 0.109815 -0.001458
v -1.446380 0.105060 0.002543
v -1.437688 0.102155 0.004894
v -1.428253 0.101387 0.005366
v 1.051320 0.190775 -0.124890
v 1.060574 0.192217 -0.126343
v 1.068741 0.195729 -0.129580
v 1.075022 0.200967 -0.134284
v 1.078802 0.207418 -0.139993
v 1.079711 0.214451 -0.146150
v -1.460178 0.128838 -0.005555
v -1.458134 0.121634 0.000111
v -1.453331 0.115241 0.005067
v -1.446238 0.110286 0.008828
v -1.437549 0.107254 0.011026
v -1.428116 0.106441 0.011444
v 1.051457 0.195829 -0.118811
v 1.060712 0.197315 -0.120212
v 1.068883 0.200955 -0.123295
v 1.075169 0.206393 -0.127758
v 1.078956 0.213095 -0.133166
v 1.079872 0.220406 -0.138988
v -1.459992 0.134391 0.001787
v -1.457957 0.126930 0.007114
v -1.453162 0.120306 0.011764
v -1.446075 0.115167 0.015282
v -1.437390 0.112017 0.017323
v -1.427958 0.111164 0.017689
v 1.051615 0.200552 -0.112567
v 1.060871 0.202079 -0.113914
v 1.069046 0.205837 -0.116841
v 1.075338 0.211458 -0.121062
v 1.079133 0.218391 -0.126163
v 1.080058 0.225959 -0.131646
v -1.459785 0.139507 0.009232
v -1.457760 0.131806 0.014209
v -1.452973 0.124965 0.018543
v -1.445894 0.119654 0.021811
v -1.437213 0.116393 0.023691
v -1.427783 0.115502 0.024001
v 1.051790 0.204889 -0.106254
v 1.061048 0.206455 -0.107546
v 1.069227 0.210323 -0.110312
v 1.075527 0.216116 -0.114282
v 1.079330 0.223267 -0.119068
v 1.080265 0.231075 -0.124201
v -1.459560 0.144151 0.016704
v -1.457546 0.136221 0.021312
v -1.452770 0.129173 0.025314
v -1.445697 0.123698 0.028317
v -1.437023 0.120332 0.030029
v -1.427594 0.119404 0.030280
v 1.051979 0.208792 -0.099976
v 1.061239 0.210393 -0.101209
v 1.069423 0.214367 -0.103806
v 1.075731 0.220324 -0.107512
v 1.079544 0.227682 -0.111965
v 1.080490 0.235719 -0.116729
v -1.459319 0.148289 0.024126
v -1.457318 0.140136 0.028337
v -1.452553 0.132888 0.031979
v -1.445490 0.127255 0.034698
v -1.436821 0.123787 0.036226
v -1.427395 0.122824 0.036415
v 1.052178 0.212211 -0.093841
v 1.061440 0.213848 -0.095011
v 1.069630 0.217924 -0.097425
v 1.075947 0.224040 -0.100846
v 1.079772 0.231597 -0.104940
v 1.080731 0.239857 -0.109306
v -1.459066 0.151885 0.031423
v -1.457080 0.143515 0.035192
v -1.452329 0.136071 0.038437
v -1.445277 0.130281 0.040839
v -1.436615 0.126713 0.042165
v -1.427191 0.125716 0.042283
v 1.052382 0.215104 -0.087973
v 1.061646 0.216775 -0.089073
v 1.069844 0.220950 -0.091284
v 1.076171 0.227222 -0.094389
v 1.080010 0.234976 -0.098085
v 1.080984 0.243453 -0.102010
v -1.458802 0.154905 0.038517
v -1.456835 0.146320 0.041782
v -1.452101 0.138682 0.044572
v -1.445062 0.132739 0.046614
v -1.436409 0.129073 0.047707
v -1.426987 0.128042 0.047746
v 1.052585 0.217429 -0.082510
v 1.061853 0.219134 -0.083530
v 1.070058 0.223409 -0.085509
v 1.076399 0.229834 -0.088254
v 1.080255 0.237781 -0.091495
v 1.081248 0.246473 -0.094916
v -1.458531 0.157314 0.045333
v -1.456588 0.148519 0.048004
v -1.451874 0.140692 0.050257
v -1.444853 0.134599 0.051874
v -1.436211 0.130836 0.052694
v -1.426793 0.129771 0.052639
v 1.052780 0.219159 -0.077617
v 1.062051 0.220897 -0.078543
v 1.070267 0.225268 -0.080249
v 1.076626 0.231844 -0.082568
v 1.080503 0.239981 -0.085274
v 1.081519 0.248882 -0.088100
v -1.458255 0.159078 0.051794
v -1.456343 0.150086 0.053740
v -1.451658 0.142080 0.055341
v -1.444658 0.135845 0.056439
v -1.436030 0.131991 0.056926
v -1.426617 0.130895 0.056756
v 1.052956 0.220283 -0.073499
v 1.062232 0.222053 -0.074311
v 1.070462 0.226514 -0.075684
v 1.076843 0.233232 -0.077485
v 1.080747 0.241547 -0.079537
v 1.081795 0.250646 -0.081639
v -1.457977 0.160162 0.057823
v -1.456107 0.151006 0.058859
v -1.451460 0.142852 0.059637
v -1.444490 0.136500 0.060083
v -1.435881 0.132571 0.060151
v -1.426475 0.131449 0.059837
v 1.053098 0.220837 -0.070419
v 1.062380 0.222632 -0.071086
v 1.070630 0.227169 -0.072040
v 1.077040 0.234004 -0.073189
v 1.080983 0.242467 -0.074418
v 1.082073 0.251730 -0.075609
v -1.457701 0.160531 0.063345
v -1.455891 0.151294 0.063174
v -1.451298 0.143068 0.062864
v -1.444372 0.136658 0.062446
v -1.435791 0.132692 0.061960
v -1.426394 0.131557 0.061455
v 1.053179 0.220945 -0.068801
v 1.062471 0.222753 -0.069277
v 1.070749 0.227327 -0.069677
v 1.077202 0.234219 -0.069962
v 1.081199 0.242755 -0.070103
v 1.082349 0.252099 -0.070087
v -1.456871 0.159287 0.078281
v -1.455142 0.150171 0.076653
v -1.450622 0.142055 0.075028
v -1.443754 0.135732 0.073566
v -1.435210 0.131821 0.072410
v -1.425827 0.130706 0.071674
v 1.053746 0.220094 -0.058582
v 1.063051 0.221883 -0.058827
v 1.071366 0.226401 -0.058557
v 1.077878 0.233206 -0.057798
v 1.081948 0.241632 -0.056625
v 1.083179 0.250855 -0.055151
v -1.455991 0.155659 0.092551
v -1.454352 0.146916 0.089456
v -1.449914 0.139136 0.086509
v -1.443111 0.133080 0.083997
v -1.434608 0.129340 0.082168
v -1.425239 0.128284 0.081199
v 1.054334 0.217672 -0.049056
v 1.063653 0.219402 -0.049070
v 1.072010 0.223749 -0.048126
v 1.078586 0.230287 -0.046317
v 1.082738 0.238377 -0.043821
v 1.084059 0.247227 -0.040882
v -1.455071 0.149803 0.106032
v -1.453524 0.141639 0.101606
v -1.449167 0.134380 0.097458
v -1.442429 0.128738 0.093994
v -1.433968 0.125264 0.091553
v -1.424613 0.124299 0.090374
v 1.054960 0.213687 -0.039882
v 1.064293 0.215325 -0.039684
v 1.072691 0.219407 -0.038129
v 1.079333 0.225531 -0.035367
v 1.083566 0.233100 -0.031671
v 1.084979 0.241371 -0.027401
v -1.454125 0.141876 0.118604
v -1.452665 0.134442 0.113019
v -1.448387 0.127843 0.107826
v -1.441711 0.122724 0.103532
v -1.433291 0.119587 0.100558
v -1.423949 0.118738 0.099195
v 1.055623 0.208125 -0.031061
v 1.064971 0.209648 -0.030680
v 1.073409 0.213393 -0.028591
v 1.080113 0.218995 -0.025000
v 1.084425 0.225904 -0.020258
v 1.085925 0.233444 -0.014828
v -1.453164 0.132034 0.130147
v -1.451785 0.125433 0.123584
v -1.447581 0.119586 0.117509
v -1.440963 0.115064 0.112515
v -1.432580 0.112310 0.109091
v -1.423252 0.111593 0.107573
v 1.056321 0.200980 -0.022682
v 1.065681 0.202371 -0.022146
v 1.074157 0.205733 -0.019608
v 1.080919 0.210738 -0.015317
v 1.085305 0.216895 -0.009693
v 1.086886 0.223601 -0.003286
v -1.452200 0.120432 0.140538
v -1.450895 0.114728 0.133172
v -1.446759 0.109690 0.126372
v -1.440194 0.105810 0.120803
v -1.431845 0.103468 0.117011
v -1.422529 0.102893 0.115365
v 1.057044 0.192281 -0.014890
v 1.066416 0.193529 -0.014227
v 1.074926 0.196479 -0.011320
v 1.081742 0.200842 -0.006454
v 1.086195 0.206190 -0.000105
v 1.087850 0.212000 0.007105
v -1.451245 0.107227 0.149657
v -1.450008 0.102457 0.141647
v -1.445932 0.098260 0.134266
v -1.439416 0.095048 0.128235
v -1.431098 0.093135 0.124146
v -1.421792 0.092708 0.122399
v 1.057781 0.182096 -0.007856
v 1.067164 0.183196 -0.007091
v 1.075705 0.185717 -0.003888
v 1.082568 0.189412 0.001440
v 1.087082 0.193918 0.008370
v 1.088805 0.198795 0.016225
v -1.450311 0.092575 0.157383
v -1.449134 0.088758 0.148871
v -1.445113 0.085421 0.141036
v -1.438641 0.082892 0.134646
v -1.430351 0.081417 0.130326
v -1.421055 0.081140 0.128499
v 1.058518 0.170528 -0.001757
v 1.067911 0.171478 -0.000912
v 1.076480 0.173561 0.002523
v 1.083387 0.176573 0.008210
v 1.087956 0.180219 0.015594
v 1.089739 0.184143 0.023951
v -1.449410 0.076632 0.163595
v -1.448288 0.073779 0.154707
v -1.444316 0.071312 0.146533
v -1.437882 0.069472 0.139874
v -1.429618 0.068440 0.135382
v -1.420330 0.068317 0.133495
v 1.059243 0.157705 0.003240
v 1.068644 0.158502 0.004144
v 1.077238 0.160142 0.007751
v 1.084184 0.162463 0.013707
v 1.088802 0.165240 0.021430
v 1.090640 0.168200 0.030163
v -1.448554 0.059555 0.168172
v -1.447480 0.057671 0.159024
v -1.443552 0.056078 0.150616
v -1.437154 0.054932 0.143771
v -1.428911 0.054346 0.139159
v -1.419631 0.054376 0.137231
v 1.059942 0.143764 0.006976
v 1.069350 0.144407 0.007921
v 1.077967 0.145602 0.011648
v 1.084948 0.147230 0.017790
v 1.089610 0.149132 0.025747
v 1.091496 0.151122 0.034739
v -1.447755 0.041498 0.170992
v -1.446724 0.040585 0.161692
v -1.442835 0.039868 0.153148
v -1.436467 0.039418 0.146194
v -1.428244 0.039277 0.141512
v -1.418971 0.039461 0.139561
v 1.060602 0.128849 0.009305
v 1.070017 0.129339 0.010275
v 1.078653 0.130087 0.014071
v 1.085665 0.131020 0.020322
v 1.090366 0.132047 0.028415
v 1.092295 0.133066 0.037559
v -1.447025 0.022620 0.171935
v -1.446022 0.022433 0.162599
v -1.442158 0.022372 0.154021
v -1.435810 0.022441 0.147042
v -1.427601 0.022634 0.142343
v -1.418332 0.022933 0.140386
v 1.061241 0.112321 0.010131
v 1.070661 0.112696 0.011106
v 1.079310 0.113110 0.014919
v 1.086342 0.113523 0.021195
v 1.091068 0.113895 0.029322
v 1.093025 0.114188 0.038502
v -1.438582 -0.212228 0.171491
v -1.437255 -0.221439 0.162138
v -1.433098 -0.229642 0.153545
v -1.426518 -0.236033 0.146554
v -1.418159 -0.239988 0.141847
v -1.408839 -0.241118 0.139887
v 1.070734 -0.151731 0.009632
v 1.080102 -0.149926 0.010610
v 1.088602 -0.145364 0.014431
v 1.095402 -0.138490 0.020720
v 1.099835 -0.129978 0.028861
v 1.101468 -0.120660 0.038059
v -1.433913 -0.212228 0.260369
v -1.431613 -0.221439 0.269531
v -1.426579 -0.229642 0.277641
v -1.419303 -0.236033 0.283905
v -1.410497 -0.239988 0.287710
v -1.401023 -0.241118 0.288682
v 1.078550 -0.151731 0.158427
v 1.087765 -0.149926 0.156472
v 1.095818 -0.145364 0.151782
v 1.101921 -0.138490 0.144816
v 1.105477 -0.129978 0.136254
v 1.106137 -0.120660 0.126936
v -1.450044 0.236482 0.261216
v -1.448411 0.245799 0.270414
v -1.443978 0.254312 0.278555
v -1.437178 0.261186 0.284844
v -1.428678 0.265748 0.288665
v -1.419309 0.267552 0.289643
v 1.060263 0.356940 0.159387
v 1.069583 0.355809 0.157427
v 1.077942 0.351855 0.152721
v 1.084522 0.345463 0.145729
v 1.088679 0.337261 0.137136
v 1.090006 0.328049 0.127783
v -1.454713 0.236482 0.172339
v -1.454052 0.245799 0.163021
v -1.450497 0.254312 0.154459
v -1.444393 0.261186 0.147493
v -1.436341 0.265748 0.142803
v -1.427126 0.267552 0.140848
v 1.052447 0.356940 0.010592
v 1.061921 0.355809 0.011565
v 1.070727 0.351855 0.015370
v 1.078004 0.345463 0.021633
v 1.083038 0.337261 0.029744
v 1.085337 0.328049 0.038906
v -1.464811 -0.212228 -0.327820
v -1.462984 -0.221439 -0.327648
v -1.458376 -0.229642 -0.327649
v -1.451438 -0.236033 -0.327821
v -1.442849 -0.239988 -0.328150
v -1.433449 -0.241118 -0.328601
v 1.046123 -0.151731 -0.458856
v 1.055413 -0.149926 -0.459387
v 1.063683 -0.145364 -0.459944
v 1.070124 -0.138490 -0.460474
v 1.074106 -0.129978 -0.460926
v 1.075239 -0.120660 -0.461253
v -1.463177 -0.210355 -0.295423
v -1.461308 -0.219518 -0.294414
v -1.456661 -0.227677 -0.293659
v -1.449693 -0.234034 -0.293232
v -1.441084 -0.237966 -0.293175
v -1.431678 -0.239089 -0.293494
v 1.047894 -0.149701 -0.423749
v 1.057177 -0.147905 -0.424412
v 1.065428 -0.143365 -0.425355
v 1.071839 -0.136526 -0.426484
v 1.075782 -0.128057 -0.427691
v 1.076873 -0.118787 -0.428855
v -1.461789 -0.204825 -0.265217
v -1.459867 -0.213774 -0.263039
v -1.455172 -0.221740 -0.261230
v -1.448165 -0.227944 -0.259967
v -1.439532 -0.231778 -0.259373
v -1.430117 -0.232867 -0.259507
v 1.049456 -0.143479 -0.389763
v 1.058730 -0.141717 -0.390611
v 1.066956 -0.137275 -0.392090
v 1.073328 -0.130589 -0.394056
v 1.077224 -0.122313 -0.396316
v 1.078261 -0.113257 -0.398649
v -1.460650 -0.195770 -0.237320
v -1.458678 -0.204327 -0.233935
v -1.453939 -0.211939 -0.231036
v -1.446897 -0.217862 -0.228909
v -1.438241 -0.221516 -0.227760
v -1.428819 -0.222543 -0.227702
v 1.050754 -0.133155 -0.357958
v 1.060020 -0.131454 -0.358997
v 1.068224 -0.127193 -0.361032
v 1.074561 -0.120788 -0.363862
v 1.078412 -0.112865 -0.367212
v 1.079400 -0.104202 -0.370753
v -1.459761 -0.183321 -0.211851
v -1.457747 -0.191292 -0.207268
v -1.452970 -0.198376 -0.203290
v -1.445898 -0.203880 -0.200304
v -1.437223 -0.207265 -0.198605
v -1.427794 -0.208199 -0.198357
v 1.051779 -0.118811 -0.328613
v 1.061038 -0.117203 -0.329842
v 1.069222 -0.113211 -0.332427
v 1.075530 -0.107225 -0.336115
v 1.079343 -0.099831 -0.340546
v 1.080289 -0.091753 -0.345284
v -1.459124 -0.167610 -0.188929
v -1.457078 -0.174807 -0.183216
v -1.452273 -0.181193 -0.178218
v -1.445178 -0.186143 -0.174424
v -1.436489 -0.189172 -0.172206
v -1.427055 -0.189983 -0.171780
v 1.052518 -0.100595 -0.302035
v 1.061773 -0.099110 -0.303443
v 1.069942 -0.095474 -0.306547
v 1.076227 -0.090042 -0.311044
v 1.080012 -0.083346 -0.316493
v 1.080926 -0.076042 -0.322361
v -1.458739 -0.148769 -0.168670
v -1.456674 -0.155032 -0.161952
v -1.451851 -0.160574 -0.156048
v -1.444743 -0.164855 -0.151534
v -1.436045 -0.167454 -0.148854
v -1.426608 -0.168118 -0.148268
v 1.052965 -0.078730 -0.278524
v 1.062217 -0.077393 -0.280091
v 1.070377 -0.074186 -0.283657
v 1.076649 -0.069423 -0.288874
v 1.080416 -0.063570 -0.295229
v 1.081311 -0.057201 -0.302102
v -1.458608 -0.126930 -0.151193
v -1.456537 -0.132144 -0.143637
v -1.451709 -0.136741 -0.136975
v -1.444596 -0.140271 -0.131861
v -1.435895 -0.142389 -0.128795
v -1.426457 -0.142886 -0.128077
v 1.053116 -0.053499 -0.258332
v 1.062367 -0.052327 -0.260032
v 1.070525 -0.049602 -0.263984
v 1.076791 -0.045590 -0.269801
v 1.080553 -0.040683 -0.276914
v 1.081442 -0.035362 -0.284626
v -1.458733 -0.102225 -0.136617
v -1.456667 -0.106333 -0.128407
v -1.451844 -0.109931 -0.121157
v -1.444735 -0.112669 -0.115575
v -1.436037 -0.114278 -0.112209
v -1.426600 -0.114600 -0.111387
v 1.052973 -0.025212 -0.241643
v 1.062225 -0.024216 -0.243446
v 1.070385 -0.022000 -0.247698
v 1.076656 -0.018780 -0.253983
v 1.080423 -0.014871 -0.261684
v 1.081317 -0.010657 -0.270049
v -1.459115 -0.074786 -0.125059
v -1.457065 -0.077780 -0.116380
v -1.452256 -0.080375 -0.108707
v -1.445158 -0.082315 -0.102790
v -1.436467 -0.083412 -0.099208
v -1.427032 -0.083558 -0.098312
v 1.052541 0.005829 -0.228568
v 1.061795 0.006649 -0.230445
v 1.069963 0.008354 -0.234913
v 1.076244 0.010777 -0.241533
v 1.080025 0.013681 -0.249658
v 1.080935 0.016782 -0.258491
v -1.459755 -0.044744 -0.116637
v -1.457729 -0.046659 -0.107657
v -1.452940 -0.048281 -0.099711
v -1.445859 -0.049449 -0.093577
v -1.437178 -0.050051 -0.089856
v -1.427747 -0.050026 -0.088912
v 1.051826 0.039362 -0.219168
v 1.061083 0.040011 -0.221093
v 1.069262 0.041220 -0.225700
v 1.075560 0.042871 -0.232536
v 1.079362 0.044802 -0.240934
v 1.080295 0.046824 -0.250070
v -1.460656 -0.012231 -0.111471
v -1.458657 -0.013129 -0.102328
v -1.453894 -0.013833 -0.094236
v -1.446833 -0.014272 -0.087987
v -1.438165 -0.014406 -0.084192
v -1.428739 -0.014220 -0.083222
v 1.050834 0.075168 -0.213478
v 1.060096 0.075656 -0.215429
v 1.068287 0.076397 -0.220110
v 1.074606 0.077319 -0.227062
v 1.078433 0.078332 -0.235605
v 1.079394 0.079337 -0.244903
v -1.461818 0.022620 -0.109677
v -1.459853 0.022722 -0.100483
v -1.455120 0.022921 -0.092345
v -1.448083 0.023197 -0.086058
v -1.439430 0.023523 -0.082239
v -1.430009 0.023867 -0.081262
v 1.049564 0.113255 -0.211517
v 1.058831 0.113584 -0.213477
v 1.067038 0.113866 -0.218181
v 1.073380 0.114072 -0.225170
v 1.077237 0.114183 -0.233760
v 1.078232 0.114188 -0.243110
v -1.463057 0.054296 -0.111520
v -1.461134 0.055482 -0.102389
v -1.456439 0.056658 -0.094308
v -1.449432 0.057709 -0.088067
v -1.440799 0.058533 -0.084277
v -1.431385 0.059049 -0.083309
v 1.048188 0.148437 -0.213565
v 1.057462 0.148595 -0.215514
v 1.065688 0.148378 -0.220190
v 1.072061 0.147809 -0.227134
v 1.075956 0.146943 -0.235667
v 1.076993 0.145864 -0.244953
v -1.464426 0.084238 -0.117046
v -1.462556 0.086578 -0.108128
v -1.457909 0.088796 -0.100239
v -1.450940 0.090674 -0.094150
v -1.442332 0.092029 -0.090458
v -1.432925 0.092728 -0.089524
v 1.046647 0.182116 -0.219780
v 1.055930 0.182091 -0.221696
v 1.064180 0.181344 -0.226273
v 1.070591 0.179947 -0.233065
v 1.074534 0.178039 -0.241405
v 1.075624 0.175805 -0.250478
v -1.465910 0.112249 -0.126063
v -1.464101 0.115744 -0.117517
v -1.459509 0.119003 -0.109963
v -1.452584 0.121708 -0.104140
v -1.444003 0.123593 -0.100619
v -1.434607 0.124475 -0.099744
v 1.044966 0.213863 -0.229999
v 1.054258 0.213655 -0.231856
v 1.062537 0.212377 -0.236263
v 1.068991 0.210154 -0.242789
v 1.072989 0.207205 -0.250794
v 1.074140 0.203817 -0.259496
v -1.467490 0.138138 -0.138382
v -1.465750 0.142754 -0.130369
v -1.461220 0.147024 -0.123297
v -1.454344 0.150532 -0.117856
v -1.445794 0.152933 -0.114580
v -1.436409 0.153992 -0.113790
v 1.043164 0.243380 -0.244045
v 1.052467 0.242994 -0.245817
v 1.060777 0.241201 -0.249979
v 1.067280 0.238176 -0.256122
v 1.071340 0.234215 -0.263646
v 1.072560 0.229706 -0.271814
v -1.469151 0.161708 -0.153812
v -1.467484 0.167380 -0.146491
v -1.463022 0.172603 -0.140041
v -1.456199 0.176866 -0.135095
v -1.447683 0.179752 -0.132137
v -1.438310 0.180979 -0.131456
v 1.041263 0.270367 -0.261712
v 1.050578 0.269814 -0.263375
v 1.058922 0.267535 -0.267218
v 1.065479 0.263754 -0.272867
v 1.069606 0.258841 -0.279768
v 1.070899 0.253276 -0.287245
v -1.470874 0.182766 -0.172163
v -1.469286 0.189396 -0.165677
v -1.464894 0.195484 -0.159981
v -1.458127 0.200434 -0.155634
v -1.449648 0.203761 -0.153059
v -1.440287 0.205139 -0.152511
v 1.039286 0.294527 -0.282766
v 1.048613 0.293822 -0.284297
v 1.056993 0.291103 -0.287757
v 1.063606 0.286636 -0.292807
v 1.067804 0.280858 -0.298954
v 1.069176 0.274334 -0.305596
v -1.472643 0.201118 -0.193244
v -1.471135 0.208582 -0.187717
v -1.466816 0.215423 -0.182885
v -1.460106 0.220969 -0.179224
v -1.451664 0.224680 -0.177090
v -1.442316 0.226190 -0.176693
v 1.037257 0.315578 -0.306949
v 1.046597 0.314741 -0.308327
v 1.055014 0.311639 -0.311347
v 1.061684 0.306574 -0.315711
v 1.065955 0.300043 -0.320994
v 1.067407 0.292686 -0.326677
v -1.474441 0.216569 -0.216866
v -1.473014 0.224722 -0.212392
v -1.468766 0.232184 -0.208511
v -1.462114 0.238224 -0.205603
v -1.453709 0.242251 -0.203954
v -1.444373 0.243871 -0.203724
v 1.035200 0.333259 -0.333979
v 1.044552 0.332312 -0.335191
v 1.053006 0.328893 -0.337726
v 1.059734 0.323335 -0.341337
v 1.064077 0.316183 -0.345669
v 1.065609 0.308136 -0.350299
v -1.476250 0.228924 -0.242838
v -1.474901 0.237609 -0.239480
v -1.470724 0.245550 -0.236607
v -1.464128 0.251970 -0.234499
v -1.455758 0.256242 -0.233363
v -1.446435 0.257946 -0.233310
v 1.033138 0.347333 -0.363565
v 1.042503 0.346303 -0.364600
v 1.050993 0.342640 -0.366622
v 1.057776 0.336701 -0.369433
v 1.062189 0.329070 -0.372757
v 1.063800 0.320492 -0.376270
v -1.478055 0.237990 -0.270969
v -1.476779 0.247044 -0.268759
v -1.472669 0.255319 -0.266921
v -1.466125 0.262005 -0.265634
v -1.457790 0.266446 -0.265026
v -1.448478 0.268208 -0.265154
v 1.031095 0.357596 -0.395410
v 1.040472 0.356507 -0.396263
v 1.048995 0.352674 -0.397757
v 1.055831 0.346471 -0.399746
v 1.060311 0.338506 -0.402036
v 1.061995 0.329558 -0.404401
v -1.479837 0.243572 -0.301069
v -1.478630 0.252839 -0.300006
v -1.474580 0.261306 -0.299203
v -1.468085 0.268144 -0.298738
v -1.459781 0.272683 -0.298656
v -1.450480 0.274479 -0.298966
v 1.029093 0.363867 -0.429222
v 1.038480 0.362744 -0.429893
v 1.047035 0.358813 -0.430861
v 1.053920 0.352457 -0.432029
v 1.058460 0.344300 -0.433283
v 1.060213 0.335140 -0.434501
v -1.481581 0.245476 -0.332948
v -1.480423 0.254797 -0.332798
v -1.476418 0.263314 -0.332818
v -1.469959 0.270190 -0.333006
v -1.461678 0.274754 -0.333344
v -1.452385 0.276559 -0.333799
v 1.027188 0.365947 -0.464054
v 1.036584 0.364816 -0.464581
v 1.045161 0.360859 -0.465129
v 1.052082 0.354465 -0.465644
v 1.056667 0.346259 -0.466075
v 1.058469 0.337044 -0.466380
v -1.481968 0.245370 -0.340402
v -1.480836 0.254685 -0.340730
v -1.476854 0.263195 -0.341182
v -1.470412 0.270067 -0.341713
v -1.462142 0.274628 -0.342271
v -1.452853 0.276431 -0.342801
v 1.026720 0.365819 -0.473057
v 1.036119 0.364689 -0.473508
v 1.044708 0.360736 -0.473836
v 1.051646 0.354346 -0.474008
v 1.056255 0.346146 -0.474007
v 1.058082 0.336938 -0.473834
v -1.482346 0.245045 -0.347808
v -1.481227 0.254348 -0.348416
v -1.477258 0.262847 -0.349120
v -1.470827 0.269710 -0.349851
v -1.462564 0.274265 -0.350538
v -1.453276 0.276067 -0.351113
v 1.026296 0.365455 -0.481369
v 1.035698 0.364327 -0.481776
v 1.044294 0.360379 -0.481974
v 1.051242 0.353999 -0.481946
v 1.055863 0.345809 -0.481693
v 1.057704 0.336613 -0.481240
v -1.482714 0.244492 -0.355200
v -1.481610 0.253773 -0.356098
v -1.477654 0.262252 -0.357064
v -1.471233 0.269100 -0.358002
v -1.462976 0.273645 -0.358822
v -1.453691 0.275444 -0.359443
v 1.025881 0.364831 -0.489698
v 1.035285 0.363707 -0.490059
v 1.043887 0.359769 -0.490125
v 1.050846 0.353404 -0.489889
v 1.055480 0.345234 -0.489375
v 1.057336 0.336060 -0.488633
v -1.483075 0.243699 -0.362614
v -1.481985 0.252949 -0.363806
v -1.478042 0.261400 -0.365037
v -1.471632 0.268224 -0.366187
v -1.463381 0.272755 -0.367142
v -1.454099 0.274549 -0.367809
v 1.025474 0.363936 -0.498065
v 1.034880 0.362817 -0.498379
v 1.043489 0.358894 -0.498310
v 1.050458 0.352551 -0.497863
v 1.055105 0.344410 -0.497083
v 1.056975 0.335267 -0.496046
v -1.483430 0.242656 -0.370084
v -1.482354 0.251865 -0.371570
v -1.478423 0.260279 -0.373066
v -1.472023 0.267074 -0.374426
v -1.463779 0.271586 -0.375516
v -1.454499 0.273373 -0.376230
v 1.025074 0.362761 -0.506486
v 1.034482 0.361648 -0.506754
v 1.043098 0.357743 -0.506549
v 1.050077 0.351430 -0.505892
v 1.054736 0.343326 -0.504847
v 1.056620 0.334224 -0.503516
v -1.483780 0.241353 -0.377644
v -1.482717 0.250512 -0.379419
v -1.478799 0.258881 -0.381176
v -1.472408 0.265641 -0.382742
v -1.464170 0.270130 -0.383965
v -1.454892 0.271909 -0.384725
v 1.024681 0.361297 -0.514981
v 1.034091 0.360192 -0.515203
v 1.042712 0.356310 -0.514865
v 1.049701 0.350033 -0.514001
v 1.054373 0.341973 -0.512696
v 1.056270 0.332921 -0.511076
v -1.484127 0.239780 -0.385329
v -1.483077 0.248881 -0.387383
v -1.479170 0.257199 -0.389392
v -1.472788 0.263918 -0.391158
v -1.464556 0.268381 -0.392509
v -1.455280 0.270151 -0.393313
v 1.024293 0.359539 -0.523569
v 1.033705 0.358442 -0.523746
v 1.042333 0.354587 -0.523281
v 1.049330 0.348350 -0.522218
v 1.054013 0.340343 -0.520661
v 1.055923 0.331348 -0.518762
v -1.484472 0.237925 -0.393175
v -1.483434 0.246964 -0.395494
v -1.479537 0.255225 -0.397742
v -1.473164 0.261899 -0.399699
v -1.464937 0.266333 -0.401172
v -1.455663 0.268093 -0.402018
v 1.023910 0.357481 -0.532273
v 1.033324 0.356394 -0.532409
v 1.041957 0.352568 -0.531822
v 1.048963 0.346376 -0.530568
v 1.053656 0.338425 -0.528772
v 1.055578 0.329493 -0.526608
v -1.484817 0.235779 -0.401216
v -1.483790 0.244751 -0.403784
v -1.479903 0.252952 -0.406257
v -1.473537 0.259579 -0.408391
v -1.465315 0.263982 -0.409979
v -1.456043 0.265732 -0.410864
v 1.023530 0.355119 -0.541120
v 1.032946 0.354044 -0.541217
v 1.041584 0.350248 -0.540514
v 1.048597 0.344104 -0.539083
v 1.053300 0.336212 -0.537061
v 1.055233 0.327347 -0.534648
v -1.485164 0.233331 -0.409485
v -1.484146 0.242235 -0.412285
v -1.480267 0.250374 -0.414966
v -1.473908 0.256951 -0.417266
v -1.465691 0.261324 -0.418960
v -1.456420 0.263062 -0.419882
v 1.023153 0.352450 -0.550138
v 1.032570 0.351385 -0.550197
v 1.041212 0.347621 -0.549389
v 1.048233 0.341525 -0.547792
v 1.052945 0.333696 -0.545562
v 1.054886 0.324899 -0.542918
v -1.485512 0.230570 -0.418019
v -1.484503 0.239406 -0.421031
v -1.480633 0.247483 -0.423903
v -1.474280 0.254012 -0.426354
v -1.466067 0.258352 -0.428146
v -1.456797 0.260080 -0.429101
v 1.022776 0.349468 -0.559357
v 1.032195 0.348414 -0.559383
v 1.040841 0.344681 -0.558477
v 1.047867 0.338635 -0.556729
v 1.052587 0.330867 -0.554308
v 1.054538 0.322138 -0.551452
v -1.485865 0.227487 -0.426852
v -1.484368 0.240587 -0.417647
v -1.480057 0.252511 -0.409499
v -1.473355 0.262092 -0.403205
v -1.464918 0.268393 -0.399382
v -1.455571 0.270796 -0.398402
v 1.024002 0.360183 -0.528658
v 1.033344 0.358454 -0.530619
v 1.041765 0.352761 -0.535328
v 1.048443 0.343662 -0.542325
v 1.052722 0.332048 -0.550925
v 1.054185 0.319055 -0.560285
v -1.494560 0.469331 -0.426395
v -1.492926 0.478649 -0.417198
v -1.488493 0.487161 -0.409056
v -1.481694 0.494035 -0.402767
v -1.473194 0.498597 -0.398947
v -1.463825 0.500401 -0.397969
v 1.015748 0.589789 -0.528224
v 1.025068 0.588659 -0.530184
v 1.033427 0.584704 -0.534890
v 1.040007 0.578313 -0.541882
v 1.044164 0.570110 -0.550475
v 1.045491 0.560899 -0.559828
v -1.499228 0.469331 -0.515273
v -1.498568 0.478649 -0.524591
v -1.495012 0.487161 -0.533152
v -1.488909 0.494035 -0.540119
v -1.480856 0.498597 -0.544809
v -1.471641 0.500401 -0.546764
v 1.007931 0.589789 -0.677019
v 1.017406 0.588659 -0.676047
v 1.026212 0.584704 -0.672242
v 1.033488 0.578313 -0.665978
v 1.038522 0.570110 -0.657868
v 1.040822 0.560899 -0.648706
v -1.474726 -0.212228 -0.516560
v -1.473399 -0.221439 -0.525913
v -1.469243 -0.229642 -0.534506
v -1.462663 -0.236033 -0.541498
v -1.454304 -0.239988 -0.546204
v -1.444983 -0.241118 -0.548164
v 1.034589 -0.151731 -0.678420
v 1.043958 -0.149926 -0.677441
v 1.052458 -0.145364 -0.673621
v 1.059258 -0.138490 -0.667332
v 1.063691 -0.129978 -0.659190
v 1.065324 -0.120660 -0.649993
v -1.482743 0.151392 -0.419644
v -1.480781 0.142768 -0.416491
v -1.476051 0.135096 -0.413803
v -1.469015 0.129125 -0.411842
v -1.460364 0.125440 -0.410801
v -1.450943 0.124403 -0.410780
v 1.028629 0.213791 -0.541036
v 1.037897 0.215502 -0.542038
v 1.046105 0.219794 -0.543965
v 1.052449 0.226247 -0.546629
v 1.056309 0.234230 -0.549769
v 1.057307 0.242960 -0.553076
v -1.482462 0.153961 -0.412529
v -1.480508 0.145258 -0.409596
v -1.475786 0.137514 -0.407105
v -1.468757 0.131487 -0.405301
v -1.460110 0.127766 -0.404360
v -1.450690 0.126716 -0.404374
v 1.028883 0.216104 -0.534630
v 1.038152 0.217827 -0.535597
v 1.046364 0.222156 -0.537424
v 1.052714 0.228666 -0.539931
v 1.056582 0.236720 -0.542873
v 1.057588 0.245529 -0.545962
v -1.482181 0.156252 -0.405610
v -1.480238 0.147467 -0.402926
v -1.475524 0.139649 -0.400660
v -1.468503 0.133562 -0.399034
v -1.459860 0.129804 -0.398207
v -1.450442 0.128741 -0.398260
v 1.029131 0.218128 -0.528516
v 1.038402 0.219865 -0.529444
v 1.046618 0.224232 -0.531157
v 1.052976 0.230800 -0.533485
v 1.056852 0.238928 -0.536203
v 1.057869 0.247820 -0.539042
v -1.481898 0.158273 -0.398836
v -1.479966 0.149405 -0.396429
v -1.475263 0.141512 -0.394413
v -1.468250 0.135366 -0.392986
v -1.459612 0.131570 -0.392287
v -1.450197 0.130494 -0.392384
v 1.029376 0.219881 -0.522640
v 1.038649 0.221631 -0.523524
v 1.046871 0.226036 -0.525109
v 1.053237 0.232664 -0.527239
v 1.057124 0.240866 -0.529706
v 1.058152 0.249841 -0.532269
v -1.481611 0.160030 -0.392161
v -1.479692 0.151083 -0.390055
v -1.475001 0.143118 -0.388311
v -1.467996 0.136916 -0.387100
v -1.459365 0.133083 -0.386539
v -1.449951 0.131994 -0.386684
v 1.029622 0.221382 -0.516940
v 1.038896 0.223144 -0.517776
v 1.047124 0.227585 -0.519222
v 1.053499 0.234270 -0.521137
v 1.057398 0.242544 -0.523332
v 1.058439 0.251598 -0.525593
v -1.481317 0.161530 -0.385534
v -1.479412 0.152510 -0.383748
v -1.474734 0.144481 -0.382293
v -1.467740 0.138226 -0.381311
v -1.459115 0.134360 -0.380897
v -1.449703 0.133260 -0.381093
v 1.029870 0.222647 -0.511348
v 1.039147 0.224421 -0.512134
v 1.047381 0.228895 -0.513434
v 1.053766 0.235632 -0.515119
v 1.057678 0.243972 -0.517026
v 1.058733 0.253098 -0.518966
v -1.481014 0.162780 -0.378907
v -1.479124 0.153698 -0.377453
v -1.474459 0.145612 -0.376297
v -1.467476 0.139313 -0.375552
v -1.458858 0.135418 -0.375291
v -1.449449 0.134308 -0.375539
v 1.030124 0.223695 -0.505795
v 1.039403 0.225479 -0.506528
v 1.047644 0.229982 -0.507675
v 1.054041 0.236763 -0.509123
v 1.057966 0.245160 -0.510731
v 1.059036 0.254348 -0.512340
v -1.480700 0.163788 -0.372233
v -1.478826 0.154655 -0.371114
v -1.474175 0.146523 -0.370259
v -1.467203 0.140188 -0.369753
v -1.458593 0.136270 -0.369646
v -1.449186 0.135152 -0.369947
v 1.030387 0.224539 -0.500203
v 1.039669 0.226331 -0.500883
v 1.047917 0.230857 -0.501876
v 1.054325 0.237675 -0.503085
v 1.058264 0.246116 -0.504391
v 1.059350 0.255356 -0.505666
v -1.480372 0.164559 -0.365462
v -1.478514 0.155389 -0.364671
v -1.473878 0.147224 -0.364114
v -1.466917 0.140861 -0.363843
v -1.458314 0.136926 -0.363887
v -1.448910 0.135802 -0.364241
v 1.030663 0.225190 -0.494496
v 1.039948 0.226987 -0.495125
v 1.048203 0.231531 -0.495966
v 1.054623 0.238375 -0.496940
v 1.058576 0.246851 -0.497949
v 1.059678 0.256127 -0.498895
v -1.480028 0.165102 -0.358546
v -1.478186 0.155907 -0.358071
v -1.473564 0.147719 -0.357798
v -1.466614 0.141339 -0.357754
v -1.458018 0.137392 -0.357942
v -1.448617 0.136264 -0.358346
v 1.030956 0.225652 -0.488601
v 1.040243 0.227453 -0.489180
v 1.048506 0.232008 -0.489877
v 1.054937 0.238870 -0.490624
v 1.058905 0.247368 -0.491348
v 1.060022 0.256670 -0.491978
v -1.479666 0.165422 -0.351436
v -1.477839 0.156214 -0.351256
v -1.473230 0.148014 -0.351250
v -1.466292 0.141625 -0.351418
v -1.457703 0.137671 -0.351743
v -1.448303 0.136541 -0.352192
v 1.031270 0.225929 -0.482448
v 1.040559 0.227733 -0.482980
v 1.048829 0.232294 -0.483541
v 1.055270 0.239165 -0.484076
v 1.059251 0.247675 -0.484534
v 1.060384 0.256990 -0.484868
v -1.479284 0.165527 -0.344084
v -1.477482 0.156312 -0.344395
v -1.472896 0.148106 -0.344831
v -1.465976 0.141712 -0.345349
v -1.457399 0.137755 -0.345899
v -1.448003 0.136624 -0.346427
v 1.031569 0.226012 -0.476683
v 1.040863 0.227817 -0.477136
v 1.049144 0.232381 -0.477472
v 1.055604 0.239257 -0.477656
v 1.059608 0.247774 -0.477672
v 1.060766 0.257095 -0.477516
v -1.478141 0.164254 -0.323215
v -1.476391 0.155096 -0.324466
v -1.471852 0.146941 -0.325750
v -1.464969 0.140588 -0.326942
v -1.456415 0.136658 -0.327924
v -1.447028 0.135536 -0.328600
v 1.032545 0.224924 -0.458856
v 1.041847 0.226720 -0.459161
v 1.050152 0.231257 -0.459065
v 1.056648 0.238093 -0.458576
v 1.060699 0.246557 -0.457743
v 1.061909 0.255822 -0.456648
v -1.476977 0.160503 -0.303621
v -1.475298 0.151574 -0.306069
v -1.470823 0.143626 -0.308433
v -1.463990 0.137437 -0.310481
v -1.455469 0.133612 -0.312014
v -1.446093 0.132527 -0.312880
v 1.033479 0.221914 -0.443136
v 1.042792 0.223674 -0.443251
v 1.051130 0.228106 -0.442604
v 1.057677 0.234778 -0.441259
v 1.061792 0.243036 -0.439346
v 1.063073 0.252071 -0.437053
v -1.475799 0.154378 -0.285404
v -1.474198 0.145856 -0.289061
v -1.469794 0.138275 -0.292516
v -1.463017 0.132377 -0.295430
v -1.454532 0.128739 -0.297518
v -1.445169 0.127718 -0.298576
v 1.034404 0.217105 -0.428832
v 1.043729 0.218800 -0.428756
v 1.052103 0.223046 -0.427553
v 1.058706 0.229427 -0.425342
v 1.062892 0.237318 -0.422338
v 1.064251 0.245946 -0.418837
v -1.474617 0.145985 -0.268669
v -1.473099 0.138052 -0.273502
v -1.468770 0.131003 -0.278017
v -1.462053 0.125527 -0.281772
v -1.453606 0.122160 -0.284401
v -1.444255 0.121232 -0.285645
v 1.035317 0.210620 -0.415901
v 1.044656 0.212221 -0.415638
v 1.053068 0.216196 -0.413895
v 1.059730 0.222154 -0.410843
v 1.063991 0.229513 -0.406779
v 1.065433 0.237553 -0.402101
v -1.473441 0.135425 -0.253519
v -1.472008 0.128255 -0.259445
v -1.467755 0.121894 -0.264947
v -1.461099 0.116963 -0.269486
v -1.452691 0.113947 -0.272617
v -1.443354 0.113140 -0.274034
v 1.036219 0.202527 -0.404290
v 1.045571 0.204008 -0.403854
v 1.054022 0.207632 -0.401609
v 1.060745 0.213045 -0.397773
v 1.065082 0.219716 -0.392722
v 1.066609 0.226993 -0.386951
v -1.472279 0.122805 -0.240058
v -1.470929 0.116543 -0.246953
v -1.466752 0.111001 -0.253329
v -1.460156 0.106721 -0.258561
v -1.451786 0.104122 -0.262137
v -1.442462 0.103458 -0.263708
v 1.037110 0.192846 -0.393964
v 1.046475 0.194183 -0.393375
v 1.054965 0.197390 -0.390684
v 1.061748 0.202152 -0.386155
v 1.066161 0.208004 -0.380230
v 1.067771 0.214373 -0.373490
v -1.471140 0.108228 -0.228390
v -1.469870 0.102981 -0.236097
v -1.465764 0.098355 -0.243206
v -1.459225 0.094801 -0.249020
v -1.450892 0.092669 -0.252970
v -1.441581 0.092167 -0.254670
v 1.037992 0.181554 -0.384925
v 1.047370 0.182731 -0.384208
v 1.055896 0.185471 -0.381143
v 1.062736 0.189506 -0.376032
v 1.067220 0.194442 -0.369375
v 1.068910 0.199796 -0.361822
v -1.470035 0.091798 -0.218618
v -1.468837 0.087629 -0.226967
v -1.464797 0.083975 -0.234655
v -1.458309 0.081194 -0.240928
v -1.450009 0.079558 -0.245173
v -1.440710 0.079226 -0.246974
v 1.038863 0.168613 -0.377229
v 1.048252 0.169619 -0.376410
v 1.056811 0.171863 -0.373051
v 1.063703 0.175127 -0.367481
v 1.068253 0.179090 -0.360244
v 1.070015 0.183365 -0.352051
v -1.468971 0.073618 -0.210847
v -1.467838 0.070549 -0.219666
v -1.463856 0.067887 -0.227778
v -1.457414 0.065892 -0.234387
v -1.449144 0.064761 -0.238848
v -1.439854 0.064603 -0.240723
v 1.039719 0.153991 -0.370979
v 1.049118 0.154822 -0.370085
v 1.057707 0.156562 -0.366510
v 1.064645 0.159038 -0.360603
v 1.069252 0.162010 -0.352943
v 1.071079 0.165186 -0.344280
v -1.467959 0.053794 -0.205181
v -1.466881 0.051810 -0.214310
v -1.462949 0.050126 -0.222701
v -1.456547 0.048908 -0.229532
v -1.448302 0.048275 -0.234136
v -1.439021 0.048290 -0.236060
v 1.040552 0.137677 -0.366316
v 1.049960 0.138337 -0.365373
v 1.058574 0.139578 -0.361655
v 1.065552 0.141278 -0.355527
v 1.070209 0.143271 -0.347587
v 1.072091 0.145362 -0.338613
v -1.467007 0.032430 -0.201723
v -1.465976 0.031489 -0.211021
v -1.462085 0.030748 -0.219564
v -1.455716 0.030278 -0.226517
v -1.447493 0.030125 -0.231198
v -1.438220 0.030304 -0.233149
v 1.041353 0.119692 -0.363405
v 1.050768 0.120186 -0.362435
v 1.059404 0.120947 -0.358640
v 1.066415 0.121899 -0.352390
v 1.071115 0.122951 -0.344298
v 1.073043 0.123998 -0.335155
v -1.466125 0.009628 -0.200576
v -1.465129 0.009604 -0.209920
v -1.461270 0.009689 -0.218506
v -1.454927 0.009875 -0.225491
v -1.446720 0.010144 -0.230193
v -1.437452 0.010468 -0.232152
v 1.042120 0.099856 -0.362407
v 1.051541 0.100205 -0.361430
v 1.060193 0.100544 -0.357614
v 1.067230 0.100841 -0.351331
v 1.071961 0.101066 -0.343198
v 1.073925 0.101196 -0.334009
v -1.465425 -0.010896 -0.201342
v -1.464456 -0.010143 -0.210658
v -1.460621 -0.009357 -0.219217
v -1.454297 -0.008615 -0.226181
v -1.446102 -0.007990 -0.230870
v -1.436839 -0.007542 -0.232824
v 1.042734 0.081846 -0.363080
v 1.052160 0.082072 -0.362107
v 1.060824 0.082054 -0.358304
v 1.067879 0.081794 -0.352042
v 1.072634 0.081318 -0.343935
v 1.074625 0.080672 -0.334775
v -1.464843 -0.030401 -0.203643
v -1.463897 -0.028841 -0.212863
v -1.460085 -0.027326 -0.221336
v -1.453778 -0.026006 -0.228233
v -1.445594 -0.025010 -0.232877
v -1.436334 -0.024434 -0.234816
v 1.043239 0.064954 -0.365072
v 1.052668 0.065052 -0.364115
v 1.061343 0.064663 -0.360355
v 1.068415 0.063825 -0.354162
v 1.073193 0.062620 -0.346140
v 1.075207 0.061167 -0.337076
v -1.464390 -0.048740 -0.207599
v -1.463467 -0.046238 -0.216616
v -1.459676 -0.043875 -0.224905
v -1.453385 -0.041881 -0.231657
v -1.445212 -0.040451 -0.236208
v -1.435956 -0.039727 -0.238115
v 1.043617 0.049661 -0.368371
v 1.053049 0.049610 -0.367446
v 1.061735 0.048789 -0.363780
v 1.068824 0.047277 -0.357731
v 1.073623 0.045223 -0.349893
v 1.075660 0.042828 -0.341031
v -1.464077 -0.065767 -0.213331
v -1.463174 -0.062194 -0.221987
v -1.459400 -0.058864 -0.229952
v -1.453124 -0.056103 -0.236445
v -1.444960 -0.054181 -0.240830
v -1.435707 -0.053287 -0.242680
v 1.043866 0.036101 -0.372936
v 1.053301 0.035880 -0.372068
v 1.061996 0.034566 -0.368568
v 1.069100 0.032288 -0.362777
v 1.073916 0.029267 -0.355264
v 1.075973 0.025801 -0.346763
v -1.463916 -0.081337 -0.220960
v -1.463026 -0.076595 -0.229044
v -1.459263 -0.072211 -0.236492
v -1.452995 -0.068613 -0.242575
v -1.444837 -0.066154 -0.246697
v -1.435586 -0.065075 -0.248456
v 1.043987 0.024313 -0.378712
v 1.053425 0.023907 -0.377935
v 1.062125 0.022056 -0.374698
v 1.069237 0.018941 -0.369317
v 1.074064 0.014866 -0.362321
v 1.076134 0.010231 -0.354393
v -1.463920 -0.095304 -0.230608
v -1.463029 -0.089368 -0.237867
v -1.459266 -0.083906 -0.244570
v -1.452998 -0.079453 -0.250063
v -1.444839 -0.076446 -0.253807
v -1.435588 -0.075177 -0.255435
v 1.043985 0.014211 -0.385690
v 1.053422 0.013616 -0.385044
v 1.062123 0.011216 -0.382186
v 1.069234 0.007245 -0.377396
v 1.074061 0.002094 -0.371144
v 1.076130 -0.003736 -0.364041
v -1.464098 -0.107521 -0.242396
v -1.463191 -0.100471 -0.248580
v -1.459413 -0.094005 -0.254314
v -1.453134 -0.088755 -0.259037
v -1.444968 -0.085235 -0.262286
v -1.435714 -0.083790 -0.263744
v 1.043859 0.005598 -0.394000
v 1.053294 0.004826 -0.393524
v 1.061987 0.001914 -0.391160
v 1.069087 -0.002853 -0.387140
v 1.073899 -0.009010 -0.381857
v 1.075952 -0.015953 -0.375828
v -1.464464 -0.117844 -0.256444
v -1.463524 -0.109868 -0.261367
v -1.459717 -0.102565 -0.265963
v -1.453414 -0.096652 -0.269783
v -1.445232 -0.092706 -0.272453
v -1.435974 -0.091114 -0.273712
v 1.043599 -0.001727 -0.403967
v 1.053029 -0.002645 -0.403691
v 1.061707 -0.005983 -0.401906
v 1.068783 -0.011414 -0.398789
v 1.073566 -0.018407 -0.394644
v 1.075586 -0.026277 -0.389876
v -1.465029 -0.126127 -0.272874
v -1.464043 -0.117477 -0.276459
v -1.460194 -0.109566 -0.279850
v -1.453858 -0.103170 -0.282712
v -1.445655 -0.098914 -0.284767
v -1.436389 -0.097216 -0.285814
v 1.043183 -0.007828 -0.416070
v 1.052606 -0.008853 -0.416005
v 1.061263 -0.012501 -0.414835
v 1.068306 -0.018414 -0.412675
v 1.073047 -0.026015 -0.409737
v 1.075021 -0.034559 -0.406306
v -1.465804 -0.132224 -0.291807
v -1.464765 -0.123155 -0.294093
v -1.460867 -0.114867 -0.296311
v -1.454493 -0.108171 -0.298243
v -1.446267 -0.103723 -0.299701
v -1.436992 -0.101958 -0.300542
v 1.042581 -0.012570 -0.430797
v 1.051995 -0.013662 -0.430938
v 1.060627 -0.017502 -0.430366
v 1.067633 -0.023715 -0.429136
v 1.072325 -0.031694 -0.427370
v 1.074247 -0.040656 -0.425239
v -1.466800 -0.135989 -0.313363
v -1.465707 -0.126713 -0.314468
v -1.461760 -0.118239 -0.315620
v -1.455347 -0.111396 -0.316707
v -1.447095 -0.106853 -0.317622
v -1.437812 -0.105055 -0.318275
v 1.041761 -0.015668 -0.448531
v 1.051166 -0.016791 -0.448859
v 1.059773 -0.020727 -0.448830
v 1.066740 -0.027088 -0.448446
v 1.071383 -0.035252 -0.447745
v 1.073250 -0.044421 -0.446796
v -1.468030 -0.137276 -0.337665
v -1.466896 -0.127959 -0.337970
v -1.462913 -0.119446 -0.338401
v -1.456471 -0.112572 -0.338915
v -1.448201 -0.108010 -0.339462
v -1.438911 -0.106206 -0.339989
v 1.040662 -0.016818 -0.470245
v 1.050061 -0.017948 -0.470700
v 1.058649 -0.021903 -0.471038
v 1.065587 -0.028295 -0.471227
v 1.070194 -0.036497 -0.471247
v 1.072020 -0.045708 -0.471098
v -1.472752 -0.137276 -0.427541
v -1.471118 -0.127959 -0.418344
v -1.466685 -0.119446 -0.410202
v -1.459886 -0.112572 -0.403913
v -1.451386 -0.108010 -0.400092
v -1.442017 -0.106206 -0.399114
v 1.037556 -0.016818 -0.529370
v 1.046876 -0.017948 -0.531330
v 1.055235 -0.021903 -0.536036
v 1.061815 -0.028295 -0.543028
v 1.065972 -0.036497 -0.551621
v 1.067298 -0.045708 -0.560974
v -1.483027 0.148539 -0.427001
v -1.480833 0.142248 -0.417833
v -1.475893 0.136680 -0.409718
v -1.468692 0.132379 -0.403450
v -1.459934 0.129767 -0.399643
v -1.450477 0.129099 -0.398670
v 1.029096 0.218487 -0.528926
v 1.038327 0.219829 -0.530881
v 1.046429 0.223049 -0.535573
v 1.052607 0.227832 -0.542544
v 1.056257 0.233709 -0.551110
v 1.057023 0.240106 -0.560434
vn -1.0000 -0.0000 -0.0000
vn -0.0000 -0.0000 -1.0000
vn 1.0000 -0.0000 -0.0000
vn -0.0000 -0.0000 1.0000
vn -0.0000 -1.0000 -0.0000
vn -0.0000 1.0000 -0.0000
vn 0.9980 0.0360 -0.0524
vn 0.9980 0.0362 -0.0524
vn 0.9980 0.0358 -0.0524
vn 0.9980 0.0359 -0.0524
vn 0.9980 0.0359 -0.0523
vn 0.9980 0.0361 -0.0527
vn 0.9980 0.0362 -0.0520
vn 0.9980 0.0361 -0.0525
vn 0.9980 0.0361 -0.0523
vn 0.9980 0.0360 -0.0525
vn 0.9980 0.0363 -0.0522
vn 0.9980 0.0362 -0.0527
vn 0.9980 0.0361 -0.0524
vn 0.9980 0.0360 -0.0523
vn 0.9980 0.0363 -0.0520
vn 0.9980 0.0355 -0.0529
vn 0.9979 0.0361 -0.0544
vn -0.9980 -0.0360 0.0524
vn -0.9980 -0.0362 0.0524
vn -0.9980 -0.0359 0.0524
vn -0.9980 -0.0359 0.0523
vn -0.9980 -0.0362 0.0527
vn -0.9980 -0.0362 0.0526
vn -0.9980 -0.0361 0.0525
vn -0.9980 -0.0361 0.0526
vn -0.9980 -0.0360 0.0525
vn -0.9980 -0.0360 0.0522
vn -0.9980 -0.0363 0.0520
vn -0.9979 -0.0354 0.0538
vn -0.9980 -0.0360 0.0523
vn -0.9979 -0.0357 0.0543
vn -0.9980 -0.0361 0.0524
vn -0.9513 0.2518 0.1776
vn -0.9520 0.2564 0.1671
vn -0.9876 0.1109 0.1109
vn -0.9873 0.1086 0.1162
vn -0.8107 0.5119 0.2841
vn -0.8120 0.5205 0.2640
vn -0.5915 0.7204 0.3621
vn -0.5933 0.7321 0.3346
vn -0.3162 0.8581 0.4046
vn -0.3184 0.8718 0.3724
vn -0.0889 0.9073 0.4110
vn -0.0912 0.9216 0.3772
vn 0.0661 0.9129 0.4028
vn 0.0638 0.9272 0.3691
vn 0.2944 0.8801 0.3725
vn 0.2922 0.8938 0.3403
vn 0.5729 0.7624 0.3009
vn 0.5710 0.7741 0.2734
vn 0.7971 0.5699 0.1996
vn 0.7957 0.5784 0.1796
vn 0.9442 0.3201 0.0781
vn 0.9434 0.3247 0.0675
vn 0.9836 0.1797 0.0127
vn 0.9833 0.1820 0.0074
vn -0.9528 0.2608 0.1557
vn -0.9880 0.1131 0.1051
vn -0.8134 0.5287 0.2425
vn -0.5952 0.7434 0.3051
vn -0.3206 0.8849 0.3378
vn -0.0936 0.9354 0.3410
vn 0.0614 0.9410 0.3329
vn 0.2898 0.9069 0.3057
vn 0.5690 0.7853 0.2439
vn 0.7943 0.5867 0.1581
vn 0.9426 0.3291 0.0561
vn 0.9829 0.1841 0.0016
vn -0.9535 0.2648 0.1437
vn -0.9884 0.1151 0.0991
vn -0.8149 0.5364 0.2198
vn -0.5972 0.7538 0.2740
vn -0.3230 0.8971 0.3014
vn -0.0961 0.9482 0.3028
vn 0.0589 0.9538 0.2947
vn 0.2875 0.9192 0.2693
vn 0.5669 0.7958 0.2128
vn 0.7928 0.5943 0.1354
vn 0.9418 0.3332 0.0442
vn 0.9825 0.1862 -0.0044
vn -0.9543 0.2685 0.1313
vn -0.9888 0.1169 0.0928
vn -0.8163 0.5432 0.1963
vn -0.5992 0.7632 0.2418
vn -0.3253 0.9081 0.2636
vn -0.0986 0.9597 0.2633
vn 0.0564 0.9652 0.2552
vn 0.2851 0.9301 0.2315
vn 0.5649 0.8052 0.1806
vn 0.7913 0.6011 0.1119
vn 0.9410 0.3368 0.0317
vn 0.9821 0.1880 -0.0107
vn -0.9551 0.2716 0.1187
vn -0.9892 0.1185 0.0865
vn -0.8178 0.5491 0.1725
vn -0.6013 0.7712 0.2091
vn -0.3277 0.9175 0.2252
vn -0.1010 0.9695 0.2231
vn 0.0539 0.9751 0.2150
vn 0.2827 0.9395 0.1932
vn 0.5629 0.8132 0.1479
vn 0.7898 0.6070 0.0880
vn 0.9403 0.3399 0.0191
vn 0.9817 0.1895 -0.0171
vn -0.9558 0.2741 0.1061
vn -0.9896 0.1198 0.0801
vn -0.8192 0.5538 0.1486
vn -0.6032 0.7778 0.1764
vn -0.3300 0.9253 0.1870
vn -0.1034 0.9776 0.1831
vn 0.0515 0.9832 0.1749
vn 0.2805 0.9473 0.1549
vn 0.5610 0.8198 0.1153
vn 0.7884 0.6118 0.0642
vn 0.9395 0.3424 0.0065
vn 0.9813 0.1908 -0.0234
vn -0.9566 0.2760 0.0937
vn -0.9899 0.1208 0.0739
vn -0.8206 0.5575 0.1253
vn -0.6051 0.7829 0.1445
vn -0.3322 0.9313 0.1495
vn -0.1057 0.9839 0.1438
vn 0.0493 0.9895 0.1357
vn 0.2783 0.9533 0.1174
vn 0.5591 0.8249 0.0833
vn 0.7871 0.6155 0.0409
vn 0.9388 0.3443 -0.0058
vn 0.9810 0.1918 -0.0296
vn -0.9573 0.2773 0.0818
vn -0.9903 0.1215 0.0679
vn -0.8219 0.5602 0.1029
vn -0.6069 0.7866 0.1137
vn -0.3343 0.9356 0.1135
vn -0.1079 0.9885 0.1061
vn 0.0471 0.9941 0.0980
vn 0.2763 0.9576 0.0814
vn 0.5574 0.8286 0.0525
vn 0.7858 0.6182 0.0184
vn 0.9382 0.3457 -0.0177
vn 0.9806 0.1926 -0.0356
vn -0.9579 0.2782 0.0706
vn -0.9906 0.1220 0.0623
vn -0.8232 0.5619 0.0816
vn -0.6086 0.7890 0.0846
vn -0.3362 0.9384 0.0793
vn -0.1098 0.9915 0.0703
vn 0.0451 0.9970 0.0622
vn 0.2744 0.9605 0.0472
vn 0.5558 0.8310 0.0234
vn 0.7847 0.6199 -0.0028
vn 0.9376 0.3465 -0.0290
vn 0.9803 0.1930 -0.0413
vn -0.9585 0.2786 0.0601
vn -0.9909 0.1222 0.0570
vn -0.8243 0.5628 0.0618
vn -0.6101 0.7902 0.0574
vn -0.3380 0.9400 0.0475
vn -0.1117 0.9931 0.0370
vn 0.0433 0.9986 0.0289
vn 0.2727 0.9620 0.0154
vn 0.5544 0.8322 -0.0038
vn 0.7837 0.6207 -0.0227
vn 0.9371 0.3469 -0.0394
vn 0.9800 0.1933 -0.0466
vn -0.9589 0.2800 0.0451
vn -0.9913 0.1222 0.0494
vn -0.8252 0.5639 0.0334
vn -0.6116 0.7910 0.0185
vn -0.3400 0.9404 0.0019
vn -0.1141 0.9934 -0.0107
vn 0.0408 0.9990 -0.0189
vn 0.2699 0.9624 -0.0302
vn 0.5517 0.8329 -0.0426
vn 0.7815 0.6218 -0.0510
vn 0.9358 0.3483 -0.0544
vn 0.9796 0.1933 -0.0541
vn -0.9598 0.2800 0.0187
vn -0.9919 0.1213 0.0363
vn -0.8270 0.5620 -0.0162
vn -0.6144 0.7875 -0.0494
vn -0.3437 0.9359 -0.0776
vn -0.1183 0.9885 -0.0939
vn 0.0366 0.9941 -0.1020
vn 0.2656 0.9578 -0.1096
vn 0.5477 0.8294 -0.1104
vn 0.7783 0.6198 -0.1006
vn 0.9339 0.3483 -0.0808
vn 0.9790 0.1924 -0.0673
vn -0.9613 0.2751 -0.0150
vn -0.9927 0.1187 0.0195
vn -0.8298 0.5523 -0.0796
vn -0.6183 0.7741 -0.1360
vn -0.3484 0.9201 -0.1790
vn -0.1233 0.9720 -0.2000
vn 0.0316 0.9776 -0.2082
vn 0.2608 0.9421 -0.2110
vn 0.5435 0.8160 -0.1970
vn 0.7751 0.6102 -0.1639
vn 0.9322 0.3434 -0.1145
vn 0.9782 0.1897 -0.0841
vn -0.9627 0.2657 -0.0507
vn -0.9935 0.1138 0.0018
vn -0.8326 0.5342 -0.1464
vn -0.6221 0.7492 -0.2274
vn -0.3529 0.8909 -0.2860
vn -0.1281 0.9414 -0.3121
vn 0.0268 0.9470 -0.3202
vn 0.2561 0.9128 -0.3180
vn 0.5395 0.7911 -0.2884
vn 0.7721 0.5921 -0.2307
vn 0.9305 0.3340 -0.1501
vn 0.9775 0.1849 -0.1018
vn -0.9640 0.2510 -0.0876
vn -0.9942 0.1063 -0.0165
vn -0.8350 0.5062 -0.2155
vn -0.6256 0.7107 -0.3218
vn -0.3570 0.8457 -0.3966
vn -0.1325 0.8941 -0.4278
vn 0.0224 0.8997 -0.4360
vn 0.2519 0.8677 -0.4286
vn 0.5358 0.7526 -0.3828
vn 0.7694 0.5640 -0.2998
vn 0.9290 0.3193 -0.1870
vn 0.9768 0.1773 -0.1201
vn -0.9651 0.2303 -0.1246
vn -0.9948 0.0958 -0.0348
vn -0.8372 0.4670 -0.2848
vn -0.6285 0.6569 -0.4164
vn -0.3605 0.7827 -0.5073
vn -0.1362 0.8281 -0.5437
vn 0.0187 0.8337 -0.5519
vn 0.2483 0.8047 -0.5393
vn 0.5327 0.6988 -0.4774
vn 0.7671 0.5248 -0.3691
vn 0.9277 0.2985 -0.2240
vn 0.9762 0.1669 -0.1384
vn -0.9659 0.2032 -0.1602
vn -0.9952 0.0823 -0.0524
vn -0.8387 0.4160 -0.3513
vn -0.6307 0.5872 -0.5073
vn -0.3631 0.7011 -0.6137
vn -0.1390 0.7426 -0.6551
vn 0.0160 0.7482 -0.6633
vn 0.2456 0.7230 -0.6457
vn 0.5304 0.6291 -0.5683
vn 0.7653 0.4739 -0.4356
vn 0.9268 0.2715 -0.2596
vn 0.9758 0.1533 -0.1560
vn -0.9664 0.1702 -0.1926
vn -0.9955 0.0658 -0.0684
vn -0.8396 0.3540 -0.4120
vn -0.6320 0.5024 -0.5901
vn -0.3646 0.6017 -0.7106
vn -0.1405 0.6386 -0.7566
vn 0.0144 0.6442 -0.7647
vn 0.2441 0.6237 -0.7426
vn 0.5290 0.5442 -0.6511
vn 0.7643 0.4118 -0.4962
vn 0.9262 0.2384 -0.2920
vn 0.9755 0.1369 -0.1720
vn -0.9665 0.1322 -0.2201
vn -0.9955 0.0470 -0.0821
vn -0.8398 0.2828 -0.4635
vn -0.6322 0.4050 -0.6605
vn -0.3649 0.4878 -0.7931
vn -0.1408 0.5193 -0.8429
vn 0.0142 0.5249 -0.8510
vn 0.2439 0.5097 -0.8251
vn 0.5289 0.4469 -0.7215
vn 0.7642 0.3406 -0.5478
vn 0.9261 0.2004 -0.3195
vn 0.9755 0.1180 -0.1856
vn -0.9661 0.0909 -0.2415
vn -0.9953 0.0265 -0.0927
vn -0.8391 0.2054 -0.5037
vn -0.6313 0.2993 -0.7155
vn -0.3638 0.3640 -0.8574
vn -0.1396 0.3898 -0.9103
vn 0.0153 0.3954 -0.9184
vn 0.2450 0.3860 -0.8894
vn 0.5298 0.3412 -0.7765
vn 0.7649 0.2632 -0.5879
vn 0.9265 0.1591 -0.3409
vn 0.9757 0.0976 -0.1963
vn -0.9654 0.0483 -0.2561
vn -0.9950 0.0054 -0.1001
vn -0.8378 0.1256 -0.5314
vn -0.6294 0.1902 -0.7534
vn -0.3615 0.2363 -0.9019
vn -0.1373 0.2560 -0.9569
vn 0.0176 0.2616 -0.9650
vn 0.2473 0.2582 -0.9339
vn 0.5318 0.2321 -0.8144
vn 0.7664 0.1834 -0.6156
vn 0.9274 0.1165 -0.3555
vn 0.9761 0.0764 -0.2037
vn -0.9645 0.0062 -0.2642
vn -0.9944 -0.0155 -0.1043
vn -0.8359 0.0467 -0.5469
vn -0.6267 0.0825 -0.7749
vn -0.3584 0.1101 -0.9271
vn -0.1339 0.1240 -0.9832
vn 0.0210 0.1296 -0.9913
vn 0.2506 0.1321 -0.9591
vn 0.5347 0.1243 -0.8359
vn 0.7685 0.1046 -0.6312
vn 0.9286 0.0744 -0.3636
vn 0.9766 0.0556 -0.2079
vn -0.9637 -0.0289 -0.2652
vn -0.9938 -0.0329 -0.1058
vn -0.8344 -0.0191 -0.5509
vn -0.6243 -0.0075 -0.7811
vn -0.3552 0.0048 -0.9348
vn -0.1303 0.0137 -0.9914
vn 0.0246 0.0193 -0.9995
vn 0.2542 0.0268 -0.9668
vn 0.5381 0.0344 -0.8422
vn 0.7713 0.0388 -0.6352
vn 0.9303 0.0394 -0.3647
vn 0.9771 0.0381 -0.2093
vn -0.9631 -0.0535 -0.2637
vn -0.9934 -0.0452 -0.1056
vn -0.8331 -0.0654 -0.5493
vn -0.6224 -0.0709 -0.7795
vn -0.3527 -0.0695 -0.9331
vn -0.1275 -0.0641 -0.9898
vn 0.0275 -0.0585 -0.9979
vn 0.2572 -0.0475 -0.9652
vn 0.5409 -0.0290 -0.8406
vn 0.7736 -0.0075 -0.6337
vn 0.9316 0.0148 -0.3633
vn 0.9775 0.0258 -0.2092
vn -0.9621 -0.0758 -0.2621
vn -0.9929 -0.0564 -0.1045
vn -0.8311 -0.1075 -0.5456
vn -0.6198 -0.1285 -0.7741
vn -0.3498 -0.1369 -0.9267
vn -0.1245 -0.1347 -0.9830
vn 0.0303 -0.1291 -0.9912
vn 0.2599 -0.1150 -0.9588
vn 0.5430 -0.0865 -0.8352
vn 0.7751 -0.0496 -0.6299
vn 0.9323 -0.0075 -0.3616
vn 0.9780 0.0146 -0.2081
vn -0.9608 -0.1015 -0.2581
vn -0.9923 -0.0692 -0.1023
vn -0.8288 -0.1558 -0.5375
vn -0.6167 -0.1945 -0.7628
vn -0.3462 -0.2143 -0.9133
vn -0.1209 -0.2157 -0.9690
vn 0.0340 -0.2101 -0.9771
vn 0.2633 -0.1924 -0.9454
vn 0.5458 -0.1526 -0.8239
vn 0.7770 -0.0979 -0.6218
vn 0.9333 -0.0332 -0.3576
vn 0.9786 0.0018 -0.2058
vn -0.9592 -0.1300 -0.2509
vn -0.9916 -0.0834 -0.0984
vn -0.8259 -0.2094 -0.5235
vn -0.6129 -0.2678 -0.7434
vn -0.3419 -0.3002 -0.8905
vn -0.1164 -0.3056 -0.9450
vn 0.0385 -0.3000 -0.9532
vn 0.2675 -0.2782 -0.9225
vn 0.5493 -0.2259 -0.8045
vn 0.7795 -0.1515 -0.6078
vn 0.9346 -0.0618 -0.3504
vn 0.9793 -0.0124 -0.2020
vn -0.9575 -0.1604 -0.2398
vn -0.9908 -0.0985 -0.0927
vn -0.8226 -0.2663 -0.5023
vn -0.6084 -0.3457 -0.7144
vn -0.3367 -0.3913 -0.8564
vn -0.1111 -0.4010 -0.9093
vn 0.0438 -0.3954 -0.9175
vn 0.2725 -0.3694 -0.8884
vn 0.5536 -0.3038 -0.7754
vn 0.7825 -0.2085 -0.5867
vn 0.9362 -0.0921 -0.3393
vn 0.9802 -0.0275 -0.1963
vn -0.9555 -0.1910 -0.2247
vn -0.9899 -0.1138 -0.0851
vn -0.8190 -0.3237 -0.4737
vn -0.6035 -0.4242 -0.6752
vn -0.3310 -0.4833 -0.8105
vn -0.1051 -0.4973 -0.8612
vn 0.0498 -0.4917 -0.8694
vn 0.2782 -0.4613 -0.8425
vn 0.5584 -0.3823 -0.7362
vn 0.7861 -0.2659 -0.5581
vn 0.9380 -0.1227 -0.3242
vn 0.9811 -0.0427 -0.1887
vn -0.9535 -0.2200 -0.2060
vn -0.9888 -0.1282 -0.0758
vn -0.8152 -0.3784 -0.4385
vn -0.5983 -0.4989 -0.6270
vn -0.3249 -0.5708 -0.7541
vn -0.0987 -0.5889 -0.8022
vn 0.0562 -0.5833 -0.8103
vn 0.2843 -0.5488 -0.7861
vn 0.5636 -0.4570 -0.6881
vn 0.7899 -0.3205 -0.5228
vn 0.9400 -0.1517 -0.3054
vn 0.9821 -0.0572 -0.1793
vn -0.9515 -0.2460 -0.1847
vn -0.9878 -0.1413 -0.0653
vn -0.8114 -0.4273 -0.3987
vn -0.5931 -0.5660 -0.5727
vn -0.3187 -0.6493 -0.6905
vn -0.0922 -0.6711 -0.7356
vn 0.0627 -0.6655 -0.7437
vn 0.2905 -0.6274 -0.7225
vn 0.5690 -0.5241 -0.6337
vn 0.7938 -0.3694 -0.4831
vn 0.9422 -0.1777 -0.2842
vn 0.9831 -0.0702 -0.1688
vn -0.9497 -0.2678 -0.1624
vn -0.9868 -0.1524 -0.0543
vn -0.8079 -0.4688 -0.3571
vn -0.5882 -0.6229 -0.5158
vn -0.3129 -0.7161 -0.6240
vn -0.0860 -0.7410 -0.6660
vn 0.0689 -0.7354 -0.6741
vn 0.2965 -0.6941 -0.6560
vn 0.5742 -0.5810 -0.5769
vn 0.7977 -0.4109 -0.4414
vn 0.9442 -0.1996 -0.2619
vn 0.9841 -0.0813 -0.1578
vn -0.9480 -0.2854 -0.1405
vn -0.9859 -0.1614 -0.0435
vn -0.8047 -0.5024 -0.3162
vn -0.5837 -0.6690 -0.4601
vn -0.3076 -0.7702 -0.5588
vn -0.0804 -0.7977 -0.5977
vn 0.0745 -0.7921 -0.6059
vn 0.3020 -0.7482 -0.5908
vn 0.5789 -0.6271 -0.5212
vn 0.8012 -0.4445 -0.4006
vn 0.9462 -0.2172 -0.2400
vn 0.9850 -0.0903 -0.1470
vn -0.9850 -0.1649 -0.0503
vn -0.9852 -0.1684 -0.0335
vn 0.0959 0.4949 -0.8637
vn 0.0517 0.5713 -0.8191
vn -0.0033 0.6086 -0.7935
vn -0.0559 0.5795 -0.8130
vn -0.0712 0.5790 -0.8122
vn -0.1234 0.6042 -0.7872
vn -0.1780 0.5630 -0.8070
vn -0.2209 0.4835 -0.8470
vn 0.9836 -0.0939 -0.1537
vn 0.9858 -0.0973 -0.1370
vn 0.9796 0.0140 0.2005
vn -0.9994 -0.0302 -0.0169
vn 0.9479 0.0031 0.3187
vn 0.8345 -0.0201 0.5506
vn 0.5520 -0.0528 0.8322
vn 0.2114 -0.0756 0.9745
vn -0.1023 -0.0869 0.9910
vn -0.4566 -0.0892 0.8852
vn -0.7687 -0.0779 0.6349
vn -0.9071 -0.0638 0.4161
vn -0.9517 -0.0556 0.3020
vn 0.9917 0.0416 -0.1215
vn -0.9934 0.1048 -0.0472
vn -0.9941 0.1071 -0.0148
vn 0.1240 -0.3674 -0.9218
vn 0.0851 -0.4518 -0.8880
vn 0.0327 -0.4957 -0.8679
vn -0.0218 -0.4678 -0.8836
vn -0.0372 -0.4683 -0.8828
vn -0.0877 -0.5000 -0.8616
vn -0.1449 -0.4601 -0.8760
vn -0.1930 -0.3789 -0.9051
vn 0.9729 0.1757 -0.1505
vn 0.9769 0.1781 -0.1183
vn -0.9651 0.2315 -0.1226
vn -0.9948 0.0964 -0.0339
vn -0.8371 0.4694 -0.2811
vn -0.6284 0.6602 -0.4114
vn -0.3604 0.7866 -0.5014
vn -0.1360 0.8321 -0.5376
vn 0.0189 0.8377 -0.5458
vn 0.2485 0.8085 -0.5334
vn 0.5328 0.7021 -0.4724
vn 0.7672 0.5272 -0.3654
vn 0.9278 0.2998 -0.2221
vn 0.9762 0.1675 -0.1374
vn -0.9660 0.2058 -0.1566
vn -0.9952 0.0837 -0.0508
vn -0.8388 0.4212 -0.3450
vn -0.6307 0.5945 -0.4988
vn -0.3630 0.7097 -0.6038
vn -0.1387 0.7516 -0.6448
vn 0.0162 0.7572 -0.6530
vn 0.2459 0.7316 -0.6358
vn 0.5307 0.6364 -0.5598
vn 0.7656 0.4791 -0.4293
vn 0.9270 0.2740 -0.2561
vn 0.9758 0.1548 -0.1544
vn -0.9666 0.1773 -0.1852
vn -0.9954 0.0697 -0.0652
vn -0.8398 0.3681 -0.3990
vn -0.6320 0.5219 -0.5728
vn -0.3645 0.6248 -0.6905
vn -0.1403 0.6628 -0.7356
vn 0.0146 0.6684 -0.7437
vn 0.2445 0.6467 -0.7225
vn 0.5295 0.5638 -0.6338
vn 0.7648 0.4259 -0.4833
vn 0.9266 0.2456 -0.2847
vn 0.9756 0.1408 -0.1687
vn -0.9668 0.1477 -0.2083
vn -0.9955 0.0551 -0.0769
vn -0.8403 0.3128 -0.4428
vn -0.6326 0.4465 -0.6328
vn -0.3651 0.5365 -0.7608
vn -0.1408 0.5704 -0.8092
vn 0.0141 0.5759 -0.8174
vn 0.2440 0.5584 -0.7928
vn 0.5292 0.4884 -0.6938
vn 0.7647 0.3707 -0.5271
vn 0.9266 0.2160 -0.3078
vn 0.9755 0.1262 -0.1804
vn -0.9668 0.1183 -0.2263
vn -0.9955 0.0406 -0.0860
vn -0.8402 0.2578 -0.4770
vn -0.6325 0.3713 -0.6798
vn -0.3649 0.4484 -0.8159
vn -0.1405 0.4782 -0.8669
vn 0.0144 0.4838 -0.8751
vn 0.2444 0.4704 -0.8480
vn 0.5296 0.4132 -0.7408
vn 0.7650 0.3156 -0.5614
vn 0.9268 0.1866 -0.3258
vn 0.9755 0.1116 -0.1896
vn -0.9666 0.0898 -0.2399
vn -0.9953 0.0264 -0.0930
vn -0.8398 0.2043 -0.5029
vn -0.6318 0.2983 -0.7154
vn -0.3641 0.3629 -0.8578
vn -0.1396 0.3887 -0.9107
vn 0.0153 0.3943 -0.9189
vn 0.2453 0.3849 -0.8898
vn 0.5305 0.3402 -0.7765
vn 0.7657 0.2622 -0.5873
vn 0.9273 0.1581 -0.3394
vn 0.9756 0.0975 -0.1966
vn -0.9663 0.0626 -0.2498
vn -0.9951 0.0129 -0.0981
vn -0.8391 0.1533 -0.5219
vn -0.6308 0.2284 -0.7416
vn -0.3628 0.2811 -0.8884
vn -0.1382 0.3031 -0.9429
vn 0.0167 0.3086 -0.9510
vn 0.2467 0.3031 -0.9205
vn 0.5317 0.2703 -0.8026
vn 0.7667 0.2111 -0.6063
vn 0.9278 0.1309 -0.3493
vn 0.9759 0.0839 -0.2017
vn -0.9658 0.0368 -0.2567
vn -0.9948 -0.0000 -0.1017
vn -0.8382 0.1047 -0.5353
vn -0.6295 0.1620 -0.7599
vn -0.3612 0.2033 -0.9101
vn -0.1365 0.2216 -0.9655
vn 0.0184 0.2272 -0.9737
vn 0.2484 0.2253 -0.9421
vn 0.5332 0.2039 -0.8210
vn 0.7679 0.1626 -0.6196
vn 0.9285 0.1051 -0.3562
vn 0.9761 0.0711 -0.2053
vn -0.9652 0.0122 -0.2612
vn -0.9945 -0.0123 -0.1041
vn -0.8371 0.0585 -0.5440
vn -0.6279 0.0987 -0.7720
vn -0.3593 0.1292 -0.9242
vn -0.1345 0.1440 -0.9804
vn 0.0204 0.1496 -0.9885
vn 0.2504 0.1512 -0.9563
vn 0.5350 0.1406 -0.8331
vn 0.7692 0.1164 -0.6284
vn 0.9292 0.0805 -0.3607
vn 0.9764 0.0588 -0.2076
vn -0.9645 -0.0113 -0.2637
vn -0.9941 -0.0241 -0.1054
vn -0.8358 0.0141 -0.5489
vn -0.6261 0.0380 -0.7788
vn -0.3572 0.0581 -0.9322
vn -0.1322 0.0696 -0.9888
vn 0.0227 0.0752 -0.9969
vn 0.2526 0.0801 -0.9643
vn 0.5368 0.0800 -0.8399
vn 0.7706 0.0721 -0.6333
vn 0.9299 0.0570 -0.3633
vn 0.9768 0.0470 -0.2090
vn -0.9633 -0.0381 -0.2655
vn -0.9937 -0.0375 -0.1058
vn -0.8336 -0.0365 -0.5511
vn -0.6234 -0.0313 -0.7813
vn -0.3542 -0.0230 -0.9349
vn -0.1293 -0.0154 -0.9915
vn 0.0256 -0.0098 -0.9996
vn 0.2552 -0.0011 -0.9669
vn 0.5388 0.0106 -0.8423
vn 0.7718 0.0214 -0.6354
vn 0.9305 0.0301 -0.3650
vn 0.9773 0.0335 -0.2093
vn -0.9616 -0.0736 -0.2643
vn -0.9930 -0.0552 -0.1045
vn -0.8305 -0.1031 -0.5473
vn -0.6194 -0.1224 -0.7755
vn -0.3498 -0.1297 -0.9278
vn -0.1249 -0.1271 -0.9840
vn 0.0300 -0.1215 -0.9921
vn 0.2592 -0.1078 -0.9598
vn 0.5420 -0.0805 -0.8365
vn 0.7740 -0.0453 -0.6316
vn 0.9315 -0.0054 -0.3638
vn 0.9780 0.0159 -0.2080
vn -0.9597 -0.1141 -0.2568
vn -0.9921 -0.0753 -0.1006
vn -0.8270 -0.1790 -0.5330
vn -0.6146 -0.2261 -0.7558
vn -0.3442 -0.2512 -0.9047
vn -0.1190 -0.2543 -0.9598
vn 0.0359 -0.2487 -0.9679
vn 0.2647 -0.2293 -0.9367
vn 0.5468 -0.1842 -0.8168
vn 0.7774 -0.1212 -0.6173
vn 0.9333 -0.0459 -0.3562
vn 0.9789 -0.0042 -0.2042
vn -0.9575 -0.1545 -0.2435
vn -0.9910 -0.0954 -0.0939
vn -0.8229 -0.2548 -0.5079
vn -0.6090 -0.3297 -0.7214
vn -0.3376 -0.3725 -0.8644
vn -0.1122 -0.3813 -0.9176
vn 0.0427 -0.3757 -0.9257
vn 0.2712 -0.3506 -0.8964
vn 0.5523 -0.2879 -0.7824
vn 0.7814 -0.1970 -0.5922
vn 0.9354 -0.0863 -0.3429
vn 0.9800 -0.0243 -0.1975
vn -0.9551 -0.1936 -0.2244
vn -0.9898 -0.1148 -0.0844
vn -0.8183 -0.3281 -0.4719
vn -0.6028 -0.4299 -0.6722
vn -0.3304 -0.4898 -0.8068
vn -0.1046 -0.5041 -0.8573
vn 0.0503 -0.4985 -0.8654
vn 0.2785 -0.4679 -0.8388
vn 0.5584 -0.3880 -0.7332
vn 0.7859 -0.2703 -0.5562
vn 0.9378 -0.1254 -0.3238
vn 0.9812 -0.0437 -0.1879
vn -0.9524 -0.2301 -0.1997
vn -0.9885 -0.1329 -0.0721
vn -0.8134 -0.3965 -0.4257
vn -0.5961 -0.5233 -0.6089
vn -0.3225 -0.5992 -0.7327
vn -0.0964 -0.6186 -0.7798
vn 0.0585 -0.6130 -0.7879
vn 0.2863 -0.5773 -0.7647
vn 0.5651 -0.4815 -0.6699
vn 0.7908 -0.3386 -0.5099
vn 0.9404 -0.1619 -0.2992
vn 0.9825 -0.0618 -0.1757
vn -0.9497 -0.2627 -0.1702
vn -0.9872 -0.1491 -0.0575
vn -0.8083 -0.4577 -0.3704
vn -0.5891 -0.6070 -0.5334
vn -0.3144 -0.6972 -0.6443
vn -0.0879 -0.7212 -0.6871
vn 0.0670 -0.7156 -0.6953
vn 0.2945 -0.6753 -0.6762
vn 0.5721 -0.5652 -0.5944
vn 0.7959 -0.3998 -0.4546
vn 0.9431 -0.1945 -0.2697
vn 0.9839 -0.0780 -0.1610
vn -0.9470 -0.2906 -0.1369
vn -0.9858 -0.1630 -0.0409
vn -0.8032 -0.5101 -0.3078
vn -0.5821 -0.6787 -0.4479
vn -0.3061 -0.7811 -0.5442
vn -0.0792 -0.8090 -0.5824
vn 0.0757 -0.8035 -0.5905
vn 0.3028 -0.7592 -0.5762
vn 0.5792 -0.6368 -0.5089
vn 0.8011 -0.4522 -0.3921
vn 0.9459 -0.2224 -0.2363
vn 0.9852 -0.0919 -0.1445
vn -0.9443 -0.3132 -0.1008
vn -0.9844 -0.1743 -0.0230
vn -0.7981 -0.5525 -0.2402
vn -0.5751 -0.7368 -0.3555
vn -0.2980 -0.8492 -0.4360
vn -0.0707 -0.8803 -0.4691
vn 0.0842 -0.8747 -0.4772
vn 0.3109 -0.8272 -0.4680
vn 0.5862 -0.6949 -0.4165
vn 0.8062 -0.4947 -0.3245
vn 0.9486 -0.2449 -0.2002
vn 0.9866 -0.1032 -0.1266
vn -0.9418 -0.3302 -0.0631
vn -0.9831 -0.1828 -0.0044
vn -0.7933 -0.5847 -0.1696
vn -0.5685 -0.7808 -0.2590
vn -0.2902 -0.9008 -0.3230
vn -0.0625 -0.9343 -0.3509
vn 0.0924 -0.9287 -0.3590
vn 0.3187 -0.8788 -0.3550
vn 0.5929 -0.7389 -0.3200
vn 0.8112 -0.5268 -0.2539
vn 0.9513 -0.2620 -0.1625
vn 0.9879 -0.1118 -0.1079
vn -0.9394 -0.3418 -0.0250
vn -0.9819 -0.1887 0.0146
vn -0.7889 -0.6067 -0.0981
vn -0.5624 -0.8110 -0.1613
vn -0.2829 -0.9362 -0.2087
vn -0.0549 -0.9714 -0.2311
vn 0.1000 -0.9658 -0.2393
vn 0.3261 -0.9142 -0.2406
vn 0.5992 -0.7691 -0.2223
vn 0.8158 -0.5488 -0.1824
vn 0.9538 -0.2736 -0.1244
vn 0.9891 -0.1176 -0.0890
vn -0.9373 -0.3483 0.0126
vn -0.9808 -0.1921 0.0333
vn -0.7848 -0.6192 -0.0276
vn -0.5567 -0.8281 -0.0648
vn -0.2763 -0.9563 -0.0956
vn -0.0479 -0.9925 -0.1128
vn 0.1070 -0.9869 -0.1209
vn 0.3327 -0.9343 -0.1276
vn 0.6049 -0.7863 -0.1258
vn 0.8200 -0.5613 -0.1119
vn 0.9560 -0.2801 -0.0868
vn 0.9902 -0.1210 -0.0703
vn -0.9361 -0.3490 0.0441
vn -0.9799 -0.1932 0.0489
vn -0.7822 -0.6222 0.0315
vn -0.5528 -0.8331 0.0160
vn -0.2714 -0.9625 -0.0011
vn -0.0425 -0.9990 -0.0138
vn 0.1124 -0.9934 -0.0219
vn 0.3382 -0.9405 -0.0331
vn 0.6099 -0.7912 -0.0451
vn 0.8239 -0.5643 -0.0528
vn 0.9582 -0.2807 -0.0554
vn 0.9910 -0.1222 -0.0546
vn -0.9355 -0.3473 0.0644
vn -0.9794 -0.1932 0.0591
vn -0.7809 -0.6208 0.0699
vn -0.5507 -0.8319 0.0684
vn -0.2686 -0.9614 0.0604
vn -0.0392 -0.9980 0.0505
vn 0.1158 -0.9924 0.0424
vn 0.3417 -0.9394 0.0284
vn 0.6132 -0.7899 0.0073
vn 0.8265 -0.5628 -0.0146
vn 0.9596 -0.2790 -0.0352
vn 0.9915 -0.1221 -0.0444
vn -0.9348 -0.3462 0.0791
vn -0.9790 -0.1926 0.0665
vn -0.7795 -0.6187 0.0977
vn -0.5489 -0.8291 0.1066
vn -0.2663 -0.9581 0.1051
vn -0.0368 -0.9946 0.0973
vn 0.1181 -0.9890 0.0892
vn 0.3440 -0.9361 0.0730
vn 0.6151 -0.7871 0.0454
vn 0.8279 -0.5608 0.0132
vn 0.9604 -0.2779 -0.0204
vn 0.9919 -0.1216 -0.0370
vn -0.9342 -0.3445 0.0932
vn -0.9787 -0.1918 0.0737
vn -0.7783 -0.6155 0.1244
vn -0.5471 -0.8247 0.1431
vn -0.2643 -0.9530 0.1480
vn -0.0347 -0.9892 0.1422
vn 0.1203 -0.9836 0.1341
vn 0.3461 -0.9310 0.1159
vn 0.6169 -0.7828 0.0820
vn 0.8292 -0.5575 0.0399
vn 0.9611 -0.2761 -0.0063
vn 0.9922 -0.1207 -0.0299
vn -0.9336 -0.3422 0.1067
vn -0.9784 -0.1907 0.0804
vn -0.7771 -0.6112 0.1498
vn -0.5455 -0.8190 0.1780
vn -0.2624 -0.9463 0.1889
vn -0.0327 -0.9822 0.1850
vn 0.1223 -0.9766 0.1769
vn 0.3480 -0.9243 0.1568
vn 0.6186 -0.7770 0.1169
vn 0.8304 -0.5533 0.0654
vn 0.9617 -0.2738 0.0071
vn 0.9926 -0.1196 -0.0231
vn -0.9330 -0.3394 0.1195
vn -0.9781 -0.1893 0.0869
vn -0.7761 -0.6061 0.1740
vn -0.5441 -0.8120 0.2112
vn -0.2607 -0.9382 0.2278
vn -0.0308 -0.9737 0.2258
vn 0.1241 -0.9681 0.2176
vn 0.3498 -0.9162 0.1957
vn 0.6201 -0.7700 0.1501
vn 0.8315 -0.5482 0.0896
vn 0.9623 -0.2711 0.0199
vn 0.9928 -0.1183 -0.0166
vn -0.9325 -0.3363 0.1316
vn -0.9778 -0.1878 0.0930
vn -0.7751 -0.6003 0.1970
vn -0.5427 -0.8041 0.2427
vn -0.2591 -0.9289 0.2646
vn -0.0292 -0.9640 0.2644
vn 0.1258 -0.9584 0.2563
vn 0.3514 -0.9069 0.2326
vn 0.6215 -0.7621 0.1815
vn 0.8326 -0.5424 0.1125
vn 0.9629 -0.2680 0.0320
vn 0.9931 -0.1167 -0.0105
vn -0.9321 -0.3329 0.1431
vn -0.9776 -0.1861 0.0988
vn -0.7743 -0.5939 0.2187
vn -0.5415 -0.7953 0.2724
vn -0.2577 -0.9186 0.2995
vn -0.0276 -0.9532 0.3009
vn 0.1273 -0.9477 0.2928
vn 0.3529 -0.8966 0.2675
vn 0.6228 -0.7533 0.2113
vn 0.8335 -0.5359 0.1342
vn 0.9634 -0.2645 0.0435
vn 0.9934 -0.1150 -0.0047
vn -0.9317 -0.3292 0.1539
vn -0.9773 -0.1843 0.1043
vn -0.7735 -0.5870 0.2392
vn -0.5404 -0.7859 0.3005
vn -0.2563 -0.9076 0.3325
vn -0.0262 -0.9417 0.3355
vn 0.1287 -0.9361 0.3273
vn 0.3542 -0.8856 0.3004
vn 0.6239 -0.7439 0.2394
vn 0.8344 -0.5290 0.1547
vn 0.9639 -0.2608 0.0543
vn 0.9936 -0.1132 0.0007
vn -0.9313 -0.3253 0.1641
vn -0.9771 -0.1823 0.1094
vn -0.7727 -0.5797 0.2585
vn -0.5394 -0.7759 0.3271
vn -0.2552 -0.8959 0.3636
vn -0.0250 -0.9295 0.3680
vn 0.1300 -0.9239 0.3599
vn 0.3555 -0.8739 0.3315
vn 0.6250 -0.7339 0.2659
vn 0.8352 -0.5217 0.1740
vn 0.9643 -0.2569 0.0645
vn 0.9938 -0.1113 0.0059
vn -0.9309 -0.3212 0.1737
vn -0.9769 -0.1803 0.1143
vn -0.7721 -0.5721 0.2767
vn -0.5385 -0.7656 0.3520
vn -0.2541 -0.8838 0.3928
vn -0.0238 -0.9168 0.3987
vn 0.1312 -0.9112 0.3905
vn 0.3566 -0.8618 0.3608
vn 0.6260 -0.7236 0.2909
vn 0.8359 -0.5141 0.1922
vn 0.9647 -0.2529 0.0741
vn 0.9940 -0.1093 0.0107
vn -0.9306 -0.3170 0.1827
vn -0.9768 -0.1783 0.1188
vn -0.7715 -0.5643 0.2938
vn -0.5377 -0.7549 0.3755
vn -0.2531 -0.8713 0.4204
vn -0.0228 -0.9037 0.4275
vn 0.1322 -0.8981 0.4194
vn 0.3576 -0.8493 0.3883
vn 0.6269 -0.7129 0.3144
vn 0.8365 -0.5063 0.2094
vn 0.9650 -0.2487 0.0832
vn 0.9941 -0.1072 0.0153
vn -0.9276 -0.2000 0.3155
vn -0.9804 -0.1067 0.1659
vn -0.7864 -0.3289 0.5228
vn -0.5662 -0.4378 0.6984
vn -0.2730 -0.5101 0.8157
vn -0.0251 -0.5294 0.8480
vn 0.1516 -0.5231 0.8387
vn 0.3928 -0.4861 0.7807
vn 0.6662 -0.3934 0.6336
vn 0.8584 -0.2696 0.4364
vn 0.9675 -0.1317 0.2160
vn 0.9974 -0.0354 0.0620
vn -0.9769 0.1501 0.1524
vn -0.9956 0.0311 0.0888
vn -0.9190 0.3145 0.2378
vn -0.7824 0.5213 0.3408
vn -0.4844 0.7529 0.4455
vn -0.1517 0.8631 0.4816
vn 0.1389 0.8736 0.4664
vn 0.4730 0.7874 0.3953
vn 0.7743 0.5774 0.2590
vn 0.9139 0.3805 0.1416
vn 0.9741 0.2204 0.0499
vn 0.9946 0.1028 -0.0157
vn -0.9669 0.2291 -0.1125
vn -0.9946 0.0987 -0.0310
vn -0.8400 0.4724 -0.2668
vn -0.6311 0.6681 -0.3942
vn -0.3617 0.7977 -0.4825
vn -0.1356 0.8444 -0.5183
vn 0.0196 0.8500 -0.5264
vn 0.2510 0.8198 -0.5147
vn 0.5368 0.7102 -0.4556
vn 0.7714 0.5305 -0.3515
vn 0.9308 0.2975 -0.2122
vn 0.9763 0.1697 -0.1345
vn -0.9666 0.2353 -0.1017
vn -0.9945 0.1019 -0.0255
vn -0.8394 0.4844 -0.2463
vn -0.6303 0.6846 -0.3660
vn -0.3607 0.8172 -0.4495
vn -0.1345 0.8648 -0.4837
vn 0.0207 0.8704 -0.4918
vn 0.2521 0.8393 -0.4817
vn 0.5377 0.7268 -0.4274
vn 0.7721 0.5425 -0.3310
vn 0.9312 0.3038 -0.2014
vn 0.9764 0.1730 -0.1290
vn -0.9662 0.2415 -0.0900
vn -0.9943 0.1051 -0.0195
vn -0.8388 0.4962 -0.2241
vn -0.6293 0.7010 -0.3355
vn -0.3596 0.8364 -0.4137
vn -0.1333 0.8850 -0.4461
vn 0.0220 0.8906 -0.4543
vn 0.2533 0.8585 -0.4459
vn 0.5388 0.7431 -0.3969
vn 0.7729 0.5543 -0.3087
vn 0.9317 0.3099 -0.1897
vn 0.9766 0.1762 -0.1231
vn -0.9658 0.2474 -0.0773
vn -0.9940 0.1082 -0.0131
vn -0.8380 0.5077 -0.2000
vn -0.6283 0.7168 -0.3025
vn -0.3583 0.8550 -0.3750
vn -0.1319 0.9045 -0.4056
vn 0.0234 0.9101 -0.4138
vn 0.2547 0.8771 -0.4072
vn 0.5400 0.7589 -0.3639
vn 0.7738 0.5658 -0.2847
vn 0.9321 0.3159 -0.1770
vn 0.9769 0.1792 -0.1167
vn -0.9653 0.2531 -0.0638
vn -0.9938 0.1111 -0.0062
vn -0.8371 0.5186 -0.1743
vn -0.6270 0.7318 -0.2671
vn -0.3568 0.8727 -0.3335
vn -0.1303 0.9230 -0.3621
vn 0.0250 0.9286 -0.3703
vn 0.2563 0.8948 -0.3657
vn 0.5414 0.7739 -0.3285
vn 0.7748 0.5767 -0.2590
vn 0.9327 0.3215 -0.1635
vn 0.9771 0.1822 -0.1098
vn -0.9648 0.2583 -0.0494
vn -0.9935 0.1138 0.0011
vn -0.8361 0.5286 -0.1468
vn -0.6256 0.7457 -0.2294
vn -0.3551 0.8890 -0.2892
vn -0.1285 0.9401 -0.3157
vn 0.0269 0.9457 -0.3239
vn 0.2581 0.9111 -0.3214
vn 0.5430 0.7878 -0.2907
vn 0.7760 0.5867 -0.2315
vn 0.9333 0.3267 -0.1491
vn 0.9774 0.1849 -0.1024
vn -0.9642 0.2630 -0.0341
vn -0.9932 0.1163 0.0089
vn -0.8349 0.5376 -0.1177
vn -0.6240 0.7581 -0.1894
vn -0.3532 0.9036 -0.2423
vn -0.1264 0.9555 -0.2666
vn 0.0289 0.9611 -0.2748
vn 0.2601 0.9258 -0.2745
vn 0.5447 0.8003 -0.2508
vn 0.7772 0.5958 -0.2024
vn 0.9340 0.3314 -0.1338
vn 0.9777 0.1873 -0.0946
vn -0.9635 0.2670 -0.0181
vn -0.9928 0.1183 0.0170
vn -0.8336 0.5454 -0.0873
vn -0.6222 0.7688 -0.1475
vn -0.3511 0.9162 -0.1931
vn -0.1242 0.9687 -0.2151
vn 0.0311 0.9743 -0.2233
vn 0.2622 0.9383 -0.2253
vn 0.5465 0.8110 -0.2089
vn 0.7786 0.6035 -0.1720
vn 0.9347 0.3354 -0.1178
vn 0.9781 0.1894 -0.0865
vn -0.9628 0.2702 -0.0015
vn -0.9924 0.1200 0.0255
vn -0.8322 0.5516 -0.0556
vn -0.6203 0.7775 -0.1040
vn -0.3488 0.9264 -0.1420
vn -0.1218 0.9793 -0.1616
vn 0.0336 0.9849 -0.1697
vn 0.2646 0.9485 -0.1742
vn 0.5485 0.8196 -0.1654
vn 0.7801 0.6098 -0.1403
vn 0.9354 0.3387 -0.1012
vn 0.9785 0.1911 -0.0780
vn -0.9620 0.2726 0.0156
vn -0.9920 0.1213 0.0343
vn -0.8307 0.5562 -0.0230
vn -0.6182 0.7838 -0.0592
vn -0.3463 0.9339 -0.0895
vn -0.1192 0.9871 -0.1065
vn 0.0362 0.9927 -0.1147
vn 0.2671 0.9560 -0.1217
vn 0.5507 0.8259 -0.1206
vn 0.7816 0.6144 -0.1077
vn 0.9363 0.3410 -0.0841
vn 0.9789 0.1923 -0.0693
vn -0.9611 0.2741 0.0330
vn -0.9916 0.1220 0.0431
vn -0.8291 0.5590 0.0101
vn -0.6159 0.7877 -0.0137
vn -0.3436 0.9384 -0.0360
vn -0.1164 0.9919 -0.0505
vn 0.0390 0.9975 -0.0586
vn 0.2697 0.9605 -0.0682
vn 0.5530 0.8298 -0.0751
vn 0.7833 0.6172 -0.0746
vn 0.9371 0.3425 -0.0668
vn 0.9793 0.1931 -0.0604
vn -0.9604 0.2732 0.0545
vn -0.9910 0.1222 0.0541
vn -0.8277 0.5589 0.0511
vn -0.6138 0.7883 0.0428
vn -0.3407 0.9397 0.0303
vn -0.1129 0.9934 0.0189
vn 0.0426 0.9990 0.0108
vn 0.2737 0.9618 -0.0020
vn 0.5567 0.8305 -0.0187
vn 0.7862 0.6171 -0.0336
vn 0.9387 0.3417 -0.0453
vn 0.9799 0.1932 -0.0494
vn -0.9592 0.2696 0.0847
vn -0.9902 0.1211 0.0697
vn -0.8254 0.5538 0.1092
vn -0.6104 0.7825 0.1228
vn -0.3362 0.9335 0.1244
vn -0.1076 0.9872 0.1175
vn 0.0482 0.9928 0.1093
vn 0.2795 0.9557 0.0920
vn 0.5622 0.8247 0.0612
vn 0.7904 0.6121 0.0243
vn 0.9410 0.3381 -0.0151
vn 0.9808 0.1921 -0.0338
vn -0.9573 0.2628 0.1207
vn -0.9891 0.1178 0.0883
vn -0.8216 0.5414 0.1784
vn -0.6051 0.7656 0.2183
vn -0.3298 0.9139 0.2366
vn -0.1007 0.9667 0.2351
vn 0.0551 0.9723 0.2270
vn 0.2863 0.9361 0.2043
vn 0.5681 0.8079 0.1567
vn 0.7948 0.5997 0.0935
vn 0.9433 0.3314 0.0209
vn 0.9819 0.1889 -0.0152
vn -0.9550 0.2510 0.1580
vn -0.9879 0.1119 0.1076
vn -0.8173 0.5191 0.2502
vn -0.5991 0.7351 0.3173
vn -0.3226 0.8782 0.3531
vn -0.0930 0.9294 0.3572
vn 0.0629 0.9350 0.3491
vn 0.2939 0.9004 0.3207
vn 0.5747 0.7774 0.2557
vn 0.7996 0.5773 0.1652
vn 0.9458 0.3195 0.0581
vn 0.9831 0.1829 0.0041
vn -0.9525 0.2335 0.1954
vn -0.9865 0.1029 0.1270
vn -0.8125 0.4858 0.3222
vn -0.5925 0.6894 0.4168
vn -0.3147 0.8246 0.4702
vn -0.0846 0.8732 0.4800
vn 0.0714 0.8788 0.4718
vn 0.3021 0.8468 0.4378
vn 0.5818 0.7317 0.3551
vn 0.8048 0.5441 0.2372
vn 0.9485 0.3020 0.0955
vn 0.9845 0.1740 0.0234
vn -0.9499 0.2102 0.2314
vn -0.9851 0.0910 0.1457
vn -0.8074 0.4412 0.3917
vn -0.5854 0.6280 0.5128
vn -0.3063 0.7525 0.5831
vn -0.0757 0.7977 0.5984
vn 0.0804 0.8033 0.5902
vn 0.3108 0.7747 0.5507
vn 0.5892 0.6703 0.4511
vn 0.8102 0.4995 0.3067
vn 0.9513 0.2787 0.1315
vn 0.9859 0.1620 0.0422
vn -0.9471 0.1815 0.2646
vn -0.9837 0.0762 0.1629
vn -0.8022 0.3861 0.4555
vn -0.5781 0.5520 0.6010
vn -0.2976 0.6631 0.6868
vn -0.0666 0.7040 0.7071
vn 0.0895 0.7096 0.6989
vn 0.3195 0.6853 0.6544
vn 0.5966 0.5943 0.5392
vn 0.8156 0.4444 0.3705
vn 0.9541 0.2500 0.1647
vn 0.9873 0.1472 0.0593
vn -0.9444 0.1484 0.2934
vn -0.9823 0.0590 0.1778
vn -0.7969 0.3223 0.5109
vn -0.5708 0.4639 0.6774
vn -0.2892 0.5595 0.7768
vn -0.0577 0.5954 0.8014
vn 0.0983 0.6010 0.7932
vn 0.3279 0.5817 0.7443
vn 0.6038 0.5063 0.6157
vn 0.8208 0.3806 0.4260
vn 0.9568 0.2169 0.1935
vn 0.9887 0.1301 0.0742
vn -0.9418 0.1122 0.3169
vn -0.9810 0.0402 0.1899
vn -0.7919 0.2526 0.5560
vn -0.5640 0.3677 0.7394
vn -0.2812 0.4462 0.8496
vn -0.0494 0.4766 0.8777
vn 0.1066 0.4822 0.8695
vn 0.3357 0.4685 0.8172
vn 0.6104 0.4100 0.6777
vn 0.8255 0.3109 0.4710
vn 0.9593 0.1808 0.2170
vn 0.9900 0.1113 0.0863
vn -0.9394 0.0746 0.3346
vn -0.9798 0.0207 0.1989
vn -0.7873 0.1801 0.5897
vn -0.5577 0.2675 0.7858
vn -0.2739 0.3283 0.9040
vn -0.0419 0.3530 0.9347
vn 0.1140 0.3586 0.9265
vn 0.3427 0.3506 0.8716
vn 0.6162 0.3098 0.7241
vn 0.8297 0.2384 0.5047
vn 0.9615 0.1431 0.2348
vn 0.9912 0.0918 0.0954
vn -0.9373 0.0369 0.3466
vn -0.9788 0.0012 0.2049
vn -0.7832 0.1076 0.6123
vn -0.5522 0.1674 0.8167
vn -0.2676 0.2106 0.9402
vn -0.0354 0.2296 0.9726
vn 0.1204 0.2352 0.9645
vn 0.3487 0.2328 0.9079
vn 0.6211 0.2097 0.7551
vn 0.8333 0.1659 0.5274
vn 0.9633 0.1055 0.2468
vn 0.9922 0.0723 0.1014
vn -0.9354 0.0005 0.3535
vn -0.9779 -0.0176 0.2083
vn -0.7798 0.0375 0.6249
vn -0.5475 0.0707 0.8338
vn -0.2622 0.0969 0.9601
vn -0.0300 0.1104 0.9934
vn 0.1258 0.1160 0.9853
vn 0.3536 0.1191 0.9278
vn 0.6252 0.1130 0.7722
vn 0.8362 0.0958 0.5400
vn 0.9648 0.0690 0.2536
vn 0.9931 0.0534 0.1047
vn -0.9341 -0.0353 0.3554
vn -0.9772 -0.0361 0.2092
vn -0.7771 -0.0311 0.6286
vn -0.5438 -0.0239 0.8389
vn -0.2579 -0.0144 0.9661
vn -0.0255 -0.0062 0.9997
vn 0.1303 -0.0006 0.9915
vn 0.3579 0.0078 0.9337
vn 0.6289 0.0184 0.7773
vn 0.8388 0.0271 0.5437
vn 0.9662 0.0332 0.2555
vn 0.9938 0.0350 0.1057
vn -0.9331 -0.0731 0.3521
vn -0.9766 -0.0556 0.2079
vn -0.7752 -0.1037 0.6231
vn -0.5411 -0.1240 0.8318
vn -0.2544 -0.1321 0.9580
vn -0.0215 -0.1296 0.9913
vn 0.1344 -0.1240 0.9831
vn 0.3621 -0.1098 0.9257
vn 0.6326 -0.0817 0.7701
vn 0.8416 -0.0454 0.5382
vn 0.9677 -0.0045 0.2523
vn 0.9944 0.0155 0.1043
vn -0.9323 -0.1134 0.3436
vn -0.9761 -0.0765 0.2036
vn -0.7736 -0.1814 0.6072
vn -0.5387 -0.2313 0.8102
vn -0.2514 -0.2582 0.9328
vn -0.0182 -0.2619 0.9649
vn 0.1378 -0.2562 0.9567
vn 0.3655 -0.2360 0.9004
vn 0.6357 -0.1889 0.7485
vn 0.8439 -0.1231 0.5222
vn 0.9688 -0.0449 0.2437
vn 0.9950 -0.0054 0.1001
vn -0.9317 -0.1546 0.3287
vn -0.9757 -0.0978 0.1961
vn -0.7724 -0.2607 0.5791
vn -0.5370 -0.3408 0.7716
vn -0.2493 -0.3872 0.8877
vn -0.0158 -0.3970 0.9177
vn 0.1402 -0.3914 0.9095
vn 0.3680 -0.3649 0.8552
vn 0.6379 -0.2985 0.7099
vn 0.8455 -0.2024 0.4941
vn 0.9697 -0.0860 0.2288
vn 0.9953 -0.0268 0.0926
vn -0.9315 -0.1949 0.3072
vn -0.9755 -0.1188 0.1851
vn -0.7720 -0.3385 0.5380
vn -0.5363 -0.4483 0.7151
vn -0.2484 -0.5137 0.8213
vn -0.0147 -0.5297 0.8481
vn 0.1414 -0.5240 0.8399
vn 0.3692 -0.4914 0.7888
vn 0.6390 -0.4059 0.6534
vn 0.8463 -0.2802 0.4530
vn 0.9701 -0.1263 0.2074
vn 0.9955 -0.0477 0.0816
vn -0.9316 -0.2325 0.2794
vn -0.9756 -0.1383 0.1707
vn -0.7722 -0.4110 0.4845
vn -0.5367 -0.5484 0.6413
vn -0.2487 -0.6315 0.7344
vn -0.0151 -0.6532 0.7571
vn 0.1411 -0.6476 0.7488
vn 0.3689 -0.6092 0.7020
vn 0.6388 -0.5060 0.5795
vn 0.8462 -0.3526 0.3995
vn 0.9700 -0.1639 0.1795
vn 0.9955 -0.0672 0.0672
vn -0.9321 -0.2655 0.2463
vn -0.9759 -0.1554 0.1535
vn -0.7732 -0.4745 0.4207
vn -0.5381 -0.6361 0.5530
vn -0.2504 -0.7346 0.6306
vn -0.0169 -0.7613 0.6482
vn 0.1392 -0.7557 0.6400
vn 0.3671 -0.7124 0.5981
vn 0.6373 -0.5937 0.4913
vn 0.8451 -0.4162 0.3356
vn 0.9694 -0.1970 0.1464
vn 0.9952 -0.0843 0.0500
vn -0.9330 -0.2926 0.2096
vn -0.9763 -0.1693 0.1345
vn -0.7749 -0.5264 0.3499
vn -0.5404 -0.7077 0.4552
vn -0.2533 -0.8187 0.5154
vn -0.0200 -0.8494 0.5274
vn 0.1360 -0.8438 0.5192
vn 0.3640 -0.7964 0.4830
vn 0.6345 -0.6653 0.3935
vn 0.8430 -0.4681 0.2649
vn 0.9684 -0.2241 0.1098
vn 0.9947 -0.0983 0.0309
vn -0.9341 -0.3133 0.1715
vn -0.9770 -0.1798 0.1146
vn -0.7770 -0.5656 0.2762
vn -0.5435 -0.7615 0.3533
vn -0.2571 -0.8818 0.3954
vn -0.0242 -0.9155 0.4016
vn 0.1318 -0.9099 0.3934
vn 0.3597 -0.8595 0.3630
vn 0.6307 -0.7191 0.2916
vn 0.8403 -0.5073 0.1912
vn 0.9669 -0.2447 0.0716
vn 0.9940 -0.1087 0.0111
vn -0.9353 -0.3275 0.1336
vn -0.9778 -0.1869 0.0950
vn -0.7795 -0.5925 0.2032
vn -0.5471 -0.7981 0.2525
vn -0.2615 -0.9246 0.2768
vn -0.0291 -0.9603 0.2773
vn 0.1268 -0.9547 0.2691
vn 0.3548 -0.9024 0.2445
vn 0.6264 -0.7558 0.1909
vn 0.8371 -0.5342 0.1183
vn 0.9653 -0.2590 0.0338
vn 0.9932 -0.1159 -0.0086
vn -0.9367 -0.3362 0.0975
vn -0.9786 -0.1912 0.0763
vn -0.7822 -0.6084 0.1338
vn -0.5509 -0.8197 0.1567
vn -0.2663 -0.9498 0.1642
vn -0.0343 -0.9866 0.1592
vn 0.1215 -0.9810 0.1510
vn 0.3495 -0.9276 0.1318
vn 0.6217 -0.7774 0.0951
vn 0.8336 -0.5502 0.0489
vn 0.9635 -0.2677 -0.0023
vn 0.9924 -0.1201 -0.0272
vn -0.9381 -0.3403 0.0641
vn -0.9794 -0.1930 0.0591
vn -0.7850 -0.6156 0.0697
vn -0.5548 -0.8292 0.0683
vn -0.2711 -0.9607 0.0603
vn -0.0395 -0.9979 0.0504
vn 0.1161 -0.9923 0.0422
vn 0.3442 -0.9385 0.0280
vn 0.6170 -0.7869 0.0068
vn 0.8301 -0.5573 -0.0152
vn 0.9617 -0.2718 -0.0357
vn 0.9915 -0.1219 -0.0444
vn -0.9398 -0.2343 0.2488
vn -0.9847 -0.1152 0.1310
vn -0.8243 -0.3944 0.4062
vn -0.6232 -0.5491 0.5568
vn -0.3183 -0.6693 0.6713
vn -0.0418 -0.7079 0.7051
vn 0.1660 -0.7004 0.6942
vn 0.4341 -0.6422 0.6318
vn 0.7159 -0.5009 0.4865
vn 0.8885 -0.3326 0.3162
vn 0.9751 -0.1652 0.1482
vn 0.9987 -0.0437 0.0268
vn -0.9527 0.1638 0.2559
vn -0.9900 0.0436 0.1344
vn -0.8463 0.3296 0.4186
vn -0.6544 0.4942 0.5723
vn -0.3596 0.6308 0.6876
vn -0.0894 0.6867 0.7214
vn 0.1149 0.6941 0.7107
vn 0.3833 0.6575 0.6486
vn 0.6735 0.5421 0.5026
vn 0.8596 0.3911 0.3289
vn 0.9600 0.2328 0.1554
vn 0.9929 0.1151 0.0302
vn -0.9593 0.2726 0.0735
vn -0.9905 0.1218 0.0639
vn -0.8256 0.5574 0.0875
vn -0.6110 0.7862 0.0928
vn -0.3375 0.9371 0.0891
vn -0.1096 0.9907 0.0805
vn 0.0459 0.9963 0.0723
vn 0.2768 0.9593 0.0568
vn 0.5593 0.8284 0.0314
vn 0.7880 0.6156 0.0027
vn 0.9397 0.3410 -0.0263
vn 0.9804 0.1928 -0.0397
vn -0.9580 0.2689 0.0994
vn -0.9897 0.1201 0.0772
vn -0.8231 0.5510 0.1372
vn -0.6074 0.7778 0.1613
vn -0.3331 0.9275 0.1695
vn -0.1048 0.9807 0.1648
vn 0.0508 0.9864 0.1566
vn 0.2816 0.9497 0.1372
vn 0.5636 0.8200 0.0998
vn 0.7913 0.6092 0.0524
vn 0.9414 0.3373 -0.0004
vn 0.9812 0.1912 -0.0263
vn -0.9565 0.2618 0.1288
vn -0.9888 0.1169 0.0924
vn -0.8201 0.5384 0.1937
vn -0.6032 0.7608 0.2393
vn -0.3279 0.9079 0.2612
vn -0.0991 0.9603 0.2609
vn 0.0566 0.9659 0.2527
vn 0.2874 0.9301 0.2288
vn 0.5687 0.8031 0.1777
vn 0.7951 0.5966 0.1089
vn 0.9434 0.3303 0.0290
vn 0.9821 0.1879 -0.0111
vn -0.9546 0.2502 0.1616
vn -0.9878 0.1112 0.1094
vn -0.8165 0.5170 0.2569
vn -0.5981 0.7319 0.3266
vn -0.3217 0.8741 0.3639
vn -0.0922 0.9250 0.3685
vn 0.0636 0.9307 0.3603
vn 0.2944 0.8964 0.3315
vn 0.5749 0.7741 0.2649
vn 0.7997 0.5752 0.1720
vn 0.9458 0.3187 0.0618
vn 0.9832 0.1823 0.0059
vn -0.9524 0.2326 0.1971
vn -0.9865 0.1025 0.1279
vn -0.8123 0.4840 0.3255
vn -0.5921 0.6869 0.4214
vn -0.3143 0.8216 0.4755
vn -0.0842 0.8701 0.4856
vn 0.0718 0.8757 0.4774
vn 0.3025 0.8439 0.4431
vn 0.5821 0.7292 0.3597
vn 0.8050 0.5423 0.2406
vn 0.9486 0.3011 0.0973
vn 0.9845 0.1735 0.0243
vn -0.9498 0.2078 0.2337
vn -0.9850 0.0899 0.1470
vn -0.8074 0.4370 0.3965
vn -0.5852 0.6225 0.5196
vn -0.3059 0.7462 0.5913
vn -0.0750 0.7912 0.6070
vn 0.0811 0.7968 0.5988
vn 0.3117 0.7685 0.5588
vn 0.5901 0.6649 0.4579
vn 0.8109 0.4953 0.3115
vn 0.9517 0.2763 0.1339
vn 0.9860 0.1610 0.0435
vn -0.9470 0.1754 0.2691
vn -0.9835 0.0733 0.1655
vn -0.8019 0.3751 0.4650
vn -0.5775 0.5373 0.6146
vn -0.2966 0.6462 0.7032
vn -0.0651 0.6864 0.7244
vn 0.0911 0.6920 0.7161
vn 0.3214 0.6684 0.6707
vn 0.5986 0.5797 0.5528
vn 0.8171 0.4335 0.3800
vn 0.9549 0.2440 0.1692
vn 0.9876 0.1444 0.0620
vn -0.9440 0.1364 0.3004
vn -0.9819 0.0531 0.1818
vn -0.7961 0.3000 0.5255
vn -0.5695 0.4337 0.6983
vn -0.2872 0.5242 0.8017
vn -0.0551 0.5585 0.8277
vn 0.1012 0.5642 0.8195
vn 0.3311 0.5465 0.7692
vn 0.6069 0.4761 0.6365
vn 0.8231 0.3584 0.4405
vn 0.9580 0.2050 0.2005
vn 0.9892 0.1242 0.0783
vn -0.9411 0.0931 0.3251
vn -0.9804 0.0306 0.1946
vn -0.7905 0.2163 0.5730
vn -0.5618 0.3179 0.7638
vn -0.2781 0.3880 0.8787
vn -0.0457 0.4156 0.9084
vn 0.1105 0.4213 0.9002
vn 0.3399 0.4102 0.8463
vn 0.6143 0.3603 0.7020
vn 0.8285 0.2747 0.4880
vn 0.9608 0.1616 0.2252
vn 0.9907 0.1016 0.0910
vn -0.9384 0.0485 0.3422
vn -0.9791 0.0073 0.2032
vn -0.7853 0.1302 0.6053
vn -0.5547 0.1988 0.8079
vn -0.2700 0.2477 0.9304
vn -0.0375 0.2686 0.9625
vn 0.1186 0.2742 0.9543
vn 0.3474 0.2700 0.8980
vn 0.6205 0.2412 0.7462
vn 0.8329 0.1885 0.5203
vn 0.9631 0.1170 0.2423
vn 0.9919 0.0784 0.0997
vn -0.9361 0.0056 0.3518
vn -0.9780 -0.0149 0.2078
vn -0.7809 0.0475 0.6229
vn -0.5488 0.0845 0.8317
vn -0.2634 0.1132 0.9580
vn -0.0308 0.1275 0.9914
vn 0.1251 0.1331 0.9832
vn 0.3534 0.1354 0.9256
vn 0.6253 0.1269 0.7700
vn 0.8364 0.1058 0.5379
vn 0.9649 0.0741 0.2519
vn 0.9930 0.0561 0.1043
vn -0.9342 -0.0342 0.3550
vn -0.9772 -0.0355 0.2092
vn -0.7774 -0.0290 0.6283
vn -0.5442 -0.0209 0.8387
vn -0.2582 -0.0109 0.9660
vn -0.0256 -0.0026 0.9997
vn 0.1302 0.0031 0.9915
vn 0.3580 0.0113 0.9337
vn 0.6290 0.0213 0.7771
vn 0.8390 0.0293 0.5434
vn 0.9663 0.0343 0.2552
vn 0.9938 0.0356 0.1057
vn -0.9331 -0.0732 0.3520
vn -0.9766 -0.0557 0.2078
vn -0.7753 -0.1041 0.6230
vn -0.5411 -0.1245 0.8317
vn -0.2544 -0.1327 0.9580
vn -0.0215 -0.1302 0.9913
vn 0.1344 -0.1246 0.9831
vn 0.3621 -0.1104 0.9256
vn 0.6327 -0.0822 0.7700
vn 0.8417 -0.0458 0.5381
vn 0.9677 -0.0047 0.2522
vn 0.9944 0.0154 0.1043
vn -0.9323 -0.1141 0.3433
vn -0.9760 -0.0768 0.2035
vn -0.7736 -0.1827 0.6068
vn -0.5387 -0.2330 0.8096
vn -0.2514 -0.2603 0.9322
vn -0.0181 -0.2640 0.9643
vn 0.1379 -0.2584 0.9562
vn 0.3656 -0.2381 0.8998
vn 0.6358 -0.1907 0.7479
vn 0.8439 -0.1243 0.5218
vn 0.9689 -0.0455 0.2434
vn 0.9950 -0.0058 0.1000
vn -0.9317 -0.1555 0.3283
vn -0.9757 -0.0983 0.1959
vn -0.7724 -0.2626 0.5783
vn -0.5370 -0.3435 0.7705
vn -0.2493 -0.3903 0.8863
vn -0.0158 -0.4003 0.9163
vn 0.1403 -0.3947 0.9081
vn 0.3680 -0.3680 0.8539
vn 0.6380 -0.3011 0.7088
vn 0.8456 -0.2043 0.4933
vn 0.9697 -0.0870 0.2284
vn 0.9954 -0.0273 0.0924
vn -0.9314 -0.1958 0.3068
vn -0.9755 -0.1192 0.1849
vn -0.7719 -0.3401 0.5371
vn -0.5362 -0.4505 0.7138
vn -0.2483 -0.5163 0.8196
vn -0.0147 -0.5324 0.8464
vn 0.1414 -0.5267 0.8382
vn 0.3691 -0.4940 0.7872
vn 0.6390 -0.4082 0.6520
vn 0.8463 -0.2818 0.4521
vn 0.9701 -0.1272 0.2069
vn 0.9955 -0.0481 0.0813
vn -0.9315 -0.2327 0.2795
vn -0.7721 -0.4112 0.4846
vn -0.5365 -0.5487 0.6412
vn -0.2486 -0.6317 0.7343
vn -0.0150 -0.6534 0.7569
vn 0.1410 -0.6478 0.7487
vn 0.3688 -0.6095 0.7018
vn 0.6386 -0.5063 0.5795
vn 0.8461 -0.3529 0.3996
vn 0.9699 -0.1642 0.1796
vn 0.9955 -0.0673 0.0672
vn -0.9319 -0.2647 0.2478
vn -0.9758 -0.1548 0.1542
vn -0.7729 -0.4727 0.4233
vn -0.5377 -0.6334 0.5565
vn -0.2501 -0.7313 0.6346
vn -0.0168 -0.7577 0.6523
vn 0.1393 -0.7521 0.6441
vn 0.3670 -0.7090 0.6022
vn 0.6371 -0.5910 0.4948
vn 0.8449 -0.4143 0.3383
vn 0.9693 -0.1962 0.1479
vn 0.9952 -0.0838 0.0507
vn -0.9327 -0.2908 0.2134
vn -0.9763 -0.1682 0.1363
vn -0.7743 -0.5225 0.3568
vn -0.5398 -0.7020 0.4646
vn -0.2527 -0.8118 0.5264
vn -0.0196 -0.8422 0.5389
vn 0.1363 -0.8365 0.5307
vn 0.3641 -0.7896 0.4940
vn 0.6344 -0.6596 0.4029
vn 0.8430 -0.4642 0.2719
vn 0.9683 -0.2223 0.1135
vn 0.9947 -0.0972 0.0328
vn -0.9336 -0.3108 0.1780
vn -0.9769 -0.1784 0.1179
vn -0.7763 -0.5605 0.2886
vn -0.5425 -0.7540 0.3703
vn -0.2561 -0.8728 0.4154
vn -0.0234 -0.9061 0.4225
vn 0.1325 -0.9004 0.4143
vn 0.3602 -0.8506 0.3830
vn 0.6310 -0.7117 0.3087
vn 0.8404 -0.5022 0.2037
vn 0.9670 -0.2423 0.0782
vn 0.9941 -0.1073 0.0144
vn -0.9348 -0.3251 0.1432
vn -0.9776 -0.1855 0.0999
vn -0.7785 -0.5873 0.2214
vn -0.5457 -0.7907 0.2775
vn -0.2601 -0.9157 0.3062
vn -0.0277 -0.9509 0.3081
vn 0.1280 -0.9453 0.2999
vn 0.3558 -0.8935 0.2739
vn 0.6271 -0.7484 0.2159
vn 0.8375 -0.5291 0.1365
vn 0.9655 -0.2566 0.0433
vn 0.9934 -0.1144 -0.0037
vn -0.9360 -0.3344 0.1098
vn -0.9783 -0.1901 0.0826
vn -0.7809 -0.6045 0.1573
vn -0.5492 -0.8141 0.1890
vn -0.2644 -0.9430 0.2022
vn -0.0324 -0.9795 0.1990
vn 0.1233 -0.9738 0.1908
vn 0.3511 -0.9208 0.1698
vn 0.6230 -0.7718 0.1275
vn 0.8345 -0.5463 0.0724
vn 0.9640 -0.2659 0.0100
vn 0.9927 -0.1190 -0.0209
vn -0.9373 -0.3395 0.0785
vn -0.9790 -0.1925 0.0665
vn -0.7834 -0.6138 0.0972
vn -0.5527 -0.8265 0.1063
vn -0.2687 -0.9575 0.1049
vn -0.0372 -0.9946 0.0971
vn 0.1185 -0.9890 0.0889
vn 0.3463 -0.9353 0.0726
vn 0.6187 -0.7843 0.0448
vn 0.8314 -0.5556 0.0124
vn 0.9623 -0.2710 -0.0213
vn 0.9919 -0.1214 -0.0371
vn -0.9380 -0.3426 0.0535
vn -0.9797 -0.1933 0.0536
vn -0.7848 -0.6178 0.0493
vn -0.5550 -0.8309 0.0403
vn -0.2720 -0.9619 0.0274
vn -0.0412 -0.9990 0.0159
vn 0.1142 -0.9934 0.0077
vn 0.3417 -0.9398 -0.0048
vn 0.6144 -0.7887 -0.0211
vn 0.8280 -0.5596 -0.0354
vn 0.9606 -0.2742 -0.0462
vn 0.9912 -0.1222 -0.0499
vn -0.9384 -0.3436 0.0375
vn -0.9801 -0.1932 0.0455
vn -0.7857 -0.6183 0.0188
vn -0.5565 -0.8309 -0.0017
vn -0.2741 -0.9615 -0.0219
vn -0.0438 -0.9984 -0.0357
vn 0.1114 -0.9928 -0.0438
vn 0.3386 -0.9394 -0.0541
vn 0.6114 -0.7888 -0.0630
vn 0.8257 -0.5602 -0.0659
vn 0.9594 -0.2752 -0.0622
vn 0.9908 -0.1222 -0.0581
vn -0.9391 -0.3428 0.0251
vn -0.9804 -0.1929 0.0391
vn -0.7871 -0.6169 -0.0049
vn -0.5583 -0.8289 -0.0342
vn -0.2762 -0.9592 -0.0600
vn -0.0460 -0.9961 -0.0757
vn 0.1093 -0.9905 -0.0838
vn 0.3366 -0.9371 -0.0922
vn 0.6097 -0.7868 -0.0955
vn 0.8245 -0.5588 -0.0895
vn 0.9587 -0.2744 -0.0746
vn 0.9905 -0.1218 -0.0644
vn -0.9398 -0.3415 0.0122
vn -0.9808 -0.1922 0.0326
vn -0.7885 -0.6144 -0.0294
vn -0.5602 -0.8256 -0.0679
vn -0.2785 -0.9553 -0.0996
vn -0.0483 -0.9919 -0.1171
vn 0.1069 -0.9863 -0.1253
vn 0.3344 -0.9332 -0.1318
vn 0.6079 -0.7834 -0.1293
vn 0.8231 -0.5563 -0.1141
vn 0.9580 -0.2730 -0.0875
vn 0.9901 -0.1212 -0.0710
vn -0.9406 -0.3396 -0.0008
vn -0.9812 -0.1913 0.0259
vn -0.7899 -0.6109 -0.0541
vn -0.5622 -0.8207 -0.1019
vn -0.2808 -0.9496 -0.1395
vn -0.0508 -0.9860 -0.1589
vn 0.1045 -0.9804 -0.1671
vn 0.3321 -0.9275 -0.1717
vn 0.6059 -0.7786 -0.1633
vn 0.8217 -0.5528 -0.1388
vn 0.9573 -0.2712 -0.1005
vn 0.9897 -0.1202 -0.0776
vn -0.9413 -0.3373 -0.0135
vn -0.9816 -0.1901 0.0195
vn -0.7913 -0.6064 -0.0784
vn -0.5641 -0.8145 -0.1352
vn -0.2831 -0.9423 -0.1786
vn -0.0532 -0.9784 -0.1999
vn 0.1021 -0.9728 -0.2080
vn 0.3298 -0.9202 -0.2108
vn 0.6039 -0.7724 -0.1966
vn 0.8202 -0.5483 -0.1630
vn 0.9565 -0.2689 -0.1132
vn 0.9893 -0.1190 -0.0841
vn -0.9420 -0.3346 -0.0257
vn -0.9820 -0.1886 0.0133
vn -0.7926 -0.6012 -0.1015
vn -0.5660 -0.8073 -0.1670
vn -0.2853 -0.9338 -0.2159
vn -0.0555 -0.9695 -0.2389
vn 0.0997 -0.9639 -0.2471
vn 0.3275 -0.9117 -0.2481
vn 0.6019 -0.7652 -0.2283
vn 0.8188 -0.5431 -0.1861
vn 0.9557 -0.2662 -0.1254
vn 0.9889 -0.1176 -0.0903
vn -0.9427 -0.3317 -0.0370
vn -0.9823 -0.1871 0.0075
vn -0.7939 -0.5955 -0.1230
vn -0.5678 -0.7994 -0.1965
vn -0.2874 -0.9245 -0.2505
vn -0.0578 -0.9597 -0.2752
vn 0.0974 -0.9541 -0.2833
vn 0.3253 -0.9024 -0.2827
vn 0.6000 -0.7573 -0.2578
vn 0.8174 -0.5374 -0.2076
vn 0.9550 -0.2633 -0.1367
vn 0.9886 -0.1161 -0.0960
vn -0.9433 -0.3287 -0.0473
vn -0.9826 -0.1855 0.0023
vn -0.7951 -0.5896 -0.1425
vn -0.5694 -0.7912 -0.2233
vn -0.2893 -0.9148 -0.2819
vn -0.0599 -0.9495 -0.3081
vn 0.0953 -0.9439 -0.3162
vn 0.3232 -0.8927 -0.3141
vn 0.5982 -0.7491 -0.2846
vn 0.8160 -0.5315 -0.2271
vn 0.9543 -0.2603 -0.1469
vn 0.9883 -0.1144 -0.1012
vn -0.9438 -0.3257 -0.0564
vn -0.9829 -0.1839 -0.0023
vn -0.7961 -0.5837 -0.1599
vn -0.5708 -0.7830 -0.2471
vn -0.2911 -0.9051 -0.3099
vn -0.0618 -0.9393 -0.3374
vn 0.0934 -0.9338 -0.3455
vn 0.3213 -0.8830 -0.3420
vn 0.5966 -0.7409 -0.3084
vn 0.8148 -0.5256 -0.2445
vn 0.9536 -0.2573 -0.1561
vn 0.9880 -0.1128 -0.1059
vn -0.9443 -0.3228 -0.0645
vn -0.9832 -0.1824 -0.0064
vn -0.7970 -0.5781 -0.1751
vn -0.5721 -0.7752 -0.2679
vn -0.2927 -0.8959 -0.3343
vn -0.0635 -0.9297 -0.3629
vn 0.0917 -0.9241 -0.3711
vn 0.3196 -0.8738 -0.3664
vn 0.5951 -0.7331 -0.3293
vn 0.8137 -0.5200 -0.2597
vn 0.9531 -0.2545 -0.1641
vn 0.9877 -0.1113 -0.1099
vn -0.9447 -0.3202 -0.0713
vn -0.9834 -0.1809 -0.0098
vn -0.7978 -0.5729 -0.1881
vn -0.5732 -0.7680 -0.2858
vn -0.2940 -0.8873 -0.3552
vn -0.0649 -0.9207 -0.3848
vn 0.0902 -0.9151 -0.3930
vn 0.3182 -0.8653 -0.3874
vn 0.5938 -0.7259 -0.3471
vn 0.8128 -0.5148 -0.2727
vn 0.9525 -0.2518 -0.1710
vn 0.9875 -0.1099 -0.1134
vn -0.9561 -0.2316 0.1794
vn -0.9890 -0.1088 0.0999
vn -0.8721 -0.3974 0.2855
vn -0.7025 -0.5858 0.4041
vn -0.3888 -0.7655 0.5127
vn -0.0711 -0.8334 0.5480
vn 0.1877 -0.8241 0.5344
vn 0.4943 -0.7336 0.4663
vn 0.7812 -0.5324 0.3262
vn 0.9235 -0.3326 0.1912
vn 0.9838 -0.1616 0.0774
vn 0.9993 -0.0372 -0.0045
vn -0.9400 0.1338 0.3138
vn -0.9857 0.0361 0.1647
vn -0.8095 0.2734 0.5196
vn -0.5983 0.3991 0.6947
vn -0.3108 0.4936 0.8123
vn -0.0640 0.5314 0.8447
vn 0.1137 0.5378 0.8354
vn 0.3578 0.5177 0.7771
vn 0.6375 0.4437 0.6298
vn 0.8377 0.3328 0.4331
vn 0.9557 0.2021 0.2142
vn 0.9924 0.1074 0.0608
vn -0.1711 -0.8338 -0.5249
vn -0.1158 -0.6801 0.7239
vn 0.0635 -0.4936 0.8673
vn -0.0117 -0.7066 -0.7075
vn -0.1708 -0.7411 -0.6493
vn -0.0983 -0.5384 0.8370
vn -0.1467 -0.6888 -0.7099
vn -0.0604 -0.4659 0.8828
vn -0.0956 -0.6515 -0.7526
vn -0.0049 -0.4227 0.9062
vn -0.0255 -0.6718 -0.7403
vn 0.0542 -0.4509 0.8909
vn -0.0040 -0.6711 -0.7414
vn 0.0718 -0.4502 0.8900
vn 0.0628 -0.6458 -0.7609
vn 0.1301 -0.4179 0.8992
vn 0.1206 -0.6792 -0.7240
vn 0.1858 -0.4571 0.8698
vn 0.1547 -0.7293 -0.6664
vn 0.2237 -0.5268 0.8200
vn 0.1746 -0.8213 -0.5431
vn 0.2394 -0.6672 0.7053
vn -0.0118 -0.7066 -0.7075
vn 0.0634 -0.4936 0.8674
vn -0.9397 0.1322 0.3155
vn -0.9814 0.0483 0.1856
vn -0.7887 0.2855 0.5445
vn -0.5614 0.4100 0.7189
vn -0.2810 0.4941 0.8227
vn -0.0522 0.5261 0.8488
vn 0.1028 0.5317 0.8407
vn 0.3294 0.5161 0.7907
vn 0.6026 0.4519 0.6577
vn 0.8188 0.3434 0.4600
vn 0.9556 0.2005 0.2159
vn 0.9895 0.1193 0.0820
vn -0.9405 0.1447 0.3076
vn -0.9819 0.0545 0.1815
vn -0.7902 0.3089 0.5293
vn -0.5635 0.4419 0.6979
vn -0.2836 0.5315 0.7982
vn -0.0549 0.5653 0.8231
vn 0.1000 0.5709 0.8149
vn 0.3267 0.5535 0.7661
vn 0.6003 0.4839 0.6368
vn 0.8170 0.3668 0.4449
vn 0.9546 0.2130 0.2080
vn 0.9890 0.1255 0.0780
vn -0.9414 0.1585 0.2979
vn -0.9824 0.0613 0.1765
vn -0.7920 0.3347 0.5106
vn -0.5660 0.4773 0.6722
vn -0.2866 0.5729 0.7679
vn -0.0581 0.6086 0.7914
vn 0.0968 0.6141 0.7832
vn 0.3235 0.5948 0.7359
vn 0.5975 0.5192 0.6111
vn 0.8150 0.3927 0.4262
vn 0.9535 0.2268 0.1983
vn 0.9885 0.1323 0.0729
vn -0.9424 0.1737 0.2858
vn -0.9830 0.0688 0.1702
vn -0.7941 0.3631 0.4875
vn -0.5689 0.5160 0.6404
vn -0.2901 0.6182 0.7305
vn -0.0619 0.6560 0.7522
vn 0.0930 0.6616 0.7441
vn 0.3198 0.6402 0.6985
vn 0.5943 0.5579 0.5793
vn 0.8126 0.4210 0.4031
vn 0.9522 0.2420 0.1862
vn 0.9879 0.1398 0.0667
vn -0.9437 0.1901 0.2708
vn -0.9837 0.0769 0.1626
vn -0.7965 0.3938 0.4588
vn -0.5724 0.5579 0.6010
vn -0.2942 0.6672 0.6843
vn -0.0663 0.7073 0.7038
vn 0.0886 0.7129 0.6957
vn 0.3155 0.6892 0.6523
vn 0.5905 0.5998 0.5399
vn 0.8098 0.4517 0.3744
vn 0.9507 0.2584 0.1712
vn 0.9872 0.1480 0.0590
vn -0.9451 0.2076 0.2522
vn -0.9845 0.0855 0.1531
vn -0.7993 0.4264 0.4234
vn -0.5763 0.6023 0.5523
vn -0.2990 0.7191 0.6273
vn -0.0714 0.7616 0.6441
vn 0.0835 0.7672 0.6359
vn 0.3106 0.7411 0.5952
vn 0.5862 0.6442 0.4913
vn 0.8065 0.4843 0.3390
vn 0.9490 0.2759 0.1527
vn 0.9864 0.1565 0.0495
vn -0.9468 0.2256 0.2293
vn -0.9854 0.0943 0.1415
vn -0.8026 0.4598 0.3800
vn -0.5809 0.6478 0.4928
vn -0.3045 0.7723 0.5575
vn -0.0772 0.8173 0.5710
vn 0.0777 0.8229 0.5629
vn 0.3049 0.7943 0.5255
vn 0.5813 0.6897 0.4318
vn 0.8029 0.5177 0.2957
vn 0.9470 0.2939 0.1298
vn 0.9855 0.1653 0.0379
vn -0.9488 0.2432 0.2017
vn -0.9865 0.1028 0.1276
vn -0.8063 0.4924 0.3278
vn -0.5861 0.6921 0.4212
vn -0.3107 0.8242 0.4736
vn -0.0838 0.8715 0.4831
vn 0.0711 0.8771 0.4750
vn 0.2985 0.8461 0.4416
vn 0.5758 0.7340 0.3602
vn 0.7987 0.5502 0.2435
vn 0.9448 0.3114 0.1022
vn 0.9845 0.1738 0.0240
vn -0.9509 0.2591 0.1691
vn -0.9876 0.1105 0.1112
vn -0.8104 0.5218 0.2664
vn -0.5919 0.7321 0.3371
vn -0.3175 0.8709 0.3751
vn -0.0910 0.9205 0.3800
vn 0.0639 0.9261 0.3719
vn 0.2916 0.8929 0.3431
vn 0.5698 0.7740 0.2761
vn 0.7943 0.5796 0.1821
vn 0.9423 0.3273 0.0696
vn 0.9834 0.1816 0.0077
vn -0.9532 0.2718 0.1321
vn -0.9888 0.1167 0.0927
vn -0.8148 0.5453 0.1968
vn -0.5979 0.7642 0.2419
vn -0.3246 0.9084 0.2635
vn -0.0985 0.9597 0.2632
vn 0.0564 0.9653 0.2551
vn 0.2843 0.9303 0.2316
vn 0.5635 0.8060 0.1809
vn 0.7897 0.6031 0.1125
vn 0.9398 0.3400 0.0326
vn 0.9822 0.1877 -0.0108
vn -0.9556 0.2799 0.0919
vn -0.9900 0.1206 0.0727
vn -0.8193 0.5604 0.1213
vn -0.6040 0.7848 0.1387
vn -0.3318 0.9325 0.1427
vn -0.1061 0.9849 0.1367
vn 0.0488 0.9905 0.1286
vn 0.2771 0.9544 0.1107
vn 0.5573 0.8267 0.0777
vn 0.7851 0.6183 0.0370
vn 0.9374 0.3482 -0.0075
vn 0.9810 0.1917 -0.0308
vn -0.9580 0.2817 0.0545
vn -0.9910 0.1221 0.0541
vn -0.8235 0.5649 0.0511
vn -0.6097 0.7915 0.0428
vn -0.3382 0.9406 0.0304
vn -0.1126 0.9935 0.0191
vn 0.0423 0.9990 0.0110
vn 0.2711 0.9626 -0.0017
vn 0.5524 0.8334 -0.0183
vn 0.7817 0.6228 -0.0332
vn 0.9357 0.3500 -0.0450
vn -0.9597 0.2797 0.0254
vn -0.9918 0.1217 0.0396
vn -0.8268 0.5625 -0.0038
vn -0.6139 0.7887 -0.0323
vn -0.3429 0.9376 -0.0577
vn -0.1173 0.9904 -0.0731
vn 0.0376 0.9960 -0.0812
vn 0.2668 0.9596 -0.0897
vn 0.5489 0.8307 -0.0934
vn 0.7793 0.6204 -0.0881
vn 0.9346 0.3480 -0.0741
vn 0.9792 0.1928 -0.0640
vn -0.9610 0.2767 0.0005
vn -0.9924 0.1202 0.0271
vn -0.8291 0.5569 -0.0506
vn -0.6170 0.7810 -0.0965
vn -0.3465 0.9286 -0.1328
vn -0.1211 0.9810 -0.1518
vn 0.0338 0.9866 -0.1599
vn 0.2631 0.9506 -0.1648
vn 0.5458 0.8230 -0.1576
vn 0.7771 0.6148 -0.1350
vn 0.9334 0.3450 -0.0990
vn 0.9786 0.1913 -0.0764
vn -0.9621 0.2718 -0.0237
vn -0.9929 0.1178 0.0150
vn -0.8312 0.5477 -0.0962
vn -0.6198 0.7685 -0.1590
vn -0.3499 0.9139 -0.2060
vn -0.1246 0.9656 -0.2284
vn 0.0303 0.9711 -0.2366
vn 0.2598 0.9358 -0.2381
vn 0.5430 0.8104 -0.2201
vn 0.7750 0.6056 -0.1806
vn 0.9323 0.3401 -0.1232
vn 0.9780 0.1888 -0.0886
vn -0.9631 0.2651 -0.0467
vn -0.9934 0.1145 0.0034
vn -0.8330 0.5353 -0.1397
vn -0.6224 0.7516 -0.2184
vn -0.3528 0.8941 -0.2757
vn -0.1277 0.9449 -0.3014
vn 0.0272 0.9505 -0.3095
vn 0.2569 0.9161 -0.3077
vn 0.5405 0.7935 -0.2795
vn 0.7733 0.5932 -0.2240
vn 0.9314 0.3334 -0.1462
vn 0.9775 0.1856 -0.1001
vn -0.9640 0.2572 -0.0681
vn -0.9938 0.1106 -0.0074
vn -0.8347 0.5204 -0.1800
vn -0.6246 0.7313 -0.2738
vn -0.3554 0.8705 -0.3406
vn -0.1303 0.9201 -0.3693
vn 0.0246 0.9257 -0.3774
vn 0.2544 0.8924 -0.3726
vn 0.5384 0.7733 -0.3349
vn 0.7717 0.5783 -0.2644
vn 0.9306 0.3255 -0.1676
vn 0.9771 0.1817 -0.1109
vn -0.9647 0.2482 -0.0876
vn -0.9942 0.1062 -0.0172
vn -0.8361 0.5038 -0.2169
vn -0.6266 0.7087 -0.3243
vn -0.3576 0.8440 -0.3998
vn -0.1326 0.8924 -0.4313
vn 0.0223 0.8980 -0.4394
vn 0.2523 0.8660 -0.4318
vn 0.5367 0.7506 -0.3854
vn 0.7705 0.5617 -0.3013
vn 0.9299 0.3165 -0.1871
vn 0.9767 0.1773 -0.1207
vn -0.9654 0.2388 -0.1050
vn -0.9945 0.1016 -0.0260
vn -0.8373 0.4862 -0.2500
vn -0.6282 0.6847 -0.3697
vn -0.3595 0.8159 -0.4530
vn -0.1345 0.8630 -0.4870
vn 0.0205 0.8686 -0.4951
vn 0.2506 0.8378 -0.4850
vn 0.5353 0.7266 -0.4308
vn 0.7695 0.5441 -0.3344
vn 0.9294 0.3071 -0.2046
vn 0.9764 0.1726 -0.1295
vn -0.9659 0.2291 -0.1205
vn -0.9947 0.0968 -0.0338
vn -0.8383 0.4682 -0.2793
vn -0.6295 0.6601 -0.4099
vn -0.3610 0.7871 -0.5001
vn -0.1360 0.8330 -0.5364
vn 0.0189 0.8385 -0.5445
vn 0.2492 0.8091 -0.5322
vn 0.5341 0.7021 -0.4710
vn 0.7687 0.5261 -0.3637
vn 0.9290 0.2974 -0.2200
vn 0.9762 0.1679 -0.1374
vn -0.9664 0.2196 -0.1340
vn -0.9949 0.0921 -0.0407
vn -0.8391 0.4504 -0.3050
vn -0.6306 0.6358 -0.4451
vn -0.3622 0.7587 -0.5415
vn -0.1372 0.8032 -0.5797
vn 0.0177 0.8088 -0.5878
vn 0.2481 0.7807 -0.5735
vn 0.5332 0.6778 -0.5063
vn 0.7681 0.5083 -0.3894
vn 0.9288 0.2879 -0.2335
vn 0.9760 0.1632 -0.1442
vn -0.9667 0.2103 -0.1457
vn -0.9951 0.0876 -0.0467
vn -0.8398 0.4331 -0.3273
vn -0.6314 0.6123 -0.4758
vn -0.3631 0.7312 -0.5775
vn -0.1381 0.7744 -0.6174
vn 0.0168 0.7800 -0.6256
vn 0.2472 0.7532 -0.6096
vn 0.5326 0.6542 -0.5370
vn 0.7677 0.4911 -0.4118
vn 0.9285 0.2787 -0.2453
vn 0.9758 0.1586 -0.1502
vn -0.9670 0.2016 -0.1559
vn -0.9952 0.0832 -0.0519
vn -0.8403 0.4167 -0.3467
vn -0.6321 0.5899 -0.5024
vn -0.3639 0.7050 -0.6087
vn -0.1389 0.7470 -0.6501
vn 0.0161 0.7526 -0.6583
vn 0.2466 0.7270 -0.6408
vn 0.5321 0.6319 -0.5636
vn 0.7673 0.4747 -0.4311
vn 0.9284 0.2699 -0.2555
vn 0.9757 0.1543 -0.1554
vn -0.9696 0.0078 -0.2447
vn -0.9974 -0.0184 -0.0690
vn -0.8709 0.0460 -0.4892
vn -0.6872 0.0848 -0.7215
vn -0.4080 0.1193 -0.9051
vn -0.1529 0.1372 -0.9787
vn 0.0394 0.1441 -0.9888
vn 0.3015 0.1449 -0.9424
vn 0.6000 0.1312 -0.7891
vn 0.8094 0.1065 -0.5775
vn 0.9356 0.0765 -0.3448
vn 0.9835 0.0530 -0.1731
vn -0.9556 -0.2945 0.0134
vn -0.9900 -0.1358 0.0378
vn -0.8610 -0.5081 -0.0223
vn -0.6800 -0.7304 -0.0642
vn -0.3769 -0.9199 -0.1085
vn -0.0859 -0.9872 -0.1348
vn 0.1420 -0.9789 -0.1467
vn 0.4286 -0.8908 -0.1508
vn 0.7202 -0.6799 -0.1377
vn 0.8882 -0.4450 -0.1142
vn 0.9704 -0.2251 -0.0878
vn 0.9957 -0.0643 -0.0665
vn -0.9299 -0.2671 0.2527
vn -0.9757 -0.1544 0.1553
vn -0.7696 -0.4729 0.4290
vn -0.5343 -0.6313 0.5622
vn -0.2479 -0.7273 0.6400
vn -0.0163 -0.7532 0.6576
vn 0.1390 -0.7476 0.6495
vn 0.3651 -0.7052 0.6077
vn 0.6341 -0.5892 0.5008
vn 0.8423 -0.4148 0.3443
vn 0.9681 -0.1987 0.1530
vn 0.9952 -0.0833 0.0517
vn -0.9302 -0.2765 0.2416
vn -0.9759 -0.1591 0.1496
vn -0.7701 -0.4907 0.4077
vn -0.5349 -0.6557 0.5329
vn -0.2487 -0.7559 0.6056
vn -0.0171 -0.7831 0.6216
vn 0.1382 -0.7775 0.6135
vn 0.3643 -0.7338 0.5734
vn 0.6334 -0.6136 0.4715
vn 0.8417 -0.4326 0.3230
vn 0.9678 -0.2080 0.1419
vn 0.9950 -0.0881 0.0460
vn -0.9304 -0.2850 0.2303
vn -0.9760 -0.1635 0.1438
vn -0.7706 -0.5070 0.3861
vn -0.5356 -0.6781 0.5033
vn -0.2495 -0.7823 0.5708
vn -0.0180 -0.8107 0.5852
vn 0.1373 -0.8051 0.5770
vn 0.3634 -0.7602 0.5386
vn 0.6326 -0.6360 0.4419
vn 0.8412 -0.4489 0.3014
vn 0.9675 -0.2166 0.1306
vn 0.9949 -0.0925 0.0403
vn -0.9308 -0.2931 0.2186
vn -0.9762 -0.1676 0.1379
vn -0.7712 -0.5223 0.3639
vn -0.5365 -0.6991 0.4727
vn -0.2506 -0.8069 0.5349
vn -0.0190 -0.8366 0.5475
vn 0.1363 -0.8310 0.5394
vn 0.3624 -0.7848 0.5027
vn 0.6318 -0.6570 0.4113
vn 0.8406 -0.4642 0.2792
vn 0.9672 -0.2246 0.1189
vn 0.9947 -0.0965 0.0343
vn -0.9312 -0.3006 0.2062
vn -0.9764 -0.1715 0.1316
vn -0.7720 -0.5368 0.3404
vn -0.5375 -0.7191 0.4404
vn -0.2517 -0.8304 0.4970
vn -0.0202 -0.8612 0.5079
vn 0.1351 -0.8556 0.4997
vn 0.3613 -0.8083 0.4648
vn 0.6309 -0.6770 0.3790
vn 0.8399 -0.4787 0.2557
vn 0.9668 -0.2322 0.1065
vn 0.9945 -0.1004 0.0280
vn -0.9317 -0.3079 0.1929
vn -0.9766 -0.1753 0.1248
vn -0.7729 -0.5508 0.3150
vn -0.5387 -0.7384 0.4056
vn -0.2531 -0.8531 0.4562
vn -0.0216 -0.8850 0.4651
vn 0.1337 -0.8794 0.4569
vn 0.3600 -0.8310 0.4239
vn 0.6298 -0.6963 0.3442
vn 0.8392 -0.4927 0.2303
vn 0.9664 -0.2395 0.0932
vn 0.9943 -0.1042 0.0212
vn -0.9323 -0.3149 0.1780
vn -0.9768 -0.1789 0.1173
vn -0.7740 -0.5645 0.2869
vn -0.5402 -0.7573 0.3669
vn -0.2548 -0.8754 0.4108
vn -0.0233 -0.9083 0.4176
vn 0.1320 -0.9027 0.4095
vn 0.3586 -0.8533 0.3786
vn 0.6286 -0.7152 0.3055
vn 0.8383 -0.5063 0.2022
vn 0.9660 -0.2465 0.0783
vn 0.9941 -0.1079 0.0137
vn -0.9330 -0.3217 0.1611
vn -0.9772 -0.1826 0.1087
vn -0.7754 -0.5778 0.2547
vn -0.5421 -0.7759 0.3228
vn -0.2568 -0.8973 0.3591
vn -0.0253 -0.9313 0.3634
vn 0.1300 -0.9257 0.3552
vn 0.3568 -0.8752 0.3268
vn 0.6272 -0.7337 0.2614
vn 0.8373 -0.5197 0.1700
vn 0.9654 -0.2533 0.0614
vn 0.9938 -0.1115 0.0051
vn -0.9340 -0.3281 0.1412
vn -0.9776 -0.1861 0.0985
vn -0.7772 -0.5907 0.2168
vn -0.5445 -0.7939 0.2708
vn -0.2595 -0.9186 0.2980
vn -0.0279 -0.9537 0.2995
vn 0.1275 -0.9481 0.2913
vn 0.3545 -0.8965 0.2658
vn 0.6254 -0.7517 0.2093
vn 0.8361 -0.5325 0.1321
vn 0.9648 -0.2597 0.0414
vn 0.9933 -0.1150 -0.0050
vn -0.9353 -0.3339 0.1170
vn -0.9781 -0.1894 0.0862
vn -0.7797 -0.6024 0.1707
vn -0.5477 -0.8106 0.2074
vn -0.2630 -0.9385 0.2237
vn -0.0313 -0.9746 0.2216
vn 0.1242 -0.9690 0.2134
vn 0.3516 -0.9164 0.1914
vn 0.6232 -0.7684 0.1459
vn 0.8345 -0.5443 0.0859
vn 0.9640 -0.2654 0.0172
vn 0.9928 -0.1183 -0.0173
vn -0.9372 -0.3380 0.0866
vn -0.9789 -0.1920 0.0707
vn -0.7831 -0.6116 0.1128
vn -0.5521 -0.8239 0.1278
vn -0.2678 -0.9546 0.1302
vn -0.0359 -0.9917 0.1236
vn 0.1198 -0.9861 0.1154
vn 0.3478 -0.9325 0.0979
vn 0.6202 -0.7817 0.0662
vn 0.8325 -0.5533 0.0280
vn 0.9629 -0.2695 -0.0132
vn 0.9921 -0.1209 -0.0328
vn -0.9399 -0.3382 0.0469
vn -0.9799 -0.1929 0.0502
vn -0.7883 -0.6143 0.0366
vn -0.5588 -0.8290 0.0227
vn -0.2749 -0.9614 0.0067
vn -0.0427 -0.9991 -0.0059
vn 0.1134 -0.9934 -0.0141
vn 0.3424 -0.9392 -0.0258
vn 0.6162 -0.7866 -0.0390
vn 0.8298 -0.5559 -0.0484
vn 0.9615 -0.2696 -0.0530
vn 0.9911 -0.1219 -0.0534
vn -0.9429 -0.3332 -0.0006
vn -0.9813 -0.1907 0.0255
vn -0.7939 -0.6055 -0.0550
vn -0.5665 -0.8175 -0.1038
vn -0.2836 -0.9483 -0.1423
vn -0.0514 -0.9854 -0.1621
vn 0.1048 -0.9798 -0.1703
vn 0.3345 -0.9260 -0.1748
vn 0.6098 -0.7751 -0.1656
vn 0.8252 -0.5471 -0.1400
vn 0.9591 -0.2646 -0.1005
vn 0.9897 -0.1196 -0.0780
vn -0.9457 -0.3213 -0.0485
vn -0.9828 -0.1845 0.0007
vn -0.7994 -0.5824 -0.1472
vn -0.5742 -0.7854 -0.2312
vn -0.2927 -0.9104 -0.2922
vn -0.0611 -0.9457 -0.3193
vn 0.0951 -0.9401 -0.3275
vn 0.3252 -0.8882 -0.3247
vn 0.6017 -0.7430 -0.2930
vn 0.8194 -0.5241 -0.2323
vn 0.9561 -0.2528 -0.1484
vn 0.9882 -0.1134 -0.1028
vn -0.9485 -0.3029 -0.0922
vn -0.9844 -0.1748 -0.0219
vn -0.8049 -0.5466 -0.2312
vn -0.5817 -0.7356 -0.3471
vn -0.3018 -0.8517 -0.4285
vn -0.0708 -0.8840 -0.4621
vn 0.0853 -0.8784 -0.4703
vn 0.3157 -0.8294 -0.4609
vn 0.5935 -0.6932 -0.4088
vn 0.8134 -0.4882 -0.3162
vn 0.9530 -0.2344 -0.1921
vn 0.9867 -0.1037 -0.1254
vn -0.9512 -0.2795 -0.1305
vn -0.9858 -0.1625 -0.0416
vn -0.8100 -0.5010 -0.3046
vn -0.5890 -0.6725 -0.4482
vn -0.3105 -0.7772 -0.5473
vn -0.0801 -0.8059 -0.5866
vn 0.0759 -0.8003 -0.5948
vn 0.3065 -0.7550 -0.5797
vn 0.5856 -0.6301 -0.5099
vn 0.8076 -0.4427 -0.3896
vn 0.9500 -0.2110 -0.2303
vn 0.9852 -0.0914 -0.1451
vn -0.9537 -0.2527 -0.1629
vn -0.9872 -0.1484 -0.0582
vn -0.8149 -0.4489 -0.3667
vn -0.5957 -0.6003 -0.5336
vn -0.3186 -0.6922 -0.6476
vn -0.0888 -0.7167 -0.6917
vn 0.0672 -0.7111 -0.6999
vn 0.2980 -0.6700 -0.6800
vn 0.5782 -0.5580 -0.5953
vn 0.8022 -0.3906 -0.4516
vn 0.9471 -0.1841 -0.2628
vn 0.9838 -0.0773 -0.1618
vn -0.9561 -0.2235 -0.1897
vn -0.9885 -0.1332 -0.0719
vn -0.8193 -0.3927 -0.4178
vn -0.6019 -0.5225 -0.6039
vn -0.3261 -0.6006 -0.7301
vn -0.0967 -0.6206 -0.7781
vn 0.0591 -0.6150 -0.7863
vn 0.2902 -0.5784 -0.7624
vn 0.5714 -0.4802 -0.6655
vn 0.7972 -0.3344 -0.5027
vn 0.9445 -0.1550 -0.2896
vn 0.9825 -0.0622 -0.1755
vn -0.9582 -0.1931 -0.2113
vn -0.9896 -0.1174 -0.0829
vn -0.8234 -0.3339 -0.4588
vn -0.6076 -0.4414 -0.6603
vn -0.3328 -0.5051 -0.7963
vn -0.1040 -0.5206 -0.8474
vn 0.0518 -0.5150 -0.8556
vn 0.2831 -0.4829 -0.8286
vn 0.5653 -0.3991 -0.7219
vn 0.7927 -0.2757 -0.5437
vn 0.9422 -0.1246 -0.3111
vn 0.9814 -0.0464 -0.1864
vn -0.9601 -0.1618 -0.2281
vn -0.9906 -0.1013 -0.0915
vn -0.8271 -0.2738 -0.4909
vn -0.6127 -0.3584 -0.7044
vn -0.3389 -0.4076 -0.8479
vn -0.1105 -0.4183 -0.9015
vn 0.0453 -0.4127 -0.9097
vn 0.2767 -0.3854 -0.8803
vn 0.5598 -0.3162 -0.7659
vn 0.7887 -0.2156 -0.5758
vn 0.9401 -0.0933 -0.3279
vn 0.9803 -0.0302 -0.1950
vn -0.9618 -0.1301 -0.2407
vn -0.9916 -0.0849 -0.0979
vn -0.8304 -0.2130 -0.5149
vn -0.6173 -0.2745 -0.7373
vn -0.3444 -0.3089 -0.8865
vn -0.1163 -0.3149 -0.9420
vn 0.0394 -0.3093 -0.9502
vn 0.2711 -0.2867 -0.9189
vn 0.5549 -0.2322 -0.7989
vn 0.7851 -0.1547 -0.5997
vn 0.9382 -0.0616 -0.3406
vn 0.9794 -0.0138 -0.2015
vn -0.9634 -0.0982 -0.2495
vn -0.9924 -0.0684 -0.1023
vn -0.8334 -0.1517 -0.5315
vn -0.6215 -0.1900 -0.7601
vn -0.3494 -0.2096 -0.9133
vn -0.1215 -0.2108 -0.9699
vn 0.0342 -0.2052 -0.9781
vn 0.2660 -0.1874 -0.9456
vn 0.5506 -0.1478 -0.8216
vn 0.7819 -0.0935 -0.6163
vn 0.9365 -0.0297 -0.3493
vn 0.9786 0.0026 -0.2059
vn -0.9648 -0.0662 -0.2546
vn -0.9931 -0.0519 -0.1049
vn -0.8361 -0.0903 -0.5412
vn -0.6252 -0.1054 -0.7734
vn -0.3537 -0.1101 -0.9288
vn -0.1261 -0.1066 -0.9863
vn 0.0296 -0.1010 -0.9944
vn 0.2616 -0.0879 -0.9612
vn 0.5467 -0.0631 -0.8349
vn 0.7791 -0.0320 -0.6260
vn 0.9351 0.0023 -0.3544
vn 0.9778 0.0191 -0.2085
vn -0.9650 -0.0422 -0.2589
vn -0.9936 -0.0396 -0.1059
vn -0.8364 -0.0443 -0.5463
vn -0.6261 -0.0421 -0.7786
vn -0.3556 -0.0357 -0.9340
vn -0.1290 -0.0286 -0.9912
vn 0.0263 -0.0230 -0.9994
vn 0.2576 -0.0136 -0.9662
vn 0.5425 0.0001 -0.8400
vn 0.7757 0.0138 -0.6310
vn 0.9331 0.0262 -0.3586
vn 0.9773 0.0314 -0.2094
vn -0.9606 -0.2341 -0.1496
vn -0.9930 -0.1152 -0.0274
vn -0.8621 -0.3941 -0.3187
vn -0.6777 -0.5485 -0.4898
vn -0.3866 -0.6682 -0.6357
vn -0.1154 -0.7066 -0.6982
vn 0.0921 -0.6991 -0.7091
vn 0.3649 -0.6411 -0.6751
vn 0.6603 -0.5003 -0.5601
vn 0.8500 -0.3324 -0.4086
vn 0.9540 -0.1651 -0.2501
vn 0.9903 -0.0437 -0.1316
vn -0.9397 -0.2341 0.2494
vn -0.9846 -0.1152 0.1313
vn -0.8239 -0.3941 0.4072
vn -0.6226 -0.5485 0.5581
vn -0.3178 -0.6682 0.6727
vn -0.0416 -0.7066 0.7064
vn 0.1659 -0.6991 0.6955
vn 0.4336 -0.6411 0.6332
vn 0.7154 -0.5003 0.4879
vn 0.8882 -0.3324 0.3173
vn 0.9750 -0.1651 0.1488
vn 0.9987 -0.0437 0.0271
vn -0.9540 0.1651 0.2501
vn -0.9903 0.0437 0.1316
vn -0.8500 0.3324 0.4086
vn -0.6603 0.5002 0.5601
vn -0.3649 0.6411 0.6751
vn -0.0921 0.6991 0.7091
vn 0.1154 0.7066 0.6982
vn 0.3866 0.6682 0.6357
vn 0.6777 0.5485 0.4898
vn 0.8621 0.3941 0.3187
vn 0.9606 0.2341 0.1496
vn 0.9930 0.1152 0.0274
vn -0.9750 0.1651 -0.1488
vn -0.9987 0.0437 -0.0271
vn -0.8882 0.3324 -0.3173
vn -0.7154 0.5003 -0.4879
vn -0.4336 0.6411 -0.6332
vn -0.1659 0.6991 -0.6955
vn 0.0416 0.7066 -0.7064
vn 0.3178 0.6682 -0.6727
vn 0.6226 0.5485 -0.5581
vn 0.8239 0.3941 -0.4072
vn 0.9397 0.2341 -0.2494
vn 0.9846 0.1152 -0.1313
vn -0.9357 -0.3480 0.0582
vn -0.9333 -0.3484 0.0868
vn -0.9789 -0.1920 0.0702
vn -0.9795 -0.1933 0.0560
vn -0.7813 -0.6215 0.0582
vn -0.7774 -0.6190 0.1117
vn -0.5514 -0.8326 0.0524
vn -0.5467 -0.8278 0.1257
vn -0.2694 -0.9621 0.0417
vn -0.2646 -0.9559 0.1274
vn -0.0401 -0.9987 0.0309
vn -0.0357 -0.9920 0.1207
vn 0.1148 -0.9931 0.0228
vn 0.1192 -0.9865 0.1126
vn 0.3407 -0.9401 0.0096
vn 0.3444 -0.9340 0.0955
vn 0.6122 -0.7907 -0.0087
vn 0.6149 -0.7860 0.0647
vn 0.8257 -0.5635 -0.0262
vn 0.8272 -0.5612 0.0275
vn 0.9592 -0.2797 -0.0413
vn 0.9599 -0.2801 -0.0127
vn 0.9914 -0.1222 -0.0475
vn 0.9921 -0.1209 -0.0333
vn -0.9314 -0.3413 0.1267
vn -0.9780 -0.1882 0.0900
vn -0.7738 -0.6053 0.1865
vn -0.5419 -0.8090 0.2279
vn -0.2590 -0.9337 0.2472
vn -0.0299 -0.9688 0.2461
vn 0.1250 -0.9632 0.2379
vn 0.3499 -0.9118 0.2152
vn 0.6194 -0.7671 0.1669
vn 0.8305 -0.5475 0.1023
vn 0.9616 -0.2731 0.0272
vn 0.9930 -0.1172 -0.0135
vn -0.9296 -0.3281 0.1680
vn -0.9772 -0.1815 0.1105
vn -0.7705 -0.5802 0.2639
vn -0.5375 -0.7745 0.3336
vn -0.2540 -0.8933 0.3709
vn -0.0246 -0.9265 0.3756
vn 0.1303 -0.9209 0.3674
vn 0.3549 -0.8713 0.3389
vn 0.6237 -0.7326 0.2726
vn 0.8336 -0.5224 0.1796
vn 0.9632 -0.2599 0.0685
vn 0.9939 -0.1105 0.0070
vn -0.9281 -0.3082 0.2089
vn -0.9765 -0.1715 0.1308
vn -0.7678 -0.5427 0.3405
vn -0.5338 -0.7231 0.4383
vn -0.2497 -0.8331 0.4935
vn -0.0202 -0.8635 0.5040
vn 0.1348 -0.8579 0.4958
vn 0.3591 -0.8112 0.4615
vn 0.6273 -0.6813 0.3774
vn 0.8362 -0.4849 0.2563
vn 0.9646 -0.2400 0.1095
vn 0.9946 -0.1005 0.0272
vn -0.9270 -0.2818 0.2475
vn -0.9759 -0.1584 0.1499
vn -0.7657 -0.4931 0.4129
vn -0.5310 -0.6554 0.5371
vn -0.2464 -0.7538 0.6092
vn -0.0168 -0.7804 0.6251
vn 0.1381 -0.7748 0.6169
vn 0.3623 -0.7318 0.5772
vn 0.6300 -0.6135 0.4761
vn 0.8382 -0.4353 0.3286
vn 0.9656 -0.2136 0.1481
vn 0.9951 -0.0873 0.0464
vn -0.9263 -0.2499 0.2819
vn -0.9756 -0.1426 0.1669
vn -0.7645 -0.4333 0.4772
vn -0.5294 -0.5736 0.6251
vn -0.2445 -0.6581 0.7122
vn -0.0148 -0.6802 0.7329
vn 0.1402 -0.6746 0.7247
vn 0.3643 -0.6361 0.6802
vn 0.6317 -0.5317 0.5641
vn 0.8394 -0.3755 0.3930
vn 0.9663 -0.1817 0.1824
vn 0.9954 -0.0715 0.0634
vn -0.9262 -0.2140 0.3104
vn -0.9755 -0.1248 0.1812
vn -0.7642 -0.3662 0.5309
vn -0.5289 -0.4819 0.6986
vn -0.2438 -0.5507 0.7983
vn -0.0141 -0.5679 0.8230
vn 0.1409 -0.5623 0.8149
vn 0.3650 -0.5288 0.7663
vn 0.6323 -0.4401 0.6376
vn 0.8399 -0.3084 0.4467
vn 0.9666 -0.1458 0.2110
vn 0.9955 -0.0538 0.0777
vn -0.9265 -0.1761 0.3326
vn -0.9756 -0.1061 0.1923
vn -0.7647 -0.2953 0.5728
vn -0.5294 -0.3851 0.7559
vn -0.2444 -0.4374 0.8654
vn -0.0146 -0.4493 0.8933
vn 0.1403 -0.4437 0.8851
vn 0.3644 -0.4155 0.8334
vn 0.6319 -0.3433 0.6949
vn 0.8396 -0.2375 0.4885
vn 0.9664 -0.1079 0.2331
vn 0.9954 -0.0351 0.0888
vn -0.9271 -0.1381 0.3483
vn -0.9758 -0.0873 0.2004
vn -0.7658 -0.2241 0.6028
vn -0.5309 -0.2878 0.7971
vn -0.2461 -0.3234 0.9137
vn -0.0163 -0.3299 0.9439
vn 0.1386 -0.3243 0.9357
vn 0.3629 -0.3015 0.8817
vn 0.6306 -0.2459 0.7361
vn 0.8388 -0.1662 0.5185
vn 0.9660 -0.0698 0.2489
vn 0.9952 -0.0162 0.0968
vn -0.9281 -0.1012 0.3584
vn -0.9762 -0.0690 0.2056
vn -0.7674 -0.1550 0.6221
vn -0.5330 -0.1934 0.8237
vn -0.2485 -0.2129 0.9450
vn -0.0187 -0.2142 0.9766
vn 0.1362 -0.2086 0.9685
vn 0.3606 -0.1909 0.9130
vn 0.6288 -0.1515 0.7627
vn 0.8374 -0.0971 0.5378
vn 0.9653 -0.0330 0.2589
vn 0.9948 0.0021 0.1021
vn -0.9292 -0.0665 0.3637
vn -0.9767 -0.0517 0.2084
vn -0.7694 -0.0898 0.6324
vn -0.5356 -0.1043 0.8380
vn -0.2514 -0.1086 0.9618
vn -0.0217 -0.1050 0.9942
vn 0.1331 -0.0994 0.9861
vn 0.3578 -0.0866 0.9298
vn 0.6264 -0.0624 0.7770
vn 0.8358 -0.0320 0.5481
vn 0.9645 0.0017 0.2642
vn 0.9943 0.0194 0.1049
vn -0.9302 -0.0325 0.3655
vn -0.9772 -0.0347 0.2093
vn -0.7715 -0.0258 0.6357
vn -0.5385 -0.0167 0.8425
vn -0.2548 -0.0060 0.9670
vn -0.0253 0.0024 0.9997
vn 0.1296 0.0080 0.9915
vn 0.3544 0.0160 0.9350
vn 0.6235 0.0252 0.7815
vn 0.8336 0.0320 0.5514
vn 0.9633 0.0358 0.2660
vn 0.9937 0.0364 0.1057
vn -0.9315 0.0045 0.3638
vn -0.9780 -0.0163 0.2081
vn -0.7739 0.0436 0.6318
vn -0.5420 0.0782 0.8367
vn -0.2591 0.1051 0.9601
vn -0.0299 0.1187 0.9925
vn 0.1250 0.1243 0.9843
vn 0.3499 0.1270 0.9281
vn 0.6195 0.1200 0.7757
vn 0.8307 0.1014 0.5475
vn 0.9617 0.0727 0.2643
vn 0.9930 0.0547 0.1045
vn -0.9332 0.0439 0.3566
vn -0.9789 0.0033 0.2044
vn -0.7773 0.1175 0.6181
vn -0.5466 0.1793 0.8180
vn -0.2645 0.2235 0.9381
vn -0.0356 0.2426 0.9695
vn 0.1193 0.2482 0.9613
vn 0.3445 0.2454 0.9062
vn 0.6149 0.2211 0.7570
vn 0.8272 0.1754 0.5338
vn 0.9598 0.1121 0.2572
vn 0.9921 0.0743 0.1009
vn -0.9353 0.0833 0.3440
vn -0.9799 0.0228 0.1981
vn -0.7811 0.1914 0.5943
vn -0.5519 0.2803 0.7854
vn -0.2707 0.3417 0.9000
vn -0.0422 0.3665 0.9295
vn 0.1128 0.3720 0.9213
vn 0.3382 0.3637 0.8680
vn 0.6095 0.3222 0.7244
vn 0.8232 0.2492 0.5100
vn 0.9577 0.1515 0.2446
vn 0.9911 0.0939 0.0945
vn -0.9376 0.1216 0.3259
vn -0.9811 0.0419 0.1890
vn -0.7855 0.2632 0.5602
vn -0.5578 0.3784 0.7387
vn -0.2777 0.4566 0.8452
vn -0.0495 0.4867 0.8721
vn 0.1054 0.4923 0.8640
vn 0.3311 0.4786 0.8132
vn 0.6034 0.4203 0.6777
vn 0.8188 0.3210 0.4759
vn 0.9553 0.1898 0.2264
vn 0.9899 0.1129 0.0855
vn -0.9401 0.1577 0.3023
vn -0.9823 0.0598 0.1773
vn -0.7902 0.3308 0.5159
vn -0.5643 0.4708 0.6781
vn -0.2853 0.5648 0.7743
vn -0.0575 0.6000 0.7979
vn 0.0974 0.6056 0.7898
vn 0.3235 0.5868 0.7423
vn 0.5969 0.5127 0.6171
vn 0.8140 0.3886 0.4316
vn 0.9528 0.2259 0.2029
vn 0.9887 0.1308 0.0737
vn -0.9428 0.1904 0.2738
vn -0.9837 0.0760 0.1631
vn -0.7952 0.3922 0.4624
vn -0.5712 0.5547 0.6050
vn -0.2934 0.6631 0.6887
vn -0.0659 0.7028 0.7083
vn 0.0890 0.7084 0.7002
vn 0.3155 0.6850 0.6567
vn 0.5900 0.5966 0.5440
vn 0.8090 0.4500 0.3781
vn 0.9501 0.2586 0.1744
vn 0.9873 0.1471 0.0596
vn -0.9455 0.2189 0.2411
vn -0.9850 0.0902 0.1469
vn -0.8004 0.4456 0.4011
vn -0.5782 0.6277 0.5211
vn -0.3016 0.7486 0.5905
vn -0.0745 0.7923 0.6055
vn 0.0804 0.7979 0.5974
vn 0.3072 0.7705 0.5585
vn 0.5830 0.6696 0.4601
vn 0.8039 0.5034 0.3168
vn 0.9474 0.2871 0.1416
vn 0.9860 0.1612 0.0433
vn -0.9483 0.2423 0.2051
vn -0.9864 0.1019 0.1290
vn -0.8055 0.4897 0.3336
vn -0.5853 0.6881 0.4290
vn -0.3099 0.8192 0.4826
vn -0.0831 0.8663 0.4925
vn 0.0718 0.8719 0.4844
vn 0.2990 0.8412 0.4506
vn 0.5760 0.7299 0.3680
vn 0.7988 0.5476 0.2493
vn 0.9447 0.3106 0.1056
vn 0.9846 0.1729 0.0254
vn -0.9510 0.2604 0.1669
vn -0.9877 0.1109 0.1101
vn -0.8106 0.5237 0.2621
vn -0.5921 0.7346 0.3312
vn -0.3178 0.8738 0.3681
vn -0.0915 0.9234 0.3727
vn 0.0634 0.9290 0.3646
vn 0.2911 0.8957 0.3361
vn 0.5692 0.7765 0.2702
vn 0.7938 0.5816 0.1778
vn 0.9420 0.3286 0.0675
vn 0.9833 0.1820 0.0065
vn -0.9535 0.2729 0.1278
vn -0.9890 0.1172 0.0906
vn -0.8153 0.5474 0.1886
vn -0.5986 0.7671 0.2308
vn -0.3254 0.9118 0.2505
vn -0.0994 0.9632 0.2496
vn 0.0555 0.9688 0.2414
vn 0.2835 0.9337 0.2185
vn 0.5628 0.8090 0.1698
vn 0.7892 0.6053 0.1043
vn 0.9396 0.3412 0.0283
vn 0.9820 0.1883 -0.0130
vn -0.9559 0.2801 0.0886
vn -0.9901 0.1209 0.0711
vn -0.8197 0.5610 0.1152
vn -0.6046 0.7858 0.1304
vn -0.3324 0.9337 0.1329
vn -0.1067 0.9862 0.1265
vn 0.0482 0.9918 0.1184
vn 0.2766 0.9557 0.1009
vn 0.5569 0.8277 0.0694
vn 0.7849 0.6189 0.0309
vn 0.9373 0.3483 -0.0108
vn 0.9809 0.1919 -0.0324
vn -0.9582 0.2804 0.0575
vn -0.9909 0.1222 0.0556
vn -0.8238 0.5641 0.0568
vn -0.6097 0.7910 0.0505
vn -0.3380 0.9403 0.0394
vn -0.1121 0.9933 0.0286
vn 0.0428 0.9989 0.0204
vn 0.2718 0.9623 0.0074
vn 0.5533 0.8329 -0.0106
vn 0.7826 0.6220 -0.0276
vn 0.9363 0.3487 -0.0420
vn 0.9800 0.1932 -0.0479
vn -0.9596 0.2785 0.0413
vn -0.9914 0.1222 0.0475
vn -0.8262 0.5627 0.0262
vn -0.6127 0.7903 0.0086
vn -0.3410 0.9400 -0.0097
vn -0.1148 0.9931 -0.0229
vn 0.0402 0.9987 -0.0310
vn 0.2697 0.9620 -0.0418
vn 0.5519 0.8322 -0.0525
vn 0.7819 0.6207 -0.0583
vn 0.9361 0.3468 -0.0583
vn 0.9795 0.1933 -0.0560
vn -0.9600 0.2781 0.0319
vn -0.9916 0.1220 0.0427
vn -0.8271 0.5620 0.0083
vn -0.6139 0.7892 -0.0159
vn -0.3424 0.9388 -0.0384
vn -0.1163 0.9918 -0.0530
vn 0.0386 0.9974 -0.0611
vn 0.2682 0.9608 -0.0705
vn 0.5506 0.8312 -0.0771
vn 0.7809 0.6199 -0.0761
vn 0.9356 0.3465 -0.0677
vn 0.9793 0.1931 -0.0608
vn -0.9605 0.2774 0.0221
vn -0.9919 0.1217 0.0378
vn -0.8280 0.5606 -0.0102
vn -0.6152 0.7873 -0.0413
vn -0.3439 0.9365 -0.0682
vn -0.1179 0.9895 -0.0841
vn 0.0371 0.9950 -0.0923
vn 0.2668 0.9585 -0.1003
vn 0.5493 0.8293 -0.1024
vn 0.7800 0.6186 -0.0946
vn 0.9351 0.3458 -0.0775
vn 0.9791 0.1927 -0.0657
vn -0.9610 0.2764 0.0121
vn -0.9921 0.1211 0.0328
vn -0.8289 0.5586 -0.0290
vn -0.6164 0.7846 -0.0670
vn -0.3454 0.9333 -0.0984
vn -0.1194 0.9861 -0.1158
vn 0.0355 0.9917 -0.1239
vn 0.2653 0.9553 -0.1305
vn 0.5481 0.8265 -0.1282
vn 0.7791 0.6166 -0.1134
vn 0.9346 0.3447 -0.0874
vn 0.9788 0.1922 -0.0708
vn -0.9614 0.2750 0.0022
vn -0.9923 0.1204 0.0278
vn -0.8298 0.5560 -0.0478
vn -0.6177 0.7810 -0.0928
vn -0.3468 0.9291 -0.1286
vn -0.1209 0.9817 -0.1474
vn 0.0340 0.9872 -0.1555
vn 0.2638 0.9511 -0.1607
vn 0.5469 0.8229 -0.1540
vn 0.7782 0.6139 -0.1322
vn 0.9342 0.3433 -0.0973
vn 0.9786 0.1915 -0.0758
vn -0.9619 0.2733 -0.0075
vn -0.9926 0.1196 0.0229
vn -0.8307 0.5528 -0.0662
vn -0.6188 0.7766 -0.1181
vn -0.3482 0.9240 -0.1582
vn -0.1224 0.9763 -0.1784
vn 0.0326 0.9819 -0.1866
vn 0.2625 0.9460 -0.1903
vn 0.5457 0.8186 -0.1793
vn 0.7774 0.6108 -0.1507
vn 0.9337 0.3416 -0.1071
vn 0.9783 0.1906 -0.0807
vn -0.9623 0.2713 -0.0169
vn -0.9928 0.1186 0.0181
vn -0.8315 0.5491 -0.0840
vn -0.6200 0.7716 -0.1425
vn -0.3495 0.9181 -0.1869
vn -0.1237 0.9702 -0.2084
vn 0.0313 0.9758 -0.2166
vn 0.2612 0.9401 -0.2190
vn 0.5446 0.8136 -0.2037
vn 0.7766 0.6071 -0.1685
vn 0.9333 0.3396 -0.1165
vn 0.9781 0.1897 -0.0854
vn -0.9628 0.2691 -0.0259
vn -0.9930 0.1175 0.0136
vn -0.8323 0.5451 -0.1010
vn -0.6210 0.7661 -0.1658
vn -0.3507 0.9117 -0.2141
vn -0.1250 0.9634 -0.2370
vn 0.0300 0.9690 -0.2451
vn 0.2600 0.9337 -0.2462
vn 0.5436 0.8081 -0.2269
vn 0.7759 0.6030 -0.1855
vn 0.9329 0.3375 -0.1255
vn 0.9779 0.1886 -0.0899
vn -0.9631 0.2668 -0.0343
vn -0.9932 0.1164 0.0093
vn -0.8330 0.5408 -0.1169
vn -0.6220 0.7602 -0.1876
vn -0.3518 0.9048 -0.2397
vn -0.1261 0.9563 -0.2638
vn 0.0288 0.9619 -0.2719
vn 0.2589 0.9269 -0.2718
vn 0.5427 0.8022 -0.2488
vn 0.7752 0.5987 -0.2014
vn 0.9326 0.3351 -0.1338
vn 0.9777 0.1875 -0.0942
vn -0.9635 0.2644 -0.0420
vn -0.9933 0.1153 0.0054
vn -0.8337 0.5363 -0.1316
vn -0.6229 0.7542 -0.2078
vn -0.3529 0.8978 -0.2634
vn -0.1272 0.9490 -0.2886
vn 0.0278 0.9545 -0.2968
vn 0.2580 0.9198 -0.2955
vn 0.5419 0.7962 -0.2690
vn 0.7746 0.5943 -0.2161
vn 0.9323 0.3328 -0.1416
vn 0.9776 0.1863 -0.0981
vn -0.9930 0.1176 0.0061
vn -0.9935 0.1141 0.0018
vn 0.1937 0.3672 0.9098
vn 0.1549 0.2838 0.9463
vn 0.1025 0.2396 0.9655
vn 0.0484 0.2720 0.9611
vn 0.0331 0.2715 0.9619
vn -0.0177 0.2353 0.9718
vn -0.0748 0.2755 0.9584
vn -0.1231 0.3556 0.9265
vn 0.9772 0.1887 -0.0974
vn 0.9774 0.1851 -0.1017
vn -0.6811 -0.4944 0.5400
vn -0.9936 0.0393 0.1057
vn -0.1005 -0.6207 0.7776
vn -0.0788 -0.5664 0.8203
vn -0.0279 -0.5212 0.8530
vn 0.0505 -0.5391 0.8407
vn 0.0766 -0.5382 0.8394
vn 0.1543 -0.5146 0.8434
vn 0.2047 -0.5562 0.8055
vn 0.2256 -0.6089 0.7605
vn 0.7676 -0.4422 0.4640
vn 0.9938 0.1110 0.0013
vn -0.6603 0.5003 0.5601
vn -0.9774 -0.1852 0.1019
vn -0.9328 -0.3274 0.1507
vn -0.9774 -0.1847 0.1031
vn -0.9772 -0.1833 0.1068
vn -0.1971 -0.3046 -0.9319
vn -0.7752 -0.5867 0.2341
vn -0.1490 -0.3880 -0.9095
vn -0.5422 -0.7871 0.2941
vn -0.0920 -0.4291 -0.8986
vn -0.2575 -0.9099 0.3252
vn -0.0417 -0.3960 -0.9173
vn -0.0266 -0.9443 0.3279
vn -0.0262 -0.3954 -0.9181
vn 0.1285 -0.9388 0.3197
vn 0.0281 -0.4248 -0.9049
vn 0.3548 -0.8878 0.2930
vn 0.0804 -0.3798 -0.9216
vn 0.6251 -0.7450 0.2328
vn 0.1196 -0.2936 -0.9484
vn 0.8356 -0.5287 0.1495
vn 0.9935 -0.1142 -0.0017
vn 0.9645 -0.2590 0.0510
vn 0.9937 -0.1123 0.0032
vn 0.9935 -0.1136 -0.0005
vn -0.9332 -0.3300 0.1423
vn -0.7759 -0.5919 0.2182
vn -0.5431 -0.7943 0.2723
vn -0.2586 -0.9183 0.2996
vn -0.0277 -0.9532 0.3011
vn 0.1275 -0.9476 0.2929
vn 0.3538 -0.8963 0.2674
vn 0.6243 -0.7522 0.2110
vn 0.8350 -0.5338 0.1336
vn 0.9642 -0.2616 0.0426
vn 0.9933 -0.1150 -0.0047
vn -0.9336 -0.3326 0.1330
vn -0.9777 -0.1875 0.0941
vn -0.7768 -0.5970 0.2005
vn -0.5442 -0.8014 0.2480
vn -0.2599 -0.9268 0.2711
vn -0.0290 -0.9621 0.2713
vn 0.1262 -0.9565 0.2631
vn 0.3527 -0.9047 0.2390
vn 0.6233 -0.7593 0.1867
vn 0.8343 -0.5390 0.1159
vn 0.9639 -0.2642 0.0333
vn 0.9932 -0.1164 -0.0094
vn -0.9341 -0.3352 0.1228
vn -0.9780 -0.1888 0.0890
vn -0.7776 -0.6020 0.1813
vn -0.5454 -0.8083 0.2216
vn -0.2612 -0.9349 0.2402
vn -0.0304 -0.9706 0.2388
vn 0.1248 -0.9650 0.2307
vn 0.3514 -0.9128 0.2080
vn 0.6222 -0.7662 0.1603
vn 0.8336 -0.5439 0.0967
vn 0.9635 -0.2668 0.0232
vn 0.9929 -0.1178 -0.0146
vn -0.9346 -0.3375 0.1121
vn -0.9782 -0.1901 0.0835
vn -0.7786 -0.6066 0.1609
vn -0.5467 -0.8146 0.1936
vn -0.2627 -0.9423 0.2073
vn -0.0319 -0.9784 0.2044
vn 0.1233 -0.9728 0.1963
vn 0.3499 -0.9202 0.1752
vn 0.6210 -0.7725 0.1323
vn 0.8327 -0.5485 0.0763
vn 0.9630 -0.2691 0.0124
vn 0.9927 -0.1190 -0.0200
vn -0.9351 -0.3396 0.1011
vn -0.9785 -0.1911 0.0779
vn -0.7796 -0.6105 0.1398
vn -0.5480 -0.8201 0.1646
vn -0.2643 -0.9487 0.1733
vn -0.0336 -0.9851 0.1688
vn 0.1217 -0.9795 0.1606
vn 0.3484 -0.9267 0.1411
vn 0.6197 -0.7780 0.1033
vn 0.8317 -0.5524 0.0552
vn 0.9625 -0.2712 0.0014
vn 0.9924 -0.1201 -0.0257
vn -0.9356 -0.3413 0.0899
vn -0.9787 -0.1920 0.0722
vn -0.7806 -0.6137 0.1185
vn -0.5494 -0.8245 0.1354
vn -0.2659 -0.9539 0.1390
vn -0.0352 -0.9905 0.1328
vn 0.1200 -0.9849 0.1247
vn 0.3468 -0.9318 0.1068
vn 0.6183 -0.7824 0.0741
vn 0.8307 -0.5557 0.0339
vn 0.9620 -0.2729 -0.0098
vn 0.9922 -0.1209 -0.0314
vn -0.9362 -0.3426 0.0789
vn -0.9790 -0.1926 0.0666
vn -0.7815 -0.6162 0.0976
vn -0.5508 -0.8278 0.1066
vn -0.2675 -0.9578 0.1052
vn -0.0370 -0.9946 0.0974
vn 0.1183 -0.9890 0.0893
vn 0.3451 -0.9357 0.0730
vn 0.6169 -0.7857 0.0453
vn 0.8297 -0.5581 0.0130
vn 0.9614 -0.2742 -0.0208
vn -0.9366 -0.3435 0.0683
vn -0.9793 -0.1931 0.0612
vn -0.7825 -0.6178 0.0775
vn -0.5521 -0.8300 0.0790
vn -0.2691 -0.9604 0.0728
vn -0.0386 -0.9972 0.0635
vn 0.1166 -0.9916 0.0553
vn 0.3435 -0.9383 0.0406
vn 0.6155 -0.7879 0.0177
vn 0.8286 -0.5598 -0.0071
vn 0.9609 -0.2751 -0.0314
vn 0.9916 -0.1220 -0.0423
vn -0.9371 -0.3441 0.0584
vn -0.9795 -0.1933 0.0561
vn -0.7834 -0.6188 0.0587
vn -0.5533 -0.8313 0.0532
vn -0.2706 -0.9618 0.0425
vn -0.0403 -0.9987 0.0317
vn 0.1150 -0.9931 0.0236
vn 0.3419 -0.9397 0.0103
vn 0.6141 -0.7892 -0.0082
vn 0.8276 -0.5607 -0.0260
vn 0.9604 -0.2757 -0.0412
vn 0.9914 -0.1222 -0.0474
vn -0.9388 -0.3420 0.0421
vn -0.9800 -0.1932 0.0478
vn -0.7863 -0.6173 0.0276
vn -0.5569 -0.8305 0.0104
vn -0.2740 -0.9617 -0.0078
vn -0.0431 -0.9988 -0.0210
vn 0.1123 -0.9932 -0.0292
vn 0.3400 -0.9396 -0.0401
vn 0.6131 -0.7883 -0.0511
vn 0.8271 -0.5591 -0.0572
vn 0.9601 -0.2736 -0.0576
vn 0.9909 -0.1222 -0.0557
vn -0.9414 -0.3370 0.0114
vn -0.9809 -0.1918 0.0319
vn -0.7913 -0.6107 -0.0316
vn -0.5632 -0.8232 -0.0713
vn -0.2805 -0.9542 -0.1039
vn -0.0489 -0.9913 -0.1218
vn 0.1070 -0.9857 -0.1300
vn 0.3359 -0.9320 -0.1363
vn 0.6103 -0.7809 -0.1330
vn 0.8254 -0.5524 -0.1165
vn 0.9592 -0.2685 -0.0885
vn 0.9901 -0.1208 -0.0717
vn -0.9439 -0.3290 -0.0279
vn -0.9821 -0.1879 0.0116
vn -0.7960 -0.5958 -0.1071
vn -0.5696 -0.8029 -0.1755
vn -0.2879 -0.9305 -0.2264
vn -0.0566 -0.9665 -0.2502
vn 0.0994 -0.9609 -0.2584
vn 0.3287 -0.9083 -0.2588
vn 0.6043 -0.7606 -0.2371
vn 0.8211 -0.5375 -0.1920
vn 0.9570 -0.2605 -0.1277
vn 0.9889 -0.1168 -0.0920
vn -0.9466 -0.3154 -0.0674
vn -0.9835 -0.1809 -0.0089
vn -0.8011 -0.5698 -0.1832
vn -0.5766 -0.7673 -0.2806
vn -0.2961 -0.8887 -0.3501
vn -0.0650 -0.9227 -0.3799
vn 0.0910 -0.9171 -0.3881
vn 0.3208 -0.8665 -0.3825
vn 0.5977 -0.7250 -0.3423
vn 0.8164 -0.5115 -0.2682
vn 0.9545 -0.2468 -0.1673
vn 0.9876 -0.1099 -0.1125
vn -0.9493 -0.2959 -0.1058
vn -0.9849 -0.1709 -0.0288
vn -0.8064 -0.5325 -0.2572
vn -0.5840 -0.7158 -0.3828
vn -0.3046 -0.8282 -0.4703
vn -0.0739 -0.8594 -0.5059
vn 0.0821 -0.8538 -0.5141
vn 0.3124 -0.8060 -0.5027
vn 0.5906 -0.6735 -0.4445
vn 0.8112 -0.4742 -0.3422
vn 0.9518 -0.2273 -0.2057
vn 0.9862 -0.0999 -0.1324
vn -0.9521 -0.2709 -0.1416
vn -0.9863 -0.1580 -0.0474
vn -0.8118 -0.4844 -0.3261
vn -0.5914 -0.6495 -0.4779
vn -0.3133 -0.7502 -0.5822
vn -0.0830 -0.7776 -0.6232
vn 0.0730 -0.7720 -0.6314
vn 0.3038 -0.7280 -0.6146
vn 0.5832 -0.6072 -0.5396
vn 0.8059 -0.4261 -0.4111
vn 0.9491 -0.2023 -0.2415
vn 0.9847 -0.0869 -0.1509
vn -0.9549 -0.2412 -0.1734
vn -0.9877 -0.1426 -0.0638
vn -0.8170 -0.4272 -0.3872
vn -0.5986 -0.5706 -0.5622
vn -0.3219 -0.6573 -0.6814
vn -0.0920 -0.6802 -0.7272
vn 0.0640 -0.6746 -0.7354
vn 0.2952 -0.6351 -0.7138
vn 0.5759 -0.5282 -0.6239
vn 0.8006 -0.3689 -0.4722
vn 0.9463 -0.1727 -0.2733
vn 0.9833 -0.0715 -0.1674
vn -0.9574 -0.2081 -0.2003
vn -0.9891 -0.1254 -0.0776
vn -0.8219 -0.3634 -0.4387
vn -0.6054 -0.4824 -0.6331
vn -0.3299 -0.5535 -0.7647
vn -0.1005 -0.5714 -0.8145
vn 0.0555 -0.5658 -0.8227
vn 0.2869 -0.5313 -0.7971
vn 0.5688 -0.4400 -0.6948
vn 0.7954 -0.3051 -0.5237
vn 0.9436 -0.1395 -0.3002
vn 0.9819 -0.0544 -0.1812
vn -0.9597 -0.1729 -0.2217
vn -0.9903 -0.1072 -0.0886
vn -0.8263 -0.2956 -0.4795
vn -0.6115 -0.3887 -0.6892
vn -0.3372 -0.4433 -0.8306
vn -0.1083 -0.4558 -0.8835
vn 0.0477 -0.4502 -0.8917
vn 0.2794 -0.4211 -0.8629
vn 0.5623 -0.3464 -0.7509
vn 0.7906 -0.2373 -0.5644
vn 0.9411 -0.1044 -0.3215
vn 0.9807 -0.0361 -0.1921
vn -0.9617 -0.1369 -0.2375
vn -0.9914 -0.0885 -0.0966
vn -0.8301 -0.2263 -0.5096
vn -0.6168 -0.2931 -0.7305
vn -0.3436 -0.3309 -0.8789
vn -0.1151 -0.3380 -0.9341
vn 0.0407 -0.3323 -0.9423
vn 0.2726 -0.3086 -0.9113
vn 0.5565 -0.2508 -0.7921
vn 0.7863 -0.1681 -0.5945
vn 0.9389 -0.0684 -0.3374
vn 0.9796 -0.0175 -0.2001
vn -0.9634 -0.1014 -0.2482
vn -0.9923 -0.0701 -0.1019
vn -0.8334 -0.1579 -0.5296
vn -0.6214 -0.1987 -0.7579
vn -0.3491 -0.2198 -0.9109
vn -0.1211 -0.2216 -0.9676
vn 0.0347 -0.2160 -0.9758
vn 0.2668 -0.1976 -0.9433
vn 0.5514 -0.1564 -0.8195
vn 0.7826 -0.0997 -0.6145
vn 0.9369 -0.0329 -0.3480
vn 0.9787 0.0009 -0.2055
vn -0.9648 -0.0670 -0.2542
vn -0.9931 -0.0524 -0.1049
vn -0.8361 -0.0920 -0.5408
vn -0.6252 -0.1077 -0.7730
vn -0.3537 -0.1129 -0.9285
vn -0.1260 -0.1095 -0.9860
vn 0.0297 -0.1039 -0.9941
vn 0.2618 -0.0907 -0.9608
vn 0.5470 -0.0655 -0.8346
vn 0.7794 -0.0337 -0.6256
vn 0.9352 0.0015 -0.3540
vn 0.9779 0.0186 -0.2084
vn -0.9657 -0.0368 -0.2571
vn -0.9937 -0.0368 -0.1058
vn -0.8377 -0.0340 -0.5450
vn -0.6276 -0.0279 -0.7780
vn -0.3569 -0.0190 -0.9339
vn -0.1298 -0.0111 -0.9915
vn 0.0258 -0.0055 -0.9997
vn 0.2577 0.0031 -0.9662
vn 0.5431 0.0143 -0.8395
vn 0.7764 0.0242 -0.6298
vn 0.9336 0.0317 -0.3569
vn 0.9772 0.0342 -0.2094
vn -0.9665 -0.0110 -0.2566
vn -0.9942 -0.0236 -0.1054
vn -0.8392 0.0153 -0.5436
vn -0.6297 0.0400 -0.7758
vn -0.3595 0.0607 -0.9312
vn -0.1326 0.0724 -0.9885
vn 0.0229 0.0780 -0.9967
vn 0.2548 0.0828 -0.9634
vn 0.5406 0.0822 -0.8373
vn 0.7745 0.0735 -0.6283
vn 0.9326 0.0574 -0.3563
vn 0.9768 0.0474 -0.2089
vn -0.9675 0.0156 -0.2526
vn -0.9946 -0.0099 -0.1037
vn -0.8412 0.0664 -0.5367
vn -0.6323 0.1104 -0.7669
vn -0.3622 0.1434 -0.9210
vn -0.1352 0.1591 -0.9780
vn 0.0204 0.1647 -0.9861
vn 0.2526 0.1656 -0.9533
vn 0.5390 0.1526 -0.8284
vn 0.7734 0.1246 -0.6215
vn 0.9321 0.0841 -0.3523
vn 0.9764 0.0611 -0.2072
vn -0.9685 0.0465 -0.2448
vn -0.9950 0.0061 -0.1001
vn -0.8431 0.1257 -0.5228
vn -0.6348 0.1923 -0.7484
vn -0.3650 0.2397 -0.8996
vn -0.1378 0.2601 -0.9557
vn 0.0180 0.2657 -0.9639
vn 0.2507 0.2619 -0.9320
vn 0.5376 0.2345 -0.8099
vn 0.7726 0.1840 -0.6077
vn 0.9317 0.1150 -0.3446
vn 0.9760 0.0771 -0.2036
vn -0.9694 0.0813 -0.2318
vn -0.9953 0.0242 -0.0938
vn -0.8449 0.1930 -0.4989
vn -0.6371 0.2853 -0.7160
vn -0.3674 0.3492 -0.8620
vn -0.1399 0.3749 -0.9165
vn 0.0160 0.3805 -0.9246
vn 0.2491 0.3714 -0.8944
vn 0.5366 0.3276 -0.7777
vn 0.7720 0.2513 -0.5839
vn 0.9314 0.1499 -0.3317
vn 0.9757 0.0952 -0.1973
vn -0.9700 0.1191 -0.2120
vn -0.9955 0.0439 -0.0839
vn -0.8462 0.2661 -0.4617
vn -0.6388 0.3865 -0.6653
vn -0.3690 0.4685 -0.8027
vn -0.1413 0.5000 -0.8544
vn 0.0148 0.5056 -0.8626
vn 0.2484 0.4907 -0.8352
vn 0.5362 0.4289 -0.7270
vn 0.7719 0.3245 -0.5467
vn 0.9314 0.1877 -0.3119
vn 0.9755 0.1150 -0.1874
vn -0.9702 0.1576 -0.1842
vn -0.9955 0.0640 -0.0698
vn -0.8466 0.3407 -0.4090
vn -0.6392 0.4898 -0.5929
vn -0.3693 0.5902 -0.7178
vn -0.1413 0.6277 -0.7655
vn 0.0149 0.6333 -0.7738
vn 0.2488 0.6125 -0.7503
vn 0.5369 0.5322 -0.6547
vn 0.7725 0.3991 -0.4940
vn 0.9317 0.2261 -0.2842
vn 0.9756 0.1351 -0.1733
vn -0.9697 0.1936 -0.1489
vn -0.9952 0.0828 -0.0515
vn -0.8457 0.4104 -0.3411
vn -0.6381 0.5862 -0.4992
vn -0.3677 0.7038 -0.6078
vn -0.1395 0.7469 -0.6502
vn 0.0167 0.7525 -0.6584
vn 0.2506 0.7261 -0.6402
vn 0.5386 0.6286 -0.5610
vn 0.7737 0.4687 -0.4262
vn 0.9324 0.2621 -0.2488
vn 0.9758 0.1539 -0.1551
vn -0.9686 0.2239 -0.1079
vn -0.9947 0.0985 -0.0302
vn -0.8436 0.4688 -0.2620
vn -0.6351 0.6668 -0.3898
vn -0.3643 0.7987 -0.4790
vn -0.1360 0.8463 -0.5151
vn 0.0202 0.8519 -0.5233
vn 0.2539 0.8209 -0.5114
vn 0.5413 0.7092 -0.4516
vn 0.7757 0.5271 -0.3470
vn 0.9334 0.2925 -0.2078
vn 0.9764 0.1696 -0.1338
vn -0.9670 0.2466 -0.0647
vn -0.9939 0.1101 -0.0076
vn -0.8403 0.5119 -0.1783
vn -0.6307 0.7260 -0.2740
vn -0.3594 0.8681 -0.3425
vn -0.1311 0.9189 -0.3720
vn 0.0251 0.9246 -0.3802
vn 0.2583 0.8903 -0.3749
vn 0.5448 0.7684 -0.3358
vn 0.7781 0.5703 -0.2633
vn 0.9347 0.3152 -0.1645
vn 0.9772 0.1811 -0.1112
vn -0.9650 0.2614 -0.0225
vn -0.9930 0.1174 0.0143
vn -0.8365 0.5394 -0.0968
vn -0.6255 0.7634 -0.1613
vn -0.3535 0.9116 -0.2098
vn -0.1253 0.9644 -0.2328
vn 0.0307 0.9700 -0.2410
vn 0.2633 0.9338 -0.2422
vn 0.5487 0.8057 -0.2230
vn 0.7809 0.5977 -0.1817
vn 0.9360 0.3299 -0.1224
vn 0.9780 0.1884 -0.0892
vn -0.9629 0.2693 0.0161
vn -0.9921 0.1210 0.0343
vn -0.8325 0.5536 -0.0225
vn -0.6201 0.7823 -0.0587
vn -0.3476 0.9334 -0.0890
vn -0.1194 0.9872 -0.1062
vn 0.0364 0.9928 -0.1144
vn 0.2684 0.9556 -0.1214
vn 0.5528 0.8246 -0.1203
vn 0.7836 0.6119 -0.1074
vn 0.9375 0.3379 -0.0837
vn 0.9789 0.1921 -0.0692
vn -0.9606 0.2747 0.0423
vn -0.9913 0.1222 0.0479
vn -0.8281 0.5599 0.0279
vn -0.6146 0.7888 0.0108
vn -0.3421 0.9396 -0.0072
vn -0.1149 0.9932 -0.0204
vn 0.0405 0.9988 -0.0285
vn 0.2711 0.9617 -0.0394
vn 0.5541 0.8309 -0.0506
vn 0.7841 0.6180 -0.0568
vn 0.9375 0.3431 -0.0574
vn 0.9796 0.1933 -0.0556
vn -0.9811 0.0860 0.1732
vn -0.9050 0.2576 0.3385
vn -0.7388 0.4421 0.5087
vn -0.4337 0.6168 0.6569
vn -0.1028 0.6979 0.7088
vn 0.1260 0.7061 0.6968
vn 0.4546 0.6488 0.6102
vn 0.7543 0.4959 0.4303
vn 0.9146 0.3232 0.2429
vn 0.9851 0.1568 0.0699
vn -0.9738 -0.0083 0.2274
vn -0.9811 -0.1095 0.1597
vn -0.1651 0.8371 0.5216
vn -0.1241 0.7962 0.5922
vn -0.0653 0.7722 0.6321
vn -0.0062 0.7957 0.6057
vn 0.0123 0.7964 0.6047
vn 0.0755 0.7772 0.6247
vn 0.1279 0.8053 0.5789
vn 0.1582 0.8487 0.5046
vn 0.9903 0.0625 0.1242
vn 0.9977 -0.0382 0.0557
vt 0.312500 0.526749
vt 0.218750 0.526749
vt 0.218750 0.000000
vt 0.312500 0.000000
vt 0.406250 0.526749
vt 0.312500 0.526749
vt 0.312500 0.000000
vt 0.406250 0.000000
vt 0.500000 0.526749
vt 0.406250 0.526749
vt 0.406250 0.000000
vt 0.500000 0.000000
vt 0.593750 0.526749
vt 0.500000 0.526749
vt 0.500000 0.000000
vt 0.593750 0.000000
vt 0.687500 0.000000
vt 0.687500 0.526749
vt 0.593750 0.000000
vt 0.781250 0.000000
vt 0.781250 0.526749
vt 0.687500 0.526749
vt 0.687500 0.000000
vt 0.000000 0.000000
s 0
usemtl Material.002
f 1/1/1 2/2/1 4/3/1 3/4/1
f 3/5/2 4/6/2 8/7/2 7/8/2
f 7/9/3 8/10/3 6/11/3 5/12/3
f 5/13/4 6/14/4 2/15/4 1/16/4
f 3/17/5 7/18/5 5/13/5 1/19/5
f 8/20/6 4/21/6 2/22/6 6/23/6
usemtl マテリアル.001
f 45/24/7 47/24/7 46/24/7
f 45/24/7 48/24/7 47/24/7
f 32/24/8 34/24/8 33/24/8
f 32/24/9 35/24/9 34/24/9
f 32/24/7 36/24/7 35/24/7
f 32/24/7 37/24/7 36/24/7
f 32/24/7 38/24/7 37/24/7
f 31/24/7 38/24/7 32/24/7
f 31/24/10 39/24/10 38/24/10
f 31/24/7 40/24/7 39/24/7
f 31/24/7 41/24/7 40/24/7
f 30/24/7 41/24/7 31/24/7
f 30/24/10 42/24/10 41/24/10
f 30/24/7 43/24/7 42/24/7
f 30/24/7 44/24/7 43/24/7
f 30/24/7 45/24/7 44/24/7
f 29/24/7 45/24/7 30/24/7
f 29/24/7 51/24/7 45/24/7
f 51/24/7 50/24/7 45/24/7
f 50/24/7 49/24/7 45/24/7
f 49/24/7 86/24/7 45/24/7
f 86/24/7 48/24/7 45/24/7
f 28/24/7 54/24/7 29/24/7
f 54/24/11 53/24/11 29/24/11
f 53/24/12 52/24/12 29/24/12
f 52/24/13 51/24/13 29/24/13
f 27/24/7 57/24/7 28/24/7
f 57/24/10 56/24/10 28/24/10
f 56/24/14 55/24/14 28/24/14
f 55/24/15 54/24/15 28/24/15
f 26/24/7 60/24/7 27/24/7
f 60/24/16 59/24/16 27/24/16
f 59/24/10 58/24/10 27/24/10
f 58/24/17 57/24/17 27/24/17
f 26/24/7 61/24/7 60/24/7
f 26/24/7 62/24/7 61/24/7
f 25/24/7 62/24/7 26/24/7
f 25/24/7 63/24/7 62/24/7
f 25/24/7 64/24/7 63/24/7
f 85/24/7 48/24/7 86/24/7
f 25/24/7 65/24/7 64/24/7
f 24/24/7 65/24/7 25/24/7
f 24/24/7 66/24/7 65/24/7
f 24/24/7 67/24/7 66/24/7
f 23/24/7 67/24/7 24/24/7
f 23/24/7 68/24/7 67/24/7
f 23/24/7 69/24/7 68/24/7
f 22/24/7 69/24/7 23/24/7
f 22/24/7 70/24/7 69/24/7
f 21/24/7 70/24/7 22/24/7
f 21/24/7 71/24/7 70/24/7
f 21/24/7 72/24/7 71/24/7
f 20/24/7 72/24/7 21/24/7
f 20/24/7 73/24/7 72/24/7
f 20/24/7 74/24/7 73/24/7
f 19/24/7 74/24/7 20/24/7
f 19/24/7 75/24/7 74/24/7
f 18/24/7 75/24/7 19/24/7
f 18/24/7 76/24/7 75/24/7
f 18/24/7 77/24/7 76/24/7
f 17/24/7 77/24/7 18/24/7
f 17/24/7 78/24/7 77/24/7
f 17/24/7 79/24/7 78/24/7
f 16/24/7 79/24/7 17/24/7
f 16/24/7 80/24/7 79/24/7
f 16/24/7 81/24/7 80/24/7
f 16/24/7 82/24/7 81/24/7
f 15/24/7 82/24/7 16/24/7
f 15/24/7 83/24/7 82/24/7
f 15/24/7 84/24/7 83/24/7
f 15/24/7 85/24/7 84/24/7
f 15/24/7 48/24/7 85/24/7
f 14/24/7 48/24/7 15/24/7
f 13/24/7 48/24/7 14/24/7
f 12/24/7 48/24/7 13/24/7
f 11/24/7 48/24/7 12/24/7
f 10/24/7 48/24/7 11/24/7
f 9/24/10 48/24/10 10/24/10
f 99/24/10 101/24/10 100/24/10
f 99/24/7 102/24/7 101/24/7
f 98/24/7 102/24/7 99/24/7
f 98/24/7 103/24/7 102/24/7
f 97/24/7 103/24/7 98/24/7
f 97/24/7 104/24/7 103/24/7
f 97/24/7 105/24/7 104/24/7
f 96/24/7 105/24/7 97/24/7
f 96/24/7 106/24/7 105/24/7
f 139/24/7 141/24/7 140/24/7
f 139/24/7 87/24/7 141/24/7
f 95/24/7 106/24/7 96/24/7
f 95/24/7 107/24/7 106/24/7
f 95/24/7 108/24/7 107/24/7
f 94/24/7 108/24/7 95/24/7
f 94/24/7 109/24/7 108/24/7
f 93/24/7 109/24/7 94/24/7
f 93/24/7 110/24/7 109/24/7
f 93/24/7 111/24/7 110/24/7
f 92/24/7 111/24/7 93/24/7
f 92/24/7 112/24/7 111/24/7
f 91/24/7 112/24/7 92/24/7
f 91/24/7 122/24/7 112/24/7
f 122/24/7 121/24/7 112/24/7
f 121/24/7 120/24/7 112/24/7
f 120/24/7 119/24/7 112/24/7
f 119/24/7 118/24/7 112/24/7
f 118/24/7 117/24/7 112/24/7
f 117/24/16 116/24/16 112/24/16
f 116/24/7 115/24/7 112/24/7
f 115/24/7 114/24/7 112/24/7
f 114/24/7 113/24/7 112/24/7
f 90/24/7 124/24/7 91/24/7
f 124/24/11 123/24/11 91/24/11
f 123/24/18 122/24/18 91/24/18
f 89/24/7 126/24/7 90/24/7
f 126/24/7 125/24/7 90/24/7
f 125/24/19 124/24/19 90/24/19
f 89/24/7 127/24/7 126/24/7
f 89/24/7 128/24/7 127/24/7
f 88/24/7 128/24/7 89/24/7
f 88/24/7 129/24/7 128/24/7
f 88/24/7 130/24/7 129/24/7
f 139/24/16 88/24/16 87/24/16
f 139/24/7 134/24/7 88/24/7
f 134/24/7 133/24/7 88/24/7
f 133/24/7 132/24/7 88/24/7
f 132/24/7 131/24/7 88/24/7
f 131/24/7 130/24/7 88/24/7
f 139/24/20 135/24/20 134/24/20
f 139/24/7 136/24/7 135/24/7
f 139/24/7 137/24/7 136/24/7
f 139/24/7 138/24/7 137/24/7
f 152/24/10 154/24/10 153/24/10
f 151/24/10 154/24/10 152/24/10
f 150/24/7 154/24/7 151/24/7
f 150/24/7 155/24/7 154/24/7
f 149/24/7 155/24/7 150/24/7
f 148/24/7 155/24/7 149/24/7
f 147/24/7 155/24/7 148/24/7
f 147/24/7 156/24/7 155/24/7
f 146/24/7 156/24/7 147/24/7
f 145/24/7 156/24/7 146/24/7
f 144/24/7 156/24/7 145/24/7
f 144/24/7 157/24/7 156/24/7
f 143/24/7 157/24/7 144/24/7
f 142/24/7 157/24/7 143/24/7
f 142/24/7 158/24/7 157/24/7
f 288/24/7 158/24/7 142/24/7
f 287/24/7 286/24/7 288/24/7
f 286/24/7 285/24/7 288/24/7
f 285/24/7 284/24/7 288/24/7
f 284/24/7 283/24/7 288/24/7
f 283/24/7 158/24/7 288/24/7
f 283/24/21 282/24/21 158/24/21
f 282/24/7 281/24/7 158/24/7
f 281/24/7 159/24/7 158/24/7
f 281/24/22 280/24/22 159/24/22
f 280/24/20 279/24/20 159/24/20
f 279/24/7 160/24/7 159/24/7
f 279/24/23 278/24/23 160/24/23
f 278/24/10 277/24/10 160/24/10
f 277/24/7 276/24/7 160/24/7
f 276/24/7 161/24/7 160/24/7
f 276/24/10 275/24/10 161/24/10
f 275/24/10 274/24/10 161/24/10
f 274/24/7 162/24/7 161/24/7
f 273/24/7 162/24/7 274/24/7
f 272/24/7 162/24/7 273/24/7
f 271/24/7 162/24/7 272/24/7
f 271/24/7 163/24/7 162/24/7
f 270/24/7 163/24/7 271/24/7
f 269/24/7 163/24/7 270/24/7
f 268/24/7 163/24/7 269/24/7
f 268/24/7 164/24/7 163/24/7
f 267/24/7 164/24/7 268/24/7
f 266/24/7 164/24/7 267/24/7
f 266/24/7 165/24/7 164/24/7
f 265/24/7 165/24/7 266/24/7
f 264/24/7 165/24/7 265/24/7
f 264/24/7 166/24/7 165/24/7
f 263/24/7 166/24/7 264/24/7
f 262/24/7 166/24/7 263/24/7
f 262/24/7 167/24/7 166/24/7
f 261/24/7 167/24/7 262/24/7
f 261/24/7 168/24/7 167/24/7
f 260/24/7 168/24/7 261/24/7
f 260/24/7 169/24/7 168/24/7
f 259/24/7 169/24/7 260/24/7
f 259/24/7 170/24/7 169/24/7
f 258/24/7 170/24/7 259/24/7
f 258/24/7 171/24/7 170/24/7
f 257/24/7 171/24/7 258/24/7
f 256/24/7 171/24/7 257/24/7
f 256/24/7 172/24/7 171/24/7
f 255/24/7 172/24/7 256/24/7
f 255/24/7 173/24/7 172/24/7
f 254/24/7 173/24/7 255/24/7
f 253/24/7 173/24/7 254/24/7
f 252/24/7 173/24/7 253/24/7
f 252/24/7 174/24/7 173/24/7
f 251/24/7 174/24/7 252/24/7
f 250/24/7 174/24/7 251/24/7
f 250/24/7 175/24/7 174/24/7
f 250/24/7 176/24/7 175/24/7
f 250/24/16 177/24/16 176/24/16
f 250/24/7 178/24/7 177/24/7
f 250/24/7 179/24/7 178/24/7
f 250/24/7 180/24/7 179/24/7
f 250/24/7 181/24/7 180/24/7
f 250/24/7 182/24/7 181/24/7
f 250/24/19 249/24/19 182/24/19
f 249/24/7 183/24/7 182/24/7
f 248/24/7 183/24/7 249/24/7
f 247/24/7 183/24/7 248/24/7
f 246/24/7 183/24/7 247/24/7
f 246/24/7 184/24/7 183/24/7
f 245/24/7 184/24/7 246/24/7
f 244/24/7 184/24/7 245/24/7
f 244/24/7 185/24/7 184/24/7
f 243/24/7 185/24/7 244/24/7
f 243/24/7 186/24/7 185/24/7
f 242/24/7 186/24/7 243/24/7
f 241/24/7 186/24/7 242/24/7
f 241/24/7 187/24/7 186/24/7
f 240/24/7 187/24/7 241/24/7
f 240/24/7 188/24/7 187/24/7
f 239/24/7 188/24/7 240/24/7
f 239/24/7 189/24/7 188/24/7
f 238/24/7 189/24/7 239/24/7
f 238/24/7 190/24/7 189/24/7
f 237/24/7 190/24/7 238/24/7
f 236/24/7 190/24/7 237/24/7
f 236/24/7 191/24/7 190/24/7
f 235/24/7 191/24/7 236/24/7
f 234/24/7 191/24/7 235/24/7
f 234/24/7 192/24/7 191/24/7
f 213/24/7 215/24/7 214/24/7
f 233/24/7 192/24/7 234/24/7
f 213/24/7 216/24/7 215/24/7
f 232/24/7 192/24/7 233/24/7
f 213/24/7 217/24/7 216/24/7
f 232/24/7 193/24/7 192/24/7
f 231/24/7 193/24/7 232/24/7
f 213/24/7 218/24/7 217/24/7
f 213/24/7 219/24/7 218/24/7
f 230/24/7 193/24/7 231/24/7
f 213/24/7 220/24/7 219/24/7
f 229/24/7 193/24/7 230/24/7
f 213/24/7 221/24/7 220/24/7
f 213/24/7 222/24/7 221/24/7
f 228/24/7 193/24/7 229/24/7
f 228/24/7 194/24/7 193/24/7
f 213/24/7 223/24/7 222/24/7
f 227/24/7 194/24/7 228/24/7
f 213/24/7 224/24/7 223/24/7
f 213/24/7 225/24/7 224/24/7
f 226/24/10 194/24/10 227/24/10
f 213/24/7 226/24/7 225/24/7
f 213/24/7 194/24/7 226/24/7
f 213/24/7 195/24/7 194/24/7
f 213/24/7 196/24/7 195/24/7
f 213/24/7 197/24/7 196/24/7
f 212/24/7 197/24/7 213/24/7
f 211/24/7 197/24/7 212/24/7
f 210/24/7 197/24/7 211/24/7
f 210/24/7 198/24/7 197/24/7
f 209/24/7 198/24/7 210/24/7
f 208/24/7 198/24/7 209/24/7
f 208/24/7 199/24/7 198/24/7
f 207/24/7 199/24/7 208/24/7
f 206/24/7 199/24/7 207/24/7
f 205/24/7 199/24/7 206/24/7
f 205/24/7 200/24/7 199/24/7
f 204/24/10 200/24/10 205/24/10
f 203/24/7 200/24/7 204/24/7
f 203/24/7 201/24/7 200/24/7
f 202/24/7 201/24/7 203/24/7
f 325/24/24 326/24/24 327/24/24
f 325/24/24 327/24/24 328/24/24
f 312/24/25 313/24/25 314/24/25
f 312/24/26 314/24/26 315/24/26
f 312/24/24 315/24/24 316/24/24
f 312/24/24 316/24/24 317/24/24
f 312/24/24 317/24/24 318/24/24
f 311/24/24 312/24/24 318/24/24
f 311/24/26 318/24/26 319/24/26
f 311/24/24 319/24/24 320/24/24
f 311/24/24 320/24/24 321/24/24
f 310/24/24 311/24/24 321/24/24
f 310/24/26 321/24/26 322/24/26
f 310/24/24 322/24/24 323/24/24
f 310/24/24 323/24/24 324/24/24
f 310/24/24 324/24/24 325/24/24
f 309/24/24 310/24/24 325/24/24
f 309/24/24 325/24/24 331/24/24
f 331/24/24 325/24/24 330/24/24
f 330/24/24 325/24/24 329/24/24
f 329/24/24 325/24/24 366/24/24
f 366/24/24 325/24/24 328/24/24
f 308/24/24 309/24/24 334/24/24
f 334/24/27 309/24/27 333/24/27
f 333/24/28 309/24/28 332/24/28
f 332/24/29 309/24/29 331/24/29
f 307/24/24 308/24/24 337/24/24
f 337/24/27 308/24/27 336/24/27
f 336/24/30 308/24/30 335/24/30
f 335/24/31 308/24/31 334/24/31
f 306/24/24 307/24/24 340/24/24
f 340/24/24 307/24/24 339/24/24
f 339/24/26 307/24/26 338/24/26
f 338/24/29 307/24/29 337/24/29
f 306/24/24 340/24/24 341/24/24
f 306/24/24 341/24/24 342/24/24
f 305/24/24 306/24/24 342/24/24
f 305/24/24 342/24/24 343/24/24
f 305/24/24 343/24/24 344/24/24
f 365/24/24 366/24/24 328/24/24
f 305/24/24 344/24/24 345/24/24
f 304/24/24 305/24/24 345/24/24
f 304/24/24 345/24/24 346/24/24
f 304/24/24 346/24/24 347/24/24
f 303/24/24 304/24/24 347/24/24
f 303/24/24 347/24/24 348/24/24
f 303/24/24 348/24/24 349/24/24
f 302/24/24 303/24/24 349/24/24
f 302/24/24 349/24/24 350/24/24
f 301/24/24 302/24/24 350/24/24
f 301/24/24 350/24/24 351/24/24
f 301/24/24 351/24/24 352/24/24
f 300/24/24 301/24/24 352/24/24
f 300/24/24 352/24/24 353/24/24
f 300/24/24 353/24/24 354/24/24
f 299/24/24 300/24/24 354/24/24
f 299/24/24 354/24/24 355/24/24
f 298/24/24 299/24/24 355/24/24
f 298/24/24 355/24/24 356/24/24
f 298/24/24 356/24/24 357/24/24
f 297/24/24 298/24/24 357/24/24
f 297/24/24 357/24/24 358/24/24
f 297/24/24 358/24/24 359/24/24
f 296/24/24 297/24/24 359/24/24
f 296/24/24 359/24/24 360/24/24
f 296/24/24 360/24/24 361/24/24
f 296/24/24 361/24/24 362/24/24
f 295/24/24 296/24/24 362/24/24
f 295/24/24 362/24/24 363/24/24
f 295/24/24 363/24/24 364/24/24
f 295/24/24 364/24/24 365/24/24
f 295/24/24 365/24/24 328/24/24
f 294/24/24 295/24/24 328/24/24
f 293/24/24 294/24/24 328/24/24
f 292/24/24 293/24/24 328/24/24
f 291/24/24 292/24/24 328/24/24
f 290/24/24 291/24/24 328/24/24
f 289/24/26 290/24/26 328/24/26
f 379/24/26 380/24/26 381/24/26
f 379/24/24 381/24/24 382/24/24
f 378/24/24 379/24/24 382/24/24
f 378/24/24 382/24/24 383/24/24
f 377/24/24 378/24/24 383/24/24
f 377/24/24 383/24/24 384/24/24
f 377/24/24 384/24/24 385/24/24
f 376/24/24 377/24/24 385/24/24
f 376/24/24 385/24/24 386/24/24
f 419/24/24 420/24/24 421/24/24
f 419/24/24 421/24/24 367/24/24
f 375/24/24 376/24/24 386/24/24
f 375/24/24 386/24/24 387/24/24
f 375/24/24 387/24/24 388/24/24
f 374/24/24 375/24/24 388/24/24
f 374/24/24 388/24/24 389/24/24
f 373/24/24 374/24/24 389/24/24
f 373/24/24 389/24/24 390/24/24
f 373/24/24 390/24/24 391/24/24
f 372/24/24 373/24/24 391/24/24
f 372/24/24 391/24/24 392/24/24
f 371/24/24 372/24/24 392/24/24
f 371/24/24 392/24/24 402/24/24
f 402/24/24 392/24/24 401/24/24
f 401/24/24 392/24/24 400/24/24
f 400/24/24 392/24/24 399/24/24
f 399/24/24 392/24/24 398/24/24
f 398/24/24 392/24/24 397/24/24
f 397/24/32 392/24/32 396/24/32
f 396/24/24 392/24/24 395/24/24
f 395/24/24 392/24/24 394/24/24
f 394/24/24 392/24/24 393/24/24
f 370/24/24 371/24/24 404/24/24
f 404/24/27 371/24/27 403/24/27
f 403/24/28 371/24/28 402/24/28
f 369/24/24 370/24/24 406/24/24
f 406/24/24 370/24/24 405/24/24
f 405/24/30 370/24/30 404/24/30
f 369/24/24 406/24/24 407/24/24
f 369/24/24 407/24/24 408/24/24
f 368/24/24 369/24/24 408/24/24
f 368/24/24 408/24/24 409/24/24
f 368/24/24 409/24/24 410/24/24
f 419/24/32 367/24/32 368/24/32
f 419/24/24 368/24/24 414/24/24
f 414/24/24 368/24/24 413/24/24
f 413/24/24 368/24/24 412/24/24
f 412/24/24 368/24/24 411/24/24
f 411/24/24 368/24/24 410/24/24
f 419/24/33 414/24/33 415/24/33
f 419/24/24 415/24/24 416/24/24
f 419/24/24 416/24/24 417/24/24
f 419/24/24 417/24/24 418/24/24
f 432/24/26 433/24/26 434/24/26
f 431/24/26 432/24/26 434/24/26
f 430/24/24 431/24/24 434/24/24
f 430/24/24 434/24/24 435/24/24
f 429/24/24 430/24/24 435/24/24
f 428/24/24 429/24/24 435/24/24
f 427/24/24 428/24/24 435/24/24
f 427/24/24 435/24/24 436/24/24
f 426/24/24 427/24/24 436/24/24
f 425/24/24 426/24/24 436/24/24
f 424/24/24 425/24/24 436/24/24
f 424/24/24 436/24/24 437/24/24
f 423/24/24 424/24/24 437/24/24
f 422/24/24 423/24/24 437/24/24
f 422/24/24 437/24/24 438/24/24
f 568/24/24 422/24/24 438/24/24
f 567/24/24 568/24/24 566/24/24
f 566/24/24 568/24/24 565/24/24
f 565/24/24 568/24/24 564/24/24
f 564/24/24 568/24/24 563/24/24
f 563/24/24 568/24/24 438/24/24
f 563/24/34 438/24/34 562/24/34
f 562/24/24 438/24/24 561/24/24
f 561/24/24 438/24/24 439/24/24
f 561/24/35 439/24/35 560/24/35
f 560/24/36 439/24/36 559/24/36
f 559/24/24 439/24/24 440/24/24
f 559/24/37 440/24/37 558/24/37
f 558/24/27 440/24/27 557/24/27
f 557/24/38 440/24/38 556/24/38
f 556/24/24 440/24/24 441/24/24
f 556/24/26 441/24/26 555/24/26
f 555/24/26 441/24/26 554/24/26
f 554/24/24 441/24/24 442/24/24
f 553/24/24 554/24/24 442/24/24
f 552/24/24 553/24/24 442/24/24
f 551/24/24 552/24/24 442/24/24
f 551/24/24 442/24/24 443/24/24
f 550/24/24 551/24/24 443/24/24
f 549/24/24 550/24/24 443/24/24
f 548/24/24 549/24/24 443/24/24
f 548/24/24 443/24/24 444/24/24
f 547/24/24 548/24/24 444/24/24
f 546/24/24 547/24/24 444/24/24
f 546/24/24 444/24/24 445/24/24
f 545/24/24 546/24/24 445/24/24
f 544/24/24 545/24/24 445/24/24
f 544/24/24 445/24/24 446/24/24
f 543/24/24 544/24/24 446/24/24
f 542/24/24 543/24/24 446/24/24
f 542/24/24 446/24/24 447/24/24
f 541/24/24 542/24/24 447/24/24
f 541/24/24 447/24/24 448/24/24
f 540/24/24 541/24/24 448/24/24
f 540/24/24 448/24/24 449/24/24
f 539/24/24 540/24/24 449/24/24
f 539/24/24 449/24/24 450/24/24
f 538/24/24 539/24/24 450/24/24
f 538/24/24 450/24/24 451/24/24
f 537/24/24 538/24/24 451/24/24
f 536/24/24 537/24/24 451/24/24
f 536/24/24 451/24/24 452/24/24
f 535/24/24 536/24/24 452/24/24
f 535/24/24 452/24/24 453/24/24
f 534/24/24 535/24/24 453/24/24
f 533/24/24 534/24/24 453/24/24
f 532/24/24 533/24/24 453/24/24
f 532/24/24 453/24/24 454/24/24
f 531/24/24 532/24/24 454/24/24
f 530/24/24 531/24/24 454/24/24
f 530/24/24 454/24/24 455/24/24
f 530/24/24 455/24/24 456/24/24
f 530/24/24 456/24/24 457/24/24
f 530/24/24 457/24/24 458/24/24
f 530/24/24 458/24/24 459/24/24
f 530/24/24 459/24/24 460/24/24
f 530/24/24 460/24/24 461/24/24
f 530/24/24 461/24/24 462/24/24
f 530/24/38 462/24/38 529/24/38
f 529/24/24 462/24/24 463/24/24
f 528/24/24 529/24/24 463/24/24
f 527/24/24 528/24/24 463/24/24
f 526/24/24 527/24/24 463/24/24
f 526/24/24 463/24/24 464/24/24
f 525/24/24 526/24/24 464/24/24
f 524/24/24 525/24/24 464/24/24
f 524/24/24 464/24/24 465/24/24
f 523/24/24 524/24/24 465/24/24
f 523/24/24 465/24/24 466/24/24
f 522/24/24 523/24/24 466/24/24
f 521/24/24 522/24/24 466/24/24
f 521/24/24 466/24/24 467/24/24
f 520/24/24 521/24/24 467/24/24
f 520/24/24 467/24/24 468/24/24
f 519/24/24 520/24/24 468/24/24
f 519/24/24 468/24/24 469/24/24
f 518/24/24 519/24/24 469/24/24
f 518/24/24 469/24/24 470/24/24
f 517/24/24 518/24/24 470/24/24
f 516/24/24 517/24/24 470/24/24
f 516/24/24 470/24/24 471/24/24
f 515/24/24 516/24/24 471/24/24
f 514/24/24 515/24/24 471/24/24
f 514/24/24 471/24/24 472/24/24
f 493/24/24 494/24/24 495/24/24
f 513/24/24 514/24/24 472/24/24
f 493/24/24 495/24/24 496/24/24
f 512/24/24 513/24/24 472/24/24
f 493/24/24 496/24/24 497/24/24
f 512/24/24 472/24/24 473/24/24
f 511/24/24 512/24/24 473/24/24
f 493/24/24 497/24/24 498/24/24
f 493/24/24 498/24/24 499/24/24
f 510/24/24 511/24/24 473/24/24
f 493/24/24 499/24/24 500/24/24
f 509/24/24 510/24/24 473/24/24
f 493/24/24 500/24/24 501/24/24
f 493/24/24 501/24/24 502/24/24
f 508/24/24 509/24/24 473/24/24
f 508/24/24 473/24/24 474/24/24
f 493/24/24 502/24/24 503/24/24
f 507/24/24 508/24/24 474/24/24
f 493/24/24 503/24/24 504/24/24
f 493/24/24 504/24/24 505/24/24
f 506/24/26 507/24/26 474/24/26
f 493/24/24 505/24/24 506/24/24
f 493/24/24 506/24/24 474/24/24
f 493/24/24 474/24/24 475/24/24
f 493/24/24 475/24/24 476/24/24
f 493/24/24 476/24/24 477/24/24
f 492/24/24 493/24/24 477/24/24
f 491/24/24 492/24/24 477/24/24
f 490/24/24 491/24/24 477/24/24
f 490/24/24 477/24/24 478/24/24
f 489/24/24 490/24/24 478/24/24
f 488/24/24 489/24/24 478/24/24
f 488/24/24 478/24/24 479/24/24
f 487/24/24 488/24/24 479/24/24
f 486/24/24 487/24/24 479/24/24
f 485/24/24 486/24/24 479/24/24
f 485/24/24 479/24/24 480/24/24
f 484/24/26 485/24/26 480/24/26
f 483/24/24 484/24/24 480/24/24
f 483/24/24 480/24/24 481/24/24
f 482/24/24 483/24/24 481/24/24
s 1
f 570/24/39 582/24/40 581/24/41 569/24/42
f 571/24/43 583/24/44 582/24/40 570/24/39
f 572/24/45 584/24/46 583/24/44 571/24/43
f 573/24/47 585/24/48 584/24/46 572/24/45
f 574/24/49 586/24/50 585/24/48 573/24/47
f 575/24/51 587/24/52 586/24/50 574/24/49
f 576/24/53 588/24/54 587/24/52 575/24/51
f 577/24/55 589/24/56 588/24/54 576/24/53
f 578/24/57 590/24/58 589/24/56 577/24/55
f 579/24/59 591/24/60 590/24/58 578/24/57
f 580/24/61 592/24/62 591/24/60 579/24/59
f 582/24/40 594/24/63 593/24/64 581/24/41
f 583/24/44 595/24/65 594/24/63 582/24/40
f 584/24/46 596/24/66 595/24/65 583/24/44
f 585/24/48 597/24/67 596/24/66 584/24/46
f 586/24/50 598/24/68 597/24/67 585/24/48
f 587/24/52 599/24/69 598/24/68 586/24/50
f 588/24/54 600/24/70 599/24/69 587/24/52
f 589/24/56 601/24/71 600/24/70 588/24/54
f 590/24/58 602/24/72 601/24/71 589/24/56
f 591/24/60 603/24/73 602/24/72 590/24/58
f 592/24/62 604/24/74 603/24/73 591/24/60
f 594/24/63 606/24/75 605/24/76 593/24/64
f 595/24/65 607/24/77 606/24/75 594/24/63
f 596/24/66 608/24/78 607/24/77 595/24/65
f 597/24/67 609/24/79 608/24/78 596/24/66
f 598/24/68 610/24/80 609/24/79 597/24/67
f 599/24/69 611/24/81 610/24/80 598/24/68
f 600/24/70 612/24/82 611/24/81 599/24/69
f 601/24/71 613/24/83 612/24/82 600/24/70
f 602/24/72 614/24/84 613/24/83 601/24/71
f 603/24/73 615/24/85 614/24/84 602/24/72
f 604/24/74 616/24/86 615/24/85 603/24/73
f 606/24/75 618/24/87 617/24/88 605/24/76
f 607/24/77 619/24/89 618/24/87 606/24/75
f 608/24/78 620/24/90 619/24/89 607/24/77
f 609/24/79 621/24/91 620/24/90 608/24/78
f 610/24/80 622/24/92 621/24/91 609/24/79
f 611/24/81 623/24/93 622/24/92 610/24/80
f 612/24/82 624/24/94 623/24/93 611/24/81
f 613/24/83 625/24/95 624/24/94 612/24/82
f 614/24/84 626/24/96 625/24/95 613/24/83
f 615/24/85 627/24/97 626/24/96 614/24/84
f 616/24/86 628/24/98 627/24/97 615/24/85
f 618/24/87 630/24/99 629/24/100 617/24/88
f 619/24/89 631/24/101 630/24/99 618/24/87
f 620/24/90 632/24/102 631/24/101 619/24/89
f 621/24/91 633/24/103 632/24/102 620/24/90
f 622/24/92 634/24/104 633/24/103 621/24/91
f 623/24/93 635/24/105 634/24/104 622/24/92
f 624/24/94 636/24/106 635/24/105 623/24/93
f 625/24/95 637/24/107 636/24/106 624/24/94
f 626/24/96 638/24/108 637/24/107 625/24/95
f 627/24/97 639/24/109 638/24/108 626/24/96
f 628/24/98 640/24/110 639/24/109 627/24/97
f 630/24/99 642/24/111 641/24/112 629/24/100
f 631/24/101 643/24/113 642/24/111 630/24/99
f 632/24/102 644/24/114 643/24/113 631/24/101
f 633/24/103 645/24/115 644/24/114 632/24/102
f 634/24/104 646/24/116 645/24/115 633/24/103
f 635/24/105 647/24/117 646/24/116 634/24/104
f 636/24/106 648/24/118 647/24/117 635/24/105
f 637/24/107 649/24/119 648/24/118 636/24/106
f 638/24/108 650/24/120 649/24/119 637/24/107
f 639/24/109 651/24/121 650/24/120 638/24/108
f 640/24/110 652/24/122 651/24/121 639/24/109
f 642/24/111 654/24/123 653/24/124 641/24/112
f 643/24/113 655/24/125 654/24/123 642/24/111
f 644/24/114 656/24/126 655/24/125 643/24/113
f 645/24/115 657/24/127 656/24/126 644/24/114
f 646/24/116 658/24/128 657/24/127 645/24/115
f 647/24/117 659/24/129 658/24/128 646/24/116
f 648/24/118 660/24/130 659/24/129 647/24/117
f 649/24/119 661/24/131 660/24/130 648/24/118
f 650/24/120 662/24/132 661/24/131 649/24/119
f 651/24/121 663/24/133 662/24/132 650/24/120
f 652/24/122 664/24/134 663/24/133 651/24/121
f 654/24/123 666/24/135 665/24/136 653/24/124
f 655/24/125 667/24/137 666/24/135 654/24/123
f 656/24/126 668/24/138 667/24/137 655/24/125
f 657/24/127 669/24/139 668/24/138 656/24/126
f 658/24/128 670/24/140 669/24/139 657/24/127
f 659/24/129 671/24/141 670/24/140 658/24/128
f 660/24/130 672/24/142 671/24/141 659/24/129
f 661/24/131 673/24/143 672/24/142 660/24/130
f 662/24/132 674/24/144 673/24/143 661/24/131
f 663/24/133 675/24/145 674/24/144 662/24/132
f 664/24/134 676/24/146 675/24/145 663/24/133
f 666/24/135 678/24/147 677/24/148 665/24/136
f 667/24/137 679/24/149 678/24/147 666/24/135
f 668/24/138 680/24/150 679/24/149 667/24/137
f 669/24/139 681/24/151 680/24/150 668/24/138
f 670/24/140 682/24/152 681/24/151 669/24/139
f 671/24/141 683/24/153 682/24/152 670/24/140
f 672/24/142 684/24/154 683/24/153 671/24/141
f 673/24/143 685/24/155 684/24/154 672/24/142
f 674/24/144 686/24/156 685/24/155 673/24/143
f 675/24/145 687/24/157 686/24/156 674/24/144
f 676/24/146 688/24/158 687/24/157 675/24/145
f 678/24/147 690/24/159 689/24/160 677/24/148
f 679/24/149 691/24/161 690/24/159 678/24/147
f 680/24/150 692/24/162 691/24/161 679/24/149
f 681/24/151 693/24/163 692/24/162 680/24/150
f 682/24/152 694/24/164 693/24/163 681/24/151
f 683/24/153 695/24/165 694/24/164 682/24/152
f 684/24/154 696/24/166 695/24/165 683/24/153
f 685/24/155 697/24/167 696/24/166 684/24/154
f 686/24/156 698/24/168 697/24/167 685/24/155
f 687/24/157 699/24/169 698/24/168 686/24/156
f 688/24/158 700/24/170 699/24/169 687/24/157
f 690/24/159 702/24/171 701/24/172 689/24/160
f 691/24/161 703/24/173 702/24/171 690/24/159
f 692/24/162 704/24/174 703/24/173 691/24/161
f 693/24/163 705/24/175 704/24/174 692/24/162
f 694/24/164 706/24/176 705/24/175 693/24/163
f 695/24/165 707/24/177 706/24/176 694/24/164
f 696/24/166 708/24/178 707/24/177 695/24/165
f 697/24/167 709/24/179 708/24/178 696/24/166
f 698/24/168 710/24/180 709/24/179 697/24/167
f 699/24/169 711/24/181 710/24/180 698/24/168
f 700/24/170 712/24/182 711/24/181 699/24/169
f 702/24/171 714/24/183 713/24/184 701/24/172
f 703/24/173 715/24/185 714/24/183 702/24/171
f 704/24/174 716/24/186 715/24/185 703/24/173
f 705/24/175 717/24/187 716/24/186 704/24/174
f 706/24/176 718/24/188 717/24/187 705/24/175
f 707/24/177 719/24/189 718/24/188 706/24/176
f 708/24/178 720/24/190 719/24/189 707/24/177
f 709/24/179 721/24/191 720/24/190 708/24/178
f 710/24/180 722/24/192 721/24/191 709/24/179
f 711/24/181 723/24/193 722/24/192 710/24/180
f 712/24/182 724/24/194 723/24/193 711/24/181
f 714/24/183 726/24/195 725/24/196 713/24/184
f 715/24/185 727/24/197 726/24/195 714/24/183
f 716/24/186 728/24/198 727/24/197 715/24/185
f 717/24/187 729/24/199 728/24/198 716/24/186
f 718/24/188 730/24/200 729/24/199 717/24/187
f 719/24/189 731/24/201 730/24/200 718/24/188
f 720/24/190 732/24/202 731/24/201 719/24/189
f 721/24/191 733/24/203 732/24/202 720/24/190
f 722/24/192 734/24/204 733/24/203 721/24/191
f 723/24/193 735/24/205 734/24/204 722/24/192
f 724/24/194 736/24/206 735/24/205 723/24/193
f 726/24/195 738/24/207 737/24/208 725/24/196
f 727/24/197 739/24/209 738/24/207 726/24/195
f 728/24/198 740/24/210 739/24/209 727/24/197
f 729/24/199 741/24/211 740/24/210 728/24/198
f 730/24/200 742/24/212 741/24/211 729/24/199
f 731/24/201 743/24/213 742/24/212 730/24/200
f 732/24/202 744/24/214 743/24/213 731/24/201
f 733/24/203 745/24/215 744/24/214 732/24/202
f 734/24/204 746/24/216 745/24/215 733/24/203
f 735/24/205 747/24/217 746/24/216 734/24/204
f 736/24/206 748/24/218 747/24/217 735/24/205
f 738/24/207 750/24/219 749/24/220 737/24/208
f 739/24/209 751/24/221 750/24/219 738/24/207
f 740/24/210 752/24/222 751/24/221 739/24/209
f 741/24/211 753/24/223 752/24/222 740/24/210
f 742/24/212 754/24/224 753/24/223 741/24/211
f 743/24/213 755/24/225 754/24/224 742/24/212
f 744/24/214 756/24/226 755/24/225 743/24/213
f 745/24/215 757/24/227 756/24/226 744/24/214
f 746/24/216 758/24/228 757/24/227 745/24/215
f 747/24/217 759/24/229 758/24/228 746/24/216
f 748/24/218 760/24/230 759/24/229 747/24/217
f 750/24/219 762/24/231 761/24/232 749/24/220
f 751/24/221 763/24/233 762/24/231 750/24/219
f 752/24/222 764/24/234 763/24/233 751/24/221
f 753/24/223 765/24/235 764/24/234 752/24/222
f 754/24/224 766/24/236 765/24/235 753/24/223
f 755/24/225 767/24/237 766/24/236 754/24/224
f 756/24/226 768/24/238 767/24/237 755/24/225
f 757/24/227 769/24/239 768/24/238 756/24/226
f 758/24/228 770/24/240 769/24/239 757/24/227
f 759/24/229 771/24/241 770/24/240 758/24/228
f 760/24/230 772/24/242 771/24/241 759/24/229
f 762/24/231 774/24/243 773/24/244 761/24/232
f 763/24/233 775/24/245 774/24/243 762/24/231
f 764/24/234 776/24/246 775/24/245 763/24/233
f 765/24/235 777/24/247 776/24/246 764/24/234
f 766/24/236 778/24/248 777/24/247 765/24/235
f 767/24/237 779/24/249 778/24/248 766/24/236
f 768/24/238 780/24/250 779/24/249 767/24/237
f 769/24/239 781/24/251 780/24/250 768/24/238
f 770/24/240 782/24/252 781/24/251 769/24/239
f 771/24/241 783/24/253 782/24/252 770/24/240
f 772/24/242 784/24/254 783/24/253 771/24/241
f 774/24/243 786/24/255 785/24/256 773/24/244
f 775/24/245 787/24/257 786/24/255 774/24/243
f 776/24/246 788/24/258 787/24/257 775/24/245
f 777/24/247 789/24/259 788/24/258 776/24/246
f 778/24/248 790/24/260 789/24/259 777/24/247
f 779/24/249 791/24/261 790/24/260 778/24/248
f 780/24/250 792/24/262 791/24/261 779/24/249
f 781/24/251 793/24/263 792/24/262 780/24/250
f 782/24/252 794/24/264 793/24/263 781/24/251
f 783/24/253 795/24/265 794/24/264 782/24/252
f 784/24/254 796/24/266 795/24/265 783/24/253
f 786/24/255 798/24/267 797/24/268 785/24/256
f 787/24/257 799/24/269 798/24/267 786/24/255
f 788/24/258 800/24/270 799/24/269 787/24/257
f 789/24/259 801/24/271 800/24/270 788/24/258
f 790/24/260 802/24/272 801/24/271 789/24/259
f 791/24/261 803/24/273 802/24/272 790/24/260
f 792/24/262 804/24/274 803/24/273 791/24/261
f 793/24/263 805/24/275 804/24/274 792/24/262
f 794/24/264 806/24/276 805/24/275 793/24/263
f 795/24/265 807/24/277 806/24/276 794/24/264
f 796/24/266 808/24/278 807/24/277 795/24/265
f 798/24/267 810/24/279 809/24/280 797/24/268
f 799/24/269 811/24/281 810/24/279 798/24/267
f 800/24/270 812/24/282 811/24/281 799/24/269
f 801/24/271 813/24/283 812/24/282 800/24/270
f 802/24/272 814/24/284 813/24/283 801/24/271
f 803/24/273 815/24/285 814/24/284 802/24/272
f 804/24/274 816/24/286 815/24/285 803/24/273
f 805/24/275 817/24/287 816/24/286 804/24/274
f 806/24/276 818/24/288 817/24/287 805/24/275
f 807/24/277 819/24/289 818/24/288 806/24/276
f 808/24/278 820/24/290 819/24/289 807/24/277
f 810/24/279 822/24/291 821/24/292 809/24/280
f 811/24/281 823/24/293 822/24/291 810/24/279
f 812/24/282 824/24/294 823/24/293 811/24/281
f 813/24/283 825/24/295 824/24/294 812/24/282
f 814/24/284 826/24/296 825/24/295 813/24/283
f 815/24/285 827/24/297 826/24/296 814/24/284
f 816/24/286 828/24/298 827/24/297 815/24/285
f 817/24/287 829/24/299 828/24/298 816/24/286
f 818/24/288 830/24/300 829/24/299 817/24/287
f 819/24/289 831/24/301 830/24/300 818/24/288
f 820/24/290 832/24/302 831/24/301 819/24/289
f 822/24/291 834/24/303 833/24/304 821/24/292
f 823/24/293 835/24/305 834/24/303 822/24/291
f 824/24/294 836/24/306 835/24/305 823/24/293
f 825/24/295 837/24/307 836/24/306 824/24/294
f 826/24/296 838/24/308 837/24/307 825/24/295
f 827/24/297 839/24/309 838/24/308 826/24/296
f 828/24/298 840/24/310 839/24/309 827/24/297
f 829/24/299 841/24/311 840/24/310 828/24/298
f 830/24/300 842/24/312 841/24/311 829/24/299
f 831/24/301 843/24/313 842/24/312 830/24/300
f 832/24/302 844/24/314 843/24/313 831/24/301
f 834/24/303 846/24/315 845/24/316 833/24/304
f 835/24/305 847/24/317 846/24/315 834/24/303
f 836/24/306 848/24/318 847/24/317 835/24/305
f 837/24/307 849/24/319 848/24/318 836/24/306
f 838/24/308 850/24/320 849/24/319 837/24/307
f 839/24/309 851/24/321 850/24/320 838/24/308
f 840/24/310 852/24/322 851/24/321 839/24/309
f 841/24/311 853/24/323 852/24/322 840/24/310
f 842/24/312 854/24/324 853/24/323 841/24/311
f 843/24/313 855/24/325 854/24/324 842/24/312
f 844/24/314 856/24/326 855/24/325 843/24/313
f 846/24/315 858/24/327 857/24/328 845/24/316
f 847/24/317 859/24/329 858/24/327 846/24/315
f 848/24/318 860/24/330 859/24/329 847/24/317
f 849/24/319 861/24/331 860/24/330 848/24/318
f 850/24/320 862/24/332 861/24/331 849/24/319
f 851/24/321 863/24/333 862/24/332 850/24/320
f 852/24/322 864/24/334 863/24/333 851/24/321
f 853/24/323 865/24/335 864/24/334 852/24/322
f 854/24/324 866/24/336 865/24/335 853/24/323
f 855/24/325 867/24/337 866/24/336 854/24/324
f 856/24/326 868/24/338 867/24/337 855/24/325
f 858/24/327 870/24/339 869/24/340 857/24/328
f 859/24/329 871/24/341 870/24/339 858/24/327
f 860/24/330 872/24/342 871/24/341 859/24/329
f 861/24/331 873/24/343 872/24/342 860/24/330
f 862/24/332 874/24/344 873/24/343 861/24/331
f 863/24/333 875/24/345 874/24/344 862/24/332
f 864/24/334 876/24/346 875/24/345 863/24/333
f 865/24/335 877/24/347 876/24/346 864/24/334
f 866/24/336 878/24/348 877/24/347 865/24/335
f 867/24/337 879/24/349 878/24/348 866/24/336
f 868/24/338 880/24/350 879/24/349 867/24/337
f 870/24/339 882/24/351 881/24/352 869/24/340
f 871/24/341 883/24/353 882/24/351 870/24/339
f 872/24/342 884/24/354 883/24/353 871/24/341
f 873/24/343 885/24/355 884/24/354 872/24/342
f 874/24/344 886/24/356 885/24/355 873/24/343
f 875/24/345 887/24/357 886/24/356 874/24/344
f 876/24/346 888/24/358 887/24/357 875/24/345
f 877/24/347 889/24/359 888/24/358 876/24/346
f 878/24/348 890/24/360 889/24/359 877/24/347
f 879/24/349 891/24/361 890/24/360 878/24/348
f 880/24/350 892/24/362 891/24/361 879/24/349
f 882/24/351 894/24/363 893/24/364 881/24/352
f 883/24/353 895/24/365 894/24/363 882/24/351
f 884/24/354 896/24/366 895/24/365 883/24/353
f 885/24/355 897/24/367 896/24/366 884/24/354
f 886/24/356 898/24/368 897/24/367 885/24/355
f 887/24/357 899/24/369 898/24/368 886/24/356
f 888/24/358 900/24/370 899/24/369 887/24/357
f 889/24/359 901/24/371 900/24/370 888/24/358
f 890/24/360 902/24/372 901/24/371 889/24/359
f 891/24/361 903/24/373 902/24/372 890/24/360
f 892/24/362 904/24/374 903/24/373 891/24/361
f 894/24/363 906/24/375 905/24/376 893/24/364
f 895/24/365 907/24/377 906/24/375 894/24/363
f 896/24/366 908/24/378 907/24/377 895/24/365
f 897/24/367 909/24/379 908/24/378 896/24/366
f 898/24/368 910/24/380 909/24/379 897/24/367
f 899/24/369 911/24/381 910/24/380 898/24/368
f 900/24/370 912/24/382 911/24/381 899/24/369
f 901/24/371 913/24/383 912/24/382 900/24/370
f 902/24/372 914/24/384 913/24/383 901/24/371
f 903/24/373 915/24/385 914/24/384 902/24/372
f 904/24/374 916/24/386 915/24/385 903/24/373
f 906/24/375 918/24/387 917/24/388 905/24/376
f 907/24/377 919/24/389 918/24/387 906/24/375
f 908/24/378 920/24/390 919/24/389 907/24/377
f 909/24/379 921/24/391 920/24/390 908/24/378
f 910/24/380 922/24/392 921/24/391 909/24/379
f 911/24/381 923/24/393 922/24/392 910/24/380
f 912/24/382 924/24/394 923/24/393 911/24/381
f 913/24/383 925/24/395 924/24/394 912/24/382
f 914/24/384 926/24/396 925/24/395 913/24/383
f 915/24/385 927/24/397 926/24/396 914/24/384
f 916/24/386 928/24/398 927/24/397 915/24/385
f 918/24/387 930/24/399 929/24/400 917/24/388
f 919/24/389 931/24/401 930/24/399 918/24/387
f 920/24/390 932/24/402 931/24/401 919/24/389
f 921/24/391 933/24/403 932/24/402 920/24/390
f 922/24/392 934/24/404 933/24/403 921/24/391
f 923/24/393 935/24/405 934/24/404 922/24/392
f 924/24/394 936/24/406 935/24/405 923/24/393
f 925/24/395 937/24/407 936/24/406 924/24/394
f 926/24/396 938/24/408 937/24/407 925/24/395
f 927/24/397 939/24/409 938/24/408 926/24/396
f 928/24/398 940/24/410 939/24/409 927/24/397
f 930/24/399 942/24/411 941/24/412 929/24/400
f 931/24/401 943/24/413 942/24/411 930/24/399
f 932/24/402 944/24/414 943/24/413 931/24/401
f 933/24/403 945/24/415 944/24/414 932/24/402
f 934/24/404 946/24/416 945/24/415 933/24/403
f 935/24/405 947/24/417 946/24/416 934/24/404
f 936/24/406 948/24/418 947/24/417 935/24/405
f 937/24/407 949/24/419 948/24/418 936/24/406
f 938/24/408 950/24/420 949/24/419 937/24/407
f 939/24/409 951/24/421 950/24/420 938/24/408
f 940/24/410 952/24/422 951/24/421 939/24/409
f 942/24/411 954/24/423 953/24/424 941/24/412
f 943/24/413 955/24/425 954/24/423 942/24/411
f 944/24/414 956/24/426 955/24/425 943/24/413
f 945/24/415 957/24/427 956/24/426 944/24/414
f 946/24/416 958/24/428 957/24/427 945/24/415
f 947/24/417 959/24/429 958/24/428 946/24/416
f 948/24/418 960/24/430 959/24/429 947/24/417
f 949/24/419 961/24/431 960/24/430 948/24/418
f 950/24/420 962/24/432 961/24/431 949/24/419
f 951/24/421 963/24/433 962/24/432 950/24/420
f 952/24/422 964/24/434 963/24/433 951/24/421
f 954/24/423 966/24/435 965/24/436 953/24/424
f 955/24/425 967/24/437 966/24/435 954/24/423
f 956/24/426 968/24/438 967/24/437 955/24/425
f 957/24/427 969/24/439 968/24/438 956/24/426
f 958/24/428 970/24/440 969/24/439 957/24/427
f 959/24/429 971/24/441 970/24/440 958/24/428
f 960/24/430 972/24/442 971/24/441 959/24/429
f 961/24/431 973/24/443 972/24/442 960/24/430
f 962/24/432 974/24/444 973/24/443 961/24/431
f 963/24/433 975/24/445 974/24/444 962/24/432
f 964/24/434 976/24/446 975/24/445 963/24/433
f 966/24/435 978/24/447 977/24/448 965/24/436
f 967/24/437 979/24/449 978/24/447 966/24/435
f 968/24/438 980/24/450 979/24/449 967/24/437
f 969/24/439 981/24/451 980/24/450 968/24/438
f 970/24/440 982/24/452 981/24/451 969/24/439
f 971/24/441 983/24/453 982/24/452 970/24/440
f 972/24/442 984/24/454 983/24/453 971/24/441
f 973/24/443 985/24/455 984/24/454 972/24/442
f 974/24/444 986/24/456 985/24/455 973/24/443
f 975/24/445 987/24/457 986/24/456 974/24/444
f 976/24/446 988/24/458 987/24/457 975/24/445
f 978/24/447 990/24/459 989/24/460 977/24/448
f 979/24/449 991/24/461 990/24/459 978/24/447
f 980/24/450 992/24/462 991/24/461 979/24/449
f 981/24/451 993/24/463 992/24/462 980/24/450
f 982/24/452 994/24/464 993/24/463 981/24/451
f 983/24/453 995/24/465 994/24/464 982/24/452
f 984/24/454 996/24/466 995/24/465 983/24/453
f 985/24/455 997/24/467 996/24/466 984/24/454
f 986/24/456 998/24/468 997/24/467 985/24/455
f 987/24/457 999/24/469 998/24/468 986/24/456
f 988/24/458 1000/24/470 999/24/469 987/24/457
f 990/24/459 1002/24/471 1001/24/472 989/24/460
f 991/24/461 1003/24/473 1002/24/471 990/24/459
f 992/24/462 1004/24/474 1003/24/473 991/24/461
f 993/24/463 1005/24/475 1004/24/474 992/24/462
f 994/24/464 1006/24/476 1005/24/475 993/24/463
f 995/24/465 1007/24/477 1006/24/476 994/24/464
f 996/24/466 1008/24/478 1007/24/477 995/24/465
f 997/24/467 1009/24/479 1008/24/478 996/24/466
f 998/24/468 1010/24/480 1009/24/479 997/24/467
f 999/24/469 1011/24/481 1010/24/480 998/24/468
f 1000/24/470 1012/24/482 1011/24/481 999/24/469
f 1002/24/471 1014/24/483 1013/24/484 1001/24/472
f 1003/24/473 1015/24/485 1014/24/483 1002/24/471
f 1004/24/474 1016/24/486 1015/24/485 1003/24/473
f 1005/24/475 1017/24/487 1016/24/486 1004/24/474
f 1006/24/476 1018/24/488 1017/24/487 1005/24/475
f 1007/24/477 1019/24/489 1018/24/488 1006/24/476
f 1008/24/478 1020/24/490 1019/24/489 1007/24/477
f 1009/24/479 1021/24/491 1020/24/490 1008/24/478
f 1010/24/480 1022/24/492 1021/24/491 1009/24/479
f 1011/24/481 1023/24/493 1022/24/492 1010/24/480
f 1012/24/482 1024/24/494 1023/24/493 1011/24/481
f 1014/24/483 1026/24/495 1025/24/496 1013/24/484
f 1015/24/485 1027/24/497 1026/24/495 1014/24/483
f 1016/24/486 1028/24/498 1027/24/497 1015/24/485
f 1017/24/487 1029/24/499 1028/24/498 1016/24/486
f 1018/24/488 1030/24/500 1029/24/499 1017/24/487
f 1019/24/489 1031/24/501 1030/24/500 1018/24/488
f 1020/24/490 1032/24/502 1031/24/501 1019/24/489
f 1021/24/491 1033/24/503 1032/24/502 1020/24/490
f 1022/24/492 1034/24/504 1033/24/503 1021/24/491
f 1023/24/493 1035/24/505 1034/24/504 1022/24/492
f 1024/24/494 1036/24/506 1035/24/505 1023/24/493
f 1026/24/495 1038/24/507 1037/24/508 1025/24/496
f 1027/24/497 1039/24/509 1038/24/507 1026/24/495
f 1028/24/498 1040/24/510 1039/24/509 1027/24/497
f 1029/24/499 1041/24/511 1040/24/510 1028/24/498
f 1030/24/500 1042/24/512 1041/24/511 1029/24/499
f 1031/24/501 1043/24/513 1042/24/512 1030/24/500
f 1032/24/502 1044/24/514 1043/24/513 1031/24/501
f 1033/24/503 1045/24/515 1044/24/514 1032/24/502
f 1034/24/504 1046/24/516 1045/24/515 1033/24/503
f 1035/24/505 1047/24/517 1046/24/516 1034/24/504
f 1036/24/506 1048/24/518 1047/24/517 1035/24/505
f 1038/24/507 1050/24/519 1049/24/520 1037/24/508
f 1039/24/509 1051/24/521 1050/24/519 1038/24/507
f 1040/24/510 1052/24/522 1051/24/521 1039/24/509
f 1041/24/511 1053/24/523 1052/24/522 1040/24/510
f 1042/24/512 1054/24/524 1053/24/523 1041/24/511
f 1043/24/513 1055/24/525 1054/24/524 1042/24/512
f 1044/24/514 1056/24/526 1055/24/525 1043/24/513
f 1045/24/515 1057/24/527 1056/24/526 1044/24/514
f 1046/24/516 1058/24/528 1057/24/527 1045/24/515
f 1047/24/517 1059/24/529 1058/24/528 1046/24/516
f 1048/24/518 1060/24/530 1059/24/529 1047/24/517
f 1050/24/519 1062/24/531 1061/24/532 1049/24/520
f 1051/24/521 1063/24/533 1062/24/531 1050/24/519
f 1052/24/522 1064/24/534 1063/24/533 1051/24/521
f 1053/24/523 1065/24/535 1064/24/534 1052/24/522
f 1054/24/524 1066/24/536 1065/24/535 1053/24/523
f 1055/24/525 1067/24/537 1066/24/536 1054/24/524
f 1056/24/526 1068/24/538 1067/24/537 1055/24/525
f 1057/24/527 1069/24/539 1068/24/538 1056/24/526
f 1058/24/528 1070/24/540 1069/24/539 1057/24/527
f 1059/24/529 1071/24/541 1070/24/540 1058/24/528
f 1060/24/530 1072/24/542 1071/24/541 1059/24/529
f 1062/24/531 1074/24/543 1073/24/544 1061/24/532
f 1063/24/533 1075/24/545 1074/24/543 1062/24/531
f 1064/24/534 1076/24/546 1075/24/545 1063/24/533
f 1065/24/535 1077/24/547 1076/24/546 1064/24/534
f 1066/24/536 1078/24/548 1077/24/547 1065/24/535
f 1067/24/537 1079/24/549 1078/24/548 1066/24/536
f 1068/24/538 1080/24/550 1079/24/549 1067/24/537
f 1069/24/539 1081/24/551 1080/24/550 1068/24/538
f 1070/24/540 1082/24/552 1081/24/551 1069/24/539
f 1071/24/541 1083/24/553 1082/24/552 1070/24/540
f 1072/24/542 1084/24/554 1083/24/553 1071/24/541
f 1074/24/543 1086/24/555 1085/24/556 1073/24/544
f 1075/24/545 1087/24/557 1086/24/555 1074/24/543
f 1076/24/546 1088/24/558 1087/24/557 1075/24/545
f 1077/24/547 1089/24/559 1088/24/558 1076/24/546
f 1078/24/548 1090/24/560 1089/24/559 1077/24/547
f 1079/24/549 1091/24/561 1090/24/560 1078/24/548
f 1080/24/550 1092/24/562 1091/24/561 1079/24/549
f 1081/24/551 1093/24/563 1092/24/562 1080/24/550
f 1082/24/552 1094/24/564 1093/24/563 1081/24/551
f 1083/24/553 1095/24/565 1094/24/564 1082/24/552
f 1084/24/554 1096/24/566 1095/24/565 1083/24/553
f 1086/24/555 1098/24/567 1097/24/568 1085/24/556
f 1087/24/557 1099/24/569 1098/24/567 1086/24/555
f 1088/24/558 1100/24/570 1099/24/569 1087/24/557
f 1089/24/559 1101/24/571 1100/24/570 1088/24/558
f 1090/24/560 1102/24/572 1101/24/571 1089/24/559
f 1091/24/561 1103/24/573 1102/24/572 1090/24/560
f 1092/24/562 1104/24/574 1103/24/573 1091/24/561
f 1093/24/563 1105/24/575 1104/24/574 1092/24/562
f 1094/24/564 1106/24/576 1105/24/575 1093/24/563
f 1095/24/565 1107/24/577 1106/24/576 1094/24/564
f 1096/24/566 1108/24/578 1107/24/577 1095/24/565
f 1098/24/567 1110/24/579 1109/24/580 1097/24/568
f 1099/24/569 1111/24/581 1110/24/579 1098/24/567
f 1100/24/570 1112/24/582 1111/24/581 1099/24/569
f 1101/24/571 1113/24/583 1112/24/582 1100/24/570
f 1102/24/572 1114/24/584 1113/24/583 1101/24/571
f 1103/24/573 1115/24/585 1114/24/584 1102/24/572
f 1104/24/574 1116/24/586 1115/24/585 1103/24/573
f 1105/24/575 1117/24/587 1116/24/586 1104/24/574
f 1106/24/576 1118/24/588 1117/24/587 1105/24/575
f 1107/24/577 1119/24/589 1118/24/588 1106/24/576
f 1108/24/578 1120/24/590 1119/24/589 1107/24/577
f 1110/24/579 1122/24/591 1121/24/592 1109/24/580
f 1111/24/581 1123/24/593 1122/24/591 1110/24/579
f 1112/24/582 1124/24/594 1123/24/593 1111/24/581
f 1113/24/583 1125/24/595 1124/24/594 1112/24/582
f 1114/24/584 1126/24/596 1125/24/595 1113/24/583
f 1115/24/585 1127/24/597 1126/24/596 1114/24/584
f 1116/24/586 1128/24/598 1127/24/597 1115/24/585
f 1117/24/587 1129/24/599 1128/24/598 1116/24/586
f 1118/24/588 1130/24/600 1129/24/599 1117/24/587
f 1119/24/589 1131/24/601 1130/24/600 1118/24/588
f 1120/24/590 1132/24/602 1131/24/601 1119/24/589
f 1122/24/591 1134/24/603 1133/24/604 1121/24/592
f 1123/24/593 1135/24/605 1134/24/603 1122/24/591
f 1124/24/594 1136/24/606 1135/24/605 1123/24/593
f 1125/24/595 1137/24/607 1136/24/606 1124/24/594
f 1126/24/596 1138/24/608 1137/24/607 1125/24/595
f 1127/24/597 1139/24/609 1138/24/608 1126/24/596
f 1128/24/598 1140/24/610 1139/24/609 1127/24/597
f 1129/24/599 1141/24/611 1140/24/610 1128/24/598
f 1130/24/600 1142/24/612 1141/24/611 1129/24/599
f 1131/24/601 1143/24/613 1142/24/612 1130/24/600
f 1132/24/602 1144/24/614 1143/24/613 1131/24/601
f 1134/24/603 1146/24/615 1145/24/616 1133/24/604
f 1135/24/605 1147/24/617 1146/24/615 1134/24/603
f 1136/24/606 1148/24/618 1147/24/617 1135/24/605
f 1137/24/607 1149/24/619 1148/24/618 1136/24/606
f 1138/24/608 1150/24/620 1149/24/619 1137/24/607
f 1139/24/609 1151/24/621 1150/24/620 1138/24/608
f 1140/24/610 1152/24/622 1151/24/621 1139/24/609
f 1141/24/611 1153/24/623 1152/24/622 1140/24/610
f 1142/24/612 1154/24/624 1153/24/623 1141/24/611
f 1143/24/613 1155/24/625 1154/24/624 1142/24/612
f 1144/24/614 1156/24/626 1155/24/625 1143/24/613
f 1146/24/615 1158/24/627 1157/24/628 1145/24/616
f 1147/24/617 1159/24/629 1158/24/627 1146/24/615
f 1148/24/618 1160/24/630 1159/24/629 1147/24/617
f 1149/24/619 1161/24/631 1160/24/630 1148/24/618
f 1150/24/620 1162/24/632 1161/24/631 1149/24/619
f 1151/24/621 1163/24/633 1162/24/632 1150/24/620
f 1152/24/622 1164/24/634 1163/24/633 1151/24/621
f 1153/24/623 1165/24/635 1164/24/634 1152/24/622
f 1154/24/624 1166/24/636 1165/24/635 1153/24/623
f 1155/24/625 1167/24/637 1166/24/636 1154/24/624
f 1156/24/626 1168/24/638 1167/24/637 1155/24/625
f 1158/24/627 1170/24/639 1169/24/640 1157/24/628
f 1159/24/629 1171/24/641 1170/24/639 1158/24/627
f 1160/24/630 1172/24/642 1171/24/641 1159/24/629
f 1161/24/631 1173/24/643 1172/24/642 1160/24/630
f 1162/24/632 1174/24/644 1173/24/643 1161/24/631
f 1163/24/633 1175/24/645 1174/24/644 1162/24/632
f 1164/24/634 1176/24/646 1175/24/645 1163/24/633
f 1165/24/635 1177/24/647 1176/24/646 1164/24/634
f 1166/24/636 1178/24/648 1177/24/647 1165/24/635
f 1167/24/637 1179/24/649 1178/24/648 1166/24/636
f 1168/24/638 1180/24/650 1179/24/649 1167/24/637
f 1170/24/639 1182/24/651 1181/24/652 1169/24/640
f 1171/24/641 1183/24/653 1182/24/651 1170/24/639
f 1172/24/642 1184/24/654 1183/24/653 1171/24/641
f 1173/24/643 1185/24/655 1184/24/654 1172/24/642
f 1174/24/644 1186/24/656 1185/24/655 1173/24/643
f 1175/24/645 1187/24/657 1186/24/656 1174/24/644
f 1176/24/646 1188/24/658 1187/24/657 1175/24/645
f 1177/24/647 1189/24/659 1188/24/658 1176/24/646
f 1178/24/648 1190/24/660 1189/24/659 1177/24/647
f 1179/24/649 1191/24/661 1190/24/660 1178/24/648
f 1180/24/650 1192/24/662 1191/24/661 1179/24/649
f 1182/24/651 1194/24/663 1193/24/664 1181/24/652
f 1183/24/653 1195/24/665 1194/24/663 1182/24/651
f 1184/24/654 1196/24/666 1195/24/665 1183/24/653
f 1185/24/655 1197/24/667 1196/24/666 1184/24/654
f 1186/24/656 1198/24/668 1197/24/667 1185/24/655
f 1187/24/657 1199/24/669 1198/24/668 1186/24/656
f 1188/24/658 1200/24/670 1199/24/669 1187/24/657
f 1189/24/659 1201/24/671 1200/24/670 1188/24/658
f 1190/24/660 1202/24/672 1201/24/671 1189/24/659
f 1191/24/661 1203/24/673 1202/24/672 1190/24/660
f 1192/24/662 1204/24/674 1203/24/673 1191/24/661
f 1194/24/663 1206/24/675 1205/24/676 1193/24/664
f 1195/24/665 1207/24/677 1206/24/675 1194/24/663
f 1196/24/666 1208/24/678 1207/24/677 1195/24/665
f 1197/24/667 1209/24/679 1208/24/678 1196/24/666
f 1198/24/668 1210/24/680 1209/24/679 1197/24/667
f 1199/24/669 1211/24/681 1210/24/680 1198/24/668
f 1200/24/670 1212/24/682 1211/24/681 1199/24/669
f 1201/24/671 1213/24/683 1212/24/682 1200/24/670
f 1202/24/672 1214/24/684 1213/24/683 1201/24/671
f 1203/24/673 1215/24/685 1214/24/684 1202/24/672
f 1204/24/674 1216/24/686 1215/24/685 1203/24/673
f 1206/24/675 1218/24/687 1217/24/688 1205/24/676
f 1207/24/677 1219/24/689 1218/24/687 1206/24/675
f 1208/24/678 1220/24/690 1219/24/689 1207/24/677
f 1209/24/679 1221/24/691 1220/24/690 1208/24/678
f 1210/24/680 1222/24/692 1221/24/691 1209/24/679
f 1211/24/681 1223/24/693 1222/24/692 1210/24/680
f 1212/24/682 1224/24/694 1223/24/693 1211/24/681
f 1213/24/683 1225/24/695 1224/24/694 1212/24/682
f 1214/24/684 1226/24/696 1225/24/695 1213/24/683
f 1215/24/685 1227/24/697 1226/24/696 1214/24/684
f 1216/24/686 1228/24/698 1227/24/697 1215/24/685
f 1218/24/687 1230/24/699 1229/24/700 1217/24/688
f 1219/24/689 1231/24/701 1230/24/699 1218/24/687
f 1220/24/690 1232/24/702 1231/24/701 1219/24/689
f 1221/24/691 1233/24/703 1232/24/702 1220/24/690
f 1222/24/692 1234/24/704 1233/24/703 1221/24/691
f 1223/24/693 1235/24/705 1234/24/704 1222/24/692
f 1224/24/694 1236/24/706 1235/24/705 1223/24/693
f 1225/24/695 1237/24/707 1236/24/706 1224/24/694
f 1226/24/696 1238/24/708 1237/24/707 1225/24/695
f 1227/24/697 1239/24/709 1238/24/708 1226/24/696
f 1228/24/698 1240/24/710 1239/24/709 1227/24/697
f 1230/24/699 1242/24/711 1241/24/712 1229/24/700
f 1231/24/701 1243/24/713 1242/24/711 1230/24/699
f 1232/24/702 1244/24/714 1243/24/713 1231/24/701
f 1233/24/703 1245/24/715 1244/24/714 1232/24/702
f 1234/24/704 1246/24/716 1245/24/715 1233/24/703
f 1235/24/705 1247/24/717 1246/24/716 1234/24/704
f 1236/24/706 1248/24/718 1247/24/717 1235/24/705
f 1237/24/707 1249/24/719 1248/24/718 1236/24/706
f 1238/24/708 1250/24/720 1249/24/719 1237/24/707
f 1239/24/709 1251/24/721 1250/24/720 1238/24/708
f 1240/24/710 1252/24/722 1251/24/721 1239/24/709
f 1242/24/711 1254/24/723 1253/24/724 1241/24/712
f 1243/24/713 1255/24/725 1254/24/723 1242/24/711
f 1244/24/714 1256/24/726 1255/24/725 1243/24/713
f 1245/24/715 1257/24/727 1256/24/726 1244/24/714
f 1246/24/716 1258/24/728 1257/24/727 1245/24/715
f 1247/24/717 1259/24/729 1258/24/728 1246/24/716
f 1248/24/718 1260/24/730 1259/24/729 1247/24/717
f 1249/24/719 1261/24/731 1260/24/730 1248/24/718
f 1250/24/720 1262/24/732 1261/24/731 1249/24/719
f 1251/24/721 1263/24/733 1262/24/732 1250/24/720
f 1252/24/722 1264/24/734 1263/24/733 1251/24/721
f 1254/24/723 1266/24/735 1265/24/736 1253/24/724
f 1255/24/725 1267/24/737 1266/24/735 1254/24/723
f 1256/24/726 1268/24/738 1267/24/737 1255/24/725
f 1257/24/727 1269/24/739 1268/24/738 1256/24/726
f 1258/24/728 1270/24/740 1269/24/739 1257/24/727
f 1259/24/729 1271/24/741 1270/24/740 1258/24/728
f 1260/24/730 1272/24/742 1271/24/741 1259/24/729
f 1261/24/731 1273/24/743 1272/24/742 1260/24/730
f 1262/24/732 1274/24/744 1273/24/743 1261/24/731
f 1263/24/733 1275/24/745 1274/24/744 1262/24/732
f 1264/24/734 1276/24/746 1275/24/745 1263/24/733
f 1266/24/735 1278/24/747 1277/24/748 1265/24/736
f 1267/24/737 1279/24/749 1278/24/747 1266/24/735
f 1268/24/738 1280/24/750 1279/24/749 1267/24/737
f 1269/24/739 1281/24/751 1280/24/750 1268/24/738
f 1270/24/740 1282/24/752 1281/24/751 1269/24/739
f 1271/24/741 1283/24/753 1282/24/752 1270/24/740
f 1272/24/742 1284/24/754 1283/24/753 1271/24/741
f 1273/24/743 1285/24/755 1284/24/754 1272/24/742
f 1274/24/744 1286/24/756 1285/24/755 1273/24/743
f 1275/24/745 1287/24/757 1286/24/756 1274/24/744
f 1276/24/746 1288/24/758 1287/24/757 1275/24/745
f 1278/24/747 1290/24/759 1289/24/760 1277/24/748
f 1279/24/749 1291/24/761 1290/24/759 1278/24/747
f 1280/24/750 1292/24/762 1291/24/761 1279/24/749
f 1281/24/751 1293/24/763 1292/24/762 1280/24/750
f 1282/24/752 1294/24/764 1293/24/763 1281/24/751
f 1283/24/753 1295/24/765 1294/24/764 1282/24/752
f 1284/24/754 1296/24/766 1295/24/765 1283/24/753
f 1285/24/755 1297/24/767 1296/24/766 1284/24/754
f 1286/24/756 1298/24/768 1297/24/767 1285/24/755
f 1287/24/757 1299/24/769 1298/24/768 1286/24/756
f 1288/24/758 1300/24/770 1299/24/769 1287/24/757
f 1290/24/759 1302/24/771 1301/24/772 1289/24/760
f 1291/24/761 1303/24/773 1302/24/771 1290/24/759
f 1292/24/762 1304/24/774 1303/24/773 1291/24/761
f 1293/24/763 1305/24/775 1304/24/774 1292/24/762
f 1294/24/764 1306/24/776 1305/24/775 1293/24/763
f 1295/24/765 1307/24/777 1306/24/776 1294/24/764
f 1296/24/766 1308/24/778 1307/24/777 1295/24/765
f 1297/24/767 1309/24/779 1308/24/778 1296/24/766
f 1298/24/768 1310/24/780 1309/24/779 1297/24/767
f 1299/24/769 1311/24/781 1310/24/780 1298/24/768
f 1300/24/770 1312/24/782 1311/24/781 1299/24/769
f 1302/24/771 1314/24/783 1313/24/784 1301/24/772
f 1303/24/773 1315/24/785 1314/24/783 1302/24/771
f 1304/24/774 1316/24/786 1315/24/785 1303/24/773
f 1305/24/775 1317/24/787 1316/24/786 1304/24/774
f 1306/24/776 1318/24/788 1317/24/787 1305/24/775
f 1307/24/777 1319/24/789 1318/24/788 1306/24/776
f 1308/24/778 1320/24/790 1319/24/789 1307/24/777
f 1309/24/779 1321/24/791 1320/24/790 1308/24/778
f 1310/24/780 1322/24/792 1321/24/791 1309/24/779
f 1311/24/781 1323/24/793 1322/24/792 1310/24/780
f 1312/24/782 1324/24/794 1323/24/793 1311/24/781
f 1314/24/783 1326/24/795 1325/24/796 1313/24/784
f 1315/24/785 1327/24/797 1326/24/795 1314/24/783
f 1316/24/786 1328/24/798 1327/24/797 1315/24/785
f 1317/24/787 1329/24/799 1328/24/798 1316/24/786
f 1318/24/788 1330/24/800 1329/24/799 1317/24/787
f 1319/24/789 1331/24/801 1330/24/800 1318/24/788
f 1320/24/790 1332/24/802 1331/24/801 1319/24/789
f 1321/24/791 1333/24/803 1332/24/802 1320/24/790
f 1322/24/792 1334/24/804 1333/24/803 1321/24/791
f 1323/24/793 1335/24/805 1334/24/804 1322/24/792
f 1324/24/794 1336/24/806 1335/24/805 1323/24/793
f 1326/24/795 1338/24/807 1337/24/808 1325/24/796
f 1327/24/797 1339/24/809 1338/24/807 1326/24/795
f 1328/24/798 1340/24/810 1339/24/809 1327/24/797
f 1329/24/799 1341/24/811 1340/24/810 1328/24/798
f 1330/24/800 1342/24/812 1341/24/811 1329/24/799
f 1331/24/801 1343/24/813 1342/24/812 1330/24/800
f 1332/24/802 1344/24/814 1343/24/813 1331/24/801
f 1333/24/803 1345/24/815 1344/24/814 1332/24/802
f 1334/24/804 1346/24/816 1345/24/815 1333/24/803
f 1335/24/805 1347/24/817 1346/24/816 1334/24/804
f 1336/24/806 1348/24/818 1347/24/817 1335/24/805
f 1338/24/807 1350/24/819 1349/24/820 1337/24/808
f 1339/24/809 1351/24/821 1350/24/819 1338/24/807
f 1340/24/810 1352/24/822 1351/24/821 1339/24/809
f 1341/24/811 1353/24/823 1352/24/822 1340/24/810
f 1342/24/812 1354/24/824 1353/24/823 1341/24/811
f 1343/24/813 1355/24/825 1354/24/824 1342/24/812
f 1344/24/814 1356/24/826 1355/24/825 1343/24/813
f 1345/24/815 1357/24/827 1356/24/826 1344/24/814
f 1346/24/816 1358/24/828 1357/24/827 1345/24/815
f 1347/24/817 1359/24/829 1358/24/828 1346/24/816
f 1348/24/818 1360/24/830 1359/24/829 1347/24/817
f 1350/24/819 1362/24/831 1361/24/832 1349/24/820
f 1351/24/821 1363/24/833 1362/24/831 1350/24/819
f 1352/24/822 1364/24/834 1363/24/833 1351/24/821
f 1353/24/823 1365/24/835 1364/24/834 1352/24/822
f 1354/24/824 1366/24/836 1365/24/835 1353/24/823
f 1355/24/825 1367/24/837 1366/24/836 1354/24/824
f 1356/24/826 1368/24/838 1367/24/837 1355/24/825
f 1357/24/827 1369/24/839 1368/24/838 1356/24/826
f 1358/24/828 1370/24/840 1369/24/839 1357/24/827
f 1359/24/829 1371/24/841 1370/24/840 1358/24/828
f 1360/24/830 1372/24/842 1371/24/841 1359/24/829
f 1362/24/831 1374/24/843 1373/24/844 1361/24/832
f 1363/24/833 1375/24/845 1374/24/843 1362/24/831
f 1364/24/834 1376/24/846 1375/24/845 1363/24/833
f 1365/24/835 1377/24/847 1376/24/846 1364/24/834
f 1366/24/836 1378/24/848 1377/24/847 1365/24/835
f 1367/24/837 1379/24/849 1378/24/848 1366/24/836
f 1368/24/838 1380/24/850 1379/24/849 1367/24/837
f 1369/24/839 1381/24/851 1380/24/850 1368/24/838
f 1370/24/840 1382/24/852 1381/24/851 1369/24/839
f 1371/24/841 1383/24/853 1382/24/852 1370/24/840
f 1372/24/842 1384/24/854 1383/24/853 1371/24/841
f 1374/24/843 1386/24/855 1385/24/856 1373/24/844
f 1375/24/845 1387/24/857 1386/24/855 1374/24/843
f 1376/24/846 1388/24/858 1387/24/857 1375/24/845
f 1377/24/847 1389/24/859 1388/24/858 1376/24/846
f 1378/24/848 1390/24/860 1389/24/859 1377/24/847
f 1379/24/849 1391/24/861 1390/24/860 1378/24/848
f 1380/24/850 1392/24/862 1391/24/861 1379/24/849
f 1381/24/851 1393/24/863 1392/24/862 1380/24/850
f 1382/24/852 1394/24/864 1393/24/863 1381/24/851
f 1383/24/853 1395/24/865 1394/24/864 1382/24/852
f 1384/24/854 1396/24/866 1395/24/865 1383/24/853
f 1386/24/855 1398/24/867 1397/24/868 1385/24/856
f 1387/24/857 1399/24/869 1398/24/867 1386/24/855
f 1388/24/858 1400/24/870 1399/24/869 1387/24/857
f 1389/24/859 1401/24/871 1400/24/870 1388/24/858
f 1390/24/860 1402/24/872 1401/24/871 1389/24/859
f 1391/24/861 1403/24/873 1402/24/872 1390/24/860
f 1392/24/862 1404/24/874 1403/24/873 1391/24/861
f 1393/24/863 1405/24/875 1404/24/874 1392/24/862
f 1394/24/864 1406/24/876 1405/24/875 1393/24/863
f 1395/24/865 1407/24/877 1406/24/876 1394/24/864
f 1396/24/866 1408/24/878 1407/24/877 1395/24/865
f 1398/24/867 1410/24/879 1409/24/880 1397/24/868
f 1399/24/869 1411/24/881 1410/24/879 1398/24/867
f 1400/24/870 1412/24/882 1411/24/881 1399/24/869
f 1401/24/871 1413/24/883 1412/24/882 1400/24/870
f 1402/24/872 1414/24/884 1413/24/883 1401/24/871
f 1403/24/873 1415/24/885 1414/24/884 1402/24/872
f 1404/24/874 1416/24/886 1415/24/885 1403/24/873
f 1405/24/875 1417/24/887 1416/24/886 1404/24/874
f 1406/24/876 1418/24/888 1417/24/887 1405/24/875
f 1407/24/877 1419/24/889 1418/24/888 1406/24/876
f 1408/24/878 1420/24/890 1419/24/889 1407/24/877
f 1410/24/879 1422/24/891 1421/24/892 1409/24/880
f 1411/24/881 1423/24/893 1422/24/891 1410/24/879
f 1412/24/882 1424/24/894 1423/24/893 1411/24/881
f 1413/24/883 1425/24/895 1424/24/894 1412/24/882
f 1414/24/884 1426/24/896 1425/24/895 1413/24/883
f 1415/24/885 1427/24/897 1426/24/896 1414/24/884
f 1416/24/886 1428/24/898 1427/24/897 1415/24/885
f 1417/24/887 1429/24/899 1428/24/898 1416/24/886
f 1418/24/888 1430/24/900 1429/24/899 1417/24/887
f 1419/24/889 1431/24/901 1430/24/900 1418/24/888
f 1420/24/890 1432/24/902 1431/24/901 1419/24/889
f 1422/24/891 1434/24/903 1433/24/904 1421/24/892
f 1423/24/893 1435/24/905 1434/24/903 1422/24/891
f 1424/24/894 1436/24/906 1435/24/905 1423/24/893
f 1425/24/895 1437/24/907 1436/24/906 1424/24/894
f 1426/24/896 1438/24/908 1437/24/907 1425/24/895
f 1427/24/897 1439/24/909 1438/24/908 1426/24/896
f 1428/24/898 1440/24/910 1439/24/909 1427/24/897
f 1429/24/899 1441/24/911 1440/24/910 1428/24/898
f 1430/24/900 1442/24/912 1441/24/911 1429/24/899
f 1431/24/901 1443/24/913 1442/24/912 1430/24/900
f 1432/24/902 1444/24/914 1443/24/913 1431/24/901
f 1434/24/903 1446/24/915 1445/24/916 1433/24/904
f 1435/24/905 1447/24/917 1446/24/915 1434/24/903
f 1436/24/906 1448/24/918 1447/24/917 1435/24/905
f 1437/24/907 1449/24/919 1448/24/918 1436/24/906
f 1438/24/908 1450/24/920 1449/24/919 1437/24/907
f 1439/24/909 1451/24/921 1450/24/920 1438/24/908
f 1440/24/910 1452/24/922 1451/24/921 1439/24/909
f 1441/24/911 1453/24/923 1452/24/922 1440/24/910
f 1442/24/912 1454/24/924 1453/24/923 1441/24/911
f 1443/24/913 1455/24/925 1454/24/924 1442/24/912
f 1444/24/914 1456/24/926 1455/24/925 1443/24/913
f 1446/24/915 1458/24/927 1457/24/928 1445/24/916
f 1447/24/917 1459/24/929 1458/24/927 1446/24/915
f 1448/24/918 1460/24/930 1459/24/929 1447/24/917
f 1449/24/919 1461/24/931 1460/24/930 1448/24/918
f 1450/24/920 1462/24/932 1461/24/931 1449/24/919
f 1451/24/921 1463/24/933 1462/24/932 1450/24/920
f 1452/24/922 1464/24/934 1463/24/933 1451/24/921
f 1453/24/923 1465/24/935 1464/24/934 1452/24/922
f 1454/24/924 1466/24/936 1465/24/935 1453/24/923
f 1455/24/925 1467/24/937 1466/24/936 1454/24/924
f 1456/24/926 1468/24/938 1467/24/937 1455/24/925
f 1458/24/927 1470/24/939 1469/24/940 1457/24/928
f 1459/24/929 1471/24/941 1470/24/939 1458/24/927
f 1460/24/930 1472/24/942 1471/24/941 1459/24/929
f 1461/24/931 1473/24/943 1472/24/942 1460/24/930
f 1462/24/932 1474/24/944 1473/24/943 1461/24/931
f 1463/24/933 1475/24/945 1474/24/944 1462/24/932
f 1464/24/934 1476/24/946 1475/24/945 1463/24/933
f 1465/24/935 1477/24/947 1476/24/946 1464/24/934
f 1466/24/936 1478/24/948 1477/24/947 1465/24/935
f 1467/24/937 1479/24/949 1478/24/948 1466/24/936
f 1468/24/938 1480/24/950 1479/24/949 1467/24/937
f 1470/24/939 1482/24/951 1481/24/952 1469/24/940
f 1471/24/941 1483/24/953 1482/24/951 1470/24/939
f 1472/24/942 1484/24/954 1483/24/953 1471/24/941
f 1473/24/943 1485/24/955 1484/24/954 1472/24/942
f 1474/24/944 1486/24/956 1485/24/955 1473/24/943
f 1475/24/945 1487/24/957 1486/24/956 1474/24/944
f 1476/24/946 1488/24/958 1487/24/957 1475/24/945
f 1477/24/947 1489/24/959 1488/24/958 1476/24/946
f 1478/24/948 1490/24/960 1489/24/959 1477/24/947
f 1479/24/949 1491/24/961 1490/24/960 1478/24/948
f 1480/24/950 1492/24/962 1491/24/961 1479/24/949
f 1482/24/951 1494/24/963 1493/24/964 1481/24/952
f 1483/24/953 1495/24/965 1494/24/963 1482/24/951
f 1484/24/954 1496/24/966 1495/24/965 1483/24/953
f 1485/24/955 1497/24/967 1496/24/966 1484/24/954
f 1486/24/956 1498/24/968 1497/24/967 1485/24/955
f 1487/24/957 1499/24/969 1498/24/968 1486/24/956
f 1488/24/958 1500/24/970 1499/24/969 1487/24/957
f 1489/24/959 1501/24/971 1500/24/970 1488/24/958
f 1490/24/960 1502/24/972 1501/24/971 1489/24/959
f 1491/24/961 1503/24/973 1502/24/972 1490/24/960
f 1492/24/962 1504/24/974 1503/24/973 1491/24/961
f 1494/24/963 1506/24/975 1505/24/976 1493/24/964
f 1495/24/965 1507/24/977 1506/24/975 1494/24/963
f 1496/24/966 1508/24/978 1507/24/977 1495/24/965
f 1497/24/967 1509/24/979 1508/24/978 1496/24/966
f 1498/24/968 1510/24/980 1509/24/979 1497/24/967
f 1499/24/969 1511/24/981 1510/24/980 1498/24/968
f 1500/24/970 1512/24/982 1511/24/981 1499/24/969
f 1501/24/971 1513/24/983 1512/24/982 1500/24/970
f 1502/24/972 1514/24/984 1513/24/983 1501/24/971
f 1503/24/973 1515/24/985 1514/24/984 1502/24/972
f 1504/24/974 1516/24/986 1515/24/985 1503/24/973
f 1506/24/975 1518/24/987 1517/24/988 1505/24/976
f 1507/24/977 1519/24/989 1518/24/987 1506/24/975
f 1508/24/978 1520/24/990 1519/24/989 1507/24/977
f 1509/24/979 1521/24/991 1520/24/990 1508/24/978
f 1510/24/980 1522/24/992 1521/24/991 1509/24/979
f 1511/24/981 1523/24/993 1522/24/992 1510/24/980
f 1512/24/982 1524/24/994 1523/24/993 1511/24/981
f 1513/24/983 1525/24/995 1524/24/994 1512/24/982
f 1514/24/984 1526/24/996 1525/24/995 1513/24/983
f 1515/24/985 1527/24/997 1526/24/996 1514/24/984
f 1516/24/986 1528/24/998 1527/24/997 1515/24/985
f 1518/24/987 1530/24/999 1529/24/1000 1517/24/988
f 1519/24/989 1531/24/1001 1530/24/999 1518/24/987
f 1520/24/990 1532/24/1002 1531/24/1001 1519/24/989
f 1521/24/991 1533/24/1003 1532/24/1002 1520/24/990
f 1522/24/992 1534/24/1004 1533/24/1003 1521/24/991
f 1523/24/993 1535/24/1005 1534/24/1004 1522/24/992
f 1524/24/994 1536/24/1006 1535/24/1005 1523/24/993
f 1525/24/995 1537/24/1007 1536/24/1006 1524/24/994
f 1526/24/996 1538/24/1008 1537/24/1007 1525/24/995
f 1527/24/997 1539/24/1009 1538/24/1008 1526/24/996
f 1528/24/998 1540/24/1010 1539/24/1009 1527/24/997
f 1530/24/999 1542/24/1011 1541/24/1012 1529/24/1000
f 1531/24/1001 1543/24/1013 1542/24/1011 1530/24/999
f 1532/24/1002 1544/24/1014 1543/24/1013 1531/24/1001
f 1533/24/1003 1545/24/1015 1544/24/1014 1532/24/1002
f 1534/24/1004 1546/24/1016 1545/24/1015 1533/24/1003
f 1535/24/1005 1547/24/1017 1546/24/1016 1534/24/1004
f 1536/24/1006 1548/24/1018 1547/24/1017 1535/24/1005
f 1537/24/1007 1549/24/1019 1548/24/1018 1536/24/1006
f 1538/24/1008 1550/24/1020 1549/24/1019 1537/24/1007
f 1539/24/1009 1551/24/1021 1550/24/1020 1538/24/1008
f 1540/24/1010 1552/24/1022 1551/24/1021 1539/24/1009
f 1542/24/1011 1554/24/1023 1553/24/1024 1541/24/1012
f 1543/24/1013 1555/24/1025 1554/24/1023 1542/24/1011
f 1544/24/1014 1556/24/1026 1555/24/1025 1543/24/1013
f 1545/24/1015 1557/24/1027 1556/24/1026 1544/24/1014
f 1546/24/1016 1558/24/1028 1557/24/1027 1545/24/1015
f 1547/24/1017 1559/24/1029 1558/24/1028 1546/24/1016
f 1548/24/1018 1560/24/1030 1559/24/1029 1547/24/1017
f 1549/24/1019 1561/24/1031 1560/24/1030 1548/24/1018
f 1550/24/1020 1562/24/1032 1561/24/1031 1549/24/1019
f 1551/24/1021 1563/24/1033 1562/24/1032 1550/24/1020
f 1552/24/1022 1564/24/1034 1563/24/1033 1551/24/1021
f 1554/24/1023 1566/24/1035 1565/24/1036 1553/24/1024
f 1555/24/1025 1567/24/1037 1566/24/1035 1554/24/1023
f 1556/24/1026 1568/24/1038 1567/24/1037 1555/24/1025
f 1557/24/1027 1569/24/1039 1568/24/1038 1556/24/1026
f 1558/24/1028 1570/24/1040 1569/24/1039 1557/24/1027
f 1559/24/1029 1571/24/1041 1570/24/1040 1558/24/1028
f 1560/24/1030 1572/24/1042 1571/24/1041 1559/24/1029
f 1561/24/1031 1573/24/1043 1572/24/1042 1560/24/1030
f 1562/24/1032 1574/24/1044 1573/24/1043 1561/24/1031
f 1563/24/1033 1575/24/1045 1574/24/1044 1562/24/1032
f 1564/24/1034 1576/24/1046 1575/24/1045 1563/24/1033
f 1566/24/1035 1578/24/1047 1577/24/1048 1565/24/1036
f 1567/24/1037 1579/24/1049 1578/24/1047 1566/24/1035
f 1568/24/1038 1580/24/1050 1579/24/1049 1567/24/1037
f 1569/24/1039 1581/24/1051 1580/24/1050 1568/24/1038
f 1570/24/1040 1582/24/1052 1581/24/1051 1569/24/1039
f 1571/24/1041 1583/24/1053 1582/24/1052 1570/24/1040
f 1572/24/1042 1584/24/1054 1583/24/1053 1571/24/1041
f 1573/24/1043 1585/24/1055 1584/24/1054 1572/24/1042
f 1574/24/1044 1586/24/1056 1585/24/1055 1573/24/1043
f 1575/24/1045 1587/24/1057 1586/24/1056 1574/24/1044
f 1576/24/1046 1588/24/1058 1587/24/1057 1575/24/1045
f 1578/24/1047 1590/24/1059 1589/24/1060 1577/24/1048
f 1579/24/1049 1591/24/1061 1590/24/1059 1578/24/1047
f 1580/24/1050 1592/24/1062 1591/24/1061 1579/24/1049
f 1581/24/1051 1593/24/1063 1592/24/1062 1580/24/1050
f 1582/24/1052 1594/24/1064 1593/24/1063 1581/24/1051
f 1583/24/1053 1595/24/1065 1594/24/1064 1582/24/1052
f 1584/24/1054 1596/24/1066 1595/24/1065 1583/24/1053
f 1585/24/1055 1597/24/1067 1596/24/1066 1584/24/1054
f 1586/24/1056 1598/24/1068 1597/24/1067 1585/24/1055
f 1587/24/1057 1599/24/1069 1598/24/1068 1586/24/1056
f 1588/24/1058 1600/24/1070 1599/24/1069 1587/24/1057
f 1590/24/1059 1602/24/1071 1601/24/1072 1589/24/1060
f 1591/24/1061 1603/24/1073 1602/24/1071 1590/24/1059
f 1592/24/1062 1604/24/1074 1603/24/1073 1591/24/1061
f 1593/24/1063 1605/24/1075 1604/24/1074 1592/24/1062
f 1594/24/1064 1606/24/1076 1605/24/1075 1593/24/1063
f 1595/24/1065 1607/24/1077 1606/24/1076 1594/24/1064
f 1596/24/1066 1608/24/1078 1607/24/1077 1595/24/1065
f 1597/24/1067 1609/24/1079 1608/24/1078 1596/24/1066
f 1598/24/1068 1610/24/1080 1609/24/1079 1597/24/1067
f 1599/24/1069 1611/24/1081 1610/24/1080 1598/24/1068
f 1600/24/1070 1612/24/1082 1611/24/1081 1599/24/1069
f 1602/24/1071 1614/24/1083 1613/24/1084 1601/24/1072
f 1603/24/1073 1615/24/1085 1614/24/1083 1602/24/1071
f 1604/24/1074 1616/24/1086 1615/24/1085 1603/24/1073
f 1605/24/1075 1617/24/1087 1616/24/1086 1604/24/1074
f 1606/24/1076 1618/24/1088 1617/24/1087 1605/24/1075
f 1607/24/1077 1619/24/1089 1618/24/1088 1606/24/1076
f 1608/24/1078 1620/24/1090 1619/24/1089 1607/24/1077
f 1609/24/1079 1621/24/1091 1620/24/1090 1608/24/1078
f 1610/24/1080 1622/24/1092 1621/24/1091 1609/24/1079
f 1611/24/1081 1623/24/1093 1622/24/1092 1610/24/1080
f 1612/24/1082 1624/24/1094 1623/24/1093 1611/24/1081
f 1614/24/1083 1626/24/1095 1625/24/1096 1613/24/1084
f 1615/24/1085 1627/24/1097 1626/24/1095 1614/24/1083
f 1616/24/1086 1628/24/1098 1627/24/1097 1615/24/1085
f 1617/24/1087 1629/24/1099 1628/24/1098 1616/24/1086
f 1618/24/1088 1630/24/1100 1629/24/1099 1617/24/1087
f 1619/24/1089 1631/24/1101 1630/24/1100 1618/24/1088
f 1620/24/1090 1632/24/1102 1631/24/1101 1619/24/1089
f 1621/24/1091 1633/24/1103 1632/24/1102 1620/24/1090
f 1622/24/1092 1634/24/1104 1633/24/1103 1621/24/1091
f 1623/24/1093 1635/24/1105 1634/24/1104 1622/24/1092
f 1624/24/1094 1636/24/1106 1635/24/1105 1623/24/1093
f 1626/24/1095 1638/24/1107 1637/24/1108 1625/24/1096
f 1627/24/1097 1639/24/1109 1638/24/1107 1626/24/1095
f 1628/24/1098 1640/24/1110 1639/24/1109 1627/24/1097
f 1629/24/1099 1641/24/1111 1640/24/1110 1628/24/1098
f 1630/24/1100 1642/24/1112 1641/24/1111 1629/24/1099
f 1631/24/1101 1643/24/1113 1642/24/1112 1630/24/1100
f 1632/24/1102 1644/24/1114 1643/24/1113 1631/24/1101
f 1633/24/1103 1645/24/1115 1644/24/1114 1632/24/1102
f 1634/24/1104 1646/24/1116 1645/24/1115 1633/24/1103
f 1635/24/1105 1647/24/1117 1646/24/1116 1634/24/1104
f 1636/24/1106 1648/24/1118 1647/24/1117 1635/24/1105
f 1638/24/1107 1650/24/1119 1649/24/1120 1637/24/1108
f 1639/24/1109 1651/24/1121 1650/24/1119 1638/24/1107
f 1640/24/1110 1652/24/1122 1651/24/1121 1639/24/1109
f 1641/24/1111 1653/24/1123 1652/24/1122 1640/24/1110
f 1642/24/1112 1654/24/1124 1653/24/1123 1641/24/1111
f 1643/24/1113 1655/24/1125 1654/24/1124 1642/24/1112
f 1644/24/1114 1656/24/1126 1655/24/1125 1643/24/1113
f 1645/24/1115 1657/24/1127 1656/24/1126 1644/24/1114
f 1646/24/1116 1658/24/1128 1657/24/1127 1645/24/1115
f 1647/24/1117 1659/24/1129 1658/24/1128 1646/24/1116
f 1648/24/1118 1660/24/1130 1659/24/1129 1647/24/1117
f 1650/24/1119 1662/24/1131 1661/24/1132 1649/24/1120
f 1651/24/1121 1663/24/1133 1662/24/1131 1650/24/1119
f 1652/24/1122 1664/24/1134 1663/24/1133 1651/24/1121
f 1653/24/1123 1665/24/1135 1664/24/1134 1652/24/1122
f 1654/24/1124 1666/24/1136 1665/24/1135 1653/24/1123
f 1655/24/1125 1667/24/1137 1666/24/1136 1654/24/1124
f 1656/24/1126 1668/24/1138 1667/24/1137 1655/24/1125
f 1657/24/1127 1669/24/1139 1668/24/1138 1656/24/1126
f 1658/24/1128 1670/24/1140 1669/24/1139 1657/24/1127
f 1659/24/1129 1671/24/1141 1670/24/1140 1658/24/1128
f 1660/24/1130 1672/24/1142 1671/24/1141 1659/24/1129
f 1662/24/1131 1674/24/1143 1673/24/1144 1661/24/1132
f 1663/24/1133 1675/24/1145 1674/24/1143 1662/24/1131
f 1664/24/1134 1676/24/1146 1675/24/1145 1663/24/1133
f 1665/24/1135 1677/24/1147 1676/24/1146 1664/24/1134
f 1666/24/1136 1678/24/1148 1677/24/1147 1665/24/1135
f 1667/24/1137 1679/24/1149 1678/24/1148 1666/24/1136
f 1668/24/1138 1680/24/1150 1679/24/1149 1667/24/1137
f 1669/24/1139 1681/24/1151 1680/24/1150 1668/24/1138
f 1670/24/1140 1682/24/1152 1681/24/1151 1669/24/1139
f 1671/24/1141 1683/24/1153 1682/24/1152 1670/24/1140
f 1672/24/1142 1684/24/1154 1683/24/1153 1671/24/1141
f 1674/24/1143 1686/24/1155 1685/24/1156 1673/24/1144
f 1675/24/1145 1687/24/1157 1686/24/1155 1674/24/1143
f 1676/24/1146 1688/24/1158 1687/24/1157 1675/24/1145
f 1677/24/1147 1689/24/1159 1688/24/1158 1676/24/1146
f 1678/24/1148 1690/24/1160 1689/24/1159 1677/24/1147
f 1679/24/1149 1691/24/1161 1690/24/1160 1678/24/1148
f 1680/24/1150 1692/24/1162 1691/24/1161 1679/24/1149
f 1681/24/1151 1693/24/1163 1692/24/1162 1680/24/1150
f 1682/24/1152 1694/24/1164 1693/24/1163 1681/24/1151
f 1683/24/1153 1695/24/1165 1694/24/1164 1682/24/1152
f 1684/24/1154 1696/24/1166 1695/24/1165 1683/24/1153
f 1686/24/1155 1698/24/1167 1697/24/1168 1685/24/1156
f 1687/24/1157 1699/24/1169 1698/24/1167 1686/24/1155
f 1688/24/1158 1700/24/1170 1699/24/1169 1687/24/1157
f 1689/24/1159 1701/24/1171 1700/24/1170 1688/24/1158
f 1690/24/1160 1702/24/1172 1701/24/1171 1689/24/1159
f 1691/24/1161 1703/24/1173 1702/24/1172 1690/24/1160
f 1692/24/1162 1704/24/1174 1703/24/1173 1691/24/1161
f 1693/24/1163 1705/24/1175 1704/24/1174 1692/24/1162
f 1694/24/1164 1706/24/1176 1705/24/1175 1693/24/1163
f 1695/24/1165 1707/24/1177 1706/24/1176 1694/24/1164
f 1696/24/1166 1708/24/1178 1707/24/1177 1695/24/1165
f 1698/24/1167 1710/24/1179 1709/24/1180 1697/24/1168
f 1699/24/1169 1711/24/1181 1710/24/1179 1698/24/1167
f 1700/24/1170 1712/24/1182 1711/24/1181 1699/24/1169
f 1701/24/1171 1713/24/1183 1712/24/1182 1700/24/1170
f 1702/24/1172 1714/24/1184 1713/24/1183 1701/24/1171
f 1703/24/1173 1715/24/1185 1714/24/1184 1702/24/1172
f 1704/24/1174 1716/24/1186 1715/24/1185 1703/24/1173
f 1705/24/1175 1717/24/1187 1716/24/1186 1704/24/1174
f 1706/24/1176 1718/24/1188 1717/24/1187 1705/24/1175
f 1707/24/1177 1719/24/1189 1718/24/1188 1706/24/1176
f 1708/24/1178 1720/24/1190 1719/24/1189 1707/24/1177
f 1710/24/1179 1722/24/1191 1721/24/1192 1709/24/1180
f 1711/24/1181 1723/24/1193 1722/24/1191 1710/24/1179
f 1712/24/1182 1724/24/1194 1723/24/1193 1711/24/1181
f 1713/24/1183 1725/24/1195 1724/24/1194 1712/24/1182
f 1714/24/1184 1726/24/1196 1725/24/1195 1713/24/1183
f 1715/24/1185 1727/24/1197 1726/24/1196 1714/24/1184
f 1716/24/1186 1728/24/1198 1727/24/1197 1715/24/1185
f 1717/24/1187 1729/24/1199 1728/24/1198 1716/24/1186
f 1718/24/1188 1730/24/1200 1729/24/1199 1717/24/1187
f 1719/24/1189 1731/24/1201 1730/24/1200 1718/24/1188
f 1720/24/1190 1732/24/1202 1731/24/1201 1719/24/1189
f 1722/24/1191 1734/24/1203 1733/24/1204 1721/24/1192
f 1723/24/1193 1735/24/1205 1734/24/1203 1722/24/1191
f 1724/24/1194 1736/24/1206 1735/24/1205 1723/24/1193
f 1725/24/1195 1737/24/1207 1736/24/1206 1724/24/1194
f 1726/24/1196 1738/24/1208 1737/24/1207 1725/24/1195
f 1727/24/1197 1739/24/1209 1738/24/1208 1726/24/1196
f 1728/24/1198 1740/24/1210 1739/24/1209 1727/24/1197
f 1729/24/1199 1741/24/1211 1740/24/1210 1728/24/1198
f 1730/24/1200 1742/24/1212 1741/24/1211 1729/24/1199
f 1731/24/1201 1743/24/1213 1742/24/1212 1730/24/1200
f 1732/24/1202 1744/24/1214 1743/24/1213 1731/24/1201
f 1734/24/1203 1746/24/1215 1745/24/1216 1733/24/1204
f 1735/24/1205 1747/24/1217 1746/24/1215 1734/24/1203
f 1736/24/1206 1748/24/1218 1747/24/1217 1735/24/1205
f 1737/24/1207 1749/24/1219 1748/24/1218 1736/24/1206
f 1738/24/1208 1750/24/1220 1749/24/1219 1737/24/1207
f 1739/24/1209 1751/24/1221 1750/24/1220 1738/24/1208
f 1740/24/1210 1752/24/1222 1751/24/1221 1739/24/1209
f 1741/24/1211 1753/24/1223 1752/24/1222 1740/24/1210
f 1742/24/1212 1754/24/1224 1753/24/1223 1741/24/1211
f 1743/24/1213 1755/24/1225 1754/24/1224 1742/24/1212
f 1744/24/1214 1756/24/1226 1755/24/1225 1743/24/1213
f 1746/24/1215 1758/24/1227 1757/24/1228 1745/24/1216
f 1747/24/1217 1759/24/1229 1758/24/1227 1746/24/1215
f 1748/24/1218 1760/24/1230 1759/24/1229 1747/24/1217
f 1749/24/1219 1761/24/1231 1760/24/1230 1748/24/1218
f 1750/24/1220 1762/24/1232 1761/24/1231 1749/24/1219
f 1751/24/1221 1763/24/1233 1762/24/1232 1750/24/1220
f 1752/24/1222 1764/24/1234 1763/24/1233 1751/24/1221
f 1753/24/1223 1765/24/1235 1764/24/1234 1752/24/1222
f 1754/24/1224 1766/24/1236 1765/24/1235 1753/24/1223
f 1755/24/1225 1767/24/1237 1766/24/1236 1754/24/1224
f 1756/24/1226 1768/24/1238 1767/24/1237 1755/24/1225
f 1758/24/1227 1770/24/1239 1769/24/1240 1757/24/1228
f 1759/24/1229 1771/24/1241 1770/24/1239 1758/24/1227
f 1760/24/1230 1772/24/1242 1771/24/1241 1759/24/1229
f 1761/24/1231 1773/24/1243 1772/24/1242 1760/24/1230
f 1762/24/1232 1774/24/1244 1773/24/1243 1761/24/1231
f 1763/24/1233 1775/24/1245 1774/24/1244 1762/24/1232
f 1764/24/1234 1776/24/1246 1775/24/1245 1763/24/1233
f 1765/24/1235 1777/24/1247 1776/24/1246 1764/24/1234
f 1766/24/1236 1778/24/1248 1777/24/1247 1765/24/1235
f 1767/24/1237 1779/24/1249 1778/24/1248 1766/24/1236
f 1768/24/1238 1780/24/1250 1779/24/1249 1767/24/1237
f 1770/24/1239 1782/24/1251 1781/24/1252 1769/24/1240
f 1771/24/1241 1783/24/1253 1782/24/1251 1770/24/1239
f 1772/24/1242 1784/24/1254 1783/24/1253 1771/24/1241
f 1773/24/1243 1785/24/1255 1784/24/1254 1772/24/1242
f 1774/24/1244 1786/24/1256 1785/24/1255 1773/24/1243
f 1775/24/1245 1787/24/1257 1786/24/1256 1774/24/1244
f 1776/24/1246 1788/24/1258 1787/24/1257 1775/24/1245
f 1777/24/1247 1789/24/1259 1788/24/1258 1776/24/1246
f 1778/24/1248 1790/24/1260 1789/24/1259 1777/24/1247
f 1779/24/1249 1791/24/1261 1790/24/1260 1778/24/1248
f 1780/24/1250 1792/24/1262 1791/24/1261 1779/24/1249
f 1782/24/1251 1794/24/1263 1793/24/1264 1781/24/1252
f 1783/24/1253 1795/24/1265 1794/24/1263 1782/24/1251
f 1784/24/1254 1796/24/1266 1795/24/1265 1783/24/1253
f 1785/24/1255 1797/24/1267 1796/24/1266 1784/24/1254
f 1786/24/1256 1798/24/1268 1797/24/1267 1785/24/1255
f 1787/24/1257 1799/24/1269 1798/24/1268 1786/24/1256
f 1788/24/1258 1800/24/1270 1799/24/1269 1787/24/1257
f 1789/24/1259 1801/24/1271 1800/24/1270 1788/24/1258
f 1790/24/1260 1802/24/1272 1801/24/1271 1789/24/1259
f 1791/24/1261 1803/24/1273 1802/24/1272 1790/24/1260
f 1792/24/1262 1804/24/1274 1803/24/1273 1791/24/1261
f 1794/24/1263 1806/24/1275 1805/24/1276 1793/24/1264
f 1795/24/1265 1807/24/1277 1806/24/1275 1794/24/1263
f 1796/24/1266 1808/24/1278 1807/24/1277 1795/24/1265
f 1797/24/1267 1809/24/1279 1808/24/1278 1796/24/1266
f 1798/24/1268 1810/24/1280 1809/24/1279 1797/24/1267
f 1799/24/1269 1811/24/1281 1810/24/1280 1798/24/1268
f 1800/24/1270 1812/24/1282 1811/24/1281 1799/24/1269
f 1801/24/1271 1813/24/1283 1812/24/1282 1800/24/1270
f 1802/24/1272 1814/24/1284 1813/24/1283 1801/24/1271
f 1803/24/1273 1815/24/1285 1814/24/1284 1802/24/1272
f 1804/24/1274 1816/24/1286 1815/24/1285 1803/24/1273
f 1806/24/1275 1818/24/1287 1817/24/1288 1805/24/1276
f 1807/24/1277 1819/24/1289 1818/24/1287 1806/24/1275
f 1808/24/1278 1820/24/1290 1819/24/1289 1807/24/1277
f 1809/24/1279 1821/24/1291 1820/24/1290 1808/24/1278
f 1810/24/1280 1822/24/1292 1821/24/1291 1809/24/1279
f 1811/24/1281 1823/24/1293 1822/24/1292 1810/24/1280
f 1812/24/1282 1824/24/1294 1823/24/1293 1811/24/1281
f 1813/24/1283 1825/24/1295 1824/24/1294 1812/24/1282
f 1814/24/1284 1826/24/1296 1825/24/1295 1813/24/1283
f 1815/24/1285 1827/24/1297 1826/24/1296 1814/24/1284
f 1816/24/1286 1828/24/1298 1827/24/1297 1815/24/1285
f 1818/24/1287 1830/24/1299 1829/24/1300 1817/24/1288
f 1819/24/1289 1831/24/1301 1830/24/1299 1818/24/1287
f 1820/24/1290 1832/24/1302 1831/24/1301 1819/24/1289
f 1821/24/1291 1833/24/1303 1832/24/1302 1820/24/1290
f 1822/24/1292 1834/24/1304 1833/24/1303 1821/24/1291
f 1823/24/1293 1835/24/1305 1834/24/1304 1822/24/1292
f 1824/24/1294 1836/24/1306 1835/24/1305 1823/24/1293
f 1825/24/1295 1837/24/1307 1836/24/1306 1824/24/1294
f 1826/24/1296 1838/24/1308 1837/24/1307 1825/24/1295
f 1827/24/1297 1839/24/1309 1838/24/1308 1826/24/1296
f 1828/24/1298 1840/24/1310 1839/24/1309 1827/24/1297
f 1830/24/1299 1842/24/1311 1841/24/1312 1829/24/1300
f 1831/24/1301 1843/24/1313 1842/24/1311 1830/24/1299
f 1832/24/1302 1844/24/1314 1843/24/1313 1831/24/1301
f 1833/24/1303 1845/24/1315 1844/24/1314 1832/24/1302
f 1834/24/1304 1846/24/1316 1845/24/1315 1833/24/1303
f 1835/24/1305 1847/24/1317 1846/24/1316 1834/24/1304
f 1836/24/1306 1848/24/1318 1847/24/1317 1835/24/1305
f 1837/24/1307 1849/24/1319 1848/24/1318 1836/24/1306
f 1838/24/1308 1850/24/1320 1849/24/1319 1837/24/1307
f 1839/24/1309 1851/24/1321 1850/24/1320 1838/24/1308
f 1840/24/1310 1852/24/1322 1851/24/1321 1839/24/1309
f 1842/24/1311 1854/24/1323 1853/24/1324 1841/24/1312
f 1843/24/1313 1855/24/1325 1854/24/1323 1842/24/1311
f 1844/24/1314 1856/24/1326 1855/24/1325 1843/24/1313
f 1845/24/1315 1857/24/1327 1856/24/1326 1844/24/1314
f 1846/24/1316 1858/24/1328 1857/24/1327 1845/24/1315
f 1847/24/1317 1859/24/1329 1858/24/1328 1846/24/1316
f 1848/24/1318 1860/24/1330 1859/24/1329 1847/24/1317
f 1849/24/1319 1861/24/1331 1860/24/1330 1848/24/1318
f 1850/24/1320 1862/24/1332 1861/24/1331 1849/24/1319
f 1851/24/1321 1863/24/1333 1862/24/1332 1850/24/1320
f 1852/24/1322 1864/24/1334 1863/24/1333 1851/24/1321
f 1854/24/1323 1866/24/1335 1865/24/1336 1853/24/1324
f 1855/24/1325 1867/24/1337 1866/24/1335 1854/24/1323
f 1856/24/1326 1868/24/1338 1867/24/1337 1855/24/1325
f 1857/24/1327 1869/24/1339 1868/24/1338 1856/24/1326
f 1858/24/1328 1870/24/1340 1869/24/1339 1857/24/1327
f 1859/24/1329 1871/24/1341 1870/24/1340 1858/24/1328
f 1860/24/1330 1872/24/1342 1871/24/1341 1859/24/1329
f 1861/24/1331 1873/24/1343 1872/24/1342 1860/24/1330
f 1862/24/1332 1874/24/1344 1873/24/1343 1861/24/1331
f 1863/24/1333 1875/24/1345 1874/24/1344 1862/24/1332
f 1864/24/1334 1876/24/1346 1875/24/1345 1863/24/1333
f 1866/24/1335 1878/24/1347 1877/24/1348 1865/24/1336
f 1867/24/1337 1879/24/1349 1878/24/1347 1866/24/1335
f 1868/24/1338 1880/24/1350 1879/24/1349 1867/24/1337
f 1869/24/1339 1881/24/1351 1880/24/1350 1868/24/1338
f 1870/24/1340 1882/24/1352 1881/24/1351 1869/24/1339
f 1871/24/1341 1883/24/1353 1882/24/1352 1870/24/1340
f 1872/24/1342 1884/24/1354 1883/24/1353 1871/24/1341
f 1873/24/1343 1885/24/1355 1884/24/1354 1872/24/1342
f 1874/24/1344 1886/24/1356 1885/24/1355 1873/24/1343
f 1875/24/1345 1887/24/1357 1886/24/1356 1874/24/1344
f 1876/24/1346 1888/24/1358 1887/24/1357 1875/24/1345
f 1878/24/1347 1890/24/1359 1889/24/1360 1877/24/1348
f 1879/24/1349 1891/24/1361 1890/24/1359 1878/24/1347
f 1880/24/1350 1892/24/1362 1891/24/1361 1879/24/1349
f 1881/24/1351 1893/24/1363 1892/24/1362 1880/24/1350
f 1882/24/1352 1894/24/1364 1893/24/1363 1881/24/1351
f 1883/24/1353 1895/24/1365 1894/24/1364 1882/24/1352
f 1884/24/1354 1896/24/1366 1895/24/1365 1883/24/1353
f 1885/24/1355 1897/24/1367 1896/24/1366 1884/24/1354
f 1886/24/1356 1898/24/1368 1897/24/1367 1885/24/1355
f 1887/24/1357 1899/24/1369 1898/24/1368 1886/24/1356
f 1888/24/1358 1900/24/1370 1899/24/1369 1887/24/1357
f 1890/24/1359 1902/24/1371 1901/24/1372 1889/24/1360
f 1891/24/1361 1903/24/1373 1902/24/1371 1890/24/1359
f 1892/24/1362 1904/24/1374 1903/24/1373 1891/24/1361
f 1893/24/1363 1905/24/1375 1904/24/1374 1892/24/1362
f 1894/24/1364 1906/24/1376 1905/24/1375 1893/24/1363
f 1895/24/1365 1907/24/1377 1906/24/1376 1894/24/1364
f 1896/24/1366 1908/24/1378 1907/24/1377 1895/24/1365
f 1897/24/1367 1909/24/1379 1908/24/1378 1896/24/1366
f 1898/24/1368 1910/24/1380 1909/24/1379 1897/24/1367
f 1899/24/1369 1911/24/1381 1910/24/1380 1898/24/1368
f 1900/24/1370 1912/24/1382 1911/24/1381 1899/24/1369
f 1902/24/1371 1914/24/1383 1913/24/1384 1901/24/1372
f 1903/24/1373 1915/24/1385 1914/24/1383 1902/24/1371
f 1904/24/1374 1916/24/1386 1915/24/1385 1903/24/1373
f 1905/24/1375 1917/24/1387 1916/24/1386 1904/24/1374
f 1906/24/1376 1918/24/1388 1917/24/1387 1905/24/1375
f 1907/24/1377 1919/24/1389 1918/24/1388 1906/24/1376
f 1908/24/1378 1920/24/1390 1919/24/1389 1907/24/1377
f 1909/24/1379 1921/24/1391 1920/24/1390 1908/24/1378
f 1910/24/1380 1922/24/1392 1921/24/1391 1909/24/1379
f 1911/24/1381 1923/24/1393 1922/24/1392 1910/24/1380
f 1912/24/1382 1924/24/1394 1923/24/1393 1911/24/1381
f 1914/24/1383 1926/24/1395 1925/24/1396 1913/24/1384
f 1915/24/1385 1927/24/1397 1926/24/1395 1914/24/1383
f 1916/24/1386 1928/24/1398 1927/24/1397 1915/24/1385
f 1917/24/1387 1929/24/1399 1928/24/1398 1916/24/1386
f 1918/24/1388 1930/24/1400 1929/24/1399 1917/24/1387
f 1919/24/1389 1931/24/1401 1930/24/1400 1918/24/1388
f 1920/24/1390 1932/24/1402 1931/24/1401 1919/24/1389
f 1921/24/1391 1933/24/1403 1932/24/1402 1920/24/1390
f 1922/24/1392 1934/24/1404 1933/24/1403 1921/24/1391
f 1923/24/1393 1935/24/1405 1934/24/1404 1922/24/1392
f 1924/24/1394 1936/24/1406 1935/24/1405 1923/24/1393
f 1926/24/1395 1938/24/1407 1937/24/1408 1925/24/1396
f 1927/24/1397 1939/24/1409 1938/24/1407 1926/24/1395
f 1928/24/1398 1940/24/1410 1939/24/1409 1927/24/1397
f 1929/24/1399 1941/24/1411 1940/24/1410 1928/24/1398
f 1930/24/1400 1942/24/1412 1941/24/1411 1929/24/1399
f 1931/24/1401 1943/24/1413 1942/24/1412 1930/24/1400
f 1932/24/1402 1944/24/1414 1943/24/1413 1931/24/1401
f 1933/24/1403 1945/24/1415 1944/24/1414 1932/24/1402
f 1934/24/1404 1946/24/1416 1945/24/1415 1933/24/1403
f 1935/24/1405 1947/24/1417 1946/24/1416 1934/24/1404
f 1936/24/1406 1948/24/1418 1947/24/1417 1935/24/1405
f 1938/24/1407 1950/24/1419 1949/24/1420 1937/24/1408
f 1939/24/1409 1951/24/1421 1950/24/1419 1938/24/1407
f 1940/24/1410 1952/24/1422 1951/24/1421 1939/24/1409
f 1941/24/1411 1953/24/1423 1952/24/1422 1940/24/1410
f 1942/24/1412 1954/24/1424 1953/24/1423 1941/24/1411
f 1943/24/1413 1955/24/1425 1954/24/1424 1942/24/1412
f 1944/24/1414 1956/24/1426 1955/24/1425 1943/24/1413
f 1945/24/1415 1957/24/1427 1956/24/1426 1944/24/1414
f 1946/24/1416 1958/24/1428 1957/24/1427 1945/24/1415
f 1947/24/1417 1959/24/1429 1958/24/1428 1946/24/1416
f 1948/24/1418 1960/24/1430 1959/24/1429 1947/24/1417
f 1950/24/1419 1962/24/1431 1961/24/1432 1949/24/1420
f 1951/24/1421 1963/24/1433 1962/24/1431 1950/24/1419
f 1952/24/1422 1964/24/1434 1963/24/1433 1951/24/1421
f 1953/24/1423 1965/24/1435 1964/24/1434 1952/24/1422
f 1954/24/1424 1966/24/1436 1965/24/1435 1953/24/1423
f 1955/24/1425 1967/24/1437 1966/24/1436 1954/24/1424
f 1956/24/1426 1968/24/1438 1967/24/1437 1955/24/1425
f 1957/24/1427 1969/24/1439 1968/24/1438 1956/24/1426
f 1958/24/1428 1970/24/1440 1969/24/1439 1957/24/1427
f 1959/24/1429 1971/24/1441 1970/24/1440 1958/24/1428
f 1960/24/1430 1972/24/1442 1971/24/1441 1959/24/1429
f 1962/24/1431 1974/24/1443 1973/24/1444 1961/24/1432
f 1963/24/1433 1975/24/1445 1974/24/1443 1962/24/1431
f 1964/24/1434 1976/24/1446 1975/24/1445 1963/24/1433
f 1965/24/1435 1977/24/1447 1976/24/1446 1964/24/1434
f 1966/24/1436 1978/24/1448 1977/24/1447 1965/24/1435
f 1967/24/1437 1979/24/1449 1978/24/1448 1966/24/1436
f 1968/24/1438 1980/24/1450 1979/24/1449 1967/24/1437
f 1969/24/1439 1981/24/1451 1980/24/1450 1968/24/1438
f 1970/24/1440 1982/24/1452 1981/24/1451 1969/24/1439
f 1971/24/1441 1983/24/1453 1982/24/1452 1970/24/1440
f 1972/24/1442 1984/24/1454 1983/24/1453 1971/24/1441
f 1974/24/1443 1986/24/1455 1985/24/1456 1973/24/1444
f 1975/24/1445 1987/24/1457 1986/24/1455 1974/24/1443
f 1976/24/1446 1988/24/1458 1987/24/1457 1975/24/1445
f 1977/24/1447 1989/24/1459 1988/24/1458 1976/24/1446
f 1978/24/1448 1990/24/1460 1989/24/1459 1977/24/1447
f 1979/24/1449 1991/24/1461 1990/24/1460 1978/24/1448
f 1980/24/1450 1992/24/1462 1991/24/1461 1979/24/1449
f 1981/24/1451 1993/24/1463 1992/24/1462 1980/24/1450
f 1982/24/1452 1994/24/1464 1993/24/1463 1981/24/1451
f 1983/24/1453 1995/24/1465 1994/24/1464 1982/24/1452
f 1984/24/1454 1996/24/1466 1995/24/1465 1983/24/1453
f 1986/24/1455 1998/24/1467 1997/24/1468 1985/24/1456
f 1987/24/1457 1999/24/1469 1998/24/1467 1986/24/1455
f 1988/24/1458 2000/24/1470 1999/24/1469 1987/24/1457
f 1989/24/1459 2001/24/1471 2000/24/1470 1988/24/1458
f 1990/24/1460 2002/24/1472 2001/24/1471 1989/24/1459
f 1991/24/1461 2003/24/1473 2002/24/1472 1990/24/1460
f 1992/24/1462 2004/24/1474 2003/24/1473 1991/24/1461
f 1993/24/1463 2005/24/1475 2004/24/1474 1992/24/1462
f 1994/24/1464 2006/24/1476 2005/24/1475 1993/24/1463
f 1995/24/1465 2007/24/1477 2006/24/1476 1994/24/1464
f 1996/24/1466 2008/24/1478 2007/24/1477 1995/24/1465
f 1998/24/1467 2010/24/1479 2009/24/1480 1997/24/1468
f 1999/24/1469 2011/24/1481 2010/24/1479 1998/24/1467
f 2000/24/1470 2012/24/1482 2011/24/1481 1999/24/1469
f 2001/24/1471 2013/24/1483 2012/24/1482 2000/24/1470
f 2002/24/1472 2014/24/1484 2013/24/1483 2001/24/1471
f 2003/24/1473 2015/24/1485 2014/24/1484 2002/24/1472
f 2004/24/1474 2016/24/1486 2015/24/1485 2003/24/1473
f 2005/24/1475 2017/24/1487 2016/24/1486 2004/24/1474
f 2006/24/1476 2018/24/1488 2017/24/1487 2005/24/1475
f 2007/24/1477 2019/24/1489 2018/24/1488 2006/24/1476
f 2008/24/1478 2020/24/1490 2019/24/1489 2007/24/1477
f 2010/24/1479 2022/24/1491 2021/24/1492 2009/24/1480
f 2011/24/1481 2023/24/1493 2022/24/1491 2010/24/1479
f 2012/24/1482 2024/24/1494 2023/24/1493 2011/24/1481
f 2013/24/1483 2025/24/1495 2024/24/1494 2012/24/1482
f 2014/24/1484 2026/24/1496 2025/24/1495 2013/24/1483
f 2015/24/1485 2027/24/1497 2026/24/1496 2014/24/1484
f 2016/24/1486 2028/24/1498 2027/24/1497 2015/24/1485
f 2017/24/1487 2029/24/1499 2028/24/1498 2016/24/1486
f 2018/24/1488 2030/24/1500 2029/24/1499 2017/24/1487
f 2019/24/1489 2031/24/1501 2030/24/1500 2018/24/1488
f 2020/24/1490 2032/24/1502 2031/24/1501 2019/24/1489
f 2022/24/1491 2034/24/1503 2033/24/1504 2021/24/1492
f 2023/24/1493 2035/24/1505 2034/24/1503 2022/24/1491
f 2024/24/1494 2036/24/1506 2035/24/1505 2023/24/1493
f 2025/24/1495 2037/24/1507 2036/24/1506 2024/24/1494
f 2026/24/1496 2038/24/1508 2037/24/1507 2025/24/1495
f 2027/24/1497 2039/24/1509 2038/24/1508 2026/24/1496
f 2028/24/1498 2040/24/1510 2039/24/1509 2027/24/1497
f 2029/24/1499 2041/24/1511 2040/24/1510 2028/24/1498
f 2030/24/1500 2042/24/1512 2041/24/1511 2029/24/1499
f 2031/24/1501 2043/24/1513 2042/24/1512 2030/24/1500
f 2032/24/1502 2044/24/1514 2043/24/1513 2031/24/1501
f 2034/24/1503 2046/24/1515 2045/24/1516 2033/24/1504
f 2035/24/1505 2047/24/1517 2046/24/1515 2034/24/1503
f 2036/24/1506 2048/24/1518 2047/24/1517 2035/24/1505
f 2037/24/1507 2049/24/1519 2048/24/1518 2036/24/1506
f 2038/24/1508 2050/24/1520 2049/24/1519 2037/24/1507
f 2039/24/1509 2051/24/1521 2050/24/1520 2038/24/1508
f 2040/24/1510 2052/24/1522 2051/24/1521 2039/24/1509
f 2041/24/1511 2053/24/1523 2052/24/1522 2040/24/1510
f 2042/24/1512 2054/24/1524 2053/24/1523 2041/24/1511
f 2043/24/1513 2055/24/1525 2054/24/1524 2042/24/1512
f 2044/24/1514 2056/24/1526 2055/24/1525 2043/24/1513
f 2046/24/1515 2058/24/1527 2057/24/1528 2045/24/1516
f 2047/24/1517 2059/24/1529 2058/24/1527 2046/24/1515
f 2048/24/1518 2060/24/1530 2059/24/1529 2047/24/1517
f 2049/24/1519 2061/24/1531 2060/24/1530 2048/24/1518
f 2050/24/1520 2062/24/1532 2061/24/1531 2049/24/1519
f 2051/24/1521 2063/24/1533 2062/24/1532 2050/24/1520
f 2052/24/1522 2064/24/1534 2063/24/1533 2051/24/1521
f 2053/24/1523 2065/24/1535 2064/24/1534 2052/24/1522
f 2054/24/1524 2066/24/1536 2065/24/1535 2053/24/1523
f 2055/24/1525 2067/24/1537 2066/24/1536 2054/24/1524
f 2056/24/1526 2068/24/1538 2067/24/1537 2055/24/1525
f 2058/24/1527 2070/24/1539 2069/24/1540 2057/24/1528
f 2059/24/1529 2071/24/1541 2070/24/1539 2058/24/1527
f 2060/24/1530 2072/24/1542 2071/24/1541 2059/24/1529
f 2061/24/1531 2073/24/1543 2072/24/1542 2060/24/1530
f 2062/24/1532 2074/24/1544 2073/24/1543 2061/24/1531
f 2063/24/1533 2075/24/1545 2074/24/1544 2062/24/1532
f 2064/24/1534 2076/24/1546 2075/24/1545 2063/24/1533
f 2065/24/1535 2077/24/1547 2076/24/1546 2064/24/1534
f 2066/24/1536 2078/24/1548 2077/24/1547 2065/24/1535
f 2067/24/1537 2079/24/1549 2078/24/1548 2066/24/1536
f 2068/24/1538 2080/24/1550 2079/24/1549 2067/24/1537
f 2070/24/1539 2082/24/1551 2081/24/1252 2069/24/1540
f 2071/24/1541 2083/24/1552 2082/24/1551 2070/24/1539
f 2072/24/1542 2084/24/1553 2083/24/1552 2071/24/1541
f 2073/24/1543 2085/24/1554 2084/24/1553 2072/24/1542
f 2074/24/1544 2086/24/1555 2085/24/1554 2073/24/1543
f 2075/24/1545 2087/24/1556 2086/24/1555 2074/24/1544
f 2076/24/1546 2088/24/1557 2087/24/1556 2075/24/1545
f 2077/24/1547 2089/24/1558 2088/24/1557 2076/24/1546
f 2078/24/1548 2090/24/1559 2089/24/1558 2077/24/1547
f 2079/24/1549 2091/24/1560 2090/24/1559 2078/24/1548
f 2080/24/1550 2092/24/1561 2091/24/1560 2079/24/1549
f 2082/24/1551 2094/24/1562 2093/24/1563 2081/24/1252
f 2083/24/1552 2095/24/1564 2094/24/1562 2082/24/1551
f 2084/24/1553 2096/24/1565 2095/24/1564 2083/24/1552
f 2085/24/1554 2097/24/1566 2096/24/1565 2084/24/1553
f 2086/24/1555 2098/24/1567 2097/24/1566 2085/24/1554
f 2087/24/1556 2099/24/1568 2098/24/1567 2086/24/1555
f 2088/24/1557 2100/24/1569 2099/24/1568 2087/24/1556
f 2089/24/1558 2101/24/1570 2100/24/1569 2088/24/1557
f 2090/24/1559 2102/24/1571 2101/24/1570 2089/24/1558
f 2091/24/1560 2103/24/1572 2102/24/1571 2090/24/1559
f 2092/24/1561 2104/24/1573 2103/24/1572 2091/24/1560
f 2094/24/1562 2106/24/1574 2105/24/1575 2093/24/1563
f 2095/24/1564 2107/24/1576 2106/24/1574 2094/24/1562
f 2096/24/1565 2108/24/1577 2107/24/1576 2095/24/1564
f 2097/24/1566 2109/24/1578 2108/24/1577 2096/24/1565
f 2098/24/1567 2110/24/1579 2109/24/1578 2097/24/1566
f 2099/24/1568 2111/24/1580 2110/24/1579 2098/24/1567
f 2100/24/1569 2112/24/1581 2111/24/1580 2099/24/1568
f 2101/24/1570 2113/24/1582 2112/24/1581 2100/24/1569
f 2102/24/1571 2114/24/1583 2113/24/1582 2101/24/1570
f 2103/24/1572 2115/24/1584 2114/24/1583 2102/24/1571
f 2104/24/1573 2116/24/1585 2115/24/1584 2103/24/1572
f 2106/24/1574 2118/24/1586 2117/24/1587 2105/24/1575
f 2107/24/1576 2119/24/1588 2118/24/1586 2106/24/1574
f 2108/24/1577 2120/24/1589 2119/24/1588 2107/24/1576
f 2109/24/1578 2121/24/1590 2120/24/1589 2108/24/1577
f 2110/24/1579 2122/24/1591 2121/24/1590 2109/24/1578
f 2111/24/1580 2123/24/1592 2122/24/1591 2110/24/1579
f 2112/24/1581 2124/24/1593 2123/24/1592 2111/24/1580
f 2113/24/1582 2125/24/1594 2124/24/1593 2112/24/1581
f 2114/24/1583 2126/24/1595 2125/24/1594 2113/24/1582
f 2115/24/1584 2127/24/1596 2126/24/1595 2114/24/1583
f 2116/24/1585 2128/24/1597 2127/24/1596 2115/24/1584
f 2118/24/1586 2130/24/1598 2129/24/1599 2117/24/1587
f 2119/24/1588 2131/24/1600 2130/24/1598 2118/24/1586
f 2120/24/1589 2132/24/1601 2131/24/1600 2119/24/1588
f 2121/24/1590 2133/24/1602 2132/24/1601 2120/24/1589
f 2122/24/1591 2134/24/1603 2133/24/1602 2121/24/1590
f 2123/24/1592 2135/24/1604 2134/24/1603 2122/24/1591
f 2124/24/1593 2136/24/1605 2135/24/1604 2123/24/1592
f 2125/24/1594 2137/24/1606 2136/24/1605 2124/24/1593
f 2126/24/1595 2138/24/1607 2137/24/1606 2125/24/1594
f 2127/24/1596 2139/24/1608 2138/24/1607 2126/24/1595
f 2128/24/1597 2140/24/1609 2139/24/1608 2127/24/1596
f 2130/24/1598 2142/24/1610 2141/24/1611 2129/24/1599
f 2131/24/1600 2143/24/1612 2142/24/1610 2130/24/1598
f 2132/24/1601 2144/24/1613 2143/24/1612 2131/24/1600
f 2133/24/1602 2145/24/1614 2144/24/1613 2132/24/1601
f 2134/24/1603 2146/24/1615 2145/24/1614 2133/24/1602
f 2135/24/1604 2147/24/1616 2146/24/1615 2134/24/1603
f 2136/24/1605 2148/24/1617 2147/24/1616 2135/24/1604
f 2137/24/1606 2149/24/1618 2148/24/1617 2136/24/1605
f 2138/24/1607 2150/24/1619 2149/24/1618 2137/24/1606
f 2139/24/1608 2151/24/1620 2150/24/1619 2138/24/1607
f 2140/24/1609 2152/24/1621 2151/24/1620 2139/24/1608
f 2142/24/1610 2154/24/1622 2153/24/1623 2141/24/1611
f 2143/24/1612 2155/24/1624 2154/24/1622 2142/24/1610
f 2144/24/1613 2156/24/1625 2155/24/1624 2143/24/1612
f 2145/24/1614 2157/24/1626 2156/24/1625 2144/24/1613
f 2146/24/1615 2158/24/1627 2157/24/1626 2145/24/1614
f 2147/24/1616 2159/24/1628 2158/24/1627 2146/24/1615
f 2148/24/1617 2160/24/1629 2159/24/1628 2147/24/1616
f 2149/24/1618 2161/24/1630 2160/24/1629 2148/24/1617
f 2150/24/1619 2162/24/1631 2161/24/1630 2149/24/1618
f 2151/24/1620 2163/24/1632 2162/24/1631 2150/24/1619
f 2152/24/1621 2164/24/1633 2163/24/1632 2151/24/1620
f 2154/24/1622 2166/24/1634 2165/24/1635 2153/24/1623
f 2155/24/1624 2167/24/1636 2166/24/1634 2154/24/1622
f 2156/24/1625 2168/24/1637 2167/24/1636 2155/24/1624
f 2157/24/1626 2169/24/1638 2168/24/1637 2156/24/1625
f 2158/24/1627 2170/24/1639 2169/24/1638 2157/24/1626
f 2159/24/1628 2171/24/1640 2170/24/1639 2158/24/1627
f 2160/24/1629 2172/24/1641 2171/24/1640 2159/24/1628
f 2161/24/1630 2173/24/1642 2172/24/1641 2160/24/1629
f 2162/24/1631 2174/24/1643 2173/24/1642 2161/24/1630
f 2163/24/1632 2175/24/1644 2174/24/1643 2162/24/1631
f 2164/24/1633 2176/24/1645 2175/24/1644 2163/24/1632
f 2166/24/1634 2178/24/1646 2177/24/1647 2165/24/1635
f 2167/24/1636 2179/24/1648 2178/24/1646 2166/24/1634
f 2168/24/1637 2180/24/1649 2179/24/1648 2167/24/1636
f 2169/24/1638 2181/24/1650 2180/24/1649 2168/24/1637
f 2170/24/1639 2182/24/1651 2181/24/1650 2169/24/1638
f 2171/24/1640 2183/24/1652 2182/24/1651 2170/24/1639
f 2172/24/1641 2184/24/1653 2183/24/1652 2171/24/1640
f 2173/24/1642 2185/24/1654 2184/24/1653 2172/24/1641
f 2174/24/1643 2186/24/1655 2185/24/1654 2173/24/1642
f 2175/24/1644 2187/24/1656 2186/24/1655 2174/24/1643
f 2176/24/1645 2188/24/1657 2187/24/1656 2175/24/1644
f 2178/24/1646 2190/24/1658 2189/24/1659 2177/24/1647
f 2179/24/1648 2191/24/1660 2190/24/1658 2178/24/1646
f 2180/24/1649 2192/24/1661 2191/24/1660 2179/24/1648
f 2181/24/1650 2193/24/1662 2192/24/1661 2180/24/1649
f 2182/24/1651 2194/24/1663 2193/24/1662 2181/24/1650
f 2183/24/1652 2195/24/1664 2194/24/1663 2182/24/1651
f 2184/24/1653 2196/24/1665 2195/24/1664 2183/24/1652
f 2185/24/1654 2197/24/1666 2196/24/1665 2184/24/1653
f 2186/24/1655 2198/24/1667 2197/24/1666 2185/24/1654
f 2187/24/1656 2199/24/1668 2198/24/1667 2186/24/1655
f 2188/24/1657 2200/24/1669 2199/24/1668 2187/24/1656
f 2190/24/1658 2202/24/1670 2201/24/1671 2189/24/1659
f 2191/24/1660 2203/24/1672 2202/24/1670 2190/24/1658
f 2192/24/1661 2204/24/1673 2203/24/1672 2191/24/1660
f 2193/24/1662 2205/24/1674 2204/24/1673 2192/24/1661
f 2194/24/1663 2206/24/1675 2205/24/1674 2193/24/1662
f 2195/24/1664 2207/24/1676 2206/24/1675 2194/24/1663
f 2196/24/1665 2208/24/1677 2207/24/1676 2195/24/1664
f 2197/24/1666 2209/24/1678 2208/24/1677 2196/24/1665
f 2198/24/1667 2210/24/1679 2209/24/1678 2197/24/1666
f 2199/24/1668 2211/24/1680 2210/24/1679 2198/24/1667
f 2200/24/1669 2212/24/1681 2211/24/1680 2199/24/1668
f 2202/24/1670 2214/24/1682 2213/24/1683 2201/24/1671
f 2203/24/1672 2215/24/1684 2214/24/1682 2202/24/1670
f 2204/24/1673 2216/24/1685 2215/24/1684 2203/24/1672
f 2205/24/1674 2217/24/1686 2216/24/1685 2204/24/1673
f 2206/24/1675 2218/24/1687 2217/24/1686 2205/24/1674
f 2207/24/1676 2219/24/1688 2218/24/1687 2206/24/1675
f 2208/24/1677 2220/24/1689 2219/24/1688 2207/24/1676
f 2209/24/1678 2221/24/1690 2220/24/1689 2208/24/1677
f 2210/24/1679 2222/24/1691 2221/24/1690 2209/24/1678
f 2211/24/1680 2223/24/1692 2222/24/1691 2210/24/1679
f 2212/24/1681 2224/24/1693 2223/24/1692 2211/24/1680
f 2214/24/1682 2226/24/1694 2225/24/1695 2213/24/1683
f 2215/24/1684 2227/24/1696 2226/24/1694 2214/24/1682
f 2216/24/1685 2228/24/1697 2227/24/1696 2215/24/1684
f 2217/24/1686 2229/24/1698 2228/24/1697 2216/24/1685
f 2218/24/1687 2230/24/1699 2229/24/1698 2217/24/1686
f 2219/24/1688 2231/24/1700 2230/24/1699 2218/24/1687
f 2220/24/1689 2232/24/1701 2231/24/1700 2219/24/1688
f 2221/24/1690 2233/24/1702 2232/24/1701 2220/24/1689
f 2222/24/1691 2234/24/1703 2233/24/1702 2221/24/1690
f 2223/24/1692 2235/24/1704 2234/24/1703 2222/24/1691
f 2224/24/1693 2236/24/1705 2235/24/1704 2223/24/1692
f 2226/24/1694 2238/24/1706 2237/24/1707 2225/24/1695
f 2227/24/1696 2239/24/1708 2238/24/1706 2226/24/1694
f 2228/24/1697 2240/24/1709 2239/24/1708 2227/24/1696
f 2229/24/1698 2241/24/1710 2240/24/1709 2228/24/1697
f 2230/24/1699 2242/24/1711 2241/24/1710 2229/24/1698
f 2231/24/1700 2243/24/1712 2242/24/1711 2230/24/1699
f 2232/24/1701 2244/24/1713 2243/24/1712 2231/24/1700
f 2233/24/1702 2245/24/1714 2244/24/1713 2232/24/1701
f 2234/24/1703 2246/24/1715 2245/24/1714 2233/24/1702
f 2235/24/1704 2247/24/1716 2246/24/1715 2234/24/1703
f 2236/24/1705 2248/24/1717 2247/24/1716 2235/24/1704
f 2238/24/1706 2250/24/1718 2249/24/1719 2237/24/1707
f 2239/24/1708 2251/24/1720 2250/24/1718 2238/24/1706
f 2240/24/1709 2252/24/1721 2251/24/1720 2239/24/1708
f 2241/24/1710 2253/24/1722 2252/24/1721 2240/24/1709
f 2242/24/1711 2254/24/1723 2253/24/1722 2241/24/1710
f 2243/24/1712 2255/24/1724 2254/24/1723 2242/24/1711
f 2244/24/1713 2256/24/1725 2255/24/1724 2243/24/1712
f 2245/24/1714 2257/24/1726 2256/24/1725 2244/24/1713
f 2246/24/1715 2258/24/1727 2257/24/1726 2245/24/1714
f 2247/24/1716 2259/24/1728 2258/24/1727 2246/24/1715
f 2248/24/1717 2260/24/1729 2259/24/1728 2247/24/1716
f 2250/24/1718 2262/24/1730 2261/24/1731 2249/24/1719
f 2251/24/1720 2263/24/1732 2262/24/1730 2250/24/1718
f 2252/24/1721 2264/24/1733 2263/24/1732 2251/24/1720
f 2253/24/1722 2265/24/1734 2264/24/1733 2252/24/1721
f 2254/24/1723 2266/24/1735 2265/24/1734 2253/24/1722
f 2255/24/1724 2267/24/1736 2266/24/1735 2254/24/1723
f 2256/24/1725 2268/24/1737 2267/24/1736 2255/24/1724
f 2257/24/1726 2269/24/1738 2268/24/1737 2256/24/1725
f 2258/24/1727 2270/24/1739 2269/24/1738 2257/24/1726
f 2259/24/1728 2271/24/1740 2270/24/1739 2258/24/1727
f 2260/24/1729 2272/24/1741 2271/24/1740 2259/24/1728
f 2262/24/1730 2274/24/1742 2273/24/1743 2261/24/1731
f 2263/24/1732 2275/24/1744 2274/24/1742 2262/24/1730
f 2264/24/1733 2276/24/1745 2275/24/1744 2263/24/1732
f 2265/24/1734 2277/24/1746 2276/24/1745 2264/24/1733
f 2266/24/1735 2278/24/1747 2277/24/1746 2265/24/1734
f 2267/24/1736 2279/24/1748 2278/24/1747 2266/24/1735
f 2268/24/1737 2280/24/1749 2279/24/1748 2267/24/1736
f 2269/24/1738 2281/24/1750 2280/24/1749 2268/24/1737
f 2270/24/1739 2282/24/1751 2281/24/1750 2269/24/1738
f 2271/24/1740 2283/24/1752 2282/24/1751 2270/24/1739
f 2272/24/1741 2284/24/1753 2283/24/1752 2271/24/1740
f 2274/24/1742 2286/24/1754 2285/24/1755 2273/24/1743
f 2275/24/1744 2287/24/1756 2286/24/1754 2274/24/1742
f 2276/24/1745 2288/24/1757 2287/24/1756 2275/24/1744
f 2277/24/1746 2289/24/1758 2288/24/1757 2276/24/1745
f 2278/24/1747 2290/24/1759 2289/24/1758 2277/24/1746
f 2279/24/1748 2291/24/1760 2290/24/1759 2278/24/1747
f 2280/24/1749 2292/24/1761 2291/24/1760 2279/24/1748
f 2281/24/1750 2293/24/1762 2292/24/1761 2280/24/1749
f 2282/24/1751 2294/24/1763 2293/24/1762 2281/24/1750
f 2283/24/1752 2295/24/1764 2294/24/1763 2282/24/1751
f 2284/24/1753 2296/24/1765 2295/24/1764 2283/24/1752
f 2286/24/1754 2298/24/1766 2297/24/1767 2285/24/1755
f 2287/24/1756 2299/24/1768 2298/24/1766 2286/24/1754
f 2288/24/1757 2300/24/1769 2299/24/1768 2287/24/1756
f 2289/24/1758 2301/24/1770 2300/24/1769 2288/24/1757
f 2290/24/1759 2302/24/1771 2301/24/1770 2289/24/1758
f 2291/24/1760 2303/24/1772 2302/24/1771 2290/24/1759
f 2292/24/1761 2304/24/1773 2303/24/1772 2291/24/1760
f 2293/24/1762 2305/24/1774 2304/24/1773 2292/24/1761
f 2294/24/1763 2306/24/1775 2305/24/1774 2293/24/1762
f 2295/24/1764 2307/24/1776 2306/24/1775 2294/24/1763
f 2296/24/1765 2308/24/1777 2307/24/1776 2295/24/1764
f 2298/24/1766 2310/24/1778 2309/24/1779 2297/24/1767
f 2299/24/1768 2311/24/1780 2310/24/1778 2298/24/1766
f 2300/24/1769 2312/24/1781 2311/24/1780 2299/24/1768
f 2301/24/1770 2313/24/1782 2312/24/1781 2300/24/1769
f 2302/24/1771 2314/24/1783 2313/24/1782 2301/24/1770
f 2303/24/1772 2315/24/1784 2314/24/1783 2302/24/1771
f 2304/24/1773 2316/24/1785 2315/24/1784 2303/24/1772
f 2305/24/1774 2317/24/1786 2316/24/1785 2304/24/1773
f 2306/24/1775 2318/24/1787 2317/24/1786 2305/24/1774
f 2307/24/1776 2319/24/1788 2318/24/1787 2306/24/1775
f 2308/24/1777 2320/24/1789 2319/24/1788 2307/24/1776
f 2310/24/1778 2322/24/1790 2321/24/1791 2309/24/1779
f 2311/24/1780 2323/24/1792 2322/24/1790 2310/24/1778
f 2312/24/1781 2324/24/1793 2323/24/1792 2311/24/1780
f 2313/24/1782 2325/24/1794 2324/24/1793 2312/24/1781
f 2314/24/1783 2326/24/1795 2325/24/1794 2313/24/1782
f 2315/24/1784 2327/24/1796 2326/24/1795 2314/24/1783
f 2316/24/1785 2328/24/1797 2327/24/1796 2315/24/1784
f 2317/24/1786 2329/24/1798 2328/24/1797 2316/24/1785
f 2318/24/1787 2330/24/1799 2329/24/1798 2317/24/1786
f 2319/24/1788 2331/24/1800 2330/24/1799 2318/24/1787
f 2320/24/1789 2332/24/1801 2331/24/1800 2319/24/1788
f 2322/24/1790 570/24/39 569/24/42 2321/24/1791
f 2323/24/1792 571/24/43 570/24/39 2322/24/1790
f 2324/24/1793 572/24/45 571/24/43 2323/24/1792
f 2325/24/1794 573/24/47 572/24/45 2324/24/1793
f 2326/24/1795 574/24/49 573/24/47 2325/24/1794
f 2327/24/1796 575/24/51 574/24/49 2326/24/1795
f 2328/24/1797 576/24/53 575/24/51 2327/24/1796
f 2329/24/1798 577/24/55 576/24/53 2328/24/1797
f 2330/24/1799 578/24/57 577/24/55 2329/24/1798
f 2331/24/1800 579/24/59 578/24/57 2330/24/1799
f 2332/24/1801 580/24/61 579/24/59 2331/24/1800
f 2334/24/1802 2346/24/1803 2345/24/1804 2333/24/1805
f 2335/24/1806 2347/24/1807 2346/24/1803 2334/24/1802
f 2336/24/1808 2348/24/1809 2347/24/1807 2335/24/1806
f 2337/24/1810 2349/24/1811 2348/24/1809 2336/24/1808
f 2338/24/1812 2350/24/1813 2349/24/1811 2337/24/1810
f 2339/24/1814 2351/24/1815 2350/24/1813 2338/24/1812
f 2340/24/1816 2352/24/1817 2351/24/1815 2339/24/1814
f 2341/24/1818 2353/24/1819 2352/24/1817 2340/24/1816
f 2342/24/1820 2354/24/1821 2353/24/1819 2341/24/1818
f 2343/24/1822 2355/24/1823 2354/24/1821 2342/24/1820
f 2344/24/1824 2356/24/1825 2355/24/1823 2343/24/1822
f 2346/24/1803 2358/24/1826 2357/24/1827 2345/24/1804
f 2347/24/1807 2359/24/1828 2358/24/1826 2346/24/1803
f 2348/24/1809 2360/24/1829 2359/24/1828 2347/24/1807
f 2349/24/1811 2361/24/1830 2360/24/1829 2348/24/1809
f 2350/24/1813 2362/24/1831 2361/24/1830 2349/24/1811
f 2351/24/1815 2363/24/1832 2362/24/1831 2350/24/1813
f 2352/24/1817 2364/24/1833 2363/24/1832 2351/24/1815
f 2353/24/1819 2365/24/1834 2364/24/1833 2352/24/1817
f 2354/24/1821 2366/24/1835 2365/24/1834 2353/24/1819
f 2355/24/1823 2367/24/1836 2366/24/1835 2354/24/1821
f 2356/24/1825 2368/24/1837 2367/24/1836 2355/24/1823
f 2358/24/1826 2370/24/1838 2369/24/1839 2357/24/1827
f 2359/24/1828 2371/24/1840 2370/24/1838 2358/24/1826
f 2360/24/1829 2372/24/1841 2371/24/1840 2359/24/1828
f 2361/24/1830 2373/24/1842 2372/24/1841 2360/24/1829
f 2362/24/1831 2374/24/1843 2373/24/1842 2361/24/1830
f 2363/24/1832 2375/24/1844 2374/24/1843 2362/24/1831
f 2364/24/1833 2376/24/1845 2375/24/1844 2363/24/1832
f 2365/24/1834 2377/24/1846 2376/24/1845 2364/24/1833
f 2366/24/1835 2378/24/1847 2377/24/1846 2365/24/1834
f 2367/24/1836 2379/24/1848 2378/24/1847 2366/24/1835
f 2368/24/1837 2380/24/1849 2379/24/1848 2367/24/1836
f 2370/24/1838 2382/24/1850 2381/24/1851 2369/24/1839
f 2371/24/1840 2383/24/1852 2382/24/1850 2370/24/1838
f 2372/24/1841 2384/24/1853 2383/24/1852 2371/24/1840
f 2373/24/1842 2385/24/1854 2384/24/1853 2372/24/1841
f 2374/24/1843 2386/24/1855 2385/24/1854 2373/24/1842
f 2375/24/1844 2387/24/1856 2386/24/1855 2374/24/1843
f 2376/24/1845 2388/24/1857 2387/24/1856 2375/24/1844
f 2377/24/1846 2389/24/1858 2388/24/1857 2376/24/1845
f 2378/24/1847 2390/24/1859 2389/24/1858 2377/24/1846
f 2379/24/1848 2391/24/1860 2390/24/1859 2378/24/1847
f 2380/24/1849 2392/24/1861 2391/24/1860 2379/24/1848
f 2382/24/1850 2394/24/1862 2393/24/1863 2381/24/1851
f 2383/24/1852 2395/24/1864 2394/24/1862 2382/24/1850
f 2384/24/1853 2396/24/1865 2395/24/1864 2383/24/1852
f 2385/24/1854 2397/24/1866 2396/24/1865 2384/24/1853
f 2386/24/1855 2398/24/1867 2397/24/1866 2385/24/1854
f 2387/24/1856 2399/24/1868 2398/24/1867 2386/24/1855
f 2388/24/1857 2400/24/1869 2399/24/1868 2387/24/1856
f 2389/24/1858 2401/24/1870 2400/24/1869 2388/24/1857
f 2390/24/1859 2402/24/1871 2401/24/1870 2389/24/1858
f 2391/24/1860 2403/24/1872 2402/24/1871 2390/24/1859
f 2392/24/1861 2404/24/1873 2403/24/1872 2391/24/1860
f 2394/24/1862 2406/24/1874 2405/24/1875 2393/24/1863
f 2395/24/1864 2407/24/1876 2406/24/1874 2394/24/1862
f 2396/24/1865 2408/24/1877 2407/24/1876 2395/24/1864
f 2397/24/1866 2409/24/1878 2408/24/1877 2396/24/1865
f 2398/24/1867 2410/24/1879 2409/24/1878 2397/24/1866
f 2399/24/1868 2411/24/1880 2410/24/1879 2398/24/1867
f 2400/24/1869 2412/24/1881 2411/24/1880 2399/24/1868
f 2401/24/1870 2413/24/1882 2412/24/1881 2400/24/1869
f 2402/24/1871 2414/24/1883 2413/24/1882 2401/24/1870
f 2403/24/1872 2415/24/1884 2414/24/1883 2402/24/1871
f 2404/24/1873 2416/24/1885 2415/24/1884 2403/24/1872
f 2406/24/1874 2418/24/1886 2417/24/1887 2405/24/1875
f 2407/24/1876 2419/24/1888 2418/24/1886 2406/24/1874
f 2408/24/1877 2420/24/1889 2419/24/1888 2407/24/1876
f 2409/24/1878 2421/24/1890 2420/24/1889 2408/24/1877
f 2410/24/1879 2422/24/1891 2421/24/1890 2409/24/1878
f 2411/24/1880 2423/24/1892 2422/24/1891 2410/24/1879
f 2412/24/1881 2424/24/1893 2423/24/1892 2411/24/1880
f 2413/24/1882 2425/24/1894 2424/24/1893 2412/24/1881
f 2414/24/1883 2426/24/1895 2425/24/1894 2413/24/1882
f 2415/24/1884 2427/24/1896 2426/24/1895 2414/24/1883
f 2416/24/1885 2428/24/1897 2427/24/1896 2415/24/1884
f 2418/24/1886 2430/24/1898 2429/24/1899 2417/24/1887
f 2419/24/1888 2431/24/1900 2430/24/1898 2418/24/1886
f 2420/24/1889 2432/24/1901 2431/24/1900 2419/24/1888
f 2421/24/1890 2433/24/1902 2432/24/1901 2420/24/1889
f 2422/24/1891 2434/24/1903 2433/24/1902 2421/24/1890
f 2423/24/1892 2435/24/1904 2434/24/1903 2422/24/1891
f 2424/24/1893 2436/24/1905 2435/24/1904 2423/24/1892
f 2425/24/1894 2437/24/1906 2436/24/1905 2424/24/1893
f 2426/24/1895 2438/24/1907 2437/24/1906 2425/24/1894
f 2427/24/1896 2439/24/1908 2438/24/1907 2426/24/1895
f 2428/24/1897 2440/24/1909 2439/24/1908 2427/24/1896
f 2430/24/1898 2442/24/1910 2441/24/1911 2429/24/1899
f 2431/24/1900 2443/24/1912 2442/24/1910 2430/24/1898
f 2432/24/1901 2444/24/1913 2443/24/1912 2431/24/1900
f 2433/24/1902 2445/24/1914 2444/24/1913 2432/24/1901
f 2434/24/1903 2446/24/1915 2445/24/1914 2433/24/1902
f 2435/24/1904 2447/24/1916 2446/24/1915 2434/24/1903
f 2436/24/1905 2448/24/1917 2447/24/1916 2435/24/1904
f 2437/24/1906 2449/24/1918 2448/24/1917 2436/24/1905
f 2438/24/1907 2450/24/1919 2449/24/1918 2437/24/1906
f 2439/24/1908 2451/24/1920 2450/24/1919 2438/24/1907
f 2440/24/1909 2452/24/1921 2451/24/1920 2439/24/1908
f 2442/24/1910 2454/24/1922 2453/24/1923 2441/24/1911
f 2443/24/1912 2455/24/1924 2454/24/1922 2442/24/1910
f 2444/24/1913 2456/24/1925 2455/24/1924 2443/24/1912
f 2445/24/1914 2457/24/1926 2456/24/1925 2444/24/1913
f 2446/24/1915 2458/24/1927 2457/24/1926 2445/24/1914
f 2447/24/1916 2459/24/1928 2458/24/1927 2446/24/1915
f 2448/24/1917 2460/24/1929 2459/24/1928 2447/24/1916
f 2449/24/1918 2461/24/1930 2460/24/1929 2448/24/1917
f 2450/24/1919 2462/24/1931 2461/24/1930 2449/24/1918
f 2451/24/1920 2463/24/1932 2462/24/1931 2450/24/1919
f 2452/24/1921 2464/24/1933 2463/24/1932 2451/24/1920
f 2454/24/1922 2466/24/1934 2465/24/1935 2453/24/1923
f 2455/24/1924 2467/24/1936 2466/24/1934 2454/24/1922
f 2456/24/1925 2468/24/1937 2467/24/1936 2455/24/1924
f 2457/24/1926 2469/24/1938 2468/24/1937 2456/24/1925
f 2458/24/1927 2470/24/1939 2469/24/1938 2457/24/1926
f 2459/24/1928 2471/24/1940 2470/24/1939 2458/24/1927
f 2460/24/1929 2472/24/1941 2471/24/1940 2459/24/1928
f 2461/24/1930 2473/24/1942 2472/24/1941 2460/24/1929
f 2462/24/1931 2474/24/1943 2473/24/1942 2461/24/1930
f 2463/24/1932 2475/24/1944 2474/24/1943 2462/24/1931
f 2464/24/1933 2476/24/1945 2475/24/1944 2463/24/1932
f 2466/24/1934 2478/24/1946 2477/24/1947 2465/24/1935
f 2467/24/1936 2479/24/1948 2478/24/1946 2466/24/1934
f 2468/24/1937 2480/24/1949 2479/24/1948 2467/24/1936
f 2469/24/1938 2481/24/1950 2480/24/1949 2468/24/1937
f 2470/24/1939 2482/24/1951 2481/24/1950 2469/24/1938
f 2471/24/1940 2483/24/1952 2482/24/1951 2470/24/1939
f 2472/24/1941 2484/24/1953 2483/24/1952 2471/24/1940
f 2473/24/1942 2485/24/1954 2484/24/1953 2472/24/1941
f 2474/24/1943 2486/24/1955 2485/24/1954 2473/24/1942
f 2475/24/1944 2487/24/1956 2486/24/1955 2474/24/1943
f 2476/24/1945 2488/24/1957 2487/24/1956 2475/24/1944
f 2478/24/1946 2490/24/1958 2489/24/1959 2477/24/1947
f 2479/24/1948 2491/24/1960 2490/24/1958 2478/24/1946
f 2480/24/1949 2492/24/1961 2491/24/1960 2479/24/1948
f 2481/24/1950 2493/24/1962 2492/24/1961 2480/24/1949
f 2482/24/1951 2494/24/1963 2493/24/1962 2481/24/1950
f 2483/24/1952 2495/24/1964 2494/24/1963 2482/24/1951
f 2484/24/1953 2496/24/1965 2495/24/1964 2483/24/1952
f 2485/24/1954 2497/24/1966 2496/24/1965 2484/24/1953
f 2486/24/1955 2498/24/1967 2497/24/1966 2485/24/1954
f 2487/24/1956 2499/24/1968 2498/24/1967 2486/24/1955
f 2488/24/1957 2500/24/1058 2499/24/1968 2487/24/1956
f 2490/24/1958 2502/24/1969 2501/24/1970 2489/24/1959
f 2491/24/1960 2503/24/1971 2502/24/1969 2490/24/1958
f 2492/24/1961 2504/24/1972 2503/24/1971 2491/24/1960
f 2493/24/1962 2505/24/1973 2504/24/1972 2492/24/1961
f 2494/24/1963 2506/24/1974 2505/24/1973 2493/24/1962
f 2495/24/1964 2507/24/1975 2506/24/1974 2494/24/1963
f 2496/24/1965 2508/24/1976 2507/24/1975 2495/24/1964
f 2497/24/1966 2509/24/1977 2508/24/1976 2496/24/1965
f 2498/24/1967 2510/24/1978 2509/24/1977 2497/24/1966
f 2499/24/1968 2511/24/1979 2510/24/1978 2498/24/1967
f 2500/24/1058 2512/24/1980 2511/24/1979 2499/24/1968
f 2502/24/1969 2514/24/1981 2513/24/1982 2501/24/1970
f 2503/24/1971 2515/24/1983 2514/24/1981 2502/24/1969
f 2504/24/1972 2516/24/1984 2515/24/1983 2503/24/1971
f 2505/24/1973 2517/24/1985 2516/24/1984 2504/24/1972
f 2506/24/1974 2518/24/1986 2517/24/1985 2505/24/1973
f 2507/24/1975 2519/24/1987 2518/24/1986 2506/24/1974
f 2508/24/1976 2520/24/1988 2519/24/1987 2507/24/1975
f 2509/24/1977 2521/24/1989 2520/24/1988 2508/24/1976
f 2510/24/1978 2522/24/1990 2521/24/1989 2509/24/1977
f 2511/24/1979 2523/24/1991 2522/24/1990 2510/24/1978
f 2512/24/1980 2524/24/1992 2523/24/1991 2511/24/1979
f 2514/24/1981 2526/24/1993 2525/24/1994 2513/24/1982
f 2515/24/1983 2527/24/1995 2526/24/1993 2514/24/1981
f 2516/24/1984 2528/24/1996 2527/24/1995 2515/24/1983
f 2517/24/1985 2529/24/1997 2528/24/1996 2516/24/1984
f 2518/24/1986 2530/24/1998 2529/24/1997 2517/24/1985
f 2519/24/1987 2531/24/1999 2530/24/1998 2518/24/1986
f 2520/24/1988 2532/24/2000 2531/24/1999 2519/24/1987
f 2521/24/1989 2533/24/2001 2532/24/2000 2520/24/1988
f 2522/24/1990 2534/24/2002 2533/24/2001 2521/24/1989
f 2523/24/1991 2535/24/2003 2534/24/2002 2522/24/1990
f 2524/24/1992 2536/24/2004 2535/24/2003 2523/24/1991
f 2526/24/1993 2538/24/2005 2537/24/2006 2525/24/1994
f 2527/24/1995 2539/24/2007 2538/24/2005 2526/24/1993
f 2528/24/1996 2540/24/2008 2539/24/2007 2527/24/1995
f 2529/24/1997 2541/24/2009 2540/24/2008 2528/24/1996
f 2530/24/1998 2542/24/2010 2541/24/2009 2529/24/1997
f 2531/24/1999 2543/24/2011 2542/24/2010 2530/24/1998
f 2532/24/2000 2544/24/2012 2543/24/2011 2531/24/1999
f 2533/24/2001 2545/24/2013 2544/24/2012 2532/24/2000
f 2534/24/2002 2546/24/2014 2545/24/2013 2533/24/2001
f 2535/24/2003 2547/24/2015 2546/24/2014 2534/24/2002
f 2536/24/2004 2548/24/2016 2547/24/2015 2535/24/2003
f 2538/24/2005 2550/24/2017 2549/24/2018 2537/24/2006
f 2539/24/2007 2551/24/2019 2550/24/2017 2538/24/2005
f 2540/24/2008 2552/24/2020 2551/24/2019 2539/24/2007
f 2541/24/2009 2553/24/2021 2552/24/2020 2540/24/2008
f 2542/24/2010 2554/24/2022 2553/24/2021 2541/24/2009
f 2543/24/2011 2555/24/2023 2554/24/2022 2542/24/2010
f 2544/24/2012 2556/24/2024 2555/24/2023 2543/24/2011
f 2545/24/2013 2557/24/2025 2556/24/2024 2544/24/2012
f 2546/24/2014 2558/24/2026 2557/24/2025 2545/24/2013
f 2547/24/2015 2559/24/2027 2558/24/2026 2546/24/2014
f 2548/24/2016 2560/24/2028 2559/24/2027 2547/24/2015
f 2550/24/2017 2562/24/2029 2561/24/2030 2549/24/2018
f 2551/24/2019 2563/24/2031 2562/24/2029 2550/24/2017
f 2552/24/2020 2564/24/2032 2563/24/2031 2551/24/2019
f 2553/24/2021 2565/24/2033 2564/24/2032 2552/24/2020
f 2554/24/2022 2566/24/2034 2565/24/2033 2553/24/2021
f 2555/24/2023 2567/24/2035 2566/24/2034 2554/24/2022
f 2556/24/2024 2568/24/2036 2567/24/2035 2555/24/2023
f 2557/24/2025 2569/24/2037 2568/24/2036 2556/24/2024
f 2558/24/2026 2570/24/2038 2569/24/2037 2557/24/2025
f 2559/24/2027 2571/24/2039 2570/24/2038 2558/24/2026
f 2560/24/2028 2572/24/2040 2571/24/2039 2559/24/2027
f 2562/24/2029 2574/24/2041 2573/24/2042 2561/24/2030
f 2563/24/2031 2575/24/2043 2574/24/2041 2562/24/2029
f 2564/24/2032 2576/24/2044 2575/24/2043 2563/24/2031
f 2565/24/2033 2577/24/2045 2576/24/2044 2564/24/2032
f 2566/24/2034 2578/24/2046 2577/24/2045 2565/24/2033
f 2567/24/2035 2579/24/2047 2578/24/2046 2566/24/2034
f 2568/24/2036 2580/24/2048 2579/24/2047 2567/24/2035
f 2569/24/2037 2581/24/2049 2580/24/2048 2568/24/2036
f 2570/24/2038 2582/24/2050 2581/24/2049 2569/24/2037
f 2571/24/2039 2583/24/2051 2582/24/2050 2570/24/2038
f 2572/24/2040 2584/24/2052 2583/24/2051 2571/24/2039
f 2574/24/2041 2586/24/2053 2585/24/2054 2573/24/2042
f 2575/24/2043 2587/24/2055 2586/24/2053 2574/24/2041
f 2576/24/2044 2588/24/2056 2587/24/2055 2575/24/2043
f 2577/24/2045 2589/24/2057 2588/24/2056 2576/24/2044
f 2578/24/2046 2590/24/2058 2589/24/2057 2577/24/2045
f 2579/24/2047 2591/24/2059 2590/24/2058 2578/24/2046
f 2580/24/2048 2592/24/2060 2591/24/2059 2579/24/2047
f 2581/24/2049 2593/24/2061 2592/24/2060 2580/24/2048
f 2582/24/2050 2594/24/2062 2593/24/2061 2581/24/2049
f 2583/24/2051 2595/24/2063 2594/24/2062 2582/24/2050
f 2584/24/2052 2596/24/2064 2595/24/2063 2583/24/2051
f 2586/24/2053 2598/24/2065 2597/24/2066 2585/24/2054
f 2587/24/2055 2599/24/2067 2598/24/2065 2586/24/2053
f 2588/24/2056 2600/24/2068 2599/24/2067 2587/24/2055
f 2589/24/2057 2601/24/2069 2600/24/2068 2588/24/2056
f 2590/24/2058 2602/24/2070 2601/24/2069 2589/24/2057
f 2591/24/2059 2603/24/2071 2602/24/2070 2590/24/2058
f 2592/24/2060 2604/24/2072 2603/24/2071 2591/24/2059
f 2593/24/2061 2605/24/2073 2604/24/2072 2592/24/2060
f 2594/24/2062 2606/24/2074 2605/24/2073 2593/24/2061
f 2595/24/2063 2607/24/2075 2606/24/2074 2594/24/2062
f 2596/24/2064 2608/24/2076 2607/24/2075 2595/24/2063
f 2598/24/2065 2610/24/2077 2609/24/2078 2597/24/2066
f 2599/24/2067 2611/24/2079 2610/24/2077 2598/24/2065
f 2600/24/2068 2612/24/2080 2611/24/2079 2599/24/2067
f 2601/24/2069 2613/24/2081 2612/24/2080 2600/24/2068
f 2602/24/2070 2614/24/2082 2613/24/2081 2601/24/2069
f 2603/24/2071 2615/24/2083 2614/24/2082 2602/24/2070
f 2604/24/2072 2616/24/2084 2615/24/2083 2603/24/2071
f 2605/24/2073 2617/24/2085 2616/24/2084 2604/24/2072
f 2606/24/2074 2618/24/2086 2617/24/2085 2605/24/2073
f 2607/24/2075 2619/24/2087 2618/24/2086 2606/24/2074
f 2608/24/2076 2620/24/2088 2619/24/2087 2607/24/2075
f 2610/24/2077 2622/24/2089 2621/24/2090 2609/24/2078
f 2611/24/2079 2623/24/2091 2622/24/2089 2610/24/2077
f 2612/24/2080 2624/24/2092 2623/24/2091 2611/24/2079
f 2613/24/2081 2625/24/2093 2624/24/2092 2612/24/2080
f 2614/24/2082 2626/24/2094 2625/24/2093 2613/24/2081
f 2615/24/2083 2627/24/2095 2626/24/2094 2614/24/2082
f 2616/24/2084 2628/24/2096 2627/24/2095 2615/24/2083
f 2617/24/2085 2629/24/2097 2628/24/2096 2616/24/2084
f 2618/24/2086 2630/24/2098 2629/24/2097 2617/24/2085
f 2619/24/2087 2631/24/2099 2630/24/2098 2618/24/2086
f 2620/24/2088 2632/24/2100 2631/24/2099 2619/24/2087
f 2622/24/2089 2634/24/2101 2633/24/2102 2621/24/2090
f 2623/24/2091 2635/24/2103 2634/24/2101 2622/24/2089
f 2624/24/2092 2636/24/2104 2635/24/2103 2623/24/2091
f 2625/24/2093 2637/24/2105 2636/24/2104 2624/24/2092
f 2626/24/2094 2638/24/2106 2637/24/2105 2625/24/2093
f 2627/24/2095 2639/24/2107 2638/24/2106 2626/24/2094
f 2628/24/2096 2640/24/2108 2639/24/2107 2627/24/2095
f 2629/24/2097 2641/24/2109 2640/24/2108 2628/24/2096
f 2630/24/2098 2642/24/2110 2641/24/2109 2629/24/2097
f 2631/24/2099 2643/24/2111 2642/24/2110 2630/24/2098
f 2632/24/2100 2644/24/2112 2643/24/2111 2631/24/2099
f 2634/24/2101 2646/24/2113 2645/24/2114 2633/24/2102
f 2635/24/2103 2647/24/2115 2646/24/2113 2634/24/2101
f 2636/24/2104 2648/24/2116 2647/24/2115 2635/24/2103
f 2637/24/2105 2649/24/2117 2648/24/2116 2636/24/2104
f 2638/24/2106 2650/24/2118 2649/24/2117 2637/24/2105
f 2639/24/2107 2651/24/2119 2650/24/2118 2638/24/2106
f 2640/24/2108 2652/24/2120 2651/24/2119 2639/24/2107
f 2641/24/2109 2653/24/2121 2652/24/2120 2640/24/2108
f 2642/24/2110 2654/24/2122 2653/24/2121 2641/24/2109
f 2643/24/2111 2655/24/2123 2654/24/2122 2642/24/2110
f 2644/24/2112 2656/24/2124 2655/24/2123 2643/24/2111
f 2646/24/2113 2658/24/2125 2657/24/2126 2645/24/2114
f 2647/24/2115 2659/24/2127 2658/24/2125 2646/24/2113
f 2648/24/2116 2660/24/2128 2659/24/2127 2647/24/2115
f 2649/24/2117 2661/24/2129 2660/24/2128 2648/24/2116
f 2650/24/2118 2662/24/2130 2661/24/2129 2649/24/2117
f 2651/24/2119 2663/24/2131 2662/24/2130 2650/24/2118
f 2652/24/2120 2664/24/2132 2663/24/2131 2651/24/2119
f 2653/24/2121 2665/24/2133 2664/24/2132 2652/24/2120
f 2654/24/2122 2666/24/2134 2665/24/2133 2653/24/2121
f 2655/24/2123 2667/24/2135 2666/24/2134 2654/24/2122
f 2656/24/2124 2668/24/2136 2667/24/2135 2655/24/2123
f 2658/24/2125 2670/24/2137 2669/24/2138 2657/24/2126
f 2659/24/2127 2671/24/2139 2670/24/2137 2658/24/2125
f 2660/24/2128 2672/24/2140 2671/24/2139 2659/24/2127
f 2661/24/2129 2673/24/2141 2672/24/2140 2660/24/2128
f 2662/24/2130 2674/24/2142 2673/24/2141 2661/24/2129
f 2663/24/2131 2675/24/2143 2674/24/2142 2662/24/2130
f 2664/24/2132 2676/24/2144 2675/24/2143 2663/24/2131
f 2665/24/2133 2677/24/2145 2676/24/2144 2664/24/2132
f 2666/24/2134 2678/24/2146 2677/24/2145 2665/24/2133
f 2667/24/2135 2679/24/2147 2678/24/2146 2666/24/2134
f 2668/24/2136 2680/24/2148 2679/24/2147 2667/24/2135
f 2670/24/2137 2682/24/2149 2681/24/2150 2669/24/2138
f 2671/24/2139 2683/24/2151 2682/24/2149 2670/24/2137
f 2672/24/2140 2684/24/2152 2683/24/2151 2671/24/2139
f 2673/24/2141 2685/24/2153 2684/24/2152 2672/24/2140
f 2674/24/2142 2686/24/2154 2685/24/2153 2673/24/2141
f 2675/24/2143 2687/24/2155 2686/24/2154 2674/24/2142
f 2676/24/2144 2688/24/2156 2687/24/2155 2675/24/2143
f 2677/24/2145 2689/24/2157 2688/24/2156 2676/24/2144
f 2678/24/2146 2690/24/2158 2689/24/2157 2677/24/2145
f 2679/24/2147 2691/24/2159 2690/24/2158 2678/24/2146
f 2680/24/2148 2692/24/2160 2691/24/2159 2679/24/2147
f 2682/24/2149 2694/24/2161 2693/24/2162 2681/24/2150
f 2683/24/2151 2695/24/2163 2694/24/2161 2682/24/2149
f 2684/24/2152 2696/24/2164 2695/24/2163 2683/24/2151
f 2685/24/2153 2697/24/2165 2696/24/2164 2684/24/2152
f 2686/24/2154 2698/24/2166 2697/24/2165 2685/24/2153
f 2687/24/2155 2699/24/2167 2698/24/2166 2686/24/2154
f 2688/24/2156 2700/24/2168 2699/24/2167 2687/24/2155
f 2689/24/2157 2701/24/2169 2700/24/2168 2688/24/2156
f 2690/24/2158 2702/24/2170 2701/24/2169 2689/24/2157
f 2691/24/2159 2703/24/2171 2702/24/2170 2690/24/2158
f 2692/24/2160 2704/24/2172 2703/24/2171 2691/24/2159
f 2694/24/2161 2706/24/2173 2705/24/2174 2693/24/2162
f 2695/24/2163 2707/24/2175 2706/24/2173 2694/24/2161
f 2696/24/2164 2708/24/2176 2707/24/2175 2695/24/2163
f 2697/24/2165 2709/24/2177 2708/24/2176 2696/24/2164
f 2698/24/2166 2710/24/2178 2709/24/2177 2697/24/2165
f 2699/24/2167 2711/24/2179 2710/24/2178 2698/24/2166
f 2700/24/2168 2712/24/2180 2711/24/2179 2699/24/2167
f 2701/24/2169 2713/24/2181 2712/24/2180 2700/24/2168
f 2702/24/2170 2714/24/2182 2713/24/2181 2701/24/2169
f 2703/24/2171 2715/24/2183 2714/24/2182 2702/24/2170
f 2704/24/2172 2716/24/2184 2715/24/2183 2703/24/2171
f 2706/24/2173 2718/24/2185 2717/24/2186 2705/24/2174
f 2707/24/2175 2719/24/2187 2718/24/2185 2706/24/2173
f 2708/24/2176 2720/24/2188 2719/24/2187 2707/24/2175
f 2709/24/2177 2721/24/2189 2720/24/2188 2708/24/2176
f 2710/24/2178 2722/24/2190 2721/24/2189 2709/24/2177
f 2711/24/2179 2723/24/2191 2722/24/2190 2710/24/2178
f 2712/24/2180 2724/24/2192 2723/24/2191 2711/24/2179
f 2713/24/2181 2725/24/2193 2724/24/2192 2712/24/2180
f 2714/24/2182 2726/24/2194 2725/24/2193 2713/24/2181
f 2715/24/2183 2727/24/2195 2726/24/2194 2714/24/2182
f 2716/24/2184 2728/24/2196 2727/24/2195 2715/24/2183
f 2718/24/2185 2730/24/2197 2729/24/2198 2717/24/2186
f 2719/24/2187 2731/24/2199 2730/24/2197 2718/24/2185
f 2720/24/2188 2732/24/2200 2731/24/2199 2719/24/2187
f 2721/24/2189 2733/24/2201 2732/24/2200 2720/24/2188
f 2722/24/2190 2734/24/2202 2733/24/2201 2721/24/2189
f 2723/24/2191 2735/24/2203 2734/24/2202 2722/24/2190
f 2724/24/2192 2736/24/2204 2735/24/2203 2723/24/2191
f 2725/24/2193 2737/24/2205 2736/24/2204 2724/24/2192
f 2726/24/2194 2738/24/2206 2737/24/2205 2725/24/2193
f 2727/24/2195 2739/24/2207 2738/24/2206 2726/24/2194
f 2728/24/2196 2740/24/2208 2739/24/2207 2727/24/2195
f 2730/24/2197 2742/24/2209 2741/24/2210 2729/24/2198
f 2731/24/2199 2743/24/2211 2742/24/2209 2730/24/2197
f 2732/24/2200 2744/24/2212 2743/24/2211 2731/24/2199
f 2733/24/2201 2745/24/2213 2744/24/2212 2732/24/2200
f 2734/24/2202 2746/24/2214 2745/24/2213 2733/24/2201
f 2735/24/2203 2747/24/2215 2746/24/2214 2734/24/2202
f 2736/24/2204 2748/24/2216 2747/24/2215 2735/24/2203
f 2737/24/2205 2749/24/2217 2748/24/2216 2736/24/2204
f 2738/24/2206 2750/24/2218 2749/24/2217 2737/24/2205
f 2739/24/2207 2751/24/2219 2750/24/2218 2738/24/2206
f 2740/24/2208 2752/24/2220 2751/24/2219 2739/24/2207
f 2742/24/2209 2754/24/2221 2753/24/2222 2741/24/2210
f 2743/24/2211 2755/24/2223 2754/24/2221 2742/24/2209
f 2744/24/2212 2756/24/2224 2755/24/2223 2743/24/2211
f 2745/24/2213 2757/24/2225 2756/24/2224 2744/24/2212
f 2746/24/2214 2758/24/2226 2757/24/2225 2745/24/2213
f 2747/24/2215 2759/24/2227 2758/24/2226 2746/24/2214
f 2748/24/2216 2760/24/2228 2759/24/2227 2747/24/2215
f 2749/24/2217 2761/24/2229 2760/24/2228 2748/24/2216
f 2750/24/2218 2762/24/2230 2761/24/2229 2749/24/2217
f 2751/24/2219 2763/24/2231 2762/24/2230 2750/24/2218
f 2752/24/2220 2764/24/2232 2763/24/2231 2751/24/2219
f 2754/24/2221 2766/24/2233 2765/24/2234 2753/24/2222
f 2755/24/2223 2767/24/2235 2766/24/2233 2754/24/2221
f 2756/24/2224 2768/24/2236 2767/24/2235 2755/24/2223
f 2757/24/2225 2769/24/2237 2768/24/2236 2756/24/2224
f 2758/24/2226 2770/24/2238 2769/24/2237 2757/24/2225
f 2759/24/2227 2771/24/2239 2770/24/2238 2758/24/2226
f 2760/24/2228 2772/24/2240 2771/24/2239 2759/24/2227
f 2761/24/2229 2773/24/2241 2772/24/2240 2760/24/2228
f 2762/24/2230 2774/24/2242 2773/24/2241 2761/24/2229
f 2763/24/2231 2775/24/2243 2774/24/2242 2762/24/2230
f 2764/24/2232 2776/24/2244 2775/24/2243 2763/24/2231
f 2766/24/2233 2778/24/2245 2777/24/2246 2765/24/2234
f 2767/24/2235 2779/24/2247 2778/24/2245 2766/24/2233
f 2768/24/2236 2780/24/2248 2779/24/2247 2767/24/2235
f 2769/24/2237 2781/24/2249 2780/24/2248 2768/24/2236
f 2770/24/2238 2782/24/2250 2781/24/2249 2769/24/2237
f 2771/24/2239 2783/24/2251 2782/24/2250 2770/24/2238
f 2772/24/2240 2784/24/2252 2783/24/2251 2771/24/2239
f 2773/24/2241 2785/24/2253 2784/24/2252 2772/24/2240
f 2774/24/2242 2786/24/2254 2785/24/2253 2773/24/2241
f 2775/24/2243 2787/24/2255 2786/24/2254 2774/24/2242
f 2776/24/2244 2788/24/2256 2787/24/2255 2775/24/2243
f 2778/24/2245 2790/24/2257 2789/24/2258 2777/24/2246
f 2779/24/2247 2791/24/2259 2790/24/2257 2778/24/2245
f 2780/24/2248 2792/24/2260 2791/24/2259 2779/24/2247
f 2781/24/2249 2793/24/2261 2792/24/2260 2780/24/2248
f 2782/24/2250 2794/24/2262 2793/24/2261 2781/24/2249
f 2783/24/2251 2795/24/2263 2794/24/2262 2782/24/2250
f 2784/24/2252 2796/24/2264 2795/24/2263 2783/24/2251
f 2785/24/2253 2797/24/2265 2796/24/2264 2784/24/2252
f 2786/24/2254 2798/24/2266 2797/24/2265 2785/24/2253
f 2787/24/2255 2799/24/2267 2798/24/2266 2786/24/2254
f 2788/24/2256 2800/24/2268 2799/24/2267 2787/24/2255
f 2790/24/2257 2802/24/2269 2801/24/2270 2789/24/2258
f 2791/24/2259 2803/24/2271 2802/24/2269 2790/24/2257
f 2792/24/2260 2804/24/2272 2803/24/2271 2791/24/2259
f 2793/24/2261 2805/24/2273 2804/24/2272 2792/24/2260
f 2794/24/2262 2806/24/2274 2805/24/2273 2793/24/2261
f 2795/24/2263 2807/24/2275 2806/24/2274 2794/24/2262
f 2796/24/2264 2808/24/2276 2807/24/2275 2795/24/2263
f 2797/24/2265 2809/24/2277 2808/24/2276 2796/24/2264
f 2798/24/2266 2810/24/2278 2809/24/2277 2797/24/2265
f 2799/24/2267 2811/24/2279 2810/24/2278 2798/24/2266
f 2800/24/2268 2812/24/2280 2811/24/2279 2799/24/2267
f 2802/24/2269 2814/24/2281 2813/24/2282 2801/24/2270
f 2803/24/2271 2815/24/2283 2814/24/2281 2802/24/2269
f 2804/24/2272 2816/24/2284 2815/24/2283 2803/24/2271
f 2805/24/2273 2817/24/2285 2816/24/2284 2804/24/2272
f 2806/24/2274 2818/24/2286 2817/24/2285 2805/24/2273
f 2807/24/2275 2819/24/2287 2818/24/2286 2806/24/2274
f 2808/24/2276 2820/24/2288 2819/24/2287 2807/24/2275
f 2809/24/2277 2821/24/2289 2820/24/2288 2808/24/2276
f 2810/24/2278 2822/24/2290 2821/24/2289 2809/24/2277
f 2811/24/2279 2823/24/2291 2822/24/2290 2810/24/2278
f 2812/24/2280 2824/24/2292 2823/24/2291 2811/24/2279
f 2814/24/2281 2826/24/2293 2825/24/2294 2813/24/2282
f 2815/24/2283 2827/24/2295 2826/24/2293 2814/24/2281
f 2816/24/2284 2828/24/2296 2827/24/2295 2815/24/2283
f 2817/24/2285 2829/24/2297 2828/24/2296 2816/24/2284
f 2818/24/2286 2830/24/2298 2829/24/2297 2817/24/2285
f 2819/24/2287 2831/24/2299 2830/24/2298 2818/24/2286
f 2820/24/2288 2832/24/2300 2831/24/2299 2819/24/2287
f 2821/24/2289 2833/24/2301 2832/24/2300 2820/24/2288
f 2822/24/2290 2834/24/2302 2833/24/2301 2821/24/2289
f 2823/24/2291 2835/24/2303 2834/24/2302 2822/24/2290
f 2824/24/2292 2836/24/2304 2835/24/2303 2823/24/2291
f 2826/24/2293 2838/24/2305 2837/24/2306 2825/24/2294
f 2827/24/2295 2839/24/2307 2838/24/2305 2826/24/2293
f 2828/24/2296 2840/24/2308 2839/24/2307 2827/24/2295
f 2829/24/2297 2841/24/2309 2840/24/2308 2828/24/2296
f 2830/24/2298 2842/24/2310 2841/24/2309 2829/24/2297
f 2831/24/2299 2843/24/2311 2842/24/2310 2830/24/2298
f 2832/24/2300 2844/24/2312 2843/24/2311 2831/24/2299
f 2833/24/2301 2845/24/2313 2844/24/2312 2832/24/2300
f 2834/24/2302 2846/24/2314 2845/24/2313 2833/24/2301
f 2835/24/2303 2847/24/2315 2846/24/2314 2834/24/2302
f 2836/24/2304 2848/24/2316 2847/24/2315 2835/24/2303
f 2838/24/2305 2850/24/2317 2849/24/2318 2837/24/2306
f 2839/24/2307 2851/24/2319 2850/24/2317 2838/24/2305
f 2840/24/2308 2852/24/2320 2851/24/2319 2839/24/2307
f 2841/24/2309 2853/24/2321 2852/24/2320 2840/24/2308
f 2842/24/2310 2854/24/2322 2853/24/2321 2841/24/2309
f 2843/24/2311 2855/24/2323 2854/24/2322 2842/24/2310
f 2844/24/2312 2856/24/2324 2855/24/2323 2843/24/2311
f 2845/24/2313 2857/24/2325 2856/24/2324 2844/24/2312
f 2846/24/2314 2858/24/2326 2857/24/2325 2845/24/2313
f 2847/24/2315 2859/24/2327 2858/24/2326 2846/24/2314
f 2848/24/2316 2860/24/2328 2859/24/2327 2847/24/2315
f 2850/24/2317 2862/24/2329 2861/24/2330 2849/24/2318
f 2851/24/2319 2863/24/2331 2862/24/2329 2850/24/2317
f 2852/24/2320 2864/24/2332 2863/24/2331 2851/24/2319
f 2853/24/2321 2865/24/2333 2864/24/2332 2852/24/2320
f 2854/24/2322 2866/24/2334 2865/24/2333 2853/24/2321
f 2855/24/2323 2867/24/2335 2866/24/2334 2854/24/2322
f 2856/24/2324 2868/24/2336 2867/24/2335 2855/24/2323
f 2857/24/2325 2869/24/2337 2868/24/2336 2856/24/2324
f 2858/24/2326 2870/24/2338 2869/24/2337 2857/24/2325
f 2859/24/2327 2871/24/2339 2870/24/2338 2858/24/2326
f 2860/24/2328 2872/24/2340 2871/24/2339 2859/24/2327
f 2862/24/2329 2874/24/2341 2873/24/2342 2861/24/2330
f 2863/24/2331 2875/24/2343 2874/24/2341 2862/24/2329
f 2864/24/2332 2876/24/2344 2875/24/2343 2863/24/2331
f 2865/24/2333 2877/24/2345 2876/24/2344 2864/24/2332
f 2866/24/2334 2878/24/2346 2877/24/2345 2865/24/2333
f 2867/24/2335 2879/24/2347 2878/24/2346 2866/24/2334
f 2868/24/2336 2880/24/2348 2879/24/2347 2867/24/2335
f 2869/24/2337 2881/24/2349 2880/24/2348 2868/24/2336
f 2870/24/2338 2882/24/2350 2881/24/2349 2869/24/2337
f 2871/24/2339 2883/24/2351 2882/24/2350 2870/24/2338
f 2872/24/2340 2884/24/2352 2883/24/2351 2871/24/2339
f 2874/24/2341 2886/24/2353 2885/24/2354 2873/24/2342
f 2875/24/2343 2887/24/2355 2886/24/2353 2874/24/2341
f 2876/24/2344 2888/24/2356 2887/24/2355 2875/24/2343
f 2877/24/2345 2889/24/2357 2888/24/2356 2876/24/2344
f 2878/24/2346 2890/24/2358 2889/24/2357 2877/24/2345
f 2879/24/2347 2891/24/2359 2890/24/2358 2878/24/2346
f 2880/24/2348 2892/24/2360 2891/24/2359 2879/24/2347
f 2881/24/2349 2893/24/2361 2892/24/2360 2880/24/2348
f 2882/24/2350 2894/24/2362 2893/24/2361 2881/24/2349
f 2883/24/2351 2895/24/2363 2894/24/2362 2882/24/2350
f 2884/24/2352 2896/24/2364 2895/24/2363 2883/24/2351
f 2886/24/2353 2898/24/2365 2897/24/2366 2885/24/2354
f 2887/24/2355 2899/24/2367 2898/24/2365 2886/24/2353
f 2888/24/2356 2900/24/2368 2899/24/2367 2887/24/2355
f 2889/24/2357 2901/24/2369 2900/24/2368 2888/24/2356
f 2890/24/2358 2902/24/2370 2901/24/2369 2889/24/2357
f 2891/24/2359 2903/24/2371 2902/24/2370 2890/24/2358
f 2892/24/2360 2904/24/2372 2903/24/2371 2891/24/2359
f 2893/24/2361 2905/24/2373 2904/24/2372 2892/24/2360
f 2894/24/2362 2906/24/2374 2905/24/2373 2893/24/2361
f 2895/24/2363 2907/24/2375 2906/24/2374 2894/24/2362
f 2896/24/2364 2908/24/2376 2907/24/2375 2895/24/2363
f 2898/24/2365 2910/24/2377 2909/24/2378 2897/24/2366
f 2899/24/2367 2911/24/2379 2910/24/2377 2898/24/2365
f 2900/24/2368 2912/24/2380 2911/24/2379 2899/24/2367
f 2901/24/2369 2913/24/2381 2912/24/2380 2900/24/2368
f 2902/24/2370 2914/24/2382 2913/24/2381 2901/24/2369
f 2903/24/2371 2915/24/2383 2914/24/2382 2902/24/2370
f 2904/24/2372 2916/24/2384 2915/24/2383 2903/24/2371
f 2905/24/2373 2917/24/2385 2916/24/2384 2904/24/2372
f 2906/24/2374 2918/24/2386 2917/24/2385 2905/24/2373
f 2907/24/2375 2919/24/2387 2918/24/2386 2906/24/2374
f 2908/24/2376 2920/24/2388 2919/24/2387 2907/24/2375
f 2910/24/2377 2922/24/2389 2921/24/2390 2909/24/2378
f 2911/24/2379 2923/24/2391 2922/24/2389 2910/24/2377
f 2912/24/2380 2924/24/2392 2923/24/2391 2911/24/2379
f 2913/24/2381 2925/24/2393 2924/24/2392 2912/24/2380
f 2914/24/2382 2926/24/2394 2925/24/2393 2913/24/2381
f 2915/24/2383 2927/24/2395 2926/24/2394 2914/24/2382
f 2916/24/2384 2928/24/2396 2927/24/2395 2915/24/2383
f 2917/24/2385 2929/24/2397 2928/24/2396 2916/24/2384
f 2918/24/2386 2930/24/2398 2929/24/2397 2917/24/2385
f 2919/24/2387 2931/24/2399 2930/24/2398 2918/24/2386
f 2920/24/2388 2932/24/2400 2931/24/2399 2919/24/2387
f 2922/24/2389 2934/24/2401 2933/24/2402 2921/24/2390
f 2923/24/2391 2935/24/2403 2934/24/2401 2922/24/2389
f 2924/24/2392 2936/24/2404 2935/24/2403 2923/24/2391
f 2925/24/2393 2937/24/2405 2936/24/2404 2924/24/2392
f 2926/24/2394 2938/24/2406 2937/24/2405 2925/24/2393
f 2927/24/2395 2939/24/2407 2938/24/2406 2926/24/2394
f 2928/24/2396 2940/24/2408 2939/24/2407 2927/24/2395
f 2929/24/2397 2941/24/2409 2940/24/2408 2928/24/2396
f 2930/24/2398 2942/24/2410 2941/24/2409 2929/24/2397
f 2931/24/2399 2943/24/2411 2942/24/2410 2930/24/2398
f 2932/24/2400 2944/24/2412 2943/24/2411 2931/24/2399
f 2934/24/2401 2946/24/2413 2945/24/2414 2933/24/2402
f 2935/24/2403 2947/24/2415 2946/24/2413 2934/24/2401
f 2936/24/2404 2948/24/2416 2947/24/2415 2935/24/2403
f 2937/24/2405 2949/24/2417 2948/24/2416 2936/24/2404
f 2938/24/2406 2950/24/2418 2949/24/2417 2937/24/2405
f 2939/24/2407 2951/24/2419 2950/24/2418 2938/24/2406
f 2940/24/2408 2952/24/2420 2951/24/2419 2939/24/2407
f 2941/24/2409 2953/24/2421 2952/24/2420 2940/24/2408
f 2942/24/2410 2954/24/2422 2953/24/2421 2941/24/2409
f 2943/24/2411 2955/24/2423 2954/24/2422 2942/24/2410
f 2944/24/2412 2956/24/2424 2955/24/2423 2943/24/2411
f 2946/24/2413 2958/24/2425 2957/24/2426 2945/24/2414
f 2947/24/2415 2959/24/2427 2958/24/2425 2946/24/2413
f 2948/24/2416 2960/24/2428 2959/24/2427 2947/24/2415
f 2949/24/2417 2961/24/2429 2960/24/2428 2948/24/2416
f 2950/24/2418 2962/24/2430 2961/24/2429 2949/24/2417
f 2951/24/2419 2963/24/2431 2962/24/2430 2950/24/2418
f 2952/24/2420 2964/24/2432 2963/24/2431 2951/24/2419
f 2953/24/2421 2965/24/2433 2964/24/2432 2952/24/2420
f 2954/24/2422 2966/24/2434 2965/24/2433 2953/24/2421
f 2955/24/2423 2967/24/2435 2966/24/2434 2954/24/2422
f 2956/24/2424 2968/24/2436 2967/24/2435 2955/24/2423
f 2958/24/2425 2970/24/2437 2969/24/2438 2957/24/2426
f 2959/24/2427 2971/24/2439 2970/24/2437 2958/24/2425
f 2960/24/2428 2972/24/2440 2971/24/2439 2959/24/2427
f 2961/24/2429 2973/24/2441 2972/24/2440 2960/24/2428
f 2962/24/2430 2974/24/2442 2973/24/2441 2961/24/2429
f 2963/24/2431 2975/24/2443 2974/24/2442 2962/24/2430
f 2964/24/2432 2976/24/2444 2975/24/2443 2963/24/2431
f 2965/24/2433 2977/24/2445 2976/24/2444 2964/24/2432
f 2966/24/2434 2978/24/2446 2977/24/2445 2965/24/2433
f 2967/24/2435 2979/24/2447 2978/24/2446 2966/24/2434
f 2968/24/2436 2980/24/2448 2979/24/2447 2967/24/2435
f 2970/24/2437 2982/24/2449 2981/24/2450 2969/24/2438
f 2971/24/2439 2983/24/2451 2982/24/2449 2970/24/2437
f 2972/24/2440 2984/24/2452 2983/24/2451 2971/24/2439
f 2973/24/2441 2985/24/2453 2984/24/2452 2972/24/2440
f 2974/24/2442 2986/24/2454 2985/24/2453 2973/24/2441
f 2975/24/2443 2987/24/2455 2986/24/2454 2974/24/2442
f 2976/24/2444 2988/24/2456 2987/24/2455 2975/24/2443
f 2977/24/2445 2989/24/2457 2988/24/2456 2976/24/2444
f 2978/24/2446 2990/24/2458 2989/24/2457 2977/24/2445
f 2979/24/2447 2991/24/2459 2990/24/2458 2978/24/2446
f 2980/24/2448 2992/24/2460 2991/24/2459 2979/24/2447
f 2982/24/2449 2334/24/1802 2333/24/1805 2981/24/2450
f 2983/24/2451 2335/24/1806 2334/24/1802 2982/24/2449
f 2984/24/2452 2336/24/1808 2335/24/1806 2983/24/2451
f 2985/24/2453 2337/24/1810 2336/24/1808 2984/24/2452
f 2986/24/2454 2338/24/1812 2337/24/1810 2985/24/2453
f 2987/24/2455 2339/24/1814 2338/24/1812 2986/24/2454
f 2988/24/2456 2340/24/1816 2339/24/1814 2987/24/2455
f 2989/24/2457 2341/24/1818 2340/24/1816 2988/24/2456
f 2990/24/2458 2342/24/1820 2341/24/1818 2989/24/2457
f 2991/24/2459 2343/24/1822 2342/24/1820 2990/24/2458
f 2992/24/2460 2344/24/1824 2343/24/1822 2991/24/2459
f 2994/24/2461 3006/24/2462 3005/24/2463 2993/24/2464
f 2995/24/2465 3007/24/2466 3006/24/2462 2994/24/2461
f 2996/24/2467 3008/24/2468 3007/24/2466 2995/24/2465
f 2997/24/2469 3009/24/2470 3008/24/2468 2996/24/2467
f 2998/24/2471 3010/24/2472 3009/24/2470 2997/24/2469
f 2999/24/2473 3011/24/2474 3010/24/2472 2998/24/2471
f 3000/24/2475 3012/24/2476 3011/24/2474 2999/24/2473
f 3001/24/2477 3013/24/2478 3012/24/2476 3000/24/2475
f 3002/24/2479 3014/24/2480 3013/24/2478 3001/24/2477
f 3003/24/2481 3015/24/2482 3014/24/2480 3002/24/2479
f 3004/24/2483 3016/24/2484 3015/24/2482 3003/24/2481
f 3006/24/2462 3018/24/2485 3017/24/2486 3005/24/2463
f 3007/24/2466 3019/24/2487 3018/24/2485 3006/24/2462
f 3008/24/2468 3020/24/2488 3019/24/2487 3007/24/2466
f 3009/24/2470 3021/24/2489 3020/24/2488 3008/24/2468
f 3010/24/2472 3022/24/2490 3021/24/2489 3009/24/2470
f 3011/24/2474 3023/24/2491 3022/24/2490 3010/24/2472
f 3012/24/2476 3024/24/2492 3023/24/2491 3011/24/2474
f 3013/24/2478 3025/24/2493 3024/24/2492 3012/24/2476
f 3014/24/2480 3026/24/2494 3025/24/2493 3013/24/2478
f 3015/24/2482 3027/24/2495 3026/24/2494 3014/24/2480
f 3016/24/2484 3028/24/2496 3027/24/2495 3015/24/2482
f 3018/24/2485 3030/24/2497 3029/24/2498 3017/24/2486
f 3019/24/2487 3031/24/2499 3030/24/2497 3018/24/2485
f 3020/24/2488 3032/24/2500 3031/24/2499 3019/24/2487
f 3021/24/2489 3033/24/2501 3032/24/2500 3020/24/2488
f 3022/24/2490 3034/24/2502 3033/24/2501 3021/24/2489
f 3023/24/2491 3035/24/2503 3034/24/2502 3022/24/2490
f 3024/24/2492 3036/24/2504 3035/24/2503 3023/24/2491
f 3025/24/2493 3037/24/2505 3036/24/2504 3024/24/2492
f 3026/24/2494 3038/24/2506 3037/24/2505 3025/24/2493
f 3027/24/2495 3039/24/2507 3038/24/2506 3026/24/2494
f 3028/24/2496 3040/24/2508 3039/24/2507 3027/24/2495
f 3030/24/2497 3042/24/2509 3041/24/2510 3029/24/2498
f 3031/24/2499 3043/24/2511 3042/24/2509 3030/24/2497
f 3032/24/2500 3044/24/2512 3043/24/2511 3031/24/2499
f 3033/24/2501 3045/24/2513 3044/24/2512 3032/24/2500
f 3034/24/2502 3046/24/2514 3045/24/2513 3033/24/2501
f 3035/24/2503 3047/24/2515 3046/24/2514 3034/24/2502
f 3036/24/2504 3048/24/2516 3047/24/2515 3035/24/2503
f 3037/24/2505 3049/24/2517 3048/24/2516 3036/24/2504
f 3038/24/2506 3050/24/2518 3049/24/2517 3037/24/2505
f 3039/24/2507 3051/24/2519 3050/24/2518 3038/24/2506
f 3040/24/2508 3052/24/2520 3051/24/2519 3039/24/2507
f 3042/24/2509 3054/24/2521 3053/24/2522 3041/24/2510
f 3043/24/2511 3055/24/2523 3054/24/2521 3042/24/2509
f 3044/24/2512 3056/24/2524 3055/24/2523 3043/24/2511
f 3045/24/2513 3057/24/2525 3056/24/2524 3044/24/2512
f 3046/24/2514 3058/24/2526 3057/24/2525 3045/24/2513
f 3047/24/2515 3059/24/2527 3058/24/2526 3046/24/2514
f 3048/24/2516 3060/24/2528 3059/24/2527 3047/24/2515
f 3049/24/2517 3061/24/2529 3060/24/2528 3048/24/2516
f 3050/24/2518 3062/24/2530 3061/24/2529 3049/24/2517
f 3051/24/2519 3063/24/2531 3062/24/2530 3050/24/2518
f 3052/24/2520 3064/24/2532 3063/24/2531 3051/24/2519
f 3054/24/2521 3066/24/2533 3065/24/2534 3053/24/2522
f 3055/24/2523 3067/24/2535 3066/24/2533 3054/24/2521
f 3056/24/2524 3068/24/2536 3067/24/2535 3055/24/2523
f 3057/24/2525 3069/24/2537 3068/24/2536 3056/24/2524
f 3058/24/2526 3070/24/2538 3069/24/2537 3057/24/2525
f 3059/24/2527 3071/24/2539 3070/24/2538 3058/24/2526
f 3060/24/2528 3072/24/2540 3071/24/2539 3059/24/2527
f 3061/24/2529 3073/24/2541 3072/24/2540 3060/24/2528
f 3062/24/2530 3074/24/2542 3073/24/2541 3061/24/2529
f 3063/24/2531 3075/24/2543 3074/24/2542 3062/24/2530
f 3064/24/2532 3076/24/2544 3075/24/2543 3063/24/2531
f 3066/24/2533 3078/24/2545 3077/24/2546 3065/24/2534
f 3067/24/2535 3079/24/2547 3078/24/2545 3066/24/2533
f 3068/24/2536 3080/24/2548 3079/24/2547 3067/24/2535
f 3069/24/2537 3081/24/2549 3080/24/2548 3068/24/2536
f 3070/24/2538 3082/24/2550 3081/24/2549 3069/24/2537
f 3071/24/2539 3083/24/2551 3082/24/2550 3070/24/2538
f 3072/24/2540 3084/24/2552 3083/24/2551 3071/24/2539
f 3073/24/2541 3085/24/2553 3084/24/2552 3072/24/2540
f 3074/24/2542 3086/24/2554 3085/24/2553 3073/24/2541
f 3075/24/2543 3087/24/2555 3086/24/2554 3074/24/2542
f 3076/24/2544 3088/24/2556 3087/24/2555 3075/24/2543
f 3078/24/2545 3090/24/2557 3089/24/2558 3077/24/2546
f 3079/24/2547 3091/24/2559 3090/24/2557 3078/24/2545
f 3080/24/2548 3092/24/2560 3091/24/2559 3079/24/2547
f 3081/24/2549 3093/24/2561 3092/24/2560 3080/24/2548
f 3082/24/2550 3094/24/2562 3093/24/2561 3081/24/2549
f 3083/24/2551 3095/24/2563 3094/24/2562 3082/24/2550
f 3084/24/2552 3096/24/2564 3095/24/2563 3083/24/2551
f 3085/24/2553 3097/24/2565 3096/24/2564 3084/24/2552
f 3086/24/2554 3098/24/2566 3097/24/2565 3085/24/2553
f 3087/24/2555 3099/24/2567 3098/24/2566 3086/24/2554
f 3088/24/2556 3100/24/2568 3099/24/2567 3087/24/2555
f 3090/24/2557 3102/24/2569 3101/24/2570 3089/24/2558
f 3091/24/2559 3103/24/2571 3102/24/2569 3090/24/2557
f 3092/24/2560 3104/24/2572 3103/24/2571 3091/24/2559
f 3093/24/2561 3105/24/2573 3104/24/2572 3092/24/2560
f 3094/24/2562 3106/24/2574 3105/24/2573 3093/24/2561
f 3095/24/2563 3107/24/2575 3106/24/2574 3094/24/2562
f 3096/24/2564 3108/24/2576 3107/24/2575 3095/24/2563
f 3097/24/2565 3109/24/2577 3108/24/2576 3096/24/2564
f 3098/24/2566 3110/24/2578 3109/24/2577 3097/24/2565
f 3099/24/2567 3111/24/2579 3110/24/2578 3098/24/2566
f 3100/24/2568 3112/24/2580 3111/24/2579 3099/24/2567
f 3102/24/2569 3114/24/2581 3113/24/2582 3101/24/2570
f 3103/24/2571 3115/24/2583 3114/24/2581 3102/24/2569
f 3104/24/2572 3116/24/2584 3115/24/2583 3103/24/2571
f 3105/24/2573 3117/24/2585 3116/24/2584 3104/24/2572
f 3106/24/2574 3118/24/2586 3117/24/2585 3105/24/2573
f 3107/24/2575 3119/24/2587 3118/24/2586 3106/24/2574
f 3108/24/2576 3120/24/2588 3119/24/2587 3107/24/2575
f 3109/24/2577 3121/24/2589 3120/24/2588 3108/24/2576
f 3110/24/2578 3122/24/2590 3121/24/2589 3109/24/2577
f 3111/24/2579 3123/24/2591 3122/24/2590 3110/24/2578
f 3112/24/2580 3124/24/2592 3123/24/2591 3111/24/2579
f 3114/24/2581 3126/24/2593 3125/24/2594 3113/24/2582
f 3115/24/2583 3127/24/2595 3126/24/2593 3114/24/2581
f 3116/24/2584 3128/24/2596 3127/24/2595 3115/24/2583
f 3117/24/2585 3129/24/2597 3128/24/2596 3116/24/2584
f 3118/24/2586 3130/24/2598 3129/24/2597 3117/24/2585
f 3119/24/2587 3131/24/2599 3130/24/2598 3118/24/2586
f 3120/24/2588 3132/24/2600 3131/24/2599 3119/24/2587
f 3121/24/2589 3133/24/2601 3132/24/2600 3120/24/2588
f 3122/24/2590 3134/24/2602 3133/24/2601 3121/24/2589
f 3123/24/2591 3135/24/2603 3134/24/2602 3122/24/2590
f 3124/24/2592 3136/24/2604 3135/24/2603 3123/24/2591
f 3126/24/2593 3138/24/2605 3137/24/2606 3125/24/2594
f 3127/24/2595 3139/24/2607 3138/24/2605 3126/24/2593
f 3128/24/2596 3140/24/2608 3139/24/2607 3127/24/2595
f 3129/24/2597 3141/24/2609 3140/24/2608 3128/24/2596
f 3130/24/2598 3142/24/2610 3141/24/2609 3129/24/2597
f 3131/24/2599 3143/24/2611 3142/24/2610 3130/24/2598
f 3132/24/2600 3144/24/2612 3143/24/2611 3131/24/2599
f 3133/24/2601 3145/24/2613 3144/24/2612 3132/24/2600
f 3134/24/2602 3146/24/2614 3145/24/2613 3133/24/2601
f 3135/24/2603 3147/24/2615 3146/24/2614 3134/24/2602
f 3136/24/2604 3148/24/2616 3147/24/2615 3135/24/2603
f 3138/24/2605 3150/24/2617 3149/24/2618 3137/24/2606
f 3139/24/2607 3151/24/2619 3150/24/2617 3138/24/2605
f 3140/24/2608 3152/24/2620 3151/24/2619 3139/24/2607
f 3141/24/2609 3153/24/2621 3152/24/2620 3140/24/2608
f 3142/24/2610 3154/24/2622 3153/24/2621 3141/24/2609
f 3143/24/2611 3155/24/2623 3154/24/2622 3142/24/2610
f 3144/24/2612 3156/24/2624 3155/24/2623 3143/24/2611
f 3145/24/2613 3157/24/2625 3156/24/2624 3144/24/2612
f 3146/24/2614 3158/24/2626 3157/24/2625 3145/24/2613
f 3147/24/2615 3159/24/2627 3158/24/2626 3146/24/2614
f 3148/24/2616 3160/24/2628 3159/24/2627 3147/24/2615
f 3150/24/2617 3162/24/2629 3161/24/2630 3149/24/2618
f 3151/24/2619 3163/24/2631 3162/24/2629 3150/24/2617
f 3152/24/2620 3164/24/2632 3163/24/2631 3151/24/2619
f 3153/24/2621 3165/24/2633 3164/24/2632 3152/24/2620
f 3154/24/2622 3166/24/2634 3165/24/2633 3153/24/2621
f 3155/24/2623 3167/24/2635 3166/24/2634 3154/24/2622
f 3156/24/2624 3168/24/2636 3167/24/2635 3155/24/2623
f 3157/24/2625 3169/24/2637 3168/24/2636 3156/24/2624
f 3158/24/2626 3170/24/2638 3169/24/2637 3157/24/2625
f 3159/24/2627 3171/24/2639 3170/24/2638 3158/24/2626
f 3160/24/2628 3172/24/2640 3171/24/2639 3159/24/2627
f 3162/24/2629 3174/24/2641 3173/24/2642 3161/24/2630
f 3163/24/2631 3175/24/2643 3174/24/2641 3162/24/2629
f 3164/24/2632 3176/24/2644 3175/24/2643 3163/24/2631
f 3165/24/2633 3177/24/2645 3176/24/2644 3164/24/2632
f 3166/24/2634 3178/24/2646 3177/24/2645 3165/24/2633
f 3167/24/2635 3179/24/2647 3178/24/2646 3166/24/2634
f 3168/24/2636 3180/24/2648 3179/24/2647 3167/24/2635
f 3169/24/2637 3181/24/2649 3180/24/2648 3168/24/2636
f 3170/24/2638 3182/24/2650 3181/24/2649 3169/24/2637
f 3171/24/2639 3183/24/2651 3182/24/2650 3170/24/2638
f 3172/24/2640 3184/24/2652 3183/24/2651 3171/24/2639
f 3174/24/2641 3186/24/2653 3185/24/2654 3173/24/2642
f 3175/24/2643 3187/24/2655 3186/24/2653 3174/24/2641
f 3176/24/2644 3188/24/2656 3187/24/2655 3175/24/2643
f 3177/24/2645 3189/24/2657 3188/24/2656 3176/24/2644
f 3178/24/2646 3190/24/2658 3189/24/2657 3177/24/2645
f 3179/24/2647 3191/24/2659 3190/24/2658 3178/24/2646
f 3180/24/2648 3192/24/2660 3191/24/2659 3179/24/2647
f 3181/24/2649 3193/24/2661 3192/24/2660 3180/24/2648
f 3182/24/2650 3194/24/2662 3193/24/2661 3181/24/2649
f 3183/24/2651 3195/24/2663 3194/24/2662 3182/24/2650
f 3184/24/2652 3196/24/2664 3195/24/2663 3183/24/2651
f 3186/24/2653 3198/24/2665 3197/24/2666 3185/24/2654
f 3187/24/2655 3199/24/2667 3198/24/2665 3186/24/2653
f 3188/24/2656 3200/24/2668 3199/24/2667 3187/24/2655
f 3189/24/2657 3201/24/2669 3200/24/2668 3188/24/2656
f 3190/24/2658 3202/24/2670 3201/24/2669 3189/24/2657
f 3191/24/2659 3203/24/2671 3202/24/2670 3190/24/2658
f 3192/24/2660 3204/24/2672 3203/24/2671 3191/24/2659
f 3193/24/2661 3205/24/2673 3204/24/2672 3192/24/2660
f 3194/24/2662 3206/24/2674 3205/24/2673 3193/24/2661
f 3195/24/2663 3207/24/2675 3206/24/2674 3194/24/2662
f 3196/24/2664 3208/24/2676 3207/24/2675 3195/24/2663
f 3198/24/2665 3210/24/2677 3209/24/2678 3197/24/2666
f 3199/24/2667 3211/24/2679 3210/24/2677 3198/24/2665
f 3200/24/2668 3212/24/2680 3211/24/2679 3199/24/2667
f 3201/24/2669 3213/24/2681 3212/24/2680 3200/24/2668
f 3202/24/2670 3214/24/2682 3213/24/2681 3201/24/2669
f 3203/24/2671 3215/24/2683 3214/24/2682 3202/24/2670
f 3204/24/2672 3216/24/2684 3215/24/2683 3203/24/2671
f 3205/24/2673 3217/24/2685 3216/24/2684 3204/24/2672
f 3206/24/2674 3218/24/2686 3217/24/2685 3205/24/2673
f 3207/24/2675 3219/24/2687 3218/24/2686 3206/24/2674
f 3208/24/2676 3220/24/2688 3219/24/2687 3207/24/2675
f 3210/24/2677 3222/24/2689 3221/24/2690 3209/24/2678
f 3211/24/2679 3223/24/2691 3222/24/2689 3210/24/2677
f 3212/24/2680 3224/24/2692 3223/24/2691 3211/24/2679
f 3213/24/2681 3225/24/2693 3224/24/2692 3212/24/2680
f 3214/24/2682 3226/24/2694 3225/24/2693 3213/24/2681
f 3215/24/2683 3227/24/2695 3226/24/2694 3214/24/2682
f 3216/24/2684 3228/24/2696 3227/24/2695 3215/24/2683
f 3217/24/2685 3229/24/2697 3228/24/2696 3216/24/2684
f 3218/24/2686 3230/24/2698 3229/24/2697 3217/24/2685
f 3219/24/2687 3231/24/2699 3230/24/2698 3218/24/2686
f 3220/24/2688 3232/24/2700 3231/24/2699 3219/24/2687
f 3222/24/2689 3234/24/2701 3233/24/2702 3221/24/2690
f 3223/24/2691 3235/24/2703 3234/24/2701 3222/24/2689
f 3224/24/2692 3236/24/2704 3235/24/2703 3223/24/2691
f 3225/24/2693 3237/24/2705 3236/24/2704 3224/24/2692
f 3226/24/2694 3238/24/2706 3237/24/2705 3225/24/2693
f 3227/24/2695 3239/24/2707 3238/24/2706 3226/24/2694
f 3228/24/2696 3240/24/2708 3239/24/2707 3227/24/2695
f 3229/24/2697 3241/24/2709 3240/24/2708 3228/24/2696
f 3230/24/2698 3242/24/2710 3241/24/2709 3229/24/2697
f 3231/24/2699 3243/24/2711 3242/24/2710 3230/24/2698
f 3232/24/2700 3244/24/2712 3243/24/2711 3231/24/2699
f 3234/24/2701 3246/24/2713 3245/24/2714 3233/24/2702
f 3235/24/2703 3247/24/2715 3246/24/2713 3234/24/2701
f 3236/24/2704 3248/24/2716 3247/24/2715 3235/24/2703
f 3237/24/2705 3249/24/2717 3248/24/2716 3236/24/2704
f 3238/24/2706 3250/24/2718 3249/24/2717 3237/24/2705
f 3239/24/2707 3251/24/2719 3250/24/2718 3238/24/2706
f 3240/24/2708 3252/24/2720 3251/24/2719 3239/24/2707
f 3241/24/2709 3253/24/2721 3252/24/2720 3240/24/2708
f 3242/24/2710 3254/24/2722 3253/24/2721 3241/24/2709
f 3243/24/2711 3255/24/2723 3254/24/2722 3242/24/2710
f 3244/24/2712 3256/24/2724 3255/24/2723 3243/24/2711
f 3246/24/2713 3258/24/2725 3257/24/2726 3245/24/2714
f 3247/24/2715 3259/24/2727 3258/24/2725 3246/24/2713
f 3248/24/2716 3260/24/2728 3259/24/2727 3247/24/2715
f 3249/24/2717 3261/24/2729 3260/24/2728 3248/24/2716
f 3250/24/2718 3262/24/2730 3261/24/2729 3249/24/2717
f 3251/24/2719 3263/24/2731 3262/24/2730 3250/24/2718
f 3252/24/2720 3264/24/2732 3263/24/2731 3251/24/2719
f 3253/24/2721 3265/24/2733 3264/24/2732 3252/24/2720
f 3254/24/2722 3266/24/2734 3265/24/2733 3253/24/2721
f 3255/24/2723 3267/24/2735 3266/24/2734 3254/24/2722
f 3256/24/2724 3268/24/2736 3267/24/2735 3255/24/2723
f 3258/24/2725 3270/24/2737 3269/24/2738 3257/24/2726
f 3259/24/2727 3271/24/2739 3270/24/2737 3258/24/2725
f 3260/24/2728 3272/24/2740 3271/24/2739 3259/24/2727
f 3261/24/2729 3273/24/2741 3272/24/2740 3260/24/2728
f 3262/24/2730 3274/24/2742 3273/24/2741 3261/24/2729
f 3263/24/2731 3275/24/2743 3274/24/2742 3262/24/2730
f 3264/24/2732 3276/24/2744 3275/24/2743 3263/24/2731
f 3265/24/2733 3277/24/2745 3276/24/2744 3264/24/2732
f 3266/24/2734 3278/24/2746 3277/24/2745 3265/24/2733
f 3267/24/2735 3279/24/2747 3278/24/2746 3266/24/2734
f 3268/24/2736 3280/24/2748 3279/24/2747 3267/24/2735
f 3270/24/2737 3282/24/2749 3281/24/2750 3269/24/2738
f 3271/24/2739 3283/24/2751 3282/24/2749 3270/24/2737
f 3272/24/2740 3284/24/2752 3283/24/2751 3271/24/2739
f 3273/24/2741 3285/24/2753 3284/24/2752 3272/24/2740
f 3274/24/2742 3286/24/2754 3285/24/2753 3273/24/2741
f 3275/24/2743 3287/24/2755 3286/24/2754 3274/24/2742
f 3276/24/2744 3288/24/2756 3287/24/2755 3275/24/2743
f 3277/24/2745 3289/24/2757 3288/24/2756 3276/24/2744
f 3278/24/2746 3290/24/2758 3289/24/2757 3277/24/2745
f 3279/24/2747 3291/24/2759 3290/24/2758 3278/24/2746
f 3280/24/2748 3292/24/2760 3291/24/2759 3279/24/2747
f 3282/24/2749 3294/24/2761 3293/24/2762 3281/24/2750
f 3283/24/2751 3295/24/2763 3294/24/2761 3282/24/2749
f 3284/24/2752 3296/24/2764 3295/24/2763 3283/24/2751
f 3285/24/2753 3297/24/2765 3296/24/2764 3284/24/2752
f 3286/24/2754 3298/24/2766 3297/24/2765 3285/24/2753
f 3287/24/2755 3299/24/2767 3298/24/2766 3286/24/2754
f 3288/24/2756 3300/24/2768 3299/24/2767 3287/24/2755
f 3289/24/2757 3301/24/2769 3300/24/2768 3288/24/2756
f 3290/24/2758 3302/24/2770 3301/24/2769 3289/24/2757
f 3291/24/2759 3303/24/2771 3302/24/2770 3290/24/2758
f 3292/24/2760 3304/24/2772 3303/24/2771 3291/24/2759
f 3294/24/2761 3306/24/2773 3305/24/2774 3293/24/2762
f 3295/24/2763 3307/24/2775 3306/24/2773 3294/24/2761
f 3296/24/2764 3308/24/2776 3307/24/2775 3295/24/2763
f 3297/24/2765 3309/24/2777 3308/24/2776 3296/24/2764
f 3298/24/2766 3310/24/2778 3309/24/2777 3297/24/2765
f 3299/24/2767 3311/24/2779 3310/24/2778 3298/24/2766
f 3300/24/2768 3312/24/2780 3311/24/2779 3299/24/2767
f 3301/24/2769 3313/24/2781 3312/24/2780 3300/24/2768
f 3302/24/2770 3314/24/2782 3313/24/2781 3301/24/2769
f 3303/24/2771 3315/24/2783 3314/24/2782 3302/24/2770
f 3304/24/2772 3316/24/2784 3315/24/2783 3303/24/2771
f 3306/24/2773 3318/24/2785 3317/24/2786 3305/24/2774
f 3307/24/2775 3319/24/2787 3318/24/2785 3306/24/2773
f 3308/24/2776 3320/24/2788 3319/24/2787 3307/24/2775
f 3309/24/2777 3321/24/2789 3320/24/2788 3308/24/2776
f 3310/24/2778 3322/24/2790 3321/24/2789 3309/24/2777
f 3311/24/2779 3323/24/2791 3322/24/2790 3310/24/2778
f 3312/24/2780 3324/24/2792 3323/24/2791 3311/24/2779
f 3313/24/2781 3325/24/2793 3324/24/2792 3312/24/2780
f 3314/24/2782 3326/24/2794 3325/24/2793 3313/24/2781
f 3315/24/2783 3327/24/2795 3326/24/2794 3314/24/2782
f 3316/24/2784 3328/24/2796 3327/24/2795 3315/24/2783
f 3318/24/2785 3330/24/2797 3329/24/2798 3317/24/2786
f 3319/24/2787 3331/24/2799 3330/24/2797 3318/24/2785
f 3320/24/2788 3332/24/2800 3331/24/2799 3319/24/2787
f 3321/24/2789 3333/24/2801 3332/24/2800 3320/24/2788
f 3322/24/2790 3334/24/2802 3333/24/2801 3321/24/2789
f 3323/24/2791 3335/24/2803 3334/24/2802 3322/24/2790
f 3324/24/2792 3336/24/2804 3335/24/2803 3323/24/2791
f 3325/24/2793 3337/24/2805 3336/24/2804 3324/24/2792
f 3326/24/2794 3338/24/2806 3337/24/2805 3325/24/2793
f 3327/24/2795 3339/24/2807 3338/24/2806 3326/24/2794
f 3328/24/2796 3340/24/2808 3339/24/2807 3327/24/2795
f 3330/24/2797 3342/24/2809 3341/24/2810 3329/24/2798
f 3331/24/2799 3343/24/2811 3342/24/2809 3330/24/2797
f 3332/24/2800 3344/24/2812 3343/24/2811 3331/24/2799
f 3333/24/2801 3345/24/2813 3344/24/2812 3332/24/2800
f 3334/24/2802 3346/24/2814 3345/24/2813 3333/24/2801
f 3335/24/2803 3347/24/2815 3346/24/2814 3334/24/2802
f 3336/24/2804 3348/24/2816 3347/24/2815 3335/24/2803
f 3337/24/2805 3349/24/2817 3348/24/2816 3336/24/2804
f 3338/24/2806 3350/24/2818 3349/24/2817 3337/24/2805
f 3339/24/2807 3351/24/2819 3350/24/2818 3338/24/2806
f 3340/24/2808 3352/24/2820 3351/24/2819 3339/24/2807
f 3342/24/2809 3354/24/2821 3353/24/2822 3341/24/2810
f 3343/24/2811 3355/24/2823 3354/24/2821 3342/24/2809
f 3344/24/2812 3356/24/2824 3355/24/2823 3343/24/2811
f 3345/24/2813 3357/24/2825 3356/24/2824 3344/24/2812
f 3346/24/2814 3358/24/2826 3357/24/2825 3345/24/2813
f 3347/24/2815 3359/24/2827 3358/24/2826 3346/24/2814
f 3348/24/2816 3360/24/2828 3359/24/2827 3347/24/2815
f 3349/24/2817 3361/24/2829 3360/24/2828 3348/24/2816
f 3350/24/2818 3362/24/2830 3361/24/2829 3349/24/2817
f 3351/24/2819 3363/24/2831 3362/24/2830 3350/24/2818
f 3352/24/2820 3364/24/2832 3363/24/2831 3351/24/2819
f 3354/24/2821 3366/24/2833 3365/24/2834 3353/24/2822
f 3355/24/2823 3367/24/2835 3366/24/2833 3354/24/2821
f 3356/24/2824 3368/24/2836 3367/24/2835 3355/24/2823
f 3357/24/2825 3369/24/2837 3368/24/2836 3356/24/2824
f 3358/24/2826 3370/24/2838 3369/24/2837 3357/24/2825
f 3359/24/2827 3371/24/2839 3370/24/2838 3358/24/2826
f 3360/24/2828 3372/24/2840 3371/24/2839 3359/24/2827
f 3361/24/2829 3373/24/2841 3372/24/2840 3360/24/2828
f 3362/24/2830 3374/24/2842 3373/24/2841 3361/24/2829
f 3363/24/2831 3375/24/2843 3374/24/2842 3362/24/2830
f 3364/24/2832 3376/24/2844 3375/24/2843 3363/24/2831
f 3366/24/2833 3378/24/2845 3377/24/2846 3365/24/2834
f 3367/24/2835 3379/24/2847 3378/24/2845 3366/24/2833
f 3368/24/2836 3380/24/2848 3379/24/2847 3367/24/2835
f 3369/24/2837 3381/24/2849 3380/24/2848 3368/24/2836
f 3370/24/2838 3382/24/2850 3381/24/2849 3369/24/2837
f 3371/24/2839 3383/24/2851 3382/24/2850 3370/24/2838
f 3372/24/2840 3384/24/2852 3383/24/2851 3371/24/2839
f 3373/24/2841 3385/24/2853 3384/24/2852 3372/24/2840
f 3374/24/2842 3386/24/2854 3385/24/2853 3373/24/2841
f 3375/24/2843 3387/24/2855 3386/24/2854 3374/24/2842
f 3376/24/2844 3388/24/2856 3387/24/2855 3375/24/2843
f 3378/24/2845 3390/24/2857 3389/24/2858 3377/24/2846
f 3379/24/2847 3391/24/2859 3390/24/2857 3378/24/2845
f 3380/24/2848 3392/24/2860 3391/24/2859 3379/24/2847
f 3381/24/2849 3393/24/2861 3392/24/2860 3380/24/2848
f 3382/24/2850 3394/24/2862 3393/24/2861 3381/24/2849
f 3383/24/2851 3395/24/2863 3394/24/2862 3382/24/2850
f 3384/24/2852 3396/24/2864 3395/24/2863 3383/24/2851
f 3385/24/2853 3397/24/2865 3396/24/2864 3384/24/2852
f 3386/24/2854 3398/24/2866 3397/24/2865 3385/24/2853
f 3387/24/2855 3399/24/2867 3398/24/2866 3386/24/2854
f 3388/24/2856 3400/24/2868 3399/24/2867 3387/24/2855
f 3390/24/2857 3402/24/2869 3401/24/2870 3389/24/2858
f 3391/24/2859 3403/24/2871 3402/24/2869 3390/24/2857
f 3392/24/2860 3404/24/2872 3403/24/2871 3391/24/2859
f 3393/24/2861 3405/24/2873 3404/24/2872 3392/24/2860
f 3394/24/2862 3406/24/2874 3405/24/2873 3393/24/2861
f 3395/24/2863 3407/24/2875 3406/24/2874 3394/24/2862
f 3396/24/2864 3408/24/2876 3407/24/2875 3395/24/2863
f 3397/24/2865 3409/24/2877 3408/24/2876 3396/24/2864
f 3398/24/2866 3410/24/2878 3409/24/2877 3397/24/2865
f 3399/24/2867 3411/24/2879 3410/24/2878 3398/24/2866
f 3400/24/2868 3412/24/2880 3411/24/2879 3399/24/2867
f 3402/24/2869 3414/24/2881 3413/24/2882 3401/24/2870
f 3403/24/2871 3415/24/2883 3414/24/2881 3402/24/2869
f 3404/24/2872 3416/24/2884 3415/24/2883 3403/24/2871
f 3405/24/2873 3417/24/2885 3416/24/2884 3404/24/2872
f 3406/24/2874 3418/24/2886 3417/24/2885 3405/24/2873
f 3407/24/2875 3419/24/2887 3418/24/2886 3406/24/2874
f 3408/24/2876 3420/24/2888 3419/24/2887 3407/24/2875
f 3409/24/2877 3421/24/2889 3420/24/2888 3408/24/2876
f 3410/24/2878 3422/24/2890 3421/24/2889 3409/24/2877
f 3411/24/2879 3423/24/2891 3422/24/2890 3410/24/2878
f 3412/24/2880 3424/24/2892 3423/24/2891 3411/24/2879
f 3414/24/2881 3426/24/2893 3425/24/2894 3413/24/2882
f 3415/24/2883 3427/24/2895 3426/24/2893 3414/24/2881
f 3416/24/2884 3428/24/2896 3427/24/2895 3415/24/2883
f 3417/24/2885 3429/24/2897 3428/24/2896 3416/24/2884
f 3418/24/2886 3430/24/2898 3429/24/2897 3417/24/2885
f 3419/24/2887 3431/24/2899 3430/24/2898 3418/24/2886
f 3420/24/2888 3432/24/2900 3431/24/2899 3419/24/2887
f 3421/24/2889 3433/24/2901 3432/24/2900 3420/24/2888
f 3422/24/2890 3434/24/2902 3433/24/2901 3421/24/2889
f 3423/24/2891 3435/24/2903 3434/24/2902 3422/24/2890
f 3424/24/2892 3436/24/2904 3435/24/2903 3423/24/2891
f 3426/24/2893 3438/24/2437 3437/24/2438 3425/24/2894
f 3427/24/2895 3439/24/2439 3438/24/2437 3426/24/2893
f 3428/24/2896 3440/24/2905 3439/24/2439 3427/24/2895
f 3429/24/2897 3441/24/2441 3440/24/2905 3428/24/2896
f 3430/24/2898 3442/24/2442 3441/24/2441 3429/24/2897
f 3431/24/2899 3443/24/2443 3442/24/2442 3430/24/2898
f 3432/24/2900 3444/24/2444 3443/24/2443 3431/24/2899
f 3433/24/2901 3445/24/2445 3444/24/2444 3432/24/2900
f 3434/24/2902 3446/24/2446 3445/24/2445 3433/24/2901
f 3435/24/2903 3447/24/2447 3446/24/2446 3434/24/2902
f 3436/24/2904 3448/24/2448 3447/24/2447 3435/24/2903
f 3438/24/2437 3450/24/2449 3449/24/2450 3437/24/2438
f 3439/24/2439 3451/24/2451 3450/24/2449 3438/24/2437
f 3440/24/2905 3452/24/2452 3451/24/2451 3439/24/2439
f 3441/24/2441 3453/24/2453 3452/24/2452 3440/24/2905
f 3442/24/2442 3454/24/2454 3453/24/2453 3441/24/2441
f 3443/24/2443 3455/24/2455 3454/24/2454 3442/24/2442
f 3444/24/2444 3456/24/2456 3455/24/2455 3443/24/2443
f 3445/24/2445 3457/24/2457 3456/24/2456 3444/24/2444
f 3446/24/2446 3458/24/2458 3457/24/2457 3445/24/2445
f 3447/24/2447 3459/24/2459 3458/24/2458 3446/24/2446
f 3448/24/2448 3460/24/2460 3459/24/2459 3447/24/2447
f 3450/24/2449 3462/24/2413 3461/24/2414 3449/24/2450
f 3451/24/2451 3463/24/2415 3462/24/2413 3450/24/2449
f 3452/24/2452 3464/24/2416 3463/24/2415 3451/24/2451
f 3453/24/2453 3465/24/2417 3464/24/2416 3452/24/2452
f 3454/24/2454 3466/24/2418 3465/24/2417 3453/24/2453
f 3455/24/2455 3467/24/2419 3466/24/2418 3454/24/2454
f 3456/24/2456 3468/24/2420 3467/24/2419 3455/24/2455
f 3457/24/2457 3469/24/2421 3468/24/2420 3456/24/2456
f 3458/24/2458 3470/24/2422 3469/24/2421 3457/24/2457
f 3459/24/2459 3471/24/2423 3470/24/2422 3458/24/2458
f 3460/24/2460 3472/24/2424 3471/24/2423 3459/24/2459
f 3462/24/2413 2994/24/2461 2993/24/2464 3461/24/2414
f 3463/24/2415 2995/24/2465 2994/24/2461 3462/24/2413
f 3464/24/2416 2996/24/2467 2995/24/2465 3463/24/2415
f 3465/24/2417 2997/24/2469 2996/24/2467 3464/24/2416
f 3466/24/2418 2998/24/2471 2997/24/2469 3465/24/2417
f 3467/24/2419 2999/24/2473 2998/24/2471 3466/24/2418
f 3468/24/2420 3000/24/2475 2999/24/2473 3467/24/2419
f 3469/24/2421 3001/24/2477 3000/24/2475 3468/24/2420
f 3470/24/2422 3002/24/2479 3001/24/2477 3469/24/2421
f 3471/24/2423 3003/24/2481 3002/24/2479 3470/24/2422
f 3472/24/2424 3004/24/2483 3003/24/2481 3471/24/2423
f 3474/24/2906 3486/24/2907 3485/24/2908 3473/24/2909
f 3475/24/2910 3487/24/2911 3486/24/2907 3474/24/2906
f 3476/24/2912 3488/24/2913 3487/24/2911 3475/24/2910
f 3477/24/2914 3489/24/2915 3488/24/2913 3476/24/2912
f 3478/24/2916 3490/24/2917 3489/24/2915 3477/24/2914
f 3479/24/2918 3491/24/2919 3490/24/2917 3478/24/2916
f 3480/24/2920 3492/24/2921 3491/24/2919 3479/24/2918
f 3481/24/2922 3493/24/2923 3492/24/2921 3480/24/2920
f 3482/24/2924 3494/24/2925 3493/24/2923 3481/24/2922
f 3483/24/2926 3495/24/2927 3494/24/2925 3482/24/2924
f 3484/24/2928 3496/24/2929 3495/24/2927 3483/24/2926
f 3486/24/2907 3498/24/2930 3497/24/832 3485/24/2908
f 3487/24/2911 3499/24/2931 3498/24/2930 3486/24/2907
f 3488/24/2913 3500/24/2932 3499/24/2931 3487/24/2911
f 3489/24/2915 3501/24/2933 3500/24/2932 3488/24/2913
f 3490/24/2917 3502/24/2934 3501/24/2933 3489/24/2915
f 3491/24/2919 3503/24/2935 3502/24/2934 3490/24/2917
f 3492/24/2921 3504/24/2936 3503/24/2935 3491/24/2919
f 3493/24/2923 3505/24/2937 3504/24/2936 3492/24/2921
f 3494/24/2925 3506/24/2938 3505/24/2937 3493/24/2923
f 3495/24/2927 3507/24/2939 3506/24/2938 3494/24/2925
f 3496/24/2929 3508/24/2940 3507/24/2939 3495/24/2927
f 3498/24/2930 3510/24/2941 3509/24/2942 3497/24/832
f 3499/24/2931 3511/24/2943 3510/24/2941 3498/24/2930
f 3500/24/2932 3512/24/2944 3511/24/2943 3499/24/2931
f 3501/24/2933 3513/24/2945 3512/24/2944 3500/24/2932
f 3502/24/2934 3514/24/2946 3513/24/2945 3501/24/2933
f 3503/24/2935 3515/24/2947 3514/24/2946 3502/24/2934
f 3504/24/2936 3516/24/2948 3515/24/2947 3503/24/2935
f 3505/24/2937 3517/24/2949 3516/24/2948 3504/24/2936
f 3506/24/2938 3518/24/2950 3517/24/2949 3505/24/2937
f 3507/24/2939 3519/24/2951 3518/24/2950 3506/24/2938
f 3508/24/2940 3520/24/2952 3519/24/2951 3507/24/2939
f 3510/24/2941 3522/24/2953 3521/24/2954 3509/24/2942
f 3511/24/2943 3523/24/2955 3522/24/2953 3510/24/2941
f 3512/24/2944 3524/24/2956 3523/24/2955 3511/24/2943
f 3513/24/2945 3525/24/2957 3524/24/2956 3512/24/2944
f 3514/24/2946 3526/24/2958 3525/24/2957 3513/24/2945
f 3515/24/2947 3527/24/2959 3526/24/2958 3514/24/2946
f 3516/24/2948 3528/24/2960 3527/24/2959 3515/24/2947
f 3517/24/2949 3529/24/2961 3528/24/2960 3516/24/2948
f 3518/24/2950 3530/24/2962 3529/24/2961 3517/24/2949
f 3519/24/2951 3531/24/2963 3530/24/2962 3518/24/2950
f 3520/24/2952 3532/24/2964 3531/24/2963 3519/24/2951
f 3522/24/2953 3534/24/2965 3533/24/2966 3521/24/2954
f 3523/24/2955 3535/24/2967 3534/24/2965 3522/24/2953
f 3524/24/2956 3536/24/2968 3535/24/2967 3523/24/2955
f 3525/24/2957 3537/24/2969 3536/24/2968 3524/24/2956
f 3526/24/2958 3538/24/2970 3537/24/2969 3525/24/2957
f 3527/24/2959 3539/24/2971 3538/24/2970 3526/24/2958
f 3528/24/2960 3540/24/2972 3539/24/2971 3527/24/2959
f 3529/24/2961 3541/24/2973 3540/24/2972 3528/24/2960
f 3530/24/2962 3542/24/2974 3541/24/2973 3529/24/2961
f 3531/24/2963 3543/24/2975 3542/24/2974 3530/24/2962
f 3532/24/2964 3544/24/2976 3543/24/2975 3531/24/2963
f 3534/24/2965 3546/24/2977 3545/24/2978 3533/24/2966
f 3535/24/2967 3547/24/2979 3546/24/2977 3534/24/2965
f 3536/24/2968 3548/24/2980 3547/24/2979 3535/24/2967
f 3537/24/2969 3549/24/2981 3548/24/2980 3536/24/2968
f 3538/24/2970 3550/24/2982 3549/24/2981 3537/24/2969
f 3539/24/2971 3551/24/2983 3550/24/2982 3538/24/2970
f 3540/24/2972 3552/24/2984 3551/24/2983 3539/24/2971
f 3541/24/2973 3553/24/2985 3552/24/2984 3540/24/2972
f 3542/24/2974 3554/24/2986 3553/24/2985 3541/24/2973
f 3543/24/2975 3555/24/2987 3554/24/2986 3542/24/2974
f 3544/24/2976 3556/24/2988 3555/24/2987 3543/24/2975
f 3546/24/2977 3558/24/2989 3557/24/2990 3545/24/2978
f 3547/24/2979 3559/24/2991 3558/24/2989 3546/24/2977
f 3548/24/2980 3560/24/2992 3559/24/2991 3547/24/2979
f 3549/24/2981 3561/24/2993 3560/24/2992 3548/24/2980
f 3550/24/2982 3562/24/2994 3561/24/2993 3549/24/2981
f 3551/24/2983 3563/24/2995 3562/24/2994 3550/24/2982
f 3552/24/2984 3564/24/2996 3563/24/2995 3551/24/2983
f 3553/24/2985 3565/24/2997 3564/24/2996 3552/24/2984
f 3554/24/2986 3566/24/2998 3565/24/2997 3553/24/2985
f 3555/24/2987 3567/24/2999 3566/24/2998 3554/24/2986
f 3556/24/2988 3568/24/3000 3567/24/2999 3555/24/2987
f 3558/24/2989 3570/24/3001 3569/24/3002 3557/24/2990
f 3559/24/2991 3571/24/3003 3570/24/3001 3558/24/2989
f 3560/24/2992 3572/24/3004 3571/24/3003 3559/24/2991
f 3561/24/2993 3573/24/3005 3572/24/3004 3560/24/2992
f 3562/24/2994 3574/24/3006 3573/24/3005 3561/24/2993
f 3563/24/2995 3575/24/3007 3574/24/3006 3562/24/2994
f 3564/24/2996 3576/24/3008 3575/24/3007 3563/24/2995
f 3565/24/2997 3577/24/3009 3576/24/3008 3564/24/2996
f 3566/24/2998 3578/24/3010 3577/24/3009 3565/24/2997
f 3567/24/2999 3579/24/3011 3578/24/3010 3566/24/2998
f 3568/24/3000 3580/24/782 3579/24/3011 3567/24/2999
f 3570/24/3001 3582/24/3012 3581/24/3013 3569/24/3002
f 3571/24/3003 3583/24/3014 3582/24/3012 3570/24/3001
f 3572/24/3004 3584/24/3015 3583/24/3014 3571/24/3003
f 3573/24/3005 3585/24/3016 3584/24/3015 3572/24/3004
f 3574/24/3006 3586/24/3017 3585/24/3016 3573/24/3005
f 3575/24/3007 3587/24/3018 3586/24/3017 3574/24/3006
f 3576/24/3008 3588/24/3019 3587/24/3018 3575/24/3007
f 3577/24/3009 3589/24/3020 3588/24/3019 3576/24/3008
f 3578/24/3010 3590/24/3021 3589/24/3020 3577/24/3009
f 3579/24/3011 3591/24/3022 3590/24/3021 3578/24/3010
f 3580/24/782 3592/24/3023 3591/24/3022 3579/24/3011
f 3582/24/3012 3594/24/3024 3593/24/3025 3581/24/3013
f 3583/24/3014 3595/24/3026 3594/24/3024 3582/24/3012
f 3584/24/3015 3596/24/3027 3595/24/3026 3583/24/3014
f 3585/24/3016 3597/24/3028 3596/24/3027 3584/24/3015
f 3586/24/3017 3598/24/3029 3597/24/3028 3585/24/3016
f 3587/24/3018 3599/24/3030 3598/24/3029 3586/24/3017
f 3588/24/3019 3600/24/3031 3599/24/3030 3587/24/3018
f 3589/24/3020 3601/24/3032 3600/24/3031 3588/24/3019
f 3590/24/3021 3602/24/3033 3601/24/3032 3589/24/3020
f 3591/24/3022 3603/24/3034 3602/24/3033 3590/24/3021
f 3592/24/3023 3604/24/3035 3603/24/3034 3591/24/3022
f 3594/24/3024 3606/24/3036 3605/24/3037 3593/24/3025
f 3595/24/3026 3607/24/3038 3606/24/3036 3594/24/3024
f 3596/24/3027 3608/24/3039 3607/24/3038 3595/24/3026
f 3597/24/3028 3609/24/3040 3608/24/3039 3596/24/3027
f 3598/24/3029 3610/24/3041 3609/24/3040 3597/24/3028
f 3599/24/3030 3611/24/3042 3610/24/3041 3598/24/3029
f 3600/24/3031 3612/24/3043 3611/24/3042 3599/24/3030
f 3601/24/3032 3613/24/3044 3612/24/3043 3600/24/3031
f 3602/24/3033 3614/24/3045 3613/24/3044 3601/24/3032
f 3603/24/3034 3615/24/3046 3614/24/3045 3602/24/3033
f 3604/24/3035 3616/24/3047 3615/24/3046 3603/24/3034
f 3606/24/3036 3618/24/3048 3617/24/3049 3605/24/3037
f 3607/24/3038 3619/24/3050 3618/24/3048 3606/24/3036
f 3608/24/3039 3620/24/3051 3619/24/3050 3607/24/3038
f 3609/24/3040 3621/24/3052 3620/24/3051 3608/24/3039
f 3610/24/3041 3622/24/3053 3621/24/3052 3609/24/3040
f 3611/24/3042 3623/24/3054 3622/24/3053 3610/24/3041
f 3612/24/3043 3624/24/3055 3623/24/3054 3611/24/3042
f 3613/24/3044 3625/24/3056 3624/24/3055 3612/24/3043
f 3614/24/3045 3626/24/3057 3625/24/3056 3613/24/3044
f 3615/24/3046 3627/24/3058 3626/24/3057 3614/24/3045
f 3616/24/3047 3628/24/3059 3627/24/3058 3615/24/3046
f 3618/24/3048 3630/24/3060 3629/24/3061 3617/24/3049
f 3619/24/3050 3631/24/3062 3630/24/3060 3618/24/3048
f 3620/24/3051 3632/24/3063 3631/24/3062 3619/24/3050
f 3621/24/3052 3633/24/3064 3632/24/3063 3620/24/3051
f 3622/24/3053 3634/24/3065 3633/24/3064 3621/24/3052
f 3623/24/3054 3635/24/3066 3634/24/3065 3622/24/3053
f 3624/24/3055 3636/24/3067 3635/24/3066 3623/24/3054
f 3625/24/3056 3637/24/3068 3636/24/3067 3624/24/3055
f 3626/24/3057 3638/24/3069 3637/24/3068 3625/24/3056
f 3627/24/3058 3639/24/3070 3638/24/3069 3626/24/3057
f 3628/24/3059 3640/24/3071 3639/24/3070 3627/24/3058
f 3630/24/3060 3642/24/3072 3641/24/3073 3629/24/3061
f 3631/24/3062 3643/24/3074 3642/24/3072 3630/24/3060
f 3632/24/3063 3644/24/3075 3643/24/3074 3631/24/3062
f 3633/24/3064 3645/24/3076 3644/24/3075 3632/24/3063
f 3634/24/3065 3646/24/3077 3645/24/3076 3633/24/3064
f 3635/24/3066 3647/24/3078 3646/24/3077 3634/24/3065
f 3636/24/3067 3648/24/3079 3647/24/3078 3635/24/3066
f 3637/24/3068 3649/24/3080 3648/24/3079 3636/24/3067
f 3638/24/3069 3650/24/3081 3649/24/3080 3637/24/3068
f 3639/24/3070 3651/24/3082 3650/24/3081 3638/24/3069
f 3640/24/3071 3652/24/3083 3651/24/3082 3639/24/3070
f 3642/24/3072 3654/24/3084 3653/24/3085 3641/24/3073
f 3643/24/3074 3655/24/3086 3654/24/3084 3642/24/3072
f 3644/24/3075 3656/24/3087 3655/24/3086 3643/24/3074
f 3645/24/3076 3657/24/3088 3656/24/3087 3644/24/3075
f 3646/24/3077 3658/24/3089 3657/24/3088 3645/24/3076
f 3647/24/3078 3659/24/3090 3658/24/3089 3646/24/3077
f 3648/24/3079 3660/24/3091 3659/24/3090 3647/24/3078
f 3649/24/3080 3661/24/3092 3660/24/3091 3648/24/3079
f 3650/24/3081 3662/24/3093 3661/24/3092 3649/24/3080
f 3651/24/3082 3663/24/3094 3662/24/3093 3650/24/3081
f 3652/24/3083 3664/24/3095 3663/24/3094 3651/24/3082
f 3654/24/3084 3666/24/3096 3665/24/3097 3653/24/3085
f 3655/24/3086 3667/24/3098 3666/24/3096 3654/24/3084
f 3656/24/3087 3668/24/3099 3667/24/3098 3655/24/3086
f 3657/24/3088 3669/24/3100 3668/24/3099 3656/24/3087
f 3658/24/3089 3670/24/3101 3669/24/3100 3657/24/3088
f 3659/24/3090 3671/24/3102 3670/24/3101 3658/24/3089
f 3660/24/3091 3672/24/3103 3671/24/3102 3659/24/3090
f 3661/24/3092 3673/24/3104 3672/24/3103 3660/24/3091
f 3662/24/3093 3674/24/3105 3673/24/3104 3661/24/3092
f 3663/24/3094 3675/24/3106 3674/24/3105 3662/24/3093
f 3664/24/3095 3676/24/3107 3675/24/3106 3663/24/3094
f 3666/24/3096 3678/24/3108 3677/24/3109 3665/24/3097
f 3667/24/3098 3679/24/3110 3678/24/3108 3666/24/3096
f 3668/24/3099 3680/24/3111 3679/24/3110 3667/24/3098
f 3669/24/3100 3681/24/3112 3680/24/3111 3668/24/3099
f 3670/24/3101 3682/24/3113 3681/24/3112 3669/24/3100
f 3671/24/3102 3683/24/3114 3682/24/3113 3670/24/3101
f 3672/24/3103 3684/24/3115 3683/24/3114 3671/24/3102
f 3673/24/3104 3685/24/3116 3684/24/3115 3672/24/3103
f 3674/24/3105 3686/24/3117 3685/24/3116 3673/24/3104
f 3675/24/3106 3687/24/3118 3686/24/3117 3674/24/3105
f 3676/24/3107 3688/24/3119 3687/24/3118 3675/24/3106
f 3678/24/3108 3690/24/3120 3689/24/3121 3677/24/3109
f 3679/24/3110 3691/24/3122 3690/24/3120 3678/24/3108
f 3680/24/3111 3692/24/3123 3691/24/3122 3679/24/3110
f 3681/24/3112 3693/24/3124 3692/24/3123 3680/24/3111
f 3682/24/3113 3694/24/3125 3693/24/3124 3681/24/3112
f 3683/24/3114 3695/24/3126 3694/24/3125 3682/24/3113
f 3684/24/3115 3696/24/3127 3695/24/3126 3683/24/3114
f 3685/24/3116 3697/24/3128 3696/24/3127 3684/24/3115
f 3686/24/3117 3698/24/3129 3697/24/3128 3685/24/3116
f 3687/24/3118 3699/24/3130 3698/24/3129 3686/24/3117
f 3688/24/3119 3700/24/3131 3699/24/3130 3687/24/3118
f 3690/24/3120 3702/24/3132 3701/24/3133 3689/24/3121
f 3691/24/3122 3703/24/3134 3702/24/3132 3690/24/3120
f 3692/24/3123 3704/24/3135 3703/24/3134 3691/24/3122
f 3693/24/3124 3705/24/3136 3704/24/3135 3692/24/3123
f 3694/24/3125 3706/24/3137 3705/24/3136 3693/24/3124
f 3695/24/3126 3707/24/3138 3706/24/3137 3694/24/3125
f 3696/24/3127 3708/24/3139 3707/24/3138 3695/24/3126
f 3697/24/3128 3709/24/3140 3708/24/3139 3696/24/3127
f 3698/24/3129 3710/24/3141 3709/24/3140 3697/24/3128
f 3699/24/3130 3711/24/3142 3710/24/3141 3698/24/3129
f 3700/24/3131 3712/24/3143 3711/24/3142 3699/24/3130
f 3702/24/3132 3714/24/3144 3713/24/3145 3701/24/3133
f 3703/24/3134 3715/24/3146 3714/24/3144 3702/24/3132
f 3704/24/3135 3716/24/3147 3715/24/3146 3703/24/3134
f 3705/24/3136 3717/24/3148 3716/24/3147 3704/24/3135
f 3706/24/3137 3718/24/3149 3717/24/3148 3705/24/3136
f 3707/24/3138 3719/24/3150 3718/24/3149 3706/24/3137
f 3708/24/3139 3720/24/3151 3719/24/3150 3707/24/3138
f 3709/24/3140 3721/24/3152 3720/24/3151 3708/24/3139
f 3710/24/3141 3722/24/3153 3721/24/3152 3709/24/3140
f 3711/24/3142 3723/24/3154 3722/24/3153 3710/24/3141
f 3712/24/3143 3724/24/3155 3723/24/3154 3711/24/3142
f 3714/24/3144 3726/24/3156 3725/24/3157 3713/24/3145
f 3715/24/3146 3727/24/3158 3726/24/3156 3714/24/3144
f 3716/24/3147 3728/24/3159 3727/24/3158 3715/24/3146
f 3717/24/3148 3729/24/3160 3728/24/3159 3716/24/3147
f 3718/24/3149 3730/24/3161 3729/24/3160 3717/24/3148
f 3719/24/3150 3731/24/3162 3730/24/3161 3718/24/3149
f 3720/24/3151 3732/24/3163 3731/24/3162 3719/24/3150
f 3721/24/3152 3733/24/3164 3732/24/3163 3720/24/3151
f 3722/24/3153 3734/24/3165 3733/24/3164 3721/24/3152
f 3723/24/3154 3735/24/3166 3734/24/3165 3722/24/3153
f 3724/24/3155 3736/24/3167 3735/24/3166 3723/24/3154
f 3726/24/3156 3738/24/3168 3737/24/3169 3725/24/3157
f 3727/24/3158 3739/24/3170 3738/24/3168 3726/24/3156
f 3728/24/3159 3740/24/3171 3739/24/3170 3727/24/3158
f 3729/24/3160 3741/24/3172 3740/24/3171 3728/24/3159
f 3730/24/3161 3742/24/3173 3741/24/3172 3729/24/3160
f 3731/24/3162 3743/24/3174 3742/24/3173 3730/24/3161
f 3732/24/3163 3744/24/3175 3743/24/3174 3731/24/3162
f 3733/24/3164 3745/24/3176 3744/24/3175 3732/24/3163
f 3734/24/3165 3746/24/3177 3745/24/3176 3733/24/3164
f 3735/24/3166 3747/24/3178 3746/24/3177 3734/24/3165
f 3736/24/3167 3748/24/3179 3747/24/3178 3735/24/3166
f 3738/24/3168 3750/24/3180 3749/24/3181 3737/24/3169
f 3739/24/3170 3751/24/3182 3750/24/3180 3738/24/3168
f 3740/24/3171 3752/24/3183 3751/24/3182 3739/24/3170
f 3741/24/3172 3753/24/3184 3752/24/3183 3740/24/3171
f 3742/24/3173 3754/24/3185 3753/24/3184 3741/24/3172
f 3743/24/3174 3755/24/3186 3754/24/3185 3742/24/3173
f 3744/24/3175 3756/24/3187 3755/24/3186 3743/24/3174
f 3745/24/3176 3757/24/3188 3756/24/3187 3744/24/3175
f 3746/24/3177 3758/24/3189 3757/24/3188 3745/24/3176
f 3747/24/3178 3759/24/3190 3758/24/3189 3746/24/3177
f 3748/24/3179 3760/24/3191 3759/24/3190 3747/24/3178
f 3750/24/3180 3762/24/3192 3761/24/3193 3749/24/3181
f 3751/24/3182 3763/24/3194 3762/24/3192 3750/24/3180
f 3752/24/3183 3764/24/3195 3763/24/3194 3751/24/3182
f 3753/24/3184 3765/24/3196 3764/24/3195 3752/24/3183
f 3754/24/3185 3766/24/3197 3765/24/3196 3753/24/3184
f 3755/24/3186 3767/24/3198 3766/24/3197 3754/24/3185
f 3756/24/3187 3768/24/3199 3767/24/3198 3755/24/3186
f 3757/24/3188 3769/24/3200 3768/24/3199 3756/24/3187
f 3758/24/3189 3770/24/3201 3769/24/3200 3757/24/3188
f 3759/24/3190 3771/24/3202 3770/24/3201 3758/24/3189
f 3760/24/3191 3772/24/3203 3771/24/3202 3759/24/3190
f 3762/24/3192 3774/24/3204 3773/24/3205 3761/24/3193
f 3763/24/3194 3775/24/3206 3774/24/3204 3762/24/3192
f 3764/24/3195 3776/24/3207 3775/24/3206 3763/24/3194
f 3765/24/3196 3777/24/3208 3776/24/3207 3764/24/3195
f 3766/24/3197 3778/24/3209 3777/24/3208 3765/24/3196
f 3767/24/3198 3779/24/3210 3778/24/3209 3766/24/3197
f 3768/24/3199 3780/24/3211 3779/24/3210 3767/24/3198
f 3769/24/3200 3781/24/3212 3780/24/3211 3768/24/3199
f 3770/24/3201 3782/24/3213 3781/24/3212 3769/24/3200
f 3771/24/3202 3783/24/3214 3782/24/3213 3770/24/3201
f 3772/24/3203 3784/24/3215 3783/24/3214 3771/24/3202
f 3774/24/3204 3786/24/3216 3785/24/3217 3773/24/3205
f 3775/24/3206 3787/24/3218 3786/24/3216 3774/24/3204
f 3776/24/3207 3788/24/3219 3787/24/3218 3775/24/3206
f 3777/24/3208 3789/24/3220 3788/24/3219 3776/24/3207
f 3778/24/3209 3790/24/3221 3789/24/3220 3777/24/3208
f 3779/24/3210 3791/24/3222 3790/24/3221 3778/24/3209
f 3780/24/3211 3792/24/3223 3791/24/3222 3779/24/3210
f 3781/24/3212 3793/24/3224 3792/24/3223 3780/24/3211
f 3782/24/3213 3794/24/3225 3793/24/3224 3781/24/3212
f 3783/24/3214 3795/24/3226 3794/24/3225 3782/24/3213
f 3784/24/3215 3796/24/3227 3795/24/3226 3783/24/3214
f 3786/24/3216 3798/24/3228 3797/24/3229 3785/24/3217
f 3787/24/3218 3799/24/3230 3798/24/3228 3786/24/3216
f 3788/24/3219 3800/24/3231 3799/24/3230 3787/24/3218
f 3789/24/3220 3801/24/3232 3800/24/3231 3788/24/3219
f 3790/24/3221 3802/24/3233 3801/24/3232 3789/24/3220
f 3791/24/3222 3803/24/3234 3802/24/3233 3790/24/3221
f 3792/24/3223 3804/24/3235 3803/24/3234 3791/24/3222
f 3793/24/3224 3805/24/3236 3804/24/3235 3792/24/3223
f 3794/24/3225 3806/24/3237 3805/24/3236 3793/24/3224
f 3795/24/3226 3807/24/3238 3806/24/3237 3794/24/3225
f 3796/24/3227 3808/24/3239 3807/24/3238 3795/24/3226
f 3798/24/3228 3810/24/3240 3809/24/3241 3797/24/3229
f 3799/24/3230 3811/24/3242 3810/24/3240 3798/24/3228
f 3800/24/3231 3812/24/3243 3811/24/3242 3799/24/3230
f 3801/24/3232 3813/24/3244 3812/24/3243 3800/24/3231
f 3802/24/3233 3814/24/3245 3813/24/3244 3801/24/3232
f 3803/24/3234 3815/24/3246 3814/24/3245 3802/24/3233
f 3804/24/3235 3816/24/3247 3815/24/3246 3803/24/3234
f 3805/24/3236 3817/24/3248 3816/24/3247 3804/24/3235
f 3806/24/3237 3818/24/3249 3817/24/3248 3805/24/3236
f 3807/24/3238 3819/24/3250 3818/24/3249 3806/24/3237
f 3808/24/3239 3820/24/3251 3819/24/3250 3807/24/3238
f 3810/24/3240 3822/24/3252 3821/24/3253 3809/24/3241
f 3811/24/3242 3823/24/3254 3822/24/3252 3810/24/3240
f 3812/24/3243 3824/24/3255 3823/24/3254 3811/24/3242
f 3813/24/3244 3825/24/3256 3824/24/3255 3812/24/3243
f 3814/24/3245 3826/24/3257 3825/24/3256 3813/24/3244
f 3815/24/3246 3827/24/3258 3826/24/3257 3814/24/3245
f 3816/24/3247 3828/24/3259 3827/24/3258 3815/24/3246
f 3817/24/3248 3829/24/3260 3828/24/3259 3816/24/3247
f 3818/24/3249 3830/24/3261 3829/24/3260 3817/24/3248
f 3819/24/3250 3831/24/3262 3830/24/3261 3818/24/3249
f 3820/24/3251 3832/24/3263 3831/24/3262 3819/24/3250
f 3822/24/3252 3834/24/3264 3833/24/3265 3821/24/3253
f 3823/24/3254 3835/24/3266 3834/24/3264 3822/24/3252
f 3824/24/3255 3836/24/3267 3835/24/3266 3823/24/3254
f 3825/24/3256 3837/24/3268 3836/24/3267 3824/24/3255
f 3826/24/3257 3838/24/3269 3837/24/3268 3825/24/3256
f 3827/24/3258 3839/24/3270 3838/24/3269 3826/24/3257
f 3828/24/3259 3840/24/3271 3839/24/3270 3827/24/3258
f 3829/24/3260 3841/24/3272 3840/24/3271 3828/24/3259
f 3830/24/3261 3842/24/3273 3841/24/3272 3829/24/3260
f 3831/24/3262 3843/24/3274 3842/24/3273 3830/24/3261
f 3832/24/3263 3844/24/3275 3843/24/3274 3831/24/3262
f 3834/24/3264 3846/24/3276 3845/24/3277 3833/24/3265
f 3835/24/3266 3847/24/3278 3846/24/3276 3834/24/3264
f 3836/24/3267 3848/24/3279 3847/24/3278 3835/24/3266
f 3837/24/3268 3849/24/3280 3848/24/3279 3836/24/3267
f 3838/24/3269 3850/24/3281 3849/24/3280 3837/24/3268
f 3839/24/3270 3851/24/3282 3850/24/3281 3838/24/3269
f 3840/24/3271 3852/24/3283 3851/24/3282 3839/24/3270
f 3841/24/3272 3853/24/3284 3852/24/3283 3840/24/3271
f 3842/24/3273 3854/24/3285 3853/24/3284 3841/24/3272
f 3843/24/3274 3855/24/3286 3854/24/3285 3842/24/3273
f 3844/24/3275 3856/24/3287 3855/24/3286 3843/24/3274
f 3846/24/3276 3858/24/3288 3857/24/3289 3845/24/3277
f 3847/24/3278 3859/24/3290 3858/24/3288 3846/24/3276
f 3848/24/3279 3860/24/3291 3859/24/3290 3847/24/3278
f 3849/24/3280 3861/24/3292 3860/24/3291 3848/24/3279
f 3850/24/3281 3862/24/3293 3861/24/3292 3849/24/3280
f 3851/24/3282 3863/24/3294 3862/24/3293 3850/24/3281
f 3852/24/3283 3864/24/3295 3863/24/3294 3851/24/3282
f 3853/24/3284 3865/24/3296 3864/24/3295 3852/24/3283
f 3854/24/3285 3866/24/3297 3865/24/3296 3853/24/3284
f 3855/24/3286 3867/24/3298 3866/24/3297 3854/24/3285
f 3856/24/3287 3868/24/3299 3867/24/3298 3855/24/3286
f 3858/24/3288 3870/24/3300 3869/24/3301 3857/24/3289
f 3859/24/3290 3871/24/3302 3870/24/3300 3858/24/3288
f 3860/24/3291 3872/24/3303 3871/24/3302 3859/24/3290
f 3861/24/3292 3873/24/3304 3872/24/3303 3860/24/3291
f 3862/24/3293 3874/24/3305 3873/24/3304 3861/24/3292
f 3863/24/3294 3875/24/3306 3874/24/3305 3862/24/3293
f 3864/24/3295 3876/24/3307 3875/24/3306 3863/24/3294
f 3865/24/3296 3877/24/3308 3876/24/3307 3864/24/3295
f 3866/24/3297 3878/24/3309 3877/24/3308 3865/24/3296
f 3867/24/3298 3879/24/3310 3878/24/3309 3866/24/3297
f 3868/24/3299 3880/24/3311 3879/24/3310 3867/24/3298
f 3870/24/3300 3882/24/3312 3881/24/3313 3869/24/3301
f 3871/24/3302 3883/24/3314 3882/24/3312 3870/24/3300
f 3872/24/3303 3884/24/3315 3883/24/3314 3871/24/3302
f 3873/24/3304 3885/24/3316 3884/24/3315 3872/24/3303
f 3874/24/3305 3886/24/3317 3885/24/3316 3873/24/3304
f 3875/24/3306 3887/24/3318 3886/24/3317 3874/24/3305
f 3876/24/3307 3888/24/3319 3887/24/3318 3875/24/3306
f 3877/24/3308 3889/24/3320 3888/24/3319 3876/24/3307
f 3878/24/3309 3890/24/3321 3889/24/3320 3877/24/3308
f 3879/24/3310 3891/24/3322 3890/24/3321 3878/24/3309
f 3880/24/3311 3892/24/3323 3891/24/3322 3879/24/3310
f 3882/24/3312 3894/24/3324 3893/24/3325 3881/24/3313
f 3883/24/3314 3895/24/3326 3894/24/3324 3882/24/3312
f 3884/24/3315 3896/24/3327 3895/24/3326 3883/24/3314
f 3885/24/3316 3897/24/3328 3896/24/3327 3884/24/3315
f 3886/24/3317 3898/24/3329 3897/24/3328 3885/24/3316
f 3887/24/3318 3899/24/3330 3898/24/3329 3886/24/3317
f 3888/24/3319 3900/24/3331 3899/24/3330 3887/24/3318
f 3889/24/3320 3901/24/3332 3900/24/3331 3888/24/3319
f 3890/24/3321 3902/24/3333 3901/24/3332 3889/24/3320
f 3891/24/3322 3903/24/3334 3902/24/3333 3890/24/3321
f 3892/24/3323 3904/24/3335 3903/24/3334 3891/24/3322
f 3894/24/3324 3906/24/3336 3905/24/2438 3893/24/3325
f 3895/24/3326 3907/24/3337 3906/24/3336 3894/24/3324
f 3896/24/3327 3908/24/3338 3907/24/3337 3895/24/3326
f 3897/24/3328 3909/24/3339 3908/24/3338 3896/24/3327
f 3898/24/3329 3910/24/3340 3909/24/3339 3897/24/3328
f 3899/24/3330 3911/24/3341 3910/24/3340 3898/24/3329
f 3900/24/3331 3912/24/3342 3911/24/3341 3899/24/3330
f 3901/24/3332 3913/24/3343 3912/24/3342 3900/24/3331
f 3902/24/3333 3914/24/3344 3913/24/3343 3901/24/3332
f 3903/24/3334 3915/24/3345 3914/24/3344 3902/24/3333
f 3904/24/3335 3916/24/2448 3915/24/3345 3903/24/3334
f 3906/24/3336 3918/24/3346 3917/24/3347 3905/24/2438
f 3907/24/3337 3919/24/3348 3918/24/3346 3906/24/3336
f 3908/24/3338 3920/24/3349 3919/24/3348 3907/24/3337
f 3909/24/3339 3921/24/3350 3920/24/3349 3908/24/3338
f 3910/24/3340 3922/24/3351 3921/24/3350 3909/24/3339
f 3911/24/3341 3923/24/3352 3922/24/3351 3910/24/3340
f 3912/24/3342 3924/24/3353 3923/24/3352 3911/24/3341
f 3913/24/3343 3925/24/3354 3924/24/3353 3912/24/3342
f 3914/24/3344 3926/24/3355 3925/24/3354 3913/24/3343
f 3915/24/3345 3927/24/3356 3926/24/3355 3914/24/3344
f 3916/24/2448 3928/24/3357 3927/24/3356 3915/24/3345
f 3918/24/3346 3474/24/2906 3473/24/2909 3917/24/3347
f 3919/24/3348 3475/24/2910 3474/24/2906 3918/24/3346
f 3920/24/3349 3476/24/2912 3475/24/2910 3919/24/3348
f 3921/24/3350 3477/24/2914 3476/24/2912 3920/24/3349
f 3922/24/3351 3478/24/2916 3477/24/2914 3921/24/3350
f 3923/24/3352 3479/24/2918 3478/24/2916 3922/24/3351
f 3924/24/3353 3480/24/2920 3479/24/2918 3923/24/3352
f 3925/24/3354 3481/24/2922 3480/24/2920 3924/24/3353
f 3926/24/3355 3482/24/2924 3481/24/2922 3925/24/3354
f 3927/24/3356 3483/24/2926 3482/24/2924 3926/24/3355
f 3928/24/3357 3484/24/2928 3483/24/2926 3927/24/3356
