# Blender 4.1.1
# www.blender.org
mtllib Title.mtl
o テキスト
v 7.265914 0.777952 0.115817
v 7.302148 0.777952 0.115817
v 7.347437 0.777952 0.115817
v 7.399518 0.777952 0.115817
v 7.456127 0.777952 0.115817
v 7.515000 0.777952 0.115817
v 7.573873 0.777952 0.115817
v 7.630481 0.777952 0.115817
v 7.682562 0.777952 0.115817
v 7.727852 0.777952 0.115817
v 7.764086 0.777952 0.115817
v 7.789000 0.777952 0.115817
v 7.801208 0.778012 0.115815
v 7.812833 0.778183 0.115809
v 7.823875 0.778452 0.115799
v 7.834333 0.778803 0.115786
v 7.844208 0.779224 0.115771
v 7.853500 0.779701 0.115754
v 7.862208 0.780219 0.115735
v 7.870333 0.780765 0.115716
v 7.877875 0.781325 0.115696
v 7.884833 0.781885 0.115675
v 7.891208 0.782431 0.115656
v 7.897000 0.782949 0.115637
v 7.897000 0.685012 0.119163
v 7.891552 0.685320 0.119152
v 7.885254 0.685729 0.119137
v 7.878171 0.686215 0.119120
v 7.870370 0.686752 0.119100
v 7.861916 0.687317 0.119080
v 7.852875 0.687885 0.119059
v 7.843313 0.688433 0.119040
v 7.833296 0.688936 0.119022
v 7.822890 0.689369 0.119006
v 7.812162 0.689708 0.118994
v 7.801177 0.689930 0.118986
v 7.790000 0.690009 0.118983
v 7.764875 0.690009 0.118983
v 7.728500 0.690009 0.118983
v 7.683125 0.690009 0.118983
v 7.631000 0.690009 0.118983
v 7.574375 0.690009 0.118983
v 7.515500 0.690009 0.118983
v 7.456625 0.690009 0.118983
v 7.400000 0.690009 0.118983
v 7.347875 0.690009 0.118983
v 7.302500 0.690009 0.118983
v 7.266125 0.690009 0.118983
v 7.241000 0.690009 0.118983
v 7.227304 0.689968 0.118984
v 7.213759 0.689847 0.118989
v 7.200438 0.689650 0.118996
v 7.187407 0.689380 0.119006
v 7.174738 0.689040 0.119018
v 7.162500 0.688635 0.119032
v 7.150762 0.688167 0.119049
v 7.139593 0.687640 0.119068
v 7.129063 0.687058 0.119089
v 7.119241 0.686423 0.119112
v 7.110197 0.685740 0.119137
v 7.102000 0.685012 0.119163
v 7.102000 0.782949 0.115637
v 7.109967 0.782431 0.115656
v 7.118823 0.781885 0.115675
v 7.128499 0.781325 0.115696
v 7.138925 0.780765 0.115716
v 7.150032 0.780219 0.115735
v 7.161749 0.779701 0.115754
v 7.174009 0.779224 0.115771
v 7.186740 0.778803 0.115786
v 7.199875 0.778452 0.115799
v 7.213343 0.778183 0.115809
v 7.227074 0.778012 0.115815
v 7.241000 0.777952 0.115817
v 6.485000 0.889880 0.111788
v 6.485000 1.024792 0.106931
v 6.484919 1.032655 0.106648
v 6.484681 1.041143 0.106342
v 6.484297 1.050088 0.106020
v 6.483778 1.059325 0.105688
v 6.483134 1.068687 0.105350
v 6.482375 1.078008 0.105015
v 6.481512 1.087120 0.104687
v 6.480556 1.095857 0.104372
v 6.479516 1.104053 0.104077
v 6.478403 1.111542 0.103808
v 6.477227 1.118155 0.103570
v 6.476000 1.123728 0.103369
v 6.575000 1.123728 0.103369
v 6.574251 1.118136 0.103570
v 6.573514 1.111467 0.103810
v 6.572796 1.103897 0.104083
v 6.572111 1.095598 0.104382
v 6.571466 1.086744 0.104700
v 6.570875 1.077508 0.105033
v 6.570345 1.068064 0.105373
v 6.569889 1.058585 0.105714
v 6.569516 1.049245 0.106050
v 6.569236 1.040217 0.106375
v 6.569061 1.031675 0.106683
v 6.569000 1.023793 0.106967
v 6.569000 0.889880 0.111788
v 6.835000 0.889880 0.111788
v 6.843338 0.889920 0.111786
v 6.851791 0.890037 0.111782
v 6.860265 0.890223 0.111775
v 6.868666 0.890472 0.111766
v 6.876901 0.890776 0.111755
v 6.884875 0.891129 0.111743
v 6.892495 0.891523 0.111728
v 6.899666 0.891952 0.111713
v 6.906297 0.892409 0.111697
v 6.912292 0.892887 0.111679
v 6.917557 0.893378 0.111662
v 6.922000 0.893877 0.111644
v 6.922000 0.808932 0.114702
v 6.917499 0.809411 0.114684
v 6.912078 0.809848 0.114669
v 6.905859 0.810244 0.114654
v 6.898962 0.810598 0.114642
v 6.891510 0.810910 0.114630
v 6.883625 0.811181 0.114621
v 6.875426 0.811410 0.114612
v 6.867037 0.811597 0.114606
v 6.858578 0.811743 0.114600
v 6.850171 0.811847 0.114597
v 6.841938 0.811909 0.114595
v 6.834000 0.811930 0.114594
v 6.569000 0.811930 0.114594
v 6.567427 0.758165 0.116529
v 6.562579 0.706767 0.118380
v 6.554266 0.657686 0.120147
v 6.542296 0.610875 0.121832
v 6.526480 0.566285 0.123437
v 6.506625 0.523867 0.124964
v 6.482541 0.483572 0.126415
v 6.454037 0.445353 0.127791
v 6.420921 0.409160 0.129093
v 6.383004 0.374945 0.130325
v 6.340094 0.342659 0.131488
v 6.292000 0.312254 0.132582
v 6.214000 0.370216 0.130495
v 6.259035 0.393679 0.129651
v 6.299699 0.419592 0.128718
v 6.336078 0.447947 0.127697
v 6.368259 0.478739 0.126589
v 6.396329 0.511959 0.125393
v 6.420375 0.547601 0.124110
v 6.440483 0.585659 0.122740
v 6.456741 0.626125 0.121283
v 6.469234 0.668991 0.119740
v 6.478051 0.714253 0.118110
v 6.483277 0.761901 0.116395
v 6.485000 0.811930 0.114594
v 6.192000 0.811930 0.114594
v 6.182760 0.811909 0.114595
v 6.173574 0.811847 0.114597
v 6.164500 0.811743 0.114600
v 6.155593 0.811597 0.114606
v 6.146908 0.811410 0.114612
v 6.138500 0.811181 0.114621
v 6.130426 0.810910 0.114630
v 6.122741 0.810598 0.114642
v 6.115500 0.810244 0.114654
v 6.108759 0.809848 0.114669
v 6.102574 0.809411 0.114684
v 6.097000 0.808932 0.114702
v 6.097000 0.894876 0.111608
v 6.102573 0.894358 0.111626
v 6.108750 0.893812 0.111646
v 6.115469 0.893252 0.111666
v 6.122667 0.892692 0.111686
v 6.130281 0.892147 0.111706
v 6.138250 0.891628 0.111725
v 6.146511 0.891152 0.111742
v 6.155000 0.890731 0.111757
v 6.163656 0.890379 0.111770
v 6.172417 0.890111 0.111779
v 6.181219 0.889940 0.111785
v 6.190000 0.889880 0.111788
v 5.419000 0.812929 0.114558
v 5.405011 0.827001 0.114051
v 5.388334 0.842975 0.113476
v 5.369407 0.860461 0.112847
v 5.348667 0.879072 0.112177
v 5.326552 0.898418 0.111480
v 5.303500 0.918111 0.110771
v 5.279948 0.937763 0.110064
v 5.256334 0.956984 0.109372
v 5.233094 0.975387 0.108709
v 5.210667 0.992582 0.108090
v 5.189490 1.008180 0.107529
v 5.170000 1.021794 0.107039
v 5.227000 1.082755 0.104844
v 5.245862 1.069886 0.105307
v 5.266653 1.055009 0.105843
v 5.288922 1.038486 0.106438
v 5.312222 1.020684 0.107079
v 5.336106 1.001965 0.107752
v 5.360125 0.982695 0.108446
v 5.383832 0.963237 0.109147
v 5.406778 0.943956 0.109841
v 5.428516 0.925216 0.110515
v 5.448597 0.907382 0.111157
v 5.466575 0.890818 0.111754
v 5.482000 0.875889 0.112291
v 5.578815 0.584346 0.122787
v 5.615185 0.611458 0.121811
v 5.650000 0.640166 0.120777
v 5.683148 0.670207 0.119696
v 5.714519 0.701316 0.118576
v 5.744000 0.733231 0.117427
v 5.771482 0.765687 0.116259
v 5.796852 0.798420 0.115080
v 5.820000 0.831168 0.113901
v 5.840815 0.863665 0.112731
v 5.859185 0.895649 0.111580
v 5.875000 0.926856 0.110456
v 5.923000 0.841911 0.113514
v 5.904989 0.810482 0.114646
v 5.884987 0.778776 0.115787
v 5.863048 0.746972 0.116932
v 5.839223 0.715252 0.118074
v 5.813565 0.683795 0.119207
v 5.786126 0.652783 0.120323
v 5.756957 0.622395 0.121417
v 5.726111 0.592813 0.122482
v 5.693641 0.564215 0.123511
v 5.659597 0.536784 0.124499
v 5.624033 0.510699 0.125438
v 5.587000 0.486141 0.126322
v 5.561431 0.470459 0.126887
v 5.534695 0.454958 0.127445
v 5.506750 0.439734 0.127993
v 5.477556 0.424884 0.128527
v 5.447070 0.410507 0.129045
v 5.415250 0.396699 0.129542
v 5.382056 0.383557 0.130015
v 5.347445 0.371178 0.130461
v 5.311375 0.359660 0.130875
v 5.273806 0.349100 0.131256
v 5.234694 0.339595 0.131598
v 5.194000 0.331241 0.131899
v 5.141000 0.413188 0.128948
v 5.183817 0.420391 0.128689
v 5.224795 0.428923 0.128382
v 5.263968 0.438656 0.128032
v 5.301370 0.449461 0.127643
v 5.337035 0.461210 0.127220
v 5.370999 0.473774 0.126767
v 5.403297 0.487025 0.126290
v 5.433962 0.500835 0.125793
v 5.463031 0.515075 0.125281
v 5.490537 0.529618 0.124757
v 5.516515 0.544333 0.124227
v 5.541000 0.559094 0.123696
v 4.857869 0.777115 0.115847
v 4.849949 0.752182 0.116745
v 4.841203 0.727235 0.117643
v 4.831593 0.702371 0.118538
v 4.821079 0.677688 0.119426
v 4.809625 0.653283 0.120305
v 4.797192 0.629252 0.121170
v 4.783741 0.605693 0.122018
v 4.769235 0.582704 0.122846
v 4.753634 0.560380 0.123650
v 4.736902 0.538820 0.124426
v 4.719000 0.518120 0.125171
v 4.692325 0.490536 0.126164
v 4.664844 0.465173 0.127077
v 4.636626 0.441920 0.127914
v 4.607741 0.420665 0.128679
v 4.578260 0.401298 0.129377
v 4.548251 0.383707 0.130010
v 4.517783 0.367783 0.130583
v 4.486927 0.353412 0.131100
v 4.455750 0.340485 0.131566
v 4.424325 0.328891 0.131983
v 4.392718 0.318518 0.132357
v 4.361000 0.309256 0.132690
v 4.299000 0.380210 0.130136
v 4.334133 0.388178 0.129849
v 4.368477 0.397573 0.129511
v 4.401953 0.408363 0.129122
v 4.434482 0.420517 0.128685
v 4.465982 0.434003 0.128199
v 4.496376 0.448790 0.127667
v 4.525581 0.464848 0.127089
v 4.553519 0.482144 0.126466
v 4.580110 0.500647 0.125800
v 4.605273 0.520327 0.125091
v 4.628930 0.541152 0.124342
v 4.651000 0.563091 0.123552
v 4.665812 0.579498 0.122961
v 4.679745 0.596662 0.122343
v 4.692797 0.614464 0.121703
v 4.704963 0.632787 0.121043
v 4.716240 0.651512 0.120369
v 4.726625 0.670522 0.119684
v 4.736114 0.689698 0.118994
v 4.744704 0.708923 0.118302
v 4.752391 0.728078 0.117612
v 4.759171 0.747046 0.116930
v 4.765042 0.765709 0.116258
v 4.770000 0.783948 0.115601
v 4.750404 0.783948 0.115601
v 4.717819 0.783948 0.115601
v 4.674797 0.783948 0.115601
v 4.623888 0.783948 0.115601
v 4.567647 0.783948 0.115601
v 4.508625 0.783948 0.115601
v 4.449373 0.783948 0.115601
v 4.392444 0.783948 0.115601
v 4.340390 0.783948 0.115601
v 4.295763 0.783948 0.115601
v 4.261116 0.783948 0.115601
v 4.239000 0.783948 0.115601
v 4.232717 0.783927 0.115602
v 4.225907 0.783865 0.115604
v 4.218625 0.783761 0.115608
v 4.210926 0.783615 0.115613
v 4.202866 0.783428 0.115620
v 4.194500 0.783199 0.115628
v 4.185884 0.782928 0.115638
v 4.177074 0.782616 0.115649
v 4.168125 0.782262 0.115662
v 4.159092 0.781866 0.115676
v 4.150032 0.781429 0.115692
v 4.141000 0.780950 0.115709
v 4.141000 0.864896 0.112687
v 4.150185 0.863938 0.112721
v 4.159231 0.863064 0.112753
v 4.168125 0.862272 0.112781
v 4.176852 0.861565 0.112807
v 4.185398 0.860940 0.112829
v 4.193750 0.860399 0.112849
v 4.201893 0.859941 0.112865
v 4.209815 0.859566 0.112879
v 4.217500 0.859274 0.112889
v 4.224935 0.859066 0.112897
v 4.232106 0.858941 0.112901
v 4.239000 0.858900 0.112903
v 4.258898 0.858900 0.112903
v 4.291856 0.858900 0.112903
v 4.335266 0.858900 0.112903
v 4.386518 0.858900 0.112903
v 4.443007 0.858900 0.112903
v 4.502125 0.858900 0.112903
v 4.561263 0.858900 0.112903
v 4.617815 0.858900 0.112903
v 4.669172 0.858900 0.112903
v 4.712727 0.858900 0.112903
v 4.745872 0.858900 0.112903
v 4.766000 0.858900 0.112903
v 4.771704 0.858942 0.112901
v 4.777297 0.859075 0.112897
v 4.782750 0.859306 0.112888
v 4.788037 0.859640 0.112876
v 4.793130 0.860085 0.112860
v 4.798000 0.860649 0.112840
v 4.802621 0.861337 0.112815
v 4.806963 0.862157 0.112786
v 4.811000 0.863116 0.112751
v 4.814704 0.864220 0.112711
v 4.818047 0.865478 0.112666
v 4.821000 0.866894 0.112615
v 4.878000 0.830918 0.113910
v 4.876732 0.828592 0.113994
v 4.875440 0.826134 0.114082
v 4.874141 0.823579 0.114174
v 4.872852 0.820961 0.114269
v 4.871591 0.818316 0.114364
v 4.870375 0.815678 0.114459
v 4.869221 0.813081 0.114552
v 4.868148 0.810561 0.114643
v 4.867172 0.808151 0.114730
v 4.866310 0.805888 0.114811
v 4.865581 0.803805 0.114886
v 4.865000 0.801937 0.114954
v 4.338950 1.089750 0.104592
v 4.364764 1.089750 0.104592
v 4.396891 1.089750 0.104592
v 4.433778 1.089750 0.104592
v 4.473874 1.089750 0.104592
v 4.515625 1.089750 0.104592
v 4.557481 1.089750 0.104592
v 4.597889 1.089750 0.104592
v 4.635297 1.089750 0.104592
v 4.668153 1.089750 0.104592
v 4.694905 1.089750 0.104592
v 4.714000 1.089750 0.104592
v 4.722054 1.089772 0.104591
v 4.730186 1.089843 0.104589
v 4.738344 1.089969 0.104584
v 4.746482 1.090157 0.104578
v 4.754550 1.090415 0.104568
v 4.762500 1.090750 0.104556
v 4.770284 1.091167 0.104541
v 4.777852 1.091675 0.104523
v 4.785156 1.092280 0.104501
v 4.792148 1.092989 0.104476
v 4.798779 1.093809 0.104446
v 4.805000 1.094747 0.104412
v 4.805000 1.011801 0.107398
v 4.798798 1.012279 0.107381
v 4.792213 1.012717 0.107365
v 4.785281 1.013112 0.107351
v 4.778037 1.013466 0.107338
v 4.770515 1.013778 0.107327
v 4.762750 1.014049 0.107317
v 4.754777 1.014278 0.107309
v 4.746630 1.014465 0.107302
v 4.738344 1.014611 0.107297
v 4.729954 1.014715 0.107293
v 4.721495 1.014778 0.107291
v 4.713000 1.014799 0.107290
v 4.694574 1.014799 0.107290
v 4.668339 1.014799 0.107290
v 4.635860 1.014799 0.107290
v 4.598704 1.014799 0.107290
v 4.558437 1.014799 0.107290
v 4.516625 1.014799 0.107290
v 4.474834 1.014799 0.107290
v 4.434630 1.014799 0.107290
v 4.397579 1.014799 0.107290
v 4.365246 1.014799 0.107290
v 4.339198 1.014799 0.107290
v 4.321000 1.014799 0.107290
v 4.313233 1.014778 0.107291
v 4.305445 1.014715 0.107293
v 4.297657 1.014611 0.107297
v 4.289889 1.014466 0.107302
v 4.282164 1.014278 0.107309
v 4.274500 1.014049 0.107317
v 4.266921 1.013778 0.107327
v 4.259445 1.013466 0.107338
v 4.252094 1.013112 0.107351
v 4.244889 1.012717 0.107365
v 4.237851 1.012280 0.107381
v 4.231000 1.011801 0.107398
v 4.231000 1.094747 0.104412
v 4.237621 1.093809 0.104446
v 4.244472 1.092989 0.104476
v 4.251531 1.092280 0.104501
v 4.258778 1.091675 0.104523
v 4.266191 1.091167 0.104541
v 4.273750 1.090750 0.104556
v 4.281434 1.090415 0.104568
v 4.289222 1.090157 0.104578
v 4.297094 1.089969 0.104584
v 4.305028 1.089843 0.104589
v 4.313004 1.089772 0.104591
v 4.321000 1.089750 0.104592
v 3.246682 0.646943 0.120533
v 3.252292 0.675685 0.119499
v 3.256922 0.707591 0.118350
v 3.260667 0.741975 0.117112
v 3.263620 0.778150 0.115810
v 3.265875 0.815428 0.114468
v 3.267526 0.853122 0.113111
v 3.268667 0.890546 0.111764
v 3.269391 0.927012 0.110451
v 3.269792 0.961833 0.109197
v 3.269964 0.994322 0.108028
v 3.270000 1.023793 0.106967
v 3.269938 1.031125 0.106703
v 3.269759 1.038149 0.106450
v 3.269469 1.044888 0.106207
v 3.269074 1.051368 0.105974
v 3.268582 1.057611 0.105749
v 3.268000 1.063642 0.105532
v 3.267334 1.069486 0.105322
v 3.266593 1.075167 0.105117
v 3.265781 1.080709 0.104918
v 3.264907 1.086137 0.104722
v 3.263978 1.091474 0.104530
v 3.263000 1.096745 0.104340
v 3.355000 1.096745 0.104340
v 3.354692 1.093383 0.104461
v 3.354282 1.089334 0.104607
v 3.353797 1.084660 0.104775
v 3.353259 1.079423 0.104964
v 3.352694 1.073688 0.105170
v 3.352125 1.067515 0.105393
v 3.351577 1.060967 0.105628
v 3.351074 1.054106 0.105875
v 3.350641 1.046997 0.106131
v 3.350301 1.039699 0.106394
v 3.350079 1.032277 0.106661
v 3.350000 1.024792 0.106931
v 3.349905 0.995041 0.108002
v 3.349579 0.961754 0.109200
v 3.348953 0.925685 0.110499
v 3.347963 0.887585 0.111870
v 3.346542 0.848208 0.113288
v 3.344625 0.808307 0.114724
v 3.342145 0.768636 0.116152
v 3.339037 0.729946 0.117545
v 3.335234 0.692991 0.118876
v 3.330671 0.658525 0.120116
v 3.325282 0.627299 0.121240
v 3.319000 0.600067 0.122221
v 3.310800 0.573534 0.123176
v 3.301232 0.547444 0.124115
v 3.290344 0.521868 0.125036
v 3.278186 0.496875 0.125936
v 3.264805 0.472534 0.126812
v 3.250250 0.448915 0.127662
v 3.234571 0.426087 0.128484
v 3.217815 0.404120 0.129275
v 3.200032 0.383083 0.130032
v 3.181269 0.363045 0.130754
v 3.161575 0.344076 0.131437
v 3.141000 0.326245 0.132078
v 3.066000 0.376212 0.130280
v 3.086497 0.391794 0.129719
v 3.105972 0.408511 0.129117
v 3.124406 0.426289 0.128477
v 3.141778 0.445057 0.127801
v 3.158066 0.464740 0.127093
v 3.173250 0.485267 0.126354
v 3.187309 0.506564 0.125587
v 3.200222 0.528558 0.124795
v 3.211969 0.551177 0.123981
v 3.222528 0.574348 0.123147
v 3.231879 0.597997 0.122295
v 3.240000 0.622053 0.121429
v 3.530000 0.447412 0.127716
v 3.530000 0.483111 0.126431
v 3.530000 0.531253 0.124698
v 3.530000 0.588815 0.122626
v 3.530000 0.652777 0.120323
v 3.530000 0.720115 0.117899
v 3.530000 0.787806 0.115462
v 3.530000 0.852830 0.113121
v 3.530000 0.912162 0.110985
v 3.530000 0.962781 0.109163
v 3.530000 1.001665 0.107763
v 3.530000 1.025792 0.106895
v 3.529921 1.035071 0.106561
v 3.529699 1.043900 0.106243
v 3.529359 1.052243 0.105942
v 3.528926 1.060066 0.105661
v 3.528423 1.067333 0.105399
v 3.527875 1.074010 0.105159
v 3.527306 1.080063 0.104941
v 3.526741 1.085457 0.104747
v 3.526203 1.090156 0.104578
v 3.525718 1.094127 0.104435
v 3.525309 1.097334 0.104319
v 3.525000 1.099744 0.104232
v 3.617000 1.099744 0.104232
v 3.616711 1.097334 0.104319
v 3.616357 1.094127 0.104435
v 3.615953 1.090156 0.104578
v 3.615519 1.085457 0.104747
v 3.615070 1.080063 0.104941
v 3.614625 1.074010 0.105159
v 3.614201 1.067333 0.105399
v 3.613815 1.060066 0.105661
v 3.613484 1.052243 0.105942
v 3.613227 1.043900 0.106243
v 3.613060 1.035071 0.106561
v 3.613000 1.025792 0.106895
v 3.613000 1.001812 0.107758
v 3.613000 0.963369 0.109142
v 3.613000 0.913489 0.110938
v 3.613000 0.855198 0.113036
v 3.613000 0.791522 0.115328
v 3.613000 0.725486 0.117706
v 3.613000 0.660116 0.120059
v 3.613000 0.598439 0.122279
v 3.613000 0.543479 0.124258
v 3.613000 0.498263 0.125886
v 3.613000 0.465816 0.127054
v 3.613000 0.449165 0.127653
v 3.636601 0.460663 0.127239
v 3.661227 0.474107 0.126755
v 3.686609 0.489405 0.126205
v 3.712481 0.506461 0.125591
v 3.738576 0.525184 0.124917
v 3.764625 0.545478 0.124186
v 3.790362 0.567250 0.123402
v 3.815518 0.590407 0.122569
v 3.839828 0.614855 0.121688
v 3.863023 0.640499 0.120765
v 3.884836 0.667248 0.119802
v 3.905000 0.695006 0.118803
v 3.952000 0.627050 0.121249
v 3.929440 0.598129 0.122291
v 3.904936 0.569902 0.123307
v 3.878750 0.542480 0.124294
v 3.851148 0.515974 0.125248
v 3.822394 0.490495 0.126165
v 3.792750 0.466154 0.127042
v 3.762482 0.443062 0.127873
v 3.731852 0.421331 0.128655
v 3.701125 0.401071 0.129385
v 3.670565 0.382393 0.130057
v 3.640435 0.365409 0.130669
v 3.611000 0.350229 0.131215
v 3.607104 0.348002 0.131295
v 3.603412 0.345820 0.131374
v 3.599922 0.343686 0.131451
v 3.596630 0.341605 0.131525
v 3.593532 0.339579 0.131598
v 3.590625 0.337612 0.131669
v 3.587906 0.335708 0.131738
v 3.585371 0.333869 0.131804
v 3.583016 0.332100 0.131868
v 3.580838 0.330404 0.131929
v 3.578834 0.328784 0.131987
v 3.577000 0.327244 0.132042
v 3.524000 0.371215 0.130459
v 3.524959 0.375294 0.130313
v 3.525834 0.379525 0.130160
v 3.526625 0.383895 0.130003
v 3.527333 0.388390 0.129841
v 3.527958 0.392995 0.129675
v 3.528500 0.397698 0.129506
v 3.528958 0.402485 0.129334
v 3.529333 0.407340 0.129159
v 3.529625 0.412251 0.128982
v 3.529833 0.417204 0.128804
v 3.529958 0.422185 0.128625
v 3.530000 0.427179 0.128445
v 2.849831 0.863320 0.112744
v 2.836398 0.840301 0.113572
v 2.821813 0.816115 0.114443
v 2.806185 0.791055 0.115345
v 2.789627 0.765412 0.116268
v 2.772250 0.739477 0.117202
v 2.754164 0.713542 0.118136
v 2.735481 0.687899 0.119059
v 2.716312 0.662839 0.119961
v 2.696769 0.638653 0.120832
v 2.676961 0.615634 0.121660
v 2.657000 0.594071 0.122437
v 2.587000 0.636044 0.120926
v 2.605684 0.653854 0.120284
v 2.624143 0.673094 0.119592
v 2.642234 0.693444 0.118859
v 2.659815 0.714586 0.118098
v 2.676743 0.736199 0.117320
v 2.692875 0.757965 0.116536
v 2.708070 0.779564 0.115759
v 2.722185 0.800678 0.114999
v 2.735078 0.820987 0.114268
v 2.746607 0.840171 0.113577
v 2.756628 0.857912 0.112938
v 2.765000 0.873890 0.112363
v 2.387000 0.797939 0.115097
v 2.387000 0.500132 0.125818
v 2.387562 0.483857 0.126404
v 2.389408 0.469453 0.126923
v 2.392782 0.456832 0.127377
v 2.397926 0.445908 0.127771
v 2.405085 0.436594 0.128106
v 2.414500 0.428803 0.128386
v 2.426416 0.422449 0.128615
v 2.441074 0.417445 0.128795
v 2.458719 0.413704 0.128930
v 2.479593 0.411139 0.129022
v 2.503939 0.409663 0.129075
v 2.532000 0.409191 0.129092
v 2.560597 0.409399 0.129085
v 2.588445 0.410019 0.129063
v 2.615625 0.411049 0.129025
v 2.642222 0.412485 0.128974
v 2.668320 0.414324 0.128908
v 2.694000 0.416561 0.128827
v 2.719347 0.419194 0.128732
v 2.744445 0.422220 0.128623
v 2.769375 0.425633 0.128500
v 2.794222 0.429432 0.128364
v 2.819070 0.433613 0.128213
v 2.844000 0.438172 0.128049
v 2.840000 0.352228 0.131143
v 2.817513 0.349315 0.131248
v 2.794518 0.346583 0.131346
v 2.770969 0.344046 0.131438
v 2.746815 0.341716 0.131521
v 2.722008 0.339609 0.131597
v 2.696500 0.337737 0.131665
v 2.670242 0.336116 0.131723
v 2.643185 0.334758 0.131772
v 2.615281 0.333677 0.131811
v 2.586481 0.332888 0.131839
v 2.556737 0.332405 0.131857
v 2.526000 0.332241 0.131863
v 2.482598 0.333242 0.131827
v 2.445120 0.336252 0.131718
v 2.413156 0.341282 0.131537
v 2.386296 0.348341 0.131283
v 2.364131 0.357441 0.130955
v 2.346250 0.368592 0.130554
v 2.332244 0.381804 0.130078
v 2.321704 0.397088 0.129528
v 2.314219 0.414453 0.128903
v 2.309380 0.433911 0.128202
v 2.306777 0.455472 0.127426
v 2.306000 0.479146 0.126574
v 2.306000 0.781949 0.115673
v 2.075000 0.733981 0.117400
v 2.060000 0.816927 0.114414
v 2.072269 0.818650 0.114352
v 2.086486 0.820804 0.114274
v 2.102516 0.823360 0.114182
v 2.120222 0.826291 0.114077
v 2.139471 0.829569 0.113959
v 2.160125 0.833166 0.113829
v 2.182050 0.837055 0.113689
v 2.205111 0.841207 0.113540
v 2.229172 0.845596 0.113382
v 2.254097 0.850192 0.113216
v 2.279752 0.854969 0.113044
v 2.306000 0.859899 0.112867
v 2.306000 1.030788 0.106715
v 2.305958 1.038342 0.106443
v 2.305829 1.045996 0.106167
v 2.305609 1.053726 0.105889
v 2.305296 1.061509 0.105609
v 2.304886 1.069319 0.105328
v 2.304375 1.077133 0.105046
v 2.303760 1.084926 0.104766
v 2.303037 1.092674 0.104487
v 2.302203 1.100353 0.104211
v 2.301255 1.107937 0.103937
v 2.300188 1.115404 0.103669
v 2.299000 1.122729 0.103405
v 2.394000 1.122729 0.103405
v 2.392812 1.115385 0.103669
v 2.391745 1.107868 0.103940
v 2.390797 1.100212 0.104216
v 2.389963 1.092452 0.104495
v 2.389240 1.084623 0.104777
v 2.388625 1.076758 0.105060
v 2.388114 1.068894 0.105343
v 2.387704 1.061065 0.105625
v 2.387391 1.053305 0.105904
v 2.387171 1.045649 0.106180
v 2.387042 1.038132 0.106450
v 2.387000 1.030788 0.106715
v 2.387000 0.874889 0.112327
v 2.429524 0.883179 0.112029
v 2.471778 0.891490 0.111730
v 2.513281 0.899717 0.111433
v 2.553555 0.907757 0.111144
v 2.592121 0.915505 0.110865
v 2.628500 0.922858 0.110600
v 2.662212 0.929711 0.110354
v 2.692778 0.935961 0.110129
v 2.719719 0.941502 0.109929
v 2.742556 0.946232 0.109759
v 2.760809 0.950045 0.109622
v 2.774000 0.952839 0.109521
v 2.779435 0.954109 0.109475
v 2.784732 0.955420 0.109428
v 2.789875 0.956774 0.109379
v 2.794852 0.958169 0.109329
v 2.799648 0.959605 0.109277
v 2.804250 0.961083 0.109224
v 2.808644 0.962603 0.109170
v 2.812815 0.964165 0.109113
v 2.816750 0.965768 0.109056
v 2.820435 0.967413 0.108996
v 2.823857 0.969099 0.108936
v 2.827000 0.970827 0.108873
v 2.886000 0.924857 0.110528
v 2.884172 0.922219 0.110623
v 2.882209 0.919328 0.110727
v 2.880141 0.916222 0.110839
v 2.878000 0.912939 0.110957
v 2.875818 0.909517 0.111081
v 2.873625 0.905994 0.111207
v 2.871453 0.902409 0.111337
v 2.869334 0.898800 0.111466
v 2.867297 0.895204 0.111596
v 2.865375 0.891661 0.111723
v 2.863599 0.888208 0.111848
v 2.862000 0.884883 0.111967
v 1.468000 1.005804 0.107614
v 1.740000 1.005804 0.107614
v 1.746645 1.005867 0.107612
v 1.753079 1.006059 0.107605
v 1.759297 1.006382 0.107593
v 1.765296 1.006841 0.107577
v 1.771074 1.007438 0.107555
v 1.776625 1.008178 0.107529
v 1.781947 1.009063 0.107497
v 1.787037 1.010098 0.107460
v 1.791891 1.011285 0.107417
v 1.796505 1.012629 0.107369
v 1.800876 1.014132 0.107314
v 1.805000 1.015798 0.107255
v 1.872000 0.974824 0.108730
v 1.869962 0.971149 0.108862
v 1.867866 0.967154 0.109006
v 1.865734 0.962895 0.109159
v 1.863593 0.958428 0.109320
v 1.861465 0.953808 0.109486
v 1.859375 0.949091 0.109656
v 1.857348 0.944333 0.109827
v 1.855407 0.939588 0.109998
v 1.853578 0.934913 0.110166
v 1.851884 0.930363 0.110330
v 1.850350 0.925993 0.110487
v 1.849000 0.921859 0.110636
v 1.841525 0.895953 0.111569
v 1.832620 0.868842 0.112545
v 1.822312 0.840739 0.113557
v 1.810630 0.811856 0.114596
v 1.797600 0.782403 0.115657
v 1.783250 0.752593 0.116730
v 1.767609 0.722638 0.117808
v 1.750704 0.692748 0.118884
v 1.732563 0.663136 0.119950
v 1.713213 0.634013 0.120999
v 1.692683 0.605591 0.122022
v 1.671000 0.578081 0.123012
v 1.647643 0.550747 0.123996
v 1.622977 0.524218 0.124951
v 1.596859 0.498508 0.125877
v 1.569148 0.473631 0.126773
v 1.539701 0.449600 0.127638
v 1.508375 0.426430 0.128472
v 1.475028 0.404134 0.129274
v 1.439519 0.382727 0.130045
v 1.401703 0.362221 0.130783
v 1.361440 0.342632 0.131488
v 1.318586 0.323973 0.132160
v 1.273000 0.306258 0.132798
v 1.201000 0.371215 0.130459
v 1.245556 0.385464 0.129947
v 1.287778 0.401178 0.129381
v 1.327750 0.418279 0.128765
v 1.365556 0.436692 0.128102
v 1.401278 0.456340 0.127395
v 1.435000 0.477147 0.126646
v 1.466806 0.499037 0.125858
v 1.496778 0.521933 0.125034
v 1.525000 0.545759 0.124176
v 1.551556 0.570438 0.123287
v 1.576528 0.595895 0.122371
v 1.600000 0.622053 0.121429
v 1.619133 0.645765 0.120576
v 1.637477 0.670758 0.119676
v 1.654953 0.696770 0.118740
v 1.671481 0.723543 0.117776
v 1.686982 0.750815 0.116794
v 1.701375 0.778327 0.115803
v 1.714580 0.805818 0.114814
v 1.726519 0.833027 0.113834
v 1.737109 0.859696 0.112874
v 1.746273 0.885563 0.111943
v 1.753930 0.910368 0.111050
v 1.760000 0.933851 0.110205
v 1.421000 0.933851 0.110205
v 1.405499 0.912773 0.110963
v 1.388995 0.891559 0.111727
v 1.371484 0.870283 0.112493
v 1.352963 0.849017 0.113259
v 1.333428 0.827835 0.114021
v 1.312875 0.806808 0.114778
v 1.291301 0.786011 0.115527
v 1.268704 0.765516 0.116265
v 1.245078 0.745395 0.116989
v 1.220421 0.725722 0.117697
v 1.194730 0.706569 0.118387
v 1.168000 0.688010 0.119055
v 1.099000 0.739977 0.117184
v 1.140489 0.766528 0.116228
v 1.178995 0.794492 0.115222
v 1.214578 0.823532 0.114176
v 1.247296 0.853311 0.113104
v 1.277209 0.883492 0.112018
v 1.304375 0.913739 0.110929
v 1.328854 0.943716 0.109849
v 1.350704 0.973085 0.108792
v 1.369984 1.001510 0.107769
v 1.386755 1.028655 0.106792
v 1.401073 1.054183 0.105873
v 1.413000 1.077758 0.105024
v 1.415596 1.082384 0.104857
v 1.418352 1.087700 0.104666
v 1.421219 1.093607 0.104453
v 1.424148 1.100003 0.104223
v 1.427091 1.106787 0.103979
v 1.430000 1.113859 0.103724
v 1.432825 1.121119 0.103463
v 1.435519 1.128466 0.103198
v 1.438031 1.135798 0.102934
v 1.440315 1.143016 0.102675
v 1.442321 1.150019 0.102423
v 1.444000 1.156707 0.102182
v 1.537000 1.126726 0.103261
v 1.532734 1.120077 0.103500
v 1.528458 1.113175 0.103749
v 1.524203 1.106099 0.104004
v 1.520000 1.098929 0.104262
v 1.515880 1.091746 0.104520
v 1.511875 1.084628 0.104777
v 1.508016 1.077657 0.105028
v 1.504333 1.070910 0.105270
v 1.500859 1.064470 0.105502
v 1.497625 1.058414 0.105720
v 1.494661 1.052823 0.105922
v 1.492000 1.047777 0.106103
v 0.833861 0.982411 0.108456
v 0.842389 0.984133 0.108394
v 0.850500 0.986910 0.108294
v 0.858111 0.990666 0.108159
v 0.865139 0.995324 0.107992
v 0.871500 1.000808 0.107794
v 0.877111 1.007041 0.107570
v 0.881889 1.013947 0.107321
v 0.885750 1.021451 0.107051
v 0.888611 1.029474 0.106762
v 0.890389 1.037942 0.106457
v 0.891000 1.046778 0.106139
v 0.890389 1.055863 0.105812
v 0.888611 1.064577 0.105498
v 0.885750 1.072839 0.105201
v 0.881889 1.080571 0.104923
v 0.877111 1.087692 0.104666
v 0.871500 1.094122 0.104435
v 0.865139 1.099782 0.104231
v 0.858111 1.104592 0.104058
v 0.850500 1.108472 0.103918
v 0.842389 1.111343 0.103815
v 0.833861 1.113123 0.103751
v 0.825000 1.113734 0.103729
v 0.815929 1.113123 0.103751
v 0.807264 1.111342 0.103815
v 0.799078 1.108472 0.103918
v 0.791444 1.104592 0.104058
v 0.784436 1.099782 0.104231
v 0.778125 1.094122 0.104435
v 0.772585 1.087692 0.104666
v 0.767889 1.080571 0.104923
v 0.764109 1.072839 0.105201
v 0.761319 1.064577 0.105498
v 0.759592 1.055863 0.105812
v 0.759000 1.046778 0.106139
v 0.759592 1.037942 0.106457
v 0.761320 1.029474 0.106762
v 0.764109 1.021451 0.107051
v 0.767889 1.013947 0.107321
v 0.772585 1.007041 0.107570
v 0.778125 1.000808 0.107794
v 0.784436 0.995324 0.107992
v 0.791445 0.990666 0.108159
v 0.799078 0.986911 0.108294
v 0.807264 0.984133 0.108394
v 0.815929 0.982411 0.108456
v 0.825000 0.981820 0.108478
v 0.840228 1.158666 0.102111
v 0.854824 1.155643 0.102220
v 0.868656 1.150773 0.102395
v 0.881593 1.144196 0.102632
v 0.893501 1.136051 0.102925
v 0.904250 1.126476 0.103270
v 0.913707 1.115611 0.103661
v 0.921741 1.103593 0.104094
v 0.928219 1.090562 0.104563
v 0.933009 1.076657 0.105064
v 0.935980 1.062016 0.105591
v 0.937000 1.046778 0.106139
v 0.935980 1.031790 0.106679
v 0.933009 1.017394 0.107197
v 0.928219 1.003728 0.107689
v 0.921741 0.990925 0.108150
v 0.913707 0.979122 0.108575
v 0.904250 0.968454 0.108959
v 0.893501 0.959055 0.109297
v 0.881593 0.951062 0.109585
v 0.868656 0.944610 0.109817
v 0.854824 0.939833 0.109989
v 0.840228 0.936868 0.110096
v 0.825000 0.935850 0.110133
v 0.809772 0.936868 0.110096
v 0.795176 0.939833 0.109989
v 0.781344 0.944610 0.109817
v 0.768407 0.951062 0.109585
v 0.756499 0.959055 0.109297
v 0.745750 0.968454 0.108959
v 0.736293 0.979122 0.108575
v 0.728259 0.990925 0.108150
v 0.721781 1.003728 0.107689
v 0.716991 1.017394 0.107197
v 0.714020 1.031789 0.106679
v 0.713000 1.046778 0.106139
v 0.714020 1.062016 0.105591
v 0.716991 1.076657 0.105064
v 0.721781 1.090562 0.104563
v 0.728259 1.103593 0.104094
v 0.736293 1.115611 0.103661
v 0.745750 1.126476 0.103270
v 0.756499 1.136051 0.102925
v 0.768407 1.144196 0.102632
v 0.781344 1.150773 0.102395
v 0.795176 1.155643 0.102220
v 0.809772 1.158666 0.102111
v 0.825000 1.159705 0.102074
v 0.274000 0.792942 0.115277
v 0.304279 0.800570 0.115003
v 0.335898 0.808913 0.114702
v 0.368531 0.817895 0.114379
v 0.401852 0.827439 0.114035
v 0.435534 0.837468 0.113674
v 0.469250 0.847907 0.113299
v 0.502675 0.858679 0.112911
v 0.535482 0.869707 0.112514
v 0.567344 0.880917 0.112110
v 0.597935 0.892230 0.111703
v 0.626929 0.903571 0.111295
v 0.654000 0.914863 0.110888
v 0.661499 0.918153 0.110770
v 0.668991 0.921526 0.110648
v 0.676469 0.924982 0.110524
v 0.683926 0.928521 0.110396
v 0.691355 0.932144 0.110266
v 0.698750 0.935850 0.110133
v 0.706103 0.939639 0.109996
v 0.713407 0.943511 0.109857
v 0.720656 0.947467 0.109714
v 0.727843 0.951506 0.109569
v 0.734960 0.955629 0.109421
v 0.742000 0.959834 0.109269
v 0.777000 0.879886 0.112147
v 0.769841 0.876810 0.112258
v 0.762398 0.873598 0.112374
v 0.754719 0.870283 0.112493
v 0.746852 0.866894 0.112615
v 0.738846 0.863464 0.112739
v 0.730750 0.860024 0.112862
v 0.722612 0.856604 0.112985
v 0.714481 0.853237 0.113107
v 0.706406 0.849952 0.113225
v 0.698435 0.846782 0.113339
v 0.690617 0.843758 0.113448
v 0.683000 0.840911 0.113550
v 0.653793 0.829519 0.113961
v 0.622426 0.817894 0.114379
v 0.589281 0.806137 0.114802
v 0.554741 0.794349 0.115227
v 0.519186 0.782630 0.115649
v 0.483000 0.771081 0.116064
v 0.446564 0.759803 0.116470
v 0.410259 0.748897 0.116863
v 0.374469 0.738462 0.117239
v 0.339574 0.728600 0.117594
v 0.305957 0.719411 0.117924
v 0.274000 0.710995 0.118227
v 0.274000 0.491138 0.126142
v 0.274442 0.479167 0.126573
v 0.275782 0.468657 0.126952
v 0.278047 0.459486 0.127282
v 0.281259 0.451534 0.127568
v 0.285444 0.444678 0.127815
v 0.290625 0.438797 0.128027
v 0.296827 0.433769 0.128208
v 0.304074 0.429474 0.128362
v 0.312391 0.425790 0.128495
v 0.321801 0.422594 0.128610
v 0.332329 0.419767 0.128712
v 0.344000 0.417186 0.128805
v 0.352174 0.415979 0.128848
v 0.361139 0.414859 0.128888
v 0.370813 0.413829 0.128925
v 0.381111 0.412892 0.128959
v 0.391951 0.412053 0.128989
v 0.403250 0.411315 0.129016
v 0.414924 0.410680 0.129039
v 0.426889 0.410153 0.129058
v 0.439063 0.409737 0.129073
v 0.451361 0.409436 0.129084
v 0.463701 0.409253 0.129090
v 0.476000 0.409191 0.129092
v 0.503411 0.409400 0.129085
v 0.532375 0.410033 0.129062
v 0.562484 0.411096 0.129024
v 0.593333 0.412596 0.128970
v 0.624516 0.414540 0.128900
v 0.655625 0.416936 0.128814
v 0.686255 0.419789 0.128711
v 0.716000 0.423108 0.128591
v 0.744453 0.426898 0.128455
v 0.771208 0.431167 0.128301
v 0.795859 0.435922 0.128130
v 0.818000 0.441170 0.127941
v 0.818000 0.350229 0.131215
v 0.794998 0.347087 0.131328
v 0.769731 0.344164 0.131433
v 0.742562 0.341469 0.131530
v 0.713852 0.339014 0.131619
v 0.683961 0.336809 0.131698
v 0.653250 0.334864 0.131768
v 0.622081 0.333190 0.131828
v 0.590815 0.331797 0.131879
v 0.559812 0.330695 0.131918
v 0.529435 0.329895 0.131947
v 0.500044 0.329408 0.131965
v 0.472000 0.329243 0.131970
v 0.457241 0.329306 0.131968
v 0.442509 0.329497 0.131961
v 0.427875 0.329820 0.131950
v 0.413407 0.330279 0.131933
v 0.399176 0.330876 0.131912
v 0.385250 0.331616 0.131885
v 0.371699 0.332502 0.131853
v 0.358593 0.333536 0.131816
v 0.346000 0.334724 0.131773
v 0.333991 0.336067 0.131725
v 0.322634 0.337570 0.131671
v 0.312000 0.339236 0.131611
v 0.293464 0.343186 0.131469
v 0.276375 0.348096 0.131292
v 0.260766 0.354055 0.131077
v 0.246667 0.361148 0.130822
v 0.234109 0.369463 0.130523
v 0.223125 0.379085 0.130176
v 0.213745 0.390103 0.129780
v 0.206000 0.402603 0.129330
v 0.199922 0.416670 0.128823
v 0.195542 0.432393 0.128257
v 0.192891 0.449858 0.127628
v 0.192000 0.469152 0.126934
v 0.192000 0.499319 0.125848
v 0.192000 0.539847 0.124389
v 0.192000 0.588481 0.122638
v 0.192000 0.642965 0.120676
v 0.192000 0.701045 0.118586
v 0.192000 0.760463 0.116447
v 0.192000 0.818966 0.114340
v 0.192000 0.874297 0.112349
v 0.192000 0.924201 0.110552
v 0.192000 0.966423 0.109032
v 0.192000 0.998706 0.107870
v 0.192000 1.018796 0.107147
v 0.191958 1.024988 0.106924
v 0.191833 1.031524 0.106688
v 0.191625 1.038330 0.106443
v 0.191333 1.045334 0.106191
v 0.190958 1.052463 0.105935
v 0.190500 1.059644 0.105676
v 0.189958 1.066805 0.105418
v 0.189333 1.073871 0.105164
v 0.188625 1.080771 0.104915
v 0.187833 1.087432 0.104676
v 0.186958 1.093781 0.104447
v 0.186000 1.099744 0.104232
v 0.279000 1.099744 0.104232
v 0.278271 1.093857 0.104444
v 0.277588 1.087710 0.104666
v 0.276953 1.081334 0.104895
v 0.276370 1.074760 0.105132
v 0.275843 1.068019 0.105375
v 0.275375 1.061144 0.105622
v 0.274969 1.054164 0.105873
v 0.274630 1.047111 0.106127
v 0.274359 1.040017 0.106383
v 0.274162 1.032912 0.106638
v 0.274041 1.025828 0.106893
v 0.274000 1.018796 0.107147
v 7.265914 0.768505 -0.146613
v 7.302148 0.768505 -0.146613
v 7.347437 0.768505 -0.146613
v 7.399518 0.768505 -0.146613
v 7.456127 0.768505 -0.146613
v 7.515000 0.768505 -0.146613
v 7.573873 0.768505 -0.146613
v 7.630481 0.768505 -0.146613
v 7.682562 0.768505 -0.146613
v 7.727852 0.768505 -0.146613
v 7.764086 0.768505 -0.146613
v 7.789000 0.768505 -0.146613
v 7.801208 0.768565 -0.146615
v 7.812833 0.768736 -0.146621
v 7.823875 0.769004 -0.146631
v 7.834333 0.769356 -0.146644
v 7.844208 0.769777 -0.146659
v 7.853500 0.770253 -0.146676
v 7.862208 0.770772 -0.146695
v 7.870333 0.771318 -0.146714
v 7.877875 0.771877 -0.146734
v 7.884833 0.772437 -0.146755
v 7.891208 0.772983 -0.146774
v 7.897000 0.773501 -0.146793
v 7.897000 0.675565 -0.143267
v 7.891552 0.675873 -0.143278
v 7.885254 0.676282 -0.143293
v 7.878171 0.676767 -0.143310
v 7.870370 0.677304 -0.143330
v 7.861916 0.677869 -0.143350
v 7.852875 0.678438 -0.143371
v 7.843313 0.678986 -0.143390
v 7.833296 0.679488 -0.143408
v 7.822890 0.679921 -0.143424
v 7.812162 0.680261 -0.143436
v 7.801177 0.680482 -0.143444
v 7.790000 0.680562 -0.143447
v 7.764875 0.680562 -0.143447
v 7.728500 0.680562 -0.143447
v 7.683125 0.680562 -0.143447
v 7.631000 0.680562 -0.143447
v 7.574375 0.680562 -0.143447
v 7.515500 0.680562 -0.143447
v 7.456625 0.680562 -0.143447
v 7.400000 0.680562 -0.143447
v 7.347875 0.680562 -0.143447
v 7.302500 0.680562 -0.143447
v 7.266125 0.680562 -0.143447
v 7.241000 0.680562 -0.143447
v 7.227304 0.680520 -0.143446
v 7.213759 0.680400 -0.143441
v 7.200438 0.680202 -0.143434
v 7.187407 0.679932 -0.143424
v 7.174738 0.679593 -0.143412
v 7.162500 0.679187 -0.143398
v 7.150762 0.678720 -0.143381
v 7.139593 0.678193 -0.143362
v 7.129063 0.677610 -0.143341
v 7.119241 0.676976 -0.143318
v 7.110197 0.676293 -0.143293
v 7.102000 0.675565 -0.143267
v 7.102000 0.773501 -0.146793
v 7.109967 0.772983 -0.146774
v 7.118823 0.772437 -0.146755
v 7.128499 0.771877 -0.146734
v 7.138925 0.771318 -0.146714
v 7.150032 0.770772 -0.146695
v 7.161749 0.770253 -0.146676
v 7.174009 0.769777 -0.146659
v 7.186740 0.769356 -0.146644
v 7.199875 0.769004 -0.146631
v 7.213343 0.768736 -0.146621
v 7.227074 0.768565 -0.146615
v 7.241000 0.768505 -0.146613
v 6.485000 0.880432 -0.150642
v 6.485000 1.015345 -0.155499
v 6.484919 1.023208 -0.155782
v 6.484681 1.031695 -0.156088
v 6.484297 1.040641 -0.156410
v 6.483778 1.049878 -0.156742
v 6.483134 1.059240 -0.157079
v 6.482375 1.068560 -0.157415
v 6.481512 1.077672 -0.157743
v 6.480556 1.086410 -0.158058
v 6.479516 1.094606 -0.158353
v 6.478403 1.102094 -0.158622
v 6.477227 1.108708 -0.158860
v 6.476000 1.114281 -0.159061
v 6.575000 1.114281 -0.159061
v 6.574251 1.108688 -0.158860
v 6.573514 1.102020 -0.158620
v 6.572796 1.094450 -0.158347
v 6.572111 1.086151 -0.158048
v 6.571466 1.077296 -0.157730
v 6.570875 1.068061 -0.157397
v 6.570345 1.058616 -0.157057
v 6.569889 1.049138 -0.156716
v 6.569516 1.039798 -0.156380
v 6.569236 1.030770 -0.156055
v 6.569061 1.022228 -0.155747
v 6.569000 1.014345 -0.155463
v 6.569000 0.880432 -0.150642
v 6.835000 0.880432 -0.150642
v 6.843338 0.880473 -0.150644
v 6.851791 0.880589 -0.150648
v 6.860265 0.880776 -0.150655
v 6.868666 0.881024 -0.150664
v 6.876901 0.881328 -0.150675
v 6.884875 0.881681 -0.150687
v 6.892495 0.882076 -0.150702
v 6.899666 0.882505 -0.150717
v 6.906297 0.882962 -0.150733
v 6.912292 0.883439 -0.150751
v 6.917557 0.883931 -0.150768
v 6.922000 0.884430 -0.150786
v 6.922000 0.799484 -0.147728
v 6.917499 0.799963 -0.147746
v 6.912078 0.800401 -0.147761
v 6.905859 0.800796 -0.147776
v 6.898962 0.801150 -0.147788
v 6.891510 0.801462 -0.147800
v 6.883625 0.801733 -0.147809
v 6.875426 0.801962 -0.147817
v 6.867037 0.802149 -0.147824
v 6.858578 0.802295 -0.147829
v 6.850171 0.802399 -0.147833
v 6.841938 0.802462 -0.147835
v 6.834000 0.802483 -0.147836
v 6.569000 0.802483 -0.147836
v 6.567427 0.748718 -0.145901
v 6.562579 0.697319 -0.144050
v 6.554266 0.648239 -0.142283
v 6.542296 0.601428 -0.140598
v 6.526480 0.556837 -0.138993
v 6.506625 0.514419 -0.137466
v 6.482541 0.474125 -0.136015
v 6.454037 0.435905 -0.134639
v 6.420921 0.399712 -0.133336
v 6.383004 0.365497 -0.132105
v 6.340094 0.333211 -0.130942
v 6.292000 0.302806 -0.129848
v 6.214000 0.360769 -0.131935
v 6.259035 0.384232 -0.132779
v 6.299699 0.410144 -0.133712
v 6.336078 0.438500 -0.134733
v 6.368259 0.469291 -0.135841
v 6.396329 0.502511 -0.137037
v 6.420375 0.538154 -0.138320
v 6.440483 0.576211 -0.139690
v 6.456741 0.616677 -0.141147
v 6.469234 0.659544 -0.142690
v 6.478051 0.704805 -0.144320
v 6.483277 0.752454 -0.146035
v 6.485000 0.802483 -0.147836
v 6.192000 0.802483 -0.147836
v 6.182760 0.802462 -0.147835
v 6.173574 0.802399 -0.147833
v 6.164500 0.802295 -0.147829
v 6.155593 0.802149 -0.147824
v 6.146908 0.801962 -0.147817
v 6.138500 0.801733 -0.147809
v 6.130426 0.801462 -0.147800
v 6.122741 0.801150 -0.147788
v 6.115500 0.800796 -0.147776
v 6.108759 0.800401 -0.147761
v 6.102574 0.799963 -0.147746
v 6.097000 0.799484 -0.147728
v 6.097000 0.885429 -0.150822
v 6.102573 0.884911 -0.150804
v 6.108750 0.884365 -0.150784
v 6.115469 0.883805 -0.150764
v 6.122667 0.883245 -0.150744
v 6.130281 0.882699 -0.150724
v 6.138250 0.882181 -0.150705
v 6.146511 0.881704 -0.150688
v 6.155000 0.881283 -0.150673
v 6.163656 0.880932 -0.150660
v 6.172417 0.880663 -0.150651
v 6.181219 0.880492 -0.150645
v 6.190000 0.880432 -0.150642
v 5.419000 0.803482 -0.147872
v 5.405011 0.817554 -0.148379
v 5.388334 0.833527 -0.148954
v 5.369407 0.851014 -0.149583
v 5.348667 0.869624 -0.150253
v 5.326552 0.888970 -0.150950
v 5.303500 0.908664 -0.151659
v 5.279948 0.928315 -0.152366
v 5.256334 0.947537 -0.153058
v 5.233094 0.965939 -0.153721
v 5.210667 0.983134 -0.154340
v 5.189490 0.998733 -0.154901
v 5.170000 1.012347 -0.155391
v 5.227000 1.073307 -0.157586
v 5.245862 1.060439 -0.157123
v 5.266653 1.045561 -0.156587
v 5.288922 1.029039 -0.155992
v 5.312222 1.011236 -0.155351
v 5.336106 0.992518 -0.154677
v 5.360125 0.973247 -0.153984
v 5.383832 0.953789 -0.153283
v 5.406778 0.934508 -0.152589
v 5.428516 0.915769 -0.151915
v 5.448597 0.897935 -0.151273
v 5.466575 0.881371 -0.150676
v 5.482000 0.866441 -0.150139
v 5.578815 0.574898 -0.139643
v 5.615185 0.602011 -0.140619
v 5.650000 0.630719 -0.141653
v 5.683148 0.660760 -0.142734
v 5.714519 0.691869 -0.143854
v 5.744000 0.723783 -0.145003
v 5.771482 0.756239 -0.146171
v 5.796852 0.788973 -0.147350
v 5.820000 0.821720 -0.148529
v 5.840815 0.854218 -0.149699
v 5.859185 0.886201 -0.150850
v 5.875000 0.917408 -0.151974
v 5.923000 0.832463 -0.148916
v 5.904989 0.801034 -0.147784
v 5.884987 0.769328 -0.146643
v 5.863048 0.737525 -0.145498
v 5.839223 0.705804 -0.144356
v 5.813565 0.674348 -0.143223
v 5.786126 0.643336 -0.142107
v 5.756957 0.612948 -0.141013
v 5.726111 0.583365 -0.139948
v 5.693641 0.554768 -0.138919
v 5.659597 0.527337 -0.137931
v 5.624033 0.501252 -0.136992
v 5.587000 0.476694 -0.136108
v 5.561431 0.461012 -0.135543
v 5.534695 0.445510 -0.134985
v 5.506750 0.430286 -0.134437
v 5.477556 0.415437 -0.133903
v 5.447070 0.401060 -0.133385
v 5.415250 0.387251 -0.132888
v 5.382056 0.374110 -0.132415
v 5.347445 0.361731 -0.131969
v 5.311375 0.350213 -0.131555
v 5.273806 0.339653 -0.131174
v 5.234694 0.330147 -0.130832
v 5.194000 0.321794 -0.130531
v 5.141000 0.403741 -0.133482
v 5.183817 0.410944 -0.133741
v 5.224795 0.419476 -0.134048
v 5.263968 0.429209 -0.134398
v 5.301370 0.440014 -0.134787
v 5.337035 0.451762 -0.135210
v 5.370999 0.464327 -0.135663
v 5.403297 0.477578 -0.136140
v 5.433962 0.491388 -0.136637
v 5.463031 0.505628 -0.137149
v 5.490537 0.520170 -0.137673
v 5.516515 0.534886 -0.138203
v 5.541000 0.549646 -0.138734
v 4.857869 0.767667 -0.146583
v 4.849949 0.742734 -0.145685
v 4.841203 0.717788 -0.144787
v 4.831593 0.692924 -0.143892
v 4.821079 0.668241 -0.143004
v 4.809625 0.643835 -0.142125
v 4.797192 0.619805 -0.141260
v 4.783741 0.596246 -0.140412
v 4.769235 0.573256 -0.139584
v 4.753634 0.550933 -0.138780
v 4.736902 0.529372 -0.138004
v 4.719000 0.508673 -0.137259
v 4.692325 0.481089 -0.136266
v 4.664844 0.455726 -0.135353
v 4.636626 0.432472 -0.134516
v 4.607741 0.411217 -0.133751
v 4.578260 0.391850 -0.133053
v 4.548251 0.374260 -0.132420
v 4.517783 0.358335 -0.131847
v 4.486927 0.343965 -0.131330
v 4.455750 0.331038 -0.130864
v 4.424325 0.319444 -0.130447
v 4.392718 0.309071 -0.130073
v 4.361000 0.299808 -0.129740
v 4.299000 0.370762 -0.132294
v 4.334133 0.378731 -0.132581
v 4.368477 0.388126 -0.132919
v 4.401953 0.398916 -0.133308
v 4.434482 0.411069 -0.133745
v 4.465982 0.424555 -0.134231
v 4.496376 0.439343 -0.134763
v 4.525581 0.455400 -0.135341
v 4.553519 0.472696 -0.135964
v 4.580110 0.491200 -0.136630
v 4.605273 0.510880 -0.137339
v 4.628930 0.531705 -0.138088
v 4.651000 0.553644 -0.138878
v 4.665812 0.570051 -0.139469
v 4.679745 0.587215 -0.140087
v 4.692797 0.605017 -0.140727
v 4.704963 0.623339 -0.141387
v 4.716240 0.642064 -0.142061
v 4.726625 0.661074 -0.142746
v 4.736114 0.680250 -0.143436
v 4.744704 0.699475 -0.144128
v 4.752391 0.718631 -0.144818
v 4.759171 0.737599 -0.145500
v 4.765042 0.756261 -0.146172
v 4.770000 0.774501 -0.146829
v 4.750404 0.774501 -0.146829
v 4.717819 0.774501 -0.146829
v 4.674797 0.774501 -0.146829
v 4.623888 0.774501 -0.146829
v 4.567647 0.774501 -0.146829
v 4.508625 0.774501 -0.146829
v 4.449373 0.774501 -0.146829
v 4.392444 0.774501 -0.146829
v 4.340390 0.774501 -0.146829
v 4.295763 0.774501 -0.146829
v 4.261116 0.774501 -0.146829
v 4.239000 0.774501 -0.146829
v 4.232717 0.774480 -0.146828
v 4.225907 0.774417 -0.146826
v 4.218625 0.774313 -0.146822
v 4.210926 0.774168 -0.146817
v 4.202866 0.773980 -0.146810
v 4.194500 0.773751 -0.146802
v 4.185884 0.773481 -0.146792
v 4.177074 0.773168 -0.146781
v 4.168125 0.772814 -0.146768
v 4.159092 0.772419 -0.146754
v 4.150032 0.771981 -0.146738
v 4.141000 0.771503 -0.146721
v 4.141000 0.855448 -0.149743
v 4.150185 0.854491 -0.149709
v 4.159231 0.853616 -0.149677
v 4.168125 0.852825 -0.149649
v 4.176852 0.852117 -0.149623
v 4.185398 0.851493 -0.149601
v 4.193750 0.850951 -0.149581
v 4.201893 0.850493 -0.149565
v 4.209815 0.850118 -0.149551
v 4.217500 0.849827 -0.149541
v 4.224935 0.849619 -0.149533
v 4.232106 0.849494 -0.149529
v 4.239000 0.849452 -0.149527
v 4.258898 0.849452 -0.149527
v 4.291856 0.849452 -0.149527
v 4.335266 0.849452 -0.149527
v 4.386518 0.849452 -0.149527
v 4.443007 0.849452 -0.149527
v 4.502125 0.849452 -0.149527
v 4.561263 0.849452 -0.149527
v 4.617815 0.849452 -0.149527
v 4.669172 0.849452 -0.149527
v 4.712727 0.849452 -0.149527
v 4.745872 0.849452 -0.149527
v 4.766000 0.849452 -0.149527
v 4.771704 0.849495 -0.149529
v 4.777297 0.849628 -0.149533
v 4.782750 0.849858 -0.149542
v 4.788037 0.850192 -0.149554
v 4.793130 0.850638 -0.149570
v 4.798000 0.851201 -0.149590
v 4.802621 0.851889 -0.149615
v 4.806963 0.852709 -0.149644
v 4.811000 0.853668 -0.149679
v 4.814704 0.854773 -0.149719
v 4.818047 0.856030 -0.149764
v 4.821000 0.857447 -0.149815
v 4.878000 0.821470 -0.148520
v 4.876732 0.819144 -0.148436
v 4.875440 0.816686 -0.148348
v 4.874141 0.814131 -0.148256
v 4.872852 0.811514 -0.148161
v 4.871591 0.808868 -0.148066
v 4.870375 0.806230 -0.147971
v 4.869221 0.803633 -0.147878
v 4.868148 0.801113 -0.147787
v 4.867172 0.798704 -0.147700
v 4.866310 0.796440 -0.147619
v 4.865581 0.794357 -0.147544
v 4.865000 0.792489 -0.147476
v 4.338950 1.080303 -0.157838
v 4.364764 1.080303 -0.157838
v 4.396891 1.080303 -0.157838
v 4.433778 1.080303 -0.157838
v 4.473874 1.080303 -0.157838
v 4.515625 1.080303 -0.157838
v 4.557481 1.080303 -0.157838
v 4.597889 1.080303 -0.157838
v 4.635297 1.080303 -0.157838
v 4.668153 1.080303 -0.157838
v 4.694905 1.080303 -0.157838
v 4.714000 1.080303 -0.157838
v 4.722054 1.080325 -0.157839
v 4.730186 1.080395 -0.157841
v 4.738344 1.080521 -0.157846
v 4.746482 1.080710 -0.157852
v 4.754550 1.080968 -0.157862
v 4.762500 1.081302 -0.157874
v 4.770284 1.081720 -0.157889
v 4.777852 1.082227 -0.157907
v 4.785156 1.082832 -0.157929
v 4.792148 1.083541 -0.157954
v 4.798779 1.084361 -0.157984
v 4.805000 1.085299 -0.158018
v 4.805000 1.002353 -0.155032
v 4.798798 1.002832 -0.155049
v 4.792213 1.003269 -0.155065
v 4.785281 1.003665 -0.155079
v 4.778037 1.004019 -0.155092
v 4.770515 1.004331 -0.155103
v 4.762750 1.004601 -0.155113
v 4.754777 1.004831 -0.155121
v 4.746630 1.005018 -0.155128
v 4.738344 1.005164 -0.155133
v 4.729954 1.005268 -0.155136
v 4.721495 1.005330 -0.155139
v 4.713000 1.005351 -0.155140
v 4.694574 1.005351 -0.155140
v 4.668339 1.005351 -0.155140
v 4.635860 1.005351 -0.155140
v 4.598704 1.005351 -0.155140
v 4.558437 1.005351 -0.155140
v 4.516625 1.005351 -0.155140
v 4.474834 1.005351 -0.155140
v 4.434630 1.005351 -0.155140
v 4.397579 1.005351 -0.155140
v 4.365246 1.005351 -0.155140
v 4.339198 1.005351 -0.155140
v 4.321000 1.005351 -0.155140
v 4.313233 1.005331 -0.155139
v 4.305445 1.005268 -0.155137
v 4.297657 1.005164 -0.155133
v 4.289889 1.005018 -0.155128
v 4.282164 1.004831 -0.155121
v 4.274500 1.004602 -0.155113
v 4.266921 1.004331 -0.155103
v 4.259445 1.004019 -0.155092
v 4.252094 1.003665 -0.155079
v 4.244889 1.003269 -0.155065
v 4.237851 1.002832 -0.155049
v 4.231000 1.002353 -0.155032
v 4.231000 1.085299 -0.158018
v 4.237621 1.084361 -0.157984
v 4.244472 1.083541 -0.157954
v 4.251531 1.082832 -0.157929
v 4.258778 1.082227 -0.157907
v 4.266191 1.081720 -0.157889
v 4.273750 1.081302 -0.157874
v 4.281434 1.080968 -0.157862
v 4.289222 1.080710 -0.157852
v 4.297094 1.080521 -0.157846
v 4.305028 1.080395 -0.157841
v 4.313004 1.080325 -0.157839
v 4.321000 1.080303 -0.157838
v 3.246682 0.637496 -0.141897
v 3.252292 0.666237 -0.142931
v 3.256922 0.698144 -0.144080
v 3.260667 0.732528 -0.145318
v 3.263620 0.768702 -0.146620
v 3.265875 0.805980 -0.147962
v 3.267526 0.843675 -0.149319
v 3.268667 0.881098 -0.150666
v 3.269391 0.917564 -0.151979
v 3.269792 0.952385 -0.153233
v 3.269964 0.984875 -0.154402
v 3.270000 1.014345 -0.155463
v 3.269938 1.021678 -0.155727
v 3.269759 1.028702 -0.155980
v 3.269469 1.035441 -0.156223
v 3.269074 1.041920 -0.156456
v 3.268582 1.048163 -0.156681
v 3.268000 1.054194 -0.156898
v 3.267334 1.060039 -0.157108
v 3.266593 1.065719 -0.157313
v 3.265781 1.071262 -0.157512
v 3.264907 1.076689 -0.157708
v 3.263978 1.082027 -0.157900
v 3.263000 1.087298 -0.158090
v 3.355000 1.087298 -0.158090
v 3.354692 1.083936 -0.157969
v 3.354282 1.079886 -0.157823
v 3.353797 1.075212 -0.157654
v 3.353259 1.069976 -0.157466
v 3.352694 1.064240 -0.157260
v 3.352125 1.058067 -0.157037
v 3.351577 1.051519 -0.156802
v 3.351074 1.044659 -0.156555
v 3.350641 1.037549 -0.156299
v 3.350301 1.030252 -0.156036
v 3.350079 1.022829 -0.155769
v 3.350000 1.015345 -0.155499
v 3.349905 0.985594 -0.154428
v 3.349579 0.952307 -0.153230
v 3.348953 0.916237 -0.151931
v 3.347963 0.878137 -0.150560
v 3.346542 0.838761 -0.149142
v 3.344625 0.798860 -0.147706
v 3.342145 0.759188 -0.146278
v 3.339037 0.720499 -0.144885
v 3.335234 0.683544 -0.143554
v 3.330671 0.649077 -0.142314
v 3.325282 0.617852 -0.141190
v 3.319000 0.590620 -0.140209
v 3.310800 0.564086 -0.139254
v 3.301232 0.537996 -0.138315
v 3.290344 0.512420 -0.137394
v 3.278186 0.487427 -0.136494
v 3.264805 0.463087 -0.135618
v 3.250250 0.439468 -0.134768
v 3.234571 0.416640 -0.133946
v 3.217815 0.394673 -0.133155
v 3.200032 0.373635 -0.132398
v 3.181269 0.353597 -0.131676
v 3.161575 0.334628 -0.130993
v 3.141000 0.316797 -0.130352
v 3.066000 0.366765 -0.132150
v 3.086497 0.382347 -0.132711
v 3.105972 0.399063 -0.133313
v 3.124406 0.416842 -0.133953
v 3.141778 0.435609 -0.134629
v 3.158066 0.455292 -0.135337
v 3.173250 0.475819 -0.136076
v 3.187309 0.497116 -0.136843
v 3.200222 0.519111 -0.137635
v 3.211969 0.541730 -0.138449
v 3.222528 0.564900 -0.139283
v 3.231879 0.588550 -0.140135
v 3.240000 0.612606 -0.141001
v 3.530000 0.437965 -0.134714
v 3.530000 0.473663 -0.135999
v 3.530000 0.521805 -0.137732
v 3.530000 0.579368 -0.139804
v 3.530000 0.643329 -0.142107
v 3.530000 0.710667 -0.144531
v 3.530000 0.778359 -0.146968
v 3.530000 0.843382 -0.149309
v 3.530000 0.902715 -0.151445
v 3.530000 0.953334 -0.153267
v 3.530000 0.992218 -0.154667
v 3.530000 1.016344 -0.155535
v 3.529921 1.025624 -0.155869
v 3.529699 1.034453 -0.156187
v 3.529359 1.042796 -0.156488
v 3.528926 1.050618 -0.156769
v 3.528423 1.057885 -0.157031
v 3.527875 1.064563 -0.157271
v 3.527306 1.070616 -0.157489
v 3.526741 1.076009 -0.157683
v 3.526203 1.080709 -0.157852
v 3.525718 1.084679 -0.157995
v 3.525309 1.087887 -0.158111
v 3.525000 1.090296 -0.158198
v 3.617000 1.090296 -0.158198
v 3.616711 1.087887 -0.158111
v 3.616357 1.084679 -0.157995
v 3.615953 1.080709 -0.157852
v 3.615519 1.076009 -0.157683
v 3.615070 1.070616 -0.157489
v 3.614625 1.064563 -0.157271
v 3.614201 1.057885 -0.157031
v 3.613815 1.050618 -0.156769
v 3.613484 1.042796 -0.156488
v 3.613227 1.034453 -0.156187
v 3.613060 1.025624 -0.155869
v 3.613000 1.016344 -0.155535
v 3.613000 0.992364 -0.154672
v 3.613000 0.953921 -0.153288
v 3.613000 0.904042 -0.151492
v 3.613000 0.845751 -0.149394
v 3.613000 0.782074 -0.147102
v 3.613000 0.716039 -0.144724
v 3.613000 0.650669 -0.142371
v 3.613000 0.588991 -0.140151
v 3.613000 0.534031 -0.138172
v 3.613000 0.488815 -0.136544
v 3.613000 0.456369 -0.135376
v 3.613000 0.439718 -0.134777
v 3.636601 0.451215 -0.135191
v 3.661227 0.464660 -0.135675
v 3.686609 0.479957 -0.136225
v 3.712481 0.497014 -0.136839
v 3.738576 0.515736 -0.137513
v 3.764625 0.536030 -0.138244
v 3.790362 0.557803 -0.139028
v 3.815518 0.580959 -0.139861
v 3.839828 0.605407 -0.140742
v 3.863023 0.631052 -0.141665
v 3.884836 0.657800 -0.142628
v 3.905000 0.685558 -0.143627
v 3.952000 0.617602 -0.141181
v 3.929440 0.588681 -0.140139
v 3.904936 0.560454 -0.139123
v 3.878750 0.533032 -0.138136
v 3.851148 0.506526 -0.137182
v 3.822394 0.481047 -0.136265
v 3.792750 0.456707 -0.135388
v 3.762482 0.433615 -0.134557
v 3.731852 0.411884 -0.133775
v 3.701125 0.391624 -0.133045
v 3.670565 0.372946 -0.132373
v 3.640435 0.355962 -0.131761
v 3.611000 0.340782 -0.131215
v 3.607104 0.338554 -0.131135
v 3.603412 0.336372 -0.131056
v 3.599922 0.334239 -0.130979
v 3.596630 0.332158 -0.130905
v 3.593532 0.330132 -0.130832
v 3.590625 0.328165 -0.130761
v 3.587906 0.326260 -0.130692
v 3.585371 0.324422 -0.130626
v 3.583016 0.322653 -0.130562
v 3.580838 0.320956 -0.130501
v 3.578834 0.319337 -0.130443
v 3.577000 0.317796 -0.130388
v 3.524000 0.361768 -0.131970
v 3.524959 0.365846 -0.132117
v 3.525834 0.370077 -0.132270
v 3.526625 0.374447 -0.132427
v 3.527333 0.378942 -0.132589
v 3.527958 0.383548 -0.132755
v 3.528500 0.388251 -0.132924
v 3.528958 0.393037 -0.133096
v 3.529333 0.397893 -0.133271
v 3.529625 0.402804 -0.133448
v 3.529833 0.407757 -0.133626
v 3.529958 0.412737 -0.133805
v 3.530000 0.417732 -0.133985
v 2.849831 0.853873 -0.149686
v 2.836398 0.830853 -0.148858
v 2.821813 0.806667 -0.147987
v 2.806185 0.781607 -0.147085
v 2.789627 0.755964 -0.146162
v 2.772250 0.730029 -0.145228
v 2.754164 0.704095 -0.144294
v 2.735481 0.678452 -0.143371
v 2.716312 0.653392 -0.142469
v 2.696769 0.629206 -0.141598
v 2.676961 0.606186 -0.140770
v 2.657000 0.584624 -0.139993
v 2.587000 0.626597 -0.141504
v 2.605684 0.644407 -0.142145
v 2.624143 0.663647 -0.142838
v 2.642234 0.683997 -0.143571
v 2.659815 0.705138 -0.144332
v 2.676743 0.726752 -0.145110
v 2.692875 0.748518 -0.145893
v 2.708070 0.770117 -0.146671
v 2.722185 0.791231 -0.147431
v 2.735078 0.811539 -0.148162
v 2.746607 0.830724 -0.148853
v 2.756628 0.848464 -0.149492
v 2.765000 0.864442 -0.150067
v 2.387000 0.788492 -0.147333
v 2.387000 0.490685 -0.136611
v 2.387562 0.474410 -0.136026
v 2.389408 0.460005 -0.135507
v 2.392782 0.447384 -0.135053
v 2.397926 0.436460 -0.134659
v 2.405085 0.427146 -0.134324
v 2.414500 0.419356 -0.134044
v 2.426416 0.413002 -0.133815
v 2.441074 0.407997 -0.133635
v 2.458719 0.404256 -0.133500
v 2.479593 0.401691 -0.133408
v 2.503939 0.400216 -0.133355
v 2.532000 0.399743 -0.133338
v 2.560597 0.399951 -0.133345
v 2.588445 0.400572 -0.133367
v 2.615625 0.401602 -0.133405
v 2.642222 0.403038 -0.133456
v 2.668320 0.404876 -0.133522
v 2.694000 0.407114 -0.133603
v 2.719347 0.409747 -0.133698
v 2.744445 0.412772 -0.133807
v 2.769375 0.416186 -0.133930
v 2.794222 0.419985 -0.134066
v 2.819070 0.424166 -0.134217
v 2.844000 0.428725 -0.134381
v 2.840000 0.342780 -0.131287
v 2.817513 0.339868 -0.131182
v 2.794518 0.337136 -0.131084
v 2.770969 0.334598 -0.130992
v 2.746815 0.332269 -0.130909
v 2.722008 0.330161 -0.130833
v 2.696500 0.328290 -0.130765
v 2.670242 0.326668 -0.130707
v 2.643185 0.325310 -0.130658
v 2.615281 0.324230 -0.130619
v 2.586481 0.323441 -0.130591
v 2.556737 0.322958 -0.130573
v 2.526000 0.322793 -0.130567
v 2.482598 0.323794 -0.130603
v 2.445120 0.326805 -0.130712
v 2.413156 0.331834 -0.130893
v 2.386296 0.338894 -0.131147
v 2.364131 0.347994 -0.131475
v 2.346250 0.359145 -0.131876
v 2.332244 0.372357 -0.132352
v 2.321704 0.387640 -0.132902
v 2.314219 0.405006 -0.133527
v 2.309380 0.424464 -0.134228
v 2.306777 0.446024 -0.135004
v 2.306000 0.469698 -0.135856
v 2.306000 0.772502 -0.146757
v 2.075000 0.724533 -0.145030
v 2.060000 0.807479 -0.148016
v 2.072269 0.809203 -0.148078
v 2.086486 0.811356 -0.148156
v 2.102516 0.813913 -0.148248
v 2.120222 0.816844 -0.148353
v 2.139471 0.820122 -0.148471
v 2.160125 0.823719 -0.148601
v 2.182050 0.827608 -0.148741
v 2.205111 0.831760 -0.148890
v 2.229172 0.836148 -0.149048
v 2.254097 0.840745 -0.149214
v 2.279752 0.845522 -0.149386
v 2.306000 0.850452 -0.149563
v 2.306000 1.021341 -0.155715
v 2.305958 1.028894 -0.155987
v 2.305829 1.036548 -0.156263
v 2.305609 1.044279 -0.156541
v 2.305296 1.052062 -0.156821
v 2.304886 1.059872 -0.157102
v 2.304375 1.067686 -0.157384
v 2.303760 1.075479 -0.157664
v 2.303037 1.083227 -0.157943
v 2.302203 1.090905 -0.158219
v 2.301255 1.098490 -0.158493
v 2.300188 1.105957 -0.158761
v 2.299000 1.113281 -0.159025
v 2.394000 1.113281 -0.159025
v 2.392812 1.105937 -0.158761
v 2.391745 1.098420 -0.158490
v 2.390797 1.090765 -0.158214
v 2.389963 1.083004 -0.157935
v 2.389240 1.075175 -0.157653
v 2.388625 1.067311 -0.157370
v 2.388114 1.059447 -0.157087
v 2.387704 1.051618 -0.156805
v 2.387391 1.043857 -0.156526
v 2.387171 1.036201 -0.156250
v 2.387042 1.028684 -0.155979
v 2.387000 1.021341 -0.155715
v 2.387000 0.865442 -0.150103
v 2.429524 0.873731 -0.150401
v 2.471778 0.882042 -0.150700
v 2.513281 0.890269 -0.150997
v 2.553555 0.898309 -0.151286
v 2.592121 0.906058 -0.151565
v 2.628500 0.913411 -0.151830
v 2.662212 0.920264 -0.152076
v 2.692778 0.926513 -0.152301
v 2.719719 0.932055 -0.152501
v 2.742556 0.936785 -0.152671
v 2.760809 0.940598 -0.152808
v 2.774000 0.943391 -0.152909
v 2.779435 0.944661 -0.152955
v 2.784732 0.945973 -0.153002
v 2.789875 0.947326 -0.153051
v 2.794852 0.948721 -0.153101
v 2.799648 0.950158 -0.153153
v 2.804250 0.951636 -0.153206
v 2.808644 0.953156 -0.153260
v 2.812815 0.954717 -0.153317
v 2.816750 0.956320 -0.153374
v 2.820435 0.957965 -0.153434
v 2.823857 0.959652 -0.153494
v 2.827000 0.961380 -0.153557
v 2.886000 0.915409 -0.151902
v 2.884172 0.912772 -0.151807
v 2.882209 0.909881 -0.151703
v 2.880141 0.906774 -0.151591
v 2.878000 0.903491 -0.151473
v 2.875818 0.900069 -0.151349
v 2.873625 0.896547 -0.151223
v 2.871453 0.892962 -0.151093
v 2.869334 0.889352 -0.150964
v 2.867297 0.885757 -0.150834
v 2.865375 0.882213 -0.150707
v 2.863599 0.878760 -0.150582
v 2.862000 0.875435 -0.150463
v 1.468000 0.996357 -0.154816
v 1.740000 0.996357 -0.154816
v 1.746645 0.996420 -0.154818
v 1.753079 0.996611 -0.154825
v 1.759297 0.996935 -0.154837
v 1.765296 0.997393 -0.154853
v 1.771074 0.997991 -0.154875
v 1.776625 0.998730 -0.154901
v 1.781947 0.999616 -0.154933
v 1.787037 1.000650 -0.154970
v 1.791891 1.001838 -0.155013
v 1.796505 1.003181 -0.155061
v 1.800876 1.004684 -0.155116
v 1.805000 1.006351 -0.155175
v 1.872000 0.965377 -0.153700
v 1.869962 0.961701 -0.153568
v 1.867866 0.957706 -0.153424
v 1.865734 0.953447 -0.153271
v 1.863593 0.948980 -0.153110
v 1.861465 0.944361 -0.152944
v 1.859375 0.939644 -0.152774
v 1.857348 0.934885 -0.152603
v 1.855407 0.930141 -0.152432
v 1.853578 0.925465 -0.152264
v 1.851884 0.920915 -0.152100
v 1.850350 0.916545 -0.151942
v 1.849000 0.912411 -0.151794
v 1.841525 0.886505 -0.150861
v 1.832620 0.859395 -0.149885
v 1.822312 0.831292 -0.148873
v 1.810630 0.802409 -0.147834
v 1.797600 0.772956 -0.146773
v 1.783250 0.743146 -0.145700
v 1.767609 0.713190 -0.144622
v 1.750704 0.683300 -0.143546
v 1.732563 0.653688 -0.142480
v 1.713213 0.624565 -0.141431
v 1.692683 0.596143 -0.140408
v 1.671000 0.568634 -0.139418
v 1.647643 0.541300 -0.138434
v 1.622977 0.514771 -0.137479
v 1.596859 0.489061 -0.136553
v 1.569148 0.464183 -0.135657
v 1.539701 0.440152 -0.134792
v 1.508375 0.416982 -0.133958
v 1.475028 0.394687 -0.133156
v 1.439519 0.373279 -0.132385
v 1.401703 0.352774 -0.131647
v 1.361440 0.333185 -0.130941
v 1.318586 0.314525 -0.130270
v 1.273000 0.296810 -0.129632
v 1.201000 0.361768 -0.131970
v 1.245556 0.376017 -0.132483
v 1.287778 0.391730 -0.133049
v 1.327750 0.408831 -0.133665
v 1.365556 0.427244 -0.134328
v 1.401278 0.446892 -0.135035
v 1.435000 0.467699 -0.135784
v 1.466806 0.489589 -0.136572
v 1.496778 0.512485 -0.137396
v 1.525000 0.536311 -0.138254
v 1.551556 0.560991 -0.139143
v 1.576528 0.586448 -0.140059
v 1.600000 0.612606 -0.141001
v 1.619133 0.636318 -0.141854
v 1.637477 0.661310 -0.142754
v 1.654953 0.687323 -0.143690
v 1.671481 0.714095 -0.144654
v 1.686982 0.741368 -0.145636
v 1.701375 0.768879 -0.146627
v 1.714580 0.796370 -0.147616
v 1.726519 0.823580 -0.148596
v 1.737109 0.850249 -0.149556
v 1.746273 0.876115 -0.150487
v 1.753930 0.900921 -0.151380
v 1.760000 0.924404 -0.152225
v 1.421000 0.924404 -0.152225
v 1.405499 0.903325 -0.151467
v 1.388995 0.882112 -0.150703
v 1.371484 0.860835 -0.149937
v 1.352963 0.839570 -0.149171
v 1.333428 0.818387 -0.148409
v 1.312875 0.797361 -0.147652
v 1.291301 0.776564 -0.146903
v 1.268704 0.756068 -0.146165
v 1.245078 0.735948 -0.145441
v 1.220421 0.716274 -0.144733
v 1.194730 0.697122 -0.144043
v 1.168000 0.678563 -0.143375
v 1.099000 0.730529 -0.145246
v 1.140489 0.757081 -0.146202
v 1.178995 0.785045 -0.147208
v 1.214578 0.814084 -0.148254
v 1.247296 0.843863 -0.149326
v 1.277209 0.874044 -0.150412
v 1.304375 0.904292 -0.151501
v 1.328854 0.934268 -0.152581
v 1.350704 0.963637 -0.153638
v 1.369984 0.992063 -0.154661
v 1.386755 1.019208 -0.155638
v 1.401073 1.044736 -0.156557
v 1.413000 1.068310 -0.157406
v 1.415596 1.072937 -0.157573
v 1.418352 1.078253 -0.157764
v 1.421219 1.084159 -0.157977
v 1.424148 1.090555 -0.158207
v 1.427091 1.097340 -0.158451
v 1.430000 1.104412 -0.158706
v 1.432825 1.111672 -0.158967
v 1.435519 1.119018 -0.159232
v 1.438031 1.126351 -0.159496
v 1.440315 1.133569 -0.159755
v 1.442321 1.140572 -0.160007
v 1.444000 1.147259 -0.160248
v 1.537000 1.117279 -0.159169
v 1.532734 1.110630 -0.158930
v 1.528458 1.103727 -0.158681
v 1.524203 1.096651 -0.158426
v 1.520000 1.089482 -0.158168
v 1.515880 1.082298 -0.157910
v 1.511875 1.075181 -0.157653
v 1.508016 1.068209 -0.157402
v 1.504333 1.061463 -0.157160
v 1.500859 1.055022 -0.156928
v 1.497625 1.048966 -0.156710
v 1.494661 1.043376 -0.156508
v 1.492000 1.038330 -0.156327
v 0.833861 0.972964 -0.153974
v 0.842389 0.974686 -0.154036
v 0.850500 0.977463 -0.154136
v 0.858111 0.981219 -0.154271
v 0.865139 0.985877 -0.154438
v 0.871500 0.991360 -0.154636
v 0.877111 0.997593 -0.154860
v 0.881889 1.004500 -0.155109
v 0.885750 1.012003 -0.155379
v 0.888611 1.020027 -0.155668
v 0.890389 1.028495 -0.155973
v 0.891000 1.037330 -0.156291
v 0.890389 1.046416 -0.156618
v 0.888611 1.055129 -0.156932
v 0.885750 1.063392 -0.157229
v 0.881889 1.071123 -0.157507
v 0.877111 1.078244 -0.157764
v 0.871500 1.084675 -0.157995
v 0.865139 1.090335 -0.158199
v 0.858111 1.095145 -0.158372
v 0.850500 1.099025 -0.158512
v 0.842389 1.101895 -0.158615
v 0.833861 1.103676 -0.158679
v 0.825000 1.104287 -0.158701
v 0.815929 1.103676 -0.158679
v 0.807264 1.101895 -0.158615
v 0.799078 1.099025 -0.158512
v 0.791444 1.095145 -0.158372
v 0.784436 1.090335 -0.158199
v 0.778125 1.084675 -0.157995
v 0.772585 1.078244 -0.157764
v 0.767889 1.071123 -0.157507
v 0.764109 1.063392 -0.157229
v 0.761319 1.055129 -0.156932
v 0.759592 1.046415 -0.156618
v 0.759000 1.037330 -0.156291
v 0.759592 1.028495 -0.155973
v 0.761320 1.020027 -0.155668
v 0.764109 1.012003 -0.155379
v 0.767889 1.004500 -0.155109
v 0.772585 0.997594 -0.154860
v 0.778125 0.991360 -0.154636
v 0.784436 0.985877 -0.154438
v 0.791445 0.981219 -0.154271
v 0.799078 0.977463 -0.154136
v 0.807264 0.974686 -0.154036
v 0.815929 0.972964 -0.153974
v 0.825000 0.972373 -0.153952
v 0.840228 1.149219 -0.160319
v 0.854824 1.146195 -0.160210
v 0.868656 1.141326 -0.160035
v 0.881593 1.134749 -0.159798
v 0.893501 1.126604 -0.159505
v 0.904250 1.117029 -0.159160
v 0.913707 1.106163 -0.158769
v 0.921741 1.094146 -0.158336
v 0.928219 1.081115 -0.157867
v 0.933009 1.067209 -0.157366
v 0.935980 1.052568 -0.156839
v 0.937000 1.037330 -0.156291
v 0.935980 1.022342 -0.155751
v 0.933009 1.007947 -0.155233
v 0.928219 0.994280 -0.154741
v 0.921741 0.981478 -0.154280
v 0.913707 0.969675 -0.153855
v 0.904250 0.959006 -0.153471
v 0.893501 0.949608 -0.153133
v 0.881593 0.941615 -0.152845
v 0.868656 0.935162 -0.152613
v 0.854824 0.930386 -0.152441
v 0.840228 0.927421 -0.152334
v 0.825000 0.926402 -0.152297
v 0.809772 0.927421 -0.152334
v 0.795176 0.930386 -0.152441
v 0.781344 0.935162 -0.152613
v 0.768407 0.941615 -0.152845
v 0.756499 0.949608 -0.153133
v 0.745750 0.959006 -0.153471
v 0.736293 0.969675 -0.153855
v 0.728259 0.981478 -0.154280
v 0.721781 0.994280 -0.154741
v 0.716991 1.007947 -0.155233
v 0.714020 1.022342 -0.155751
v 0.713000 1.037330 -0.156291
v 0.714020 1.052568 -0.156839
v 0.716991 1.067209 -0.157366
v 0.721781 1.081115 -0.157867
v 0.728259 1.094146 -0.158336
v 0.736293 1.106163 -0.158769
v 0.745750 1.117029 -0.159160
v 0.756499 1.126604 -0.159505
v 0.768407 1.134749 -0.159798
v 0.781344 1.141326 -0.160035
v 0.795176 1.146195 -0.160210
v 0.809772 1.149219 -0.160319
v 0.825000 1.150257 -0.160356
v 0.274000 0.783495 -0.147153
v 0.304279 0.791123 -0.147427
v 0.335898 0.799466 -0.147728
v 0.368531 0.808447 -0.148051
v 0.401852 0.817991 -0.148395
v 0.435534 0.828020 -0.148756
v 0.469250 0.838459 -0.149131
v 0.502675 0.849231 -0.149519
v 0.535482 0.860260 -0.149916
v 0.567344 0.871469 -0.150320
v 0.597935 0.882782 -0.150727
v 0.626929 0.894123 -0.151135
v 0.654000 0.905416 -0.151542
v 0.661499 0.908705 -0.151660
v 0.668991 0.912078 -0.151782
v 0.676469 0.915534 -0.151906
v 0.683926 0.919074 -0.152034
v 0.691355 0.922696 -0.152164
v 0.698750 0.926402 -0.152297
v 0.706103 0.930191 -0.152434
v 0.713407 0.934064 -0.152573
v 0.720656 0.938020 -0.152716
v 0.727843 0.942059 -0.152861
v 0.734960 0.946181 -0.153009
v 0.742000 0.950387 -0.153161
v 0.777000 0.870439 -0.150283
v 0.769841 0.867362 -0.150172
v 0.762398 0.864151 -0.150056
v 0.754719 0.860835 -0.149937
v 0.746852 0.857447 -0.149815
v 0.738846 0.854017 -0.149691
v 0.730750 0.850577 -0.149568
v 0.722612 0.847157 -0.149445
v 0.714481 0.843789 -0.149323
v 0.706406 0.840505 -0.149205
v 0.698435 0.837335 -0.149091
v 0.690617 0.834311 -0.148982
v 0.683000 0.831464 -0.148880
v 0.653793 0.820071 -0.148469
v 0.622426 0.808446 -0.148051
v 0.589281 0.796689 -0.147628
v 0.554741 0.784901 -0.147203
v 0.519186 0.773183 -0.146781
v 0.483000 0.761634 -0.146366
v 0.446564 0.750356 -0.145960
v 0.410259 0.739449 -0.145567
v 0.374469 0.729015 -0.145191
v 0.339574 0.719152 -0.144836
v 0.305957 0.709963 -0.144506
v 0.274000 0.701548 -0.144203
v 0.274000 0.481690 -0.136288
v 0.274442 0.469720 -0.135857
v 0.275782 0.459210 -0.135478
v 0.278047 0.450039 -0.135148
v 0.281259 0.442086 -0.134862
v 0.285444 0.435230 -0.134615
v 0.290625 0.429349 -0.134403
v 0.296827 0.424322 -0.134222
v 0.304074 0.420027 -0.134068
v 0.312391 0.416342 -0.133935
v 0.321801 0.413147 -0.133820
v 0.332329 0.410319 -0.133718
v 0.344000 0.407738 -0.133625
v 0.352174 0.406531 -0.133582
v 0.361139 0.405411 -0.133542
v 0.370813 0.404381 -0.133505
v 0.381111 0.403445 -0.133471
v 0.391951 0.402606 -0.133441
v 0.403250 0.401867 -0.133414
v 0.414924 0.401233 -0.133391
v 0.426889 0.400706 -0.133372
v 0.439063 0.400290 -0.133357
v 0.451361 0.399989 -0.133346
v 0.463701 0.399805 -0.133340
v 0.476000 0.399743 -0.133338
v 0.503411 0.399953 -0.133345
v 0.532375 0.400585 -0.133368
v 0.562484 0.401648 -0.133406
v 0.593333 0.403149 -0.133460
v 0.624516 0.405093 -0.133530
v 0.655625 0.407488 -0.133616
v 0.686255 0.410342 -0.133719
v 0.716000 0.413660 -0.133839
v 0.744453 0.417451 -0.133975
v 0.771208 0.421720 -0.134129
v 0.795859 0.426475 -0.134300
v 0.818000 0.431723 -0.134489
v 0.818000 0.340782 -0.131215
v 0.794998 0.337640 -0.131102
v 0.769731 0.334716 -0.130997
v 0.742562 0.332022 -0.130900
v 0.713852 0.329567 -0.130811
v 0.683961 0.327361 -0.130732
v 0.653250 0.325417 -0.130662
v 0.622081 0.323742 -0.130602
v 0.590815 0.322349 -0.130551
v 0.559812 0.321247 -0.130512
v 0.529435 0.320448 -0.130483
v 0.500044 0.319960 -0.130465
v 0.472000 0.319795 -0.130459
v 0.457241 0.319858 -0.130462
v 0.442509 0.320050 -0.130469
v 0.427875 0.320373 -0.130480
v 0.413407 0.320832 -0.130497
v 0.399176 0.321429 -0.130518
v 0.385250 0.322169 -0.130545
v 0.371699 0.323054 -0.130577
v 0.358593 0.324089 -0.130614
v 0.346000 0.325276 -0.130657
v 0.333991 0.326620 -0.130705
v 0.322634 0.328123 -0.130759
v 0.312000 0.329789 -0.130819
v 0.293464 0.333738 -0.130961
v 0.276375 0.338649 -0.131138
v 0.260766 0.344607 -0.131353
v 0.246667 0.351700 -0.131608
v 0.234109 0.360015 -0.131907
v 0.223125 0.369638 -0.132254
v 0.213745 0.380656 -0.132650
v 0.206000 0.393155 -0.133100
v 0.199922 0.407223 -0.133607
v 0.195542 0.422946 -0.134173
v 0.192891 0.440411 -0.134802
v 0.192000 0.459705 -0.135496
v 0.192000 0.489871 -0.136582
v 0.192000 0.530400 -0.138041
v 0.192000 0.579033 -0.139792
v 0.192000 0.633518 -0.141753
v 0.192000 0.691597 -0.143844
v 0.192000 0.751016 -0.145983
v 0.192000 0.809519 -0.148090
v 0.192000 0.864850 -0.150081
v 0.192000 0.914754 -0.151878
v 0.192000 0.956975 -0.153398
v 0.192000 0.989259 -0.154560
v 0.192000 1.009349 -0.155283
v 0.191958 1.015541 -0.155506
v 0.191833 1.022076 -0.155742
v 0.191625 1.028883 -0.155987
v 0.191333 1.035887 -0.156239
v 0.190958 1.043016 -0.156495
v 0.190500 1.050197 -0.156754
v 0.189958 1.057357 -0.157012
v 0.189333 1.064424 -0.157266
v 0.188625 1.071324 -0.157515
v 0.187833 1.077985 -0.157754
v 0.186958 1.084333 -0.157983
v 0.186000 1.090296 -0.158198
v 0.279000 1.090296 -0.158198
v 0.278271 1.084409 -0.157986
v 0.277588 1.078262 -0.157764
v 0.276953 1.071886 -0.157535
v 0.276370 1.065312 -0.157298
v 0.275843 1.058572 -0.157055
v 0.275375 1.051696 -0.156808
v 0.274969 1.044716 -0.156557
v 0.274630 1.037664 -0.156303
v 0.274359 1.030569 -0.156047
v 0.274162 1.023464 -0.155792
v 0.274041 1.016381 -0.155537
v 0.274000 1.009349 -0.155283
v 0.833861 0.972964 -0.153974
v 0.833861 0.982411 0.108456
v 0.842389 0.974686 -0.154036
v 0.842389 0.984133 0.108394
v 0.850500 0.977463 -0.154136
v 0.850500 0.986910 0.108294
v 0.858111 0.981219 -0.154271
v 0.858111 0.990666 0.108159
v 0.865139 0.985877 -0.154438
v 0.865139 0.995324 0.107992
v 0.871500 0.991360 -0.154636
v 0.871500 1.000808 0.107794
v 0.877111 0.997593 -0.154860
v 0.877111 1.007041 0.107570
v 0.881889 1.004500 -0.155109
v 0.881889 1.013947 0.107321
v 0.885750 1.012003 -0.155379
v 0.885750 1.021451 0.107051
v 0.888611 1.020027 -0.155668
v 0.888611 1.029474 0.106762
v 0.890389 1.028495 -0.155973
v 0.890389 1.037942 0.106457
v 0.891000 1.037330 -0.156291
v 0.891000 1.046778 0.106139
v 0.890389 1.046416 -0.156618
v 0.890389 1.055863 0.105812
v 0.888611 1.055129 -0.156932
v 0.888611 1.064577 0.105498
v 0.885750 1.063392 -0.157229
v 0.885750 1.072839 0.105201
v 0.881889 1.071123 -0.157507
v 0.881889 1.080571 0.104923
v 0.877111 1.078244 -0.157764
v 0.877111 1.087692 0.104666
v 0.871500 1.084675 -0.157995
v 0.871500 1.094122 0.104435
v 0.865139 1.090335 -0.158199
v 0.865139 1.099782 0.104231
v 0.858111 1.095145 -0.158372
v 0.858111 1.104592 0.104058
v 0.850500 1.099025 -0.158512
v 0.850500 1.108472 0.103918
v 0.842389 1.101895 -0.158615
v 0.842389 1.111343 0.103815
v 0.833861 1.103676 -0.158679
v 0.833861 1.113123 0.103751
v 0.825000 1.104287 -0.158701
v 0.825000 1.113734 0.103729
v 0.815929 1.103676 -0.158679
v 0.815929 1.113123 0.103751
v 0.807264 1.101895 -0.158615
v 0.807264 1.111342 0.103815
v 0.799078 1.099025 -0.158512
v 0.799078 1.108472 0.103918
v 0.791444 1.095145 -0.158372
v 0.791444 1.104592 0.104058
v 0.784436 1.090335 -0.158199
v 0.784436 1.099782 0.104231
v 0.778125 1.084675 -0.157995
v 0.778125 1.094122 0.104435
v 0.772585 1.078244 -0.157764
v 0.772585 1.087692 0.104666
v 0.767889 1.071123 -0.157507
v 0.767889 1.080571 0.104923
v 0.764109 1.063392 -0.157229
v 0.764109 1.072839 0.105201
v 0.761319 1.055129 -0.156932
v 0.761319 1.064577 0.105498
v 0.759592 1.046415 -0.156618
v 0.759592 1.055863 0.105812
v 0.759000 1.037330 -0.156291
v 0.759000 1.046778 0.106139
v 0.759592 1.028495 -0.155973
v 0.759592 1.037942 0.106457
v 0.761320 1.020027 -0.155668
v 0.761320 1.029474 0.106762
v 0.764109 1.012003 -0.155379
v 0.764109 1.021451 0.107051
v 0.767889 1.004500 -0.155109
v 0.767889 1.013947 0.107321
v 0.772585 0.997594 -0.154860
v 0.772585 1.007041 0.107570
v 0.778125 0.991360 -0.154636
v 0.778125 1.000808 0.107794
v 0.784436 0.985877 -0.154438
v 0.784436 0.995324 0.107992
v 0.791445 0.981219 -0.154271
v 0.791445 0.990666 0.108159
v 0.799078 0.977463 -0.154136
v 0.799078 0.986911 0.108294
v 0.807264 0.974686 -0.154036
v 0.807264 0.984133 0.108394
v 0.815929 0.972964 -0.153974
v 0.815929 0.982411 0.108456
v 0.825000 0.972373 -0.153952
v 0.825000 0.981820 0.108478
v 0.840228 1.149219 -0.160319
v 0.840228 1.158666 0.102111
v 0.854824 1.146195 -0.160210
v 0.854824 1.155643 0.102220
v 0.868656 1.141326 -0.160035
v 0.868656 1.150773 0.102395
v 0.881593 1.134749 -0.159798
v 0.881593 1.144196 0.102632
v 0.893501 1.126604 -0.159505
v 0.893501 1.136051 0.102925
v 0.904250 1.117029 -0.159160
v 0.904250 1.126476 0.103270
v 0.913707 1.106163 -0.158769
v 0.913707 1.115611 0.103661
v 0.921741 1.094146 -0.158336
v 0.921741 1.103593 0.104094
v 0.928219 1.081115 -0.157867
v 0.928219 1.090562 0.104563
v 0.933009 1.067209 -0.157366
v 0.933009 1.076657 0.105064
v 0.935980 1.052568 -0.156839
v 0.935980 1.062016 0.105591
v 0.937000 1.037330 -0.156291
v 0.937000 1.046778 0.106139
v 0.935980 1.022342 -0.155751
v 0.935980 1.031790 0.106679
v 0.933009 1.007947 -0.155233
v 0.933009 1.017394 0.107197
v 0.928219 0.994280 -0.154741
v 0.928219 1.003728 0.107689
v 0.921741 0.981478 -0.154280
v 0.921741 0.990925 0.108150
v 0.913707 0.969675 -0.153855
v 0.913707 0.979122 0.108575
v 0.904250 0.959006 -0.153471
v 0.904250 0.968454 0.108959
v 0.893501 0.949608 -0.153133
v 0.893501 0.959055 0.109297
v 0.881593 0.941615 -0.152845
v 0.881593 0.951062 0.109585
v 0.868656 0.935162 -0.152613
v 0.868656 0.944610 0.109817
v 0.854824 0.930386 -0.152441
v 0.854824 0.939833 0.109989
v 0.840228 0.927421 -0.152334
v 0.840228 0.936868 0.110096
v 0.825000 0.926402 -0.152297
v 0.825000 0.935850 0.110133
v 0.809772 0.927421 -0.152334
v 0.809772 0.936868 0.110096
v 0.795176 0.930386 -0.152441
v 0.795176 0.939833 0.109989
v 0.781344 0.935162 -0.152613
v 0.781344 0.944610 0.109817
v 0.768407 0.941615 -0.152845
v 0.768407 0.951062 0.109585
v 0.756499 0.949608 -0.153133
v 0.756499 0.959055 0.109297
v 0.745750 0.959006 -0.153471
v 0.745750 0.968454 0.108959
v 0.736293 0.969675 -0.153855
v 0.736293 0.979122 0.108575
v 0.728259 0.981478 -0.154280
v 0.728259 0.990925 0.108150
v 0.721781 0.994280 -0.154741
v 0.721781 1.003728 0.107689
v 0.716991 1.007947 -0.155233
v 0.716991 1.017394 0.107197
v 0.714020 1.022342 -0.155751
v 0.714020 1.031789 0.106679
v 0.713000 1.037330 -0.156291
v 0.713000 1.046778 0.106139
v 0.714020 1.052568 -0.156839
v 0.714020 1.062016 0.105591
v 0.716991 1.067209 -0.157366
v 0.716991 1.076657 0.105064
v 0.721781 1.081115 -0.157867
v 0.721781 1.090562 0.104563
v 0.728259 1.094146 -0.158336
v 0.728259 1.103593 0.104094
v 0.736293 1.106163 -0.158769
v 0.736293 1.115611 0.103661
v 0.745750 1.117029 -0.159160
v 0.745750 1.126476 0.103270
v 0.756499 1.126604 -0.159505
v 0.756499 1.136051 0.102925
v 0.768407 1.134749 -0.159798
v 0.768407 1.144196 0.102632
v 0.781344 1.141326 -0.160035
v 0.781344 1.150773 0.102395
v 0.795176 1.146195 -0.160210
v 0.795176 1.155643 0.102220
v 0.809772 1.149219 -0.160319
v 0.809772 1.158666 0.102111
v 0.825000 1.150257 -0.160356
v 0.825000 1.159705 0.102074
v 0.274000 0.783495 -0.147153
v 0.274000 0.792942 0.115277
v 0.304279 0.791123 -0.147427
v 0.304279 0.800570 0.115003
v 0.335898 0.799466 -0.147728
v 0.335898 0.808913 0.114702
v 0.368531 0.808447 -0.148051
v 0.368531 0.817895 0.114379
v 0.401852 0.817991 -0.148395
v 0.401852 0.827439 0.114035
v 0.435534 0.828020 -0.148756
v 0.435534 0.837468 0.113674
v 0.469250 0.838459 -0.149131
v 0.469250 0.847907 0.113299
v 0.502675 0.849231 -0.149519
v 0.502675 0.858679 0.112911
v 0.535482 0.860260 -0.149916
v 0.535482 0.869707 0.112514
v 0.567344 0.871469 -0.150320
v 0.567344 0.880917 0.112110
v 0.597935 0.882782 -0.150727
v 0.597935 0.892230 0.111703
v 0.626929 0.894123 -0.151135
v 0.626929 0.903571 0.111295
v 0.654000 0.905416 -0.151542
v 0.654000 0.914863 0.110888
v 0.661499 0.908705 -0.151660
v 0.661499 0.918153 0.110770
v 0.668991 0.912078 -0.151782
v 0.668991 0.921526 0.110648
v 0.676469 0.915534 -0.151906
v 0.676469 0.924982 0.110524
v 0.683926 0.919074 -0.152034
v 0.683926 0.928521 0.110396
v 0.691355 0.922696 -0.152164
v 0.691355 0.932144 0.110266
v 0.698750 0.926402 -0.152297
v 0.698750 0.935850 0.110133
v 0.706103 0.930191 -0.152434
v 0.706103 0.939639 0.109996
v 0.713407 0.934064 -0.152573
v 0.713407 0.943511 0.109857
v 0.720656 0.938020 -0.152716
v 0.720656 0.947467 0.109714
v 0.727843 0.942059 -0.152861
v 0.727843 0.951506 0.109569
v 0.734960 0.946181 -0.153009
v 0.734960 0.955629 0.109421
v 0.742000 0.950387 -0.153161
v 0.742000 0.959834 0.109269
v 0.777000 0.870439 -0.150283
v 0.777000 0.879886 0.112147
v 0.769841 0.867362 -0.150172
v 0.769841 0.876810 0.112258
v 0.762398 0.864151 -0.150056
v 0.762398 0.873598 0.112374
v 0.754719 0.860835 -0.149937
v 0.754719 0.870283 0.112493
v 0.746852 0.857447 -0.149815
v 0.746852 0.866894 0.112615
v 0.738846 0.854017 -0.149691
v 0.738846 0.863464 0.112739
v 0.730750 0.850577 -0.149568
v 0.730750 0.860024 0.112862
v 0.722612 0.847157 -0.149445
v 0.722612 0.856604 0.112985
v 0.714481 0.843789 -0.149323
v 0.714481 0.853237 0.113107
v 0.706406 0.840505 -0.149205
v 0.706406 0.849952 0.113225
v 0.698435 0.837335 -0.149091
v 0.698435 0.846782 0.113339
v 0.690617 0.834311 -0.148982
v 0.690617 0.843758 0.113448
v 0.683000 0.831464 -0.148880
v 0.683000 0.840911 0.113550
v 0.653793 0.820071 -0.148469
v 0.653793 0.829519 0.113961
v 0.622426 0.808446 -0.148051
v 0.622426 0.817894 0.114379
v 0.589281 0.796689 -0.147628
v 0.589281 0.806137 0.114802
v 0.554741 0.784901 -0.147203
v 0.554741 0.794349 0.115227
v 0.519186 0.773183 -0.146781
v 0.519186 0.782630 0.115649
v 0.483000 0.761634 -0.146366
v 0.483000 0.771081 0.116064
v 0.446564 0.750356 -0.145960
v 0.446564 0.759803 0.116470
v 0.410259 0.739449 -0.145567
v 0.410259 0.748897 0.116863
v 0.374469 0.729015 -0.145191
v 0.374469 0.738462 0.117239
v 0.339574 0.719152 -0.144836
v 0.339574 0.728600 0.117594
v 0.305957 0.709963 -0.144506
v 0.305957 0.719411 0.117924
v 0.274000 0.701548 -0.144203
v 0.274000 0.710995 0.118227
v 0.274000 0.481690 -0.136288
v 0.274000 0.491138 0.126142
v 0.274442 0.469720 -0.135857
v 0.274442 0.479167 0.126573
v 0.275782 0.459210 -0.135478
v 0.275782 0.468657 0.126952
v 0.278047 0.450039 -0.135148
v 0.278047 0.459486 0.127282
v 0.281259 0.442086 -0.134862
v 0.281259 0.451534 0.127568
v 0.285444 0.435230 -0.134615
v 0.285444 0.444678 0.127815
v 0.290625 0.429349 -0.134403
v 0.290625 0.438797 0.128027
v 0.296827 0.424322 -0.134222
v 0.296827 0.433769 0.128208
v 0.304074 0.420027 -0.134068
v 0.304074 0.429474 0.128362
v 0.312391 0.416342 -0.133935
v 0.312391 0.425790 0.128495
v 0.321801 0.413147 -0.133820
v 0.321801 0.422594 0.128610
v 0.332329 0.410319 -0.133718
v 0.332329 0.419767 0.128712
v 0.344000 0.407738 -0.133625
v 0.344000 0.417186 0.128805
v 0.352174 0.406531 -0.133582
v 0.352174 0.415979 0.128848
v 0.361139 0.405411 -0.133542
v 0.361139 0.414859 0.128888
v 0.370813 0.404381 -0.133505
v 0.370813 0.413829 0.128925
v 0.381111 0.403445 -0.133471
v 0.381111 0.412892 0.128959
v 0.391951 0.402606 -0.133441
v 0.391951 0.412053 0.128989
v 0.403250 0.401867 -0.133414
v 0.403250 0.411315 0.129016
v 0.414924 0.401233 -0.133391
v 0.414924 0.410680 0.129039
v 0.426889 0.400706 -0.133372
v 0.426889 0.410153 0.129058
v 0.439063 0.400290 -0.133357
v 0.439063 0.409737 0.129073
v 0.451361 0.399989 -0.133346
v 0.451361 0.409436 0.129084
v 0.463701 0.399805 -0.133340
v 0.463701 0.409253 0.129090
v 0.476000 0.399743 -0.133338
v 0.476000 0.409191 0.129092
v 0.503411 0.399953 -0.133345
v 0.503411 0.409400 0.129085
v 0.532375 0.400585 -0.133368
v 0.532375 0.410033 0.129062
v 0.562484 0.401648 -0.133406
v 0.562484 0.411096 0.129024
v 0.593333 0.403149 -0.133460
v 0.593333 0.412596 0.128970
v 0.624516 0.405093 -0.133530
v 0.624516 0.414540 0.128900
v 0.655625 0.407488 -0.133616
v 0.655625 0.416936 0.128814
v 0.686255 0.410342 -0.133719
v 0.686255 0.419789 0.128711
v 0.716000 0.413660 -0.133839
v 0.716000 0.423108 0.128591
v 0.744453 0.417451 -0.133975
v 0.744453 0.426898 0.128455
v 0.771208 0.421720 -0.134129
v 0.771208 0.431167 0.128301
v 0.795859 0.426475 -0.134300
v 0.795859 0.435922 0.128130
v 0.818000 0.431723 -0.134489
v 0.818000 0.441170 0.127941
v 0.818000 0.340782 -0.131215
v 0.818000 0.350229 0.131215
v 0.794998 0.337640 -0.131102
v 0.794998 0.347087 0.131328
v 0.769731 0.334716 -0.130997
v 0.769731 0.344164 0.131433
v 0.742562 0.332022 -0.130900
v 0.742562 0.341469 0.131530
v 0.713852 0.329567 -0.130811
v 0.713852 0.339014 0.131619
v 0.683961 0.327361 -0.130732
v 0.683961 0.336809 0.131698
v 0.653250 0.325417 -0.130662
v 0.653250 0.334864 0.131768
v 0.622081 0.323742 -0.130602
v 0.622081 0.333190 0.131828
v 0.590815 0.322349 -0.130551
v 0.590815 0.331797 0.131879
v 0.559812 0.321247 -0.130512
v 0.559812 0.330695 0.131918
v 0.529435 0.320448 -0.130483
v 0.529435 0.329895 0.131947
v 0.500044 0.319960 -0.130465
v 0.500044 0.329408 0.131965
v 0.472000 0.319795 -0.130459
v 0.472000 0.329243 0.131970
v 0.457241 0.319858 -0.130462
v 0.457241 0.329306 0.131968
v 0.442509 0.320050 -0.130469
v 0.442509 0.329497 0.131961
v 0.427875 0.320373 -0.130480
v 0.427875 0.329820 0.131950
v 0.413407 0.320832 -0.130497
v 0.413407 0.330279 0.131933
v 0.399176 0.321429 -0.130518
v 0.399176 0.330876 0.131912
v 0.385250 0.322169 -0.130545
v 0.385250 0.331616 0.131885
v 0.371699 0.323054 -0.130577
v 0.371699 0.332502 0.131853
v 0.358593 0.324089 -0.130614
v 0.358593 0.333536 0.131816
v 0.346000 0.325276 -0.130657
v 0.346000 0.334724 0.131773
v 0.333991 0.326620 -0.130705
v 0.333991 0.336067 0.131725
v 0.322634 0.328123 -0.130759
v 0.322634 0.337570 0.131671
v 0.312000 0.329789 -0.130819
v 0.312000 0.339236 0.131611
v 0.293464 0.333738 -0.130961
v 0.293464 0.343186 0.131469
v 0.276375 0.338649 -0.131138
v 0.276375 0.348096 0.131292
v 0.260766 0.344607 -0.131353
v 0.260766 0.354055 0.131077
v 0.246667 0.351700 -0.131608
v 0.246667 0.361148 0.130822
v 0.234109 0.360015 -0.131907
v 0.234109 0.369463 0.130523
v 0.223125 0.369638 -0.132254
v 0.223125 0.379085 0.130176
v 0.213745 0.380656 -0.132650
v 0.213745 0.390103 0.129780
v 0.206000 0.393155 -0.133100
v 0.206000 0.402603 0.129330
v 0.199922 0.407223 -0.133607
v 0.199922 0.416670 0.128823
v 0.195542 0.422946 -0.134173
v 0.195542 0.432393 0.128257
v 0.192891 0.440411 -0.134802
v 0.192891 0.449858 0.127628
v 0.192000 0.459705 -0.135496
v 0.192000 0.469152 0.126934
v 0.192000 0.489871 -0.136582
v 0.192000 0.499319 0.125848
v 0.192000 0.530400 -0.138041
v 0.192000 0.539847 0.124389
v 0.192000 0.579033 -0.139792
v 0.192000 0.588481 0.122638
v 0.192000 0.633518 -0.141753
v 0.192000 0.642965 0.120676
v 0.192000 0.691597 -0.143844
v 0.192000 0.701045 0.118586
v 0.192000 0.751016 -0.145983
v 0.192000 0.760463 0.116447
v 0.192000 0.809519 -0.148090
v 0.192000 0.818966 0.114340
v 0.192000 0.864850 -0.150081
v 0.192000 0.874297 0.112349
v 0.192000 0.914754 -0.151878
v 0.192000 0.924201 0.110552
v 0.192000 0.956975 -0.153398
v 0.192000 0.966423 0.109032
v 0.192000 0.989259 -0.154560
v 0.192000 0.998706 0.107870
v 0.192000 1.009349 -0.155283
v 0.192000 1.018796 0.107147
v 0.191958 1.015541 -0.155506
v 0.191958 1.024988 0.106924
v 0.191833 1.022076 -0.155742
v 0.191833 1.031524 0.106688
v 0.191625 1.028883 -0.155987
v 0.191625 1.038330 0.106443
v 0.191333 1.035887 -0.156239
v 0.191333 1.045334 0.106191
v 0.190958 1.043016 -0.156495
v 0.190958 1.052463 0.105935
v 0.190500 1.050197 -0.156754
v 0.190500 1.059644 0.105676
v 0.189958 1.057357 -0.157012
v 0.189958 1.066805 0.105418
v 0.189333 1.064424 -0.157266
v 0.189333 1.073871 0.105164
v 0.188625 1.071324 -0.157515
v 0.188625 1.080771 0.104915
v 0.187833 1.077985 -0.157754
v 0.187833 1.087432 0.104676
v 0.186958 1.084333 -0.157983
v 0.186958 1.093781 0.104447
v 0.186000 1.090296 -0.158198
v 0.186000 1.099744 0.104232
v 0.279000 1.090296 -0.158198
v 0.279000 1.099744 0.104232
v 0.278271 1.084409 -0.157986
v 0.278271 1.093857 0.104444
v 0.277588 1.078262 -0.157764
v 0.277588 1.087710 0.104666
v 0.276953 1.071886 -0.157535
v 0.276953 1.081334 0.104895
v 0.276370 1.065312 -0.157298
v 0.276370 1.074760 0.105132
v 0.275843 1.058572 -0.157055
v 0.275843 1.068019 0.105375
v 0.275375 1.051696 -0.156808
v 0.275375 1.061144 0.105622
v 0.274969 1.044716 -0.156557
v 0.274969 1.054164 0.105873
v 0.274630 1.037664 -0.156303
v 0.274630 1.047111 0.106127
v 0.274359 1.030569 -0.156047
v 0.274359 1.040017 0.106383
v 0.274162 1.023464 -0.155792
v 0.274162 1.032912 0.106638
v 0.274041 1.016381 -0.155537
v 0.274041 1.025828 0.106893
v 0.274000 1.009349 -0.155283
v 0.274000 1.018796 0.107147
v 1.468000 0.996357 -0.154816
v 1.468000 1.005804 0.107614
v 1.740000 0.996357 -0.154816
v 1.740000 1.005804 0.107614
v 1.746645 0.996420 -0.154818
v 1.746645 1.005867 0.107612
v 1.753079 0.996611 -0.154825
v 1.753079 1.006059 0.107605
v 1.759297 0.996935 -0.154837
v 1.759297 1.006382 0.107593
v 1.765296 0.997393 -0.154853
v 1.765296 1.006841 0.107577
v 1.771074 0.997991 -0.154875
v 1.771074 1.007438 0.107555
v 1.776625 0.998730 -0.154901
v 1.776625 1.008178 0.107529
v 1.781947 0.999616 -0.154933
v 1.781947 1.009063 0.107497
v 1.787037 1.000650 -0.154970
v 1.787037 1.010098 0.107460
v 1.791891 1.001838 -0.155013
v 1.791891 1.011285 0.107417
v 1.796505 1.003181 -0.155061
v 1.796505 1.012629 0.107369
v 1.800876 1.004684 -0.155116
v 1.800876 1.014132 0.107314
v 1.805000 1.006351 -0.155175
v 1.805000 1.015798 0.107255
v 1.872000 0.965377 -0.153700
v 1.872000 0.974824 0.108730
v 1.869962 0.961701 -0.153568
v 1.869962 0.971149 0.108862
v 1.867866 0.957706 -0.153424
v 1.867866 0.967154 0.109006
v 1.865734 0.953447 -0.153271
v 1.865734 0.962895 0.109159
v 1.863593 0.948980 -0.153110
v 1.863593 0.958428 0.109320
v 1.861465 0.944361 -0.152944
v 1.861465 0.953808 0.109486
v 1.859375 0.939644 -0.152774
v 1.859375 0.949091 0.109656
v 1.857348 0.934885 -0.152603
v 1.857348 0.944333 0.109827
v 1.855407 0.930141 -0.152432
v 1.855407 0.939588 0.109998
v 1.853578 0.925465 -0.152264
v 1.853578 0.934913 0.110166
v 1.851884 0.920915 -0.152100
v 1.851884 0.930363 0.110330
v 1.850350 0.916545 -0.151942
v 1.850350 0.925993 0.110487
v 1.849000 0.912411 -0.151794
v 1.849000 0.921859 0.110636
v 1.841525 0.886505 -0.150861
v 1.841525 0.895953 0.111569
v 1.832620 0.859395 -0.149885
v 1.832620 0.868842 0.112545
v 1.822312 0.831292 -0.148873
v 1.822312 0.840739 0.113557
v 1.810630 0.802409 -0.147834
v 1.810630 0.811856 0.114596
v 1.797600 0.772956 -0.146773
v 1.797600 0.782403 0.115657
v 1.783250 0.743146 -0.145700
v 1.783250 0.752593 0.116730
v 1.767609 0.713190 -0.144622
v 1.767609 0.722638 0.117808
v 1.750704 0.683300 -0.143546
v 1.750704 0.692748 0.118884
v 1.732563 0.653688 -0.142480
v 1.732563 0.663136 0.119950
v 1.713213 0.624565 -0.141431
v 1.713213 0.634013 0.120999
v 1.692683 0.596143 -0.140408
v 1.692683 0.605591 0.122022
v 1.671000 0.568634 -0.139418
v 1.671000 0.578081 0.123012
v 1.647643 0.541300 -0.138434
v 1.647643 0.550747 0.123996
v 1.622977 0.514771 -0.137479
v 1.622977 0.524218 0.124951
v 1.596859 0.489061 -0.136553
v 1.596859 0.498508 0.125877
v 1.569148 0.464183 -0.135657
v 1.569148 0.473631 0.126773
v 1.539701 0.440152 -0.134792
v 1.539701 0.449600 0.127638
v 1.508375 0.416982 -0.133958
v 1.508375 0.426430 0.128472
v 1.475028 0.394687 -0.133156
v 1.475028 0.404134 0.129274
v 1.439519 0.373279 -0.132385
v 1.439519 0.382727 0.130045
v 1.401703 0.352774 -0.131647
v 1.401703 0.362221 0.130783
v 1.361440 0.333185 -0.130941
v 1.361440 0.342632 0.131488
v 1.318586 0.314525 -0.130270
v 1.318586 0.323973 0.132160
v 1.273000 0.296810 -0.129632
v 1.273000 0.306258 0.132798
v 1.201000 0.361768 -0.131970
v 1.201000 0.371215 0.130459
v 1.245556 0.376017 -0.132483
v 1.245556 0.385464 0.129947
v 1.287778 0.391730 -0.133049
v 1.287778 0.401178 0.129381
v 1.327750 0.408831 -0.133665
v 1.327750 0.418279 0.128765
v 1.365556 0.427244 -0.134328
v 1.365556 0.436692 0.128102
v 1.401278 0.446892 -0.135035
v 1.401278 0.456340 0.127395
v 1.435000 0.467699 -0.135784
v 1.435000 0.477147 0.126646
v 1.466806 0.489589 -0.136572
v 1.466806 0.499037 0.125858
v 1.496778 0.512485 -0.137396
v 1.496778 0.521933 0.125034
v 1.525000 0.536311 -0.138254
v 1.525000 0.545759 0.124176
v 1.551556 0.560991 -0.139143
v 1.551556 0.570438 0.123287
v 1.576528 0.586448 -0.140059
v 1.576528 0.595895 0.122371
v 1.600000 0.612606 -0.141001
v 1.600000 0.622053 0.121429
v 1.619133 0.636318 -0.141854
v 1.619133 0.645765 0.120576
v 1.637477 0.661310 -0.142754
v 1.637477 0.670758 0.119676
v 1.654953 0.687323 -0.143690
v 1.654953 0.696770 0.118740
v 1.671481 0.714095 -0.144654
v 1.671481 0.723543 0.117776
v 1.686982 0.741368 -0.145636
v 1.686982 0.750815 0.116794
v 1.701375 0.768879 -0.146627
v 1.701375 0.778327 0.115803
v 1.714580 0.796370 -0.147616
v 1.714580 0.805818 0.114814
v 1.726519 0.823580 -0.148596
v 1.726519 0.833027 0.113834
v 1.737109 0.850249 -0.149556
v 1.737109 0.859696 0.112874
v 1.746273 0.876115 -0.150487
v 1.746273 0.885563 0.111943
v 1.753930 0.900921 -0.151380
v 1.753930 0.910368 0.111050
v 1.760000 0.924404 -0.152225
v 1.760000 0.933851 0.110205
v 1.421000 0.924404 -0.152225
v 1.421000 0.933851 0.110205
v 1.405499 0.903325 -0.151467
v 1.405499 0.912773 0.110963
v 1.388995 0.882112 -0.150703
v 1.388995 0.891559 0.111727
v 1.371484 0.860835 -0.149937
v 1.371484 0.870283 0.112493
v 1.352963 0.839570 -0.149171
v 1.352963 0.849017 0.113259
v 1.333428 0.818387 -0.148409
v 1.333428 0.827835 0.114021
v 1.312875 0.797361 -0.147652
v 1.312875 0.806808 0.114778
v 1.291301 0.776564 -0.146903
v 1.291301 0.786011 0.115527
v 1.268704 0.756068 -0.146165
v 1.268704 0.765516 0.116265
v 1.245078 0.735948 -0.145441
v 1.245078 0.745395 0.116989
v 1.220421 0.716274 -0.144733
v 1.220421 0.725722 0.117697
v 1.194730 0.697122 -0.144043
v 1.194730 0.706569 0.118387
v 1.168000 0.678563 -0.143375
v 1.168000 0.688010 0.119055
v 1.099000 0.730529 -0.145246
v 1.099000 0.739977 0.117184
v 1.140489 0.757081 -0.146202
v 1.140489 0.766528 0.116228
v 1.178995 0.785045 -0.147208
v 1.178995 0.794492 0.115222
v 1.214578 0.814084 -0.148254
v 1.214578 0.823532 0.114176
v 1.247296 0.843863 -0.149326
v 1.247296 0.853311 0.113104
v 1.277209 0.874044 -0.150412
v 1.277209 0.883492 0.112018
v 1.304375 0.904292 -0.151501
v 1.304375 0.913739 0.110929
v 1.328854 0.934268 -0.152581
v 1.328854 0.943716 0.109849
v 1.350704 0.963637 -0.153638
v 1.350704 0.973085 0.108792
v 1.369984 0.992063 -0.154661
v 1.369984 1.001510 0.107769
v 1.386755 1.019208 -0.155638
v 1.386755 1.028655 0.106792
v 1.401073 1.044736 -0.156557
v 1.401073 1.054183 0.105873
v 1.413000 1.068310 -0.157406
v 1.413000 1.077758 0.105024
v 1.415596 1.072937 -0.157573
v 1.415596 1.082384 0.104857
v 1.418352 1.078253 -0.157764
v 1.418352 1.087700 0.104666
v 1.421219 1.084159 -0.157977
v 1.421219 1.093607 0.104453
v 1.424148 1.090555 -0.158207
v 1.424148 1.100003 0.104223
v 1.427091 1.097340 -0.158451
v 1.427091 1.106787 0.103979
v 1.430000 1.104412 -0.158706
v 1.430000 1.113859 0.103724
v 1.432825 1.111672 -0.158967
v 1.432825 1.121119 0.103463
v 1.435519 1.119018 -0.159232
v 1.435519 1.128466 0.103198
v 1.438031 1.126351 -0.159496
v 1.438031 1.135798 0.102934
v 1.440315 1.133569 -0.159755
v 1.440315 1.143016 0.102675
v 1.442321 1.140572 -0.160007
v 1.442321 1.150019 0.102423
v 1.444000 1.147259 -0.160248
v 1.444000 1.156707 0.102182
v 1.537000 1.117279 -0.159169
v 1.537000 1.126726 0.103261
v 1.532734 1.110630 -0.158930
v 1.532734 1.120077 0.103500
v 1.528458 1.103727 -0.158681
v 1.528458 1.113175 0.103749
v 1.524203 1.096651 -0.158426
v 1.524203 1.106099 0.104004
v 1.520000 1.089482 -0.158168
v 1.520000 1.098929 0.104262
v 1.515880 1.082298 -0.157910
v 1.515880 1.091746 0.104520
v 1.511875 1.075181 -0.157653
v 1.511875 1.084628 0.104777
v 1.508016 1.068209 -0.157402
v 1.508016 1.077657 0.105028
v 1.504333 1.061463 -0.157160
v 1.504333 1.070910 0.105270
v 1.500859 1.055022 -0.156928
v 1.500859 1.064470 0.105502
v 1.497625 1.048966 -0.156710
v 1.497625 1.058414 0.105720
v 1.494661 1.043376 -0.156508
v 1.494661 1.052823 0.105922
v 1.492000 1.038330 -0.156327
v 1.492000 1.047777 0.106103
v 2.849831 0.853873 -0.149686
v 2.849831 0.863320 0.112744
v 2.836398 0.830853 -0.148858
v 2.836398 0.840301 0.113572
v 2.821813 0.806667 -0.147987
v 2.821813 0.816115 0.114443
v 2.806185 0.781607 -0.147085
v 2.806185 0.791055 0.115345
v 2.789627 0.755964 -0.146162
v 2.789627 0.765412 0.116268
v 2.772250 0.730029 -0.145228
v 2.772250 0.739477 0.117202
v 2.754164 0.704095 -0.144294
v 2.754164 0.713542 0.118136
v 2.735481 0.678452 -0.143371
v 2.735481 0.687899 0.119059
v 2.716312 0.653392 -0.142469
v 2.716312 0.662839 0.119961
v 2.696769 0.629206 -0.141598
v 2.696769 0.638653 0.120832
v 2.676961 0.606186 -0.140770
v 2.676961 0.615634 0.121660
v 2.657000 0.584624 -0.139993
v 2.657000 0.594071 0.122437
v 2.587000 0.626597 -0.141504
v 2.587000 0.636044 0.120926
v 2.605684 0.644407 -0.142145
v 2.605684 0.653854 0.120284
v 2.624143 0.663647 -0.142838
v 2.624143 0.673094 0.119592
v 2.642234 0.683997 -0.143571
v 2.642234 0.693444 0.118859
v 2.659815 0.705138 -0.144332
v 2.659815 0.714586 0.118098
v 2.676743 0.726752 -0.145110
v 2.676743 0.736199 0.117320
v 2.692875 0.748518 -0.145893
v 2.692875 0.757965 0.116536
v 2.708070 0.770117 -0.146671
v 2.708070 0.779564 0.115759
v 2.722185 0.791231 -0.147431
v 2.722185 0.800678 0.114999
v 2.735078 0.811539 -0.148162
v 2.735078 0.820987 0.114268
v 2.746607 0.830724 -0.148853
v 2.746607 0.840171 0.113577
v 2.756628 0.848464 -0.149492
v 2.756628 0.857912 0.112938
v 2.765000 0.864442 -0.150067
v 2.765000 0.873890 0.112363
v 2.387000 0.788492 -0.147333
v 2.387000 0.797939 0.115097
v 2.387000 0.490685 -0.136611
v 2.387000 0.500132 0.125818
v 2.387562 0.474410 -0.136026
v 2.387562 0.483857 0.126404
v 2.389408 0.460005 -0.135507
v 2.389408 0.469453 0.126923
v 2.392782 0.447384 -0.135053
v 2.392782 0.456832 0.127377
v 2.397926 0.436460 -0.134659
v 2.397926 0.445908 0.127771
v 2.405085 0.427146 -0.134324
v 2.405085 0.436594 0.128106
v 2.414500 0.419356 -0.134044
v 2.414500 0.428803 0.128386
v 2.426416 0.413002 -0.133815
v 2.426416 0.422449 0.128615
v 2.441074 0.407997 -0.133635
v 2.441074 0.417445 0.128795
v 2.458719 0.404256 -0.133500
v 2.458719 0.413704 0.128930
v 2.479593 0.401691 -0.133408
v 2.479593 0.411139 0.129022
v 2.503939 0.400216 -0.133355
v 2.503939 0.409663 0.129075
v 2.532000 0.399743 -0.133338
v 2.532000 0.409191 0.129092
v 2.560597 0.399951 -0.133345
v 2.560597 0.409399 0.129085
v 2.588445 0.400572 -0.133367
v 2.588445 0.410019 0.129063
v 2.615625 0.401602 -0.133405
v 2.615625 0.411049 0.129025
v 2.642222 0.403038 -0.133456
v 2.642222 0.412485 0.128974
v 2.668320 0.404876 -0.133522
v 2.668320 0.414324 0.128908
v 2.694000 0.407114 -0.133603
v 2.694000 0.416561 0.128827
v 2.719347 0.409747 -0.133698
v 2.719347 0.419194 0.128732
v 2.744445 0.412772 -0.133807
v 2.744445 0.422220 0.128623
v 2.769375 0.416186 -0.133930
v 2.769375 0.425633 0.128500
v 2.794222 0.419985 -0.134066
v 2.794222 0.429432 0.128364
v 2.819070 0.424166 -0.134217
v 2.819070 0.433613 0.128213
v 2.844000 0.428725 -0.134381
v 2.844000 0.438172 0.128049
v 2.840000 0.342780 -0.131287
v 2.840000 0.352228 0.131143
v 2.817513 0.339868 -0.131182
v 2.817513 0.349315 0.131248
v 2.794518 0.337136 -0.131084
v 2.794518 0.346583 0.131346
v 2.770969 0.334598 -0.130992
v 2.770969 0.344046 0.131438
v 2.746815 0.332269 -0.130909
v 2.746815 0.341716 0.131521
v 2.722008 0.330161 -0.130833
v 2.722008 0.339609 0.131597
v 2.696500 0.328290 -0.130765
v 2.696500 0.337737 0.131665
v 2.670242 0.326668 -0.130707
v 2.670242 0.336116 0.131723
v 2.643185 0.325310 -0.130658
v 2.643185 0.334758 0.131772
v 2.615281 0.324230 -0.130619
v 2.615281 0.333677 0.131811
v 2.586481 0.323441 -0.130591
v 2.586481 0.332888 0.131839
v 2.556737 0.322958 -0.130573
v 2.556737 0.332405 0.131857
v 2.526000 0.322793 -0.130567
v 2.526000 0.332241 0.131863
v 2.482598 0.323794 -0.130603
v 2.482598 0.333242 0.131827
v 2.445120 0.326805 -0.130712
v 2.445120 0.336252 0.131718
v 2.413156 0.331834 -0.130893
v 2.413156 0.341282 0.131537
v 2.386296 0.338894 -0.131147
v 2.386296 0.348341 0.131283
v 2.364131 0.347994 -0.131475
v 2.364131 0.357441 0.130955
v 2.346250 0.359145 -0.131876
v 2.346250 0.368592 0.130554
v 2.332244 0.372357 -0.132352
v 2.332244 0.381804 0.130078
v 2.321704 0.387640 -0.132902
v 2.321704 0.397088 0.129528
v 2.314219 0.405006 -0.133527
v 2.314219 0.414453 0.128903
v 2.309380 0.424464 -0.134228
v 2.309380 0.433911 0.128202
v 2.306777 0.446024 -0.135004
v 2.306777 0.455472 0.127426
v 2.306000 0.469698 -0.135856
v 2.306000 0.479146 0.126574
v 2.306000 0.772502 -0.146757
v 2.306000 0.781949 0.115673
v 2.075000 0.724533 -0.145030
v 2.075000 0.733981 0.117400
v 2.060000 0.807479 -0.148016
v 2.060000 0.816927 0.114414
v 2.072269 0.809203 -0.148078
v 2.072269 0.818650 0.114352
v 2.086486 0.811356 -0.148156
v 2.086486 0.820804 0.114274
v 2.102516 0.813913 -0.148248
v 2.102516 0.823360 0.114182
v 2.120222 0.816844 -0.148353
v 2.120222 0.826291 0.114077
v 2.139471 0.820122 -0.148471
v 2.139471 0.829569 0.113959
v 2.160125 0.823719 -0.148601
v 2.160125 0.833166 0.113829
v 2.182050 0.827608 -0.148741
v 2.182050 0.837055 0.113689
v 2.205111 0.831760 -0.148890
v 2.205111 0.841207 0.113540
v 2.229172 0.836148 -0.149048
v 2.229172 0.845596 0.113382
v 2.254097 0.840745 -0.149214
v 2.254097 0.850192 0.113216
v 2.279752 0.845522 -0.149386
v 2.279752 0.854969 0.113044
v 2.306000 0.850452 -0.149563
v 2.306000 0.859899 0.112867
v 2.306000 1.021341 -0.155715
v 2.306000 1.030788 0.106715
v 2.305958 1.028894 -0.155987
v 2.305958 1.038342 0.106443
v 2.305829 1.036548 -0.156263
v 2.305829 1.045996 0.106167
v 2.305609 1.044279 -0.156541
v 2.305609 1.053726 0.105889
v 2.305296 1.052062 -0.156821
v 2.305296 1.061509 0.105609
v 2.304886 1.059872 -0.157102
v 2.304886 1.069319 0.105328
v 2.304375 1.067686 -0.157384
v 2.304375 1.077133 0.105046
v 2.303760 1.075479 -0.157664
v 2.303760 1.084926 0.104766
v 2.303037 1.083227 -0.157943
v 2.303037 1.092674 0.104487
v 2.302203 1.090905 -0.158219
v 2.302203 1.100353 0.104211
v 2.301255 1.098490 -0.158493
v 2.301255 1.107937 0.103937
v 2.300188 1.105957 -0.158761
v 2.300188 1.115404 0.103669
v 2.299000 1.113281 -0.159025
v 2.299000 1.122729 0.103405
v 2.394000 1.113281 -0.159025
v 2.394000 1.122729 0.103405
v 2.392812 1.105937 -0.158761
v 2.392812 1.115385 0.103669
v 2.391745 1.098420 -0.158490
v 2.391745 1.107868 0.103940
v 2.390797 1.090765 -0.158214
v 2.390797 1.100212 0.104216
v 2.389963 1.083004 -0.157935
v 2.389963 1.092452 0.104495
v 2.389240 1.075175 -0.157653
v 2.389240 1.084623 0.104777
v 2.388625 1.067311 -0.157370
v 2.388625 1.076758 0.105060
v 2.388114 1.059447 -0.157087
v 2.388114 1.068894 0.105343
v 2.387704 1.051618 -0.156805
v 2.387704 1.061065 0.105625
v 2.387391 1.043857 -0.156526
v 2.387391 1.053305 0.105904
v 2.387171 1.036201 -0.156250
v 2.387171 1.045649 0.106180
v 2.387042 1.028684 -0.155979
v 2.387042 1.038132 0.106450
v 2.387000 1.021341 -0.155715
v 2.387000 1.030788 0.106715
v 2.387000 0.865442 -0.150103
v 2.387000 0.874889 0.112327
v 2.429524 0.873731 -0.150401
v 2.429524 0.883179 0.112029
v 2.471778 0.882042 -0.150700
v 2.471778 0.891490 0.111730
v 2.513281 0.890269 -0.150997
v 2.513281 0.899717 0.111433
v 2.553555 0.898309 -0.151286
v 2.553555 0.907757 0.111144
v 2.592121 0.906058 -0.151565
v 2.592121 0.915505 0.110865
v 2.628500 0.913411 -0.151830
v 2.628500 0.922858 0.110600
v 2.662212 0.920264 -0.152076
v 2.662212 0.929711 0.110354
v 2.692778 0.926513 -0.152301
v 2.692778 0.935961 0.110129
v 2.719719 0.932055 -0.152501
v 2.719719 0.941502 0.109929
v 2.742556 0.936785 -0.152671
v 2.742556 0.946232 0.109759
v 2.760809 0.940598 -0.152808
v 2.760809 0.950045 0.109622
v 2.774000 0.943391 -0.152909
v 2.774000 0.952839 0.109521
v 2.779435 0.944661 -0.152955
v 2.779435 0.954109 0.109475
v 2.784732 0.945973 -0.153002
v 2.784732 0.955420 0.109428
v 2.789875 0.947326 -0.153051
v 2.789875 0.956774 0.109379
v 2.794852 0.948721 -0.153101
v 2.794852 0.958169 0.109329
v 2.799648 0.950158 -0.153153
v 2.799648 0.959605 0.109277
v 2.804250 0.951636 -0.153206
v 2.804250 0.961083 0.109224
v 2.808644 0.953156 -0.153260
v 2.808644 0.962603 0.109170
v 2.812815 0.954717 -0.153317
v 2.812815 0.964165 0.109113
v 2.816750 0.956320 -0.153374
v 2.816750 0.965768 0.109056
v 2.820435 0.957965 -0.153434
v 2.820435 0.967413 0.108996
v 2.823857 0.959652 -0.153494
v 2.823857 0.969099 0.108936
v 2.827000 0.961380 -0.153557
v 2.827000 0.970827 0.108873
v 2.886000 0.915409 -0.151902
v 2.886000 0.924857 0.110528
v 2.884172 0.912772 -0.151807
v 2.884172 0.922219 0.110623
v 2.882209 0.909881 -0.151703
v 2.882209 0.919328 0.110727
v 2.880141 0.906774 -0.151591
v 2.880141 0.916222 0.110839
v 2.878000 0.903491 -0.151473
v 2.878000 0.912939 0.110957
v 2.875818 0.900069 -0.151349
v 2.875818 0.909517 0.111081
v 2.873625 0.896547 -0.151223
v 2.873625 0.905994 0.111207
v 2.871453 0.892962 -0.151093
v 2.871453 0.902409 0.111337
v 2.869334 0.889352 -0.150964
v 2.869334 0.898800 0.111466
v 2.867297 0.885757 -0.150834
v 2.867297 0.895204 0.111596
v 2.865375 0.882213 -0.150707
v 2.865375 0.891661 0.111723
v 2.863599 0.878760 -0.150582
v 2.863599 0.888208 0.111848
v 2.862000 0.875435 -0.150463
v 2.862000 0.884883 0.111967
v 3.530000 0.437965 -0.134714
v 3.530000 0.447412 0.127716
v 3.530000 0.473663 -0.135999
v 3.530000 0.483111 0.126431
v 3.530000 0.521805 -0.137732
v 3.530000 0.531253 0.124698
v 3.530000 0.579368 -0.139804
v 3.530000 0.588815 0.122626
v 3.530000 0.643329 -0.142107
v 3.530000 0.652777 0.120323
v 3.530000 0.710667 -0.144531
v 3.530000 0.720115 0.117899
v 3.530000 0.778359 -0.146968
v 3.530000 0.787806 0.115462
v 3.530000 0.843382 -0.149309
v 3.530000 0.852830 0.113121
v 3.530000 0.902715 -0.151445
v 3.530000 0.912162 0.110985
v 3.530000 0.953334 -0.153267
v 3.530000 0.962781 0.109163
v 3.530000 0.992218 -0.154667
v 3.530000 1.001665 0.107763
v 3.530000 1.016344 -0.155535
v 3.530000 1.025792 0.106895
v 3.529921 1.025624 -0.155869
v 3.529921 1.035071 0.106561
v 3.529699 1.034453 -0.156187
v 3.529699 1.043900 0.106243
v 3.529359 1.042796 -0.156488
v 3.529359 1.052243 0.105942
v 3.528926 1.050618 -0.156769
v 3.528926 1.060066 0.105661
v 3.528423 1.057885 -0.157031
v 3.528423 1.067333 0.105399
v 3.527875 1.064563 -0.157271
v 3.527875 1.074010 0.105159
v 3.527306 1.070616 -0.157489
v 3.527306 1.080063 0.104941
v 3.526741 1.076009 -0.157683
v 3.526741 1.085457 0.104747
v 3.526203 1.080709 -0.157852
v 3.526203 1.090156 0.104578
v 3.525718 1.084679 -0.157995
v 3.525718 1.094127 0.104435
v 3.525309 1.087887 -0.158111
v 3.525309 1.097334 0.104319
v 3.525000 1.090296 -0.158198
v 3.525000 1.099744 0.104232
v 3.617000 1.090296 -0.158198
v 3.617000 1.099744 0.104232
v 3.616711 1.087887 -0.158111
v 3.616711 1.097334 0.104319
v 3.616357 1.084679 -0.157995
v 3.616357 1.094127 0.104435
v 3.615953 1.080709 -0.157852
v 3.615953 1.090156 0.104578
v 3.615519 1.076009 -0.157683
v 3.615519 1.085457 0.104747
v 3.615070 1.070616 -0.157489
v 3.615070 1.080063 0.104941
v 3.614625 1.064563 -0.157271
v 3.614625 1.074010 0.105159
v 3.614201 1.057885 -0.157031
v 3.614201 1.067333 0.105399
v 3.613815 1.050618 -0.156769
v 3.613815 1.060066 0.105661
v 3.613484 1.042796 -0.156488
v 3.613484 1.052243 0.105942
v 3.613227 1.034453 -0.156187
v 3.613227 1.043900 0.106243
v 3.613060 1.025624 -0.155869
v 3.613060 1.035071 0.106561
v 3.613000 1.016344 -0.155535
v 3.613000 1.025792 0.106895
v 3.613000 0.992364 -0.154672
v 3.613000 1.001812 0.107758
v 3.613000 0.953921 -0.153288
v 3.613000 0.963369 0.109142
v 3.613000 0.904042 -0.151492
v 3.613000 0.913489 0.110938
v 3.613000 0.845751 -0.149394
v 3.613000 0.855198 0.113036
v 3.613000 0.782074 -0.147102
v 3.613000 0.791522 0.115328
v 3.613000 0.716039 -0.144724
v 3.613000 0.725486 0.117706
v 3.613000 0.650669 -0.142371
v 3.613000 0.660116 0.120059
v 3.613000 0.588991 -0.140151
v 3.613000 0.598439 0.122279
v 3.613000 0.534031 -0.138172
v 3.613000 0.543479 0.124258
v 3.613000 0.488815 -0.136544
v 3.613000 0.498263 0.125886
v 3.613000 0.456369 -0.135376
v 3.613000 0.465816 0.127054
v 3.613000 0.439718 -0.134777
v 3.613000 0.449165 0.127653
v 3.636601 0.451215 -0.135191
v 3.636601 0.460663 0.127239
v 3.661227 0.464660 -0.135675
v 3.661227 0.474107 0.126755
v 3.686609 0.479957 -0.136225
v 3.686609 0.489405 0.126205
v 3.712481 0.497014 -0.136839
v 3.712481 0.506461 0.125591
v 3.738576 0.515736 -0.137513
v 3.738576 0.525184 0.124917
v 3.764625 0.536030 -0.138244
v 3.764625 0.545478 0.124186
v 3.790362 0.557803 -0.139028
v 3.790362 0.567250 0.123402
v 3.815518 0.580959 -0.139861
v 3.815518 0.590407 0.122569
v 3.839828 0.605407 -0.140742
v 3.839828 0.614855 0.121688
v 3.863023 0.631052 -0.141665
v 3.863023 0.640499 0.120765
v 3.884836 0.657800 -0.142628
v 3.884836 0.667248 0.119802
v 3.905000 0.685558 -0.143627
v 3.905000 0.695006 0.118803
v 3.952000 0.617602 -0.141181
v 3.952000 0.627050 0.121249
v 3.929440 0.588681 -0.140139
v 3.929440 0.598129 0.122291
v 3.904936 0.560454 -0.139123
v 3.904936 0.569902 0.123307
v 3.878750 0.533032 -0.138136
v 3.878750 0.542480 0.124294
v 3.851148 0.506526 -0.137182
v 3.851148 0.515974 0.125248
v 3.822394 0.481047 -0.136265
v 3.822394 0.490495 0.126165
v 3.792750 0.456707 -0.135388
v 3.792750 0.466154 0.127042
v 3.762482 0.433615 -0.134557
v 3.762482 0.443062 0.127873
v 3.731852 0.411884 -0.133775
v 3.731852 0.421331 0.128655
v 3.701125 0.391624 -0.133045
v 3.701125 0.401071 0.129385
v 3.670565 0.372946 -0.132373
v 3.670565 0.382393 0.130057
v 3.640435 0.355962 -0.131761
v 3.640435 0.365409 0.130669
v 3.611000 0.340782 -0.131215
v 3.611000 0.350229 0.131215
v 3.607104 0.338554 -0.131135
v 3.607104 0.348002 0.131295
v 3.603412 0.336372 -0.131056
v 3.603412 0.345820 0.131374
v 3.599922 0.334239 -0.130979
v 3.599922 0.343686 0.131451
v 3.596630 0.332158 -0.130905
v 3.596630 0.341605 0.131525
v 3.593532 0.330132 -0.130832
v 3.593532 0.339579 0.131598
v 3.590625 0.328165 -0.130761
v 3.590625 0.337612 0.131669
v 3.587906 0.326260 -0.130692
v 3.587906 0.335708 0.131738
v 3.585371 0.324422 -0.130626
v 3.585371 0.333869 0.131804
v 3.583016 0.322653 -0.130562
v 3.583016 0.332100 0.131868
v 3.580838 0.320956 -0.130501
v 3.580838 0.330404 0.131929
v 3.578834 0.319337 -0.130443
v 3.578834 0.328784 0.131987
v 3.577000 0.317796 -0.130388
v 3.577000 0.327244 0.132042
v 3.524000 0.361768 -0.131970
v 3.524000 0.371215 0.130459
v 3.524959 0.365846 -0.132117
v 3.524959 0.375294 0.130313
v 3.525834 0.370077 -0.132270
v 3.525834 0.379525 0.130160
v 3.526625 0.374447 -0.132427
v 3.526625 0.383895 0.130003
v 3.527333 0.378942 -0.132589
v 3.527333 0.388390 0.129841
v 3.527958 0.383548 -0.132755
v 3.527958 0.392995 0.129675
v 3.528500 0.388251 -0.132924
v 3.528500 0.397698 0.129506
v 3.528958 0.393037 -0.133096
v 3.528958 0.402485 0.129334
v 3.529333 0.397893 -0.133271
v 3.529333 0.407340 0.129159
v 3.529625 0.402804 -0.133448
v 3.529625 0.412251 0.128982
v 3.529833 0.407757 -0.133626
v 3.529833 0.417204 0.128804
v 3.529958 0.412737 -0.133805
v 3.529958 0.422185 0.128625
v 3.530000 0.417732 -0.133985
v 3.530000 0.427179 0.128445
v 3.246682 0.637496 -0.141897
v 3.246682 0.646943 0.120533
v 3.252292 0.666237 -0.142931
v 3.252292 0.675685 0.119499
v 3.256922 0.698144 -0.144080
v 3.256922 0.707591 0.118350
v 3.260667 0.732528 -0.145318
v 3.260667 0.741975 0.117112
v 3.263620 0.768702 -0.146620
v 3.263620 0.778150 0.115810
v 3.265875 0.805980 -0.147962
v 3.265875 0.815428 0.114468
v 3.267526 0.843675 -0.149319
v 3.267526 0.853122 0.113111
v 3.268667 0.881098 -0.150666
v 3.268667 0.890546 0.111764
v 3.269391 0.917564 -0.151979
v 3.269391 0.927012 0.110451
v 3.269792 0.952385 -0.153233
v 3.269792 0.961833 0.109197
v 3.269964 0.984875 -0.154402
v 3.269964 0.994322 0.108028
v 3.270000 1.014345 -0.155463
v 3.270000 1.023793 0.106967
v 3.269938 1.021678 -0.155727
v 3.269938 1.031125 0.106703
v 3.269759 1.028702 -0.155980
v 3.269759 1.038149 0.106450
v 3.269469 1.035441 -0.156223
v 3.269469 1.044888 0.106207
v 3.269074 1.041920 -0.156456
v 3.269074 1.051368 0.105974
v 3.268582 1.048163 -0.156681
v 3.268582 1.057611 0.105749
v 3.268000 1.054194 -0.156898
v 3.268000 1.063642 0.105532
v 3.267334 1.060039 -0.157108
v 3.267334 1.069486 0.105322
v 3.266593 1.065719 -0.157313
v 3.266593 1.075167 0.105117
v 3.265781 1.071262 -0.157512
v 3.265781 1.080709 0.104918
v 3.264907 1.076689 -0.157708
v 3.264907 1.086137 0.104722
v 3.263978 1.082027 -0.157900
v 3.263978 1.091474 0.104530
v 3.263000 1.087298 -0.158090
v 3.263000 1.096745 0.104340
v 3.355000 1.087298 -0.158090
v 3.355000 1.096745 0.104340
v 3.354692 1.083936 -0.157969
v 3.354692 1.093383 0.104461
v 3.354282 1.079886 -0.157823
v 3.354282 1.089334 0.104607
v 3.353797 1.075212 -0.157654
v 3.353797 1.084660 0.104775
v 3.353259 1.069976 -0.157466
v 3.353259 1.079423 0.104964
v 3.352694 1.064240 -0.157260
v 3.352694 1.073688 0.105170
v 3.352125 1.058067 -0.157037
v 3.352125 1.067515 0.105393
v 3.351577 1.051519 -0.156802
v 3.351577 1.060967 0.105628
v 3.351074 1.044659 -0.156555
v 3.351074 1.054106 0.105875
v 3.350641 1.037549 -0.156299
v 3.350641 1.046997 0.106131
v 3.350301 1.030252 -0.156036
v 3.350301 1.039699 0.106394
v 3.350079 1.022829 -0.155769
v 3.350079 1.032277 0.106661
v 3.350000 1.015345 -0.155499
v 3.350000 1.024792 0.106931
v 3.349905 0.985594 -0.154428
v 3.349905 0.995041 0.108002
v 3.349579 0.952307 -0.153230
v 3.349579 0.961754 0.109200
v 3.348953 0.916237 -0.151931
v 3.348953 0.925685 0.110499
v 3.347963 0.878137 -0.150560
v 3.347963 0.887585 0.111870
v 3.346542 0.838761 -0.149142
v 3.346542 0.848208 0.113288
v 3.344625 0.798860 -0.147706
v 3.344625 0.808307 0.114724
v 3.342145 0.759188 -0.146278
v 3.342145 0.768636 0.116152
v 3.339037 0.720499 -0.144885
v 3.339037 0.729946 0.117545
v 3.335234 0.683544 -0.143554
v 3.335234 0.692991 0.118876
v 3.330671 0.649077 -0.142314
v 3.330671 0.658525 0.120116
v 3.325282 0.617852 -0.141190
v 3.325282 0.627299 0.121240
v 3.319000 0.590620 -0.140209
v 3.319000 0.600067 0.122221
v 3.310800 0.564086 -0.139254
v 3.310800 0.573534 0.123176
v 3.301232 0.537996 -0.138315
v 3.301232 0.547444 0.124115
v 3.290344 0.512420 -0.137394
v 3.290344 0.521868 0.125036
v 3.278186 0.487427 -0.136494
v 3.278186 0.496875 0.125936
v 3.264805 0.463087 -0.135618
v 3.264805 0.472534 0.126812
v 3.250250 0.439468 -0.134768
v 3.250250 0.448915 0.127662
v 3.234571 0.416640 -0.133946
v 3.234571 0.426087 0.128484
v 3.217815 0.394673 -0.133155
v 3.217815 0.404120 0.129275
v 3.200032 0.373635 -0.132398
v 3.200032 0.383083 0.130032
v 3.181269 0.353597 -0.131676
v 3.181269 0.363045 0.130754
v 3.161575 0.334628 -0.130993
v 3.161575 0.344076 0.131437
v 3.141000 0.316797 -0.130352
v 3.141000 0.326245 0.132078
v 3.066000 0.366765 -0.132150
v 3.066000 0.376212 0.130280
v 3.086497 0.382347 -0.132711
v 3.086497 0.391794 0.129719
v 3.105972 0.399063 -0.133313
v 3.105972 0.408511 0.129117
v 3.124406 0.416842 -0.133953
v 3.124406 0.426289 0.128477
v 3.141778 0.435609 -0.134629
v 3.141778 0.445057 0.127801
v 3.158066 0.455292 -0.135337
v 3.158066 0.464740 0.127093
v 3.173250 0.475819 -0.136076
v 3.173250 0.485267 0.126354
v 3.187309 0.497116 -0.136843
v 3.187309 0.506564 0.125587
v 3.200222 0.519111 -0.137635
v 3.200222 0.528558 0.124795
v 3.211969 0.541730 -0.138449
v 3.211969 0.551177 0.123981
v 3.222528 0.564900 -0.139283
v 3.222528 0.574348 0.123147
v 3.231879 0.588550 -0.140135
v 3.231879 0.597997 0.122295
v 3.240000 0.612606 -0.141001
v 3.240000 0.622053 0.121429
v 4.338950 1.080303 -0.157838
v 4.338950 1.089750 0.104592
v 4.364764 1.080303 -0.157838
v 4.364764 1.089750 0.104592
v 4.396891 1.080303 -0.157838
v 4.396891 1.089750 0.104592
v 4.433778 1.080303 -0.157838
v 4.433778 1.089750 0.104592
v 4.473874 1.080303 -0.157838
v 4.473874 1.089750 0.104592
v 4.515625 1.080303 -0.157838
v 4.515625 1.089750 0.104592
v 4.557481 1.080303 -0.157838
v 4.557481 1.089750 0.104592
v 4.597889 1.080303 -0.157838
v 4.597889 1.089750 0.104592
v 4.635297 1.080303 -0.157838
v 4.635297 1.089750 0.104592
v 4.668153 1.080303 -0.157838
v 4.668153 1.089750 0.104592
v 4.694905 1.080303 -0.157838
v 4.694905 1.089750 0.104592
v 4.714000 1.080303 -0.157838
v 4.714000 1.089750 0.104592
v 4.722054 1.080325 -0.157839
v 4.722054 1.089772 0.104591
v 4.730186 1.080395 -0.157841
v 4.730186 1.089843 0.104589
v 4.738344 1.080521 -0.157846
v 4.738344 1.089969 0.104584
v 4.746482 1.080710 -0.157852
v 4.746482 1.090157 0.104578
v 4.754550 1.080968 -0.157862
v 4.754550 1.090415 0.104568
v 4.762500 1.081302 -0.157874
v 4.762500 1.090750 0.104556
v 4.770284 1.081720 -0.157889
v 4.770284 1.091167 0.104541
v 4.777852 1.082227 -0.157907
v 4.777852 1.091675 0.104523
v 4.785156 1.082832 -0.157929
v 4.785156 1.092280 0.104501
v 4.792148 1.083541 -0.157954
v 4.792148 1.092989 0.104476
v 4.798779 1.084361 -0.157984
v 4.798779 1.093809 0.104446
v 4.805000 1.085299 -0.158018
v 4.805000 1.094747 0.104412
v 4.805000 1.002353 -0.155032
v 4.805000 1.011801 0.107398
v 4.798798 1.002832 -0.155049
v 4.798798 1.012279 0.107381
v 4.792213 1.003269 -0.155065
v 4.792213 1.012717 0.107365
v 4.785281 1.003665 -0.155079
v 4.785281 1.013112 0.107351
v 4.778037 1.004019 -0.155092
v 4.778037 1.013466 0.107338
v 4.770515 1.004331 -0.155103
v 4.770515 1.013778 0.107327
v 4.762750 1.004601 -0.155113
v 4.762750 1.014049 0.107317
v 4.754777 1.004831 -0.155121
v 4.754777 1.014278 0.107309
v 4.746630 1.005018 -0.155128
v 4.746630 1.014465 0.107302
v 4.738344 1.005164 -0.155133
v 4.738344 1.014611 0.107297
v 4.729954 1.005268 -0.155136
v 4.729954 1.014715 0.107293
v 4.721495 1.005330 -0.155139
v 4.721495 1.014778 0.107291
v 4.713000 1.005351 -0.155140
v 4.713000 1.014799 0.107290
v 4.694574 1.005351 -0.155140
v 4.694574 1.014799 0.107290
v 4.668339 1.005351 -0.155140
v 4.668339 1.014799 0.107290
v 4.635860 1.005351 -0.155140
v 4.635860 1.014799 0.107290
v 4.598704 1.005351 -0.155140
v 4.598704 1.014799 0.107290
v 4.558437 1.005351 -0.155140
v 4.558437 1.014799 0.107290
v 4.516625 1.005351 -0.155140
v 4.516625 1.014799 0.107290
v 4.474834 1.005351 -0.155140
v 4.474834 1.014799 0.107290
v 4.434630 1.005351 -0.155140
v 4.434630 1.014799 0.107290
v 4.397579 1.005351 -0.155140
v 4.397579 1.014799 0.107290
v 4.365246 1.005351 -0.155140
v 4.365246 1.014799 0.107290
v 4.339198 1.005351 -0.155140
v 4.339198 1.014799 0.107290
v 4.321000 1.005351 -0.155140
v 4.321000 1.014799 0.107290
v 4.313233 1.005331 -0.155139
v 4.313233 1.014778 0.107291
v 4.305445 1.005268 -0.155137
v 4.305445 1.014715 0.107293
v 4.297657 1.005164 -0.155133
v 4.297657 1.014611 0.107297
v 4.289889 1.005018 -0.155128
v 4.289889 1.014466 0.107302
v 4.282164 1.004831 -0.155121
v 4.282164 1.014278 0.107309
v 4.274500 1.004602 -0.155113
v 4.274500 1.014049 0.107317
v 4.266921 1.004331 -0.155103
v 4.266921 1.013778 0.107327
v 4.259445 1.004019 -0.155092
v 4.259445 1.013466 0.107338
v 4.252094 1.003665 -0.155079
v 4.252094 1.013112 0.107351
v 4.244889 1.003269 -0.155065
v 4.244889 1.012717 0.107365
v 4.237851 1.002832 -0.155049
v 4.237851 1.012280 0.107381
v 4.231000 1.002353 -0.155032
v 4.231000 1.011801 0.107398
v 4.231000 1.085299 -0.158018
v 4.231000 1.094747 0.104412
v 4.237621 1.084361 -0.157984
v 4.237621 1.093809 0.104446
v 4.244472 1.083541 -0.157954
v 4.244472 1.092989 0.104476
v 4.251531 1.082832 -0.157929
v 4.251531 1.092280 0.104501
v 4.258778 1.082227 -0.157907
v 4.258778 1.091675 0.104523
v 4.266191 1.081720 -0.157889
v 4.266191 1.091167 0.104541
v 4.273750 1.081302 -0.157874
v 4.273750 1.090750 0.104556
v 4.281434 1.080968 -0.157862
v 4.281434 1.090415 0.104568
v 4.289222 1.080710 -0.157852
v 4.289222 1.090157 0.104578
v 4.297094 1.080521 -0.157846
v 4.297094 1.089969 0.104584
v 4.305028 1.080395 -0.157841
v 4.305028 1.089843 0.104589
v 4.313004 1.080325 -0.157839
v 4.313004 1.089772 0.104591
v 4.321000 1.080303 -0.157838
v 4.321000 1.089750 0.104592
v 4.857869 0.767667 -0.146583
v 4.857869 0.777115 0.115847
v 4.849949 0.742734 -0.145685
v 4.849949 0.752182 0.116745
v 4.841203 0.717788 -0.144787
v 4.841203 0.727235 0.117643
v 4.831593 0.692924 -0.143892
v 4.831593 0.702371 0.118538
v 4.821079 0.668241 -0.143004
v 4.821079 0.677688 0.119426
v 4.809625 0.643835 -0.142125
v 4.809625 0.653283 0.120305
v 4.797192 0.619805 -0.141260
v 4.797192 0.629252 0.121170
v 4.783741 0.596246 -0.140412
v 4.783741 0.605693 0.122018
v 4.769235 0.573256 -0.139584
v 4.769235 0.582704 0.122846
v 4.753634 0.550933 -0.138780
v 4.753634 0.560380 0.123650
v 4.736902 0.529372 -0.138004
v 4.736902 0.538820 0.124426
v 4.719000 0.508673 -0.137259
v 4.719000 0.518120 0.125171
v 4.692325 0.481089 -0.136266
v 4.692325 0.490536 0.126164
v 4.664844 0.455726 -0.135353
v 4.664844 0.465173 0.127077
v 4.636626 0.432472 -0.134516
v 4.636626 0.441920 0.127914
v 4.607741 0.411217 -0.133751
v 4.607741 0.420665 0.128679
v 4.578260 0.391850 -0.133053
v 4.578260 0.401298 0.129377
v 4.548251 0.374260 -0.132420
v 4.548251 0.383707 0.130010
v 4.517783 0.358335 -0.131847
v 4.517783 0.367783 0.130583
v 4.486927 0.343965 -0.131330
v 4.486927 0.353412 0.131100
v 4.455750 0.331038 -0.130864
v 4.455750 0.340485 0.131566
v 4.424325 0.319444 -0.130447
v 4.424325 0.328891 0.131983
v 4.392718 0.309071 -0.130073
v 4.392718 0.318518 0.132357
v 4.361000 0.299808 -0.129740
v 4.361000 0.309256 0.132690
v 4.299000 0.370762 -0.132294
v 4.299000 0.380210 0.130136
v 4.334133 0.378731 -0.132581
v 4.334133 0.388178 0.129849
v 4.368477 0.388126 -0.132919
v 4.368477 0.397573 0.129511
v 4.401953 0.398916 -0.133308
v 4.401953 0.408363 0.129122
v 4.434482 0.411069 -0.133745
v 4.434482 0.420517 0.128685
v 4.465982 0.424555 -0.134231
v 4.465982 0.434003 0.128199
v 4.496376 0.439343 -0.134763
v 4.496376 0.448790 0.127667
v 4.525581 0.455400 -0.135341
v 4.525581 0.464848 0.127089
v 4.553519 0.472696 -0.135964
v 4.553519 0.482144 0.126466
v 4.580110 0.491200 -0.136630
v 4.580110 0.500647 0.125800
v 4.605273 0.510880 -0.137339
v 4.605273 0.520327 0.125091
v 4.628930 0.531705 -0.138088
v 4.628930 0.541152 0.124342
v 4.651000 0.553644 -0.138878
v 4.651000 0.563091 0.123552
v 4.665812 0.570051 -0.139469
v 4.665812 0.579498 0.122961
v 4.679745 0.587215 -0.140087
v 4.679745 0.596662 0.122343
v 4.692797 0.605017 -0.140727
v 4.692797 0.614464 0.121703
v 4.704963 0.623339 -0.141387
v 4.704963 0.632787 0.121043
v 4.716240 0.642064 -0.142061
v 4.716240 0.651512 0.120369
v 4.726625 0.661074 -0.142746
v 4.726625 0.670522 0.119684
v 4.736114 0.680250 -0.143436
v 4.736114 0.689698 0.118994
v 4.744704 0.699475 -0.144128
v 4.744704 0.708923 0.118302
v 4.752391 0.718631 -0.144818
v 4.752391 0.728078 0.117612
v 4.759171 0.737599 -0.145500
v 4.759171 0.747046 0.116930
v 4.765042 0.756261 -0.146172
v 4.765042 0.765709 0.116258
v 4.770000 0.774501 -0.146829
v 4.770000 0.783948 0.115601
v 4.750404 0.774501 -0.146829
v 4.750404 0.783948 0.115601
v 4.717819 0.774501 -0.146829
v 4.717819 0.783948 0.115601
v 4.674797 0.774501 -0.146829
v 4.674797 0.783948 0.115601
v 4.623888 0.774501 -0.146829
v 4.623888 0.783948 0.115601
v 4.567647 0.774501 -0.146829
v 4.567647 0.783948 0.115601
v 4.508625 0.774501 -0.146829
v 4.508625 0.783948 0.115601
v 4.449373 0.774501 -0.146829
v 4.449373 0.783948 0.115601
v 4.392444 0.774501 -0.146829
v 4.392444 0.783948 0.115601
v 4.340390 0.774501 -0.146829
v 4.340390 0.783948 0.115601
v 4.295763 0.774501 -0.146829
v 4.295763 0.783948 0.115601
v 4.261116 0.774501 -0.146829
v 4.261116 0.783948 0.115601
v 4.239000 0.774501 -0.146829
v 4.239000 0.783948 0.115601
v 4.232717 0.774480 -0.146828
v 4.232717 0.783927 0.115602
v 4.225907 0.774417 -0.146826
v 4.225907 0.783865 0.115604
v 4.218625 0.774313 -0.146822
v 4.218625 0.783761 0.115608
v 4.210926 0.774168 -0.146817
v 4.210926 0.783615 0.115613
v 4.202866 0.773980 -0.146810
v 4.202866 0.783428 0.115620
v 4.194500 0.773751 -0.146802
v 4.194500 0.783199 0.115628
v 4.185884 0.773481 -0.146792
v 4.185884 0.782928 0.115638
v 4.177074 0.773168 -0.146781
v 4.177074 0.782616 0.115649
v 4.168125 0.772814 -0.146768
v 4.168125 0.782262 0.115662
v 4.159092 0.772419 -0.146754
v 4.159092 0.781866 0.115676
v 4.150032 0.771981 -0.146738
v 4.150032 0.781429 0.115692
v 4.141000 0.771503 -0.146721
v 4.141000 0.780950 0.115709
v 4.141000 0.855448 -0.149743
v 4.141000 0.864896 0.112687
v 4.150185 0.854491 -0.149709
v 4.150185 0.863938 0.112721
v 4.159231 0.853616 -0.149677
v 4.159231 0.863064 0.112753
v 4.168125 0.852825 -0.149649
v 4.168125 0.862272 0.112781
v 4.176852 0.852117 -0.149623
v 4.176852 0.861565 0.112807
v 4.185398 0.851493 -0.149601
v 4.185398 0.860940 0.112829
v 4.193750 0.850951 -0.149581
v 4.193750 0.860399 0.112849
v 4.201893 0.850493 -0.149565
v 4.201893 0.859941 0.112865
v 4.209815 0.850118 -0.149551
v 4.209815 0.859566 0.112879
v 4.217500 0.849827 -0.149541
v 4.217500 0.859274 0.112889
v 4.224935 0.849619 -0.149533
v 4.224935 0.859066 0.112897
v 4.232106 0.849494 -0.149529
v 4.232106 0.858941 0.112901
v 4.239000 0.849452 -0.149527
v 4.239000 0.858900 0.112903
v 4.258898 0.849452 -0.149527
v 4.258898 0.858900 0.112903
v 4.291856 0.849452 -0.149527
v 4.291856 0.858900 0.112903
v 4.335266 0.849452 -0.149527
v 4.335266 0.858900 0.112903
v 4.386518 0.849452 -0.149527
v 4.386518 0.858900 0.112903
v 4.443007 0.849452 -0.149527
v 4.443007 0.858900 0.112903
v 4.502125 0.849452 -0.149527
v 4.502125 0.858900 0.112903
v 4.561263 0.849452 -0.149527
v 4.561263 0.858900 0.112903
v 4.617815 0.849452 -0.149527
v 4.617815 0.858900 0.112903
v 4.669172 0.849452 -0.149527
v 4.669172 0.858900 0.112903
v 4.712727 0.849452 -0.149527
v 4.712727 0.858900 0.112903
v 4.745872 0.849452 -0.149527
v 4.745872 0.858900 0.112903
v 4.766000 0.849452 -0.149527
v 4.766000 0.858900 0.112903
v 4.771704 0.849495 -0.149529
v 4.771704 0.858942 0.112901
v 4.777297 0.849628 -0.149533
v 4.777297 0.859075 0.112897
v 4.782750 0.849858 -0.149542
v 4.782750 0.859306 0.112888
v 4.788037 0.850192 -0.149554
v 4.788037 0.859640 0.112876
v 4.793130 0.850638 -0.149570
v 4.793130 0.860085 0.112860
v 4.798000 0.851201 -0.149590
v 4.798000 0.860649 0.112840
v 4.802621 0.851889 -0.149615
v 4.802621 0.861337 0.112815
v 4.806963 0.852709 -0.149644
v 4.806963 0.862157 0.112786
v 4.811000 0.853668 -0.149679
v 4.811000 0.863116 0.112751
v 4.814704 0.854773 -0.149719
v 4.814704 0.864220 0.112711
v 4.818047 0.856030 -0.149764
v 4.818047 0.865478 0.112666
v 4.821000 0.857447 -0.149815
v 4.821000 0.866894 0.112615
v 4.878000 0.821470 -0.148520
v 4.878000 0.830918 0.113910
v 4.876732 0.819144 -0.148436
v 4.876732 0.828592 0.113994
v 4.875440 0.816686 -0.148348
v 4.875440 0.826134 0.114082
v 4.874141 0.814131 -0.148256
v 4.874141 0.823579 0.114174
v 4.872852 0.811514 -0.148161
v 4.872852 0.820961 0.114269
v 4.871591 0.808868 -0.148066
v 4.871591 0.818316 0.114364
v 4.870375 0.806230 -0.147971
v 4.870375 0.815678 0.114459
v 4.869221 0.803633 -0.147878
v 4.869221 0.813081 0.114552
v 4.868148 0.801113 -0.147787
v 4.868148 0.810561 0.114643
v 4.867172 0.798704 -0.147700
v 4.867172 0.808151 0.114730
v 4.866310 0.796440 -0.147619
v 4.866310 0.805888 0.114811
v 4.865581 0.794357 -0.147544
v 4.865581 0.803805 0.114886
v 4.865000 0.792489 -0.147476
v 4.865000 0.801937 0.114954
v 5.419000 0.803482 -0.147872
v 5.419000 0.812929 0.114558
v 5.405011 0.817554 -0.148379
v 5.405011 0.827001 0.114051
v 5.388334 0.833527 -0.148954
v 5.388334 0.842975 0.113476
v 5.369407 0.851014 -0.149583
v 5.369407 0.860461 0.112847
v 5.348667 0.869624 -0.150253
v 5.348667 0.879072 0.112177
v 5.326552 0.888970 -0.150950
v 5.326552 0.898418 0.111480
v 5.303500 0.908664 -0.151659
v 5.303500 0.918111 0.110771
v 5.279948 0.928315 -0.152366
v 5.279948 0.937763 0.110064
v 5.256334 0.947537 -0.153058
v 5.256334 0.956984 0.109372
v 5.233094 0.965939 -0.153721
v 5.233094 0.975387 0.108709
v 5.210667 0.983134 -0.154340
v 5.210667 0.992582 0.108090
v 5.189490 0.998733 -0.154901
v 5.189490 1.008180 0.107529
v 5.170000 1.012347 -0.155391
v 5.170000 1.021794 0.107039
v 5.227000 1.073307 -0.157586
v 5.227000 1.082755 0.104844
v 5.245862 1.060439 -0.157123
v 5.245862 1.069886 0.105307
v 5.266653 1.045561 -0.156587
v 5.266653 1.055009 0.105843
v 5.288922 1.029039 -0.155992
v 5.288922 1.038486 0.106438
v 5.312222 1.011236 -0.155351
v 5.312222 1.020684 0.107079
v 5.336106 0.992518 -0.154677
v 5.336106 1.001965 0.107752
v 5.360125 0.973247 -0.153984
v 5.360125 0.982695 0.108446
v 5.383832 0.953789 -0.153283
v 5.383832 0.963237 0.109147
v 5.406778 0.934508 -0.152589
v 5.406778 0.943956 0.109841
v 5.428516 0.915769 -0.151915
v 5.428516 0.925216 0.110515
v 5.448597 0.897935 -0.151273
v 5.448597 0.907382 0.111157
v 5.466575 0.881371 -0.150676
v 5.466575 0.890818 0.111754
v 5.482000 0.866441 -0.150139
v 5.482000 0.875889 0.112291
v 5.578815 0.574898 -0.139643
v 5.578815 0.584346 0.122787
v 5.615185 0.602011 -0.140619
v 5.615185 0.611458 0.121811
v 5.650000 0.630719 -0.141653
v 5.650000 0.640166 0.120777
v 5.683148 0.660760 -0.142734
v 5.683148 0.670207 0.119696
v 5.714519 0.691869 -0.143854
v 5.714519 0.701316 0.118576
v 5.744000 0.723783 -0.145003
v 5.744000 0.733231 0.117427
v 5.771482 0.756239 -0.146171
v 5.771482 0.765687 0.116259
v 5.796852 0.788973 -0.147350
v 5.796852 0.798420 0.115080
v 5.820000 0.821720 -0.148529
v 5.820000 0.831168 0.113901
v 5.840815 0.854218 -0.149699
v 5.840815 0.863665 0.112731
v 5.859185 0.886201 -0.150850
v 5.859185 0.895649 0.111580
v 5.875000 0.917408 -0.151974
v 5.875000 0.926856 0.110456
v 5.923000 0.832463 -0.148916
v 5.923000 0.841911 0.113514
v 5.904989 0.801034 -0.147784
v 5.904989 0.810482 0.114646
v 5.884987 0.769328 -0.146643
v 5.884987 0.778776 0.115787
v 5.863048 0.737525 -0.145498
v 5.863048 0.746972 0.116932
v 5.839223 0.705804 -0.144356
v 5.839223 0.715252 0.118074
v 5.813565 0.674348 -0.143223
v 5.813565 0.683795 0.119207
v 5.786126 0.643336 -0.142107
v 5.786126 0.652783 0.120323
v 5.756957 0.612948 -0.141013
v 5.756957 0.622395 0.121417
v 5.726111 0.583365 -0.139948
v 5.726111 0.592813 0.122482
v 5.693641 0.554768 -0.138919
v 5.693641 0.564215 0.123511
v 5.659597 0.527337 -0.137931
v 5.659597 0.536784 0.124499
v 5.624033 0.501252 -0.136992
v 5.624033 0.510699 0.125438
v 5.587000 0.476694 -0.136108
v 5.587000 0.486141 0.126322
v 5.561431 0.461012 -0.135543
v 5.561431 0.470459 0.126887
v 5.534695 0.445510 -0.134985
v 5.534695 0.454958 0.127445
v 5.506750 0.430286 -0.134437
v 5.506750 0.439734 0.127993
v 5.477556 0.415437 -0.133903
v 5.477556 0.424884 0.128527
v 5.447070 0.401060 -0.133385
v 5.447070 0.410507 0.129045
v 5.415250 0.387251 -0.132888
v 5.415250 0.396699 0.129542
v 5.382056 0.374110 -0.132415
v 5.382056 0.383557 0.130015
v 5.347445 0.361731 -0.131969
v 5.347445 0.371178 0.130461
v 5.311375 0.350213 -0.131555
v 5.311375 0.359660 0.130875
v 5.273806 0.339653 -0.131174
v 5.273806 0.349100 0.131256
v 5.234694 0.330147 -0.130832
v 5.234694 0.339595 0.131598
v 5.194000 0.321794 -0.130531
v 5.194000 0.331241 0.131899
v 5.141000 0.403741 -0.133482
v 5.141000 0.413188 0.128948
v 5.183817 0.410944 -0.133741
v 5.183817 0.420391 0.128689
v 5.224795 0.419476 -0.134048
v 5.224795 0.428923 0.128382
v 5.263968 0.429209 -0.134398
v 5.263968 0.438656 0.128032
v 5.301370 0.440014 -0.134787
v 5.301370 0.449461 0.127643
v 5.337035 0.451762 -0.135210
v 5.337035 0.461210 0.127220
v 5.370999 0.464327 -0.135663
v 5.370999 0.473774 0.126767
v 5.403297 0.477578 -0.136140
v 5.403297 0.487025 0.126290
v 5.433962 0.491388 -0.136637
v 5.433962 0.500835 0.125793
v 5.463031 0.505628 -0.137149
v 5.463031 0.515075 0.125281
v 5.490537 0.520170 -0.137673
v 5.490537 0.529618 0.124757
v 5.516515 0.534886 -0.138203
v 5.516515 0.544333 0.124227
v 5.541000 0.549646 -0.138734
v 5.541000 0.559094 0.123696
v 6.485000 0.880432 -0.150642
v 6.485000 0.889880 0.111788
v 6.485000 1.015345 -0.155499
v 6.485000 1.024792 0.106931
v 6.484919 1.023208 -0.155782
v 6.484919 1.032655 0.106648
v 6.484681 1.031695 -0.156088
v 6.484681 1.041143 0.106342
v 6.484297 1.040641 -0.156410
v 6.484297 1.050088 0.106020
v 6.483778 1.049878 -0.156742
v 6.483778 1.059325 0.105688
v 6.483134 1.059240 -0.157079
v 6.483134 1.068687 0.105350
v 6.482375 1.068560 -0.157415
v 6.482375 1.078008 0.105015
v 6.481512 1.077672 -0.157743
v 6.481512 1.087120 0.104687
v 6.480556 1.086410 -0.158058
v 6.480556 1.095857 0.104372
v 6.479516 1.094606 -0.158353
v 6.479516 1.104053 0.104077
v 6.478403 1.102094 -0.158622
v 6.478403 1.111542 0.103808
v 6.477227 1.108708 -0.158860
v 6.477227 1.118155 0.103570
v 6.476000 1.114281 -0.159061
v 6.476000 1.123728 0.103369
v 6.575000 1.114281 -0.159061
v 6.575000 1.123728 0.103369
v 6.574251 1.108688 -0.158860
v 6.574251 1.118136 0.103570
v 6.573514 1.102020 -0.158620
v 6.573514 1.111467 0.103810
v 6.572796 1.094450 -0.158347
v 6.572796 1.103897 0.104083
v 6.572111 1.086151 -0.158048
v 6.572111 1.095598 0.104382
v 6.571466 1.077296 -0.157730
v 6.571466 1.086744 0.104700
v 6.570875 1.068061 -0.157397
v 6.570875 1.077508 0.105033
v 6.570345 1.058616 -0.157057
v 6.570345 1.068064 0.105373
v 6.569889 1.049138 -0.156716
v 6.569889 1.058585 0.105714
v 6.569516 1.039798 -0.156380
v 6.569516 1.049245 0.106050
v 6.569236 1.030770 -0.156055
v 6.569236 1.040217 0.106375
v 6.569061 1.022228 -0.155747
v 6.569061 1.031675 0.106683
v 6.569000 1.014345 -0.155463
v 6.569000 1.023793 0.106967
v 6.569000 0.880432 -0.150642
v 6.569000 0.889880 0.111788
v 6.835000 0.880432 -0.150642
v 6.835000 0.889880 0.111788
v 6.843338 0.880473 -0.150644
v 6.843338 0.889920 0.111786
v 6.851791 0.880589 -0.150648
v 6.851791 0.890037 0.111782
v 6.860265 0.880776 -0.150655
v 6.860265 0.890223 0.111775
v 6.868666 0.881024 -0.150664
v 6.868666 0.890472 0.111766
v 6.876901 0.881328 -0.150675
v 6.876901 0.890776 0.111755
v 6.884875 0.881681 -0.150687
v 6.884875 0.891129 0.111743
v 6.892495 0.882076 -0.150702
v 6.892495 0.891523 0.111728
v 6.899666 0.882505 -0.150717
v 6.899666 0.891952 0.111713
v 6.906297 0.882962 -0.150733
v 6.906297 0.892409 0.111697
v 6.912292 0.883439 -0.150751
v 6.912292 0.892887 0.111679
v 6.917557 0.883931 -0.150768
v 6.917557 0.893378 0.111662
v 6.922000 0.884430 -0.150786
v 6.922000 0.893877 0.111644
v 6.922000 0.799484 -0.147728
v 6.922000 0.808932 0.114702
v 6.917499 0.799963 -0.147746
v 6.917499 0.809411 0.114684
v 6.912078 0.800401 -0.147761
v 6.912078 0.809848 0.114669
v 6.905859 0.800796 -0.147776
v 6.905859 0.810244 0.114654
v 6.898962 0.801150 -0.147788
v 6.898962 0.810598 0.114642
v 6.891510 0.801462 -0.147800
v 6.891510 0.810910 0.114630
v 6.883625 0.801733 -0.147809
v 6.883625 0.811181 0.114621
v 6.875426 0.801962 -0.147817
v 6.875426 0.811410 0.114612
v 6.867037 0.802149 -0.147824
v 6.867037 0.811597 0.114606
v 6.858578 0.802295 -0.147829
v 6.858578 0.811743 0.114600
v 6.850171 0.802399 -0.147833
v 6.850171 0.811847 0.114597
v 6.841938 0.802462 -0.147835
v 6.841938 0.811909 0.114595
v 6.834000 0.802483 -0.147836
v 6.834000 0.811930 0.114594
v 6.569000 0.802483 -0.147836
v 6.569000 0.811930 0.114594
v 6.567427 0.748718 -0.145901
v 6.567427 0.758165 0.116529
v 6.562579 0.697319 -0.144050
v 6.562579 0.706767 0.118380
v 6.554266 0.648239 -0.142283
v 6.554266 0.657686 0.120147
v 6.542296 0.601428 -0.140598
v 6.542296 0.610875 0.121832
v 6.526480 0.556837 -0.138993
v 6.526480 0.566285 0.123437
v 6.506625 0.514419 -0.137466
v 6.506625 0.523867 0.124964
v 6.482541 0.474125 -0.136015
v 6.482541 0.483572 0.126415
v 6.454037 0.435905 -0.134639
v 6.454037 0.445353 0.127791
v 6.420921 0.399712 -0.133336
v 6.420921 0.409160 0.129093
v 6.383004 0.365497 -0.132105
v 6.383004 0.374945 0.130325
v 6.340094 0.333211 -0.130942
v 6.340094 0.342659 0.131488
v 6.292000 0.302806 -0.129848
v 6.292000 0.312254 0.132582
v 6.214000 0.360769 -0.131935
v 6.214000 0.370216 0.130495
v 6.259035 0.384232 -0.132779
v 6.259035 0.393679 0.129651
v 6.299699 0.410144 -0.133712
v 6.299699 0.419592 0.128718
v 6.336078 0.438500 -0.134733
v 6.336078 0.447947 0.127697
v 6.368259 0.469291 -0.135841
v 6.368259 0.478739 0.126589
v 6.396329 0.502511 -0.137037
v 6.396329 0.511959 0.125393
v 6.420375 0.538154 -0.138320
v 6.420375 0.547601 0.124110
v 6.440483 0.576211 -0.139690
v 6.440483 0.585659 0.122740
v 6.456741 0.616677 -0.141147
v 6.456741 0.626125 0.121283
v 6.469234 0.659544 -0.142690
v 6.469234 0.668991 0.119740
v 6.478051 0.704805 -0.144320
v 6.478051 0.714253 0.118110
v 6.483277 0.752454 -0.146035
v 6.483277 0.761901 0.116395
v 6.485000 0.802483 -0.147836
v 6.485000 0.811930 0.114594
v 6.192000 0.802483 -0.147836
v 6.192000 0.811930 0.114594
v 6.182760 0.802462 -0.147835
v 6.182760 0.811909 0.114595
v 6.173574 0.802399 -0.147833
v 6.173574 0.811847 0.114597
v 6.164500 0.802295 -0.147829
v 6.164500 0.811743 0.114600
v 6.155593 0.802149 -0.147824
v 6.155593 0.811597 0.114606
v 6.146908 0.801962 -0.147817
v 6.146908 0.811410 0.114612
v 6.138500 0.801733 -0.147809
v 6.138500 0.811181 0.114621
v 6.130426 0.801462 -0.147800
v 6.130426 0.810910 0.114630
v 6.122741 0.801150 -0.147788
v 6.122741 0.810598 0.114642
v 6.115500 0.800796 -0.147776
v 6.115500 0.810244 0.114654
v 6.108759 0.800401 -0.147761
v 6.108759 0.809848 0.114669
v 6.102574 0.799963 -0.147746
v 6.102574 0.809411 0.114684
v 6.097000 0.799484 -0.147728
v 6.097000 0.808932 0.114702
v 6.097000 0.885429 -0.150822
v 6.097000 0.894876 0.111608
v 6.102573 0.884911 -0.150804
v 6.102573 0.894358 0.111626
v 6.108750 0.884365 -0.150784
v 6.108750 0.893812 0.111646
v 6.115469 0.883805 -0.150764
v 6.115469 0.893252 0.111666
v 6.122667 0.883245 -0.150744
v 6.122667 0.892692 0.111686
v 6.130281 0.882699 -0.150724
v 6.130281 0.892147 0.111706
v 6.138250 0.882181 -0.150705
v 6.138250 0.891628 0.111725
v 6.146511 0.881704 -0.150688
v 6.146511 0.891152 0.111742
v 6.155000 0.881283 -0.150673
v 6.155000 0.890731 0.111757
v 6.163656 0.880932 -0.150660
v 6.163656 0.890379 0.111770
v 6.172417 0.880663 -0.150651
v 6.172417 0.890111 0.111779
v 6.181219 0.880492 -0.150645
v 6.181219 0.889940 0.111785
v 6.190000 0.880432 -0.150642
v 6.190000 0.889880 0.111788
v 7.265914 0.768505 -0.146613
v 7.265914 0.777952 0.115817
v 7.302148 0.768505 -0.146613
v 7.302148 0.777952 0.115817
v 7.347437 0.768505 -0.146613
v 7.347437 0.777952 0.115817
v 7.399518 0.768505 -0.146613
v 7.399518 0.777952 0.115817
v 7.456127 0.768505 -0.146613
v 7.456127 0.777952 0.115817
v 7.515000 0.768505 -0.146613
v 7.515000 0.777952 0.115817
v 7.573873 0.768505 -0.146613
v 7.573873 0.777952 0.115817
v 7.630481 0.768505 -0.146613
v 7.630481 0.777952 0.115817
v 7.682562 0.768505 -0.146613
v 7.682562 0.777952 0.115817
v 7.727852 0.768505 -0.146613
v 7.727852 0.777952 0.115817
v 7.764086 0.768505 -0.146613
v 7.764086 0.777952 0.115817
v 7.789000 0.768505 -0.146613
v 7.789000 0.777952 0.115817
v 7.801208 0.768565 -0.146615
v 7.801208 0.778012 0.115815
v 7.812833 0.768736 -0.146621
v 7.812833 0.778183 0.115809
v 7.823875 0.769004 -0.146631
v 7.823875 0.778452 0.115799
v 7.834333 0.769356 -0.146644
v 7.834333 0.778803 0.115786
v 7.844208 0.769777 -0.146659
v 7.844208 0.779224 0.115771
v 7.853500 0.770253 -0.146676
v 7.853500 0.779701 0.115754
v 7.862208 0.770772 -0.146695
v 7.862208 0.780219 0.115735
v 7.870333 0.771318 -0.146714
v 7.870333 0.780765 0.115716
v 7.877875 0.771877 -0.146734
v 7.877875 0.781325 0.115696
v 7.884833 0.772437 -0.146755
v 7.884833 0.781885 0.115675
v 7.891208 0.772983 -0.146774
v 7.891208 0.782431 0.115656
v 7.897000 0.773501 -0.146793
v 7.897000 0.782949 0.115637
v 7.897000 0.675565 -0.143267
v 7.897000 0.685012 0.119163
v 7.891552 0.675873 -0.143278
v 7.891552 0.685320 0.119152
v 7.885254 0.676282 -0.143293
v 7.885254 0.685729 0.119137
v 7.878171 0.676767 -0.143310
v 7.878171 0.686215 0.119120
v 7.870370 0.677304 -0.143330
v 7.870370 0.686752 0.119100
v 7.861916 0.677869 -0.143350
v 7.861916 0.687317 0.119080
v 7.852875 0.678438 -0.143371
v 7.852875 0.687885 0.119059
v 7.843313 0.678986 -0.143390
v 7.843313 0.688433 0.119040
v 7.833296 0.679488 -0.143408
v 7.833296 0.688936 0.119022
v 7.822890 0.679921 -0.143424
v 7.822890 0.689369 0.119006
v 7.812162 0.680261 -0.143436
v 7.812162 0.689708 0.118994
v 7.801177 0.680482 -0.143444
v 7.801177 0.689930 0.118986
v 7.790000 0.680562 -0.143447
v 7.790000 0.690009 0.118983
v 7.764875 0.680562 -0.143447
v 7.764875 0.690009 0.118983
v 7.728500 0.680562 -0.143447
v 7.728500 0.690009 0.118983
v 7.683125 0.680562 -0.143447
v 7.683125 0.690009 0.118983
v 7.631000 0.680562 -0.143447
v 7.631000 0.690009 0.118983
v 7.574375 0.680562 -0.143447
v 7.574375 0.690009 0.118983
v 7.515500 0.680562 -0.143447
v 7.515500 0.690009 0.118983
v 7.456625 0.680562 -0.143447
v 7.456625 0.690009 0.118983
v 7.400000 0.680562 -0.143447
v 7.400000 0.690009 0.118983
v 7.347875 0.680562 -0.143447
v 7.347875 0.690009 0.118983
v 7.302500 0.680562 -0.143447
v 7.302500 0.690009 0.118983
v 7.266125 0.680562 -0.143447
v 7.266125 0.690009 0.118983
v 7.241000 0.680562 -0.143447
v 7.241000 0.690009 0.118983
v 7.227304 0.680520 -0.143446
v 7.227304 0.689968 0.118984
v 7.213759 0.680400 -0.143441
v 7.213759 0.689847 0.118989
v 7.200438 0.680202 -0.143434
v 7.200438 0.689650 0.118996
v 7.187407 0.679932 -0.143424
v 7.187407 0.689380 0.119006
v 7.174738 0.679593 -0.143412
v 7.174738 0.689040 0.119018
v 7.162500 0.679187 -0.143398
v 7.162500 0.688635 0.119032
v 7.150762 0.678720 -0.143381
v 7.150762 0.688167 0.119049
v 7.139593 0.678193 -0.143362
v 7.139593 0.687640 0.119068
v 7.129063 0.677610 -0.143341
v 7.129063 0.687058 0.119089
v 7.119241 0.676976 -0.143318
v 7.119241 0.686423 0.119112
v 7.110197 0.676293 -0.143293
v 7.110197 0.685740 0.119137
v 7.102000 0.675565 -0.143267
v 7.102000 0.685012 0.119163
v 7.102000 0.773501 -0.146793
v 7.102000 0.782949 0.115637
v 7.109967 0.772983 -0.146774
v 7.109967 0.782431 0.115656
v 7.118823 0.772437 -0.146755
v 7.118823 0.781885 0.115675
v 7.128499 0.771877 -0.146734
v 7.128499 0.781325 0.115696
v 7.138925 0.771318 -0.146714
v 7.138925 0.780765 0.115716
v 7.150032 0.770772 -0.146695
v 7.150032 0.780219 0.115735
v 7.161749 0.770253 -0.146676
v 7.161749 0.779701 0.115754
v 7.174009 0.769777 -0.146659
v 7.174009 0.779224 0.115771
v 7.186740 0.769356 -0.146644
v 7.186740 0.778803 0.115786
v 7.199875 0.769004 -0.146631
v 7.199875 0.778452 0.115799
v 7.213343 0.768736 -0.146621
v 7.213343 0.778183 0.115809
v 7.227074 0.768565 -0.146615
v 7.227074 0.778012 0.115815
v 7.241000 0.768505 -0.146613
v 7.241000 0.777952 0.115817
vn -0.0000 0.0360 0.9994
vn -0.0000 -0.0360 -0.9994
vn 0.0002 0.0360 0.9994
vn -0.0001 0.0360 0.9994
vn 0.0002 -0.0360 -0.9994
vn -0.0001 -0.0360 -0.9994
vn -0.1326 0.9905 -0.0357
vn -0.2617 0.9645 -0.0347
vn -0.3842 0.9226 -0.0332
vn -0.4987 0.8662 -0.0312
vn -0.6041 0.7964 -0.0287
vn -0.6997 0.7140 -0.0257
vn -0.7846 0.6196 -0.0223
vn -0.8577 0.5138 -0.0185
vn -0.9177 0.3971 -0.0143
vn -0.9625 0.2709 -0.0098
vn -0.9905 0.1374 -0.0049
vn -1.0000 0.0009 -0.0000
vn -0.9910 -0.1336 0.0048
vn -0.9645 -0.2638 0.0095
vn -0.9218 -0.3873 0.0139
vn -0.8644 -0.5024 0.0181
vn -0.7937 -0.6079 0.0219
vn -0.7107 -0.7030 0.0253
vn -0.6163 -0.7870 0.0283
vn -0.5108 -0.8591 0.0309
vn -0.3949 -0.9181 0.0331
vn -0.2698 -0.9623 0.0346
vn -0.1370 -0.9899 0.0356
vn -0.0008 -0.9994 0.0360
vn 0.1347 -0.9902 0.0356
vn 0.2669 -0.9631 0.0347
vn 0.3931 -0.9189 0.0331
vn 0.5108 -0.8591 0.0309
vn 0.6183 -0.7854 0.0283
vn 0.7144 -0.6993 0.0252
vn 0.7980 -0.6022 0.0217
vn 0.8685 -0.4953 0.0178
vn 0.9249 -0.3799 0.0137
vn 0.9663 -0.2574 0.0093
vn 0.9915 -0.1298 0.0047
vn 1.0000 0.0009 -0.0000
vn 0.9910 0.1335 -0.0048
vn 0.9644 0.2644 -0.0095
vn 0.9209 0.3895 -0.0140
vn 0.8620 0.5066 -0.0182
vn 0.7890 0.6139 -0.0221
vn 0.7034 0.7104 -0.0256
vn 0.6062 0.7948 -0.0286
vn 0.4988 0.8662 -0.0312
vn 0.3824 0.9234 -0.0332
vn 0.2588 0.9653 -0.0348
vn 0.1303 0.9908 -0.0357
vn -0.0008 0.9994 -0.0360
vn 0.1358 0.9901 -0.0356
vn 0.2682 0.9627 -0.0347
vn 0.3937 0.9186 -0.0331
vn 0.5102 0.8595 -0.0309
vn 0.6164 0.7870 -0.0283
vn 0.7114 0.7023 -0.0253
vn 0.7946 0.6067 -0.0218
vn 0.8653 0.5009 -0.0180
vn 0.9225 0.3858 -0.0139
vn 0.9649 0.2625 -0.0095
vn 0.9911 0.1329 -0.0048
vn 1.0000 -0.0006 -0.0000
vn 0.9908 -0.1351 0.0049
vn 0.9637 -0.2667 0.0096
vn 0.9201 -0.3915 0.0141
vn 0.8614 -0.5076 0.0183
vn 0.7893 -0.6136 0.0221
vn 0.7049 -0.7088 0.0255
vn 0.6093 -0.7925 0.0285
vn 0.5031 -0.8637 0.0311
vn 0.3874 -0.9213 0.0332
vn 0.2635 -0.9640 0.0347
vn 0.1333 -0.9904 0.0357
vn -0.0000 -0.9994 0.0360
vn -0.1333 -0.9904 0.0357
vn -0.2635 -0.9640 0.0347
vn -0.3874 -0.9213 0.0332
vn -0.5031 -0.8637 0.0311
vn -0.6093 -0.7925 0.0285
vn -0.7049 -0.7088 0.0255
vn -0.7893 -0.6136 0.0221
vn -0.8614 -0.5076 0.0183
vn -0.9201 -0.3915 0.0141
vn -0.9637 -0.2667 0.0096
vn -0.9908 -0.1351 0.0049
vn -1.0000 -0.0006 -0.0000
vn -0.9911 0.1329 -0.0048
vn -0.9649 0.2625 -0.0095
vn -0.9225 0.3858 -0.0139
vn -0.8653 0.5009 -0.0180
vn -0.7946 0.6067 -0.0218
vn -0.7114 0.7023 -0.0253
vn -0.6164 0.7870 -0.0283
vn -0.5102 0.8595 -0.0309
vn -0.3937 0.9186 -0.0331
vn -0.2682 0.9627 -0.0347
vn -0.1358 0.9901 -0.0356
vn -0.0000 0.9994 -0.0360
vn 0.6146 0.7883 -0.0284
vn -0.2499 0.9677 -0.0348
vn -0.2604 0.9649 -0.0347
vn -0.2705 0.9621 -0.0346
vn -0.2805 0.9592 -0.0345
vn -0.2907 0.9562 -0.0344
vn -0.3014 0.9529 -0.0343
vn -0.3129 0.9492 -0.0342
vn -0.3255 0.9449 -0.0340
vn -0.3396 0.9400 -0.0338
vn -0.3558 0.9340 -0.0336
vn -0.3749 0.9265 -0.0334
vn -0.3936 0.9187 -0.0331
vn -0.4063 0.9131 -0.0329
vn -0.4152 0.9091 -0.0327
vn -0.4244 0.9049 -0.0326
vn -0.4338 0.9004 -0.0324
vn -0.4434 0.8957 -0.0322
vn -0.4533 0.8908 -0.0321
vn -0.4635 0.8855 -0.0319
vn -0.4740 0.8800 -0.0317
vn -0.4847 0.8741 -0.0315
vn -0.4958 0.8679 -0.0312
vn -0.5073 0.8612 -0.0310
vn 0.3049 0.9518 -0.0343
vn 0.9301 -0.3671 0.0132
vn 0.3957 -0.9178 0.0330
vn 0.3965 -0.9174 0.0330
vn 0.3962 -0.9176 0.0330
vn 0.3949 -0.9181 0.0331
vn 0.3927 -0.9191 0.0331
vn 0.3895 -0.9204 0.0331
vn 0.3852 -0.9222 0.0332
vn 0.3799 -0.9244 0.0333
vn 0.3733 -0.9271 0.0334
vn 0.3653 -0.9303 0.0335
vn 0.3556 -0.9340 0.0336
vn 0.3570 -0.9335 0.0336
vn 0.3557 -0.9340 0.0336
vn 0.3411 -0.9394 0.0338
vn 0.3288 -0.9438 0.0340
vn 0.3182 -0.9474 0.0341
vn 0.3087 -0.9505 0.0342
vn 0.3000 -0.9533 0.0343
vn 0.2919 -0.9558 0.0344
vn 0.2840 -0.9582 0.0345
vn 0.2761 -0.9605 0.0346
vn 0.2680 -0.9628 0.0347
vn 0.2593 -0.9652 0.0347
vn 0.7921 -0.6100 0.0220
vn 0.9998 0.0184 -0.0007
vn 0.9967 0.0817 -0.0029
vn 0.9831 0.1832 -0.0066
vn 0.9515 0.3075 -0.0111
vn 0.8935 0.4487 -0.0162
vn 0.8052 0.5926 -0.0213
vn 0.6927 0.7208 -0.0259
vn 0.5716 0.8200 -0.0295
vn 0.4585 0.8881 -0.0320
vn 0.3639 0.9309 -0.0335
vn 0.2908 0.9562 -0.0344
vn 0.2379 0.9707 -0.0349
vn 0.1812 0.9828 -0.0354
vn 0.1351 0.9902 -0.0356
vn 0.1150 0.9927 -0.0357
vn 0.0983 0.9945 -0.0358
vn 0.0839 0.9958 -0.0358
vn 0.0712 0.9968 -0.0359
vn 0.0598 0.9976 -0.0359
vn 0.0492 0.9981 -0.0359
vn 0.0391 0.9986 -0.0359
vn 0.0293 0.9989 -0.0360
vn 0.0197 0.9992 -0.0360
vn 0.0099 0.9993 -0.0360
vn -0.0013 0.9994 -0.0360
vn -0.0147 0.9992 -0.0360
vn -0.0286 0.9989 -0.0360
vn -0.0420 0.9985 -0.0359
vn -0.0554 0.9978 -0.0359
vn -0.0695 0.9969 -0.0359
vn -0.0848 0.9958 -0.0358
vn -0.1019 0.9942 -0.0358
vn -0.1215 0.9919 -0.0357
vn -0.1449 0.9888 -0.0356
vn -0.1736 0.9842 -0.0354
vn -0.2102 0.9770 -0.0352
vn 0.6202 0.7840 -0.0282
vn 0.7535 -0.6571 0.0237
vn 0.1252 -0.9915 0.0357
vn 0.1069 -0.9936 0.0358
vn 0.0920 -0.9951 0.0358
vn 0.0794 -0.9962 0.0359
vn 0.0684 -0.9970 0.0359
vn 0.0585 -0.9976 0.0359
vn 0.0491 -0.9981 0.0359
vn 0.0400 -0.9986 0.0359
vn 0.0309 -0.9989 0.0360
vn 0.0215 -0.9991 0.0360
vn 0.0112 -0.9993 0.0360
vn 0.0008 -0.9994 0.0360
vn -0.0086 -0.9993 0.0360
vn -0.0176 -0.9992 0.0360
vn -0.0269 -0.9990 0.0360
vn -0.0368 -0.9987 0.0360
vn -0.0475 -0.9982 0.0359
vn -0.0592 -0.9976 0.0359
vn -0.0720 -0.9968 0.0359
vn -0.0863 -0.9956 0.0358
vn -0.1026 -0.9941 0.0358
vn -0.1213 -0.9920 0.0357
vn -0.1431 -0.9891 0.0356
vn -0.1818 -0.9827 0.0354
vn -0.2426 -0.9695 0.0349
vn -0.3169 -0.9479 0.0341
vn -0.4038 -0.9143 0.0329
vn -0.5019 -0.8644 0.0311
vn -0.6071 -0.7941 0.0286
vn -0.7123 -0.7014 0.0253
vn -0.8082 -0.5885 0.0212
vn -0.8865 -0.4624 0.0166
vn -0.9429 -0.3329 0.0120
vn -0.9778 -0.2093 0.0075
vn -0.9952 -0.0981 0.0035
vn -0.9997 -0.0230 0.0008
vn -1.0000 -0.0000 -0.0000
vn -1.0000 -0.0034 0.0001
vn -0.9999 -0.0129 0.0005
vn -0.9997 -0.0248 0.0009
vn -0.9993 -0.0361 0.0013
vn -0.9989 -0.0470 0.0017
vn -0.9983 -0.0580 0.0021
vn -0.9976 -0.0695 0.0025
vn -0.9967 -0.0817 0.0029
vn -0.9955 -0.0950 0.0034
vn -0.9939 -0.1099 0.0040
vn -0.9919 -0.1271 0.0046
vn -0.9891 -0.1474 0.0053
vn -0.7611 0.6482 -0.0233
vn 0.7492 0.6619 -0.0238
vn 0.9932 -0.1165 0.0042
vn 0.9945 -0.1047 0.0038
vn 0.9956 -0.0936 0.0034
vn 0.9965 -0.0830 0.0030
vn 0.9973 -0.0729 0.0026
vn 0.9980 -0.0629 0.0023
vn 0.9986 -0.0530 0.0019
vn 0.9991 -0.0430 0.0015
vn 0.9995 -0.0329 0.0012
vn 0.9997 -0.0224 0.0008
vn 0.9999 -0.0114 0.0004
vn 1.0000 -0.0029 0.0001
vn 0.8649 0.5016 -0.0181
vn -0.0047 0.9993 -0.0360
vn -0.0196 0.9992 -0.0360
vn -0.0409 0.9985 -0.0359
vn -0.0641 0.9973 -0.0359
vn -0.0896 0.9953 -0.0358
vn -0.1176 0.9924 -0.0357
vn -0.1482 0.9883 -0.0356
vn -0.1818 0.9827 -0.0354
vn -0.2186 0.9752 -0.0351
vn -0.2588 0.9653 -0.0348
vn -0.3026 0.9525 -0.0343
vn -0.3502 0.9361 -0.0337
vn 0.0824 0.9960 -0.0359
vn 0.9669 0.2549 -0.0092
vn 0.8802 -0.4742 0.0171
vn 0.8900 -0.4556 0.0164
vn 0.8981 -0.4394 0.0158
vn 0.9051 -0.4249 0.0153
vn 0.9114 -0.4112 0.0148
vn 0.9173 -0.3980 0.0143
vn 0.9229 -0.3848 0.0139
vn 0.9285 -0.3710 0.0134
vn 0.9343 -0.3562 0.0128
vn 0.9405 -0.3397 0.0122
vn 0.9472 -0.3205 0.0115
vn 0.9559 -0.2935 0.0106
vn 0.9556 -0.2943 0.0106
vn 0.9447 -0.3279 0.0118
vn 0.9331 -0.3593 0.0129
vn 0.9210 -0.3894 0.0140
vn 0.9080 -0.4187 0.0151
vn 0.8940 -0.4478 0.0161
vn 0.8787 -0.4771 0.0172
vn 0.8618 -0.5068 0.0182
vn 0.8431 -0.5374 0.0193
vn 0.8221 -0.5690 0.0205
vn 0.7984 -0.6018 0.0217
vn 0.7732 -0.6338 0.0228
vn 0.7467 -0.6648 0.0239
vn 0.7173 -0.6963 0.0251
vn 0.6852 -0.7279 0.0262
vn 0.6506 -0.7590 0.0273
vn 0.6139 -0.7889 0.0284
vn 0.5757 -0.8172 0.0294
vn 0.5364 -0.8434 0.0304
vn 0.4969 -0.8673 0.0312
vn 0.4574 -0.8887 0.0320
vn 0.4187 -0.9075 0.0327
vn 0.3810 -0.9240 0.0333
vn -0.1807 -0.9829 0.0354
vn -0.9775 0.2106 -0.0076
vn -0.3270 0.9444 -0.0340
vn -0.3714 0.9279 -0.0334
vn -0.4160 0.9088 -0.0327
vn -0.4603 0.8872 -0.0319
vn -0.5039 0.8632 -0.0311
vn -0.5464 0.8370 -0.0301
vn -0.5874 0.8088 -0.0291
vn -0.6265 0.7789 -0.0280
vn -0.6634 0.7478 -0.0269
vn -0.6977 0.7159 -0.0258
vn -0.7295 0.6836 -0.0246
vn -0.7617 0.6475 -0.0233
vn -0.7926 0.6093 -0.0219
vn -0.8185 0.5742 -0.0207
vn -0.8408 0.5410 -0.0195
vn -0.8604 0.5092 -0.0183
vn -0.8780 0.4784 -0.0172
vn -0.8940 0.4478 -0.0161
vn -0.9088 0.4170 -0.0150
vn -0.9228 0.3850 -0.0139
vn -0.9362 0.3511 -0.0126
vn -0.9493 0.3141 -0.0113
vn -0.9622 0.2723 -0.0098
vn -0.7906 -0.6119 0.0220
vn 0.4516 -0.8917 0.0321
vn 0.7977 -0.6027 0.0217
vn 0.7810 -0.6242 0.0225
vn 0.7634 -0.6455 0.0232
vn 0.7449 -0.6668 0.0240
vn 0.7254 -0.6879 0.0248
vn 0.7049 -0.7089 0.0255
vn 0.6832 -0.7297 0.0263
vn 0.6604 -0.7504 0.0270
vn 0.6364 -0.7709 0.0278
vn 0.6110 -0.7911 0.0285
vn 0.5843 -0.8110 0.0292
vn -0.0193 -0.9992 0.0360
vn -0.9993 0.0381 -0.0014
vn -0.5638 0.8254 -0.0297
vn -0.6104 0.7916 -0.0285
vn -0.6532 0.7567 -0.0272
vn -0.6921 0.7213 -0.0260
vn -0.7276 0.6856 -0.0247
vn -0.7597 0.6499 -0.0234
vn -0.7888 0.6142 -0.0221
vn -0.8153 0.5786 -0.0208
vn -0.8395 0.5430 -0.0195
vn -0.8618 0.5069 -0.0182
vn -0.8826 0.4699 -0.0169
vn -0.8825 0.4700 -0.0169
vn -0.8802 0.4743 -0.0171
vn -0.8939 0.4479 -0.0161
vn -0.9046 0.4261 -0.0153
vn -0.9134 0.4068 -0.0146
vn -0.9212 0.3887 -0.0140
vn -0.9285 0.3711 -0.0134
vn -0.9355 0.3530 -0.0127
vn -0.9426 0.3338 -0.0120
vn -0.9498 0.3125 -0.0113
vn -0.9575 0.2882 -0.0104
vn -0.9658 0.2592 -0.0093
vn -0.4851 0.8739 -0.0315
vn 0.9413 0.3373 -0.0121
vn 0.8461 -0.5327 0.0192
vn 0.8537 -0.5204 0.0187
vn 0.8600 -0.5100 0.0184
vn 0.8652 -0.5011 0.0180
vn 0.8696 -0.4934 0.0178
vn 0.8733 -0.4868 0.0175
vn 0.8765 -0.4812 0.0173
vn 0.8791 -0.4764 0.0171
vn 0.8812 -0.4724 0.0170
vn 0.8829 -0.4692 0.0169
vn 0.8841 -0.4669 0.0168
vn 0.8766 -0.4810 0.0173
vn 0.8675 -0.4972 0.0179
vn 0.8602 -0.5097 0.0183
vn 0.8526 -0.5222 0.0188
vn 0.8445 -0.5352 0.0193
vn 0.8356 -0.5490 0.0198
vn 0.8257 -0.5637 0.0203
vn 0.8145 -0.5798 0.0209
vn 0.8015 -0.5976 0.0215
vn 0.7863 -0.6174 0.0222
vn 0.7682 -0.6398 0.0230
vn 0.7463 -0.6652 0.0239
vn 0.1415 -0.9893 0.0356
vn -0.9939 -0.1104 0.0040
vn -0.7062 0.7076 -0.0255
vn -0.7348 0.6778 -0.0244
vn -0.7584 0.6513 -0.0234
vn -0.7784 0.6274 -0.0226
vn -0.7956 0.6054 -0.0218
vn -0.8109 0.5848 -0.0211
vn -0.8248 0.5650 -0.0203
vn -0.8380 0.5453 -0.0196
vn -0.8509 0.5250 -0.0189
vn -0.8641 0.5029 -0.0181
vn -0.8785 0.4775 -0.0172
vn -0.8001 -0.5995 0.0216
vn 0.7737 -0.6332 0.0228
vn 0.9999 0.0172 -0.0006
vn 0.9967 0.0808 -0.0029
vn 0.9812 0.1929 -0.0069
vn 0.9392 0.3431 -0.0124
vn 0.8539 0.5202 -0.0187
vn 0.7199 0.6936 -0.0250
vn 0.5571 0.8299 -0.0299
vn 0.3983 0.9167 -0.0330
vn 0.2659 0.9634 -0.0347
vn 0.1649 0.9857 -0.0355
vn 0.0913 0.9952 -0.0358
vn 0.0387 0.9986 -0.0359
vn 0.0048 0.9993 -0.0360
vn -0.0148 0.9992 -0.0360
vn -0.0301 0.9989 -0.0360
vn -0.0459 0.9983 -0.0359
vn -0.0621 0.9974 -0.0359
vn -0.0786 0.9963 -0.0359
vn -0.0951 0.9948 -0.0358
vn -0.1116 0.9931 -0.0358
vn -0.1278 0.9912 -0.0357
vn -0.1435 0.9890 -0.0356
vn -0.1586 0.9867 -0.0355
vn -0.1730 0.9843 -0.0354
vn 0.6580 0.7525 -0.0271
vn 0.7356 -0.6769 0.0244
vn 0.1233 -0.9917 0.0357
vn 0.1126 -0.9930 0.0357
vn 0.1016 -0.9942 0.0358
vn 0.0904 -0.9953 0.0358
vn 0.0790 -0.9962 0.0359
vn 0.0675 -0.9971 0.0359
vn 0.0559 -0.9978 0.0359
vn 0.0444 -0.9984 0.0359
vn 0.0331 -0.9988 0.0360
vn 0.0218 -0.9991 0.0360
vn 0.0108 -0.9993 0.0360
vn -0.0089 -0.9993 0.0360
vn -0.0516 -0.9980 0.0359
vn -0.1179 -0.9924 0.0357
vn -0.2052 -0.9781 0.0352
vn -0.3179 -0.9475 0.0341
vn -0.4563 -0.8892 0.0320
vn -0.6109 -0.7912 0.0285
vn -0.7591 -0.6505 0.0234
vn -0.8751 -0.4836 0.0174
vn -0.9476 -0.3193 0.0115
vn -0.9835 -0.1807 0.0065
vn -0.9971 -0.0763 0.0027
vn -0.9999 -0.0164 0.0006
vn -0.6311 -0.7752 0.0279
vn -0.5593 -0.8284 0.0298
vn -0.8103 0.5857 -0.0211
vn -0.1445 0.9889 -0.0356
vn -0.1537 0.9875 -0.0355
vn -0.1605 0.9864 -0.0355
vn -0.1657 0.9855 -0.0355
vn -0.1698 0.9848 -0.0355
vn -0.1732 0.9842 -0.0354
vn -0.1760 0.9837 -0.0354
vn -0.1784 0.9833 -0.0354
vn -0.1805 0.9829 -0.0354
vn -0.1823 0.9826 -0.0354
vn -0.1839 0.9823 -0.0354
vn -0.7696 0.6381 -0.0230
vn -1.0000 -0.0028 0.0001
vn -0.9999 -0.0112 0.0004
vn -0.9997 -0.0226 0.0008
vn -0.9994 -0.0342 0.0012
vn -0.9989 -0.0463 0.0017
vn -0.9983 -0.0588 0.0021
vn -0.9974 -0.0719 0.0026
vn -0.9963 -0.0857 0.0031
vn -0.9949 -0.1003 0.0036
vn -0.9933 -0.1159 0.0042
vn -0.9912 -0.1326 0.0048
vn -0.9886 -0.1506 0.0054
vn -0.7616 0.6477 -0.0233
vn 0.7615 0.6478 -0.0233
vn 0.9887 -0.1499 0.0054
vn 0.9913 -0.1315 0.0047
vn 0.9934 -0.1148 0.0041
vn 0.9951 -0.0993 0.0036
vn 0.9964 -0.0849 0.0031
vn 0.9975 -0.0713 0.0026
vn 0.9983 -0.0585 0.0021
vn 0.9989 -0.0463 0.0017
vn 0.9994 -0.0344 0.0012
vn 0.9997 -0.0229 0.0008
vn 0.6358 0.7713 -0.0278
vn -0.1923 0.9807 -0.0353
vn -0.1938 0.9804 -0.0353
vn -0.1952 0.9801 -0.0353
vn -0.1965 0.9799 -0.0353
vn -0.1977 0.9796 -0.0353
vn -0.1988 0.9794 -0.0353
vn -0.1999 0.9792 -0.0353
vn -0.2010 0.9790 -0.0352
vn -0.2023 0.9787 -0.0352
vn -0.2038 0.9784 -0.0352
vn -0.2060 0.9779 -0.0352
vn -0.2175 0.9754 -0.0351
vn -0.2341 0.9716 -0.0350
vn -0.2476 0.9682 -0.0349
vn -0.2623 0.9644 -0.0347
vn -0.2786 0.9598 -0.0346
vn -0.2966 0.9544 -0.0344
vn -0.3166 0.9480 -0.0341
vn -0.3390 0.9402 -0.0338
vn -0.3642 0.9307 -0.0335
vn -0.3927 0.9191 -0.0331
vn -0.4252 0.9045 -0.0326
vn -0.4623 0.8862 -0.0319
vn 0.0796 0.9962 -0.0359
vn 0.9886 0.1508 -0.0054
vn 0.8248 -0.5651 0.0203
vn 0.8300 -0.5574 0.0201
vn 0.8352 -0.5495 0.0198
vn 0.8406 -0.5413 0.0195
vn 0.8462 -0.5325 0.0192
vn 0.8523 -0.5228 0.0188
vn 0.8589 -0.5117 0.0184
vn 0.8664 -0.4991 0.0180
vn 0.8747 -0.4843 0.0174
vn 0.8843 -0.4665 0.0168
vn 0.8954 -0.4449 0.0160
vn 0.8866 -0.4622 0.0166
vn -1.0000 -0.0043 0.0002
vn -0.9999 -0.0168 0.0006
vn -0.9995 -0.0329 0.0012
vn -0.9988 -0.0480 0.0017
vn -0.9981 -0.0621 0.0022
vn -0.9972 -0.0753 0.0027
vn -0.9962 -0.0876 0.0032
vn -0.9951 -0.0988 0.0036
vn -0.9941 -0.1088 0.0039
vn -0.9931 -0.1173 0.0042
vn -0.9923 -0.1238 0.0045
vn -0.9919 -0.1266 0.0046
vn -0.7507 0.6603 -0.0238
vn 0.7480 0.6633 -0.0239
vn 0.9934 -0.1143 0.0041
vn 0.9944 -0.1054 0.0038
vn 0.9953 -0.0964 0.0035
vn 0.9962 -0.0874 0.0031
vn 0.9969 -0.0780 0.0028
vn 0.9977 -0.0683 0.0025
vn 0.9983 -0.0581 0.0021
vn 0.9989 -0.0476 0.0017
vn 0.9993 -0.0365 0.0013
vn 0.9997 -0.0249 0.0009
vn 0.9999 -0.0127 0.0005
vn 1.0000 -0.0032 0.0001
vn 1.0000 -0.0000 -0.0000
vn 0.5300 0.8474 -0.0305
vn -0.4589 0.8879 -0.0320
vn -0.4980 0.8666 -0.0312
vn -0.5337 0.8452 -0.0304
vn -0.5670 0.8232 -0.0296
vn -0.5991 0.8001 -0.0288
vn -0.6306 0.7756 -0.0279
vn -0.6619 0.7491 -0.0270
vn -0.6936 0.7199 -0.0259
vn -0.7258 0.6875 -0.0247
vn -0.7588 0.6509 -0.0234
vn -0.7925 0.6094 -0.0219
vn 0.0116 0.9993 -0.0360
vn 0.9996 -0.0287 0.0010
vn 0.7723 -0.6349 0.0229
vn 0.7396 -0.6726 0.0242
vn 0.7083 -0.7054 0.0254
vn 0.6783 -0.7343 0.0264
vn 0.6492 -0.7601 0.0274
vn 0.6209 -0.7834 0.0282
vn 0.5929 -0.8047 0.0290
vn 0.5649 -0.8246 0.0297
vn 0.5363 -0.8435 0.0304
vn 0.5066 -0.8616 0.0310
vn 0.4750 -0.8794 0.0317
vn 0.4777 -0.8780 0.0316
vn 0.5028 -0.8638 0.0311
vn 0.5155 -0.8564 0.0308
vn 0.5282 -0.8486 0.0305
vn 0.5411 -0.8404 0.0303
vn 0.5541 -0.8319 0.0299
vn 0.5673 -0.8230 0.0296
vn 0.5806 -0.8136 0.0293
vn 0.5941 -0.8038 0.0289
vn 0.6078 -0.7935 0.0286
vn 0.6218 -0.7827 0.0282
vn 0.6361 -0.7711 0.0278
vn 0.0030 -0.9993 0.0360
vn -0.9481 -0.3178 0.0114
vn -0.9765 0.2154 -0.0078
vn -0.9817 0.1902 -0.0068
vn -0.9860 0.1668 -0.0060
vn -0.9894 0.1449 -0.0052
vn -0.9922 0.1243 -0.0045
vn -0.9945 0.1047 -0.0038
vn -0.9963 0.0860 -0.0031
vn -0.9977 0.0681 -0.0025
vn -0.9987 0.0506 -0.0018
vn -0.9994 0.0335 -0.0012
vn -0.9999 0.0167 -0.0006
vn -1.0000 0.0042 -0.0002
vn -0.9743 0.2253 -0.0081
vn -0.9859 0.1674 -0.0060
vn -0.9920 0.1258 -0.0045
vn -0.9955 0.0947 -0.0034
vn -0.9975 0.0708 -0.0025
vn -0.9986 0.0520 -0.0019
vn -0.9993 0.0371 -0.0013
vn -0.9997 0.0251 -0.0009
vn -0.9999 0.0157 -0.0006
vn -1.0000 0.0084 -0.0003
vn -1.0000 0.0033 -0.0001
vn -1.0000 -0.0036 0.0001
vn -0.9999 -0.0169 0.0006
vn -0.9987 -0.0519 0.0019
vn -0.9976 -0.0696 0.0025
vn -0.9962 -0.0872 0.0031
vn -0.9945 -0.1045 0.0038
vn -0.9926 -0.1212 0.0044
vn -0.9906 -0.1370 0.0049
vn -0.9884 -0.1517 0.0055
vn -0.9863 -0.1650 0.0059
vn -0.9842 -0.1768 0.0064
vn -0.7689 0.6390 -0.0230
vn 0.7387 0.6736 -0.0242
vn 0.9954 -0.0958 0.0034
vn 0.9948 -0.1018 0.0037
vn 0.9947 -0.1026 0.0037
vn 0.9950 -0.1000 0.0036
vn 0.9955 -0.0948 0.0034
vn 0.9962 -0.0875 0.0031
vn 0.9969 -0.0782 0.0028
vn 0.9978 -0.0669 0.0024
vn 0.9986 -0.0536 0.0019
vn 0.9993 -0.0381 0.0014
vn 0.9998 -0.0202 0.0007
vn 1.0000 -0.0069 0.0002
vn 1.0000 -0.0065 0.0002
vn 0.9999 -0.0136 0.0005
vn 0.9998 -0.0216 0.0008
vn 0.9995 -0.0310 0.0011
vn 0.9991 -0.0420 0.0015
vn 0.9985 -0.0551 0.0020
vn 0.9975 -0.0711 0.0026
vn 0.9958 -0.0911 0.0033
vn 0.9932 -0.1167 0.0042
vn 0.9886 -0.1505 0.0054
vn 0.9803 -0.1973 0.0071
vn 0.9656 -0.2599 0.0094
vn 0.9475 -0.3195 0.0115
vn 0.9299 -0.3677 0.0132
vn 0.9101 -0.4142 0.0149
vn 0.8882 -0.4592 0.0165
vn 0.8642 -0.5028 0.0181
vn 0.8382 -0.5450 0.0196
vn 0.8101 -0.5859 0.0211
vn 0.7798 -0.6256 0.0225
vn 0.7473 -0.6641 0.0239
vn 0.7123 -0.7014 0.0253
vn 0.6748 -0.7375 0.0266
vn 0.0632 -0.9974 0.0359
vn -0.9995 -0.0311 0.0011
vn -0.6288 0.7771 -0.0280
vn -0.6733 0.7389 -0.0266
vn -0.7145 0.6991 -0.0252
vn -0.7526 0.6580 -0.0237
vn -0.7877 0.6157 -0.0222
vn -0.8197 0.5724 -0.0206
vn -0.8489 0.5282 -0.0190
vn -0.8753 0.4832 -0.0174
vn -0.8991 0.4374 -0.0157
vn -0.9203 0.3908 -0.0141
vn -0.9391 0.3435 -0.0124
vn -0.9572 0.2894 -0.0104
vn -0.0014 0.9994 -0.0360
vn -0.0057 0.9993 -0.0360
vn -0.0121 0.9993 -0.0360
vn -0.0193 0.9992 -0.0360
vn -0.0276 0.9990 -0.0360
vn -0.0370 0.9987 -0.0360
vn -0.0478 0.9982 -0.0359
vn -0.0603 0.9975 -0.0359
vn -0.0748 0.9966 -0.0359
vn -0.0918 0.9951 -0.0358
vn -0.1119 0.9931 -0.0358
vn -0.1360 0.9901 -0.0356
vn 0.6522 0.7575 -0.0273
vn 0.6793 -0.7333 0.0264
vn -0.0716 -0.9968 0.0359
vn -0.0617 -0.9975 0.0359
vn -0.0529 -0.9980 0.0359
vn -0.0452 -0.9983 0.0359
vn -0.0382 -0.9986 0.0360
vn -0.0318 -0.9988 0.0360
vn -0.0259 -0.9990 0.0360
vn -0.0203 -0.9991 0.0360
vn -0.0150 -0.9992 0.0360
vn -0.0099 -0.9993 0.0360
vn -0.0049 -0.9993 0.0360
vn -0.0012 -0.9994 0.0360
vn 0.0013 -0.9994 0.0360
vn 0.0053 -0.9993 0.0360
vn 0.0107 -0.9993 0.0360
vn 0.0161 -0.9992 0.0360
vn 0.0271 -0.9990 0.0360
vn 0.0328 -0.9988 0.0360
vn 0.0387 -0.9986 0.0359
vn 0.0449 -0.9983 0.0359
vn 0.0515 -0.9980 0.0359
vn 0.0584 -0.9976 0.0359
vn 0.0659 -0.9972 0.0359
vn -0.6820 -0.7309 0.0263
vn -0.6556 0.7546 -0.0272
vn 0.1297 0.9909 -0.0357
vn 0.1095 0.9933 -0.0358
vn 0.0916 0.9951 -0.0358
vn 0.0758 0.9965 -0.0359
vn 0.0618 0.9974 -0.0359
vn 0.0493 0.9981 -0.0359
vn 0.0383 0.9986 -0.0360
vn 0.0285 0.9989 -0.0360
vn 0.0199 0.9992 -0.0360
vn 0.0124 0.9993 -0.0360
vn 0.0058 0.9993 -0.0360
vn 0.0014 0.9994 -0.0360
vn 0.9572 -0.2891 0.0104
vn 0.9485 -0.3164 0.0114
vn 0.9384 -0.3453 0.0124
vn 0.9266 -0.3758 0.0135
vn 0.9129 -0.4079 0.0147
vn 0.8970 -0.4418 0.0159
vn 0.8786 -0.4772 0.0172
vn 0.8574 -0.5143 0.0185
vn 0.8331 -0.5528 0.0199
vn 0.8053 -0.5925 0.0213
vn 0.7381 -0.6742 0.0243
vn 0.6990 -0.7146 0.0257
vn 0.6576 -0.7529 0.0271
vn 0.6148 -0.7882 0.0284
vn 0.5713 -0.8202 0.0295
vn 0.5278 -0.8488 0.0306
vn 0.4848 -0.8740 0.0315
vn 0.4430 -0.8959 0.0323
vn 0.4029 -0.9146 0.0329
vn 0.3649 -0.9305 0.0335
vn 0.3292 -0.9436 0.0340
vn 0.2963 -0.9545 0.0344
vn -0.2805 -0.9592 0.0345
vn -0.9508 0.3095 -0.0111
vn -0.2427 0.9695 -0.0349
vn -0.2856 0.9577 -0.0345
vn -0.3287 0.9438 -0.0340
vn -0.3721 0.9276 -0.0334
vn -0.4159 0.9088 -0.0327
vn -0.4600 0.8873 -0.0319
vn -0.5045 0.8629 -0.0311
vn -0.5492 0.8351 -0.0301
vn -0.5941 0.8039 -0.0289
vn -0.6389 0.7688 -0.0277
vn -0.6834 0.7295 -0.0263
vn -0.7241 0.6892 -0.0248
vn -0.7598 0.6497 -0.0234
vn -0.7919 0.6103 -0.0220
vn -0.8202 0.5717 -0.0206
vn -0.8452 0.5341 -0.0192
vn -0.8674 0.4972 -0.0179
vn -0.8872 0.4610 -0.0166
vn -0.9049 0.4253 -0.0153
vn -0.9208 0.3898 -0.0140
vn -0.9351 0.3542 -0.0127
vn -0.9480 0.3180 -0.0114
vn -0.9597 0.2809 -0.0101
vn -0.7944 -0.6070 0.0219
vn 0.0017 -0.9994 0.0360
vn 0.0062 -0.9993 0.0360
vn 0.0117 -0.9993 0.0360
vn 0.0166 -0.9992 0.0360
vn 0.0211 -0.9991 0.0360
vn 0.0253 -0.9990 0.0360
vn 0.0294 -0.9989 0.0360
vn 0.0334 -0.9988 0.0360
vn 0.0375 -0.9986 0.0360
vn 0.0417 -0.9985 0.0359
vn 0.0460 -0.9983 0.0359
vn 0.0506 -0.9981 0.0359
vn -0.6881 -0.7251 0.0261
vn -0.6694 0.7424 -0.0267
vn 0.1000 0.9943 -0.0358
vn 0.0925 0.9951 -0.0358
vn 0.0848 0.9958 -0.0358
vn 0.0769 0.9964 -0.0359
vn 0.0688 0.9970 -0.0359
vn 0.0605 0.9975 -0.0359
vn 0.0517 0.9980 -0.0359
vn 0.0426 0.9984 -0.0359
vn 0.0330 0.9988 -0.0360
vn 0.0227 0.9991 -0.0360
vn 0.0117 0.9993 -0.0360
vn 0.0030 0.9993 -0.0360
vn -0.0038 0.9993 -0.0360
vn -0.0157 0.9992 -0.0360
vn -0.0330 0.9988 -0.0360
vn -0.0527 0.9980 -0.0359
vn -0.0752 0.9965 -0.0359
vn -0.1011 0.9942 -0.0358
vn -0.1312 0.9907 -0.0357
vn -0.1666 0.9854 -0.0355
vn -0.2085 0.9774 -0.0352
vn -0.2587 0.9653 -0.0348
vn -0.3193 0.9470 -0.0341
vn -0.3929 0.9190 -0.0331
vn 0.0578 0.9977 -0.0359
vn 0.9678 0.2515 -0.0091
vn 0.8817 -0.4715 0.0170
vn 0.8884 -0.4588 0.0165
vn 0.8944 -0.4470 0.0161
vn 0.9000 -0.4356 0.0157
vn 0.9055 -0.4240 0.0153
vn 0.9112 -0.4118 0.0148
vn 0.9171 -0.3984 0.0143
vn 0.9236 -0.3831 0.0138
vn 0.9308 -0.3652 0.0131
vn 0.9393 -0.3428 0.0123
vn 0.9496 -0.3133 0.0113
vn 0.9581 -0.2861 0.0103
vn -0.0016 -0.9994 0.0360
vn -0.7007 -0.7130 0.0257
vn -0.6854 -0.7277 0.0262
vn -0.6735 -0.7387 0.0266
vn -0.6634 -0.7478 0.0269
vn -0.6542 -0.7558 0.0272
vn -0.6454 -0.7634 0.0275
vn -0.6362 -0.7710 0.0278
vn -0.6263 -0.7791 0.0280
vn -0.6149 -0.7881 0.0284
vn -0.6010 -0.7987 0.0288
vn -0.5831 -0.8118 0.0292
vn -0.9945 -0.1044 0.0038
vn -0.1099 0.9933 -0.0358
vn 0.5730 0.8190 -0.0295
vn 0.5892 0.8075 -0.0291
vn 0.6017 0.7982 -0.0287
vn 0.6122 0.7902 -0.0284
vn 0.6216 0.7828 -0.0282
vn 0.6304 0.7758 -0.0279
vn 0.6391 0.7686 -0.0277
vn 0.6484 0.7608 -0.0274
vn 0.6587 0.7519 -0.0271
vn 0.6711 0.7409 -0.0267
vn 0.6868 0.7264 -0.0261
vn 1.0000 0.0080 -0.0003
vn -0.5769 0.8163 -0.0294
vn -0.6174 0.7862 -0.0283
vn -0.6543 0.7558 -0.0272
vn -0.6882 0.7250 -0.0261
vn -0.7197 0.6938 -0.0250
vn -0.7492 0.6619 -0.0238
vn -0.7772 0.6289 -0.0226
vn -0.8039 0.5944 -0.0214
vn -0.8297 0.5578 -0.0201
vn -0.8550 0.5183 -0.0187
vn -0.8800 0.4747 -0.0171
vn -0.0226 0.9991 -0.0360
vn 1.0000 -0.0030 0.0001
vn 0.8570 -0.5149 0.0185
vn 0.8348 -0.5502 0.0198
vn 0.8117 -0.5837 0.0210
vn 0.7876 -0.6158 0.0222
vn 0.7623 -0.6468 0.0233
vn 0.7356 -0.6770 0.0244
vn 0.7072 -0.7066 0.0254
vn 0.6769 -0.7356 0.0265
vn 0.6446 -0.7640 0.0275
vn 0.6098 -0.7920 0.0285
vn 0.5725 -0.8194 0.0295
vn 0.5381 -0.8424 0.0303
vn 0.5125 -0.8581 0.0309
vn 0.4903 -0.8710 0.0314
vn 0.4662 -0.8841 0.0318
vn 0.4402 -0.8973 0.0323
vn 0.4126 -0.9103 0.0328
vn 0.3834 -0.9230 0.0332
vn 0.3527 -0.9351 0.0337
vn 0.3207 -0.9466 0.0341
vn 0.2876 -0.9571 0.0345
vn 0.2536 -0.9667 0.0348
vn 0.2188 -0.9751 0.0351
vn -0.3868 -0.9215 0.0332
vn -0.9151 0.4030 -0.0145
vn -0.1850 0.9821 -0.0354
vn -0.2227 0.9743 -0.0351
vn -0.2595 0.9651 -0.0347
vn -0.2954 0.9547 -0.0344
vn -0.3302 0.9433 -0.0340
vn -0.3635 0.9310 -0.0335
vn -0.3954 0.9179 -0.0330
vn -0.4256 0.9043 -0.0326
vn -0.4539 0.8905 -0.0321
vn -0.4804 0.8765 -0.0316
vn -0.5049 0.8626 -0.0311
vn -0.5362 0.8435 -0.0304
vn -0.7071 0.7066 -0.0254
vn -1.0000 -0.0052 0.0002
vn -0.9998 -0.0191 0.0007
vn -0.9994 -0.0354 0.0013
vn -0.9988 -0.0494 0.0018
vn -0.9981 -0.0623 0.0022
vn -0.9972 -0.0748 0.0027
vn -0.9948 -0.1014 0.0037
vn -0.9931 -0.1172 0.0042
vn -0.9907 -0.1363 0.0049
vn -0.9870 -0.1608 0.0058
vn -0.9808 -0.1948 0.0070
vn -0.7794 0.6261 -0.0225
vn 0.7525 0.6582 -0.0237
vn 0.9926 -0.1211 0.0044
vn 0.9948 -0.1020 0.0037
vn 0.9961 -0.0882 0.0032
vn 0.9970 -0.0774 0.0028
vn 0.9977 -0.0682 0.0025
vn 0.9982 -0.0599 0.0022
vn 0.9986 -0.0519 0.0019
vn 0.9990 -0.0440 0.0016
vn 0.9994 -0.0354 0.0013
vn 0.9997 -0.0257 0.0009
vn 0.9999 -0.0141 0.0005
vn 1.0000 -0.0038 0.0001
vn 0.7071 0.7066 -0.0254
vn -0.0024 0.9993 -0.0360
vn -0.0093 0.9993 -0.0360
vn -0.0179 0.9992 -0.0360
vn -0.0258 0.9990 -0.0360
vn -0.0333 0.9988 -0.0360
vn -0.0406 0.9985 -0.0359
vn -0.0480 0.9982 -0.0359
vn -0.0558 0.9978 -0.0359
vn -0.0643 0.9973 -0.0359
vn -0.0741 0.9966 -0.0359
vn -0.0863 0.9956 -0.0358
vn -0.1023 0.9941 -0.0358
vn 0.6665 0.7450 -0.0268
vn 0.6686 -0.7431 0.0268
vn -0.0932 -0.9950 0.0358
vn -0.0574 -0.9977 0.0359
vn -0.0466 -0.9983 0.0359
vn -0.0381 -0.9986 0.0360
vn -0.0311 -0.9989 0.0360
vn -0.0251 -0.9990 0.0360
vn -0.0198 -0.9992 0.0360
vn -0.0148 -0.9992 0.0360
vn -0.0100 -0.9993 0.0360
vn -0.0051 -0.9993 0.0360
vn -0.0013 -0.9994 0.0360
vn 0.6967 -0.7169 0.0258
vn 0.9981 -0.0615 0.0022
vn 0.9915 -0.1304 0.0047
vn 0.9783 -0.2073 0.0075
vn 0.9567 -0.2910 0.0105
vn 0.9253 -0.3791 0.0136
vn 0.8833 -0.4685 0.0169
vn 0.8312 -0.5556 0.0200
vn 0.7709 -0.6366 0.0229
vn 0.6365 -0.7708 0.0277
vn 0.5685 -0.8221 0.0296
vn -0.0377 -0.9986 0.0360
vn -0.9968 0.0793 -0.0029
vn -0.5004 0.8652 -0.0311
vn -0.5770 0.8162 -0.0294
vn -0.6541 0.7559 -0.0272
vn -0.7288 0.6843 -0.0246
vn -0.7978 0.6026 -0.0217
vn -0.8580 0.5134 -0.0185
vn -0.9074 0.4201 -0.0151
vn -0.9452 0.3263 -0.0117
vn -0.9718 0.2355 -0.0085
vn -0.9887 0.1501 -0.0054
vn -0.9974 0.0717 -0.0026
vn -0.7192 -0.6944 0.0250
vn 0.0011 -0.9994 0.0360
vn 0.0045 -0.9993 0.0360
vn 0.0091 -0.9993 0.0360
vn 0.0139 -0.9993 0.0360
vn 0.0190 -0.9992 0.0360
vn 0.0244 -0.9991 0.0360
vn 0.0304 -0.9989 0.0360
vn 0.0371 -0.9987 0.0360
vn 0.0447 -0.9984 0.0359
vn 0.0537 -0.9979 0.0359
vn 0.0646 -0.9973 0.0359
vn 0.0781 -0.9963 0.0359
vn -0.6762 -0.7363 0.0265
vn -0.6736 0.7387 -0.0266
vn 0.0904 0.9953 -0.0358
vn 0.0856 0.9957 -0.0358
vn 0.0803 0.9961 -0.0359
vn 0.0746 0.9966 -0.0359
vn 0.0682 0.9970 -0.0359
vn 0.0613 0.9975 -0.0359
vn 0.0536 0.9979 -0.0359
vn 0.0451 0.9983 -0.0359
vn 0.0356 0.9987 -0.0360
vn 0.0250 0.9990 -0.0360
vn 0.0132 0.9993 -0.0360
vn 0.0034 0.9993 -0.0360
vn -0.0025 0.9993 -0.0360
vn -0.0098 0.9993 -0.0360
vn -0.0195 0.9992 -0.0360
vn -0.0290 0.9989 -0.0360
vn -0.0381 0.9986 -0.0360
vn -0.0469 0.9983 -0.0359
vn -0.0553 0.9978 -0.0359
vn -0.0633 0.9974 -0.0359
vn -0.0706 0.9969 -0.0359
vn -0.0772 0.9964 -0.0359
vn -0.0828 0.9959 -0.0359
vn -0.0873 0.9955 -0.0358
vn 0.6748 0.7375 -0.0265
vn 0.6868 -0.7264 0.0261
vn -0.0607 -0.9975 0.0359
vn -0.0666 -0.9971 0.0359
vn -0.0686 -0.9970 0.0359
vn -0.0677 -0.9971 0.0359
vn -0.0648 -0.9973 0.0359
vn -0.0600 -0.9976 0.0359
vn -0.0537 -0.9979 0.0359
vn -0.0459 -0.9983 0.0359
vn -0.0366 -0.9987 0.0360
vn -0.0136 -0.9993 0.0360
vn -0.0035 -0.9993 0.0360
vn 0.0015 -0.9994 0.0360
vn 0.0060 -0.9993 0.0360
vn 0.0119 -0.9993 0.0360
vn 0.0178 -0.9992 0.0360
vn 0.0238 -0.9991 0.0360
vn 0.0300 -0.9989 0.0360
vn 0.0365 -0.9987 0.0360
vn 0.0435 -0.9984 0.0359
vn 0.0512 -0.9980 0.0359
vn 0.0599 -0.9976 0.0359
vn 0.0699 -0.9969 0.0359
vn 0.0819 -0.9960 0.0359
vn -0.6751 -0.7373 0.0265
vn -0.6838 0.7292 -0.0263
vn 0.0633 0.9974 -0.0359
vn 0.0597 0.9976 -0.0359
vn 0.0557 0.9978 -0.0359
vn 0.0514 0.9980 -0.0359
vn 0.0467 0.9983 -0.0359
vn 0.0415 0.9985 -0.0359
vn 0.0360 0.9987 -0.0360
vn 0.0299 0.9989 -0.0360
vn 0.0234 0.9991 -0.0360
vn 0.0162 0.9992 -0.0360
vn 0.0084 0.9993 -0.0360
vn 0.0022 0.9994 -0.0360
vt 0.821918 0.000000
vt 0.849315 0.000000
vt 0.835616 0.000000
vt 0.301370 0.000000
vt 0.328767 0.000000
vt 0.315068 0.000000
vt 0.863014 0.000000
vt 0.287671 0.000000
vt 0.876712 0.000000
vt 0.273973 0.000000
vt 0.890411 0.000000
vt 0.260274 0.000000
vt 0.904110 0.000000
vt 0.246575 0.000000
vt 0.917808 0.000000
vt 0.232877 0.000000
vt 0.931507 0.000000
vt 0.219178 0.000000
vt 0.945205 0.000000
vt 0.205479 0.000000
vt 0.958904 0.000000
vt 0.191781 0.000000
vt 0.972603 0.000000
vt 0.178082 0.000000
vt 0.986301 0.000000
vt 0.164384 0.000000
vt 1.000000 0.000000
vt 0.150685 0.000000
vt 0.000000 0.000000
vt 0.013699 0.000000
vt 0.027397 0.000000
vt 0.041096 0.000000
vt 0.054795 0.000000
vt 0.068493 0.000000
vt 0.082192 0.000000
vt 0.095890 0.000000
vt 0.109589 0.000000
vt 0.123288 0.000000
vt 0.136986 0.000000
vt 0.808219 0.000000
vt 0.794521 0.000000
vt 0.780822 0.000000
vt 0.767123 0.000000
vt 0.753425 0.000000
vt 0.739726 0.000000
vt 0.726027 0.000000
vt 0.712329 0.000000
vt 0.698630 0.000000
vt 0.684932 0.000000
vt 0.671233 0.000000
vt 0.657534 0.000000
vt 0.643836 0.000000
vt 0.630137 0.000000
vt 0.616438 0.000000
vt 0.589041 0.000000
vt 0.547945 0.000000
vt 0.506849 0.000000
vt 0.493151 0.000000
vt 0.479452 0.000000
vt 0.465753 0.000000
vt 0.452055 0.000000
vt 0.438356 0.000000
vt 0.424658 0.000000
vt 0.410959 0.000000
vt 0.397260 0.000000
vt 0.602740 0.000000
vt 0.575342 0.000000
vt 0.561644 0.000000
vt 0.534247 0.000000
vt 0.520548 0.000000
vt 0.383562 0.000000
vt 0.369863 0.000000
vt 0.356164 0.000000
vt 0.342466 0.000000
vt 0.114286 0.000000
vt 0.133333 0.000000
vt 0.123810 0.000000
vt 0.142857 0.000000
vt 0.104762 0.000000
vt 0.152381 0.000000
vt 0.095238 0.000000
vt 0.161905 0.000000
vt 0.085714 0.000000
vt 0.171429 0.000000
vt 0.076190 0.000000
vt 0.180952 0.000000
vt 0.066667 0.000000
vt 0.190476 0.000000
vt 0.057143 0.000000
vt 0.200000 0.000000
vt 0.047619 0.000000
vt 0.209524 0.000000
vt 0.038095 0.000000
vt 0.219048 0.000000
vt 0.028571 0.000000
vt 0.228571 0.000000
vt 0.019048 0.000000
vt 0.238095 0.000000
vt 0.009524 0.000000
vt 0.247619 0.000000
vt 0.257143 0.000000
vt 0.876190 0.000000
vt 0.895238 0.000000
vt 0.885714 0.000000
vt 0.904762 0.000000
vt 0.371429 0.000000
vt 0.390476 0.000000
vt 0.380952 0.000000
vt 0.914286 0.000000
vt 0.361905 0.000000
vt 0.923810 0.000000
vt 0.352381 0.000000
vt 0.933333 0.000000
vt 0.342857 0.000000
vt 0.942857 0.000000
vt 0.333333 0.000000
vt 0.952381 0.000000
vt 0.323810 0.000000
vt 0.961905 0.000000
vt 0.314286 0.000000
vt 0.304762 0.000000
vt 0.971429 0.000000
vt 0.295238 0.000000
vt 0.980952 0.000000
vt 0.285714 0.000000
vt 0.990476 0.000000
vt 0.276190 0.000000
vt 0.266667 0.000000
vt 0.866667 0.000000
vt 0.857143 0.000000
vt 0.847619 0.000000
vt 0.838095 0.000000
vt 0.828571 0.000000
vt 0.819048 0.000000
vt 0.809524 0.000000
vt 0.800000 0.000000
vt 0.790476 0.000000
vt 0.780952 0.000000
vt 0.771429 0.000000
vt 0.761905 0.000000
vt 0.752381 0.000000
vt 0.514286 0.000000
vt 0.504762 0.000000
vt 0.495238 0.000000
vt 0.485714 0.000000
vt 0.476190 0.000000
vt 0.466667 0.000000
vt 0.457143 0.000000
vt 0.447619 0.000000
vt 0.438095 0.000000
vt 0.428571 0.000000
vt 0.419048 0.000000
vt 0.409524 0.000000
vt 0.400000 0.000000
vt 0.742857 0.000000
vt 0.523810 0.000000
vt 0.733333 0.000000
vt 0.533333 0.000000
vt 0.723810 0.000000
vt 0.542857 0.000000
vt 0.714286 0.000000
vt 0.552381 0.000000
vt 0.704762 0.000000
vt 0.561905 0.000000
vt 0.695238 0.000000
vt 0.571429 0.000000
vt 0.685714 0.000000
vt 0.580952 0.000000
vt 0.676190 0.000000
vt 0.590476 0.000000
vt 0.666667 0.000000
vt 0.657143 0.000000
vt 0.600000 0.000000
vt 0.647619 0.000000
vt 0.609524 0.000000
vt 0.638095 0.000000
vt 0.619048 0.000000
vt 0.628571 0.000000
vt 0.160000 0.000000
vt 0.186667 0.000000
vt 0.173333 0.000000
vt 0.213333 0.000000
vt 0.226667 0.000000
vt 0.146667 0.000000
vt 0.240000 0.000000
vt 0.253333 0.000000
vt 0.120000 0.000000
vt 0.106667 0.000000
vt 0.280000 0.000000
vt 0.093333 0.000000
vt 0.293333 0.000000
vt 0.080000 0.000000
vt 0.480000 0.000000
vt 0.506667 0.000000
vt 0.493333 0.000000
vt 0.306667 0.000000
vt 0.320000 0.000000
vt 0.053333 0.000000
vt 0.040000 0.000000
vt 0.026667 0.000000
vt 0.013333 0.000000
vt 0.453333 0.000000
vt 0.520000 0.000000
vt 0.440000 0.000000
vt 0.426667 0.000000
vt 0.546667 0.000000
vt 0.413333 0.000000
vt 0.560000 0.000000
vt 0.573333 0.000000
vt 0.386667 0.000000
vt 0.586667 0.000000
vt 0.373333 0.000000
vt 0.360000 0.000000
vt 0.613333 0.000000
vt 0.346667 0.000000
vt 0.626667 0.000000
vt 0.640000 0.000000
vt 0.986667 0.000000
vt 0.973333 0.000000
vt 0.653333 0.000000
vt 0.960000 0.000000
vt 0.946667 0.000000
vt 0.920000 0.000000
vt 0.680000 0.000000
vt 0.906667 0.000000
vt 0.693333 0.000000
vt 0.893333 0.000000
vt 0.706667 0.000000
vt 0.880000 0.000000
vt 0.720000 0.000000
vt 0.853333 0.000000
vt 0.840000 0.000000
vt 0.826667 0.000000
vt 0.746667 0.000000
vt 0.760000 0.000000
vt 0.773333 0.000000
vt 0.786667 0.000000
vt 0.813333 0.000000
vt 0.933673 0.000000
vt 0.943878 0.000000
vt 0.938776 0.000000
vt 0.739796 0.000000
vt 0.750000 0.000000
vt 0.744898 0.000000
vt 0.948980 0.000000
vt 0.734694 0.000000
vt 0.954082 0.000000
vt 0.729592 0.000000
vt 0.959184 0.000000
vt 0.724490 0.000000
vt 0.964286 0.000000
vt 0.719388 0.000000
vt 0.969388 0.000000
vt 0.974490 0.000000
vt 0.709184 0.000000
vt 0.979592 0.000000
vt 0.704082 0.000000
vt 0.984694 0.000000
vt 0.698980 0.000000
vt 0.989796 0.000000
vt 0.693878 0.000000
vt 0.994898 0.000000
vt 0.688776 0.000000
vt 0.683673 0.000000
vt 0.627551 0.000000
vt 0.632653 0.000000
vt 0.637755 0.000000
vt 0.642857 0.000000
vt 0.647959 0.000000
vt 0.653061 0.000000
vt 0.658163 0.000000
vt 0.663265 0.000000
vt 0.668367 0.000000
vt 0.673469 0.000000
vt 0.678571 0.000000
vt 0.928571 0.000000
vt 0.923469 0.000000
vt 0.918367 0.000000
vt 0.913265 0.000000
vt 0.908163 0.000000
vt 0.903061 0.000000
vt 0.897959 0.000000
vt 0.892857 0.000000
vt 0.887755 0.000000
vt 0.882653 0.000000
vt 0.877551 0.000000
vt 0.872449 0.000000
vt 0.867347 0.000000
vt 0.862245 0.000000
vt 0.846939 0.000000
vt 0.841837 0.000000
vt 0.831633 0.000000
vt 0.826531 0.000000
vt 0.821429 0.000000
vt 0.816327 0.000000
vt 0.811224 0.000000
vt 0.806122 0.000000
vt 0.801020 0.000000
vt 0.795918 0.000000
vt 0.790816 0.000000
vt 0.785714 0.000000
vt 0.780612 0.000000
vt 0.775510 0.000000
vt 0.770408 0.000000
vt 0.765306 0.000000
vt 0.760204 0.000000
vt 0.755102 0.000000
vt 0.852041 0.000000
vt 0.836735 0.000000
vt 0.551020 0.000000
vt 0.561224 0.000000
vt 0.556122 0.000000
vt 0.545918 0.000000
vt 0.367347 0.000000
vt 0.377551 0.000000
vt 0.372449 0.000000
vt 0.540816 0.000000
vt 0.382653 0.000000
vt 0.535714 0.000000
vt 0.387755 0.000000
vt 0.392857 0.000000
vt 0.530612 0.000000
vt 0.397959 0.000000
vt 0.525510 0.000000
vt 0.403061 0.000000
vt 0.520408 0.000000
vt 0.408163 0.000000
vt 0.515306 0.000000
vt 0.413265 0.000000
vt 0.510204 0.000000
vt 0.418367 0.000000
vt 0.505102 0.000000
vt 0.423469 0.000000
vt 0.500000 0.000000
vt 0.494898 0.000000
vt 0.433673 0.000000
vt 0.438776 0.000000
vt 0.443878 0.000000
vt 0.448980 0.000000
vt 0.454082 0.000000
vt 0.459184 0.000000
vt 0.464286 0.000000
vt 0.469388 0.000000
vt 0.474490 0.000000
vt 0.479592 0.000000
vt 0.484694 0.000000
vt 0.489796 0.000000
vt 0.566327 0.000000
vt 0.576531 0.000000
vt 0.581633 0.000000
vt 0.362245 0.000000
vt 0.586735 0.000000
vt 0.357143 0.000000
vt 0.591837 0.000000
vt 0.596939 0.000000
vt 0.352041 0.000000
vt 0.602041 0.000000
vt 0.346939 0.000000
vt 0.607143 0.000000
vt 0.341837 0.000000
vt 0.612245 0.000000
vt 0.336735 0.000000
vt 0.617347 0.000000
vt 0.622449 0.000000
vt 0.331633 0.000000
vt 0.326531 0.000000
vt 0.321429 0.000000
vt 0.316327 0.000000
vt 0.311224 0.000000
vt 0.306122 0.000000
vt 0.301020 0.000000
vt 0.295918 0.000000
vt 0.290816 0.000000
vt 0.280612 0.000000
vt 0.275510 0.000000
vt 0.270408 0.000000
vt 0.265306 0.000000
vt 0.260204 0.000000
vt 0.255102 0.000000
vt 0.250000 0.000000
vt 0.244898 0.000000
vt 0.239796 0.000000
vt 0.005102 0.000000
vt 0.234694 0.000000
vt 0.010204 0.000000
vt 0.229592 0.000000
vt 0.224490 0.000000
vt 0.015306 0.000000
vt 0.219388 0.000000
vt 0.020408 0.000000
vt 0.214286 0.000000
vt 0.025510 0.000000
vt 0.209184 0.000000
vt 0.030612 0.000000
vt 0.204082 0.000000
vt 0.198980 0.000000
vt 0.035714 0.000000
vt 0.193878 0.000000
vt 0.040816 0.000000
vt 0.188776 0.000000
vt 0.045918 0.000000
vt 0.183673 0.000000
vt 0.178571 0.000000
vt 0.051020 0.000000
vt 0.173469 0.000000
vt 0.056122 0.000000
vt 0.168367 0.000000
vt 0.061224 0.000000
vt 0.163265 0.000000
vt 0.066327 0.000000
vt 0.158163 0.000000
vt 0.071429 0.000000
vt 0.153061 0.000000
vt 0.147959 0.000000
vt 0.076531 0.000000
vt 0.081633 0.000000
vt 0.137755 0.000000
vt 0.132653 0.000000
vt 0.086735 0.000000
vt 0.127551 0.000000
vt 0.122449 0.000000
vt 0.091837 0.000000
vt 0.117347 0.000000
vt 0.096939 0.000000
vt 0.102041 0.000000
vt 0.107143 0.000000
vt 0.112245 0.000000
vt 0.558140 0.000000
vt 0.569767 0.000000
vt 0.563953 0.000000
vt 0.575581 0.000000
vt 0.552326 0.000000
vt 0.581395 0.000000
vt 0.546512 0.000000
vt 0.587209 0.000000
vt 0.540698 0.000000
vt 0.593023 0.000000
vt 0.534884 0.000000
vt 0.598837 0.000000
vt 0.529070 0.000000
vt 0.604651 0.000000
vt 0.523256 0.000000
vt 0.610465 0.000000
vt 0.517442 0.000000
vt 0.616279 0.000000
vt 0.511628 0.000000
vt 0.622093 0.000000
vt 0.505814 0.000000
vt 0.627907 0.000000
vt 0.633721 0.000000
vt 0.494186 0.000000
vt 0.639535 0.000000
vt 0.488372 0.000000
vt 0.645349 0.000000
vt 0.651163 0.000000
vt 0.482558 0.000000
vt 0.656977 0.000000
vt 0.476744 0.000000
vt 0.662791 0.000000
vt 0.470930 0.000000
vt 0.668605 0.000000
vt 0.465116 0.000000
vt 0.674419 0.000000
vt 0.459302 0.000000
vt 0.680233 0.000000
vt 0.453488 0.000000
vt 0.773256 0.000000
vt 0.784884 0.000000
vt 0.779070 0.000000
vt 0.767442 0.000000
vt 0.686047 0.000000
vt 0.447674 0.000000
vt 0.761628 0.000000
vt 0.790698 0.000000
vt 0.755814 0.000000
vt 0.691860 0.000000
vt 0.796512 0.000000
vt 0.441860 0.000000
vt 0.802326 0.000000
vt 0.744186 0.000000
vt 0.738372 0.000000
vt 0.697674 0.000000
vt 0.808140 0.000000
vt 0.436047 0.000000
vt 0.732558 0.000000
vt 0.813953 0.000000
vt 0.726744 0.000000
vt 0.703488 0.000000
vt 0.819767 0.000000
vt 0.720930 0.000000
vt 0.430233 0.000000
vt 0.715116 0.000000
vt 0.825581 0.000000
vt 0.709302 0.000000
vt 0.831395 0.000000
vt 0.994186 0.000000
vt 0.988372 0.000000
vt 0.837209 0.000000
vt 0.982558 0.000000
vt 0.976744 0.000000
vt 0.970930 0.000000
vt 0.965116 0.000000
vt 0.843023 0.000000
vt 0.959302 0.000000
vt 0.953488 0.000000
vt 0.947674 0.000000
vt 0.941860 0.000000
vt 0.848837 0.000000
vt 0.936047 0.000000
vt 0.930233 0.000000
vt 0.924419 0.000000
vt 0.918605 0.000000
vt 0.912791 0.000000
vt 0.906977 0.000000
vt 0.901163 0.000000
vt 0.895349 0.000000
vt 0.889535 0.000000
vt 0.883721 0.000000
vt 0.877907 0.000000
vt 0.872093 0.000000
vt 0.866279 0.000000
vt 0.860465 0.000000
vt 0.854651 0.000000
vt 0.127907 0.000000
vt 0.139535 0.000000
vt 0.133721 0.000000
vt 0.145349 0.000000
vt 0.151163 0.000000
vt 0.122093 0.000000
vt 0.156977 0.000000
vt 0.116279 0.000000
vt 0.162791 0.000000
vt 0.110465 0.000000
vt 0.168605 0.000000
vt 0.104651 0.000000
vt 0.174419 0.000000
vt 0.098837 0.000000
vt 0.180233 0.000000
vt 0.093023 0.000000
vt 0.186047 0.000000
vt 0.087209 0.000000
vt 0.191860 0.000000
vt 0.081395 0.000000
vt 0.197674 0.000000
vt 0.075581 0.000000
vt 0.203488 0.000000
vt 0.069767 0.000000
vt 0.209302 0.000000
vt 0.063953 0.000000
vt 0.215116 0.000000
vt 0.058140 0.000000
vt 0.220930 0.000000
vt 0.052326 0.000000
vt 0.046512 0.000000
vt 0.226744 0.000000
vt 0.040698 0.000000
vt 0.232558 0.000000
vt 0.034884 0.000000
vt 0.238372 0.000000
vt 0.029070 0.000000
vt 0.244186 0.000000
vt 0.023256 0.000000
vt 0.017442 0.000000
vt 0.255814 0.000000
vt 0.011628 0.000000
vt 0.261628 0.000000
vt 0.005814 0.000000
vt 0.267442 0.000000
vt 0.273256 0.000000
vt 0.424419 0.000000
vt 0.279070 0.000000
vt 0.418605 0.000000
vt 0.284884 0.000000
vt 0.412791 0.000000
vt 0.406977 0.000000
vt 0.290698 0.000000
vt 0.401163 0.000000
vt 0.296512 0.000000
vt 0.395349 0.000000
vt 0.302326 0.000000
vt 0.389535 0.000000
vt 0.308140 0.000000
vt 0.383721 0.000000
vt 0.313953 0.000000
vt 0.377907 0.000000
vt 0.319767 0.000000
vt 0.372093 0.000000
vt 0.366279 0.000000
vt 0.325581 0.000000
vt 0.360465 0.000000
vt 0.331395 0.000000
vt 0.354651 0.000000
vt 0.337209 0.000000
vt 0.348837 0.000000
vt 0.343023 0.000000
vt 0.662338 0.000000
vt 0.675325 0.000000
vt 0.668831 0.000000
vt 0.681818 0.000000
vt 0.655844 0.000000
vt 0.688312 0.000000
vt 0.649351 0.000000
vt 0.694805 0.000000
vt 0.701299 0.000000
vt 0.636364 0.000000
vt 0.707792 0.000000
vt 0.629870 0.000000
vt 0.623377 0.000000
vt 0.720779 0.000000
vt 0.616883 0.000000
vt 0.727273 0.000000
vt 0.610390 0.000000
vt 0.733766 0.000000
vt 0.603896 0.000000
vt 0.740260 0.000000
vt 0.597403 0.000000
vt 0.746753 0.000000
vt 0.590909 0.000000
vt 0.753247 0.000000
vt 0.584416 0.000000
vt 0.759740 0.000000
vt 0.909091 0.000000
vt 0.922078 0.000000
vt 0.915584 0.000000
vt 0.902597 0.000000
vt 0.896104 0.000000
vt 0.889610 0.000000
vt 0.883117 0.000000
vt 0.876623 0.000000
vt 0.870130 0.000000
vt 0.863636 0.000000
vt 0.850649 0.000000
vt 0.844156 0.000000
vt 0.837662 0.000000
vt 0.831169 0.000000
vt 0.824675 0.000000
vt 0.818182 0.000000
vt 0.811688 0.000000
vt 0.805195 0.000000
vt 0.798701 0.000000
vt 0.792208 0.000000
vt 0.935065 0.000000
vt 0.941558 0.000000
vt 0.948052 0.000000
vt 0.954545 0.000000
vt 0.961039 0.000000
vt 0.779221 0.000000
vt 0.967532 0.000000
vt 0.974026 0.000000
vt 0.772727 0.000000
vt 0.980519 0.000000
vt 0.987013 0.000000
vt 0.993506 0.000000
vt 0.766234 0.000000
vt 0.155844 0.000000
vt 0.162338 0.000000
vt 0.149351 0.000000
vt 0.006494 0.000000
vt 0.577922 0.000000
vt 0.564935 0.000000
vt 0.558442 0.000000
vt 0.551948 0.000000
vt 0.012987 0.000000
vt 0.136364 0.000000
vt 0.545455 0.000000
vt 0.538961 0.000000
vt 0.532468 0.000000
vt 0.525974 0.000000
vt 0.519481 0.000000
vt 0.129870 0.000000
vt 0.512987 0.000000
vt 0.506494 0.000000
vt 0.493506 0.000000
vt 0.019481 0.000000
vt 0.123377 0.000000
vt 0.168831 0.000000
vt 0.025974 0.000000
vt 0.487013 0.000000
vt 0.116883 0.000000
vt 0.032468 0.000000
vt 0.110390 0.000000
vt 0.038961 0.000000
vt 0.103896 0.000000
vt 0.097403 0.000000
vt 0.045455 0.000000
vt 0.090909 0.000000
vt 0.051948 0.000000
vt 0.084416 0.000000
vt 0.058442 0.000000
vt 0.077922 0.000000
vt 0.064935 0.000000
vt 0.175325 0.000000
vt 0.181818 0.000000
vt 0.480519 0.000000
vt 0.188312 0.000000
vt 0.194805 0.000000
vt 0.474026 0.000000
vt 0.201299 0.000000
vt 0.318182 0.000000
vt 0.331169 0.000000
vt 0.324675 0.000000
vt 0.207792 0.000000
vt 0.467532 0.000000
vt 0.311688 0.000000
vt 0.305195 0.000000
vt 0.298701 0.000000
vt 0.220779 0.000000
vt 0.292208 0.000000
vt 0.227273 0.000000
vt 0.279221 0.000000
vt 0.461039 0.000000
vt 0.272727 0.000000
vt 0.233766 0.000000
vt 0.266234 0.000000
vt 0.240260 0.000000
vt 0.259740 0.000000
vt 0.253247 0.000000
vt 0.246753 0.000000
vt 0.454545 0.000000
vt 0.448052 0.000000
vt 0.441558 0.000000
vt 0.435065 0.000000
vt 0.337662 0.000000
vt 0.344156 0.000000
vt 0.350649 0.000000
vt 0.363636 0.000000
vt 0.422078 0.000000
vt 0.370130 0.000000
vt 0.376623 0.000000
vt 0.415584 0.000000
vt 0.383117 0.000000
vt 0.389610 0.000000
vt 0.396104 0.000000
vt 0.409091 0.000000
vt 0.402597 0.000000
vt 0.888889 0.000000
vt 0.896825 0.000000
vt 0.880952 0.000000
vt 0.873016 0.000000
vt 0.865079 0.000000
vt 0.912698 0.000000
vt 0.849206 0.000000
vt 0.920635 0.000000
vt 0.841270 0.000000
vt 0.833333 0.000000
vt 0.936508 0.000000
vt 0.825397 0.000000
vt 0.944444 0.000000
vt 0.817460 0.000000
vt 0.960317 0.000000
vt 0.801587 0.000000
vt 0.793651 0.000000
vt 0.968254 0.000000
vt 0.976190 0.000000
vt 0.984127 0.000000
vt 0.992063 0.000000
vt 0.777778 0.000000
vt 0.111111 0.000000
vt 0.103175 0.000000
vt 0.087302 0.000000
vt 0.079365 0.000000
vt 0.063492 0.000000
vt 0.055556 0.000000
vt 0.039683 0.000000
vt 0.031746 0.000000
vt 0.023810 0.000000
vt 0.015873 0.000000
vt 0.007937 0.000000
vt 0.769841 0.000000
vt 0.119048 0.000000
vt 0.126984 0.000000
vt 0.134921 0.000000
vt 0.150794 0.000000
vt 0.158730 0.000000
vt 0.166667 0.000000
vt 0.174603 0.000000
vt 0.753968 0.000000
vt 0.603175 0.000000
vt 0.182540 0.000000
vt 0.595238 0.000000
vt 0.611111 0.000000
vt 0.587302 0.000000
vt 0.198413 0.000000
vt 0.206349 0.000000
vt 0.746032 0.000000
vt 0.579365 0.000000
vt 0.222222 0.000000
vt 0.626984 0.000000
vt 0.738095 0.000000
vt 0.634921 0.000000
vt 0.230159 0.000000
vt 0.563492 0.000000
vt 0.730159 0.000000
vt 0.555556 0.000000
vt 0.650794 0.000000
vt 0.722222 0.000000
vt 0.246032 0.000000
vt 0.658730 0.000000
vt 0.547619 0.000000
vt 0.253968 0.000000
vt 0.539683 0.000000
vt 0.706349 0.000000
vt 0.674603 0.000000
vt 0.261905 0.000000
vt 0.531746 0.000000
vt 0.682540 0.000000
vt 0.698413 0.000000
vt 0.690476 0.000000
vt 0.269841 0.000000
vt 0.515873 0.000000
vt 0.277778 0.000000
vt 0.507937 0.000000
vt 0.293651 0.000000
vt 0.492063 0.000000
vt 0.301587 0.000000
vt 0.484127 0.000000
vt 0.309524 0.000000
vt 0.317460 0.000000
vt 0.468254 0.000000
vt 0.325397 0.000000
vt 0.460317 0.000000
vt 0.452381 0.000000
vt 0.444444 0.000000
vt 0.341270 0.000000
vt 0.436508 0.000000
vt 0.349206 0.000000
vt 0.420635 0.000000
vt 0.365079 0.000000
vt 0.412698 0.000000
vt 0.404762 0.000000
vt 0.373016 0.000000
vt 0.396825 0.000000
vt 0.388889 0.000000
vt 0.367188 0.000000
vt 0.187500 0.000000
vt 0.371094 0.000000
vt 0.363281 0.000000
vt 0.191406 0.000000
vt 0.359375 0.000000
vt 0.195312 0.000000
vt 0.355469 0.000000
vt 0.199219 0.000000
vt 0.351562 0.000000
vt 0.203125 0.000000
vt 0.347656 0.000000
vt 0.207031 0.000000
vt 0.343750 0.000000
vt 0.210938 0.000000
vt 0.339844 0.000000
vt 0.093750 0.000000
vt 0.089844 0.000000
vt 0.085938 0.000000
vt 0.214844 0.000000
vt 0.082031 0.000000
vt 0.097656 0.000000
vt 0.078125 0.000000
vt 0.101562 0.000000
vt 0.074219 0.000000
vt 0.105469 0.000000
vt 0.070312 0.000000
vt 0.109375 0.000000
vt 0.335938 0.000000
vt 0.218750 0.000000
vt 0.066406 0.000000
vt 0.113281 0.000000
vt 0.945312 0.000000
vt 0.953125 0.000000
vt 0.949219 0.000000
vt 0.957031 0.000000
vt 0.062500 0.000000
vt 0.117188 0.000000
vt 0.960938 0.000000
vt 0.941406 0.000000
vt 0.332031 0.000000
vt 0.222656 0.000000
vt 0.964844 0.000000
vt 0.058594 0.000000
vt 0.121094 0.000000
vt 0.937500 0.000000
vt 0.968750 0.000000
vt 0.933594 0.000000
vt 0.054688 0.000000
vt 0.125000 0.000000
vt 0.328125 0.000000
vt 0.226562 0.000000
vt 0.972656 0.000000
vt 0.929688 0.000000
vt 0.050781 0.000000
vt 0.128906 0.000000
vt 0.976562 0.000000
vt 0.925781 0.000000
vt 0.046875 0.000000
vt 0.132812 0.000000
vt 0.324219 0.000000
vt 0.230469 0.000000
vt 0.980469 0.000000
vt 0.921875 0.000000
vt 0.042969 0.000000
vt 0.136719 0.000000
vt 0.984375 0.000000
vt 0.917969 0.000000
vt 0.988281 0.000000
vt 0.320312 0.000000
vt 0.140625 0.000000
vt 0.039062 0.000000
vt 0.234375 0.000000
vt 0.914062 0.000000
vt 0.992188 0.000000
vt 0.910156 0.000000
vt 0.144531 0.000000
vt 0.035156 0.000000
vt 0.996094 0.000000
vt 0.238281 0.000000
vt 0.316406 0.000000
vt 0.906250 0.000000
vt 0.148438 0.000000
vt 0.031250 0.000000
vt 0.902344 0.000000
vt 0.152344 0.000000
vt 0.027344 0.000000
vt 0.898438 0.000000
vt 0.375000 0.000000
vt 0.242188 0.000000
vt 0.312500 0.000000
vt 0.156250 0.000000
vt 0.023438 0.000000
vt 0.160156 0.000000
vt 0.019531 0.000000
vt 0.246094 0.000000
vt 0.308594 0.000000
vt 0.164062 0.000000
vt 0.015625 0.000000
vt 0.894531 0.000000
vt 0.167969 0.000000
vt 0.011719 0.000000
vt 0.304688 0.000000
vt 0.171875 0.000000
vt 0.007812 0.000000
vt 0.175781 0.000000
vt 0.003906 0.000000
vt 0.179688 0.000000
vt 0.183594 0.000000
vt 0.253906 0.000000
vt 0.300781 0.000000
vt 0.257812 0.000000
vt 0.296875 0.000000
vt 0.890625 0.000000
vt 0.464844 0.000000
vt 0.472656 0.000000
vt 0.468750 0.000000
vt 0.261719 0.000000
vt 0.292969 0.000000
vt 0.460938 0.000000
vt 0.457031 0.000000
vt 0.265625 0.000000
vt 0.289062 0.000000
vt 0.453125 0.000000
vt 0.269531 0.000000
vt 0.285156 0.000000
vt 0.449219 0.000000
vt 0.273438 0.000000
vt 0.281250 0.000000
vt 0.445312 0.000000
vt 0.277344 0.000000
vt 0.441406 0.000000
vt 0.437500 0.000000
vt 0.433594 0.000000
vt 0.429688 0.000000
vt 0.886719 0.000000
vt 0.425781 0.000000
vt 0.421875 0.000000
vt 0.417969 0.000000
vt 0.414062 0.000000
vt 0.410156 0.000000
vt 0.406250 0.000000
vt 0.476562 0.000000
vt 0.480469 0.000000
vt 0.882812 0.000000
vt 0.484375 0.000000
vt 0.488281 0.000000
vt 0.402344 0.000000
vt 0.492188 0.000000
vt 0.496094 0.000000
vt 0.398438 0.000000
vt 0.503906 0.000000
vt 0.507812 0.000000
vt 0.511719 0.000000
vt 0.394531 0.000000
vt 0.515625 0.000000
vt 0.519531 0.000000
vt 0.523438 0.000000
vt 0.390625 0.000000
vt 0.527344 0.000000
vt 0.386719 0.000000
vt 0.878906 0.000000
vt 0.382812 0.000000
vt 0.531250 0.000000
vt 0.378906 0.000000
vt 0.535156 0.000000
vt 0.539062 0.000000
vt 0.542969 0.000000
vt 0.546875 0.000000
vt 0.875000 0.000000
vt 0.550781 0.000000
vt 0.554688 0.000000
vt 0.558594 0.000000
vt 0.562500 0.000000
vt 0.566406 0.000000
vt 0.570312 0.000000
vt 0.871094 0.000000
vt 0.867188 0.000000
vt 0.863281 0.000000
vt 0.859375 0.000000
vt 0.855469 0.000000
vt 0.574219 0.000000
vt 0.578125 0.000000
vt 0.851562 0.000000
vt 0.582031 0.000000
vt 0.585938 0.000000
vt 0.589844 0.000000
vt 0.847656 0.000000
vt 0.593750 0.000000
vt 0.707031 0.000000
vt 0.714844 0.000000
vt 0.710938 0.000000
vt 0.597656 0.000000
vt 0.703125 0.000000
vt 0.601562 0.000000
vt 0.843750 0.000000
vt 0.699219 0.000000
vt 0.605469 0.000000
vt 0.695312 0.000000
vt 0.609375 0.000000
vt 0.691406 0.000000
vt 0.613281 0.000000
vt 0.687500 0.000000
vt 0.617188 0.000000
vt 0.621094 0.000000
vt 0.683594 0.000000
vt 0.839844 0.000000
vt 0.625000 0.000000
vt 0.628906 0.000000
vt 0.679688 0.000000
vt 0.632812 0.000000
vt 0.636719 0.000000
vt 0.675781 0.000000
vt 0.640625 0.000000
vt 0.644531 0.000000
vt 0.671875 0.000000
vt 0.648438 0.000000
vt 0.652344 0.000000
vt 0.667969 0.000000
vt 0.656250 0.000000
vt 0.660156 0.000000
vt 0.664062 0.000000
vt 0.835938 0.000000
vt 0.832031 0.000000
vt 0.828125 0.000000
vt 0.824219 0.000000
vt 0.820312 0.000000
vt 0.816406 0.000000
vt 0.718750 0.000000
vt 0.812500 0.000000
vt 0.722656 0.000000
vt 0.726562 0.000000
vt 0.808594 0.000000
vt 0.730469 0.000000
vt 0.804688 0.000000
vt 0.734375 0.000000
vt 0.800781 0.000000
vt 0.738281 0.000000
vt 0.796875 0.000000
vt 0.742188 0.000000
vt 0.792969 0.000000
vt 0.789062 0.000000
vt 0.746094 0.000000
vt 0.785156 0.000000
vt 0.781250 0.000000
vt 0.777344 0.000000
vt 0.753906 0.000000
vt 0.773438 0.000000
vt 0.757812 0.000000
vt 0.769531 0.000000
vt 0.765625 0.000000
vt 0.761719 0.000000
vt 0.000000 1.000000
vt 0.020833 1.000000
vt 0.020833 0.000000
vt 0.041667 1.000000
vt 0.041667 0.000000
vt 0.062500 1.000000
vt 0.083333 1.000000
vt 0.083333 0.000000
vt 0.104167 1.000000
vt 0.104167 0.000000
vt 0.125000 1.000000
vt 0.145833 1.000000
vt 0.145833 0.000000
vt 0.166667 1.000000
vt 0.187500 1.000000
vt 0.208333 1.000000
vt 0.208333 0.000000
vt 0.229167 1.000000
vt 0.229167 0.000000
vt 0.250000 1.000000
vt 0.270833 1.000000
vt 0.270833 0.000000
vt 0.291667 1.000000
vt 0.291667 0.000000
vt 0.312500 1.000000
vt 0.333333 1.000000
vt 0.354167 1.000000
vt 0.354167 0.000000
vt 0.375000 1.000000
vt 0.395833 1.000000
vt 0.395833 0.000000
vt 0.416667 1.000000
vt 0.416667 0.000000
vt 0.437500 1.000000
vt 0.458333 1.000000
vt 0.458333 0.000000
vt 0.479167 1.000000
vt 0.479167 0.000000
vt 0.500000 1.000000
vt 0.520833 1.000000
vt 0.520833 0.000000
vt 0.541667 1.000000
vt 0.541667 0.000000
vt 0.562500 1.000000
vt 0.583333 1.000000
vt 0.583333 0.000000
vt 0.604167 1.000000
vt 0.604167 0.000000
vt 0.625000 1.000000
vt 0.645833 1.000000
vt 0.645833 0.000000
vt 0.666667 1.000000
vt 0.687500 1.000000
vt 0.708333 1.000000
vt 0.708333 0.000000
vt 0.729167 1.000000
vt 0.729167 0.000000
vt 0.750000 1.000000
vt 0.770833 1.000000
vt 0.770833 0.000000
vt 0.791667 1.000000
vt 0.791667 0.000000
vt 0.812500 1.000000
vt 0.833333 1.000000
vt 0.854167 1.000000
vt 0.854167 0.000000
vt 0.875000 1.000000
vt 0.895833 1.000000
vt 0.895833 0.000000
vt 0.916667 1.000000
vt 0.916667 0.000000
vt 0.937500 1.000000
vt 0.958333 1.000000
vt 0.958333 0.000000
vt 0.979167 1.000000
vt 0.979167 0.000000
vt 1.000000 1.000000
vt 0.006211 1.000000
vt 0.006211 0.000000
vt 0.012422 1.000000
vt 0.012422 0.000000
vt 0.018634 1.000000
vt 0.018634 0.000000
vt 0.024845 1.000000
vt 0.024845 0.000000
vt 0.031056 1.000000
vt 0.031056 0.000000
vt 0.037267 1.000000
vt 0.037267 0.000000
vt 0.043478 1.000000
vt 0.043478 0.000000
vt 0.049689 1.000000
vt 0.049689 0.000000
vt 0.055901 1.000000
vt 0.055901 0.000000
vt 0.062112 1.000000
vt 0.062112 0.000000
vt 0.068323 1.000000
vt 0.068323 0.000000
vt 0.074534 1.000000
vt 0.074534 0.000000
vt 0.080745 1.000000
vt 0.080745 0.000000
vt 0.086957 1.000000
vt 0.086957 0.000000
vt 0.093168 1.000000
vt 0.093168 0.000000
vt 0.099379 1.000000
vt 0.099379 0.000000
vt 0.105590 1.000000
vt 0.105590 0.000000
vt 0.111801 1.000000
vt 0.111801 0.000000
vt 0.118012 1.000000
vt 0.118012 0.000000
vt 0.124224 1.000000
vt 0.124224 0.000000
vt 0.130435 1.000000
vt 0.130435 0.000000
vt 0.136646 1.000000
vt 0.136646 0.000000
vt 0.142857 1.000000
vt 0.149068 1.000000
vt 0.149068 0.000000
vt 0.155280 1.000000
vt 0.155280 0.000000
vt 0.161491 1.000000
vt 0.161491 0.000000
vt 0.167702 1.000000
vt 0.167702 0.000000
vt 0.173913 1.000000
vt 0.173913 0.000000
vt 0.180124 1.000000
vt 0.180124 0.000000
vt 0.186335 1.000000
vt 0.186335 0.000000
vt 0.192547 1.000000
vt 0.192547 0.000000
vt 0.198758 1.000000
vt 0.198758 0.000000
vt 0.204969 1.000000
vt 0.204969 0.000000
vt 0.211180 1.000000
vt 0.211180 0.000000
vt 0.217391 1.000000
vt 0.217391 0.000000
vt 0.223602 1.000000
vt 0.223602 0.000000
vt 0.229814 1.000000
vt 0.229814 0.000000
vt 0.236025 1.000000
vt 0.236025 0.000000
vt 0.242236 1.000000
vt 0.242236 0.000000
vt 0.248447 1.000000
vt 0.248447 0.000000
vt 0.254658 1.000000
vt 0.254658 0.000000
vt 0.260870 1.000000
vt 0.260870 0.000000
vt 0.267081 1.000000
vt 0.267081 0.000000
vt 0.273292 1.000000
vt 0.273292 0.000000
vt 0.279503 1.000000
vt 0.279503 0.000000
vt 0.285714 1.000000
vt 0.291925 1.000000
vt 0.291925 0.000000
vt 0.298137 1.000000
vt 0.298137 0.000000
vt 0.304348 1.000000
vt 0.304348 0.000000
vt 0.310559 1.000000
vt 0.310559 0.000000
vt 0.316770 1.000000
vt 0.316770 0.000000
vt 0.322981 1.000000
vt 0.322981 0.000000
vt 0.329193 1.000000
vt 0.329193 0.000000
vt 0.335404 1.000000
vt 0.335404 0.000000
vt 0.341615 1.000000
vt 0.341615 0.000000
vt 0.347826 1.000000
vt 0.347826 0.000000
vt 0.354037 1.000000
vt 0.354037 0.000000
vt 0.360248 1.000000
vt 0.360248 0.000000
vt 0.366460 1.000000
vt 0.366460 0.000000
vt 0.372671 1.000000
vt 0.372671 0.000000
vt 0.378882 1.000000
vt 0.378882 0.000000
vt 0.385093 1.000000
vt 0.385093 0.000000
vt 0.391304 1.000000
vt 0.391304 0.000000
vt 0.397516 1.000000
vt 0.397516 0.000000
vt 0.403727 1.000000
vt 0.403727 0.000000
vt 0.409938 1.000000
vt 0.409938 0.000000
vt 0.416149 1.000000
vt 0.416149 0.000000
vt 0.422360 1.000000
vt 0.422360 0.000000
vt 0.428571 1.000000
vt 0.434783 1.000000
vt 0.434783 0.000000
vt 0.440994 1.000000
vt 0.440994 0.000000
vt 0.447205 1.000000
vt 0.447205 0.000000
vt 0.453416 1.000000
vt 0.453416 0.000000
vt 0.459627 1.000000
vt 0.459627 0.000000
vt 0.465839 1.000000
vt 0.465839 0.000000
vt 0.472050 1.000000
vt 0.472050 0.000000
vt 0.478261 1.000000
vt 0.478261 0.000000
vt 0.484472 1.000000
vt 0.484472 0.000000
vt 0.490683 1.000000
vt 0.490683 0.000000
vt 0.496894 1.000000
vt 0.496894 0.000000
vt 0.503106 1.000000
vt 0.503106 0.000000
vt 0.509317 1.000000
vt 0.509317 0.000000
vt 0.515528 1.000000
vt 0.515528 0.000000
vt 0.521739 1.000000
vt 0.521739 0.000000
vt 0.527950 1.000000
vt 0.527950 0.000000
vt 0.534162 1.000000
vt 0.534162 0.000000
vt 0.540373 1.000000
vt 0.540373 0.000000
vt 0.546584 1.000000
vt 0.546584 0.000000
vt 0.552795 1.000000
vt 0.552795 0.000000
vt 0.559006 1.000000
vt 0.559006 0.000000
vt 0.565217 1.000000
vt 0.565217 0.000000
vt 0.571429 1.000000
vt 0.577640 1.000000
vt 0.577640 0.000000
vt 0.583851 1.000000
vt 0.583851 0.000000
vt 0.590062 1.000000
vt 0.590062 0.000000
vt 0.596273 1.000000
vt 0.596273 0.000000
vt 0.602484 1.000000
vt 0.602484 0.000000
vt 0.608696 1.000000
vt 0.608696 0.000000
vt 0.614907 1.000000
vt 0.614907 0.000000
vt 0.621118 1.000000
vt 0.621118 0.000000
vt 0.627329 1.000000
vt 0.627329 0.000000
vt 0.633540 1.000000
vt 0.633540 0.000000
vt 0.639752 1.000000
vt 0.639752 0.000000
vt 0.645963 1.000000
vt 0.645963 0.000000
vt 0.652174 1.000000
vt 0.652174 0.000000
vt 0.658385 1.000000
vt 0.658385 0.000000
vt 0.664596 1.000000
vt 0.664596 0.000000
vt 0.670807 1.000000
vt 0.670807 0.000000
vt 0.677019 1.000000
vt 0.677019 0.000000
vt 0.683230 1.000000
vt 0.683230 0.000000
vt 0.689441 1.000000
vt 0.689441 0.000000
vt 0.695652 1.000000
vt 0.695652 0.000000
vt 0.701863 1.000000
vt 0.701863 0.000000
vt 0.708075 1.000000
vt 0.708075 0.000000
vt 0.714286 1.000000
vt 0.720497 1.000000
vt 0.720497 0.000000
vt 0.726708 1.000000
vt 0.726708 0.000000
vt 0.732919 1.000000
vt 0.732919 0.000000
vt 0.739130 1.000000
vt 0.739130 0.000000
vt 0.745342 1.000000
vt 0.745342 0.000000
vt 0.751553 1.000000
vt 0.751553 0.000000
vt 0.757764 1.000000
vt 0.757764 0.000000
vt 0.763975 1.000000
vt 0.763975 0.000000
vt 0.770186 1.000000
vt 0.770186 0.000000
vt 0.776398 1.000000
vt 0.776398 0.000000
vt 0.782609 1.000000
vt 0.782609 0.000000
vt 0.788820 1.000000
vt 0.788820 0.000000
vt 0.795031 1.000000
vt 0.795031 0.000000
vt 0.801242 1.000000
vt 0.801242 0.000000
vt 0.807453 1.000000
vt 0.807453 0.000000
vt 0.813665 1.000000
vt 0.813665 0.000000
vt 0.819876 1.000000
vt 0.819876 0.000000
vt 0.826087 1.000000
vt 0.826087 0.000000
vt 0.832298 1.000000
vt 0.832298 0.000000
vt 0.838509 1.000000
vt 0.838509 0.000000
vt 0.844720 1.000000
vt 0.844720 0.000000
vt 0.850932 1.000000
vt 0.850932 0.000000
vt 0.857143 1.000000
vt 0.863354 1.000000
vt 0.863354 0.000000
vt 0.869565 1.000000
vt 0.869565 0.000000
vt 0.875776 1.000000
vt 0.875776 0.000000
vt 0.881988 1.000000
vt 0.881988 0.000000
vt 0.888199 1.000000
vt 0.888199 0.000000
vt 0.894410 1.000000
vt 0.894410 0.000000
vt 0.900621 1.000000
vt 0.900621 0.000000
vt 0.906832 1.000000
vt 0.906832 0.000000
vt 0.913043 1.000000
vt 0.913043 0.000000
vt 0.919255 1.000000
vt 0.919255 0.000000
vt 0.925466 1.000000
vt 0.925466 0.000000
vt 0.931677 1.000000
vt 0.931677 0.000000
vt 0.937888 1.000000
vt 0.937888 0.000000
vt 0.944099 1.000000
vt 0.944099 0.000000
vt 0.950311 1.000000
vt 0.950311 0.000000
vt 0.956522 1.000000
vt 0.956522 0.000000
vt 0.962733 1.000000
vt 0.962733 0.000000
vt 0.968944 1.000000
vt 0.968944 0.000000
vt 0.975155 1.000000
vt 0.975155 0.000000
vt 0.981366 1.000000
vt 0.981366 0.000000
vt 0.987578 1.000000
vt 0.987578 0.000000
vt 0.993789 1.000000
vt 0.993789 0.000000
vt 0.007874 1.000000
vt 0.007874 0.000000
vt 0.015748 1.000000
vt 0.015748 0.000000
vt 0.023622 1.000000
vt 0.023622 0.000000
vt 0.031496 1.000000
vt 0.031496 0.000000
vt 0.039370 1.000000
vt 0.039370 0.000000
vt 0.047244 1.000000
vt 0.047244 0.000000
vt 0.055118 1.000000
vt 0.055118 0.000000
vt 0.062992 1.000000
vt 0.062992 0.000000
vt 0.070866 1.000000
vt 0.070866 0.000000
vt 0.078740 1.000000
vt 0.078740 0.000000
vt 0.086614 1.000000
vt 0.086614 0.000000
vt 0.094488 1.000000
vt 0.094488 0.000000
vt 0.102362 1.000000
vt 0.102362 0.000000
vt 0.110236 1.000000
vt 0.110236 0.000000
vt 0.118110 1.000000
vt 0.118110 0.000000
vt 0.125984 1.000000
vt 0.125984 0.000000
vt 0.133858 1.000000
vt 0.133858 0.000000
vt 0.141732 1.000000
vt 0.141732 0.000000
vt 0.149606 1.000000
vt 0.149606 0.000000
vt 0.157480 1.000000
vt 0.157480 0.000000
vt 0.165354 1.000000
vt 0.165354 0.000000
vt 0.173228 1.000000
vt 0.173228 0.000000
vt 0.181102 1.000000
vt 0.181102 0.000000
vt 0.188976 1.000000
vt 0.188976 0.000000
vt 0.196850 1.000000
vt 0.196850 0.000000
vt 0.204724 1.000000
vt 0.204724 0.000000
vt 0.212598 1.000000
vt 0.212598 0.000000
vt 0.220472 1.000000
vt 0.220472 0.000000
vt 0.228346 1.000000
vt 0.228346 0.000000
vt 0.236220 1.000000
vt 0.236220 0.000000
vt 0.244094 1.000000
vt 0.244094 0.000000
vt 0.251969 1.000000
vt 0.251969 0.000000
vt 0.259843 1.000000
vt 0.259843 0.000000
vt 0.267717 1.000000
vt 0.267717 0.000000
vt 0.275591 1.000000
vt 0.275591 0.000000
vt 0.283465 1.000000
vt 0.283465 0.000000
vt 0.291339 1.000000
vt 0.291339 0.000000
vt 0.299213 1.000000
vt 0.299213 0.000000
vt 0.307087 1.000000
vt 0.307087 0.000000
vt 0.314961 1.000000
vt 0.314961 0.000000
vt 0.322835 1.000000
vt 0.322835 0.000000
vt 0.330709 1.000000
vt 0.330709 0.000000
vt 0.338583 1.000000
vt 0.338583 0.000000
vt 0.346457 1.000000
vt 0.346457 0.000000
vt 0.354331 1.000000
vt 0.354331 0.000000
vt 0.362205 1.000000
vt 0.362205 0.000000
vt 0.370079 1.000000
vt 0.370079 0.000000
vt 0.377953 1.000000
vt 0.377953 0.000000
vt 0.385827 1.000000
vt 0.385827 0.000000
vt 0.393701 1.000000
vt 0.393701 0.000000
vt 0.401575 1.000000
vt 0.401575 0.000000
vt 0.409449 1.000000
vt 0.409449 0.000000
vt 0.417323 1.000000
vt 0.417323 0.000000
vt 0.425197 1.000000
vt 0.425197 0.000000
vt 0.433071 1.000000
vt 0.433071 0.000000
vt 0.440945 1.000000
vt 0.440945 0.000000
vt 0.448819 1.000000
vt 0.448819 0.000000
vt 0.456693 1.000000
vt 0.456693 0.000000
vt 0.464567 1.000000
vt 0.464567 0.000000
vt 0.472441 1.000000
vt 0.472441 0.000000
vt 0.480315 1.000000
vt 0.480315 0.000000
vt 0.488189 1.000000
vt 0.488189 0.000000
vt 0.496063 1.000000
vt 0.496063 0.000000
vt 0.503937 1.000000
vt 0.503937 0.000000
vt 0.511811 1.000000
vt 0.511811 0.000000
vt 0.519685 1.000000
vt 0.519685 0.000000
vt 0.527559 1.000000
vt 0.527559 0.000000
vt 0.535433 1.000000
vt 0.535433 0.000000
vt 0.543307 1.000000
vt 0.543307 0.000000
vt 0.551181 1.000000
vt 0.551181 0.000000
vt 0.559055 1.000000
vt 0.559055 0.000000
vt 0.566929 1.000000
vt 0.566929 0.000000
vt 0.574803 1.000000
vt 0.574803 0.000000
vt 0.582677 1.000000
vt 0.582677 0.000000
vt 0.590551 1.000000
vt 0.590551 0.000000
vt 0.598425 1.000000
vt 0.598425 0.000000
vt 0.606299 1.000000
vt 0.606299 0.000000
vt 0.614173 1.000000
vt 0.614173 0.000000
vt 0.622047 1.000000
vt 0.622047 0.000000
vt 0.629921 1.000000
vt 0.629921 0.000000
vt 0.637795 1.000000
vt 0.637795 0.000000
vt 0.645669 1.000000
vt 0.645669 0.000000
vt 0.653543 1.000000
vt 0.653543 0.000000
vt 0.661417 1.000000
vt 0.661417 0.000000
vt 0.669291 1.000000
vt 0.669291 0.000000
vt 0.677165 1.000000
vt 0.677165 0.000000
vt 0.685039 1.000000
vt 0.685039 0.000000
vt 0.692913 1.000000
vt 0.692913 0.000000
vt 0.700787 1.000000
vt 0.700787 0.000000
vt 0.708661 1.000000
vt 0.708661 0.000000
vt 0.716535 1.000000
vt 0.716535 0.000000
vt 0.724409 1.000000
vt 0.724409 0.000000
vt 0.732283 1.000000
vt 0.732283 0.000000
vt 0.740157 1.000000
vt 0.740157 0.000000
vt 0.748031 1.000000
vt 0.748031 0.000000
vt 0.755906 1.000000
vt 0.755906 0.000000
vt 0.763780 1.000000
vt 0.763780 0.000000
vt 0.771654 1.000000
vt 0.771654 0.000000
vt 0.779528 1.000000
vt 0.779528 0.000000
vt 0.787402 1.000000
vt 0.787402 0.000000
vt 0.795276 1.000000
vt 0.795276 0.000000
vt 0.803150 1.000000
vt 0.803150 0.000000
vt 0.811024 1.000000
vt 0.811024 0.000000
vt 0.818898 1.000000
vt 0.818898 0.000000
vt 0.826772 1.000000
vt 0.826772 0.000000
vt 0.834646 1.000000
vt 0.834646 0.000000
vt 0.842520 1.000000
vt 0.842520 0.000000
vt 0.850394 1.000000
vt 0.850394 0.000000
vt 0.858268 1.000000
vt 0.858268 0.000000
vt 0.866142 1.000000
vt 0.866142 0.000000
vt 0.874016 1.000000
vt 0.874016 0.000000
vt 0.881890 1.000000
vt 0.881890 0.000000
vt 0.889764 1.000000
vt 0.889764 0.000000
vt 0.897638 1.000000
vt 0.897638 0.000000
vt 0.905512 1.000000
vt 0.905512 0.000000
vt 0.913386 1.000000
vt 0.913386 0.000000
vt 0.921260 1.000000
vt 0.921260 0.000000
vt 0.929134 1.000000
vt 0.929134 0.000000
vt 0.937008 1.000000
vt 0.937008 0.000000
vt 0.944882 1.000000
vt 0.944882 0.000000
vt 0.952756 1.000000
vt 0.952756 0.000000
vt 0.960630 1.000000
vt 0.960630 0.000000
vt 0.968504 1.000000
vt 0.968504 0.000000
vt 0.976378 1.000000
vt 0.976378 0.000000
vt 0.984252 1.000000
vt 0.984252 0.000000
vt 0.992126 1.000000
vt 0.992126 0.000000
vt 0.006452 1.000000
vt 0.006452 0.000000
vt 0.012903 1.000000
vt 0.012903 0.000000
vt 0.019355 1.000000
vt 0.019355 0.000000
vt 0.025806 1.000000
vt 0.025806 0.000000
vt 0.032258 1.000000
vt 0.032258 0.000000
vt 0.038710 1.000000
vt 0.038710 0.000000
vt 0.045161 1.000000
vt 0.045161 0.000000
vt 0.051613 1.000000
vt 0.051613 0.000000
vt 0.058065 1.000000
vt 0.058065 0.000000
vt 0.064516 1.000000
vt 0.064516 0.000000
vt 0.070968 1.000000
vt 0.070968 0.000000
vt 0.077419 1.000000
vt 0.077419 0.000000
vt 0.083871 1.000000
vt 0.083871 0.000000
vt 0.090323 1.000000
vt 0.090323 0.000000
vt 0.096774 1.000000
vt 0.096774 0.000000
vt 0.103226 1.000000
vt 0.103226 0.000000
vt 0.109677 1.000000
vt 0.109677 0.000000
vt 0.116129 1.000000
vt 0.116129 0.000000
vt 0.122581 1.000000
vt 0.122581 0.000000
vt 0.129032 1.000000
vt 0.129032 0.000000
vt 0.135484 1.000000
vt 0.135484 0.000000
vt 0.141935 1.000000
vt 0.141935 0.000000
vt 0.148387 1.000000
vt 0.148387 0.000000
vt 0.154839 1.000000
vt 0.154839 0.000000
vt 0.161290 1.000000
vt 0.161290 0.000000
vt 0.167742 1.000000
vt 0.167742 0.000000
vt 0.174194 1.000000
vt 0.174194 0.000000
vt 0.180645 1.000000
vt 0.180645 0.000000
vt 0.187097 1.000000
vt 0.187097 0.000000
vt 0.193548 1.000000
vt 0.193548 0.000000
vt 0.200000 1.000000
vt 0.206452 1.000000
vt 0.206452 0.000000
vt 0.212903 1.000000
vt 0.212903 0.000000
vt 0.219355 1.000000
vt 0.219355 0.000000
vt 0.225806 1.000000
vt 0.225806 0.000000
vt 0.232258 1.000000
vt 0.232258 0.000000
vt 0.238710 1.000000
vt 0.238710 0.000000
vt 0.245161 1.000000
vt 0.245161 0.000000
vt 0.251613 1.000000
vt 0.251613 0.000000
vt 0.258065 1.000000
vt 0.258065 0.000000
vt 0.264516 1.000000
vt 0.264516 0.000000
vt 0.270968 1.000000
vt 0.270968 0.000000
vt 0.277419 1.000000
vt 0.277419 0.000000
vt 0.283871 1.000000
vt 0.283871 0.000000
vt 0.290323 1.000000
vt 0.290323 0.000000
vt 0.296774 1.000000
vt 0.296774 0.000000
vt 0.303226 1.000000
vt 0.303226 0.000000
vt 0.309677 1.000000
vt 0.309677 0.000000
vt 0.316129 1.000000
vt 0.316129 0.000000
vt 0.322581 1.000000
vt 0.322581 0.000000
vt 0.329032 1.000000
vt 0.329032 0.000000
vt 0.335484 1.000000
vt 0.335484 0.000000
vt 0.341935 1.000000
vt 0.341935 0.000000
vt 0.348387 1.000000
vt 0.348387 0.000000
vt 0.354839 1.000000
vt 0.354839 0.000000
vt 0.361290 1.000000
vt 0.361290 0.000000
vt 0.367742 1.000000
vt 0.367742 0.000000
vt 0.374194 1.000000
vt 0.374194 0.000000
vt 0.380645 1.000000
vt 0.380645 0.000000
vt 0.387097 1.000000
vt 0.387097 0.000000
vt 0.393548 1.000000
vt 0.393548 0.000000
vt 0.400000 1.000000
vt 0.406452 1.000000
vt 0.406452 0.000000
vt 0.412903 1.000000
vt 0.412903 0.000000
vt 0.419355 1.000000
vt 0.419355 0.000000
vt 0.425806 1.000000
vt 0.425806 0.000000
vt 0.432258 1.000000
vt 0.432258 0.000000
vt 0.438710 1.000000
vt 0.438710 0.000000
vt 0.445161 1.000000
vt 0.445161 0.000000
vt 0.451613 1.000000
vt 0.451613 0.000000
vt 0.458065 1.000000
vt 0.458065 0.000000
vt 0.464516 1.000000
vt 0.464516 0.000000
vt 0.470968 1.000000
vt 0.470968 0.000000
vt 0.477419 1.000000
vt 0.477419 0.000000
vt 0.483871 1.000000
vt 0.483871 0.000000
vt 0.490323 1.000000
vt 0.490323 0.000000
vt 0.496774 1.000000
vt 0.496774 0.000000
vt 0.503226 1.000000
vt 0.503226 0.000000
vt 0.509677 1.000000
vt 0.509677 0.000000
vt 0.516129 1.000000
vt 0.516129 0.000000
vt 0.522581 1.000000
vt 0.522581 0.000000
vt 0.529032 1.000000
vt 0.529032 0.000000
vt 0.535484 1.000000
vt 0.535484 0.000000
vt 0.541936 1.000000
vt 0.541936 0.000000
vt 0.548387 1.000000
vt 0.548387 0.000000
vt 0.554839 1.000000
vt 0.554839 0.000000
vt 0.561290 1.000000
vt 0.561290 0.000000
vt 0.567742 1.000000
vt 0.567742 0.000000
vt 0.574194 1.000000
vt 0.574194 0.000000
vt 0.580645 1.000000
vt 0.580645 0.000000
vt 0.587097 1.000000
vt 0.587097 0.000000
vt 0.593548 1.000000
vt 0.593548 0.000000
vt 0.600000 1.000000
vt 0.606452 1.000000
vt 0.606452 0.000000
vt 0.612903 1.000000
vt 0.612903 0.000000
vt 0.619355 1.000000
vt 0.619355 0.000000
vt 0.625806 1.000000
vt 0.625806 0.000000
vt 0.632258 1.000000
vt 0.632258 0.000000
vt 0.638710 1.000000
vt 0.638710 0.000000
vt 0.645161 1.000000
vt 0.645161 0.000000
vt 0.651613 1.000000
vt 0.651613 0.000000
vt 0.658065 1.000000
vt 0.658065 0.000000
vt 0.664516 1.000000
vt 0.664516 0.000000
vt 0.670968 1.000000
vt 0.670968 0.000000
vt 0.677419 1.000000
vt 0.677419 0.000000
vt 0.683871 1.000000
vt 0.683871 0.000000
vt 0.690323 1.000000
vt 0.690323 0.000000
vt 0.696774 1.000000
vt 0.696774 0.000000
vt 0.703226 1.000000
vt 0.703226 0.000000
vt 0.709677 1.000000
vt 0.709677 0.000000
vt 0.716129 1.000000
vt 0.716129 0.000000
vt 0.722581 1.000000
vt 0.722581 0.000000
vt 0.729032 1.000000
vt 0.729032 0.000000
vt 0.735484 1.000000
vt 0.735484 0.000000
vt 0.741935 1.000000
vt 0.741935 0.000000
vt 0.748387 1.000000
vt 0.748387 0.000000
vt 0.754839 1.000000
vt 0.754839 0.000000
vt 0.761290 1.000000
vt 0.761290 0.000000
vt 0.767742 1.000000
vt 0.767742 0.000000
vt 0.774194 1.000000
vt 0.774194 0.000000
vt 0.780645 1.000000
vt 0.780645 0.000000
vt 0.787097 1.000000
vt 0.787097 0.000000
vt 0.793548 1.000000
vt 0.793548 0.000000
vt 0.800000 1.000000
vt 0.806452 1.000000
vt 0.806452 0.000000
vt 0.812903 1.000000
vt 0.812903 0.000000
vt 0.819355 1.000000
vt 0.819355 0.000000
vt 0.825806 1.000000
vt 0.825806 0.000000
vt 0.832258 1.000000
vt 0.832258 0.000000
vt 0.838710 1.000000
vt 0.838710 0.000000
vt 0.845161 1.000000
vt 0.845161 0.000000
vt 0.851613 1.000000
vt 0.851613 0.000000
vt 0.858065 1.000000
vt 0.858065 0.000000
vt 0.864516 1.000000
vt 0.864516 0.000000
vt 0.870968 1.000000
vt 0.870968 0.000000
vt 0.877419 1.000000
vt 0.877419 0.000000
vt 0.883871 1.000000
vt 0.883871 0.000000
vt 0.890323 1.000000
vt 0.890323 0.000000
vt 0.896774 1.000000
vt 0.896774 0.000000
vt 0.903226 1.000000
vt 0.903226 0.000000
vt 0.909677 1.000000
vt 0.909677 0.000000
vt 0.916129 1.000000
vt 0.916129 0.000000
vt 0.922581 1.000000
vt 0.922581 0.000000
vt 0.929032 1.000000
vt 0.929032 0.000000
vt 0.935484 1.000000
vt 0.935484 0.000000
vt 0.941935 1.000000
vt 0.941935 0.000000
vt 0.948387 1.000000
vt 0.948387 0.000000
vt 0.954839 1.000000
vt 0.954839 0.000000
vt 0.961290 1.000000
vt 0.961290 0.000000
vt 0.967742 1.000000
vt 0.967742 0.000000
vt 0.974194 1.000000
vt 0.974194 0.000000
vt 0.980645 1.000000
vt 0.980645 0.000000
vt 0.987097 1.000000
vt 0.987097 0.000000
vt 0.993548 1.000000
vt 0.993548 0.000000
vt 0.010101 1.000000
vt 0.010101 0.000000
vt 0.020202 1.000000
vt 0.020202 0.000000
vt 0.030303 1.000000
vt 0.030303 0.000000
vt 0.040404 1.000000
vt 0.040404 0.000000
vt 0.050505 1.000000
vt 0.050505 0.000000
vt 0.060606 1.000000
vt 0.060606 0.000000
vt 0.070707 1.000000
vt 0.070707 0.000000
vt 0.080808 1.000000
vt 0.080808 0.000000
vt 0.090909 1.000000
vt 0.101010 1.000000
vt 0.101010 0.000000
vt 0.111111 1.000000
vt 0.121212 1.000000
vt 0.121212 0.000000
vt 0.131313 1.000000
vt 0.131313 0.000000
vt 0.141414 1.000000
vt 0.141414 0.000000
vt 0.151515 1.000000
vt 0.151515 0.000000
vt 0.161616 1.000000
vt 0.161616 0.000000
vt 0.171717 1.000000
vt 0.171717 0.000000
vt 0.181818 1.000000
vt 0.191919 1.000000
vt 0.191919 0.000000
vt 0.202020 1.000000
vt 0.202020 0.000000
vt 0.212121 1.000000
vt 0.212121 0.000000
vt 0.222222 1.000000
vt 0.232323 1.000000
vt 0.232323 0.000000
vt 0.242424 1.000000
vt 0.242424 0.000000
vt 0.252525 1.000000
vt 0.252525 0.000000
vt 0.262626 1.000000
vt 0.262626 0.000000
vt 0.272727 1.000000
vt 0.282828 1.000000
vt 0.282828 0.000000
vt 0.292929 1.000000
vt 0.292929 0.000000
vt 0.303030 1.000000
vt 0.303030 0.000000
vt 0.313131 1.000000
vt 0.313131 0.000000
vt 0.323232 1.000000
vt 0.323232 0.000000
vt 0.343434 1.000000
vt 0.343434 0.000000
vt 0.353535 1.000000
vt 0.353535 0.000000
vt 0.363636 1.000000
vt 0.373737 1.000000
vt 0.373737 0.000000
vt 0.383838 1.000000
vt 0.383838 0.000000
vt 0.393939 1.000000
vt 0.393939 0.000000
vt 0.404040 1.000000
vt 0.404040 0.000000
vt 0.414141 1.000000
vt 0.414141 0.000000
vt 0.424242 1.000000
vt 0.424242 0.000000
vt 0.434343 1.000000
vt 0.434343 0.000000
vt 0.444444 1.000000
vt 0.454545 1.000000
vt 0.464646 1.000000
vt 0.464646 0.000000
vt 0.474747 1.000000
vt 0.474747 0.000000
vt 0.484848 1.000000
vt 0.484848 0.000000
vt 0.494949 1.000000
vt 0.494949 0.000000
vt 0.505050 1.000000
vt 0.505050 0.000000
vt 0.515152 1.000000
vt 0.515152 0.000000
vt 0.525253 1.000000
vt 0.525253 0.000000
vt 0.535354 1.000000
vt 0.535354 0.000000
vt 0.545455 1.000000
vt 0.555556 1.000000
vt 0.565657 1.000000
vt 0.565657 0.000000
vt 0.575758 1.000000
vt 0.575758 0.000000
vt 0.585859 1.000000
vt 0.585859 0.000000
vt 0.595960 1.000000
vt 0.595960 0.000000
vt 0.606061 1.000000
vt 0.606061 0.000000
vt 0.616162 1.000000
vt 0.616162 0.000000
vt 0.626263 1.000000
vt 0.626263 0.000000
vt 0.636364 1.000000
vt 0.646465 1.000000
vt 0.646465 0.000000
vt 0.656566 1.000000
vt 0.656566 0.000000
vt 0.676768 1.000000
vt 0.676768 0.000000
vt 0.686869 1.000000
vt 0.686869 0.000000
vt 0.696970 1.000000
vt 0.696970 0.000000
vt 0.707071 1.000000
vt 0.707071 0.000000
vt 0.717172 1.000000
vt 0.717172 0.000000
vt 0.727273 1.000000
vt 0.737374 1.000000
vt 0.737374 0.000000
vt 0.747475 1.000000
vt 0.747475 0.000000
vt 0.757576 1.000000
vt 0.757576 0.000000
vt 0.767677 1.000000
vt 0.767677 0.000000
vt 0.777778 1.000000
vt 0.787879 1.000000
vt 0.787879 0.000000
vt 0.797980 1.000000
vt 0.797980 0.000000
vt 0.808081 1.000000
vt 0.808081 0.000000
vt 0.818182 1.000000
vt 0.828283 1.000000
vt 0.828283 0.000000
vt 0.838384 1.000000
vt 0.838384 0.000000
vt 0.848485 1.000000
vt 0.848485 0.000000
vt 0.858586 1.000000
vt 0.858586 0.000000
vt 0.868687 1.000000
vt 0.868687 0.000000
vt 0.878788 1.000000
vt 0.878788 0.000000
vt 0.888889 1.000000
vt 0.898990 1.000000
vt 0.898990 0.000000
vt 0.909091 1.000000
vt 0.919192 1.000000
vt 0.919192 0.000000
vt 0.929293 1.000000
vt 0.929293 0.000000
vt 0.939394 1.000000
vt 0.939394 0.000000
vt 0.949495 1.000000
vt 0.949495 0.000000
vt 0.959596 1.000000
vt 0.959596 0.000000
vt 0.969697 1.000000
vt 0.969697 0.000000
vt 0.979798 1.000000
vt 0.979798 0.000000
vt 0.989899 1.000000
vt 0.989899 0.000000
vt 0.013514 1.000000
vt 0.013514 0.000000
vt 0.027027 1.000000
vt 0.027027 0.000000
vt 0.040541 1.000000
vt 0.040541 0.000000
vt 0.054054 1.000000
vt 0.054054 0.000000
vt 0.067568 1.000000
vt 0.067568 0.000000
vt 0.081081 1.000000
vt 0.081081 0.000000
vt 0.094595 1.000000
vt 0.094595 0.000000
vt 0.108108 1.000000
vt 0.108108 0.000000
vt 0.121622 1.000000
vt 0.121622 0.000000
vt 0.135135 1.000000
vt 0.135135 0.000000
vt 0.148649 1.000000
vt 0.148649 0.000000
vt 0.162162 1.000000
vt 0.162162 0.000000
vt 0.175676 1.000000
vt 0.175676 0.000000
vt 0.189189 1.000000
vt 0.189189 0.000000
vt 0.202703 1.000000
vt 0.202703 0.000000
vt 0.216216 1.000000
vt 0.216216 0.000000
vt 0.229730 1.000000
vt 0.229730 0.000000
vt 0.243243 1.000000
vt 0.243243 0.000000
vt 0.256757 1.000000
vt 0.256757 0.000000
vt 0.270270 1.000000
vt 0.270270 0.000000
vt 0.283784 1.000000
vt 0.283784 0.000000
vt 0.297297 1.000000
vt 0.297297 0.000000
vt 0.310811 1.000000
vt 0.310811 0.000000
vt 0.324324 1.000000
vt 0.324324 0.000000
vt 0.337838 1.000000
vt 0.337838 0.000000
vt 0.351351 1.000000
vt 0.351351 0.000000
vt 0.364865 1.000000
vt 0.364865 0.000000
vt 0.378378 1.000000
vt 0.378378 0.000000
vt 0.391892 1.000000
vt 0.391892 0.000000
vt 0.405405 1.000000
vt 0.405405 0.000000
vt 0.418919 1.000000
vt 0.418919 0.000000
vt 0.432432 1.000000
vt 0.432432 0.000000
vt 0.445946 1.000000
vt 0.445946 0.000000
vt 0.459459 1.000000
vt 0.459459 0.000000
vt 0.472973 1.000000
vt 0.472973 0.000000
vt 0.486486 1.000000
vt 0.486486 0.000000
vt 0.513514 1.000000
vt 0.513514 0.000000
vt 0.527027 1.000000
vt 0.527027 0.000000
vt 0.540541 1.000000
vt 0.540541 0.000000
vt 0.554054 1.000000
vt 0.554054 0.000000
vt 0.567568 1.000000
vt 0.567568 0.000000
vt 0.581081 1.000000
vt 0.581081 0.000000
vt 0.594595 1.000000
vt 0.594595 0.000000
vt 0.608108 1.000000
vt 0.608108 0.000000
vt 0.621622 1.000000
vt 0.621622 0.000000
vt 0.635135 1.000000
vt 0.635135 0.000000
vt 0.648649 1.000000
vt 0.648649 0.000000
vt 0.662162 1.000000
vt 0.662162 0.000000
vt 0.675676 1.000000
vt 0.675676 0.000000
vt 0.689189 1.000000
vt 0.689189 0.000000
vt 0.702703 1.000000
vt 0.702703 0.000000
vt 0.716216 1.000000
vt 0.716216 0.000000
vt 0.729730 1.000000
vt 0.729730 0.000000
vt 0.743243 1.000000
vt 0.743243 0.000000
vt 0.756757 1.000000
vt 0.756757 0.000000
vt 0.770270 1.000000
vt 0.770270 0.000000
vt 0.783784 1.000000
vt 0.783784 0.000000
vt 0.797297 1.000000
vt 0.797297 0.000000
vt 0.810811 1.000000
vt 0.810811 0.000000
vt 0.824324 1.000000
vt 0.824324 0.000000
vt 0.837838 1.000000
vt 0.837838 0.000000
vt 0.851351 1.000000
vt 0.851351 0.000000
vt 0.864865 1.000000
vt 0.864865 0.000000
vt 0.878378 1.000000
vt 0.878378 0.000000
vt 0.891892 1.000000
vt 0.891892 0.000000
vt 0.905405 1.000000
vt 0.905405 0.000000
vt 0.918919 1.000000
vt 0.918919 0.000000
vt 0.932432 1.000000
vt 0.932432 0.000000
vt 0.945946 1.000000
vt 0.945946 0.000000
vt 0.959459 1.000000
vt 0.959459 0.000000
vt 0.972973 1.000000
vt 0.972973 0.000000
vt 0.986486 1.000000
vt 0.986486 0.000000
vt 0.008130 1.000000
vt 0.008130 0.000000
vt 0.016260 1.000000
vt 0.016260 0.000000
vt 0.024390 1.000000
vt 0.024390 0.000000
vt 0.032520 1.000000
vt 0.032520 0.000000
vt 0.040650 1.000000
vt 0.040650 0.000000
vt 0.048780 1.000000
vt 0.048780 0.000000
vt 0.056911 1.000000
vt 0.056911 0.000000
vt 0.065041 1.000000
vt 0.065041 0.000000
vt 0.073171 1.000000
vt 0.073171 0.000000
vt 0.081301 1.000000
vt 0.081301 0.000000
vt 0.089431 1.000000
vt 0.089431 0.000000
vt 0.097561 1.000000
vt 0.097561 0.000000
vt 0.105691 1.000000
vt 0.105691 0.000000
vt 0.113821 1.000000
vt 0.113821 0.000000
vt 0.121951 1.000000
vt 0.121951 0.000000
vt 0.130081 1.000000
vt 0.130081 0.000000
vt 0.138211 1.000000
vt 0.138211 0.000000
vt 0.146341 1.000000
vt 0.146341 0.000000
vt 0.154472 1.000000
vt 0.154472 0.000000
vt 0.162602 1.000000
vt 0.162602 0.000000
vt 0.170732 1.000000
vt 0.170732 0.000000
vt 0.178862 1.000000
vt 0.178862 0.000000
vt 0.186992 1.000000
vt 0.186992 0.000000
vt 0.195122 1.000000
vt 0.195122 0.000000
vt 0.203252 1.000000
vt 0.203252 0.000000
vt 0.211382 1.000000
vt 0.211382 0.000000
vt 0.219512 1.000000
vt 0.219512 0.000000
vt 0.227642 1.000000
vt 0.227642 0.000000
vt 0.235772 1.000000
vt 0.235772 0.000000
vt 0.243902 1.000000
vt 0.243902 0.000000
vt 0.252033 1.000000
vt 0.252033 0.000000
vt 0.260163 1.000000
vt 0.260163 0.000000
vt 0.268293 1.000000
vt 0.268293 0.000000
vt 0.276423 1.000000
vt 0.276423 0.000000
vt 0.284553 1.000000
vt 0.284553 0.000000
vt 0.292683 1.000000
vt 0.292683 0.000000
vt 0.300813 1.000000
vt 0.300813 0.000000
vt 0.308943 1.000000
vt 0.308943 0.000000
vt 0.317073 1.000000
vt 0.317073 0.000000
vt 0.325203 1.000000
vt 0.325203 0.000000
vt 0.341463 1.000000
vt 0.341463 0.000000
vt 0.349593 1.000000
vt 0.349593 0.000000
vt 0.357724 1.000000
vt 0.357724 0.000000
vt 0.365854 1.000000
vt 0.365854 0.000000
vt 0.373984 1.000000
vt 0.373984 0.000000
vt 0.382114 1.000000
vt 0.382114 0.000000
vt 0.390244 1.000000
vt 0.390244 0.000000
vt 0.398374 1.000000
vt 0.398374 0.000000
vt 0.406504 1.000000
vt 0.406504 0.000000
vt 0.414634 1.000000
vt 0.414634 0.000000
vt 0.422764 1.000000
vt 0.422764 0.000000
vt 0.430894 1.000000
vt 0.430894 0.000000
vt 0.439024 1.000000
vt 0.439024 0.000000
vt 0.447154 1.000000
vt 0.447154 0.000000
vt 0.455285 1.000000
vt 0.455285 0.000000
vt 0.463415 1.000000
vt 0.463415 0.000000
vt 0.471545 1.000000
vt 0.471545 0.000000
vt 0.479675 1.000000
vt 0.479675 0.000000
vt 0.487805 1.000000
vt 0.487805 0.000000
vt 0.495935 1.000000
vt 0.495935 0.000000
vt 0.504065 1.000000
vt 0.504065 0.000000
vt 0.512195 1.000000
vt 0.512195 0.000000
vt 0.520325 1.000000
vt 0.520325 0.000000
vt 0.528455 1.000000
vt 0.528455 0.000000
vt 0.536585 1.000000
vt 0.536585 0.000000
vt 0.544715 1.000000
vt 0.544715 0.000000
vt 0.552846 1.000000
vt 0.552846 0.000000
vt 0.560976 1.000000
vt 0.560976 0.000000
vt 0.569106 1.000000
vt 0.569106 0.000000
vt 0.577236 1.000000
vt 0.577236 0.000000
vt 0.585366 1.000000
vt 0.585366 0.000000
vt 0.593496 1.000000
vt 0.593496 0.000000
vt 0.601626 1.000000
vt 0.601626 0.000000
vt 0.609756 1.000000
vt 0.609756 0.000000
vt 0.617886 1.000000
vt 0.617886 0.000000
vt 0.626016 1.000000
vt 0.626016 0.000000
vt 0.634146 1.000000
vt 0.634146 0.000000
vt 0.642276 1.000000
vt 0.642276 0.000000
vt 0.650406 1.000000
vt 0.650406 0.000000
vt 0.658537 1.000000
vt 0.658537 0.000000
vt 0.674797 1.000000
vt 0.674797 0.000000
vt 0.682927 1.000000
vt 0.682927 0.000000
vt 0.691057 1.000000
vt 0.691057 0.000000
vt 0.699187 1.000000
vt 0.699187 0.000000
vt 0.707317 1.000000
vt 0.707317 0.000000
vt 0.715447 1.000000
vt 0.715447 0.000000
vt 0.723577 1.000000
vt 0.723577 0.000000
vt 0.731707 1.000000
vt 0.731707 0.000000
vt 0.739837 1.000000
vt 0.739837 0.000000
vt 0.747967 1.000000
vt 0.747967 0.000000
vt 0.756098 1.000000
vt 0.756098 0.000000
vt 0.764228 1.000000
vt 0.764228 0.000000
vt 0.772358 1.000000
vt 0.772358 0.000000
vt 0.780488 1.000000
vt 0.780488 0.000000
vt 0.788618 1.000000
vt 0.788618 0.000000
vt 0.796748 1.000000
vt 0.796748 0.000000
vt 0.804878 1.000000
vt 0.804878 0.000000
vt 0.813008 1.000000
vt 0.813008 0.000000
vt 0.821138 1.000000
vt 0.821138 0.000000
vt 0.829268 1.000000
vt 0.829268 0.000000
vt 0.837398 1.000000
vt 0.837398 0.000000
vt 0.845528 1.000000
vt 0.845528 0.000000
vt 0.853659 1.000000
vt 0.853659 0.000000
vt 0.861789 1.000000
vt 0.861789 0.000000
vt 0.869919 1.000000
vt 0.869919 0.000000
vt 0.878049 1.000000
vt 0.878049 0.000000
vt 0.886179 1.000000
vt 0.886179 0.000000
vt 0.894309 1.000000
vt 0.894309 0.000000
vt 0.902439 1.000000
vt 0.902439 0.000000
vt 0.910569 1.000000
vt 0.910569 0.000000
vt 0.918699 1.000000
vt 0.918699 0.000000
vt 0.926829 1.000000
vt 0.926829 0.000000
vt 0.934959 1.000000
vt 0.934959 0.000000
vt 0.943089 1.000000
vt 0.943089 0.000000
vt 0.951219 1.000000
vt 0.951219 0.000000
vt 0.959350 1.000000
vt 0.959350 0.000000
vt 0.967480 1.000000
vt 0.967480 0.000000
vt 0.975610 1.000000
vt 0.975610 0.000000
vt 0.983740 1.000000
vt 0.983740 0.000000
vt 0.991870 1.000000
vt 0.991870 0.000000
vt 0.038462 1.000000
vt 0.038462 0.000000
vt 0.076923 1.000000
vt 0.076923 0.000000
vt 0.115385 1.000000
vt 0.115385 0.000000
vt 0.153846 1.000000
vt 0.153846 0.000000
vt 0.192308 1.000000
vt 0.192308 0.000000
vt 0.230769 1.000000
vt 0.230769 0.000000
vt 0.269231 1.000000
vt 0.269231 0.000000
vt 0.307692 1.000000
vt 0.307692 0.000000
vt 0.346154 1.000000
vt 0.346154 0.000000
vt 0.384615 1.000000
vt 0.384615 0.000000
vt 0.423077 1.000000
vt 0.423077 0.000000
vt 0.461538 1.000000
vt 0.461538 0.000000
vt 0.538462 1.000000
vt 0.538462 0.000000
vt 0.576923 1.000000
vt 0.576923 0.000000
vt 0.615385 1.000000
vt 0.615385 0.000000
vt 0.653846 1.000000
vt 0.653846 0.000000
vt 0.692308 1.000000
vt 0.692308 0.000000
vt 0.730769 1.000000
vt 0.730769 0.000000
vt 0.769231 1.000000
vt 0.769231 0.000000
vt 0.807692 1.000000
vt 0.807692 0.000000
vt 0.846154 1.000000
vt 0.846154 0.000000
vt 0.884615 1.000000
vt 0.884615 0.000000
vt 0.923077 1.000000
vt 0.923077 0.000000
vt 0.961538 1.000000
vt 0.961538 0.000000
vt 0.020000 1.000000
vt 0.020000 0.000000
vt 0.040000 1.000000
vt 0.060000 1.000000
vt 0.060000 0.000000
vt 0.080000 1.000000
vt 0.100000 1.000000
vt 0.100000 0.000000
vt 0.120000 1.000000
vt 0.140000 1.000000
vt 0.140000 0.000000
vt 0.160000 1.000000
vt 0.180000 1.000000
vt 0.180000 0.000000
vt 0.220000 1.000000
vt 0.220000 0.000000
vt 0.240000 1.000000
vt 0.260000 1.000000
vt 0.260000 0.000000
vt 0.280000 1.000000
vt 0.300000 1.000000
vt 0.300000 0.000000
vt 0.320000 1.000000
vt 0.340000 1.000000
vt 0.340000 0.000000
vt 0.360000 1.000000
vt 0.380000 1.000000
vt 0.380000 0.000000
vt 0.420000 1.000000
vt 0.420000 0.000000
vt 0.440000 1.000000
vt 0.460000 1.000000
vt 0.460000 0.000000
vt 0.480000 1.000000
vt 0.520000 1.000000
vt 0.540000 1.000000
vt 0.540000 0.000000
vt 0.560000 1.000000
vt 0.580000 1.000000
vt 0.580000 0.000000
vt 0.620000 1.000000
vt 0.620000 0.000000
vt 0.640000 1.000000
vt 0.660000 1.000000
vt 0.660000 0.000000
vt 0.680000 1.000000
vt 0.700000 1.000000
vt 0.700000 0.000000
vt 0.720000 1.000000
vt 0.740000 1.000000
vt 0.740000 0.000000
vt 0.760000 1.000000
vt 0.780000 1.000000
vt 0.780000 0.000000
vt 0.820000 1.000000
vt 0.820000 0.000000
vt 0.840000 1.000000
vt 0.860000 1.000000
vt 0.860000 0.000000
vt 0.880000 1.000000
vt 0.900000 1.000000
vt 0.900000 0.000000
vt 0.920000 1.000000
vt 0.940000 1.000000
vt 0.940000 0.000000
vt 0.960000 1.000000
vt 0.980000 1.000000
vt 0.980000 0.000000
vt 0.009434 1.000000
vt 0.009434 0.000000
vt 0.018868 1.000000
vt 0.018868 0.000000
vt 0.028302 1.000000
vt 0.028302 0.000000
vt 0.037736 1.000000
vt 0.037736 0.000000
vt 0.047170 1.000000
vt 0.047170 0.000000
vt 0.056604 1.000000
vt 0.056604 0.000000
vt 0.066038 1.000000
vt 0.066038 0.000000
vt 0.075472 1.000000
vt 0.075472 0.000000
vt 0.084906 1.000000
vt 0.084906 0.000000
vt 0.094340 1.000000
vt 0.094340 0.000000
vt 0.103774 1.000000
vt 0.103774 0.000000
vt 0.113208 1.000000
vt 0.113208 0.000000
vt 0.122642 1.000000
vt 0.122642 0.000000
vt 0.132075 1.000000
vt 0.132075 0.000000
vt 0.141509 1.000000
vt 0.141509 0.000000
vt 0.150943 1.000000
vt 0.150943 0.000000
vt 0.160377 1.000000
vt 0.160377 0.000000
vt 0.169811 1.000000
vt 0.169811 0.000000
vt 0.179245 1.000000
vt 0.179245 0.000000
vt 0.188679 1.000000
vt 0.188679 0.000000
vt 0.198113 1.000000
vt 0.198113 0.000000
vt 0.207547 1.000000
vt 0.207547 0.000000
vt 0.216981 1.000000
vt 0.216981 0.000000
vt 0.226415 1.000000
vt 0.226415 0.000000
vt 0.235849 1.000000
vt 0.235849 0.000000
vt 0.245283 1.000000
vt 0.245283 0.000000
vt 0.254717 1.000000
vt 0.254717 0.000000
vt 0.264151 1.000000
vt 0.264151 0.000000
vt 0.273585 1.000000
vt 0.273585 0.000000
vt 0.283019 1.000000
vt 0.283019 0.000000
vt 0.292453 1.000000
vt 0.292453 0.000000
vt 0.301887 1.000000
vt 0.301887 0.000000
vt 0.311321 1.000000
vt 0.311321 0.000000
vt 0.320755 1.000000
vt 0.320755 0.000000
vt 0.330189 1.000000
vt 0.330189 0.000000
vt 0.339623 1.000000
vt 0.339623 0.000000
vt 0.349057 1.000000
vt 0.349057 0.000000
vt 0.358491 1.000000
vt 0.358491 0.000000
vt 0.367925 1.000000
vt 0.367925 0.000000
vt 0.377358 1.000000
vt 0.377358 0.000000
vt 0.386792 1.000000
vt 0.386792 0.000000
vt 0.396226 1.000000
vt 0.396226 0.000000
vt 0.405660 1.000000
vt 0.405660 0.000000
vt 0.415094 1.000000
vt 0.415094 0.000000
vt 0.424528 1.000000
vt 0.424528 0.000000
vt 0.433962 1.000000
vt 0.433962 0.000000
vt 0.443396 1.000000
vt 0.443396 0.000000
vt 0.452830 1.000000
vt 0.452830 0.000000
vt 0.462264 1.000000
vt 0.462264 0.000000
vt 0.471698 1.000000
vt 0.471698 0.000000
vt 0.481132 1.000000
vt 0.481132 0.000000
vt 0.490566 1.000000
vt 0.490566 0.000000
vt 0.509434 1.000000
vt 0.509434 0.000000
vt 0.518868 1.000000
vt 0.518868 0.000000
vt 0.528302 1.000000
vt 0.528302 0.000000
vt 0.537736 1.000000
vt 0.537736 0.000000
vt 0.547170 1.000000
vt 0.547170 0.000000
vt 0.556604 1.000000
vt 0.556604 0.000000
vt 0.566038 1.000000
vt 0.566038 0.000000
vt 0.575472 1.000000
vt 0.575472 0.000000
vt 0.584906 1.000000
vt 0.584906 0.000000
vt 0.594340 1.000000
vt 0.594340 0.000000
vt 0.603774 1.000000
vt 0.603774 0.000000
vt 0.613208 1.000000
vt 0.613208 0.000000
vt 0.622642 1.000000
vt 0.622642 0.000000
vt 0.632075 1.000000
vt 0.632075 0.000000
vt 0.641509 1.000000
vt 0.641509 0.000000
vt 0.650943 1.000000
vt 0.650943 0.000000
vt 0.660377 1.000000
vt 0.660377 0.000000
vt 0.669811 1.000000
vt 0.669811 0.000000
vt 0.679245 1.000000
vt 0.679245 0.000000
vt 0.688679 1.000000
vt 0.688679 0.000000
vt 0.698113 1.000000
vt 0.698113 0.000000
vt 0.707547 1.000000
vt 0.707547 0.000000
vt 0.716981 1.000000
vt 0.716981 0.000000
vt 0.726415 1.000000
vt 0.726415 0.000000
vt 0.735849 1.000000
vt 0.735849 0.000000
vt 0.745283 1.000000
vt 0.745283 0.000000
vt 0.754717 1.000000
vt 0.754717 0.000000
vt 0.764151 1.000000
vt 0.764151 0.000000
vt 0.773585 1.000000
vt 0.773585 0.000000
vt 0.783019 1.000000
vt 0.783019 0.000000
vt 0.792453 1.000000
vt 0.792453 0.000000
vt 0.801887 1.000000
vt 0.801887 0.000000
vt 0.811321 1.000000
vt 0.811321 0.000000
vt 0.820755 1.000000
vt 0.820755 0.000000
vt 0.830189 1.000000
vt 0.830189 0.000000
vt 0.839623 1.000000
vt 0.839623 0.000000
vt 0.849057 1.000000
vt 0.849057 0.000000
vt 0.858491 1.000000
vt 0.858491 0.000000
vt 0.867925 1.000000
vt 0.867925 0.000000
vt 0.877358 1.000000
vt 0.877358 0.000000
vt 0.886792 1.000000
vt 0.886792 0.000000
vt 0.896226 1.000000
vt 0.896226 0.000000
vt 0.905660 1.000000
vt 0.905660 0.000000
vt 0.915094 1.000000
vt 0.915094 0.000000
vt 0.924528 1.000000
vt 0.924528 0.000000
vt 0.933962 1.000000
vt 0.933962 0.000000
vt 0.943396 1.000000
vt 0.943396 0.000000
vt 0.952830 1.000000
vt 0.952830 0.000000
vt 0.962264 1.000000
vt 0.962264 0.000000
vt 0.971698 1.000000
vt 0.971698 0.000000
vt 0.981132 1.000000
vt 0.981132 0.000000
vt 0.990566 1.000000
vt 0.990566 0.000000
s 0
usemtl マテリアル
f 61/1/1 63/2/1 62/3/1
f 23/4/1 25/5/1 24/6/1
f 61/1/1 64/7/1 63/2/1
f 22/8/1 25/5/1 23/4/1
f 61/1/1 65/9/1 64/7/1
f 21/10/1 25/5/1 22/8/1
f 61/1/1 66/11/1 65/9/1
f 20/12/1 25/5/1 21/10/1
f 61/1/1 67/13/1 66/11/1
f 19/14/1 25/5/1 20/12/1
f 61/1/1 68/15/1 67/13/1
f 18/16/1 25/5/1 19/14/1
f 61/1/1 69/17/1 68/15/1
f 17/18/1 25/5/1 18/16/1
f 61/1/1 70/19/1 69/17/1
f 16/20/1 25/5/1 17/18/1
f 61/1/1 71/21/1 70/19/1
f 15/22/1 25/5/1 16/20/1
f 61/1/1 72/23/1 71/21/1
f 14/24/1 25/5/1 15/22/1
f 61/1/1 73/25/1 72/23/1
f 13/26/1 25/5/1 14/24/1
f 61/1/1 74/27/1 73/25/1
f 12/28/1 25/5/1 13/26/1
f 61/1/1 1/29/1 74/27/1
f 61/1/1 2/30/1 1/29/1
f 61/1/1 3/31/1 2/30/1
f 61/1/1 4/32/1 3/31/1
f 61/1/1 5/33/1 4/32/1
f 61/1/1 6/34/1 5/33/1
f 61/1/1 7/35/1 6/34/1
f 61/1/1 8/36/1 7/35/1
f 61/1/1 9/37/1 8/36/1
f 61/1/1 10/38/1 9/37/1
f 61/1/1 11/39/1 10/38/1
f 61/1/1 12/28/1 11/39/1
f 61/1/1 60/40/1 12/28/1
f 60/40/1 59/41/1 12/28/1
f 59/41/1 58/42/1 12/28/1
f 58/42/1 57/43/1 12/28/1
f 57/43/1 56/44/1 12/28/1
f 56/44/1 55/45/1 12/28/1
f 55/45/1 54/46/1 12/28/1
f 54/46/1 53/47/1 12/28/1
f 53/47/1 52/48/1 12/28/1
f 52/48/1 51/49/1 12/28/1
f 51/49/1 50/50/1 12/28/1
f 50/50/1 49/51/1 12/28/1
f 49/51/1 48/52/1 12/28/1
f 48/52/1 47/53/1 12/28/1
f 47/53/1 46/54/1 12/28/1
f 46/54/1 44/55/1 12/28/1
f 44/55/1 41/56/1 12/28/1
f 41/56/1 38/57/1 12/28/1
f 38/57/1 37/58/1 12/28/1
f 37/58/1 36/59/1 12/28/1
f 36/59/1 35/60/1 12/28/1
f 35/60/1 34/61/1 12/28/1
f 34/61/1 33/62/1 12/28/1
f 33/62/1 32/63/1 12/28/1
f 32/63/1 31/64/1 12/28/1
f 31/64/1 30/65/1 12/28/1
f 30/65/1 25/5/1 12/28/1
f 45/66/1 44/55/1 46/54/1
f 43/67/1 41/56/1 44/55/1
f 42/68/1 41/56/1 43/67/1
f 40/69/2 38/57/2 41/56/2
f 39/70/1 38/57/1 40/69/1
f 29/71/3 25/5/3 30/65/3
f 28/72/1 25/5/1 29/71/1
f 27/73/1 25/5/1 28/72/1
f 26/74/1 25/5/1 27/73/1
f 87/75/1 89/76/1 88/77/1
f 87/75/1 90/78/1 89/76/1
f 86/79/1 90/78/1 87/75/1
f 86/79/1 91/80/1 90/78/1
f 85/81/1 91/80/1 86/79/1
f 85/81/1 92/82/1 91/80/1
f 84/83/1 92/82/1 85/81/1
f 84/83/1 93/84/1 92/82/1
f 83/85/1 93/84/1 84/83/1
f 83/85/1 94/86/1 93/84/1
f 82/87/1 94/86/1 83/85/1
f 82/87/1 95/88/1 94/86/1
f 81/89/1 95/88/1 82/87/1
f 81/89/1 96/90/1 95/88/1
f 80/91/1 96/90/1 81/89/1
f 80/91/1 97/92/1 96/90/1
f 79/93/1 97/92/1 80/91/1
f 79/93/1 98/94/1 97/92/1
f 78/95/1 98/94/1 79/93/1
f 78/95/1 99/96/1 98/94/1
f 77/97/1 99/96/1 78/95/1
f 77/97/1 100/98/1 99/96/1
f 76/99/1 100/98/1 77/97/1
f 76/99/1 101/100/1 100/98/1
f 75/29/1 101/100/1 76/99/1
f 75/29/1 102/101/1 101/100/1
f 167/102/1 169/103/1 168/104/1
f 167/102/1 170/105/1 169/103/1
f 114/106/1 116/107/1 115/108/1
f 167/102/1 171/109/1 170/105/1
f 113/110/1 116/107/1 114/106/1
f 167/102/1 172/111/1 171/109/1
f 112/112/1 116/107/1 113/110/1
f 167/102/1 173/113/1 172/111/1
f 111/114/1 116/107/1 112/112/1
f 167/102/1 174/115/1 173/113/1
f 110/116/1 116/107/1 111/114/1
f 167/102/1 175/117/1 174/115/1
f 109/118/1 116/107/1 110/116/1
f 167/102/1 176/119/1 175/117/1
f 108/120/1 116/107/1 109/118/1
f 107/121/1 116/107/1 108/120/1
f 167/102/1 177/122/1 176/119/1
f 106/123/1 116/107/1 107/121/1
f 167/102/1 178/124/1 177/122/1
f 105/125/1 116/107/1 106/123/1
f 167/102/1 179/126/1 178/124/1
f 104/127/1 116/107/1 105/125/1
f 167/102/1 180/27/1 179/126/1
f 103/128/1 116/107/1 104/127/1
f 167/102/1 75/29/1 180/27/1
f 167/102/1 102/101/1 75/29/1
f 167/102/1 103/128/1 102/101/1
f 167/102/1 166/129/1 103/128/1
f 166/129/1 165/130/1 103/128/1
f 165/130/1 164/131/1 103/128/1
f 164/131/1 163/132/1 103/128/1
f 163/132/1 162/133/1 103/128/1
f 162/133/1 161/134/1 103/128/1
f 161/134/1 160/135/1 103/128/1
f 160/135/1 159/136/1 103/128/1
f 159/136/1 158/137/1 103/128/1
f 158/137/1 157/138/1 103/128/1
f 157/138/1 156/139/1 103/128/1
f 156/139/1 155/140/1 103/128/1
f 155/140/1 154/141/1 103/128/1
f 154/141/1 129/142/1 103/128/1
f 129/142/1 128/143/1 103/128/1
f 128/143/1 127/144/1 103/128/1
f 127/144/1 126/145/1 103/128/1
f 126/145/1 125/146/1 103/128/1
f 125/146/1 124/147/1 103/128/1
f 124/147/1 123/148/1 103/128/1
f 123/148/1 122/149/1 103/128/1
f 122/149/1 121/150/1 103/128/1
f 121/150/1 120/151/1 103/128/1
f 120/151/1 119/152/1 103/128/1
f 119/152/1 118/153/1 103/128/1
f 118/153/1 117/154/1 103/128/1
f 117/154/1 116/107/1 103/128/1
f 153/155/1 129/142/1 154/141/1
f 153/155/1 130/156/1 129/142/1
f 152/157/1 130/156/1 153/155/1
f 152/157/1 131/158/1 130/156/1
f 151/159/1 131/158/1 152/157/1
f 151/159/1 132/160/1 131/158/1
f 150/161/1 132/160/1 151/159/1
f 150/161/1 133/162/1 132/160/1
f 149/163/1 133/162/1 150/161/1
f 149/163/1 134/164/1 133/162/1
f 148/165/1 134/164/1 149/163/1
f 148/165/1 135/166/1 134/164/1
f 147/167/1 135/166/1 148/165/1
f 147/167/1 136/168/1 135/166/1
f 146/169/1 136/168/1 147/167/1
f 146/169/1 137/170/1 136/168/1
f 145/171/1 137/170/1 146/169/1
f 144/172/1 137/170/1 145/171/1
f 144/172/1 138/173/1 137/170/1
f 143/174/1 138/173/1 144/172/1
f 143/174/1 139/175/1 138/173/1
f 142/176/1 139/175/1 143/174/1
f 142/176/1 140/177/1 139/175/1
f 141/178/1 140/177/1 142/176/1
f 193/179/1 195/180/1 194/181/1
f 193/179/1 196/90/1 195/180/1
f 193/179/1 197/182/1 196/90/1
f 193/179/1 198/183/1 197/182/1
f 192/184/1 198/183/1 193/179/1
f 192/184/1 199/185/1 198/183/1
f 191/76/1 199/185/1 192/184/1
f 191/76/1 200/186/1 199/185/1
f 190/187/1 200/186/1 191/76/1
f 190/187/1 201/128/1 200/186/1
f 189/188/1 201/128/1 190/187/1
f 189/188/1 202/189/1 201/128/1
f 188/190/1 202/189/1 189/188/1
f 188/190/1 203/191/1 202/189/1
f 187/192/1 203/191/1 188/190/1
f 217/193/1 219/194/1 218/195/1
f 187/192/1 204/196/1 203/191/1
f 186/87/1 204/196/1 187/192/1
f 186/87/1 205/197/1 204/196/1
f 185/198/1 205/197/1 186/87/1
f 216/147/1 219/194/1 217/193/1
f 185/198/1 206/116/1 205/197/1
f 184/199/1 206/116/1 185/198/1
f 184/199/1 183/200/1 206/116/1
f 183/200/1 182/201/1 206/116/1
f 182/201/1 181/29/1 206/116/1
f 215/202/1 219/194/1 216/147/1
f 215/202/1 220/203/1 219/194/1
f 214/204/1 220/203/1 215/202/1
f 214/204/1 221/158/1 220/203/1
f 213/205/1 221/158/1 214/204/1
f 213/205/1 222/206/1 221/158/1
f 212/207/1 222/206/1 213/205/1
f 212/207/1 223/208/1 222/206/1
f 211/154/1 223/208/1 212/207/1
f 211/154/1 224/209/1 223/208/1
f 210/210/1 224/209/1 211/154/1
f 210/210/1 225/211/1 224/209/1
f 209/212/1 225/211/1 210/210/1
f 209/212/1 226/173/1 225/211/1
f 208/213/1 226/173/1 209/212/1
f 208/213/1 227/214/1 226/173/1
f 207/215/1 227/214/1 208/213/1
f 207/215/1 228/216/1 227/214/1
f 256/27/1 228/216/1 207/215/1
f 256/27/1 229/217/1 228/216/1
f 255/218/1 229/217/1 256/27/1
f 254/219/1 229/217/1 255/218/1
f 254/219/1 230/220/1 229/217/1
f 253/221/1 230/220/1 254/219/1
f 252/222/1 230/220/1 253/221/1
f 252/222/1 231/171/1 230/220/1
f 251/113/1 231/171/1 252/222/1
f 250/223/1 231/171/1 251/113/1
f 250/223/1 232/224/1 231/171/1
f 249/225/1 232/224/1 250/223/1
f 249/225/1 233/226/1 232/224/1
f 248/227/1 233/226/1 249/225/1
f 248/227/1 234/228/1 233/226/1
f 247/229/1 234/228/1 248/227/1
f 247/229/1 235/230/1 234/228/1
f 246/129/1 235/230/1 247/229/1
f 245/231/1 235/230/1 246/129/1
f 245/231/1 236/157/1 235/230/1
f 244/232/1 236/157/1 245/231/1
f 243/233/1 236/157/1 244/232/1
f 243/233/1 237/234/1 236/157/1
f 243/233/1 238/235/1 237/234/1
f 243/233/1 239/236/1 238/235/1
f 243/233/1 240/237/1 239/236/1
f 243/233/1 241/136/1 240/237/1
f 243/233/1 242/238/1 241/136/1
f 440/239/1 442/240/1 441/241/1
f 402/242/1 404/243/1 403/244/1
f 440/239/1 443/245/1 442/240/1
f 401/246/1 404/243/1 402/242/1
f 440/239/1 444/247/1 443/245/1
f 400/248/1 404/243/1 401/246/1
f 440/239/1 445/249/1 444/247/1
f 399/250/1 404/243/1 400/248/1
f 440/239/1 446/251/1 445/249/1
f 398/252/1 404/243/1 399/250/1
f 440/239/1 447/253/1 446/251/1
f 397/161/1 404/243/1 398/252/1
f 440/239/1 448/254/1 447/253/1
f 396/255/1 404/243/1 397/161/1
f 440/239/1 449/256/1 448/254/1
f 395/257/1 404/243/1 396/255/1
f 440/239/1 450/258/1 449/256/1
f 394/259/1 404/243/1 395/257/1
f 440/239/1 451/260/1 450/258/1
f 393/261/1 404/243/1 394/259/1
f 440/239/1 452/262/1 451/260/1
f 392/263/1 404/243/1 393/261/1
f 440/239/1 453/27/1 452/262/1
f 391/264/1 404/243/1 392/263/1
f 440/239/1 380/265/1 453/27/1
f 440/239/1 381/266/1 380/265/1
f 440/239/1 382/267/1 381/266/1
f 440/239/1 383/268/1 382/267/1
f 440/239/1 384/269/1 383/268/1
f 440/239/1 385/270/1 384/269/1
f 440/239/1 386/271/1 385/270/1
f 440/239/1 387/272/1 386/271/1
f 440/239/1 388/273/1 387/272/1
f 440/239/1 389/274/1 388/273/1
f 440/239/1 390/275/1 389/274/1
f 440/239/1 391/264/1 390/275/1
f 440/239/1 439/276/1 391/264/1
f 439/276/1 438/277/1 391/264/1
f 438/277/1 437/278/1 391/264/1
f 437/278/1 436/279/1 391/264/1
f 436/279/1 435/280/1 391/264/1
f 435/280/1 434/281/1 391/264/1
f 434/281/1 433/282/1 391/264/1
f 433/282/1 432/283/1 391/264/1
f 432/283/1 431/284/1 391/264/1
f 431/284/1 430/285/1 391/264/1
f 430/285/1 429/286/1 391/264/1
f 429/286/1 428/287/1 391/264/1
f 428/287/1 427/288/1 391/264/1
f 427/288/1 426/289/1 391/264/1
f 426/289/1 425/130/1 391/264/1
f 425/130/1 423/290/1 391/264/1
f 423/290/1 422/291/1 391/264/1
f 422/291/1 420/292/1 391/264/1
f 420/292/1 419/293/1 391/264/1
f 419/293/1 418/294/1 391/264/1
f 418/294/1 417/295/1 391/264/1
f 417/295/1 416/296/1 391/264/1
f 416/296/1 415/297/1 391/264/1
f 415/297/1 414/298/1 391/264/1
f 414/298/1 413/299/1 391/264/1
f 413/299/1 412/300/1 391/264/1
f 412/300/1 411/301/1 391/264/1
f 411/301/1 410/302/1 391/264/1
f 410/302/1 409/303/1 391/264/1
f 409/303/1 408/304/1 391/264/1
f 408/304/1 407/305/1 391/264/1
f 407/305/1 406/306/1 391/264/1
f 406/306/1 405/307/1 391/264/1
f 405/307/1 404/243/1 391/264/1
f 424/308/2 423/290/2 425/130/2
f 421/309/1 420/292/1 422/291/1
f 365/310/1 367/311/1 366/312/1
f 364/313/1 367/311/1 365/310/1
f 329/314/1 331/315/1 330/316/1
f 363/317/1 367/311/1 364/313/1
f 329/314/1 332/318/1 331/315/1
f 362/319/1 367/311/1 363/317/1
f 329/314/1 333/320/1 332/318/1
f 329/314/1 334/321/1 333/320/1
f 361/322/1 367/311/1 362/319/1
f 329/314/1 335/323/1 334/321/1
f 360/324/1 367/311/1 361/322/1
f 329/314/1 336/325/1 335/323/1
f 359/326/1 367/311/1 360/324/1
f 329/314/1 337/327/1 336/325/1
f 358/328/1 367/311/1 359/326/1
f 329/314/1 338/329/1 337/327/1
f 357/330/1 367/311/1 358/328/1
f 329/314/1 339/331/1 338/329/1
f 356/332/1 367/311/1 357/330/1
f 329/314/1 340/333/1 339/331/1
f 355/334/1 367/311/1 356/332/1
f 329/314/1 341/151/1 340/333/1
f 354/335/1 367/311/1 355/334/1
f 329/314/1 342/336/1 341/151/1
f 329/314/1 343/337/1 342/336/1
f 329/314/1 344/338/1 343/337/1
f 329/314/1 345/339/1 344/338/1
f 329/314/1 346/340/1 345/339/1
f 329/314/1 347/341/1 346/340/1
f 329/314/1 348/342/1 347/341/1
f 329/314/1 349/343/1 348/342/1
f 329/314/1 350/344/1 349/343/1
f 329/314/1 351/345/1 350/344/1
f 329/314/1 352/346/1 351/345/1
f 329/314/1 353/347/1 352/346/1
f 329/314/1 354/335/1 353/347/1
f 329/314/1 367/311/1 354/335/1
f 329/314/1 368/348/1 367/311/1
f 329/314/1 369/166/1 368/348/1
f 329/314/1 370/349/1 369/166/1
f 329/314/1 371/350/1 370/349/1
f 329/314/1 328/351/1 371/350/1
f 328/351/1 372/352/1 371/350/1
f 328/351/1 327/353/1 372/352/1
f 327/353/1 373/354/1 372/352/1
f 327/353/1 374/355/1 373/354/1
f 327/353/1 326/356/1 374/355/1
f 326/356/1 375/357/1 374/355/1
f 326/356/1 325/358/1 375/357/1
f 325/358/1 376/359/1 375/357/1
f 325/358/1 324/360/1 376/359/1
f 324/360/1 377/361/1 376/359/1
f 324/360/1 323/362/1 377/361/1
f 323/362/1 378/363/1 377/361/1
f 323/362/1 379/364/1 378/363/1
f 323/362/4 322/365/4 379/364/4
f 322/365/1 321/366/1 379/364/1
f 321/366/1 320/367/1 379/364/1
f 320/367/1 319/368/1 379/364/1
f 319/368/1 318/369/1 379/364/1
f 318/369/1 317/370/1 379/364/1
f 317/370/1 316/371/1 379/364/1
f 316/371/1 315/372/1 379/364/1
f 315/372/1 314/373/1 379/364/1
f 314/373/1 313/125/1 379/364/1
f 313/125/1 312/374/1 379/364/1
f 312/374/1 311/375/1 379/364/1
f 311/375/1 310/376/1 379/364/1
f 310/376/1 309/377/1 379/364/1
f 309/377/1 308/378/1 379/364/1
f 308/378/1 307/379/1 379/364/1
f 307/379/1 306/380/1 379/364/1
f 306/380/1 305/381/1 379/364/1
f 305/381/1 257/29/1 379/364/1
f 304/382/1 257/29/1 305/381/1
f 304/382/1 258/383/1 257/29/1
f 303/384/1 258/383/1 304/382/1
f 303/384/1 259/385/1 258/383/1
f 302/386/1 259/385/1 303/384/1
f 301/387/1 259/385/1 302/386/1
f 301/387/1 260/388/1 259/385/1
f 300/389/1 260/388/1 301/387/1
f 300/389/1 261/390/1 260/388/1
f 299/391/1 261/390/1 300/389/1
f 299/391/1 262/392/1 261/390/1
f 298/393/1 262/392/1 299/391/1
f 298/393/1 263/394/1 262/392/1
f 297/395/1 263/394/1 298/393/1
f 296/396/1 263/394/1 297/395/1
f 296/396/1 264/397/1 263/394/1
f 295/398/1 264/397/1 296/396/1
f 295/398/1 265/399/1 264/397/1
f 294/400/1 265/399/1 295/398/1
f 294/400/1 266/401/1 265/399/1
f 293/402/1 266/401/1 294/400/1
f 292/403/1 266/401/1 293/402/1
f 292/403/1 267/404/1 266/401/1
f 291/405/1 267/404/1 292/403/1
f 291/405/1 268/406/1 267/404/1
f 290/407/1 268/406/1 291/405/1
f 290/407/1 269/408/1 268/406/1
f 289/409/1 269/408/1 290/407/1
f 289/409/1 270/410/1 269/408/1
f 288/411/1 270/410/1 289/409/1
f 288/411/1 271/412/1 270/410/1
f 287/413/1 271/412/1 288/411/1
f 286/414/1 271/412/1 287/413/1
f 286/414/1 272/415/1 271/412/1
f 285/78/1 272/415/1 286/414/1
f 285/78/1 273/416/1 272/415/1
f 284/417/1 273/416/1 285/78/1
f 283/418/1 273/416/1 284/417/1
f 283/418/1 274/419/1 273/416/1
f 282/420/1 274/419/1 283/418/1
f 281/421/1 274/419/1 282/420/1
f 281/421/1 275/422/1 274/419/1
f 280/423/1 275/422/1 281/421/1
f 280/423/1 276/424/1 275/422/1
f 280/423/1 277/425/1 276/424/1
f 280/423/1 278/426/1 277/425/1
f 280/423/1 279/427/1 278/426/1
f 550/428/1 552/429/1 551/430/1
f 550/428/1 553/431/1 552/429/1
f 549/432/1 553/431/1 550/428/1
f 549/432/1 554/433/1 553/431/1
f 548/434/1 554/433/1 549/432/1
f 548/434/1 555/435/1 554/433/1
f 547/436/1 555/435/1 548/434/1
f 547/436/1 556/437/1 555/435/1
f 546/438/1 556/437/1 547/436/1
f 546/438/1 557/439/1 556/437/1
f 545/440/1 557/439/1 546/438/1
f 545/440/1 558/441/1 557/439/1
f 544/442/1 558/441/1 545/440/1
f 544/442/1 559/443/1 558/441/1
f 543/444/1 559/443/1 544/442/1
f 543/444/1 560/445/1 559/443/1
f 542/446/1 560/445/1 543/444/1
f 542/446/1 561/447/1 560/445/1
f 541/448/1 561/447/1 542/446/1
f 541/448/1 562/449/1 561/447/1
f 540/334/1 562/449/1 541/448/1
f 540/334/1 563/450/1 562/449/1
f 539/451/1 563/450/1 540/334/1
f 539/451/1 564/452/1 563/450/1
f 538/453/1 564/452/1 539/451/1
f 538/453/1 565/454/1 564/452/1
f 538/453/1 566/455/1 565/454/1
f 537/456/1 566/455/1 538/453/1
f 537/456/1 567/457/1 566/455/1
f 536/458/1 567/457/1 537/456/1
f 536/458/1 568/459/1 567/457/1
f 535/460/1 568/459/1 536/458/1
f 535/460/1 569/461/1 568/459/1
f 534/462/1 569/461/1 535/460/1
f 534/462/1 570/463/1 569/461/1
f 533/464/1 570/463/1 534/462/1
f 533/464/1 571/465/1 570/463/1
f 532/466/1 571/465/1 533/464/1
f 587/467/1 589/468/1 588/469/1
f 586/470/1 589/468/1 587/467/1
f 532/466/1 572/471/1 571/465/1
f 531/472/1 572/471/1 532/466/1
f 585/473/1 589/468/1 586/470/1
f 585/473/1 590/474/1 589/468/1
f 584/475/1 590/474/1 585/473/1
f 531/472/1 573/476/1 572/471/1
f 584/475/1 591/477/1 590/474/1
f 583/243/1 591/477/1 584/475/1
f 530/478/1 573/476/1 531/472/1
f 583/243/1 592/479/1 591/477/1
f 582/480/1 592/479/1 583/243/1
f 581/481/1 592/479/1 582/480/1
f 530/478/1 574/482/1 573/476/1
f 581/481/1 593/483/1 592/479/1
f 529/484/1 574/482/1 530/478/1
f 580/485/1 593/483/1 581/481/1
f 580/485/1 594/486/1 593/483/1
f 579/487/1 594/486/1 580/485/1
f 529/484/1 575/488/1 574/482/1
f 579/487/1 595/489/1 594/486/1
f 578/490/1 595/489/1 579/487/1
f 528/491/1 575/488/1 529/484/1
f 577/492/1 595/489/1 578/490/1
f 577/492/1 596/493/1 595/489/1
f 528/491/1 576/494/1 575/488/1
f 576/494/1 596/493/1 577/492/1
f 528/491/1 596/493/1 576/494/1
f 626/27/1 596/493/1 528/491/1
f 626/27/1 597/495/1 596/493/1
f 625/496/1 597/495/1 626/27/1
f 624/497/1 597/495/1 625/496/1
f 624/497/1 598/498/1 597/495/1
f 623/499/1 598/498/1 624/497/1
f 622/500/1 598/498/1 623/499/1
f 621/501/1 598/498/1 622/500/1
f 620/502/1 598/498/1 621/501/1
f 620/502/1 599/503/1 598/498/1
f 619/504/1 599/503/1 620/502/1
f 618/505/1 599/503/1 619/504/1
f 617/506/1 599/503/1 618/505/1
f 616/507/1 599/503/1 617/506/1
f 616/507/1 600/508/1 599/503/1
f 615/509/1 600/508/1 616/507/1
f 614/510/1 600/508/1 615/509/1
f 613/511/1 612/512/1 614/510/1
f 612/512/1 611/513/1 614/510/1
f 611/513/1 610/514/1 614/510/1
f 610/514/1 609/515/1 614/510/1
f 609/515/1 608/516/1 614/510/1
f 608/516/1 607/517/1 614/510/1
f 607/517/1 606/518/1 614/510/1
f 606/518/1 605/519/1 614/510/1
f 605/519/1 604/520/1 614/510/1
f 604/520/1 603/521/1 614/510/1
f 603/521/1 602/522/1 614/510/1
f 602/522/1 601/523/1 614/510/1
f 601/523/1 600/508/1 614/510/1
f 476/524/1 478/525/1 477/526/1
f 476/524/1 479/527/1 478/525/1
f 476/524/1 480/528/1 479/527/1
f 475/529/1 480/528/1 476/524/1
f 475/529/1 481/530/1 480/528/1
f 474/531/1 481/530/1 475/529/1
f 474/531/1 482/532/1 481/530/1
f 473/533/1 482/532/1 474/531/1
f 473/533/1 483/534/1 482/532/1
f 472/535/1 483/534/1 473/533/1
f 472/535/1 484/536/1 483/534/1
f 471/537/1 484/536/1 472/535/1
f 471/537/1 485/538/1 484/536/1
f 470/539/1 485/538/1 471/537/1
f 470/539/1 486/540/1 485/538/1
f 469/541/1 486/540/1 470/539/1
f 469/541/1 487/542/1 486/540/1
f 468/543/1 487/542/1 469/541/1
f 468/543/1 488/544/1 487/542/1
f 467/545/1 488/544/1 468/543/1
f 467/545/1 489/546/1 488/544/1
f 466/547/1 489/546/1 467/545/1
f 466/547/1 490/548/1 489/546/1
f 465/549/1 490/548/1 466/547/1
f 465/549/1 491/550/1 490/548/1
f 464/551/1 491/550/1 465/549/1
f 464/551/1 492/552/1 491/550/1
f 463/553/1 492/552/1 464/551/1
f 462/554/1 492/552/1 463/553/1
f 462/554/1 493/555/1 492/552/1
f 461/556/1 493/555/1 462/554/1
f 461/556/1 494/557/1 493/555/1
f 460/558/1 494/557/1 461/556/1
f 460/558/1 495/559/1 494/557/1
f 459/560/1 495/559/1 460/558/1
f 459/560/1 496/561/1 495/559/1
f 458/562/1 496/561/1 459/560/1
f 458/562/1 497/380/1 496/561/1
f 457/563/1 497/380/1 458/562/1
f 457/563/1 498/564/1 497/380/1
f 456/565/1 498/564/1 457/563/1
f 456/565/1 499/566/1 498/564/1
f 455/567/1 499/566/1 456/565/1
f 455/567/1 500/568/1 499/566/1
f 454/29/1 500/568/1 455/567/1
f 454/29/1 501/569/1 500/568/1
f 527/570/1 501/569/1 454/29/1
f 527/570/1 502/571/1 501/569/1
f 526/572/1 502/571/1 527/570/1
f 526/572/1 503/573/1 502/571/1
f 525/574/1 503/573/1 526/572/1
f 524/575/1 503/573/1 525/574/1
f 524/575/1 504/576/1 503/573/1
f 523/577/1 504/576/1 524/575/1
f 523/577/1 505/578/1 504/576/1
f 522/579/1 505/578/1 523/577/1
f 522/579/1 506/580/1 505/578/1
f 521/581/1 506/580/1 522/579/1
f 521/581/1 507/582/1 506/580/1
f 520/583/1 507/582/1 521/581/1
f 520/583/1 508/584/1 507/582/1
f 519/585/1 508/584/1 520/583/1
f 519/585/1 509/586/1 508/584/1
f 518/587/1 509/586/1 519/585/1
f 517/588/1 509/586/1 518/587/1
f 517/588/1 510/589/1 509/586/1
f 516/590/1 510/589/1 517/588/1
f 516/590/1 511/591/1 510/589/1
f 515/592/1 511/591/1 516/590/1
f 515/592/1 512/593/1 511/591/1
f 514/594/1 512/593/1 515/592/1
f 514/594/1 513/595/1 512/593/1
f 729/596/1 731/597/1 730/598/1
f 729/596/1 732/599/1 731/597/1
f 728/600/1 732/599/1 729/596/1
f 728/600/1 733/601/1 732/599/1
f 727/602/1 733/601/1 728/600/1
f 727/602/1 734/603/1 733/601/1
f 726/268/1 734/603/1 727/602/1
f 726/268/1 735/604/1 734/603/1
f 725/605/1 735/604/1 726/268/1
f 725/605/1 736/606/1 735/604/1
f 724/607/1 736/606/1 725/605/1
f 724/607/1 737/161/1 736/606/1
f 723/608/1 737/161/1 724/607/1
f 723/608/1 738/609/1 737/161/1
f 722/610/1 738/609/1 723/608/1
f 722/610/1 739/611/1 738/609/1
f 721/612/1 739/611/1 722/610/1
f 721/612/1 740/613/1 739/611/1
f 720/614/1 740/613/1 721/612/1
f 720/614/1 741/615/1 740/613/1
f 719/616/1 741/615/1 720/614/1
f 719/616/1 742/617/1 741/615/1
f 718/618/1 742/617/1 719/616/1
f 718/618/1 743/619/1 742/617/1
f 717/620/1 743/619/1 718/618/1
f 717/620/1 744/621/1 743/619/1
f 767/622/1 769/623/1 768/624/1
f 766/625/1 769/623/1 767/622/1
f 765/626/1 769/623/1 766/625/1
f 764/627/1 769/623/1 765/626/1
f 763/628/1 769/623/1 764/627/1
f 762/629/1 769/623/1 763/628/1
f 761/630/1 769/623/1 762/629/1
f 760/631/1 769/623/1 761/630/1
f 759/130/1 769/623/1 760/631/1
f 758/632/1 769/623/1 759/130/1
f 757/633/1 769/623/1 758/632/1
f 756/634/1 769/623/1 757/633/1
f 755/635/1 769/623/1 756/634/1
f 754/636/1 769/623/1 755/635/1
f 753/637/1 769/623/1 754/636/1
f 752/638/1 769/623/1 753/637/1
f 751/639/1 769/623/1 752/638/1
f 750/640/1 769/623/1 751/639/1
f 750/640/1 770/276/1 769/623/1
f 749/641/1 770/276/1 750/640/1
f 749/641/1 771/642/1 770/276/1
f 749/641/1 772/643/1 771/642/1
f 749/641/1 773/644/1 772/643/1
f 748/301/1 773/644/1 749/641/1
f 748/301/1 774/645/1 773/644/1
f 748/301/1 775/646/1 774/645/1
f 747/647/1 775/646/1 748/301/1
f 747/647/1 776/648/1 775/646/1
f 747/647/1 777/649/1 776/648/1
f 746/650/1 777/649/1 747/647/1
f 746/650/1 778/651/1 777/649/1
f 746/650/1 779/652/1 778/651/1
f 746/650/1 780/653/1 779/652/1
f 745/654/1 780/653/1 746/650/1
f 745/654/1 781/27/1 780/653/1
f 745/654/1 651/655/1 781/27/1
f 651/655/1 627/29/1 781/27/1
f 744/621/1 651/655/1 745/654/1
f 717/620/1 651/655/1 744/621/1
f 717/620/1 652/656/1 651/655/1
f 650/657/1 627/29/1 651/655/1
f 650/657/1 628/658/1 627/29/1
f 716/659/1 652/656/1 717/620/1
f 649/78/1 628/658/1 650/657/1
f 715/166/1 652/656/1 716/659/1
f 714/660/1 652/656/1 715/166/1
f 713/661/1 652/656/1 714/660/1
f 712/662/1 652/656/1 713/661/1
f 649/78/1 629/663/1 628/658/1
f 648/664/1 629/663/1 649/78/1
f 711/665/1 652/656/1 712/662/1
f 710/666/1 652/656/1 711/665/1
f 709/667/1 652/656/1 710/666/1
f 708/668/1 652/656/1 709/667/1
f 707/669/1 652/656/1 708/668/1
f 647/670/1 629/663/1 648/664/1
f 706/671/1 652/656/1 707/669/1
f 705/672/1 652/656/1 706/671/1
f 704/334/1 703/673/1 705/672/1
f 703/673/1 652/656/1 705/672/1
f 647/670/1 630/674/1 629/663/1
f 646/675/1 630/674/1 647/670/1
f 703/673/1 653/676/1 652/656/1
f 646/675/1 631/677/1 630/674/1
f 702/678/1 653/676/1 703/673/1
f 645/679/1 631/677/1 646/675/1
f 645/679/1 632/680/1 631/677/1
f 644/681/1 632/680/1 645/679/1
f 644/681/1 633/682/1 632/680/1
f 643/683/1 633/682/1 644/681/1
f 642/684/1 633/682/1 643/683/1
f 642/684/1 634/685/1 633/682/1
f 641/686/1 634/685/1 642/684/1
f 641/686/1 635/687/1 634/685/1
f 640/688/1 635/687/1 641/686/1
f 640/688/1 636/689/1 635/687/1
f 639/690/1 636/689/1 640/688/1
f 639/690/1 637/691/1 636/689/1
f 638/412/1 637/691/1 639/690/1
f 702/678/1 654/692/1 653/676/1
f 702/678/1 655/693/1 654/692/1
f 701/694/1 655/693/1 702/678/1
f 701/694/1 656/695/1 655/693/1
f 701/694/1 657/696/1 656/695/1
f 700/697/1 657/696/1 701/694/1
f 700/697/1 658/698/1 657/696/1
f 676/699/1 678/700/1 677/701/1
f 700/697/1 659/702/1 658/698/1
f 699/703/1 659/702/1 700/697/1
f 675/704/1 678/700/1 676/699/1
f 674/705/1 678/700/1 675/704/1
f 699/703/1 660/391/1 659/702/1
f 673/706/1 678/700/1 674/705/1
f 699/703/1 661/707/1 660/391/1
f 672/708/1 678/700/1 673/706/1
f 671/125/1 678/700/1 672/708/1
f 699/703/1 662/709/1 661/707/1
f 670/710/1 678/700/1 671/125/1
f 698/711/1 662/709/1 699/703/1
f 669/712/1 678/700/1 670/710/1
f 698/711/1 663/713/1 662/709/1
f 668/714/1 678/700/1 669/712/1
f 698/711/1 664/715/1 663/713/1
f 667/716/1 678/700/1 668/714/1
f 666/717/1 678/700/1 667/716/1
f 698/711/1 665/718/1 664/715/1
f 665/718/1 678/700/1 666/717/1
f 698/711/1 678/700/1 665/718/1
f 697/719/1 678/700/1 698/711/1
f 696/720/1 678/700/1 697/719/1
f 695/721/1 678/700/1 696/720/1
f 694/722/1 678/700/1 695/721/1
f 694/722/1 679/723/1 678/700/1
f 694/722/1 680/724/1 679/723/1
f 693/151/1 680/724/1 694/722/1
f 693/151/1 681/725/1 680/724/1
f 693/151/1 682/353/1 681/725/1
f 693/151/1 683/726/1 682/353/1
f 692/727/1 683/726/1 693/151/1
f 692/727/1 684/728/1 683/726/1
f 692/727/1 685/729/1 684/728/1
f 691/730/1 685/729/1 692/727/1
f 691/730/1 686/731/1 685/729/1
f 691/730/1 687/732/1 686/731/1
f 691/730/1 688/733/1 687/732/1
f 690/734/1 688/733/1 691/730/1
f 690/734/1 689/735/1 688/733/1
f 894/736/1 896/105/1 895/737/1
f 893/738/1 896/105/1 894/736/1
f 892/739/1 896/105/1 893/738/1
f 891/740/1 896/105/1 892/739/1
f 890/130/1 896/105/1 891/740/1
f 890/130/1 897/741/1 896/105/1
f 889/742/1 897/741/1 890/130/1
f 889/742/1 898/743/1 897/741/1
f 888/744/1 898/743/1 889/742/1
f 888/744/1 899/276/1 898/743/1
f 887/745/1 899/276/1 888/744/1
f 887/745/1 900/746/1 899/276/1
f 886/747/1 900/746/1 887/745/1
f 886/747/1 901/748/1 900/746/1
f 885/749/1 901/748/1 886/747/1
f 885/749/1 902/117/1 901/748/1
f 884/135/1 902/117/1 885/749/1
f 884/135/1 903/750/1 902/117/1
f 883/751/1 903/750/1 884/135/1
f 882/752/1 903/750/1 883/751/1
f 882/752/1 904/753/1 903/750/1
f 882/752/1 905/754/1 904/753/1
f 882/752/1 906/755/1 905/754/1
f 882/752/1 907/756/1 906/755/1
f 881/301/1 907/756/1 882/752/1
f 881/301/1 908/27/1 907/756/1
f 881/301/1 782/29/1 908/27/1
f 880/757/1 782/29/1 881/301/1
f 794/81/1 796/758/1 795/759/1
f 793/760/1 796/758/1 794/81/1
f 792/761/1 796/758/1 793/760/1
f 791/412/1 796/758/1 792/761/1
f 790/762/1 796/758/1 791/412/1
f 789/763/1 796/758/1 790/762/1
f 788/91/1 796/758/1 789/763/1
f 787/764/1 796/758/1 788/91/1
f 786/765/1 796/758/1 787/764/1
f 785/766/1 796/758/1 786/765/1
f 784/767/1 796/758/1 785/766/1
f 783/768/1 796/758/1 784/767/1
f 880/757/1 783/768/1 782/29/1
f 880/757/1 796/758/1 783/768/1
f 879/769/1 796/758/1 880/757/1
f 879/769/1 797/770/1 796/758/1
f 878/140/1 797/770/1 879/769/1
f 878/140/1 798/771/1 797/770/1
f 878/140/1 799/772/1 798/771/1
f 878/140/1 800/78/1 799/772/1
f 878/140/1 801/773/1 800/78/1
f 878/140/1 802/774/1 801/773/1
f 878/140/1 803/775/1 802/774/1
f 878/140/1 804/776/1 803/775/1
f 877/777/1 858/778/1 878/140/1
f 858/778/1 804/776/1 878/140/1
f 858/778/1 805/779/1 804/776/1
f 858/778/1 857/780/1 805/779/1
f 857/780/1 806/88/1 805/779/1
f 877/777/1 859/781/1 858/778/1
f 856/782/1 806/88/1 857/780/1
f 856/782/1 807/783/1 806/88/1
f 856/782/1 808/784/1 807/783/1
f 856/782/1 809/391/1 808/784/1
f 876/785/1 859/781/1 877/777/1
f 876/785/1 860/177/1 859/781/1
f 855/786/1 809/391/1 856/782/1
f 855/786/1 810/787/1 809/391/1
f 876/785/1 861/788/1 860/177/1
f 854/166/1 810/787/1 855/786/1
f 875/789/1 861/788/1 876/785/1
f 875/789/1 862/790/1 861/788/1
f 854/166/1 811/791/1 810/787/1
f 853/792/1 811/791/1 854/166/1
f 874/793/1 862/790/1 875/789/1
f 874/793/1 863/268/1 862/790/1
f 853/792/1 812/98/1 811/791/1
f 852/794/1 812/98/1 853/792/1
f 874/793/1 864/795/1 863/268/1
f 873/796/1 864/795/1 874/793/1
f 852/794/1 813/797/1 812/98/1
f 873/796/1 865/798/1 864/795/1
f 851/799/1 813/797/1 852/794/1
f 872/161/1 865/798/1 873/796/1
f 872/161/1 866/171/1 865/798/1
f 851/799/1 814/800/1 813/797/1
f 850/801/1 814/800/1 851/799/1
f 871/802/1 866/171/1 872/161/1
f 871/802/1 867/803/1 866/171/1
f 850/801/1 815/804/1 814/800/1
f 849/805/1 815/804/1 850/801/1
f 871/802/1 868/806/1 867/803/1
f 870/807/1 868/806/1 871/802/1
f 870/807/1 869/808/1 868/806/1
f 848/156/1 815/804/1 849/805/1
f 848/156/1 816/809/1 815/804/1
f 847/810/1 816/809/1 848/156/1
f 847/810/1 817/811/1 816/809/1
f 846/812/1 817/811/1 847/810/1
f 846/812/1 818/125/1 817/811/1
f 845/334/1 818/125/1 846/812/1
f 845/334/1 819/813/1 818/125/1
f 844/814/1 819/813/1 845/334/1
f 844/814/1 820/815/1 819/813/1
f 843/816/1 820/815/1 844/814/1
f 843/816/1 821/817/1 820/815/1
f 842/146/1 821/817/1 843/816/1
f 842/146/1 822/818/1 821/817/1
f 841/819/1 822/818/1 842/146/1
f 841/819/1 823/820/1 822/818/1
f 840/821/1 823/820/1 841/819/1
f 839/822/1 823/820/1 840/821/1
f 839/822/1 824/116/1 823/820/1
f 838/823/1 824/116/1 839/822/1
f 838/823/1 825/824/1 824/116/1
f 837/825/1 825/824/1 838/823/1
f 837/825/1 826/826/1 825/824/1
f 836/151/1 826/826/1 837/825/1
f 836/151/1 827/353/1 826/826/1
f 835/827/1 827/353/1 836/151/1
f 835/827/1 828/828/1 827/353/1
f 834/829/1 828/828/1 835/827/1
f 833/830/1 828/828/1 834/829/1
f 833/830/1 829/831/1 828/828/1
f 832/832/1 829/831/1 833/830/1
f 832/832/1 830/108/1 829/831/1
f 832/832/1 831/833/1 830/108/1
f 1003/834/1 957/835/1 1004/836/1
f 1002/837/1 957/835/1 1003/834/1
f 1002/837/1 958/838/1 957/835/1
f 1001/839/1 958/838/1 1002/837/1
f 1001/839/1 959/840/1 958/838/1
f 1000/841/1 959/840/1 1001/839/1
f 1000/841/1 960/842/1 959/840/1
f 999/843/1 960/842/1 1000/841/1
f 999/843/1 961/844/1 960/842/1
f 998/845/1 961/844/1 999/843/1
f 998/845/1 962/846/1 961/844/1
f 997/847/1 962/846/1 998/845/1
f 997/847/1 963/848/1 962/846/1
f 996/849/1 933/850/1 997/847/1
f 933/850/1 932/851/1 997/847/1
f 932/851/1 963/848/1 997/847/1
f 932/851/1 931/852/1 963/848/1
f 931/852/1 964/853/1 963/848/1
f 930/854/1 964/853/1 931/852/1
f 996/849/1 934/855/1 933/850/1
f 929/856/1 964/853/1 930/854/1
f 996/849/1 935/857/1 934/855/1
f 928/858/1 964/853/1 929/856/1
f 996/849/1 936/859/1 935/857/1
f 927/860/1 964/853/1 928/858/1
f 996/849/1 937/861/1 936/859/1
f 995/862/1 937/861/1 996/849/1
f 927/860/1 965/863/1 964/853/1
f 926/864/1 965/863/1 927/860/1
f 995/862/1 938/865/1 937/861/1
f 1151/866/1 1153/867/1 1152/868/1
f 1151/866/1 1154/869/1 1153/867/1
f 925/870/1 965/863/1 926/864/1
f 995/862/1 939/871/1 938/865/1
f 1151/866/1 1155/872/1 1154/869/1
f 1150/873/1 1155/872/1 1151/866/1
f 994/874/1 939/871/1 995/862/1
f 925/870/1 966/875/1 965/863/1
f 1150/873/1 1156/876/1 1155/872/1
f 924/877/1 966/875/1 925/870/1
f 994/874/1 940/878/1 939/871/1
f 1149/879/1 1156/876/1 1150/873/1
f 1149/879/1 1157/880/1 1156/876/1
f 1148/881/1 1157/880/1 1149/879/1
f 923/882/1 966/875/1 924/877/1
f 994/874/1 941/883/1 940/878/1
f 993/884/1 941/883/1 994/874/1
f 923/882/1 967/885/1 966/875/1
f 1148/881/1 1158/886/1 1157/880/1
f 1147/887/1 1158/886/1 1148/881/1
f 922/888/1 967/885/1 923/882/1
f 993/884/1 942/889/1 941/883/1
f 1147/887/1 1159/890/1 1158/886/1
f 1146/891/1 1159/890/1 1147/887/1
f 921/892/1 967/885/1 922/888/1
f 993/884/1 943/893/1 942/889/1
f 992/894/1 943/893/1 993/884/1
f 921/892/1 968/895/1 967/885/1
f 1146/891/1 1160/896/1 1159/890/1
f 1145/897/1 1160/896/1 1146/891/1
f 920/898/1 968/895/1 921/892/1
f 992/894/1 944/899/1 943/893/1
f 1145/897/1 1161/900/1 1160/896/1
f 1144/901/1 1161/900/1 1145/897/1
f 1144/901/1 1162/902/1 1161/900/1
f 991/903/1 944/899/1 992/894/1
f 991/903/1 945/904/1 944/899/1
f 919/905/1 968/895/1 920/898/1
f 919/905/1 969/906/1 968/895/1
f 1143/907/1 1162/902/1 1144/901/1
f 1143/907/1 1163/908/1 1162/902/1
f 1142/909/1 1163/908/1 1143/907/1
f 991/903/1 946/910/1 945/904/1
f 918/911/1 969/906/1 919/905/1
f 1142/909/1 1164/912/1 1163/908/1
f 918/911/1 970/913/1 969/906/1
f 990/914/1 946/910/1 991/903/1
f 1141/915/1 1164/912/1 1142/909/1
f 990/914/1 947/916/1 946/910/1
f 917/917/1 970/913/1 918/911/1
f 1141/915/1 1165/27/1 1164/912/1
f 1140/918/1 1165/27/1 1141/915/1
f 990/914/1 948/919/1 947/916/1
f 916/920/1 970/913/1 917/917/1
f 1139/921/1 1165/27/1 1140/918/1
f 1139/921/1 1005/922/1 1165/27/1
f 916/920/1 971/923/1 970/913/1
f 989/924/1 948/919/1 990/914/1
f 989/924/1 949/925/1 948/919/1
f 915/926/1 971/923/1 916/920/1
f 989/924/1 950/927/1 949/925/1
f 914/928/1 971/923/1 915/926/1
f 914/928/1 972/929/1 971/923/1
f 988/930/1 950/927/1 989/924/1
f 988/930/1 951/931/1 950/927/1
f 913/932/1 972/929/1 914/928/1
f 1138/933/1 1005/922/1 1139/921/1
f 988/930/1 952/934/1 951/931/1
f 912/935/1 972/929/1 913/932/1
f 912/935/1 973/380/1 972/929/1
f 987/936/1 952/934/1 988/930/1
f 987/936/1 953/937/1 952/934/1
f 911/938/1 973/380/1 912/935/1
f 987/936/1 954/939/1 953/937/1
f 910/940/1 973/380/1 911/938/1
f 987/936/1 955/941/1 954/939/1
f 909/29/1 973/380/1 910/940/1
f 987/936/1 956/942/1 955/941/1
f 956/942/1 973/380/1 909/29/1
f 987/936/1 973/380/1 956/942/1
f 987/936/1 974/943/1 973/380/1
f 986/944/1 974/943/1 987/936/1
f 986/944/1 975/945/1 974/943/1
f 985/946/1 975/945/1 986/944/1
f 1137/947/1 1005/922/1 1138/933/1
f 1028/948/1 1030/949/1 1029/950/1
f 985/946/1 976/951/1 975/945/1
f 984/952/1 976/951/1 985/946/1
f 1027/953/1 1030/949/1 1028/948/1
f 1026/954/1 1030/949/1 1027/953/1
f 984/952/1 977/955/1 976/951/1
f 983/956/1 977/955/1 984/952/1
f 1025/957/1 1030/949/1 1026/954/1
f 983/956/1 978/958/1 977/955/1
f 982/959/1 978/958/1 983/956/1
f 1024/960/1 1030/949/1 1025/957/1
f 982/959/1 979/961/1 978/958/1
f 981/962/1 979/961/1 982/959/1
f 1023/963/1 1030/949/1 1024/960/1
f 981/962/1 980/964/1 979/961/1
f 1022/965/1 1030/949/1 1023/963/1
f 1021/966/1 1030/949/1 1022/965/1
f 1020/967/1 1030/949/1 1021/966/1
f 1019/968/1 1030/949/1 1020/967/1
f 1136/969/1 1005/922/1 1137/947/1
f 1018/970/1 1030/949/1 1019/968/1
f 1017/971/1 1030/949/1 1018/970/1
f 1016/972/1 1030/949/1 1017/971/1
f 1015/973/1 1030/949/1 1016/972/1
f 1014/974/1 1030/949/1 1015/973/1
f 1013/975/1 1030/949/1 1014/974/1
f 1013/975/1 1031/976/1 1030/949/1
f 1013/975/1 1032/977/1 1031/976/1
f 1135/978/1 1005/922/1 1136/969/1
f 1013/975/1 1033/979/1 1032/977/1
f 1013/975/1 1034/980/1 1033/979/1
f 1012/981/1 1034/980/1 1013/975/1
f 1012/981/1 1035/982/1 1034/980/1
f 1012/981/1 1036/983/1 1035/982/1
f 1012/981/1 1037/334/1 1036/983/1
f 1011/984/1 1037/334/1 1012/981/1
f 1011/984/1 1038/985/1 1037/334/1
f 1011/984/1 1039/986/1 1038/985/1
f 1011/984/1 1040/987/1 1039/986/1
f 1010/988/1 1040/987/1 1011/984/1
f 1010/988/1 1041/989/1 1040/987/1
f 1010/988/1 1042/990/1 1041/989/1
f 1010/988/1 1043/991/1 1042/990/1
f 1009/992/1 1043/991/1 1010/988/1
f 1009/992/1 1044/993/1 1043/991/1
f 1008/994/1 1044/993/1 1009/992/1
f 1134/995/1 1005/922/1 1135/978/1
f 1007/996/1 1044/993/1 1008/994/1
f 1007/996/1 1045/997/1 1044/993/1
f 1006/998/1 1045/997/1 1007/996/1
f 1006/998/1 1046/999/1 1045/997/1
f 1005/922/1 1046/999/1 1006/998/1
f 1005/922/1 1047/1000/1 1046/999/1
f 1134/995/1 1047/1000/1 1005/922/1
f 1134/995/1 1048/1001/1 1047/1000/1
f 1134/995/1 1049/1002/1 1048/1001/1
f 1133/1003/1 1049/1002/1 1134/995/1
f 1133/1003/1 1050/1004/1 1049/1002/1
f 1133/1003/1 1051/1005/1 1050/1004/1
f 1133/1003/1 1052/1006/1 1051/1005/1
f 1133/1003/1 1053/1007/1 1052/1006/1
f 1133/1003/1 1054/1008/1 1053/1007/1
f 1133/1003/1 1055/1009/1 1054/1008/1
f 1132/1010/1 1055/1009/1 1133/1003/1
f 1131/1011/1 1055/1009/1 1132/1010/1
f 1130/1012/1 1055/1009/1 1131/1011/1
f 1129/1013/1 1055/1009/1 1130/1012/1
f 1128/1014/1 1055/1009/1 1129/1013/1
f 1128/1014/1 1056/1015/1 1055/1009/1
f 1128/1014/1 1057/1016/1 1056/1015/1
f 1127/1017/1 1057/1016/1 1128/1014/1
f 1127/1017/1 1058/1018/1 1057/1016/1
f 1127/1017/1 1059/1019/1 1058/1018/1
f 1127/1017/1 1060/1020/1 1059/1019/1
f 1126/1021/1 1060/1020/1 1127/1017/1
f 1126/1021/1 1061/1022/1 1060/1020/1
f 1090/1023/1 1092/1024/1 1091/1025/1
f 1126/1021/1 1062/1026/1 1061/1022/1
f 1089/1027/1 1092/1024/1 1090/1023/1
f 1126/1021/1 1063/1028/1 1062/1026/1
f 1125/1029/1 1063/1028/1 1126/1021/1
f 1088/1030/1 1092/1024/1 1089/1027/1
f 1125/1029/1 1064/1031/1 1063/1028/1
f 1087/1032/1 1092/1024/1 1088/1030/1
f 1125/1029/1 1065/1033/1 1064/1031/1
f 1086/1034/1 1092/1024/1 1087/1032/1
f 1125/1029/1 1066/1035/1 1065/1033/1
f 1085/1036/1 1092/1024/1 1086/1034/1
f 1125/1029/1 1067/1037/1 1066/1035/1
f 1125/1029/1 1068/1038/1 1067/1037/1
f 1084/1039/1 1092/1024/1 1085/1036/1
f 1124/1040/1 1068/1038/1 1125/1029/1
f 1124/1040/1 1069/1041/1 1068/1038/1
f 1124/1040/1 1070/1042/1 1069/1041/1
f 1083/1043/1 1092/1024/1 1084/1039/1
f 1124/1040/1 1071/1044/1 1070/1042/1
f 1124/1040/1 1072/1045/1 1071/1044/1
f 1082/1046/1 1092/1024/1 1083/1043/1
f 1124/1040/1 1073/1047/1 1072/1045/1
f 1124/1040/1 1074/1048/1 1073/1047/1
f 1081/1049/1 1092/1024/1 1082/1046/1
f 1124/1040/1 1075/1050/1 1074/1048/1
f 1124/1040/1 1076/1051/1 1075/1050/1
f 1080/1052/1 1092/1024/1 1081/1049/1
f 1124/1040/1 1077/1053/1 1076/1051/1
f 1124/1040/1 1078/1054/1 1077/1053/1
f 1079/1055/1 1092/1024/1 1080/1052/1
f 1124/1040/1 1079/1055/1 1078/1054/1
f 1124/1040/1 1092/1024/1 1079/1055/1
f 1123/1056/1 1092/1024/1 1124/1040/1
f 1122/1057/1 1092/1024/1 1123/1056/1
f 1121/1058/1 1092/1024/1 1122/1057/1
f 1120/1059/1 1092/1024/1 1121/1058/1
f 1119/1060/1 1092/1024/1 1120/1059/1
f 1118/1061/1 1092/1024/1 1119/1060/1
f 1118/1061/1 1093/1062/1 1092/1024/1
f 1117/1063/1 1093/1062/1 1118/1061/1
f 1117/1063/1 1094/1064/1 1093/1062/1
f 1117/1063/1 1095/1065/1 1094/1064/1
f 1116/1066/1 1095/1065/1 1117/1063/1
f 1116/1066/1 1096/1067/1 1095/1065/1
f 1115/1068/1 1096/1067/1 1116/1066/1
f 1115/1068/1 1097/1069/1 1096/1067/1
f 1114/1070/1 1097/1069/1 1115/1068/1
f 1114/1070/1 1098/1071/1 1097/1069/1
f 1113/1072/1 1098/1071/1 1114/1070/1
f 1113/1072/1 1099/1073/1 1098/1071/1
f 1112/1074/1 1099/1073/1 1113/1072/1
f 1111/1075/1 1099/1073/1 1112/1074/1
f 1111/1075/1 1100/1076/1 1099/1073/1
f 1110/1077/1 1100/1076/1 1111/1075/1
f 1110/1077/1 1101/243/1 1100/1076/1
f 1109/1078/1 1101/243/1 1110/1077/1
f 1108/1079/1 1101/243/1 1109/1078/1
f 1108/1079/1 1102/1080/1 1101/243/1
f 1107/1081/1 1102/1080/1 1108/1079/1
f 1107/1081/1 1103/1082/1 1102/1080/1
f 1106/1083/1 1103/1082/1 1107/1081/1
f 1105/1084/1 1103/1082/1 1106/1083/1
f 1105/1084/1 1104/1085/1 1103/1082/1
f 1226/1/2 1227/3/2 1228/2/2
f 1188/4/2 1189/6/2 1190/5/2
f 1226/1/2 1228/2/2 1229/7/2
f 1187/8/2 1188/4/2 1190/5/2
f 1226/1/2 1229/7/2 1230/9/2
f 1186/10/2 1187/8/2 1190/5/2
f 1226/1/2 1230/9/2 1231/11/2
f 1185/12/2 1186/10/2 1190/5/2
f 1226/1/2 1231/11/2 1232/13/2
f 1184/14/2 1185/12/2 1190/5/2
f 1226/1/2 1232/13/2 1233/15/2
f 1183/16/2 1184/14/2 1190/5/2
f 1226/1/2 1233/15/2 1234/17/2
f 1182/18/2 1183/16/2 1190/5/2
f 1226/1/2 1234/17/2 1235/19/2
f 1181/20/2 1182/18/2 1190/5/2
f 1226/1/2 1235/19/2 1236/21/2
f 1180/22/2 1181/20/2 1190/5/2
f 1226/1/2 1236/21/2 1237/23/2
f 1179/24/2 1180/22/2 1190/5/2
f 1226/1/2 1237/23/2 1238/25/2
f 1178/26/2 1179/24/2 1190/5/2
f 1226/1/2 1238/25/2 1239/27/2
f 1177/28/2 1178/26/2 1190/5/2
f 1226/1/2 1239/27/2 1166/29/2
f 1226/1/2 1166/29/2 1167/30/2
f 1226/1/2 1167/30/2 1168/31/2
f 1226/1/2 1168/31/2 1169/32/2
f 1226/1/2 1169/32/2 1170/33/2
f 1226/1/2 1170/33/2 1171/34/2
f 1226/1/2 1171/34/2 1172/35/2
f 1226/1/2 1172/35/2 1173/36/2
f 1226/1/2 1173/36/2 1174/37/2
f 1226/1/2 1174/37/2 1175/38/2
f 1226/1/2 1175/38/2 1176/39/2
f 1226/1/2 1176/39/2 1177/28/2
f 1226/1/2 1177/28/2 1225/40/2
f 1225/40/2 1177/28/2 1224/41/2
f 1224/41/2 1177/28/2 1223/42/2
f 1223/42/2 1177/28/2 1222/43/2
f 1222/43/2 1177/28/2 1221/44/2
f 1221/44/2 1177/28/2 1220/45/2
f 1220/45/2 1177/28/2 1219/46/2
f 1219/46/2 1177/28/2 1218/47/2
f 1218/47/2 1177/28/2 1217/48/2
f 1217/48/2 1177/28/2 1216/49/2
f 1216/49/2 1177/28/2 1215/50/2
f 1215/50/2 1177/28/2 1214/51/2
f 1214/51/2 1177/28/2 1213/52/2
f 1213/52/2 1177/28/2 1212/53/2
f 1212/53/2 1177/28/2 1211/54/2
f 1211/54/2 1177/28/2 1209/55/2
f 1209/55/2 1177/28/2 1206/56/2
f 1206/56/2 1177/28/2 1203/57/2
f 1203/57/2 1177/28/2 1202/58/2
f 1202/58/2 1177/28/2 1201/59/2
f 1201/59/2 1177/28/2 1200/60/2
f 1200/60/2 1177/28/2 1199/61/2
f 1199/61/2 1177/28/2 1198/62/2
f 1198/62/2 1177/28/2 1197/63/2
f 1197/63/2 1177/28/2 1196/64/2
f 1196/64/2 1177/28/2 1195/65/2
f 1195/65/2 1177/28/2 1190/5/2
f 1210/66/1 1211/54/1 1209/55/1
f 1208/67/1 1209/55/1 1206/56/1
f 1207/68/1 1208/67/1 1206/56/1
f 1205/69/1 1206/56/1 1203/57/1
f 1204/70/1 1205/69/1 1203/57/1
f 1194/71/5 1195/65/5 1190/5/5
f 1193/72/2 1194/71/2 1190/5/2
f 1192/73/2 1193/72/2 1190/5/2
f 1191/74/2 1192/73/2 1190/5/2
f 1252/75/2 1253/77/2 1254/76/2
f 1252/75/2 1254/76/2 1255/78/2
f 1251/79/2 1252/75/2 1255/78/2
f 1251/79/2 1255/78/2 1256/80/2
f 1250/81/2 1251/79/2 1256/80/2
f 1250/81/2 1256/80/2 1257/82/2
f 1249/83/2 1250/81/2 1257/82/2
f 1249/83/2 1257/82/2 1258/84/2
f 1248/85/2 1249/83/2 1258/84/2
f 1248/85/2 1258/84/2 1259/86/2
f 1247/87/2 1248/85/2 1259/86/2
f 1247/87/2 1259/86/2 1260/88/2
f 1246/89/2 1247/87/2 1260/88/2
f 1246/89/2 1260/88/2 1261/90/2
f 1245/91/2 1246/89/2 1261/90/2
f 1245/91/2 1261/90/2 1262/92/2
f 1244/93/2 1245/91/2 1262/92/2
f 1244/93/2 1262/92/2 1263/94/2
f 1243/95/2 1244/93/2 1263/94/2
f 1243/95/2 1263/94/2 1264/96/2
f 1242/97/2 1243/95/2 1264/96/2
f 1242/97/2 1264/96/2 1265/98/2
f 1241/99/2 1242/97/2 1265/98/2
f 1241/99/2 1265/98/2 1266/100/2
f 1240/29/2 1241/99/2 1266/100/2
f 1240/29/2 1266/100/2 1267/101/2
f 1332/102/2 1333/104/2 1334/103/2
f 1332/102/2 1334/103/2 1335/105/2
f 1279/106/2 1280/108/2 1281/107/2
f 1332/102/2 1335/105/2 1336/109/2
f 1278/110/2 1279/106/2 1281/107/2
f 1332/102/2 1336/109/2 1337/111/2
f 1277/112/2 1278/110/2 1281/107/2
f 1332/102/2 1337/111/2 1338/113/2
f 1276/114/2 1277/112/2 1281/107/2
f 1332/102/2 1338/113/2 1339/115/2
f 1275/116/2 1276/114/2 1281/107/2
f 1332/102/2 1339/115/2 1340/117/2
f 1274/118/2 1275/116/2 1281/107/2
f 1332/102/2 1340/117/2 1341/119/2
f 1273/120/2 1274/118/2 1281/107/2
f 1272/121/2 1273/120/2 1281/107/2
f 1332/102/2 1341/119/2 1342/122/2
f 1271/123/2 1272/121/2 1281/107/2
f 1332/102/2 1342/122/2 1343/124/2
f 1270/125/2 1271/123/2 1281/107/2
f 1332/102/2 1343/124/2 1344/126/2
f 1269/127/2 1270/125/2 1281/107/2
f 1332/102/2 1344/126/2 1345/27/2
f 1268/128/2 1269/127/2 1281/107/2
f 1332/102/2 1345/27/2 1240/29/2
f 1332/102/2 1240/29/2 1267/101/2
f 1332/102/2 1267/101/2 1268/128/2
f 1332/102/2 1268/128/2 1331/129/2
f 1331/129/2 1268/128/2 1330/130/2
f 1330/130/2 1268/128/2 1329/131/2
f 1329/131/2 1268/128/2 1328/132/2
f 1328/132/2 1268/128/2 1327/133/2
f 1327/133/2 1268/128/2 1326/134/2
f 1326/134/2 1268/128/2 1325/135/2
f 1325/135/2 1268/128/2 1324/136/2
f 1324/136/2 1268/128/2 1323/137/2
f 1323/137/2 1268/128/2 1322/138/2
f 1322/138/2 1268/128/2 1321/139/2
f 1321/139/2 1268/128/2 1320/140/2
f 1320/140/2 1268/128/2 1319/141/2
f 1319/141/2 1268/128/2 1294/142/2
f 1294/142/2 1268/128/2 1293/143/2
f 1293/143/2 1268/128/2 1292/144/2
f 1292/144/2 1268/128/2 1291/145/2
f 1291/145/2 1268/128/2 1290/146/2
f 1290/146/2 1268/128/2 1289/147/2
f 1289/147/2 1268/128/2 1288/148/2
f 1288/148/2 1268/128/2 1287/149/2
f 1287/149/2 1268/128/2 1286/150/2
f 1286/150/2 1268/128/2 1285/151/2
f 1285/151/2 1268/128/2 1284/152/2
f 1284/152/2 1268/128/2 1283/153/2
f 1283/153/2 1268/128/2 1282/154/2
f 1282/154/2 1268/128/2 1281/107/2
f 1318/155/2 1319/141/2 1294/142/2
f 1318/155/2 1294/142/2 1295/156/2
f 1317/157/2 1318/155/2 1295/156/2
f 1317/157/2 1295/156/2 1296/158/2
f 1316/159/2 1317/157/2 1296/158/2
f 1316/159/2 1296/158/2 1297/160/2
f 1315/161/2 1316/159/2 1297/160/2
f 1315/161/2 1297/160/2 1298/162/2
f 1314/163/2 1315/161/2 1298/162/2
f 1314/163/2 1298/162/2 1299/164/2
f 1313/165/2 1314/163/2 1299/164/2
f 1313/165/2 1299/164/2 1300/166/2
f 1312/167/2 1313/165/2 1300/166/2
f 1312/167/2 1300/166/2 1301/168/2
f 1311/169/2 1312/167/2 1301/168/2
f 1311/169/2 1301/168/2 1302/170/2
f 1310/171/2 1311/169/2 1302/170/2
f 1309/172/2 1310/171/2 1302/170/2
f 1309/172/2 1302/170/2 1303/173/2
f 1308/174/2 1309/172/2 1303/173/2
f 1308/174/2 1303/173/2 1304/175/2
f 1307/176/2 1308/174/2 1304/175/2
f 1307/176/2 1304/175/2 1305/177/2
f 1306/178/2 1307/176/2 1305/177/2
f 1358/179/2 1359/181/2 1360/180/2
f 1358/179/2 1360/180/2 1361/90/2
f 1358/179/2 1361/90/2 1362/182/2
f 1358/179/2 1362/182/2 1363/183/2
f 1357/184/2 1358/179/2 1363/183/2
f 1357/184/2 1363/183/2 1364/185/2
f 1356/76/2 1357/184/2 1364/185/2
f 1356/76/2 1364/185/2 1365/186/2
f 1355/187/2 1356/76/2 1365/186/2
f 1355/187/2 1365/186/2 1366/128/2
f 1354/188/2 1355/187/2 1366/128/2
f 1354/188/2 1366/128/2 1367/189/2
f 1353/190/2 1354/188/2 1367/189/2
f 1353/190/2 1367/189/2 1368/191/2
f 1352/192/2 1353/190/2 1368/191/2
f 1382/193/2 1383/195/2 1384/194/2
f 1352/192/2 1368/191/2 1369/196/2
f 1351/87/2 1352/192/2 1369/196/2
f 1351/87/2 1369/196/2 1370/197/2
f 1350/198/2 1351/87/2 1370/197/2
f 1381/147/2 1382/193/2 1384/194/2
f 1350/198/2 1370/197/2 1371/116/2
f 1349/199/2 1350/198/2 1371/116/2
f 1349/199/2 1371/116/2 1348/200/2
f 1348/200/2 1371/116/2 1347/201/2
f 1347/201/2 1371/116/2 1346/29/2
f 1380/202/2 1381/147/2 1384/194/2
f 1380/202/2 1384/194/2 1385/203/2
f 1379/204/2 1380/202/2 1385/203/2
f 1379/204/2 1385/203/2 1386/158/2
f 1378/205/2 1379/204/2 1386/158/2
f 1378/205/2 1386/158/2 1387/206/2
f 1377/207/2 1378/205/2 1387/206/2
f 1377/207/2 1387/206/2 1388/208/2
f 1376/154/2 1377/207/2 1388/208/2
f 1376/154/2 1388/208/2 1389/209/2
f 1375/210/2 1376/154/2 1389/209/2
f 1375/210/2 1389/209/2 1390/211/2
f 1374/212/2 1375/210/2 1390/211/2
f 1374/212/2 1390/211/2 1391/173/2
f 1373/213/2 1374/212/2 1391/173/2
f 1373/213/2 1391/173/2 1392/214/2
f 1372/215/2 1373/213/2 1392/214/2
f 1372/215/2 1392/214/2 1393/216/2
f 1421/27/2 1372/215/2 1393/216/2
f 1421/27/2 1393/216/2 1394/217/2
f 1420/218/2 1421/27/2 1394/217/2
f 1419/219/2 1420/218/2 1394/217/2
f 1419/219/2 1394/217/2 1395/220/2
f 1418/221/2 1419/219/2 1395/220/2
f 1417/222/2 1418/221/2 1395/220/2
f 1417/222/2 1395/220/2 1396/171/2
f 1416/113/2 1417/222/2 1396/171/2
f 1415/223/2 1416/113/2 1396/171/2
f 1415/223/2 1396/171/2 1397/224/2
f 1414/225/2 1415/223/2 1397/224/2
f 1414/225/2 1397/224/2 1398/226/2
f 1413/227/2 1414/225/2 1398/226/2
f 1413/227/2 1398/226/2 1399/228/2
f 1412/229/2 1413/227/2 1399/228/2
f 1412/229/2 1399/228/2 1400/230/2
f 1411/129/2 1412/229/2 1400/230/2
f 1410/231/2 1411/129/2 1400/230/2
f 1410/231/2 1400/230/2 1401/157/2
f 1409/232/2 1410/231/2 1401/157/2
f 1408/233/2 1409/232/2 1401/157/2
f 1408/233/2 1401/157/2 1402/234/2
f 1408/233/2 1402/234/2 1403/235/2
f 1408/233/2 1403/235/2 1404/236/2
f 1408/233/2 1404/236/2 1405/237/2
f 1408/233/2 1405/237/2 1406/136/2
f 1408/233/2 1406/136/2 1407/238/2
f 1605/239/2 1606/241/2 1607/240/2
f 1567/242/2 1568/244/2 1569/243/2
f 1605/239/2 1607/240/2 1608/245/2
f 1566/246/2 1567/242/2 1569/243/2
f 1605/239/2 1608/245/2 1609/247/2
f 1565/248/2 1566/246/2 1569/243/2
f 1605/239/2 1609/247/2 1610/249/2
f 1564/250/2 1565/248/2 1569/243/2
f 1605/239/2 1610/249/2 1611/251/2
f 1563/252/2 1564/250/2 1569/243/2
f 1605/239/2 1611/251/2 1612/253/2
f 1562/161/2 1563/252/2 1569/243/2
f 1605/239/2 1612/253/2 1613/254/2
f 1561/255/2 1562/161/2 1569/243/2
f 1605/239/2 1613/254/2 1614/256/2
f 1560/257/2 1561/255/2 1569/243/2
f 1605/239/2 1614/256/2 1615/258/2
f 1559/259/2 1560/257/2 1569/243/2
f 1605/239/2 1615/258/2 1616/260/2
f 1558/261/2 1559/259/2 1569/243/2
f 1605/239/2 1616/260/2 1617/262/2
f 1557/263/2 1558/261/2 1569/243/2
f 1605/239/2 1617/262/2 1618/27/2
f 1556/264/2 1557/263/2 1569/243/2
f 1605/239/2 1618/27/2 1545/265/2
f 1605/239/2 1545/265/2 1546/266/2
f 1605/239/2 1546/266/2 1547/267/2
f 1605/239/2 1547/267/2 1548/268/2
f 1605/239/2 1548/268/2 1549/269/2
f 1605/239/2 1549/269/2 1550/270/2
f 1605/239/2 1550/270/2 1551/271/2
f 1605/239/2 1551/271/2 1552/272/2
f 1605/239/2 1552/272/2 1553/273/2
f 1605/239/2 1553/273/2 1554/274/2
f 1605/239/2 1554/274/2 1555/275/2
f 1605/239/2 1555/275/2 1556/264/2
f 1605/239/2 1556/264/2 1604/276/2
f 1604/276/2 1556/264/2 1603/277/2
f 1603/277/2 1556/264/2 1602/278/2
f 1602/278/2 1556/264/2 1601/279/2
f 1601/279/2 1556/264/2 1600/280/2
f 1600/280/2 1556/264/2 1599/281/2
f 1599/281/2 1556/264/2 1598/282/2
f 1598/282/2 1556/264/2 1597/283/2
f 1597/283/2 1556/264/2 1596/284/2
f 1596/284/2 1556/264/2 1595/285/2
f 1595/285/2 1556/264/2 1594/286/2
f 1594/286/2 1556/264/2 1593/287/2
f 1593/287/2 1556/264/2 1592/288/2
f 1592/288/2 1556/264/2 1591/289/2
f 1591/289/2 1556/264/2 1590/130/2
f 1590/130/2 1556/264/2 1588/290/2
f 1588/290/2 1556/264/2 1587/291/2
f 1587/291/2 1556/264/2 1585/292/2
f 1585/292/2 1556/264/2 1584/293/2
f 1584/293/2 1556/264/2 1583/294/2
f 1583/294/2 1556/264/2 1582/295/2
f 1582/295/2 1556/264/2 1581/296/2
f 1581/296/2 1556/264/2 1580/297/2
f 1580/297/2 1556/264/2 1579/298/2
f 1579/298/2 1556/264/2 1578/299/2
f 1578/299/2 1556/264/2 1577/300/2
f 1577/300/2 1556/264/2 1576/301/2
f 1576/301/2 1556/264/2 1575/302/2
f 1575/302/2 1556/264/2 1574/303/2
f 1574/303/2 1556/264/2 1573/304/2
f 1573/304/2 1556/264/2 1572/305/2
f 1572/305/2 1556/264/2 1571/306/2
f 1571/306/2 1556/264/2 1570/307/2
f 1570/307/2 1556/264/2 1569/243/2
f 1589/308/1 1590/130/1 1588/290/1
f 1586/309/1 1587/291/1 1585/292/1
f 1530/310/2 1531/312/2 1532/311/2
f 1529/313/2 1530/310/2 1532/311/2
f 1494/314/2 1495/316/2 1496/315/2
f 1528/317/2 1529/313/2 1532/311/2
f 1494/314/2 1496/315/2 1497/318/2
f 1527/319/2 1528/317/2 1532/311/2
f 1494/314/2 1497/318/2 1498/320/2
f 1494/314/2 1498/320/2 1499/321/2
f 1526/322/2 1527/319/2 1532/311/2
f 1494/314/2 1499/321/2 1500/323/2
f 1525/324/2 1526/322/2 1532/311/2
f 1494/314/2 1500/323/2 1501/325/2
f 1524/326/2 1525/324/2 1532/311/2
f 1494/314/2 1501/325/2 1502/327/2
f 1523/328/2 1524/326/2 1532/311/2
f 1494/314/2 1502/327/2 1503/329/2
f 1522/330/2 1523/328/2 1532/311/2
f 1494/314/2 1503/329/2 1504/331/2
f 1521/332/2 1522/330/2 1532/311/2
f 1494/314/2 1504/331/2 1505/333/2
f 1520/334/2 1521/332/2 1532/311/2
f 1494/314/2 1505/333/2 1506/151/2
f 1519/335/2 1520/334/2 1532/311/2
f 1494/314/2 1506/151/2 1507/336/2
f 1494/314/2 1507/336/2 1508/337/2
f 1494/314/2 1508/337/2 1509/338/2
f 1494/314/2 1509/338/2 1510/339/2
f 1494/314/2 1510/339/2 1511/340/2
f 1494/314/2 1511/340/2 1512/341/2
f 1494/314/2 1512/341/2 1513/342/2
f 1494/314/2 1513/342/2 1514/343/2
f 1494/314/2 1514/343/2 1515/344/2
f 1494/314/2 1515/344/2 1516/345/2
f 1494/314/2 1516/345/2 1517/346/2
f 1494/314/2 1517/346/2 1518/347/2
f 1494/314/2 1518/347/2 1519/335/2
f 1494/314/2 1519/335/2 1532/311/2
f 1494/314/2 1532/311/2 1533/348/2
f 1494/314/2 1533/348/2 1534/166/2
f 1494/314/2 1534/166/2 1535/349/2
f 1494/314/2 1535/349/2 1536/350/2
f 1494/314/2 1536/350/2 1493/351/2
f 1493/351/2 1536/350/2 1537/352/2
f 1493/351/2 1537/352/2 1492/353/2
f 1492/353/2 1537/352/2 1538/354/2
f 1492/353/2 1538/354/2 1539/355/2
f 1492/353/2 1539/355/2 1491/356/2
f 1491/356/2 1539/355/2 1540/357/2
f 1491/356/2 1540/357/2 1490/358/2
f 1490/358/2 1540/357/2 1541/359/2
f 1490/358/2 1541/359/2 1489/360/2
f 1489/360/2 1541/359/2 1542/361/2
f 1489/360/2 1542/361/2 1488/362/2
f 1488/362/2 1542/361/2 1543/363/2
f 1488/362/2 1543/363/2 1544/364/2
f 1488/362/6 1544/364/6 1487/365/6
f 1487/365/2 1544/364/2 1486/366/2
f 1486/366/2 1544/364/2 1485/367/2
f 1485/367/2 1544/364/2 1484/368/2
f 1484/368/2 1544/364/2 1483/369/2
f 1483/369/2 1544/364/2 1482/370/2
f 1482/370/2 1544/364/2 1481/371/2
f 1481/371/2 1544/364/2 1480/372/2
f 1480/372/2 1544/364/2 1479/373/2
f 1479/373/2 1544/364/2 1478/125/2
f 1478/125/2 1544/364/2 1477/374/2
f 1477/374/2 1544/364/2 1476/375/2
f 1476/375/2 1544/364/2 1475/376/2
f 1475/376/2 1544/364/2 1474/377/2
f 1474/377/2 1544/364/2 1473/378/2
f 1473/378/2 1544/364/2 1472/379/2
f 1472/379/2 1544/364/2 1471/380/2
f 1471/380/2 1544/364/2 1470/381/2
f 1470/381/2 1544/364/2 1422/29/2
f 1469/382/2 1470/381/2 1422/29/2
f 1469/382/2 1422/29/2 1423/383/2
f 1468/384/2 1469/382/2 1423/383/2
f 1468/384/2 1423/383/2 1424/385/2
f 1467/386/2 1468/384/2 1424/385/2
f 1466/387/2 1467/386/2 1424/385/2
f 1466/387/2 1424/385/2 1425/388/2
f 1465/389/2 1466/387/2 1425/388/2
f 1465/389/2 1425/388/2 1426/390/2
f 1464/391/2 1465/389/2 1426/390/2
f 1464/391/2 1426/390/2 1427/392/2
f 1463/393/2 1464/391/2 1427/392/2
f 1463/393/2 1427/392/2 1428/394/2
f 1462/395/2 1463/393/2 1428/394/2
f 1461/396/2 1462/395/2 1428/394/2
f 1461/396/2 1428/394/2 1429/397/2
f 1460/398/2 1461/396/2 1429/397/2
f 1460/398/2 1429/397/2 1430/399/2
f 1459/400/2 1460/398/2 1430/399/2
f 1459/400/2 1430/399/2 1431/401/2
f 1458/402/2 1459/400/2 1431/401/2
f 1457/403/2 1458/402/2 1431/401/2
f 1457/403/2 1431/401/2 1432/404/2
f 1456/405/2 1457/403/2 1432/404/2
f 1456/405/2 1432/404/2 1433/406/2
f 1455/407/2 1456/405/2 1433/406/2
f 1455/407/2 1433/406/2 1434/408/2
f 1454/409/2 1455/407/2 1434/408/2
f 1454/409/2 1434/408/2 1435/410/2
f 1453/411/2 1454/409/2 1435/410/2
f 1453/411/2 1435/410/2 1436/412/2
f 1452/413/2 1453/411/2 1436/412/2
f 1451/414/2 1452/413/2 1436/412/2
f 1451/414/2 1436/412/2 1437/415/2
f 1450/78/2 1451/414/2 1437/415/2
f 1450/78/2 1437/415/2 1438/416/2
f 1449/417/2 1450/78/2 1438/416/2
f 1448/418/2 1449/417/2 1438/416/2
f 1448/418/2 1438/416/2 1439/419/2
f 1447/420/2 1448/418/2 1439/419/2
f 1446/421/2 1447/420/2 1439/419/2
f 1446/421/2 1439/419/2 1440/422/2
f 1445/423/2 1446/421/2 1440/422/2
f 1445/423/2 1440/422/2 1441/424/2
f 1445/423/2 1441/424/2 1442/425/2
f 1445/423/2 1442/425/2 1443/426/2
f 1445/423/2 1443/426/2 1444/427/2
f 1715/428/2 1716/430/2 1717/429/2
f 1715/428/2 1717/429/2 1718/431/2
f 1714/432/2 1715/428/2 1718/431/2
f 1714/432/2 1718/431/2 1719/433/2
f 1713/434/2 1714/432/2 1719/433/2
f 1713/434/2 1719/433/2 1720/435/2
f 1712/436/2 1713/434/2 1720/435/2
f 1712/436/2 1720/435/2 1721/437/2
f 1711/438/2 1712/436/2 1721/437/2
f 1711/438/2 1721/437/2 1722/439/2
f 1710/440/2 1711/438/2 1722/439/2
f 1710/440/2 1722/439/2 1723/441/2
f 1709/442/2 1710/440/2 1723/441/2
f 1709/442/2 1723/441/2 1724/443/2
f 1708/444/2 1709/442/2 1724/443/2
f 1708/444/2 1724/443/2 1725/445/2
f 1707/446/2 1708/444/2 1725/445/2
f 1707/446/2 1725/445/2 1726/447/2
f 1706/448/2 1707/446/2 1726/447/2
f 1706/448/2 1726/447/2 1727/449/2
f 1705/334/2 1706/448/2 1727/449/2
f 1705/334/2 1727/449/2 1728/450/2
f 1704/451/2 1705/334/2 1728/450/2
f 1704/451/2 1728/450/2 1729/452/2
f 1703/453/2 1704/451/2 1729/452/2
f 1703/453/2 1729/452/2 1730/454/2
f 1703/453/2 1730/454/2 1731/455/2
f 1702/456/2 1703/453/2 1731/455/2
f 1702/456/2 1731/455/2 1732/457/2
f 1701/458/2 1702/456/2 1732/457/2
f 1701/458/2 1732/457/2 1733/459/2
f 1700/460/2 1701/458/2 1733/459/2
f 1700/460/2 1733/459/2 1734/461/2
f 1699/462/2 1700/460/2 1734/461/2
f 1699/462/2 1734/461/2 1735/463/2
f 1698/464/2 1699/462/2 1735/463/2
f 1698/464/2 1735/463/2 1736/465/2
f 1697/466/2 1698/464/2 1736/465/2
f 1752/467/2 1753/469/2 1754/468/2
f 1751/470/2 1752/467/2 1754/468/2
f 1697/466/2 1736/465/2 1737/471/2
f 1696/472/2 1697/466/2 1737/471/2
f 1750/473/2 1751/470/2 1754/468/2
f 1750/473/2 1754/468/2 1755/474/2
f 1749/475/2 1750/473/2 1755/474/2
f 1696/472/2 1737/471/2 1738/476/2
f 1749/475/2 1755/474/2 1756/477/2
f 1748/243/2 1749/475/2 1756/477/2
f 1695/478/2 1696/472/2 1738/476/2
f 1748/243/2 1756/477/2 1757/479/2
f 1747/480/2 1748/243/2 1757/479/2
f 1746/481/2 1747/480/2 1757/479/2
f 1695/478/2 1738/476/2 1739/482/2
f 1746/481/2 1757/479/2 1758/483/2
f 1694/484/2 1695/478/2 1739/482/2
f 1745/485/2 1746/481/2 1758/483/2
f 1745/485/2 1758/483/2 1759/486/2
f 1744/487/2 1745/485/2 1759/486/2
f 1694/484/2 1739/482/2 1740/488/2
f 1744/487/2 1759/486/2 1760/489/2
f 1743/490/2 1744/487/2 1760/489/2
f 1693/491/2 1694/484/2 1740/488/2
f 1742/492/2 1743/490/2 1760/489/2
f 1742/492/2 1760/489/2 1761/493/2
f 1693/491/2 1740/488/2 1741/494/2
f 1741/494/2 1742/492/2 1761/493/2
f 1693/491/2 1741/494/2 1761/493/2
f 1791/27/2 1693/491/2 1761/493/2
f 1791/27/2 1761/493/2 1762/495/2
f 1790/496/2 1791/27/2 1762/495/2
f 1789/497/2 1790/496/2 1762/495/2
f 1789/497/2 1762/495/2 1763/498/2
f 1788/499/2 1789/497/2 1763/498/2
f 1787/500/2 1788/499/2 1763/498/2
f 1786/501/2 1787/500/2 1763/498/2
f 1785/502/2 1786/501/2 1763/498/2
f 1785/502/2 1763/498/2 1764/503/2
f 1784/504/2 1785/502/2 1764/503/2
f 1783/505/2 1784/504/2 1764/503/2
f 1782/506/2 1783/505/2 1764/503/2
f 1781/507/2 1782/506/2 1764/503/2
f 1781/507/2 1764/503/2 1765/508/2
f 1780/509/2 1781/507/2 1765/508/2
f 1779/510/2 1780/509/2 1765/508/2
f 1778/511/2 1779/510/2 1777/512/2
f 1777/512/2 1779/510/2 1776/513/2
f 1776/513/2 1779/510/2 1775/514/2
f 1775/514/2 1779/510/2 1774/515/2
f 1774/515/2 1779/510/2 1773/516/2
f 1773/516/2 1779/510/2 1772/517/2
f 1772/517/2 1779/510/2 1771/518/2
f 1771/518/2 1779/510/2 1770/519/2
f 1770/519/2 1779/510/2 1769/520/2
f 1769/520/2 1779/510/2 1768/521/2
f 1768/521/2 1779/510/2 1767/522/2
f 1767/522/2 1779/510/2 1766/523/2
f 1766/523/2 1779/510/2 1765/508/2
f 1641/524/2 1642/526/2 1643/525/2
f 1641/524/2 1643/525/2 1644/527/2
f 1641/524/2 1644/527/2 1645/528/2
f 1640/529/2 1641/524/2 1645/528/2
f 1640/529/2 1645/528/2 1646/530/2
f 1639/531/2 1640/529/2 1646/530/2
f 1639/531/2 1646/530/2 1647/532/2
f 1638/533/2 1639/531/2 1647/532/2
f 1638/533/2 1647/532/2 1648/534/2
f 1637/535/2 1638/533/2 1648/534/2
f 1637/535/2 1648/534/2 1649/536/2
f 1636/537/2 1637/535/2 1649/536/2
f 1636/537/2 1649/536/2 1650/538/2
f 1635/539/2 1636/537/2 1650/538/2
f 1635/539/2 1650/538/2 1651/540/2
f 1634/541/2 1635/539/2 1651/540/2
f 1634/541/2 1651/540/2 1652/542/2
f 1633/543/2 1634/541/2 1652/542/2
f 1633/543/2 1652/542/2 1653/544/2
f 1632/545/2 1633/543/2 1653/544/2
f 1632/545/2 1653/544/2 1654/546/2
f 1631/547/2 1632/545/2 1654/546/2
f 1631/547/2 1654/546/2 1655/548/2
f 1630/549/2 1631/547/2 1655/548/2
f 1630/549/2 1655/548/2 1656/550/2
f 1629/551/2 1630/549/2 1656/550/2
f 1629/551/2 1656/550/2 1657/552/2
f 1628/553/2 1629/551/2 1657/552/2
f 1627/554/2 1628/553/2 1657/552/2
f 1627/554/2 1657/552/2 1658/555/2
f 1626/556/2 1627/554/2 1658/555/2
f 1626/556/2 1658/555/2 1659/557/2
f 1625/558/2 1626/556/2 1659/557/2
f 1625/558/2 1659/557/2 1660/559/2
f 1624/560/2 1625/558/2 1660/559/2
f 1624/560/2 1660/559/2 1661/561/2
f 1623/562/2 1624/560/2 1661/561/2
f 1623/562/2 1661/561/2 1662/380/2
f 1622/563/2 1623/562/2 1662/380/2
f 1622/563/2 1662/380/2 1663/564/2
f 1621/565/2 1622/563/2 1663/564/2
f 1621/565/2 1663/564/2 1664/566/2
f 1620/567/2 1621/565/2 1664/566/2
f 1620/567/2 1664/566/2 1665/568/2
f 1619/29/2 1620/567/2 1665/568/2
f 1619/29/2 1665/568/2 1666/569/2
f 1692/570/2 1619/29/2 1666/569/2
f 1692/570/2 1666/569/2 1667/571/2
f 1691/572/2 1692/570/2 1667/571/2
f 1691/572/2 1667/571/2 1668/573/2
f 1690/574/2 1691/572/2 1668/573/2
f 1689/575/2 1690/574/2 1668/573/2
f 1689/575/2 1668/573/2 1669/576/2
f 1688/577/2 1689/575/2 1669/576/2
f 1688/577/2 1669/576/2 1670/578/2
f 1687/579/2 1688/577/2 1670/578/2
f 1687/579/2 1670/578/2 1671/580/2
f 1686/581/2 1687/579/2 1671/580/2
f 1686/581/2 1671/580/2 1672/582/2
f 1685/583/2 1686/581/2 1672/582/2
f 1685/583/2 1672/582/2 1673/584/2
f 1684/585/2 1685/583/2 1673/584/2
f 1684/585/2 1673/584/2 1674/586/2
f 1683/587/2 1684/585/2 1674/586/2
f 1682/588/2 1683/587/2 1674/586/2
f 1682/588/2 1674/586/2 1675/589/2
f 1681/590/2 1682/588/2 1675/589/2
f 1681/590/2 1675/589/2 1676/591/2
f 1680/592/2 1681/590/2 1676/591/2
f 1680/592/2 1676/591/2 1677/593/2
f 1679/594/2 1680/592/2 1677/593/2
f 1679/594/2 1677/593/2 1678/595/2
f 1894/596/2 1895/598/2 1896/597/2
f 1894/596/2 1896/597/2 1897/599/2
f 1893/600/2 1894/596/2 1897/599/2
f 1893/600/2 1897/599/2 1898/601/2
f 1892/602/2 1893/600/2 1898/601/2
f 1892/602/2 1898/601/2 1899/603/2
f 1891/268/2 1892/602/2 1899/603/2
f 1891/268/2 1899/603/2 1900/604/2
f 1890/605/2 1891/268/2 1900/604/2
f 1890/605/2 1900/604/2 1901/606/2
f 1889/607/2 1890/605/2 1901/606/2
f 1889/607/2 1901/606/2 1902/161/2
f 1888/608/2 1889/607/2 1902/161/2
f 1888/608/2 1902/161/2 1903/609/2
f 1887/610/2 1888/608/2 1903/609/2
f 1887/610/2 1903/609/2 1904/611/2
f 1886/612/2 1887/610/2 1904/611/2
f 1886/612/2 1904/611/2 1905/613/2
f 1885/614/2 1886/612/2 1905/613/2
f 1885/614/2 1905/613/2 1906/615/2
f 1884/616/2 1885/614/2 1906/615/2
f 1884/616/2 1906/615/2 1907/617/2
f 1883/618/2 1884/616/2 1907/617/2
f 1883/618/2 1907/617/2 1908/619/2
f 1882/620/2 1883/618/2 1908/619/2
f 1882/620/2 1908/619/2 1909/621/2
f 1932/622/2 1933/624/2 1934/623/2
f 1931/625/2 1932/622/2 1934/623/2
f 1930/626/2 1931/625/2 1934/623/2
f 1929/627/2 1930/626/2 1934/623/2
f 1928/628/2 1929/627/2 1934/623/2
f 1927/629/2 1928/628/2 1934/623/2
f 1926/630/2 1927/629/2 1934/623/2
f 1925/631/2 1926/630/2 1934/623/2
f 1924/130/2 1925/631/2 1934/623/2
f 1923/632/2 1924/130/2 1934/623/2
f 1922/633/2 1923/632/2 1934/623/2
f 1921/634/2 1922/633/2 1934/623/2
f 1920/635/2 1921/634/2 1934/623/2
f 1919/636/2 1920/635/2 1934/623/2
f 1918/637/2 1919/636/2 1934/623/2
f 1917/638/2 1918/637/2 1934/623/2
f 1916/639/2 1917/638/2 1934/623/2
f 1915/640/2 1916/639/2 1934/623/2
f 1915/640/2 1934/623/2 1935/276/2
f 1914/641/2 1915/640/2 1935/276/2
f 1914/641/2 1935/276/2 1936/642/2
f 1914/641/2 1936/642/2 1937/643/2
f 1914/641/2 1937/643/2 1938/644/2
f 1913/301/2 1914/641/2 1938/644/2
f 1913/301/2 1938/644/2 1939/645/2
f 1913/301/2 1939/645/2 1940/646/2
f 1912/647/2 1913/301/2 1940/646/2
f 1912/647/2 1940/646/2 1941/648/2
f 1912/647/2 1941/648/2 1942/649/2
f 1911/650/2 1912/647/2 1942/649/2
f 1911/650/2 1942/649/2 1943/651/2
f 1911/650/2 1943/651/2 1944/652/2
f 1911/650/2 1944/652/2 1945/653/2
f 1910/654/2 1911/650/2 1945/653/2
f 1910/654/2 1945/653/2 1946/27/2
f 1910/654/2 1946/27/2 1816/655/2
f 1816/655/2 1946/27/2 1792/29/2
f 1909/621/2 1910/654/2 1816/655/2
f 1882/620/2 1909/621/2 1816/655/2
f 1882/620/2 1816/655/2 1817/656/2
f 1815/657/2 1816/655/2 1792/29/2
f 1815/657/2 1792/29/2 1793/658/2
f 1881/659/2 1882/620/2 1817/656/2
f 1814/78/2 1815/657/2 1793/658/2
f 1880/166/2 1881/659/2 1817/656/2
f 1879/660/2 1880/166/2 1817/656/2
f 1878/661/2 1879/660/2 1817/656/2
f 1877/662/2 1878/661/2 1817/656/2
f 1814/78/2 1793/658/2 1794/663/2
f 1813/664/2 1814/78/2 1794/663/2
f 1876/665/2 1877/662/2 1817/656/2
f 1875/666/2 1876/665/2 1817/656/2
f 1874/667/2 1875/666/2 1817/656/2
f 1873/668/2 1874/667/2 1817/656/2
f 1872/669/2 1873/668/2 1817/656/2
f 1812/670/2 1813/664/2 1794/663/2
f 1871/671/2 1872/669/2 1817/656/2
f 1870/672/2 1871/671/2 1817/656/2
f 1869/334/2 1870/672/2 1868/673/2
f 1868/673/2 1870/672/2 1817/656/2
f 1812/670/2 1794/663/2 1795/674/2
f 1811/675/2 1812/670/2 1795/674/2
f 1868/673/2 1817/656/2 1818/676/2
f 1811/675/2 1795/674/2 1796/677/2
f 1867/678/2 1868/673/2 1818/676/2
f 1810/679/2 1811/675/2 1796/677/2
f 1810/679/2 1796/677/2 1797/680/2
f 1809/681/2 1810/679/2 1797/680/2
f 1809/681/2 1797/680/2 1798/682/2
f 1808/683/2 1809/681/2 1798/682/2
f 1807/684/2 1808/683/2 1798/682/2
f 1807/684/2 1798/682/2 1799/685/2
f 1806/686/2 1807/684/2 1799/685/2
f 1806/686/2 1799/685/2 1800/687/2
f 1805/688/2 1806/686/2 1800/687/2
f 1805/688/2 1800/687/2 1801/689/2
f 1804/690/2 1805/688/2 1801/689/2
f 1804/690/2 1801/689/2 1802/691/2
f 1803/412/2 1804/690/2 1802/691/2
f 1867/678/2 1818/676/2 1819/692/2
f 1867/678/2 1819/692/2 1820/693/2
f 1866/694/2 1867/678/2 1820/693/2
f 1866/694/2 1820/693/2 1821/695/2
f 1866/694/2 1821/695/2 1822/696/2
f 1865/697/2 1866/694/2 1822/696/2
f 1865/697/2 1822/696/2 1823/698/2
f 1841/699/2 1842/701/2 1843/700/2
f 1865/697/2 1823/698/2 1824/702/2
f 1864/703/2 1865/697/2 1824/702/2
f 1840/704/2 1841/699/2 1843/700/2
f 1839/705/2 1840/704/2 1843/700/2
f 1864/703/2 1824/702/2 1825/391/2
f 1838/706/2 1839/705/2 1843/700/2
f 1864/703/2 1825/391/2 1826/707/2
f 1837/708/2 1838/706/2 1843/700/2
f 1836/125/2 1837/708/2 1843/700/2
f 1864/703/2 1826/707/2 1827/709/2
f 1835/710/2 1836/125/2 1843/700/2
f 1863/711/2 1864/703/2 1827/709/2
f 1834/712/2 1835/710/2 1843/700/2
f 1863/711/2 1827/709/2 1828/713/2
f 1833/714/2 1834/712/2 1843/700/2
f 1863/711/2 1828/713/2 1829/715/2
f 1832/716/2 1833/714/2 1843/700/2
f 1831/717/2 1832/716/2 1843/700/2
f 1863/711/2 1829/715/2 1830/718/2
f 1830/718/2 1831/717/2 1843/700/2
f 1863/711/2 1830/718/2 1843/700/2
f 1862/719/2 1863/711/2 1843/700/2
f 1861/720/2 1862/719/2 1843/700/2
f 1860/721/2 1861/720/2 1843/700/2
f 1859/722/2 1860/721/2 1843/700/2
f 1859/722/2 1843/700/2 1844/723/2
f 1859/722/2 1844/723/2 1845/724/2
f 1858/151/2 1859/722/2 1845/724/2
f 1858/151/2 1845/724/2 1846/725/2
f 1858/151/2 1846/725/2 1847/353/2
f 1858/151/2 1847/353/2 1848/726/2
f 1857/727/2 1858/151/2 1848/726/2
f 1857/727/2 1848/726/2 1849/728/2
f 1857/727/2 1849/728/2 1850/729/2
f 1856/730/2 1857/727/2 1850/729/2
f 1856/730/2 1850/729/2 1851/731/2
f 1856/730/2 1851/731/2 1852/732/2
f 1856/730/2 1852/732/2 1853/733/2
f 1855/734/2 1856/730/2 1853/733/2
f 1855/734/2 1853/733/2 1854/735/2
f 2059/736/2 2060/737/2 2061/105/2
f 2058/738/2 2059/736/2 2061/105/2
f 2057/739/2 2058/738/2 2061/105/2
f 2056/740/2 2057/739/2 2061/105/2
f 2055/130/2 2056/740/2 2061/105/2
f 2055/130/2 2061/105/2 2062/741/2
f 2054/742/2 2055/130/2 2062/741/2
f 2054/742/2 2062/741/2 2063/743/2
f 2053/744/2 2054/742/2 2063/743/2
f 2053/744/2 2063/743/2 2064/276/2
f 2052/745/2 2053/744/2 2064/276/2
f 2052/745/2 2064/276/2 2065/746/2
f 2051/747/2 2052/745/2 2065/746/2
f 2051/747/2 2065/746/2 2066/748/2
f 2050/749/2 2051/747/2 2066/748/2
f 2050/749/2 2066/748/2 2067/117/2
f 2049/135/2 2050/749/2 2067/117/2
f 2049/135/2 2067/117/2 2068/750/2
f 2048/751/2 2049/135/2 2068/750/2
f 2047/752/2 2048/751/2 2068/750/2
f 2047/752/2 2068/750/2 2069/753/2
f 2047/752/2 2069/753/2 2070/754/2
f 2047/752/2 2070/754/2 2071/755/2
f 2047/752/2 2071/755/2 2072/756/2
f 2046/301/2 2047/752/2 2072/756/2
f 2046/301/2 2072/756/2 2073/27/2
f 2046/301/2 2073/27/2 1947/29/2
f 2045/757/2 2046/301/2 1947/29/2
f 1959/81/2 1960/759/2 1961/758/2
f 1958/760/2 1959/81/2 1961/758/2
f 1957/761/2 1958/760/2 1961/758/2
f 1956/412/2 1957/761/2 1961/758/2
f 1955/762/2 1956/412/2 1961/758/2
f 1954/763/2 1955/762/2 1961/758/2
f 1953/91/2 1954/763/2 1961/758/2
f 1952/764/2 1953/91/2 1961/758/2
f 1951/765/2 1952/764/2 1961/758/2
f 1950/766/2 1951/765/2 1961/758/2
f 1949/767/2 1950/766/2 1961/758/2
f 1948/768/2 1949/767/2 1961/758/2
f 2045/757/2 1947/29/2 1948/768/2
f 2045/757/2 1948/768/2 1961/758/2
f 2044/769/2 2045/757/2 1961/758/2
f 2044/769/2 1961/758/2 1962/770/2
f 2043/140/2 2044/769/2 1962/770/2
f 2043/140/2 1962/770/2 1963/771/2
f 2043/140/2 1963/771/2 1964/772/2
f 2043/140/2 1964/772/2 1965/78/2
f 2043/140/2 1965/78/2 1966/773/2
f 2043/140/2 1966/773/2 1967/774/2
f 2043/140/2 1967/774/2 1968/775/2
f 2043/140/2 1968/775/2 1969/776/2
f 2042/777/2 2043/140/2 2023/778/2
f 2023/778/2 2043/140/2 1969/776/2
f 2023/778/2 1969/776/2 1970/779/2
f 2023/778/2 1970/779/2 2022/780/2
f 2022/780/2 1970/779/2 1971/88/2
f 2042/777/2 2023/778/2 2024/781/2
f 2021/782/2 2022/780/2 1971/88/2
f 2021/782/2 1971/88/2 1972/783/2
f 2021/782/2 1972/783/2 1973/784/2
f 2021/782/2 1973/784/2 1974/391/2
f 2041/785/2 2042/777/2 2024/781/2
f 2041/785/2 2024/781/2 2025/177/2
f 2020/786/2 2021/782/2 1974/391/2
f 2020/786/2 1974/391/2 1975/787/2
f 2041/785/2 2025/177/2 2026/788/2
f 2019/166/2 2020/786/2 1975/787/2
f 2040/789/2 2041/785/2 2026/788/2
f 2040/789/2 2026/788/2 2027/790/2
f 2019/166/2 1975/787/2 1976/791/2
f 2018/792/2 2019/166/2 1976/791/2
f 2039/793/2 2040/789/2 2027/790/2
f 2039/793/2 2027/790/2 2028/268/2
f 2018/792/2 1976/791/2 1977/98/2
f 2017/794/2 2018/792/2 1977/98/2
f 2039/793/2 2028/268/2 2029/795/2
f 2038/796/2 2039/793/2 2029/795/2
f 2017/794/2 1977/98/2 1978/797/2
f 2038/796/2 2029/795/2 2030/798/2
f 2016/799/2 2017/794/2 1978/797/2
f 2037/161/2 2038/796/2 2030/798/2
f 2037/161/2 2030/798/2 2031/171/2
f 2016/799/2 1978/797/2 1979/800/2
f 2015/801/2 2016/799/2 1979/800/2
f 2036/802/2 2037/161/2 2031/171/2
f 2036/802/2 2031/171/2 2032/803/2
f 2015/801/2 1979/800/2 1980/804/2
f 2014/805/2 2015/801/2 1980/804/2
f 2036/802/2 2032/803/2 2033/806/2
f 2035/807/2 2036/802/2 2033/806/2
f 2035/807/2 2033/806/2 2034/808/2
f 2013/156/2 2014/805/2 1980/804/2
f 2013/156/2 1980/804/2 1981/809/2
f 2012/810/2 2013/156/2 1981/809/2
f 2012/810/2 1981/809/2 1982/811/2
f 2011/812/2 2012/810/2 1982/811/2
f 2011/812/2 1982/811/2 1983/125/2
f 2010/334/2 2011/812/2 1983/125/2
f 2010/334/2 1983/125/2 1984/813/2
f 2009/814/2 2010/334/2 1984/813/2
f 2009/814/2 1984/813/2 1985/815/2
f 2008/816/2 2009/814/2 1985/815/2
f 2008/816/2 1985/815/2 1986/817/2
f 2007/146/2 2008/816/2 1986/817/2
f 2007/146/2 1986/817/2 1987/818/2
f 2006/819/2 2007/146/2 1987/818/2
f 2006/819/2 1987/818/2 1988/820/2
f 2005/821/2 2006/819/2 1988/820/2
f 2004/822/2 2005/821/2 1988/820/2
f 2004/822/2 1988/820/2 1989/116/2
f 2003/823/2 2004/822/2 1989/116/2
f 2003/823/2 1989/116/2 1990/824/2
f 2002/825/2 2003/823/2 1990/824/2
f 2002/825/2 1990/824/2 1991/826/2
f 2001/151/2 2002/825/2 1991/826/2
f 2001/151/2 1991/826/2 1992/353/2
f 2000/827/2 2001/151/2 1992/353/2
f 2000/827/2 1992/353/2 1993/828/2
f 1999/829/2 2000/827/2 1993/828/2
f 1998/830/2 1999/829/2 1993/828/2
f 1998/830/2 1993/828/2 1994/831/2
f 1997/832/2 1998/830/2 1994/831/2
f 1997/832/2 1994/831/2 1995/108/2
f 1997/832/2 1995/108/2 1996/833/2
f 2168/834/2 2169/836/2 2122/835/2
f 2167/837/2 2168/834/2 2122/835/2
f 2167/837/2 2122/835/2 2123/838/2
f 2166/839/2 2167/837/2 2123/838/2
f 2166/839/2 2123/838/2 2124/840/2
f 2165/841/2 2166/839/2 2124/840/2
f 2165/841/2 2124/840/2 2125/842/2
f 2164/843/2 2165/841/2 2125/842/2
f 2164/843/2 2125/842/2 2126/844/2
f 2163/845/2 2164/843/2 2126/844/2
f 2163/845/2 2126/844/2 2127/846/2
f 2162/847/2 2163/845/2 2127/846/2
f 2162/847/2 2127/846/2 2128/848/2
f 2161/849/2 2162/847/2 2098/850/2
f 2098/850/2 2162/847/2 2097/851/2
f 2097/851/2 2162/847/2 2128/848/2
f 2097/851/2 2128/848/2 2096/852/2
f 2096/852/2 2128/848/2 2129/853/2
f 2095/854/2 2096/852/2 2129/853/2
f 2161/849/2 2098/850/2 2099/855/2
f 2094/856/2 2095/854/2 2129/853/2
f 2161/849/2 2099/855/2 2100/857/2
f 2093/858/2 2094/856/2 2129/853/2
f 2161/849/2 2100/857/2 2101/859/2
f 2092/860/2 2093/858/2 2129/853/2
f 2161/849/2 2101/859/2 2102/861/2
f 2160/862/2 2161/849/2 2102/861/2
f 2092/860/2 2129/853/2 2130/863/2
f 2091/864/2 2092/860/2 2130/863/2
f 2160/862/2 2102/861/2 2103/865/2
f 2316/866/2 2317/868/2 2318/867/2
f 2316/866/2 2318/867/2 2319/869/2
f 2090/870/2 2091/864/2 2130/863/2
f 2160/862/2 2103/865/2 2104/871/2
f 2316/866/2 2319/869/2 2320/872/2
f 2315/873/2 2316/866/2 2320/872/2
f 2159/874/2 2160/862/2 2104/871/2
f 2090/870/2 2130/863/2 2131/875/2
f 2315/873/2 2320/872/2 2321/876/2
f 2089/877/2 2090/870/2 2131/875/2
f 2159/874/2 2104/871/2 2105/878/2
f 2314/879/2 2315/873/2 2321/876/2
f 2314/879/2 2321/876/2 2322/880/2
f 2313/881/2 2314/879/2 2322/880/2
f 2088/882/2 2089/877/2 2131/875/2
f 2159/874/2 2105/878/2 2106/883/2
f 2158/884/2 2159/874/2 2106/883/2
f 2088/882/2 2131/875/2 2132/885/2
f 2313/881/2 2322/880/2 2323/886/2
f 2312/887/2 2313/881/2 2323/886/2
f 2087/888/2 2088/882/2 2132/885/2
f 2158/884/2 2106/883/2 2107/889/2
f 2312/887/2 2323/886/2 2324/890/2
f 2311/891/2 2312/887/2 2324/890/2
f 2086/892/2 2087/888/2 2132/885/2
f 2158/884/2 2107/889/2 2108/893/2
f 2157/894/2 2158/884/2 2108/893/2
f 2086/892/2 2132/885/2 2133/895/2
f 2311/891/2 2324/890/2 2325/896/2
f 2310/897/2 2311/891/2 2325/896/2
f 2085/898/2 2086/892/2 2133/895/2
f 2157/894/2 2108/893/2 2109/899/2
f 2310/897/2 2325/896/2 2326/900/2
f 2309/901/2 2310/897/2 2326/900/2
f 2309/901/2 2326/900/2 2327/902/2
f 2156/903/2 2157/894/2 2109/899/2
f 2156/903/2 2109/899/2 2110/904/2
f 2084/905/2 2085/898/2 2133/895/2
f 2084/905/2 2133/895/2 2134/906/2
f 2308/907/2 2309/901/2 2327/902/2
f 2308/907/2 2327/902/2 2328/908/2
f 2307/909/2 2308/907/2 2328/908/2
f 2156/903/2 2110/904/2 2111/910/2
f 2083/911/2 2084/905/2 2134/906/2
f 2307/909/2 2328/908/2 2329/912/2
f 2083/911/2 2134/906/2 2135/913/2
f 2155/914/2 2156/903/2 2111/910/2
f 2306/915/2 2307/909/2 2329/912/2
f 2155/914/2 2111/910/2 2112/916/2
f 2082/917/2 2083/911/2 2135/913/2
f 2306/915/2 2329/912/2 2330/27/2
f 2305/918/2 2306/915/2 2330/27/2
f 2155/914/2 2112/916/2 2113/919/2
f 2081/920/2 2082/917/2 2135/913/2
f 2304/921/2 2305/918/2 2330/27/2
f 2304/921/2 2330/27/2 2170/922/2
f 2081/920/2 2135/913/2 2136/923/2
f 2154/924/2 2155/914/2 2113/919/2
f 2154/924/2 2113/919/2 2114/925/2
f 2080/926/2 2081/920/2 2136/923/2
f 2154/924/2 2114/925/2 2115/927/2
f 2079/928/2 2080/926/2 2136/923/2
f 2079/928/2 2136/923/2 2137/929/2
f 2153/930/2 2154/924/2 2115/927/2
f 2153/930/2 2115/927/2 2116/931/2
f 2078/932/2 2079/928/2 2137/929/2
f 2303/933/2 2304/921/2 2170/922/2
f 2153/930/2 2116/931/2 2117/934/2
f 2077/935/2 2078/932/2 2137/929/2
f 2077/935/2 2137/929/2 2138/380/2
f 2152/936/2 2153/930/2 2117/934/2
f 2152/936/2 2117/934/2 2118/937/2
f 2076/938/2 2077/935/2 2138/380/2
f 2152/936/2 2118/937/2 2119/939/2
f 2075/940/2 2076/938/2 2138/380/2
f 2152/936/2 2119/939/2 2120/941/2
f 2074/29/2 2075/940/2 2138/380/2
f 2152/936/2 2120/941/2 2121/942/2
f 2121/942/2 2074/29/2 2138/380/2
f 2152/936/2 2121/942/2 2138/380/2
f 2152/936/2 2138/380/2 2139/943/2
f 2151/944/2 2152/936/2 2139/943/2
f 2151/944/2 2139/943/2 2140/945/2
f 2150/946/2 2151/944/2 2140/945/2
f 2302/947/2 2303/933/2 2170/922/2
f 2193/948/2 2194/950/2 2195/949/2
f 2150/946/2 2140/945/2 2141/951/2
f 2149/952/2 2150/946/2 2141/951/2
f 2192/953/2 2193/948/2 2195/949/2
f 2191/954/2 2192/953/2 2195/949/2
f 2149/952/2 2141/951/2 2142/955/2
f 2148/956/2 2149/952/2 2142/955/2
f 2190/957/2 2191/954/2 2195/949/2
f 2148/956/2 2142/955/2 2143/958/2
f 2147/959/2 2148/956/2 2143/958/2
f 2189/960/2 2190/957/2 2195/949/2
f 2147/959/2 2143/958/2 2144/961/2
f 2146/962/2 2147/959/2 2144/961/2
f 2188/963/2 2189/960/2 2195/949/2
f 2146/962/2 2144/961/2 2145/964/2
f 2187/965/2 2188/963/2 2195/949/2
f 2186/966/2 2187/965/2 2195/949/2
f 2185/967/2 2186/966/2 2195/949/2
f 2184/968/2 2185/967/2 2195/949/2
f 2301/969/2 2302/947/2 2170/922/2
f 2183/970/2 2184/968/2 2195/949/2
f 2182/971/2 2183/970/2 2195/949/2
f 2181/972/2 2182/971/2 2195/949/2
f 2180/973/2 2181/972/2 2195/949/2
f 2179/974/2 2180/973/2 2195/949/2
f 2178/975/2 2179/974/2 2195/949/2
f 2178/975/2 2195/949/2 2196/976/2
f 2178/975/2 2196/976/2 2197/977/2
f 2300/978/2 2301/969/2 2170/922/2
f 2178/975/2 2197/977/2 2198/979/2
f 2178/975/2 2198/979/2 2199/980/2
f 2177/981/2 2178/975/2 2199/980/2
f 2177/981/2 2199/980/2 2200/982/2
f 2177/981/2 2200/982/2 2201/983/2
f 2177/981/2 2201/983/2 2202/334/2
f 2176/984/2 2177/981/2 2202/334/2
f 2176/984/2 2202/334/2 2203/985/2
f 2176/984/2 2203/985/2 2204/986/2
f 2176/984/2 2204/986/2 2205/987/2
f 2175/988/2 2176/984/2 2205/987/2
f 2175/988/2 2205/987/2 2206/989/2
f 2175/988/2 2206/989/2 2207/990/2
f 2175/988/2 2207/990/2 2208/991/2
f 2174/992/2 2175/988/2 2208/991/2
f 2174/992/2 2208/991/2 2209/993/2
f 2173/994/2 2174/992/2 2209/993/2
f 2299/995/2 2300/978/2 2170/922/2
f 2172/996/2 2173/994/2 2209/993/2
f 2172/996/2 2209/993/2 2210/997/2
f 2171/998/2 2172/996/2 2210/997/2
f 2171/998/2 2210/997/2 2211/999/2
f 2170/922/2 2171/998/2 2211/999/2
f 2170/922/2 2211/999/2 2212/1000/2
f 2299/995/2 2170/922/2 2212/1000/2
f 2299/995/2 2212/1000/2 2213/1001/2
f 2299/995/2 2213/1001/2 2214/1002/2
f 2298/1003/2 2299/995/2 2214/1002/2
f 2298/1003/2 2214/1002/2 2215/1004/2
f 2298/1003/2 2215/1004/2 2216/1005/2
f 2298/1003/2 2216/1005/2 2217/1006/2
f 2298/1003/2 2217/1006/2 2218/1007/2
f 2298/1003/2 2218/1007/2 2219/1008/2
f 2298/1003/2 2219/1008/2 2220/1009/2
f 2297/1010/2 2298/1003/2 2220/1009/2
f 2296/1011/2 2297/1010/2 2220/1009/2
f 2295/1012/2 2296/1011/2 2220/1009/2
f 2294/1013/2 2295/1012/2 2220/1009/2
f 2293/1014/2 2294/1013/2 2220/1009/2
f 2293/1014/2 2220/1009/2 2221/1015/2
f 2293/1014/2 2221/1015/2 2222/1016/2
f 2292/1017/2 2293/1014/2 2222/1016/2
f 2292/1017/2 2222/1016/2 2223/1018/2
f 2292/1017/2 2223/1018/2 2224/1019/2
f 2292/1017/2 2224/1019/2 2225/1020/2
f 2291/1021/2 2292/1017/2 2225/1020/2
f 2291/1021/2 2225/1020/2 2226/1022/2
f 2255/1023/2 2256/1025/2 2257/1024/2
f 2291/1021/2 2226/1022/2 2227/1026/2
f 2254/1027/2 2255/1023/2 2257/1024/2
f 2291/1021/2 2227/1026/2 2228/1028/2
f 2290/1029/2 2291/1021/2 2228/1028/2
f 2253/1030/2 2254/1027/2 2257/1024/2
f 2290/1029/2 2228/1028/2 2229/1031/2
f 2252/1032/2 2253/1030/2 2257/1024/2
f 2290/1029/2 2229/1031/2 2230/1033/2
f 2251/1034/2 2252/1032/2 2257/1024/2
f 2290/1029/2 2230/1033/2 2231/1035/2
f 2250/1036/2 2251/1034/2 2257/1024/2
f 2290/1029/2 2231/1035/2 2232/1037/2
f 2290/1029/2 2232/1037/2 2233/1038/2
f 2249/1039/2 2250/1036/2 2257/1024/2
f 2289/1040/2 2290/1029/2 2233/1038/2
f 2289/1040/2 2233/1038/2 2234/1041/2
f 2289/1040/2 2234/1041/2 2235/1042/2
f 2248/1043/2 2249/1039/2 2257/1024/2
f 2289/1040/2 2235/1042/2 2236/1044/2
f 2289/1040/2 2236/1044/2 2237/1045/2
f 2247/1046/2 2248/1043/2 2257/1024/2
f 2289/1040/2 2237/1045/2 2238/1047/2
f 2289/1040/2 2238/1047/2 2239/1048/2
f 2246/1049/2 2247/1046/2 2257/1024/2
f 2289/1040/2 2239/1048/2 2240/1050/2
f 2289/1040/2 2240/1050/2 2241/1051/2
f 2245/1052/2 2246/1049/2 2257/1024/2
f 2289/1040/2 2241/1051/2 2242/1053/2
f 2289/1040/2 2242/1053/2 2243/1054/2
f 2244/1055/2 2245/1052/2 2257/1024/2
f 2289/1040/2 2243/1054/2 2244/1055/2
f 2289/1040/2 2244/1055/2 2257/1024/2
f 2288/1056/2 2289/1040/2 2257/1024/2
f 2287/1057/2 2288/1056/2 2257/1024/2
f 2286/1058/2 2287/1057/2 2257/1024/2
f 2285/1059/2 2286/1058/2 2257/1024/2
f 2284/1060/2 2285/1059/2 2257/1024/2
f 2283/1061/2 2284/1060/2 2257/1024/2
f 2283/1061/2 2257/1024/2 2258/1062/2
f 2282/1063/2 2283/1061/2 2258/1062/2
f 2282/1063/2 2258/1062/2 2259/1064/2
f 2282/1063/2 2259/1064/2 2260/1065/2
f 2281/1066/2 2282/1063/2 2260/1065/2
f 2281/1066/2 2260/1065/2 2261/1067/2
f 2280/1068/2 2281/1066/2 2261/1067/2
f 2280/1068/2 2261/1067/2 2262/1069/2
f 2279/1070/2 2280/1068/2 2262/1069/2
f 2279/1070/2 2262/1069/2 2263/1071/2
f 2278/1072/2 2279/1070/2 2263/1071/2
f 2278/1072/2 2263/1071/2 2264/1073/2
f 2277/1074/2 2278/1072/2 2264/1073/2
f 2276/1075/2 2277/1074/2 2264/1073/2
f 2276/1075/2 2264/1073/2 2265/1076/2
f 2275/1077/2 2276/1075/2 2265/1076/2
f 2275/1077/2 2265/1076/2 2266/243/2
f 2274/1078/2 2275/1077/2 2266/243/2
f 2273/1079/2 2274/1078/2 2266/243/2
f 2273/1079/2 2266/243/2 2267/1080/2
f 2272/1081/2 2273/1079/2 2267/1080/2
f 2272/1081/2 2267/1080/2 2268/1082/2
f 2271/1083/2 2272/1081/2 2268/1082/2
f 2270/1084/2 2271/1083/2 2268/1082/2
f 2270/1084/2 2268/1082/2 2269/1085/2
s 1
f 2332/1086/7 2334/1087/8 2333/1088/8 2331/29/7
f 2334/1087/8 2336/1089/9 2335/1090/9 2333/1088/8
f 2336/1089/9 2338/1091/10 2337/870/10 2335/1090/9
f 2338/1091/10 2340/1092/11 2339/1093/11 2337/870/10
f 2340/1092/11 2342/1094/12 2341/1095/12 2339/1093/11
f 2342/1094/12 2344/1096/13 2343/883/13 2341/1095/12
f 2344/1096/13 2346/1097/14 2345/1098/14 2343/883/13
f 2346/1097/14 2348/1099/15 2347/775/15 2345/1098/14
f 2348/1099/15 2350/1100/16 2349/835/16 2347/775/15
f 2350/1100/16 2352/1101/17 2351/1102/17 2349/835/16
f 2352/1101/17 2354/1103/18 2353/1104/18 2351/1102/17
f 2354/1103/18 2356/1105/19 2355/380/19 2353/1104/18
f 2356/1105/19 2358/1106/20 2357/1107/20 2355/380/19
f 2358/1106/20 2360/1108/21 2359/1109/21 2357/1107/20
f 2360/1108/21 2362/1110/22 2361/924/22 2359/1109/21
f 2362/1110/22 2364/1111/23 2363/116/23 2361/924/22
f 2364/1111/23 2366/1112/24 2365/1113/24 2363/116/23
f 2366/1112/24 2368/1114/25 2367/922/25 2365/1113/24
f 2368/1114/25 2370/1115/26 2369/1116/26 2367/922/25
f 2370/1115/26 2372/1117/27 2371/1118/27 2369/1116/26
f 2372/1117/27 2374/1119/28 2373/966/28 2371/1118/27
f 2374/1119/28 2376/1120/29 2375/1121/29 2373/966/28
f 2376/1120/29 2378/1122/30 2377/1123/30 2375/1121/29
f 2378/1122/30 2380/1124/31 2379/334/31 2377/1123/30
f 2380/1124/31 2382/1125/32 2381/1126/32 2379/334/31
f 2382/1125/32 2384/1127/33 2383/1128/33 2381/1126/32
f 2384/1127/33 2386/1129/34 2385/1007/34 2383/1128/33
f 2386/1129/34 2388/1130/35 2387/1131/35 2385/1007/34
f 2388/1130/35 2390/1132/36 2389/1133/36 2387/1131/35
f 2390/1132/36 2392/1134/37 2391/1041/37 2389/1133/36
f 2392/1134/37 2394/1135/38 2393/1136/38 2391/1041/37
f 2394/1135/38 2396/1137/39 2395/171/39 2393/1136/38
f 2396/1137/39 2398/1138/40 2397/1036/40 2395/171/39
f 2398/1138/40 2400/1139/41 2399/1140/41 2397/1036/40
f 2400/1139/41 2402/1141/42 2401/1142/42 2399/1140/41
f 2402/1141/42 2404/1143/43 2403/243/43 2401/1142/42
f 2404/1143/43 2406/1144/44 2405/1145/44 2403/243/43
f 2406/1144/44 2408/1146/45 2407/1147/45 2405/1145/44
f 2408/1146/45 2410/1148/46 2409/1063/46 2407/1147/45
f 2410/1148/46 2412/1149/47 2411/745/47 2409/1063/46
f 2412/1149/47 2414/1150/48 2413/1151/48 2411/745/47
f 2414/1150/48 2416/1152/49 2415/1003/49 2413/1151/48
f 2416/1152/49 2418/1153/50 2417/1154/50 2415/1003/49
f 2418/1153/50 2420/1155/51 2419/1156/51 2417/1154/50
f 2420/1155/51 2422/1157/52 2421/879/52 2419/1156/51
f 2422/1157/52 2424/1158/53 2423/1159/53 2421/879/52
f 2424/1158/53 2426/1160/54 2425/1161/54 2423/1159/53
f 2426/1160/54 2332/1162/7 2331/27/7 2425/1161/54
f 2428/1086/55 2430/1087/56 2429/1088/56 2427/29/55
f 2430/1087/56 2432/1089/57 2431/1090/57 2429/1088/56
f 2432/1089/57 2434/1091/58 2433/870/58 2431/1090/57
f 2434/1091/58 2436/1092/59 2435/1093/59 2433/870/58
f 2436/1092/59 2438/1094/60 2437/1095/60 2435/1093/59
f 2438/1094/60 2440/1096/61 2439/883/61 2437/1095/60
f 2440/1096/61 2442/1097/62 2441/1098/62 2439/883/61
f 2442/1097/62 2444/1099/63 2443/775/63 2441/1098/62
f 2444/1099/63 2446/1100/64 2445/835/64 2443/775/63
f 2446/1100/64 2448/1101/65 2447/1102/65 2445/835/64
f 2448/1101/65 2450/1103/66 2449/1104/66 2447/1102/65
f 2450/1103/66 2452/1105/67 2451/380/67 2449/1104/66
f 2452/1105/67 2454/1106/68 2453/1107/68 2451/380/67
f 2454/1106/68 2456/1108/69 2455/1109/69 2453/1107/68
f 2456/1108/69 2458/1110/70 2457/924/70 2455/1109/69
f 2458/1110/70 2460/1111/71 2459/116/71 2457/924/70
f 2460/1111/71 2462/1112/72 2461/1113/72 2459/116/71
f 2462/1112/72 2464/1114/73 2463/922/73 2461/1113/72
f 2464/1114/73 2466/1115/74 2465/1116/74 2463/922/73
f 2466/1115/74 2468/1117/75 2467/1118/75 2465/1116/74
f 2468/1117/75 2470/1119/76 2469/966/76 2467/1118/75
f 2470/1119/76 2472/1120/77 2471/1121/77 2469/966/76
f 2472/1120/77 2474/1122/78 2473/1123/78 2471/1121/77
f 2474/1122/78 2476/1124/79 2475/334/79 2473/1123/78
f 2476/1124/79 2478/1125/80 2477/1126/80 2475/334/79
f 2478/1125/80 2480/1127/81 2479/1128/81 2477/1126/80
f 2480/1127/81 2482/1129/82 2481/1007/82 2479/1128/81
f 2482/1129/82 2484/1130/83 2483/1131/83 2481/1007/82
f 2484/1130/83 2486/1132/84 2485/1133/84 2483/1131/83
f 2486/1132/84 2488/1134/85 2487/1041/85 2485/1133/84
f 2488/1134/85 2490/1135/86 2489/1136/86 2487/1041/85
f 2490/1135/86 2492/1137/87 2491/171/87 2489/1136/86
f 2492/1137/87 2494/1138/88 2493/1036/88 2491/171/87
f 2494/1138/88 2496/1139/89 2495/1140/89 2493/1036/88
f 2496/1139/89 2498/1141/90 2497/1142/90 2495/1140/89
f 2498/1141/90 2500/1143/91 2499/243/91 2497/1142/90
f 2500/1143/91 2502/1144/92 2501/1145/92 2499/243/91
f 2502/1144/92 2504/1146/93 2503/1147/93 2501/1145/92
f 2504/1146/93 2506/1148/94 2505/1063/94 2503/1147/93
f 2506/1148/94 2508/1149/95 2507/745/95 2505/1063/94
f 2508/1149/95 2510/1150/96 2509/1151/96 2507/745/95
f 2510/1150/96 2512/1152/97 2511/1003/97 2509/1151/96
f 2512/1152/97 2514/1153/98 2513/1154/98 2511/1003/97
f 2514/1153/98 2516/1155/99 2515/1156/99 2513/1154/98
f 2516/1155/99 2518/1157/100 2517/879/100 2515/1156/99
f 2518/1157/100 2520/1158/101 2519/1159/101 2517/879/100
f 2520/1158/101 2522/1160/102 2521/1161/102 2519/1159/101
f 2522/1160/102 2428/1162/55 2427/27/55 2521/1161/102
f 2524/1086/103 2526/1163/104 2525/1164/104 2523/29/103
f 2526/1163/104 2528/1165/105 2527/1166/105 2525/1164/104
f 2528/1165/105 2530/1167/106 2529/1168/106 2527/1166/105
f 2530/1167/106 2532/1169/107 2531/1170/107 2529/1168/106
f 2532/1169/107 2534/1171/108 2533/1172/108 2531/1170/107
f 2534/1171/108 2536/1173/109 2535/1174/109 2533/1172/108
f 2536/1173/109 2538/1175/110 2537/1176/110 2535/1174/109
f 2538/1175/110 2540/1177/111 2539/1178/111 2537/1176/110
f 2540/1177/111 2542/1179/112 2541/1180/112 2539/1178/111
f 2542/1179/112 2544/1181/113 2543/1182/113 2541/1180/112
f 2544/1181/113 2546/1183/114 2545/1184/114 2543/1182/113
f 2546/1183/114 2548/1185/115 2547/1186/115 2545/1184/114
f 2548/1185/115 2550/1187/116 2549/1188/116 2547/1186/115
f 2550/1187/116 2552/1189/117 2551/1190/117 2549/1188/116
f 2552/1189/117 2554/1191/118 2553/1192/118 2551/1190/117
f 2554/1191/118 2556/1193/119 2555/1194/119 2553/1192/118
f 2556/1193/119 2558/1195/120 2557/1196/120 2555/1194/119
f 2558/1195/120 2560/1197/121 2559/1198/121 2557/1196/120
f 2560/1197/121 2562/1199/122 2561/1200/122 2559/1198/121
f 2562/1199/122 2564/1201/123 2563/1202/123 2561/1200/122
f 2564/1201/123 2566/1203/124 2565/1204/124 2563/1202/123
f 2566/1203/124 2568/1205/125 2567/1206/125 2565/1204/124
f 2568/1205/125 2570/1207/126 2569/78/126 2567/1206/125
f 2570/1207/126 2572/1208/127 2571/1209/127 2569/78/126
f 2572/1208/127 2574/1210/128 2573/1211/128 2571/1209/127
f 2574/1210/128 2576/1212/129 2575/1213/129 2573/1211/128
f 2576/1212/129 2578/1214/130 2577/1215/130 2575/1213/129
f 2578/1214/130 2580/1216/131 2579/1217/131 2577/1215/130
f 2580/1216/131 2582/1218/132 2581/1219/132 2579/1217/131
f 2582/1218/132 2584/1220/133 2583/1221/133 2581/1219/132
f 2584/1220/133 2586/1222/134 2585/1223/134 2583/1221/133
f 2586/1222/134 2588/1224/135 2587/1225/135 2585/1223/134
f 2588/1224/135 2590/1226/136 2589/1227/136 2587/1225/135
f 2590/1226/136 2592/1228/137 2591/1229/137 2589/1227/136
f 2592/1228/137 2594/1230/138 2593/1231/138 2591/1229/137
f 2594/1230/138 2596/1232/139 2595/1233/139 2593/1231/138
f 2596/1232/139 2598/1234/140 2597/1235/140 2595/1233/139
f 2598/1234/140 2600/1236/141 2599/1237/141 2597/1235/140
f 2600/1236/141 2602/1238/142 2601/1239/142 2599/1237/141
f 2602/1238/142 2604/1240/143 2603/1241/143 2601/1239/142
f 2604/1240/143 2606/1242/144 2605/1243/144 2603/1241/143
f 2606/1242/144 2608/1244/145 2607/1245/145 2605/1243/144
f 2608/1244/145 2610/1246/146 2609/1247/146 2607/1245/145
f 2610/1246/146 2612/1248/147 2611/1249/147 2609/1247/146
f 2612/1248/147 2614/1250/148 2613/1251/148 2611/1249/147
f 2614/1250/148 2616/1252/149 2615/125/149 2613/1251/148
f 2616/1252/149 2618/1253/150 2617/1254/150 2615/125/149
f 2618/1253/150 2620/1255/151 2619/1256/151 2617/1254/150
f 2620/1255/151 2622/1257/152 2621/1258/152 2619/1256/151
f 2622/1257/152 2624/1259/153 2623/1260/153 2621/1258/152
f 2624/1259/153 2626/1261/154 2625/1262/154 2623/1260/153
f 2626/1261/154 2628/1263/155 2627/1264/155 2625/1262/154
f 2628/1263/155 2630/1265/156 2629/1266/156 2627/1264/155
f 2630/1265/156 2632/1267/157 2631/1268/157 2629/1266/156
f 2632/1267/157 2634/1269/158 2633/1270/158 2631/1268/157
f 2634/1269/158 2636/1271/159 2635/1272/159 2633/1270/158
f 2636/1271/159 2638/1273/160 2637/1274/160 2635/1272/159
f 2638/1273/160 2640/1275/161 2639/1276/161 2637/1274/160
f 2640/1275/161 2642/1277/162 2641/1278/162 2639/1276/161
f 2642/1277/162 2644/1279/163 2643/1280/163 2641/1278/162
f 2644/1279/163 2646/1281/164 2645/1282/164 2643/1280/163
f 2646/1281/164 2648/1283/165 2647/1284/165 2645/1282/164
f 2648/1283/165 2650/1285/166 2649/1286/166 2647/1284/165
f 2650/1285/166 2652/1287/167 2651/1288/167 2649/1286/166
f 2652/1287/167 2654/1289/168 2653/1290/168 2651/1288/167
f 2654/1289/168 2656/1291/169 2655/1292/169 2653/1290/168
f 2656/1291/169 2658/1293/170 2657/1294/170 2655/1292/169
f 2658/1293/170 2660/1295/171 2659/1296/171 2657/1294/170
f 2660/1295/171 2662/1297/172 2661/151/172 2659/1296/171
f 2662/1297/172 2664/1298/173 2663/1299/173 2661/151/172
f 2664/1298/173 2666/1300/174 2665/1301/174 2663/1299/173
f 2666/1300/174 2668/1302/175 2667/1303/175 2665/1301/174
f 2668/1302/175 2670/1304/176 2669/1305/176 2667/1303/175
f 2670/1304/176 2672/1306/177 2671/1307/177 2669/1305/176
f 2672/1306/177 2674/1308/178 2673/1309/178 2671/1307/177
f 2674/1308/178 2676/1310/179 2675/1311/179 2673/1309/178
f 2676/1310/179 2678/1312/180 2677/1313/180 2675/1311/179
f 2678/1312/180 2680/1314/181 2679/1315/181 2677/1313/180
f 2680/1314/181 2682/1316/182 2681/1317/182 2679/1315/181
f 2682/1316/182 2684/1318/183 2683/1319/183 2681/1317/182
f 2684/1318/183 2686/1320/184 2685/1321/184 2683/1319/183
f 2686/1320/184 2688/1322/185 2687/1323/185 2685/1321/184
f 2688/1322/185 2690/1324/186 2689/1325/186 2687/1323/185
f 2690/1324/186 2692/1326/187 2691/1327/187 2689/1325/186
f 2692/1326/187 2694/1328/188 2693/1329/188 2691/1327/187
f 2694/1328/188 2696/1330/189 2695/1331/189 2693/1329/188
f 2696/1330/189 2698/1332/190 2697/1333/190 2695/1331/189
f 2698/1332/190 2700/1334/191 2699/1335/191 2697/1333/190
f 2700/1334/191 2702/1336/192 2701/1337/192 2699/1335/191
f 2702/1336/192 2704/1338/193 2703/1339/193 2701/1337/192
f 2704/1338/193 2706/1340/194 2705/1341/194 2703/1339/193
f 2706/1340/194 2708/1342/195 2707/166/195 2705/1341/194
f 2708/1342/195 2710/1343/196 2709/1344/196 2707/166/195
f 2710/1343/196 2712/1345/197 2711/1346/197 2709/1344/196
f 2712/1345/197 2714/1347/198 2713/1348/198 2711/1346/197
f 2714/1347/198 2716/1349/199 2715/1350/199 2713/1348/198
f 2716/1349/199 2718/1351/200 2717/1352/200 2715/1350/199
f 2718/1351/200 2720/1353/201 2719/1354/201 2717/1352/200
f 2720/1353/201 2722/1355/202 2721/1356/202 2719/1354/201
f 2722/1355/202 2724/1357/203 2723/1358/203 2721/1356/202
f 2724/1357/203 2726/1359/204 2725/1360/204 2723/1358/203
f 2726/1359/204 2728/1361/205 2727/1362/205 2725/1360/204
f 2728/1361/205 2730/1363/206 2729/1364/206 2727/1362/205
f 2730/1363/206 2732/1365/207 2731/1366/207 2729/1364/206
f 2732/1365/207 2734/1367/208 2733/1368/208 2731/1366/207
f 2734/1367/208 2736/1369/209 2735/1370/209 2733/1368/208
f 2736/1369/209 2738/1371/210 2737/1372/210 2735/1370/209
f 2738/1371/210 2740/1373/211 2739/1374/211 2737/1372/210
f 2740/1373/211 2742/1375/212 2741/1376/212 2739/1374/211
f 2742/1375/212 2744/1377/213 2743/1378/213 2741/1376/212
f 2744/1377/213 2746/1379/214 2745/1380/214 2743/1378/213
f 2746/1379/214 2748/1381/215 2747/1382/215 2745/1380/214
f 2748/1381/215 2750/1383/216 2749/1384/216 2747/1382/215
f 2750/1383/216 2752/1385/217 2751/1386/217 2749/1384/216
f 2752/1385/217 2754/1387/218 2753/161/218 2751/1386/217
f 2754/1387/218 2756/1388/219 2755/1389/219 2753/161/218
f 2756/1388/219 2758/1390/220 2757/1391/220 2755/1389/219
f 2758/1390/220 2760/1392/221 2759/1393/221 2757/1391/220
f 2760/1392/221 2762/1394/222 2761/1395/222 2759/1393/221
f 2762/1394/222 2764/1396/223 2763/1397/223 2761/1395/222
f 2764/1396/223 2766/1398/224 2765/1399/224 2763/1397/223
f 2766/1398/224 2768/1400/225 2767/1401/225 2765/1399/224
f 2768/1400/225 2770/1402/226 2769/1403/226 2767/1401/225
f 2770/1402/226 2772/1404/227 2771/1405/227 2769/1403/226
f 2772/1404/227 2774/1406/227 2773/1407/227 2771/1405/227
f 2774/1406/227 2776/1408/227 2775/1409/227 2773/1407/227
f 2776/1408/227 2778/1410/227 2777/1411/227 2775/1409/227
f 2778/1410/227 2780/1412/227 2779/1413/227 2777/1411/227
f 2780/1412/227 2782/1414/227 2781/1415/227 2779/1413/227
f 2782/1414/227 2784/1416/227 2783/1417/227 2781/1415/227
f 2784/1416/227 2786/1418/227 2785/1419/227 2783/1417/227
f 2786/1418/227 2788/1420/227 2787/1421/227 2785/1419/227
f 2788/1420/227 2790/1422/227 2789/1423/227 2787/1421/227
f 2790/1422/227 2792/1424/227 2791/1425/227 2789/1423/227
f 2792/1424/227 2794/1426/228 2793/1427/228 2791/1425/227
f 2794/1426/228 2796/1428/229 2795/1429/229 2793/1427/228
f 2796/1428/229 2798/1430/230 2797/1431/230 2795/1429/229
f 2798/1430/230 2800/1432/231 2799/130/231 2797/1431/230
f 2800/1432/231 2802/1433/232 2801/1434/232 2799/130/231
f 2802/1433/232 2804/1435/233 2803/1436/233 2801/1434/232
f 2804/1435/233 2806/1437/234 2805/1438/234 2803/1436/233
f 2806/1437/234 2808/1439/235 2807/1440/235 2805/1438/234
f 2808/1439/235 2810/1441/236 2809/1442/236 2807/1440/235
f 2810/1441/236 2812/1443/237 2811/1444/237 2809/1442/236
f 2812/1443/237 2814/1445/238 2813/1446/238 2811/1444/237
f 2814/1445/238 2816/1447/239 2815/1448/239 2813/1446/238
f 2816/1447/239 2818/1449/240 2817/1450/240 2815/1448/239
f 2818/1449/240 2820/1451/241 2819/1452/241 2817/1450/240
f 2820/1451/241 2822/1453/242 2821/1454/242 2819/1452/241
f 2822/1453/242 2824/1455/243 2823/1456/243 2821/1454/242
f 2824/1455/243 2826/1457/244 2825/1458/244 2823/1456/243
f 2826/1457/244 2828/1459/245 2827/1460/245 2825/1458/244
f 2828/1459/245 2830/1461/246 2829/1462/246 2827/1460/245
f 2830/1461/246 2832/1463/247 2831/1464/247 2829/1462/246
f 2832/1463/247 2834/1465/248 2833/1466/248 2831/1464/247
f 2834/1465/248 2836/1467/249 2835/1468/249 2833/1466/248
f 2836/1467/249 2838/1469/250 2837/1470/250 2835/1468/249
f 2838/1469/250 2840/1471/251 2839/1472/251 2837/1470/250
f 2840/1471/251 2842/1473/252 2841/1474/252 2839/1472/251
f 2842/1473/252 2844/1475/253 2843/1476/253 2841/1474/252
f 2844/1475/253 2524/1162/103 2523/27/103 2843/1476/253
f 2846/1086/254 2848/1477/255 2847/1478/255 2845/29/254
f 2848/1477/255 2850/1479/256 2849/1480/256 2847/1478/255
f 2850/1479/256 2852/1481/257 2851/1482/257 2849/1480/256
f 2852/1481/257 2854/1483/258 2853/1484/258 2851/1482/257
f 2854/1483/258 2856/1485/259 2855/1486/259 2853/1484/258
f 2856/1485/259 2858/1487/260 2857/1488/260 2855/1486/259
f 2858/1487/260 2860/1489/261 2859/1490/261 2857/1488/260
f 2860/1489/261 2862/1491/262 2861/1492/262 2859/1490/261
f 2862/1491/262 2864/1493/263 2863/1494/263 2861/1492/262
f 2864/1493/263 2866/1495/264 2865/1496/264 2863/1494/263
f 2866/1495/264 2868/1497/265 2867/1498/265 2865/1496/264
f 2868/1497/265 2870/1499/266 2869/1500/266 2867/1498/265
f 2870/1499/266 2872/1501/267 2871/1502/267 2869/1500/266
f 2872/1501/267 2874/1503/268 2873/1504/268 2871/1502/267
f 2874/1503/268 2876/1505/269 2875/1506/269 2873/1504/268
f 2876/1505/269 2878/1507/270 2877/1508/270 2875/1506/269
f 2878/1507/270 2880/1509/271 2879/1510/271 2877/1508/270
f 2880/1509/271 2882/1511/272 2881/1512/272 2879/1510/271
f 2882/1511/272 2884/1513/273 2883/1514/273 2881/1512/272
f 2884/1513/273 2886/1515/274 2885/1516/274 2883/1514/273
f 2886/1515/274 2888/1517/275 2887/1518/275 2885/1516/274
f 2888/1517/275 2890/1519/276 2889/1520/276 2887/1518/275
f 2890/1519/276 2892/1521/277 2891/1522/277 2889/1520/276
f 2892/1521/277 2894/1523/278 2893/1524/278 2891/1522/277
f 2894/1523/278 2896/1525/279 2895/1526/279 2893/1524/278
f 2896/1525/279 2898/1527/280 2897/1528/280 2895/1526/279
f 2898/1527/280 2900/1529/281 2899/1530/281 2897/1528/280
f 2900/1529/281 2902/1531/282 2901/1532/282 2899/1530/281
f 2902/1531/282 2904/1533/283 2903/1534/283 2901/1532/282
f 2904/1533/283 2906/1535/284 2905/1536/284 2903/1534/283
f 2906/1535/284 2908/1537/285 2907/1538/285 2905/1536/284
f 2908/1537/285 2910/1539/286 2909/1540/286 2907/1538/285
f 2910/1539/286 2912/1541/287 2911/1542/287 2909/1540/286
f 2912/1541/287 2914/1543/288 2913/1544/288 2911/1542/287
f 2914/1543/288 2916/1545/289 2915/1546/289 2913/1544/288
f 2916/1545/289 2918/1547/290 2917/1548/290 2915/1546/289
f 2918/1547/290 2920/1549/291 2919/1550/291 2917/1548/290
f 2920/1549/291 2922/1551/292 2921/1552/292 2919/1550/291
f 2922/1551/292 2924/1553/293 2923/1554/293 2921/1552/292
f 2924/1553/293 2926/1555/294 2925/1556/294 2923/1554/293
f 2926/1555/294 2928/1557/295 2927/1558/295 2925/1556/294
f 2928/1557/295 2930/1559/296 2929/1560/296 2927/1558/295
f 2930/1559/296 2932/1561/297 2931/1562/297 2929/1560/296
f 2932/1561/297 2934/1563/298 2933/1564/298 2931/1562/297
f 2934/1563/298 2936/1565/299 2935/1566/299 2933/1564/298
f 2936/1565/299 2938/1567/300 2937/1568/300 2935/1566/299
f 2938/1567/300 2940/1569/301 2939/1570/301 2937/1568/300
f 2940/1569/301 2942/1571/302 2941/1572/302 2939/1570/301
f 2942/1571/302 2944/1573/303 2943/1574/303 2941/1572/302
f 2944/1573/303 2946/1575/304 2945/1576/304 2943/1574/303
f 2946/1575/304 2948/1577/305 2947/1578/305 2945/1576/304
f 2948/1577/305 2950/1579/306 2949/1580/306 2947/1578/305
f 2950/1579/306 2952/1581/307 2951/1582/307 2949/1580/306
f 2952/1581/307 2954/1583/308 2953/1584/308 2951/1582/307
f 2954/1583/308 2956/1585/309 2955/1586/309 2953/1584/308
f 2956/1585/309 2958/1587/310 2957/1588/310 2955/1586/309
f 2958/1587/310 2960/1589/311 2959/1590/311 2957/1588/310
f 2960/1589/311 2962/1591/312 2961/1592/312 2959/1590/311
f 2962/1591/312 2964/1593/313 2963/1594/313 2961/1592/312
f 2964/1593/313 2966/1595/314 2965/1596/314 2963/1594/313
f 2966/1595/314 2968/1597/315 2967/1598/315 2965/1596/314
f 2968/1597/315 2970/1599/316 2969/1600/316 2967/1598/315
f 2970/1599/316 2972/1601/317 2971/1602/317 2969/1600/316
f 2972/1601/317 2974/1603/318 2973/1604/318 2971/1602/317
f 2974/1603/318 2976/1605/319 2975/1606/319 2973/1604/318
f 2976/1605/319 2978/1607/320 2977/1608/320 2975/1606/319
f 2978/1607/320 2980/1609/321 2979/1610/321 2977/1608/320
f 2980/1609/321 2982/1611/322 2981/1612/322 2979/1610/321
f 2982/1611/322 2984/1613/323 2983/1614/323 2981/1612/322
f 2984/1613/323 2986/1615/324 2985/1616/324 2983/1614/323
f 2986/1615/324 2988/1617/325 2987/1618/325 2985/1616/324
f 2988/1617/325 2990/1619/326 2989/1620/326 2987/1618/325
f 2990/1619/326 2992/1621/327 2991/1622/327 2989/1620/326
f 2992/1621/327 2994/1623/328 2993/1624/328 2991/1622/327
f 2994/1623/328 2996/1625/329 2995/1626/329 2993/1624/328
f 2996/1625/329 2998/1627/330 2997/1628/330 2995/1626/329
f 2998/1627/330 3000/1629/331 2999/1630/331 2997/1628/330
f 3000/1629/331 3002/1631/332 3001/1632/332 2999/1630/331
f 3002/1631/332 3004/1633/333 3003/1634/333 3001/1632/332
f 3004/1633/333 3006/1635/334 3005/1636/334 3003/1634/333
f 3006/1635/334 3008/1637/335 3007/1638/335 3005/1636/334
f 3008/1637/335 3010/1639/336 3009/1640/336 3007/1638/335
f 3010/1639/336 3012/1641/337 3011/1642/337 3009/1640/336
f 3012/1641/337 3014/1643/338 3013/1644/338 3011/1642/337
f 3014/1643/338 3016/1645/339 3015/1646/339 3013/1644/338
f 3016/1645/339 3018/1647/340 3017/1648/340 3015/1646/339
f 3018/1647/340 3020/1649/341 3019/1650/341 3017/1648/340
f 3020/1649/341 3022/1651/342 3021/1652/342 3019/1650/341
f 3022/1651/342 3024/1653/343 3023/1654/343 3021/1652/342
f 3024/1653/343 3026/1655/344 3025/1656/344 3023/1654/343
f 3026/1655/344 3028/1657/345 3027/1658/345 3025/1656/344
f 3028/1657/345 3030/1659/346 3029/1660/346 3027/1658/345
f 3030/1659/346 3032/1661/347 3031/1662/347 3029/1660/346
f 3032/1661/347 3034/1663/348 3033/1664/348 3031/1662/347
f 3034/1663/348 3036/1665/349 3035/1666/349 3033/1664/348
f 3036/1665/349 3038/1667/350 3037/1668/350 3035/1666/349
f 3038/1667/350 3040/1669/351 3039/1670/351 3037/1668/350
f 3040/1669/351 3042/1671/352 3041/1672/352 3039/1670/351
f 3042/1671/352 3044/1673/353 3043/1674/353 3041/1672/352
f 3044/1673/353 3046/1675/354 3045/1676/354 3043/1674/353
f 3046/1675/354 3048/1677/355 3047/1678/355 3045/1676/354
f 3048/1677/355 3050/1679/356 3049/1680/356 3047/1678/355
f 3050/1679/356 3052/1681/357 3051/1682/357 3049/1680/356
f 3052/1681/357 3054/1683/358 3053/1684/358 3051/1682/357
f 3054/1683/358 3056/1685/359 3055/1686/359 3053/1684/358
f 3056/1685/359 3058/1687/360 3057/1688/360 3055/1686/359
f 3058/1687/360 3060/1689/361 3059/1690/361 3057/1688/360
f 3060/1689/361 3062/1691/362 3061/1692/362 3059/1690/361
f 3062/1691/362 3064/1693/363 3063/1694/363 3061/1692/362
f 3064/1693/363 3066/1695/364 3065/1696/364 3063/1694/363
f 3066/1695/364 3068/1697/365 3067/1698/365 3065/1696/364
f 3068/1697/365 3070/1699/366 3069/1700/366 3067/1698/365
f 3070/1699/366 3072/1701/367 3071/1702/367 3069/1700/366
f 3072/1701/367 3074/1703/368 3073/1704/368 3071/1702/367
f 3074/1703/368 3076/1705/369 3075/1706/369 3073/1704/368
f 3076/1705/369 3078/1707/370 3077/1708/370 3075/1706/369
f 3078/1707/370 3080/1709/371 3079/1710/371 3077/1708/370
f 3080/1709/371 3082/1711/372 3081/1712/372 3079/1710/371
f 3082/1711/372 3084/1713/373 3083/1714/373 3081/1712/372
f 3084/1713/373 3086/1715/374 3085/1716/374 3083/1714/373
f 3086/1715/374 3088/1717/375 3087/1718/375 3085/1716/374
f 3088/1717/375 3090/1719/376 3089/1720/376 3087/1718/375
f 3090/1719/376 3092/1721/377 3091/1722/377 3089/1720/376
f 3092/1721/377 3094/1723/378 3093/1724/378 3091/1722/377
f 3094/1723/378 3096/1725/379 3095/1726/379 3093/1724/378
f 3096/1725/379 3098/1727/380 3097/1728/380 3095/1726/379
f 3098/1727/380 2846/1162/254 2845/27/254 3097/1728/380
f 3100/1086/381 3102/1729/382 3101/1730/382 3099/29/381
f 3102/1729/382 3104/1731/383 3103/1732/383 3101/1730/382
f 3104/1731/383 3106/1733/384 3105/1734/384 3103/1732/383
f 3106/1733/384 3108/1735/385 3107/1736/385 3105/1734/384
f 3108/1735/385 3110/1737/386 3109/1738/386 3107/1736/385
f 3110/1737/386 3112/1739/387 3111/1740/387 3109/1738/386
f 3112/1739/387 3114/1741/388 3113/1742/388 3111/1740/387
f 3114/1741/388 3116/1743/389 3115/1744/389 3113/1742/388
f 3116/1743/389 3118/1745/390 3117/1746/390 3115/1744/389
f 3118/1745/390 3120/1747/391 3119/1748/391 3117/1746/390
f 3120/1747/391 3122/1749/392 3121/1750/392 3119/1748/391
f 3122/1749/392 3124/1751/393 3123/1752/393 3121/1750/392
f 3124/1751/393 3126/1753/394 3125/1754/394 3123/1752/393
f 3126/1753/394 3128/1755/395 3127/1756/395 3125/1754/394
f 3128/1755/395 3130/1757/396 3129/1758/396 3127/1756/395
f 3130/1757/396 3132/1759/397 3131/1760/397 3129/1758/396
f 3132/1759/397 3134/1761/398 3133/1762/398 3131/1760/397
f 3134/1761/398 3136/1763/399 3135/1764/399 3133/1762/398
f 3136/1763/399 3138/1765/400 3137/1766/400 3135/1764/399
f 3138/1765/400 3140/1767/401 3139/1768/401 3137/1766/400
f 3140/1767/401 3142/1769/402 3141/1770/402 3139/1768/401
f 3142/1769/402 3144/1771/403 3143/1772/403 3141/1770/402
f 3144/1771/403 3146/1773/404 3145/1774/404 3143/1772/403
f 3146/1773/404 3148/1775/405 3147/1776/405 3145/1774/404
f 3148/1775/405 3150/1777/406 3149/1778/406 3147/1776/405
f 3150/1777/406 3152/1779/407 3151/1780/407 3149/1778/406
f 3152/1779/407 3154/1781/408 3153/1782/408 3151/1780/407
f 3154/1781/408 3156/1783/409 3155/1784/409 3153/1782/408
f 3156/1783/409 3158/1785/410 3157/1786/410 3155/1784/409
f 3158/1785/410 3160/1787/411 3159/1788/411 3157/1786/410
f 3160/1787/411 3162/1789/412 3161/90/412 3159/1788/411
f 3162/1789/412 3164/1790/413 3163/1791/413 3161/90/412
f 3164/1790/413 3166/1792/414 3165/1793/414 3163/1791/413
f 3166/1792/414 3168/1794/415 3167/1795/415 3165/1793/414
f 3168/1794/415 3170/1796/416 3169/1797/416 3167/1795/415
f 3170/1796/416 3172/1798/417 3171/1799/417 3169/1797/416
f 3172/1798/417 3174/1800/418 3173/1801/418 3171/1799/417
f 3174/1800/418 3176/1802/419 3175/1803/419 3173/1801/418
f 3176/1802/419 3178/1804/420 3177/1805/420 3175/1803/419
f 3178/1804/420 3180/1806/421 3179/1807/421 3177/1805/420
f 3180/1806/421 3182/1808/422 3181/1809/422 3179/1807/421
f 3182/1808/422 3184/1810/423 3183/1811/423 3181/1809/422
f 3184/1810/423 3186/1812/424 3185/1813/424 3183/1811/423
f 3186/1812/424 3188/1814/425 3187/1815/425 3185/1813/424
f 3188/1814/425 3190/1816/426 3189/1817/426 3187/1815/425
f 3190/1816/426 3192/1818/427 3191/1819/427 3189/1817/426
f 3192/1818/427 3194/1820/428 3193/1821/428 3191/1819/427
f 3194/1820/428 3196/1822/429 3195/1823/429 3193/1821/428
f 3196/1822/429 3198/1824/430 3197/1825/430 3195/1823/429
f 3198/1824/430 3200/1826/431 3199/1827/431 3197/1825/430
f 3200/1826/431 3202/1828/432 3201/1829/432 3199/1827/431
f 3202/1828/432 3204/1830/433 3203/1831/433 3201/1829/432
f 3204/1830/433 3206/1832/434 3205/1833/434 3203/1831/433
f 3206/1832/434 3208/1834/435 3207/1835/435 3205/1833/434
f 3208/1834/435 3210/1836/436 3209/1837/436 3207/1835/435
f 3210/1836/436 3212/1838/437 3211/1839/437 3209/1837/436
f 3212/1838/437 3214/1840/438 3213/1841/438 3211/1839/437
f 3214/1840/438 3216/1842/439 3215/1843/439 3213/1841/438
f 3216/1842/439 3218/1844/440 3217/1845/440 3215/1843/439
f 3218/1844/440 3220/1846/441 3219/1847/441 3217/1845/440
f 3220/1846/441 3222/1848/442 3221/1849/442 3219/1847/441
f 3222/1848/442 3224/1850/443 3223/154/443 3221/1849/442
f 3224/1850/443 3226/1851/444 3225/1852/444 3223/154/443
f 3226/1851/444 3228/1853/445 3227/1854/445 3225/1852/444
f 3228/1853/445 3230/1855/446 3229/1856/446 3227/1854/445
f 3230/1855/446 3232/1857/447 3231/1858/447 3229/1856/446
f 3232/1857/447 3234/1859/448 3233/1860/448 3231/1858/447
f 3234/1859/448 3236/1861/449 3235/1862/449 3233/1860/448
f 3236/1861/449 3238/1863/450 3237/1864/450 3235/1862/449
f 3238/1863/450 3240/1865/451 3239/1866/451 3237/1864/450
f 3240/1865/451 3242/1867/452 3241/1868/452 3239/1866/451
f 3242/1867/452 3244/1869/453 3243/1870/453 3241/1868/452
f 3244/1869/453 3246/1871/454 3245/1872/454 3243/1870/453
f 3246/1871/454 3248/1873/455 3247/1874/455 3245/1872/454
f 3248/1873/455 3250/1875/456 3249/1876/456 3247/1874/455
f 3250/1875/456 3252/1877/457 3251/1878/457 3249/1876/456
f 3252/1877/457 3254/1879/458 3253/1880/458 3251/1878/457
f 3254/1879/458 3256/1881/459 3255/1882/459 3253/1880/458
f 3256/1881/459 3258/1883/460 3257/1884/460 3255/1882/459
f 3258/1883/460 3260/1885/461 3259/1886/461 3257/1884/460
f 3260/1885/461 3262/1887/462 3261/1888/462 3259/1886/461
f 3262/1887/462 3264/1889/463 3263/1890/463 3261/1888/462
f 3264/1889/463 3266/1891/464 3265/1892/464 3263/1890/463
f 3266/1891/464 3268/1893/465 3267/1894/465 3265/1892/464
f 3268/1893/465 3270/1895/466 3269/1896/466 3267/1894/465
f 3270/1895/466 3272/1897/467 3271/1898/467 3269/1896/466
f 3272/1897/467 3274/1899/468 3273/1900/468 3271/1898/467
f 3274/1899/468 3276/1901/469 3275/1902/469 3273/1900/468
f 3276/1901/469 3278/1903/470 3277/1904/470 3275/1902/469
f 3278/1903/470 3280/1905/471 3279/1906/471 3277/1904/470
f 3280/1905/471 3282/1907/472 3281/1908/472 3279/1906/471
f 3282/1907/472 3284/1909/473 3283/1910/473 3281/1908/472
f 3284/1909/473 3286/1911/474 3285/173/474 3283/1910/473
f 3286/1911/474 3288/1912/475 3287/1913/475 3285/173/474
f 3288/1912/475 3290/1914/476 3289/1915/476 3287/1913/475
f 3290/1914/476 3292/1916/477 3291/1917/477 3289/1915/476
f 3292/1916/477 3294/1918/478 3293/1919/478 3291/1917/477
f 3294/1918/478 3296/1920/479 3295/1921/479 3293/1919/478
f 3296/1920/479 3298/1922/480 3297/1923/480 3295/1921/479
f 3298/1922/480 3300/1924/481 3299/1925/481 3297/1923/480
f 3300/1924/481 3302/1926/482 3301/1927/482 3299/1925/481
f 3302/1926/482 3304/1928/483 3303/1929/483 3301/1927/482
f 3304/1928/483 3306/1930/484 3305/1931/484 3303/1929/483
f 3306/1930/484 3308/1932/485 3307/1933/485 3305/1931/484
f 3308/1932/485 3310/1934/486 3309/1935/486 3307/1933/485
f 3310/1934/486 3312/1936/487 3311/1937/487 3309/1935/486
f 3312/1936/487 3314/1938/488 3313/1939/488 3311/1937/487
f 3314/1938/488 3316/1940/489 3315/1941/489 3313/1939/488
f 3316/1940/489 3318/1942/490 3317/1943/490 3315/1941/489
f 3318/1942/490 3320/1944/491 3319/1945/491 3317/1943/490
f 3320/1944/491 3322/1946/492 3321/1947/492 3319/1945/491
f 3322/1946/492 3324/1948/493 3323/1949/493 3321/1947/492
f 3324/1948/493 3326/1950/494 3325/1951/494 3323/1949/493
f 3326/1950/494 3328/1952/495 3327/1953/495 3325/1951/494
f 3328/1952/495 3330/1954/252 3329/1955/252 3327/1953/495
f 3330/1954/252 3332/1956/253 3331/1957/253 3329/1955/252
f 3332/1956/253 3334/1958/496 3333/1959/496 3331/1957/253
f 3334/1958/496 3336/1960/497 3335/1961/497 3333/1959/496
f 3336/1960/497 3338/1962/498 3337/1963/498 3335/1961/497
f 3338/1962/498 3340/1964/499 3339/1965/499 3337/1963/498
f 3340/1964/499 3342/1966/500 3341/1967/500 3339/1965/499
f 3342/1966/500 3344/1968/501 3343/1969/501 3341/1967/500
f 3344/1968/501 3346/1970/502 3345/1971/502 3343/1969/501
f 3346/1970/502 3348/1972/503 3347/136/503 3345/1971/502
f 3348/1972/503 3350/1973/504 3349/1974/504 3347/136/503
f 3350/1973/504 3352/1975/505 3351/1976/505 3349/1974/504
f 3352/1975/505 3354/1977/506 3353/1978/506 3351/1976/505
f 3354/1977/506 3356/1979/507 3355/1980/507 3353/1978/506
f 3356/1979/507 3358/1981/508 3357/1982/508 3355/1980/507
f 3358/1981/508 3360/1983/509 3359/1984/509 3357/1982/508
f 3360/1983/509 3362/1985/510 3361/1986/510 3359/1984/509
f 3362/1985/510 3364/1987/511 3363/1988/511 3361/1986/510
f 3364/1987/511 3366/1989/512 3365/1990/512 3363/1988/511
f 3366/1989/512 3368/1991/513 3367/1992/513 3365/1990/512
f 3368/1991/513 3370/1993/514 3369/1994/514 3367/1992/513
f 3370/1993/514 3372/1995/515 3371/1996/515 3369/1994/514
f 3372/1995/515 3374/1997/516 3373/1998/516 3371/1996/515
f 3374/1997/516 3376/1999/517 3375/2000/517 3373/1998/516
f 3376/1999/517 3378/2001/518 3377/2002/518 3375/2000/517
f 3378/2001/518 3380/2003/519 3379/2004/519 3377/2002/518
f 3380/2003/519 3382/2005/520 3381/2006/520 3379/2004/519
f 3382/2005/520 3384/2007/521 3383/2008/521 3381/2006/520
f 3384/2007/521 3386/2009/522 3385/2010/522 3383/2008/521
f 3386/2009/522 3388/2011/523 3387/2012/523 3385/2010/522
f 3388/2011/523 3390/2013/524 3389/2014/524 3387/2012/523
f 3390/2013/524 3392/2015/525 3391/2016/525 3389/2014/524
f 3392/2015/525 3394/2017/526 3393/2018/526 3391/2016/525
f 3394/2017/526 3396/2019/527 3395/2020/527 3393/2018/526
f 3396/2019/527 3398/2021/528 3397/2022/528 3395/2020/527
f 3398/2021/528 3400/2023/529 3399/2024/529 3397/2022/528
f 3400/2023/529 3402/2025/530 3401/2026/530 3399/2024/529
f 3402/2025/530 3404/2027/531 3403/2028/531 3401/2026/530
f 3404/2027/531 3406/2029/532 3405/2030/532 3403/2028/531
f 3406/2029/532 3408/2031/533 3407/2032/533 3405/2030/532
f 3408/2031/533 3100/1162/381 3099/27/381 3407/2032/533
f 3410/1086/227 3412/2033/227 3411/2034/227 3409/29/227
f 3412/2033/227 3414/2035/227 3413/2036/227 3411/2034/227
f 3414/2035/227 3416/2037/227 3415/2038/227 3413/2036/227
f 3416/2037/227 3418/2039/227 3417/2040/227 3415/2038/227
f 3418/2039/227 3420/2041/227 3419/2042/227 3417/2040/227
f 3420/2041/227 3422/2043/227 3421/2044/227 3419/2042/227
f 3422/2043/227 3424/2045/227 3423/2046/227 3421/2044/227
f 3424/2045/227 3426/2047/227 3425/2048/227 3423/2046/227
f 3426/2047/227 3428/2049/227 3427/686/227 3425/2048/227
f 3428/2049/227 3430/2050/227 3429/2051/227 3427/686/227
f 3430/2050/227 3432/2052/534 3431/758/534 3429/2051/227
f 3432/2052/534 3434/2053/535 3433/2054/535 3431/758/534
f 3434/2053/535 3436/2055/536 3435/2056/536 3433/2054/535
f 3436/2055/536 3438/2057/537 3437/2058/537 3435/2056/536
f 3438/2057/537 3440/2059/538 3439/2060/538 3437/2058/537
f 3440/2059/538 3442/2061/539 3441/2062/539 3439/2060/538
f 3442/2061/539 3444/2063/540 3443/2064/540 3441/2062/539
f 3444/2063/540 3446/2065/541 3445/693/541 3443/2064/540
f 3446/2065/541 3448/2066/542 3447/2067/542 3445/693/541
f 3448/2066/542 3450/2068/543 3449/2069/543 3447/2067/542
f 3450/2068/543 3452/2070/544 3451/2071/544 3449/2069/543
f 3452/2070/544 3454/2072/545 3453/787/545 3451/2071/544
f 3454/2072/545 3456/2073/546 3455/2074/546 3453/787/545
f 3456/2073/546 3458/2075/547 3457/2076/547 3455/2074/546
f 3458/2075/547 3460/2077/548 3459/2078/548 3457/2076/547
f 3460/2077/548 3462/2079/549 3461/2080/549 3459/2078/548
f 3462/2079/549 3464/2081/550 3463/712/550 3461/2080/549
f 3464/2081/550 3466/2082/551 3465/2083/551 3463/712/550
f 3466/2082/551 3468/2084/552 3467/2085/552 3465/2083/551
f 3468/2084/552 3470/2086/553 3469/2087/553 3467/2085/552
f 3470/2086/553 3472/2088/554 3471/2089/554 3469/2087/553
f 3472/2088/554 3474/2090/555 3473/2091/555 3471/2089/554
f 3474/2090/555 3476/1111/556 3475/116/556 3473/2091/555
f 3476/1111/556 3478/2092/557 3477/2093/557 3475/116/556
f 3478/2092/557 3480/2094/558 3479/2095/558 3477/2093/557
f 3480/2094/558 3482/2096/559 3481/726/559 3479/2095/558
f 3482/2096/559 3484/2097/560 3483/2098/560 3481/726/559
f 3484/2097/560 3486/2099/560 3485/2100/560 3483/2098/560
f 3486/2099/560 3488/2101/560 3487/2102/560 3485/2100/560
f 3488/2101/560 3490/2103/560 3489/2104/560 3487/2102/560
f 3490/2103/560 3492/2105/560 3491/2106/560 3489/2104/560
f 3492/2105/560 3494/2107/560 3493/2108/560 3491/2106/560
f 3494/2107/560 3496/2109/560 3495/2110/560 3493/2108/560
f 3496/2109/560 3498/2111/560 3497/823/560 3495/2110/560
f 3498/2111/560 3500/2112/560 3499/719/560 3497/823/560
f 3500/2112/560 3502/2113/560 3501/2114/560 3499/719/560
f 3502/2113/560 3504/2115/560 3503/2116/560 3501/2114/560
f 3504/2115/560 3506/2117/561 3505/2118/561 3503/2116/560
f 3506/2117/561 3508/2119/562 3507/2120/562 3505/2118/561
f 3508/2119/562 3510/2121/563 3509/2122/563 3507/2120/562
f 3510/2121/563 3512/2123/564 3511/2124/564 3509/2122/563
f 3512/2123/564 3514/2125/565 3513/2126/565 3511/2124/564
f 3514/2125/565 3516/2127/566 3515/2128/566 3513/2126/565
f 3516/2127/566 3518/2129/567 3517/665/567 3515/2128/566
f 3518/2129/567 3520/2130/568 3519/794/568 3517/665/567
f 3520/2130/568 3522/2131/569 3521/2132/569 3519/794/568
f 3522/2131/569 3524/2133/570 3523/2134/570 3521/2132/569
f 3524/2133/570 3526/2135/571 3525/2136/571 3523/2134/570
f 3526/2135/571 3528/2137/572 3527/2138/572 3525/2136/571
f 3528/2137/572 3530/2139/573 3529/2140/573 3527/2138/572
f 3530/2139/573 3532/2141/574 3531/2142/574 3529/2140/573
f 3532/2141/574 3534/2143/575 3533/2144/575 3531/2142/574
f 3534/2143/575 3536/2145/576 3535/605/576 3533/2144/575
f 3536/2145/576 3538/2146/577 3537/2147/577 3535/605/576
f 3538/2146/577 3540/2148/578 3539/2149/578 3537/2147/577
f 3540/2148/578 3542/1137/579 3541/171/579 3539/2149/578
f 3542/1137/579 3544/2150/580 3543/2151/580 3541/171/579
f 3544/2150/580 3546/2152/581 3545/2153/581 3543/2151/580
f 3546/2152/581 3548/2154/582 3547/2155/582 3545/2153/581
f 3548/2154/582 3550/2156/583 3549/2157/583 3547/2155/582
f 3550/2156/583 3552/2158/584 3551/2159/584 3549/2157/583
f 3552/2158/584 3554/2160/585 3553/611/585 3551/2159/584
f 3554/2160/585 3556/2161/586 3555/2162/586 3553/611/585
f 3556/2161/586 3558/2163/587 3557/2164/587 3555/2162/586
f 3558/2163/587 3560/2165/588 3559/2166/588 3557/2164/587
f 3560/2165/588 3562/2167/589 3561/2168/589 3559/2166/588
f 3562/2167/589 3564/2169/590 3563/757/590 3561/2168/589
f 3564/2169/590 3566/2170/591 3565/2171/591 3563/757/590
f 3566/2170/591 3568/2172/592 3567/2173/592 3565/2171/591
f 3568/2172/592 3570/2174/593 3569/2175/593 3567/2173/592
f 3570/2174/593 3572/2176/594 3571/637/594 3569/2175/593
f 3572/2176/594 3574/2177/595 3573/2178/595 3571/637/594
f 3574/2177/595 3576/2179/596 3575/2180/596 3573/2178/595
f 3576/2179/596 3578/2181/597 3577/2182/597 3575/2180/596
f 3578/2181/597 3580/2183/598 3579/2184/598 3577/2182/597
f 3580/2183/598 3582/2185/599 3581/2186/599 3579/2184/598
f 3582/2185/599 3584/2187/600 3583/2188/600 3581/2186/599
f 3584/2187/600 3586/2189/601 3585/736/601 3583/2188/600
f 3586/2189/601 3588/2190/602 3587/2191/602 3585/736/601
f 3588/2190/602 3590/2192/603 3589/622/603 3587/2191/602
f 3590/2192/603 3592/2193/604 3591/2194/604 3589/622/603
f 3592/2193/604 3594/2195/605 3593/2196/605 3591/2194/604
f 3594/2195/605 3596/2197/606 3595/2198/606 3593/2196/605
f 3596/2197/606 3598/2199/607 3597/2200/607 3595/2198/606
f 3598/2199/607 3600/2201/608 3599/2202/608 3597/2200/607
f 3600/2201/608 3602/2203/609 3601/2204/609 3599/2202/608
f 3602/2203/609 3604/2205/610 3603/2206/610 3601/2204/609
f 3604/2205/610 3606/2207/611 3605/2208/611 3603/2206/610
f 3606/2207/611 3410/1162/227 3409/27/227 3605/2208/611
f 3608/1086/612 3610/2209/613 3609/2210/613 3607/29/612
f 3610/2209/613 3612/2211/614 3611/2212/614 3609/2210/613
f 3612/2211/614 3614/2213/615 3613/2214/615 3611/2212/614
f 3614/2213/615 3616/2215/616 3615/2216/616 3613/2214/615
f 3616/2215/616 3618/2217/617 3617/2218/617 3615/2216/616
f 3618/2217/617 3620/2219/618 3619/2220/618 3617/2218/617
f 3620/2219/618 3622/2221/619 3621/2222/619 3619/2220/618
f 3622/2221/619 3624/2223/620 3623/2224/620 3621/2222/619
f 3624/2223/620 3626/2225/621 3625/2226/621 3623/2224/620
f 3626/2225/621 3628/2227/622 3627/2228/622 3625/2226/621
f 3628/2227/622 3630/2229/623 3629/2230/623 3627/2228/622
f 3630/2229/623 3632/2231/624 3631/2232/624 3629/2230/623
f 3632/2231/624 3634/2233/475 3633/2234/475 3631/2232/624
f 3634/2233/475 3636/2235/625 3635/2236/625 3633/2234/475
f 3636/2235/625 3638/2237/626 3637/2238/626 3635/2236/625
f 3638/2237/626 3640/2239/627 3639/2240/627 3637/2238/626
f 3640/2239/627 3642/2241/628 3641/2242/628 3639/2240/627
f 3642/2241/628 3644/2243/629 3643/2244/629 3641/2242/628
f 3644/2243/629 3646/2245/630 3645/2246/630 3643/2244/629
f 3646/2245/630 3648/2247/631 3647/2248/631 3645/2246/630
f 3648/2247/631 3650/2249/632 3649/2250/632 3647/2248/631
f 3650/2249/632 3652/2251/633 3651/2252/633 3649/2250/632
f 3652/2251/633 3654/2253/634 3653/2254/634 3651/2252/633
f 3654/2253/634 3656/2255/635 3655/2256/635 3653/2254/634
f 3656/2255/635 3658/2257/636 3657/2258/636 3655/2256/635
f 3658/2257/636 3660/2259/637 3659/2260/637 3657/2258/636
f 3660/2259/637 3662/2261/638 3661/2262/638 3659/2260/637
f 3662/2261/638 3664/2263/639 3663/2264/639 3661/2262/638
f 3664/2263/639 3666/2265/640 3665/2266/640 3663/2264/639
f 3666/2265/640 3668/2267/641 3667/2268/641 3665/2266/640
f 3668/2267/641 3670/2269/642 3669/2270/642 3667/2268/641
f 3670/2269/642 3672/2271/643 3671/2272/643 3669/2270/642
f 3672/2271/643 3674/2273/644 3673/2274/644 3671/2272/643
f 3674/2273/644 3676/2275/645 3675/2276/645 3673/2274/644
f 3676/2275/645 3678/2277/646 3677/2278/646 3675/2276/645
f 3678/2277/646 3680/2279/647 3679/2280/647 3677/2278/646
f 3680/2279/647 3682/1124/648 3681/334/648 3679/2280/647
f 3682/1124/648 3684/2281/649 3683/2282/649 3681/334/648
f 3684/2281/649 3686/2283/650 3685/2284/650 3683/2282/649
f 3686/2283/650 3688/2285/651 3687/2286/651 3685/2284/650
f 3688/2285/651 3690/2287/652 3689/2288/652 3687/2286/651
f 3690/2287/652 3692/2289/653 3691/2290/653 3689/2288/652
f 3692/2289/653 3694/2291/654 3693/2292/654 3691/2290/653
f 3694/2291/654 3696/2293/655 3695/2294/655 3693/2292/654
f 3696/2293/655 3698/2295/656 3697/2296/656 3695/2294/655
f 3698/2295/656 3700/2297/657 3699/2298/657 3697/2296/656
f 3700/2297/657 3702/2299/658 3701/2300/658 3699/2298/657
f 3702/2299/658 3704/2301/659 3703/2302/659 3701/2300/658
f 3704/2301/659 3706/2303/660 3705/2304/660 3703/2302/659
f 3706/2303/660 3708/2305/661 3707/2306/661 3705/2304/660
f 3708/2305/661 3710/2307/662 3709/2308/662 3707/2306/661
f 3710/2307/662 3712/2309/663 3711/2310/663 3709/2308/662
f 3712/2309/663 3714/2311/664 3713/2312/664 3711/2310/663
f 3714/2311/664 3716/2313/665 3715/2314/665 3713/2312/664
f 3716/2313/665 3718/2315/666 3717/2316/666 3715/2314/665
f 3718/2315/666 3720/2317/667 3719/2318/667 3717/2316/666
f 3720/2317/667 3722/2319/668 3721/2320/668 3719/2318/667
f 3722/2319/668 3724/2321/669 3723/2322/669 3721/2320/668
f 3724/2321/669 3726/2323/670 3725/2324/670 3723/2322/669
f 3726/2323/670 3728/2325/671 3727/2326/671 3725/2324/670
f 3728/2325/671 3730/2327/672 3729/2328/672 3727/2326/671
f 3730/2327/672 3732/2329/673 3731/2330/673 3729/2328/672
f 3732/2329/673 3734/2331/674 3733/2332/674 3731/2330/673
f 3734/2331/674 3736/2333/675 3735/2334/675 3733/2332/674
f 3736/2333/675 3738/2335/676 3737/2336/676 3735/2334/675
f 3738/2335/676 3740/2337/677 3739/2338/677 3737/2336/676
f 3740/2337/677 3742/2339/678 3741/2340/678 3739/2338/677
f 3742/2339/678 3744/2341/679 3743/2342/679 3741/2340/678
f 3744/2341/679 3746/2343/680 3745/2344/680 3743/2342/679
f 3746/2343/680 3748/2345/681 3747/2346/681 3745/2344/680
f 3748/2345/681 3750/2347/682 3749/2348/682 3747/2346/681
f 3750/2347/682 3752/2349/683 3751/2350/683 3749/2348/682
f 3752/2349/683 3754/2351/684 3753/2352/684 3751/2350/683
f 3754/2351/684 3608/1162/612 3607/27/612 3753/2352/684
f 3756/1086/102 3758/2209/102 3757/2210/102 3755/29/102
f 3758/2209/102 3760/2211/102 3759/2212/102 3757/2210/102
f 3760/2211/102 3762/2213/102 3761/2214/102 3759/2212/102
f 3762/2213/102 3764/2215/102 3763/2216/102 3761/2214/102
f 3764/2215/102 3766/2217/102 3765/2218/102 3763/2216/102
f 3766/2217/102 3768/2219/102 3767/2220/102 3765/2218/102
f 3768/2219/102 3770/2221/102 3769/2222/102 3767/2220/102
f 3770/2221/102 3772/2223/102 3771/2224/102 3769/2222/102
f 3772/2223/102 3774/2225/102 3773/2226/102 3771/2224/102
f 3774/2225/102 3776/2227/102 3775/2228/102 3773/2226/102
f 3776/2227/102 3778/2229/685 3777/2230/685 3775/2228/102
f 3778/2229/685 3780/2231/686 3779/2232/686 3777/2230/685
f 3780/2231/686 3782/2233/687 3781/2234/687 3779/2232/686
f 3782/2233/687 3784/2235/688 3783/2236/688 3781/2234/687
f 3784/2235/688 3786/2237/689 3785/2238/689 3783/2236/688
f 3786/2237/689 3788/2239/690 3787/2240/690 3785/2238/689
f 3788/2239/690 3790/2241/691 3789/2242/691 3787/2240/690
f 3790/2241/691 3792/2243/692 3791/2244/692 3789/2242/691
f 3792/2243/692 3794/2245/693 3793/2246/693 3791/2244/692
f 3794/2245/693 3796/2247/694 3795/2248/694 3793/2246/693
f 3796/2247/694 3798/2249/695 3797/2250/695 3795/2248/694
f 3798/2249/695 3800/2251/696 3799/2252/696 3797/2250/695
f 3800/2251/696 3802/2253/697 3801/2254/697 3799/2252/696
f 3802/2253/697 3804/2255/698 3803/2256/698 3801/2254/697
f 3804/2255/698 3806/2257/699 3805/2258/699 3803/2256/698
f 3806/2257/699 3808/2259/700 3807/2260/700 3805/2258/699
f 3808/2259/700 3810/2261/701 3809/2262/701 3807/2260/700
f 3810/2261/701 3812/2263/702 3811/2264/702 3809/2262/701
f 3812/2263/702 3814/2265/703 3813/2266/703 3811/2264/702
f 3814/2265/703 3816/2267/704 3815/2268/704 3813/2266/703
f 3816/2267/704 3818/2269/705 3817/2270/705 3815/2268/704
f 3818/2269/705 3820/2271/706 3819/2272/706 3817/2270/705
f 3820/2271/706 3822/2273/707 3821/2274/707 3819/2272/706
f 3822/2273/707 3824/2275/708 3823/2276/708 3821/2274/707
f 3824/2275/708 3826/2277/709 3825/2278/709 3823/2276/708
f 3826/2277/709 3828/2279/710 3827/2280/710 3825/2278/709
f 3828/2279/710 3830/1124/78 3829/334/78 3827/2280/710
f 3830/1124/78 3832/2281/78 3831/2282/78 3829/334/78
f 3832/2281/78 3834/2283/78 3833/2284/78 3831/2282/78
f 3834/2283/78 3836/2285/78 3835/2286/78 3833/2284/78
f 3836/2285/78 3838/2287/78 3837/2288/78 3835/2286/78
f 3838/2287/78 3840/2289/78 3839/2290/78 3837/2288/78
f 3840/2289/78 3842/2291/78 3841/2292/78 3839/2290/78
f 3842/2291/78 3844/2293/78 3843/2294/78 3841/2292/78
f 3844/2293/78 3846/2295/78 3845/2296/78 3843/2294/78
f 3846/2295/78 3848/2297/78 3847/2298/78 3845/2296/78
f 3848/2297/78 3850/2299/78 3849/2300/78 3847/2298/78
f 3850/2299/78 3852/2301/711 3851/2302/711 3849/2300/78
f 3852/2301/711 3854/2303/712 3853/2304/712 3851/2302/711
f 3854/2303/712 3856/2305/713 3855/2306/713 3853/2304/712
f 3856/2305/713 3858/2307/714 3857/2308/714 3855/2306/713
f 3858/2307/714 3860/2309/200 3859/2310/200 3857/2308/714
f 3860/2309/200 3862/2311/715 3861/2312/715 3859/2310/200
f 3862/2311/715 3864/2313/716 3863/2314/716 3861/2312/715
f 3864/2313/716 3866/2315/717 3865/2316/717 3863/2314/716
f 3866/2315/717 3868/2317/718 3867/2318/718 3865/2316/717
f 3868/2317/718 3870/2319/719 3869/2320/719 3867/2318/718
f 3870/2319/719 3872/2321/720 3871/2322/720 3869/2320/719
f 3872/2321/720 3874/2323/721 3873/2324/721 3871/2322/720
f 3874/2323/721 3876/2325/722 3875/2326/722 3873/2324/721
f 3876/2325/722 3878/2327/723 3877/2328/723 3875/2326/722
f 3878/2327/723 3880/2329/724 3879/2330/724 3877/2328/723
f 3880/2329/724 3882/2331/725 3881/2332/725 3879/2330/724
f 3882/2331/725 3884/2333/726 3883/2334/726 3881/2332/725
f 3884/2333/726 3886/2335/727 3885/2336/727 3883/2334/726
f 3886/2335/727 3888/2337/728 3887/2338/728 3885/2336/727
f 3888/2337/728 3890/2339/729 3889/2340/729 3887/2338/728
f 3890/2339/729 3892/2341/730 3891/2342/730 3889/2340/729
f 3892/2341/730 3894/2343/731 3893/2344/731 3891/2342/730
f 3894/2343/731 3896/2345/732 3895/2346/732 3893/2344/731
f 3896/2345/732 3898/2347/733 3897/2348/733 3895/2346/732
f 3898/2347/733 3900/2349/734 3899/2350/734 3897/2348/733
f 3900/2349/734 3902/2351/735 3901/2352/735 3899/2350/734
f 3902/2351/735 3756/1162/102 3755/27/102 3901/2352/735
f 3904/1086/736 3906/2353/737 3905/2354/737 3903/29/736
f 3906/2353/737 3908/2355/738 3907/2356/738 3905/2354/737
f 3908/2355/738 3910/2357/739 3909/2358/739 3907/2356/738
f 3910/2357/739 3912/2359/740 3911/2360/740 3909/2358/739
f 3912/2359/740 3914/2361/741 3913/2362/741 3911/2360/740
f 3914/2361/741 3916/2363/742 3915/2364/742 3913/2362/741
f 3916/2363/742 3918/2365/743 3917/2366/743 3915/2364/742
f 3918/2365/743 3920/2367/744 3919/2368/744 3917/2366/743
f 3920/2367/744 3922/2369/745 3921/2370/745 3919/2368/744
f 3922/2369/745 3924/2371/406 3923/2372/406 3921/2370/745
f 3924/2371/406 3926/2373/746 3925/2374/746 3923/2372/406
f 3926/2373/746 3928/2375/747 3927/2376/747 3925/2374/746
f 3928/2375/747 3930/2377/748 3929/2378/748 3927/2376/747
f 3930/2377/748 3932/2379/749 3931/2380/749 3929/2378/748
f 3932/2379/749 3934/2381/750 3933/2382/750 3931/2380/749
f 3934/2381/750 3936/2383/751 3935/2384/751 3933/2382/750
f 3936/2383/751 3938/2385/752 3937/2386/752 3935/2384/751
f 3938/2385/752 3940/2387/753 3939/2388/753 3937/2386/752
f 3940/2387/753 3942/2389/754 3941/2390/754 3939/2388/753
f 3942/2389/754 3944/2391/755 3943/2392/755 3941/2390/754
f 3944/2391/755 3946/2393/756 3945/2394/756 3943/2392/755
f 3946/2393/756 3948/2395/757 3947/2396/757 3945/2394/756
f 3948/2395/757 3950/2397/758 3949/2398/758 3947/2396/757
f 3950/2397/758 3952/2399/759 3951/2400/759 3949/2398/758
f 3952/2399/759 3954/2401/760 3953/2402/760 3951/2400/759
f 3954/2401/760 3956/2403/761 3955/2404/761 3953/2402/760
f 3956/2403/761 3958/2405/762 3957/2406/762 3955/2404/761
f 3958/2405/762 3960/2407/763 3959/2408/763 3957/2406/762
f 3960/2407/763 3962/2409/764 3961/2410/764 3959/2408/763
f 3962/2409/764 3964/2411/765 3963/2412/765 3961/2410/764
f 3964/2411/765 3966/2413/766 3965/2414/766 3963/2412/765
f 3966/2413/766 3968/2415/767 3967/2416/767 3965/2414/766
f 3968/2415/767 3970/2417/768 3969/2418/768 3967/2416/767
f 3970/2417/768 3972/2419/769 3971/2420/769 3969/2418/768
f 3972/2419/769 3974/2421/770 3973/2422/770 3971/2420/769
f 3974/2421/770 3976/2423/771 3975/2424/771 3973/2422/770
f 3976/2423/771 3978/2425/772 3977/2426/772 3975/2424/771
f 3978/2425/772 3980/2427/773 3979/2428/773 3977/2426/772
f 3980/2427/773 3982/2429/774 3981/2430/774 3979/2428/773
f 3982/2429/774 3984/2431/775 3983/2432/775 3981/2430/774
f 3984/2431/775 3986/1111/776 3985/116/776 3983/2432/775
f 3986/1111/776 3988/2433/777 3987/2434/777 3985/116/776
f 3988/2433/777 3990/2435/778 3989/2436/778 3987/2434/777
f 3990/2435/778 3992/2437/779 3991/2438/779 3989/2436/778
f 3992/2437/779 3994/2439/780 3993/2440/780 3991/2438/779
f 3994/2439/780 3996/2441/781 3995/2442/781 3993/2440/780
f 3996/2441/781 3998/2443/782 3997/2444/782 3995/2442/781
f 3998/2443/782 4000/2445/783 3999/2446/783 3997/2444/782
f 4000/2445/783 4002/2447/78 4001/2448/78 3999/2446/783
f 4002/2447/78 4004/2449/78 4003/2450/78 4001/2448/78
f 4004/2449/78 4006/2451/78 4005/2452/78 4003/2450/78
f 4006/2451/78 4008/2453/78 4007/2454/78 4005/2452/78
f 4008/2453/78 4010/2455/78 4009/2456/78 4007/2454/78
f 4010/2455/78 4012/2457/78 4011/2458/78 4009/2456/78
f 4012/2457/78 4014/2459/78 4013/2460/78 4011/2458/78
f 4014/2459/78 4016/2461/78 4015/2462/78 4013/2460/78
f 4016/2461/78 4018/2463/78 4017/2464/78 4015/2462/78
f 4018/2463/78 4020/2465/78 4019/2466/78 4017/2464/78
f 4020/2465/78 4022/2467/78 4021/2468/78 4019/2466/78
f 4022/2467/78 4024/2469/784 4023/2470/784 4021/2468/78
f 4024/2469/784 4026/2471/785 4025/2472/785 4023/2470/784
f 4026/2471/785 4028/2473/786 4027/2474/786 4025/2472/785
f 4028/2473/786 4030/2475/787 4029/2476/787 4027/2474/786
f 4030/2475/787 4032/2477/788 4031/2478/788 4029/2476/787
f 4032/2477/788 4034/2479/789 4033/2480/789 4031/2478/788
f 4034/2479/789 4036/2481/790 4035/2482/790 4033/2480/789
f 4036/2481/790 4038/2483/791 4037/2484/791 4035/2482/790
f 4038/2483/791 4040/2485/792 4039/2486/792 4037/2484/791
f 4040/2485/792 4042/2487/793 4041/2488/793 4039/2486/792
f 4042/2487/793 4044/2489/794 4043/2490/794 4041/2488/793
f 4044/2489/794 4046/2491/795 4045/2492/795 4043/2490/794
f 4046/2491/795 4048/2493/796 4047/2494/796 4045/2492/795
f 4048/2493/796 4050/2495/797 4049/2496/797 4047/2494/796
f 4050/2495/797 4052/2497/798 4051/2498/798 4049/2496/797
f 4052/2497/798 4054/2499/799 4053/2500/799 4051/2498/798
f 4054/2499/799 4056/2501/800 4055/2502/800 4053/2500/799
f 4056/2501/800 4058/2503/801 4057/2504/801 4055/2502/800
f 4058/2503/801 4060/2505/802 4059/2506/802 4057/2504/801
f 4060/2505/802 4062/2507/803 4061/2508/803 4059/2506/802
f 4062/2507/803 4064/2509/804 4063/2510/804 4061/2508/803
f 4064/2509/804 4066/2511/805 4065/2512/805 4063/2510/804
f 4066/2511/805 4068/1137/806 4067/171/806 4065/2512/805
f 4068/1137/806 4070/2513/807 4069/2514/807 4067/171/806
f 4070/2513/807 4072/2515/808 4071/2516/808 4069/2514/807
f 4072/2515/808 4074/2517/809 4073/2518/809 4071/2516/808
f 4074/2517/809 4076/2519/102 4075/2520/102 4073/2518/809
f 4076/2519/102 4078/2521/102 4077/2522/102 4075/2520/102
f 4078/2521/102 4080/2523/102 4079/2524/102 4077/2522/102
f 4080/2523/102 4082/2525/102 4081/2526/102 4079/2524/102
f 4082/2525/102 4084/2527/102 4083/2528/102 4081/2526/102
f 4084/2527/102 4086/2529/102 4085/2530/102 4083/2528/102
f 4086/2529/102 4088/2531/102 4087/2532/102 4085/2530/102
f 4088/2531/102 4090/2533/102 4089/2534/102 4087/2532/102
f 4090/2533/102 4092/2535/102 4091/2536/102 4089/2534/102
f 4092/2535/102 4094/2537/102 4093/2538/102 4091/2536/102
f 4094/2537/102 4096/2539/102 4095/2540/102 4093/2538/102
f 4096/2539/102 4098/2541/810 4097/2542/810 4095/2540/102
f 4098/2541/810 4100/2543/811 4099/2544/811 4097/2542/810
f 4100/2543/811 4102/2545/812 4101/2546/812 4099/2544/811
f 4102/2545/812 4104/2547/813 4103/2548/813 4101/2546/812
f 4104/2547/813 4106/2549/814 4105/2550/814 4103/2548/813
f 4106/2549/814 4108/2551/815 4107/2552/815 4105/2550/814
f 4108/2551/815 4110/2553/816 4109/2554/816 4107/2552/815
f 4110/2553/816 4112/2555/817 4111/2556/817 4109/2554/816
f 4112/2555/817 4114/2557/818 4113/2558/818 4111/2556/817
f 4114/2557/818 4116/2559/819 4115/2560/819 4113/2558/818
f 4116/2559/819 4118/2561/820 4117/2562/820 4115/2560/819
f 4118/2561/820 4120/2563/821 4119/2564/821 4117/2562/820
f 4120/2563/821 4122/2565/822 4121/2566/822 4119/2564/821
f 4122/2565/822 4124/2567/823 4123/2568/823 4121/2566/822
f 4124/2567/823 4126/2569/824 4125/2570/824 4123/2568/823
f 4126/2569/824 4128/2571/825 4127/2572/825 4125/2570/824
f 4128/2571/825 4130/2573/826 4129/2574/826 4127/2572/825
f 4130/2573/826 4132/2575/827 4131/2576/827 4129/2574/826
f 4132/2575/827 4134/2577/828 4133/2578/828 4131/2576/827
f 4134/2577/828 4136/2579/829 4135/2580/829 4133/2578/828
f 4136/2579/829 4138/2581/830 4137/2582/830 4135/2580/829
f 4138/2581/830 4140/2583/831 4139/2584/831 4137/2582/830
f 4140/2583/831 4142/2585/832 4141/2586/832 4139/2584/831
f 4142/2585/832 4144/2587/833 4143/2588/833 4141/2586/832
f 4144/2587/833 4146/2589/834 4145/2590/834 4143/2588/833
f 4146/2589/834 4148/2591/835 4147/2592/835 4145/2590/834
f 4148/2591/835 3904/1162/736 3903/27/736 4147/2592/835
f 4150/1086/836 4152/2593/837 4151/2594/837 4149/29/836
f 4152/2593/837 4154/2595/838 4153/2596/838 4151/2594/837
f 4154/2595/838 4156/2597/839 4155/2598/839 4153/2596/838
f 4156/2597/839 4158/2599/840 4157/2600/840 4155/2598/839
f 4158/2599/840 4160/2601/841 4159/2602/841 4157/2600/840
f 4160/2601/841 4162/2603/842 4161/2604/842 4159/2602/841
f 4162/2603/842 4164/2605/843 4163/2606/843 4161/2604/842
f 4164/2605/843 4166/2607/844 4165/2608/844 4163/2606/843
f 4166/2607/844 4168/2609/845 4167/2610/845 4165/2608/844
f 4168/2609/845 4170/2611/846 4169/2612/846 4167/2610/845
f 4170/2611/846 4172/2613/847 4171/2614/847 4169/2612/846
f 4172/2613/847 4174/2615/848 4173/2616/848 4171/2614/847
f 4174/2615/848 4176/1124/849 4175/334/849 4173/2616/848
f 4176/1124/849 4178/2617/850 4177/2618/850 4175/334/849
f 4178/2617/850 4180/2619/851 4179/2620/851 4177/2618/850
f 4180/2619/851 4182/2621/852 4181/2622/852 4179/2620/851
f 4182/2621/852 4184/2623/853 4183/2624/853 4181/2622/852
f 4184/2623/853 4186/2625/854 4185/2626/854 4183/2624/853
f 4186/2625/854 4188/2627/855 4187/2628/855 4185/2626/854
f 4188/2627/855 4190/2629/856 4189/2630/856 4187/2628/855
f 4190/2629/856 4192/2631/857 4191/2632/857 4189/2630/856
f 4192/2631/857 4194/2633/858 4193/2634/858 4191/2632/857
f 4194/2633/858 4196/2635/859 4195/2636/859 4193/2634/858
f 4196/2635/859 4198/2637/860 4197/2638/860 4195/2636/859
f 4198/2637/860 4200/2639/861 4199/2640/861 4197/2638/860
f 4200/2639/861 4150/1162/836 4149/27/836 4199/2640/861
f 4202/1086/862 4204/2641/863 4203/2642/863 4201/29/862
f 4204/2641/863 4206/2643/864 4205/199/864 4203/2642/863
f 4206/2643/864 4208/2644/865 4207/2645/865 4205/199/864
f 4208/2644/865 4210/2646/866 4209/192/866 4207/2645/865
f 4210/2646/866 4212/2647/867 4211/2648/867 4209/192/866
f 4212/2647/867 4214/2649/868 4213/187/868 4211/2648/867
f 4214/2649/868 4216/2650/869 4215/2651/869 4213/187/868
f 4216/2650/869 4218/2652/870 4217/179/870 4215/2651/869
f 4218/2652/870 4220/2653/871 4219/2654/871 4217/179/870
f 4220/2653/871 4222/1789/872 4221/90/872 4219/2654/871
f 4222/1789/872 4224/2655/873 4223/2656/873 4221/90/872
f 4224/2655/873 4226/2657/874 4225/185/874 4223/2656/873
f 4226/2657/874 4228/2658/875 4227/2659/875 4225/185/874
f 4228/2658/875 4230/2660/876 4229/189/876 4227/2659/875
f 4230/2660/876 4232/2661/877 4231/2662/877 4229/189/876
f 4232/2661/877 4234/2663/878 4233/197/878 4231/2662/877
f 4234/2663/878 4236/2664/879 4235/2665/879 4233/197/878
f 4236/2664/879 4238/2666/880 4237/213/880 4235/2665/879
f 4238/2666/880 4240/2667/881 4239/2668/881 4237/213/880
f 4240/2667/881 4242/1850/882 4241/154/882 4239/2668/881
f 4242/1850/882 4244/2669/883 4243/2670/883 4241/154/882
f 4244/2669/883 4246/2671/884 4245/204/884 4243/2670/883
f 4246/2671/884 4248/2672/885 4247/2673/885 4245/204/884
f 4248/2672/885 4250/2674/886 4249/193/886 4247/2673/885
f 4250/2674/886 4252/1124/887 4251/334/887 4249/193/886
f 4252/1124/887 4254/2675/888 4253/203/888 4251/334/887
f 4254/2675/888 4256/2676/889 4255/2677/889 4253/203/888
f 4256/2676/889 4258/2678/890 4257/208/890 4255/2677/889
f 4258/2678/890 4260/2679/891 4259/2680/891 4257/208/890
f 4260/2679/891 4262/1911/892 4261/173/892 4259/2680/891
f 4262/1911/892 4264/2681/893 4263/2682/893 4261/173/892
f 4264/2681/893 4266/2683/894 4265/217/894 4263/2682/893
f 4266/2683/894 4268/2684/895 4267/2685/895 4265/217/894
f 4268/2684/895 4270/2686/896 4269/224/896 4267/2685/895
f 4270/2686/896 4272/2687/897 4271/2688/897 4269/224/896
f 4272/2687/897 4274/2689/898 4273/230/898 4271/2688/897
f 4274/2689/898 4276/2690/899 4275/2691/899 4273/230/898
f 4276/2690/899 4278/2692/900 4277/235/900 4275/2691/899
f 4278/2692/900 4280/2693/901 4279/2694/901 4277/235/900
f 4280/2693/901 4282/1972/902 4281/136/902 4279/2694/901
f 4282/1972/902 4284/2695/903 4283/2696/903 4281/136/902
f 4284/2695/903 4286/2697/904 4285/232/904 4283/2696/903
f 4286/2697/904 4288/2698/905 4287/2699/905 4285/232/904
f 4288/2698/905 4290/2700/906 4289/229/906 4287/2699/905
f 4290/2700/906 4292/2701/907 4291/2702/907 4289/229/906
f 4292/2701/907 4294/2703/908 4293/223/908 4291/2702/907
f 4294/2703/908 4296/2704/909 4295/2705/909 4293/223/908
f 4296/2704/909 4298/2706/910 4297/221/910 4295/2705/909
f 4298/2706/910 4300/2707/911 4299/2708/911 4297/221/910
f 4300/2707/911 4202/1162/862 4201/27/862 4299/2708/911
f 4302/1086/912 4304/2709/913 4303/2710/913 4301/29/912
f 4304/2709/913 4306/2711/914 4305/2712/914 4303/2710/913
f 4306/2711/914 4308/2713/915 4307/2714/915 4305/2712/914
f 4308/2713/915 4310/2715/916 4309/2716/916 4307/2714/915
f 4310/2715/916 4312/2717/917 4311/2718/917 4309/2716/916
f 4312/2717/917 4314/2719/918 4313/2720/918 4311/2718/917
f 4314/2719/918 4316/2721/540 4315/2722/540 4313/2720/918
f 4316/2721/540 4318/2723/919 4317/2724/919 4315/2722/540
f 4318/2723/919 4320/2725/920 4319/2726/920 4317/2724/919
f 4320/2725/920 4322/2727/921 4321/2728/921 4319/2726/920
f 4322/2727/921 4324/2729/922 4323/2730/922 4321/2728/921
f 4324/2729/922 4326/2731/923 4325/2732/923 4323/2730/922
f 4326/2731/923 4328/2733/924 4327/2734/924 4325/2732/923
f 4328/2733/924 4330/2735/925 4329/2736/925 4327/2734/924
f 4330/2735/925 4332/2737/926 4331/2738/926 4329/2736/925
f 4332/2737/926 4334/2739/927 4333/2740/927 4331/2738/926
f 4334/2739/927 4336/2741/928 4335/2742/928 4333/2740/927
f 4336/2741/928 4338/2743/929 4337/2744/929 4335/2742/928
f 4338/2743/929 4340/2745/930 4339/2746/930 4337/2744/929
f 4340/2745/930 4342/2747/931 4341/2748/931 4339/2746/930
f 4342/2747/931 4344/2749/932 4343/2750/932 4341/2748/931
f 4344/2749/932 4346/2751/933 4345/2752/933 4343/2750/932
f 4346/2751/933 4348/2753/934 4347/2754/934 4345/2752/933
f 4348/2753/934 4350/2755/935 4349/2756/935 4347/2754/934
f 4350/2755/935 4352/2757/936 4351/2758/936 4349/2756/935
f 4352/2757/936 4354/2759/937 4353/2760/937 4351/2758/936
f 4354/2759/937 4356/2761/938 4355/2762/938 4353/2760/937
f 4356/2761/938 4358/2763/939 4357/2764/939 4355/2762/938
f 4358/2763/939 4360/2765/940 4359/2766/940 4357/2764/939
f 4360/2765/940 4362/2767/941 4361/2768/941 4359/2766/940
f 4362/2767/941 4364/2769/942 4363/2770/942 4361/2768/941
f 4364/2769/942 4366/2771/943 4365/2772/943 4363/2770/942
f 4366/2771/943 4368/2773/944 4367/2774/944 4365/2772/943
f 4368/2773/944 4370/2775/945 4369/2776/945 4367/2774/944
f 4370/2775/945 4372/2777/946 4371/2778/946 4369/2776/945
f 4372/2777/946 4374/2779/947 4373/2780/947 4371/2778/946
f 4374/2779/947 4376/2781/948 4375/2782/948 4373/2780/947
f 4376/2781/948 4378/2783/949 4377/2784/949 4375/2782/948
f 4378/2783/949 4380/2785/950 4379/2786/950 4377/2784/949
f 4380/2785/950 4382/2787/951 4381/2788/951 4379/2786/950
f 4382/2787/951 4384/2789/952 4383/2790/952 4381/2788/951
f 4384/2789/952 4386/2791/953 4385/2792/953 4383/2790/952
f 4386/2791/953 4388/2793/209 4387/2794/209 4385/2792/953
f 4388/2793/209 4390/2795/954 4389/2796/954 4387/2794/209
f 4390/2795/954 4392/2797/955 4391/2798/955 4389/2796/954
f 4392/2797/955 4394/2799/956 4393/2800/956 4391/2798/955
f 4394/2799/956 4396/2801/957 4395/2802/957 4393/2800/956
f 4396/2801/957 4398/2803/958 4397/2804/958 4395/2802/957
f 4398/2803/958 4400/2805/959 4399/2806/959 4397/2804/958
f 4400/2805/959 4402/2807/960 4401/2808/960 4399/2806/959
f 4402/2807/960 4404/2809/961 4403/2810/961 4401/2808/960
f 4404/2809/961 4406/2811/962 4405/2812/962 4403/2810/961
f 4406/2811/962 4408/1124/963 4407/334/963 4405/2812/962
f 4408/1124/963 4410/2813/964 4409/2814/964 4407/334/963
f 4410/2813/964 4412/2815/965 4411/2816/965 4409/2814/964
f 4412/2815/965 4414/2817/966 4413/2818/966 4411/2816/965
f 4414/2817/966 4416/2819/967 4415/2820/967 4413/2818/966
f 4416/2819/967 4418/2821/968 4417/2822/968 4415/2820/967
f 4418/2821/968 4420/2823/969 4419/2824/969 4417/2822/968
f 4420/2823/969 4422/2825/970 4421/2826/970 4419/2824/969
f 4422/2825/970 4424/2827/971 4423/2828/971 4421/2826/970
f 4424/2827/971 4426/2829/972 4425/2830/972 4423/2828/971
f 4426/2829/972 4428/2831/336 4427/2832/336 4425/2830/972
f 4428/2831/336 4430/2833/973 4429/2834/973 4427/2832/336
f 4430/2833/973 4432/2835/974 4431/2836/974 4429/2834/973
f 4432/2835/974 4434/2837/975 4433/2838/975 4431/2836/974
f 4434/2837/975 4436/2839/976 4435/2840/976 4433/2838/975
f 4436/2839/976 4438/2841/977 4437/2842/977 4435/2840/976
f 4438/2841/977 4440/2843/978 4439/2844/978 4437/2842/977
f 4440/2843/978 4442/2845/979 4441/2846/979 4439/2844/978
f 4442/2845/979 4444/2847/980 4443/2848/980 4441/2846/979
f 4444/2847/980 4446/2849/981 4445/2850/981 4443/2848/980
f 4446/2849/981 4448/2851/982 4447/2852/982 4445/2850/981
f 4448/2851/982 4450/2853/983 4449/2854/983 4447/2852/982
f 4450/2853/983 4452/2855/984 4451/2856/984 4449/2854/983
f 4452/2855/984 4454/2857/985 4453/2858/985 4451/2856/984
f 4454/2857/985 4456/2859/986 4455/2860/986 4453/2858/985
f 4456/2859/986 4458/2861/987 4457/2862/987 4455/2860/986
f 4458/2861/987 4460/2863/988 4459/2864/988 4457/2862/987
f 4460/2863/988 4462/2865/989 4461/2866/989 4459/2864/988
f 4462/2865/989 4464/2867/990 4463/2868/990 4461/2866/989
f 4464/2867/990 4466/2869/991 4465/2870/991 4463/2868/990
f 4466/2869/991 4468/2871/992 4467/2872/992 4465/2870/991
f 4468/2871/992 4470/2873/993 4469/2874/993 4467/2872/992
f 4470/2873/993 4472/2875/994 4471/2876/994 4469/2874/993
f 4472/2875/994 4474/2877/995 4473/2878/995 4471/2876/994
f 4474/2877/995 4476/2879/996 4475/2880/996 4473/2878/995
f 4476/2879/996 4478/2881/997 4477/2882/997 4475/2880/996
f 4478/2881/997 4480/2883/998 4479/2884/998 4477/2882/997
f 4480/2883/998 4482/2885/999 4481/2886/999 4479/2884/998
f 4482/2885/999 4484/2887/1000 4483/2888/1000 4481/2886/999
f 4484/2887/1000 4486/2889/1001 4485/2890/1001 4483/2888/1000
f 4486/2889/1001 4488/2891/1002 4487/2892/1002 4485/2890/1001
f 4488/2891/1002 4490/2893/1003 4489/2894/1003 4487/2892/1002
f 4490/2893/1003 4492/2895/1004 4491/2896/1004 4489/2894/1003
f 4492/2895/1004 4494/2897/1005 4493/2898/1005 4491/2896/1004
f 4494/2897/1005 4496/2899/1006 4495/2900/1006 4493/2898/1005
f 4496/2899/1006 4498/2901/1007 4497/2902/1007 4495/2900/1006
f 4498/2901/1007 4500/2903/1008 4499/2904/1008 4497/2902/1007
f 4500/2903/1008 4502/2905/1009 4501/2906/1009 4499/2904/1008
f 4502/2905/1009 4504/2907/1010 4503/2908/1010 4501/2906/1009
f 4504/2907/1010 4506/2909/1011 4505/2910/1011 4503/2908/1010
f 4506/2909/1011 4508/2911/1012 4507/2912/1012 4505/2910/1011
f 4508/2911/1012 4510/2913/1013 4509/2914/1013 4507/2912/1012
f 4510/2913/1013 4512/2915/1014 4511/2916/1014 4509/2914/1013
f 4512/2915/1014 4302/1162/912 4301/27/912 4511/2916/1014
f 4514/1086/102 4516/2209/102 4515/2210/102 4513/29/102
f 4516/2209/102 4518/2211/102 4517/2212/102 4515/2210/102
f 4518/2211/102 4520/2213/102 4519/2214/102 4517/2212/102
f 4520/2213/102 4522/2215/102 4521/2216/102 4519/2214/102
f 4522/2215/102 4524/2217/102 4523/2218/102 4521/2216/102
f 4524/2217/102 4526/2219/102 4525/2220/102 4523/2218/102
f 4526/2219/102 4528/2221/102 4527/2222/102 4525/2220/102
f 4528/2221/102 4530/2223/102 4529/2224/102 4527/2222/102
f 4530/2223/102 4532/2225/102 4531/2226/102 4529/2224/102
f 4532/2225/102 4534/2227/102 4533/2228/102 4531/2226/102
f 4534/2227/102 4536/2229/1015 4535/2230/1015 4533/2228/102
f 4536/2229/1015 4538/2231/1016 4537/2232/1016 4535/2230/1015
f 4538/2231/1016 4540/2233/1017 4539/2234/1017 4537/2232/1016
f 4540/2233/1017 4542/2235/1018 4541/2236/1018 4539/2234/1017
f 4542/2235/1018 4544/2237/1019 4543/2238/1019 4541/2236/1018
f 4544/2237/1019 4546/2239/1020 4545/2240/1020 4543/2238/1019
f 4546/2239/1020 4548/2241/1021 4547/2242/1021 4545/2240/1020
f 4548/2241/1021 4550/2243/1022 4549/2244/1022 4547/2242/1021
f 4550/2243/1022 4552/2245/1023 4551/2246/1023 4549/2244/1022
f 4552/2245/1023 4554/2247/1024 4553/2248/1024 4551/2246/1023
f 4554/2247/1024 4556/2249/1025 4555/2250/1025 4553/2248/1024
f 4556/2249/1025 4558/2251/1026 4557/2252/1026 4555/2250/1025
f 4558/2251/1026 4560/2253/1027 4559/2254/1027 4557/2252/1026
f 4560/2253/1027 4562/2255/1028 4561/2256/1028 4559/2254/1027
f 4562/2255/1028 4564/2257/1029 4563/2258/1029 4561/2256/1028
f 4564/2257/1029 4566/2259/1030 4565/2260/1030 4563/2258/1029
f 4566/2259/1030 4568/2261/1031 4567/2262/1031 4565/2260/1030
f 4568/2261/1031 4570/2263/1032 4569/2264/1032 4567/2262/1031
f 4570/2263/1032 4572/2265/1033 4571/2266/1033 4569/2264/1032
f 4572/2265/1033 4574/2267/1034 4573/2268/1034 4571/2266/1033
f 4574/2267/1034 4576/2269/1035 4575/2270/1035 4573/2268/1034
f 4576/2269/1035 4578/2271/1036 4577/2272/1036 4575/2270/1035
f 4578/2271/1036 4580/2273/1037 4579/2274/1037 4577/2272/1036
f 4580/2273/1037 4582/2275/705 4581/2276/705 4579/2274/1037
f 4582/2275/705 4584/2277/1038 4583/2278/1038 4581/2276/705
f 4584/2277/1038 4586/2279/1039 4585/2280/1039 4583/2278/1038
f 4586/2279/1039 4588/1124/78 4587/334/78 4585/2280/1039
f 4588/1124/78 4590/2281/78 4589/2282/78 4587/334/78
f 4590/2281/78 4592/2283/78 4591/2284/78 4589/2282/78
f 4592/2283/78 4594/2285/78 4593/2286/78 4591/2284/78
f 4594/2285/78 4596/2287/78 4595/2288/78 4593/2286/78
f 4596/2287/78 4598/2289/78 4597/2290/78 4595/2288/78
f 4598/2289/78 4600/2291/78 4599/2292/78 4597/2290/78
f 4600/2291/78 4602/2293/78 4601/2294/78 4599/2292/78
f 4602/2293/78 4604/2295/78 4603/2296/78 4601/2294/78
f 4604/2295/78 4606/2297/78 4605/2298/78 4603/2296/78
f 4606/2297/78 4608/2299/78 4607/2300/78 4605/2298/78
f 4608/2299/78 4610/2301/1040 4609/2302/1040 4607/2300/78
f 4610/2301/1040 4612/2303/1041 4611/2304/1041 4609/2302/1040
f 4612/2303/1041 4614/2305/1042 4613/2306/1042 4611/2304/1041
f 4614/2305/1042 4616/2307/1043 4615/2308/1043 4613/2306/1042
f 4616/2307/1043 4618/2309/1044 4617/2310/1044 4615/2308/1043
f 4618/2309/1044 4620/2311/1045 4619/2312/1045 4617/2310/1044
f 4620/2311/1045 4622/2313/1046 4621/2314/1046 4619/2312/1045
f 4622/2313/1046 4624/2315/1047 4623/2316/1047 4621/2314/1046
f 4624/2315/1047 4626/2317/1048 4625/2318/1048 4623/2316/1047
f 4626/2317/1048 4628/2319/1049 4627/2320/1049 4625/2318/1048
f 4628/2319/1049 4630/2321/1050 4629/2322/1050 4627/2320/1049
f 4630/2321/1050 4632/2323/1051 4631/2324/1051 4629/2322/1050
f 4632/2323/1051 4634/2325/1052 4633/2326/1052 4631/2324/1051
f 4634/2325/1052 4636/2327/1053 4635/2328/1053 4633/2326/1052
f 4636/2327/1053 4638/2329/1054 4637/2330/1054 4635/2328/1053
f 4638/2329/1054 4640/2331/1055 4639/2332/1055 4637/2330/1054
f 4640/2331/1055 4642/2333/1056 4641/2334/1056 4639/2332/1055
f 4642/2333/1056 4644/2335/1057 4643/2336/1057 4641/2334/1056
f 4644/2335/1057 4646/2337/1058 4645/2338/1058 4643/2336/1057
f 4646/2337/1058 4648/2339/1059 4647/2340/1059 4645/2338/1058
f 4648/2339/1059 4650/2341/1060 4649/2342/1060 4647/2340/1059
f 4650/2341/1060 4652/2343/1061 4651/2344/1061 4649/2342/1060
f 4652/2343/1061 4654/2345/1062 4653/2346/1062 4651/2344/1061
f 4654/2345/1062 4656/2347/1063 4655/2348/1063 4653/2346/1062
f 4656/2347/1063 4658/2349/1064 4657/2350/1064 4655/2348/1063
f 4658/2349/1064 4660/2351/1065 4659/2352/1065 4657/2350/1064
f 4660/2351/1065 4514/1162/102 4513/27/102 4659/2352/1065
