# Blender 4.1.1
# www.blender.org
mtllib stage_2.mtl
o Cube
v 1.000000 1.000000 -1.000000
v 1.000000 -1.000000 -1.000000
v 1.000000 1.000000 1.000000
v 1.000000 -1.000000 1.000000
v -1.000000 1.000000 -1.000000
v -1.000000 -1.000000 -1.000000
v -1.000000 1.000000 1.000000
v -1.000000 -1.000000 1.000000
v 1.210000 -0.368073 -0.520894
v 1.210000 -0.366199 -0.488455
v 1.210000 -0.360665 -0.458218
v 1.210000 -0.351604 -0.430300
v 1.210000 -0.339147 -0.404819
v 1.210000 -0.323426 -0.381895
v 1.210000 -0.304573 -0.361644
v 1.210000 -0.282720 -0.344184
v 1.210000 -0.257999 -0.329634
v 1.210000 -0.230542 -0.318112
v 1.210000 -0.200480 -0.309736
v 1.210000 -0.167947 -0.304624
v 1.210000 -0.133073 -0.302894
v 1.210000 -0.101376 -0.304799
v 1.210000 -0.071415 -0.310389
v 1.210000 -0.043385 -0.319472
v 1.210000 -0.017480 -0.331857
v 1.210000 0.006105 -0.347353
v 1.210000 0.027177 -0.365769
v 1.210000 0.045541 -0.386914
v 1.210000 0.061001 -0.410597
v 1.210000 0.073365 -0.436628
v 1.210000 0.082436 -0.464815
v 1.210000 0.088022 -0.494967
v 1.210000 0.089927 -0.526894
v 1.210000 0.089821 -0.534358
v 1.210000 0.089497 -0.541773
v 1.210000 0.088943 -0.549175
v 1.210000 0.088149 -0.556597
v 1.210000 0.087106 -0.564075
v 1.210000 0.085802 -0.571644
v 1.210000 0.084228 -0.579337
v 1.210000 0.082372 -0.587190
v 1.210000 0.080224 -0.595237
v 1.210000 0.077774 -0.603514
v 1.210000 0.075012 -0.612054
v 1.210000 0.071927 -0.620894
v 1.210000 0.313927 -0.620894
v 1.210000 0.313927 -0.709894
v 1.210000 -0.368073 -0.709894
v 1.210000 -0.004217 -0.613531
v 1.210000 -0.001647 -0.606412
v 1.210000 0.000646 -0.599487
v 1.210000 0.002668 -0.592708
v 1.210000 0.004426 -0.586027
v 1.210000 0.005927 -0.579394
v 1.210000 0.007178 -0.572760
v 1.210000 0.008186 -0.566079
v 1.210000 0.008958 -0.559300
v 1.210000 0.009501 -0.552375
v 1.210000 0.009822 -0.545256
v 1.210000 0.009927 -0.537894
v 1.210000 0.008653 -0.516994
v 1.210000 0.004899 -0.497366
v 1.210000 -0.001229 -0.479112
v 1.210000 -0.009628 -0.462338
v 1.210000 -0.020194 -0.447147
v 1.210000 -0.032823 -0.433644
v 1.210000 -0.047410 -0.421932
v 1.210000 -0.063851 -0.412116
v 1.210000 -0.082042 -0.404300
v 1.210000 -0.101878 -0.398588
v 1.210000 -0.123257 -0.395085
v 1.210000 -0.146073 -0.393894
v 1.210000 -0.166611 -0.394622
v 1.210000 -0.186128 -0.396889
v 1.210000 -0.204479 -0.400815
v 1.210000 -0.221517 -0.406523
v 1.210000 -0.237097 -0.414134
v 1.210000 -0.251073 -0.423769
v 1.210000 -0.263299 -0.435549
v 1.210000 -0.273628 -0.449597
v 1.210000 -0.281917 -0.466034
v 1.210000 -0.288017 -0.484982
v 1.210000 -0.291785 -0.506561
v 1.210000 -0.293073 -0.530894
v 1.210000 -0.293073 -0.620894
v 1.210000 -0.007073 -0.620894
v 1.210000 0.021927 0.089106
v 1.210000 0.032298 0.080282
v 1.210000 0.041895 0.070847
v 1.210000 0.050693 0.060856
v 1.210000 0.058668 0.050366
v 1.210000 0.065796 0.039430
v 1.210000 0.072052 0.028106
v 1.210000 0.077413 0.016449
v 1.210000 0.081853 0.004514
v 1.210000 0.085349 -0.007644
v 1.210000 0.087876 -0.019968
v 1.210000 0.089410 -0.032403
v 1.210000 0.089927 -0.044894
v 1.210000 0.088715 -0.065760
v 1.210000 0.085061 -0.085741
v 1.210000 0.078943 -0.104659
v 1.210000 0.070335 -0.122338
v 1.210000 0.059212 -0.138600
v 1.210000 0.045552 -0.153269
v 1.210000 0.029329 -0.166166
v 1.210000 0.010520 -0.177116
v 1.210000 -0.010901 -0.185941
v 1.210000 -0.034957 -0.192463
v 1.210000 -0.061673 -0.196507
v 1.210000 -0.091073 -0.197894
v 1.210000 -0.368073 -0.197894
v 1.210000 -0.368073 -0.108894
v 1.210000 -0.090073 -0.108894
v 1.210000 -0.074064 -0.108193
v 1.210000 -0.059082 -0.106125
v 1.210000 -0.045198 -0.102737
v 1.210000 -0.032480 -0.098079
v 1.210000 -0.020999 -0.092198
v 1.210000 -0.010823 -0.085144
v 1.210000 -0.002022 -0.076964
v 1.210000 0.005335 -0.067708
v 1.210000 0.011177 -0.057425
v 1.210000 0.015436 -0.046162
v 1.210000 0.018043 -0.033969
v 1.210000 0.018927 -0.020894
v 1.210000 0.018546 -0.011299
v 1.210000 0.017376 -0.001972
v 1.210000 0.015380 0.007153
v 1.210000 0.012520 0.016143
v 1.210000 0.008756 0.025064
v 1.210000 0.004052 0.033981
v 1.210000 -0.001631 0.042961
v 1.210000 -0.008332 0.052069
v 1.210000 -0.016088 0.061372
v 1.210000 -0.024939 0.070935
v 1.210000 -0.034921 0.080824
v 1.210000 -0.046073 0.091106
v 1.210000 -0.368073 0.091106
v 1.210000 -0.368073 0.180106
v 1.210000 0.080927 0.180106
v 1.210000 0.080927 0.091106
v 1.210000 0.021927 0.091106
v 1.210000 -0.368073 0.707106
v 1.210000 -0.361073 0.707106
v 1.210000 -0.337669 0.687796
v 1.210000 -0.313091 0.667537
v 1.210000 -0.287542 0.646591
v 1.210000 -0.261221 0.625217
v 1.210000 -0.234331 0.603678
v 1.210000 -0.207073 0.582231
v 1.210000 -0.179648 0.561139
v 1.210000 -0.152258 0.540662
v 1.210000 -0.125104 0.521059
v 1.210000 -0.098388 0.502592
v 1.210000 -0.072310 0.485521
v 1.210000 -0.047073 0.470106
v 1.210000 -0.033735 0.462440
v 1.210000 -0.021119 0.455440
v 1.210000 -0.009073 0.449106
v 1.210000 0.002557 0.443440
v 1.210000 0.013923 0.438440
v 1.210000 0.025177 0.434106
v 1.210000 0.036473 0.430440
v 1.210000 0.047964 0.427440
v 1.210000 0.059802 0.425106
v 1.210000 0.072140 0.423440
v 1.210000 0.085131 0.422440
v 1.210000 0.098927 0.422106
v 1.210000 0.117201 0.423129
v 1.210000 0.134450 0.426120
v 1.210000 0.150568 0.430966
v 1.210000 0.165446 0.437551
v 1.210000 0.178976 0.445761
v 1.210000 0.191052 0.455481
v 1.210000 0.201565 0.466598
v 1.210000 0.210409 0.478995
v 1.210000 0.217474 0.492559
v 1.210000 0.222654 0.507176
v 1.210000 0.225841 0.522730
v 1.210000 0.226927 0.539106
v 1.210000 0.226454 0.551379
v 1.210000 0.224974 0.563708
v 1.210000 0.222396 0.576106
v 1.210000 0.218631 0.588588
v 1.210000 0.213588 0.601166
v 1.210000 0.207177 0.613856
v 1.210000 0.199308 0.626671
v 1.210000 0.189890 0.639625
v 1.210000 0.178833 0.652731
v 1.210000 0.166048 0.666004
v 1.210000 0.151442 0.679458
v 1.210000 0.134927 0.693106
v 1.210000 0.257927 0.693106
v 1.210000 0.268449 0.679435
v 1.210000 0.278020 0.665903
v 1.210000 0.286646 0.652481
v 1.210000 0.294335 0.639143
v 1.210000 0.301093 0.625861
v 1.210000 0.306927 0.612606
v 1.210000 0.311845 0.599352
v 1.210000 0.315853 0.586069
v 1.210000 0.318958 0.572731
v 1.210000 0.321168 0.559310
v 1.210000 0.322489 0.545778
v 1.210000 0.322927 0.532106
v 1.210000 0.321143 0.502175
v 1.210000 0.315899 0.473991
v 1.210000 0.307365 0.447716
v 1.210000 0.295705 0.423514
v 1.210000 0.281087 0.401548
v 1.210000 0.263677 0.381981
v 1.210000 0.243642 0.364977
v 1.210000 0.221149 0.350699
v 1.210000 0.196365 0.339309
v 1.210000 0.169455 0.330972
v 1.210000 0.140587 0.325850
v 1.210000 0.109927 0.324106
v 1.210000 0.082491 0.325375
v 1.210000 0.055436 0.329255
v 1.210000 0.028396 0.335856
v 1.210000 0.001001 0.345292
v 1.210000 -0.027116 0.357671
v 1.210000 -0.056323 0.373106
v 1.210000 -0.086988 0.391708
v 1.210000 -0.119480 0.413588
v 1.210000 -0.154167 0.438856
v 1.210000 -0.191415 0.467625
v 1.210000 -0.231595 0.500004
v 1.210000 -0.275073 0.536106
v 1.210000 -0.275073 0.275106
v 1.210000 -0.368073 0.275106
v -1.210000 -0.368073 -0.520894
v -1.210000 -0.366199 -0.488455
v -1.210000 -0.360665 -0.458218
v -1.210000 -0.351604 -0.430300
v -1.210000 -0.339147 -0.404819
v -1.210000 -0.323426 -0.381895
v -1.210000 -0.304573 -0.361644
v -1.210000 -0.282720 -0.344184
v -1.210000 -0.257999 -0.329634
v -1.210000 -0.230541 -0.318112
v -1.210000 -0.200480 -0.309736
v -1.210000 -0.167947 -0.304624
v -1.210000 -0.133073 -0.302894
v -1.210000 -0.101376 -0.304799
v -1.210000 -0.071415 -0.310389
v -1.210000 -0.043385 -0.319472
v -1.210000 -0.017480 -0.331857
v -1.210000 0.006106 -0.347353
v -1.210000 0.027177 -0.365769
v -1.210000 0.045541 -0.386914
v -1.210000 0.061001 -0.410597
v -1.210000 0.073365 -0.436628
v -1.210000 0.082437 -0.464815
v -1.210000 0.088022 -0.494967
v -1.210000 0.089927 -0.526894
v -1.210000 0.089821 -0.534358
v -1.210000 0.089497 -0.541773
v -1.210000 0.088943 -0.549175
v -1.210000 0.088150 -0.556597
v -1.210000 0.087106 -0.564075
v -1.210000 0.085802 -0.571644
v -1.210000 0.084228 -0.579337
v -1.210000 0.082372 -0.587190
v -1.210000 0.080224 -0.595237
v -1.210000 0.077775 -0.603514
v -1.210000 0.075012 -0.612054
v -1.210000 0.071927 -0.620894
v -1.210000 0.313927 -0.620894
v -1.210000 0.313927 -0.709894
v -1.210000 -0.368073 -0.709894
v -1.210000 -0.004217 -0.613531
v -1.210000 -0.001647 -0.606412
v -1.210000 0.000646 -0.599487
v -1.210000 0.002668 -0.592708
v -1.210000 0.004426 -0.586027
v -1.210000 0.005927 -0.579394
v -1.210000 0.007178 -0.572760
v -1.210000 0.008187 -0.566079
v -1.210000 0.008959 -0.559300
v -1.210000 0.009501 -0.552375
v -1.210000 0.009822 -0.545256
v -1.210000 0.009927 -0.537894
v -1.210000 0.008653 -0.516994
v -1.210000 0.004900 -0.497366
v -1.210000 -0.001229 -0.479112
v -1.210000 -0.009628 -0.462338
v -1.210000 -0.020194 -0.447147
v -1.210000 -0.032823 -0.433644
v -1.210000 -0.047410 -0.421932
v -1.210000 -0.063850 -0.412116
v -1.210000 -0.082041 -0.404300
v -1.210000 -0.101878 -0.398588
v -1.210000 -0.123257 -0.395085
v -1.210000 -0.146073 -0.393894
v -1.210000 -0.166611 -0.394622
v -1.210000 -0.186128 -0.396889
v -1.210000 -0.204479 -0.400815
v -1.210000 -0.221517 -0.406523
v -1.210000 -0.237097 -0.414134
v -1.210000 -0.251073 -0.423769
v -1.210000 -0.263298 -0.435549
v -1.210000 -0.273628 -0.449597
v -1.210000 -0.281916 -0.466034
v -1.210000 -0.288017 -0.484982
v -1.210000 -0.291785 -0.506561
v -1.210000 -0.293073 -0.530894
v -1.210000 -0.293073 -0.620894
v -1.210000 -0.007073 -0.620894
v -1.210000 0.021927 0.089106
v -1.210000 0.032298 0.080282
v -1.210000 0.041895 0.070847
v -1.210000 0.050693 0.060856
v -1.210000 0.058668 0.050366
v -1.210000 0.065796 0.039431
v -1.210000 0.072052 0.028107
v -1.210000 0.077413 0.016449
v -1.210000 0.081853 0.004514
v -1.210000 0.085349 -0.007644
v -1.210000 0.087876 -0.019968
v -1.210000 0.089411 -0.032403
v -1.210000 0.089927 -0.044894
v -1.210000 0.088715 -0.065760
v -1.210000 0.085062 -0.085741
v -1.210000 0.078943 -0.104659
v -1.210000 0.070335 -0.122338
v -1.210000 0.059213 -0.138600
v -1.210000 0.045552 -0.153269
v -1.210000 0.029329 -0.166166
v -1.210000 0.010520 -0.177116
v -1.210000 -0.010901 -0.185940
v -1.210000 -0.034957 -0.192463
v -1.210000 -0.061673 -0.196506
v -1.210000 -0.091073 -0.197894
v -1.210000 -0.368073 -0.197894
v -1.210000 -0.368073 -0.108894
v -1.210000 -0.090073 -0.108894
v -1.210000 -0.074063 -0.108193
v -1.210000 -0.059082 -0.106125
v -1.210000 -0.045198 -0.102737
v -1.210000 -0.032480 -0.098079
v -1.210000 -0.020999 -0.092198
v -1.210000 -0.010823 -0.085144
v -1.210000 -0.002022 -0.076964
v -1.210000 0.005335 -0.067708
v -1.210000 0.011177 -0.057425
v -1.210000 0.015437 -0.046162
v -1.210000 0.018043 -0.033969
v -1.210000 0.018927 -0.020894
v -1.210000 0.018546 -0.011299
v -1.210000 0.017376 -0.001972
v -1.210000 0.015380 0.007153
v -1.210000 0.012520 0.016143
v -1.210000 0.008757 0.025064
v -1.210000 0.004052 0.033981
v -1.210000 -0.001631 0.042961
v -1.210000 -0.008332 0.052069
v -1.210000 -0.016088 0.061372
v -1.210000 -0.024938 0.070935
v -1.210000 -0.034920 0.080825
v -1.210000 -0.046073 0.091106
v -1.210000 -0.368073 0.091106
v -1.210000 -0.368073 0.180106
v -1.210000 0.080927 0.180106
v -1.210000 0.080927 0.091106
v -1.210000 0.021927 0.091106
v -1.210000 -0.368073 0.707106
v -1.210000 -0.361073 0.707106
v -1.210000 -0.337669 0.687796
v -1.210000 -0.313091 0.667537
v -1.210000 -0.287541 0.646591
v -1.210000 -0.261221 0.625217
v -1.210000 -0.234331 0.603678
v -1.210000 -0.207073 0.582231
v -1.210000 -0.179648 0.561139
v -1.210000 -0.152258 0.540662
v -1.210000 -0.125104 0.521060
v -1.210000 -0.098388 0.502593
v -1.210000 -0.072310 0.485521
v -1.210000 -0.047073 0.470106
v -1.210000 -0.033735 0.462440
v -1.210000 -0.021119 0.455440
v -1.210000 -0.009073 0.449106
v -1.210000 0.002557 0.443440
v -1.210000 0.013923 0.438440
v -1.210000 0.025177 0.434106
v -1.210000 0.036474 0.430440
v -1.210000 0.047964 0.427440
v -1.210000 0.059802 0.425106
v -1.210000 0.072140 0.423440
v -1.210000 0.085131 0.422440
v -1.210000 0.098927 0.422106
v -1.210000 0.117201 0.423129
v -1.210000 0.134450 0.426120
v -1.210000 0.150568 0.430966
v -1.210000 0.165446 0.437551
v -1.210000 0.178976 0.445761
v -1.210000 0.191052 0.455481
v -1.210000 0.201566 0.466598
v -1.210000 0.210409 0.478995
v -1.210000 0.217474 0.492560
v -1.210000 0.222654 0.507176
v -1.210000 0.225841 0.522730
v -1.210000 0.226927 0.539106
v -1.210000 0.226454 0.551380
v -1.210000 0.224974 0.563708
v -1.210000 0.222396 0.576106
v -1.210000 0.218631 0.588588
v -1.210000 0.213588 0.601167
v -1.210000 0.207177 0.613856
v -1.210000 0.199308 0.626671
v -1.210000 0.189890 0.639625
v -1.210000 0.178834 0.652731
v -1.210000 0.166048 0.666005
v -1.210000 0.151442 0.679458
v -1.210000 0.134927 0.693106
v -1.210000 0.257927 0.693106
v -1.210000 0.268449 0.679435
v -1.210000 0.278020 0.665903
v -1.210000 0.286646 0.652481
v -1.210000 0.294335 0.639143
v -1.210000 0.301093 0.625861
v -1.210000 0.306927 0.612606
v -1.210000 0.311845 0.599352
v -1.210000 0.315853 0.586069
v -1.210000 0.318959 0.572731
v -1.210000 0.321168 0.559310
v -1.210000 0.322489 0.545778
v -1.210000 0.322927 0.532106
v -1.210000 0.321143 0.502175
v -1.210000 0.315900 0.473991
v -1.210000 0.307365 0.447716
v -1.210000 0.295705 0.423514
v -1.210000 0.281087 0.401548
v -1.210000 0.263677 0.381981
v -1.210000 0.243643 0.364977
v -1.210000 0.221150 0.350699
v -1.210000 0.196365 0.339310
v -1.210000 0.169455 0.330972
v -1.210000 0.140587 0.325850
v -1.210000 0.109927 0.324106
v -1.210000 0.082491 0.325375
v -1.210000 0.055437 0.329255
v -1.210000 0.028396 0.335856
v -1.210000 0.001001 0.345292
v -1.210000 -0.027115 0.357671
v -1.210000 -0.056323 0.373106
v -1.210000 -0.086988 0.391708
v -1.210000 -0.119480 0.413588
v -1.210000 -0.154166 0.438856
v -1.210000 -0.191415 0.467625
v -1.210000 -0.231595 0.500005
v -1.210000 -0.275073 0.536106
v -1.210000 -0.275073 0.275106
v -1.210000 -0.368073 0.275106
v -1.210000 -0.368073 0.707106
v -1.208532 -0.377343 0.716377
v -1.204270 -0.385706 0.724740
v -1.197634 -0.392343 0.731377
v -1.189270 -0.396604 0.735638
v -1.180000 -0.398073 0.737106
v 1.180000 -0.398073 0.737106
v 1.189270 -0.396605 0.735638
v 1.197634 -0.392343 0.731377
v 1.204270 -0.385706 0.724740
v 1.208532 -0.377343 0.716377
v 1.210000 -0.368073 0.707106
v -1.210000 -0.361073 0.707106
v -1.208532 -0.357742 0.716377
v -1.204270 -0.354737 0.724740
v -1.197634 -0.352352 0.731377
v -1.189270 -0.350821 0.735638
v -1.180000 -0.350294 0.737106
v 1.180000 -0.350294 0.737106
v 1.189270 -0.350821 0.735638
v 1.197634 -0.352353 0.731377
v 1.204270 -0.354737 0.724740
v 1.208532 -0.357742 0.716377
v 1.210000 -0.361073 0.707106
v -1.210000 -0.337669 0.687796
v -1.208532 -0.331771 0.694948
v -1.204270 -0.326450 0.701400
v -1.197634 -0.322227 0.706520
v -1.189270 -0.319516 0.709808
v -1.180000 -0.318582 0.710940
v 1.180000 -0.318582 0.710940
v 1.189270 -0.319516 0.709807
v 1.197634 -0.322227 0.706520
v 1.204270 -0.326450 0.701400
v 1.208532 -0.331771 0.694948
v 1.210000 -0.337669 0.687796
v -1.210000 -0.313091 0.667537
v -1.208532 -0.307204 0.674698
v -1.204270 -0.301894 0.681159
v -1.197634 -0.297679 0.686286
v -1.189270 -0.294973 0.689578
v -1.180000 -0.294041 0.690712
v 1.180000 -0.294041 0.690712
v 1.189270 -0.294973 0.689577
v 1.197634 -0.297679 0.686286
v 1.204270 -0.301894 0.681159
v 1.208532 -0.307204 0.674698
v 1.210000 -0.313091 0.667537
v -1.210000 -0.287541 0.646591
v -1.208532 -0.281681 0.653774
v -1.204270 -0.276394 0.660254
v -1.197634 -0.272198 0.665396
v -1.189270 -0.269504 0.668698
v -1.180000 -0.268576 0.669835
v 1.180000 -0.268576 0.669835
v 1.189270 -0.269504 0.668698
v 1.197634 -0.272198 0.665396
v 1.204270 -0.276394 0.660253
v 1.208532 -0.281681 0.653774
v 1.210000 -0.287542 0.646591
v -1.210000 -0.261221 0.625217
v -1.208532 -0.255401 0.632434
v -1.204270 -0.250151 0.638943
v -1.197634 -0.245984 0.644109
v -1.189270 -0.243309 0.647426
v -1.180000 -0.242387 0.648569
v 1.180000 -0.242387 0.648569
v 1.189270 -0.243309 0.647426
v 1.197634 -0.245984 0.644109
v 1.204270 -0.250151 0.638943
v 1.208532 -0.255401 0.632433
v 1.210000 -0.261221 0.625217
v -1.210000 -0.234331 0.603678
v -1.208532 -0.228567 0.610938
v -1.204270 -0.223367 0.617488
v -1.197634 -0.219240 0.622686
v -1.189270 -0.216590 0.626024
v -1.180000 -0.215678 0.627174
v 1.180000 -0.215678 0.627174
v 1.189270 -0.216591 0.626024
v 1.197634 -0.219240 0.622686
v 1.204270 -0.223367 0.617488
v 1.208532 -0.228567 0.610938
v 1.210000 -0.234331 0.603678
v -1.210000 -0.207073 0.582231
v -1.208532 -0.201381 0.589549
v -1.204270 -0.196246 0.596150
v -1.197634 -0.192170 0.601389
v -1.189270 -0.189554 0.604752
v -1.180000 -0.188652 0.605911
v 1.180000 -0.188653 0.605911
v 1.189270 -0.189554 0.604752
v 1.197634 -0.192171 0.601388
v 1.204270 -0.196246 0.596150
v 1.208532 -0.201381 0.589549
v 1.210000 -0.207073 0.582231
v -1.210000 -0.179648 0.561139
v -1.208532 -0.174046 0.568526
v -1.204270 -0.168993 0.575190
v -1.197634 -0.164983 0.580479
v -1.189270 -0.162408 0.583874
v -1.180000 -0.161521 0.585044
v 1.180000 -0.161521 0.585044
v 1.189270 -0.162408 0.583874
v 1.197634 -0.164983 0.580479
v 1.204270 -0.168993 0.575190
v 1.208532 -0.174046 0.568526
v 1.210000 -0.179648 0.561139
v -1.210000 -0.152258 0.540662
v -1.208532 -0.146769 0.548133
v -1.204270 -0.141817 0.554873
v -1.197634 -0.137888 0.560222
v -1.189270 -0.135365 0.563656
v -1.180000 -0.134495 0.564839
v 1.180000 -0.134495 0.564839
v 1.189270 -0.135365 0.563656
v 1.197634 -0.137888 0.560222
v 1.204270 -0.141817 0.554873
v 1.208532 -0.146769 0.548133
v 1.210000 -0.152258 0.540662
v -1.210000 -0.125104 0.521060
v -1.208532 -0.119755 0.528632
v -1.204270 -0.114929 0.535462
v -1.197634 -0.111099 0.540883
v -1.189270 -0.108640 0.544364
v -1.180000 -0.107793 0.545563
v 1.180000 -0.107793 0.545563
v 1.189270 -0.108641 0.544364
v 1.197634 -0.111099 0.540883
v 1.204270 -0.114929 0.535462
v 1.208532 -0.119755 0.528632
v 1.210000 -0.125104 0.521059
v -1.210000 -0.098388 0.502593
v -1.208532 -0.093212 0.510285
v -1.204270 -0.088544 0.517224
v -1.197634 -0.084839 0.522731
v -1.189270 -0.082460 0.526267
v -1.180000 -0.081640 0.527486
v 1.180000 -0.081640 0.527486
v 1.189270 -0.082460 0.526267
v 1.197634 -0.084839 0.522731
v 1.204270 -0.088544 0.517224
v 1.208532 -0.093212 0.510285
v 1.210000 -0.098388 0.502592
v -1.210000 -0.072310 0.485521
v -1.208532 -0.067354 0.493357
v -1.204270 -0.062883 0.500426
v -1.197634 -0.059335 0.506036
v -1.189270 -0.057057 0.509637
v -1.180000 -0.056272 0.510879
v 1.180000 -0.056272 0.510878
v 1.189270 -0.057057 0.509637
v 1.197634 -0.059335 0.506036
v 1.204270 -0.062883 0.500426
v 1.208532 -0.067354 0.493357
v 1.210000 -0.072310 0.485521
v -1.210000 -0.047073 0.470106
v -1.208532 -0.042346 0.478082
v -1.204270 -0.038082 0.485277
v -1.197634 -0.034697 0.490987
v -1.189270 -0.032525 0.494653
v -1.180000 -0.031776 0.495917
v 1.180000 -0.031776 0.495917
v 1.189270 -0.032525 0.494653
v 1.197634 -0.034698 0.490987
v 1.204270 -0.038082 0.485277
v 1.208532 -0.042346 0.478082
v 1.210000 -0.047073 0.470106
v -1.210000 -0.033735 0.462440
v -1.208532 -0.029176 0.470512
v -1.204270 -0.025063 0.477794
v -1.197634 -0.021799 0.483573
v -1.189270 -0.019703 0.487284
v -1.180000 -0.018981 0.488562
v 1.180000 -0.018981 0.488562
v 1.189270 -0.019703 0.487284
v 1.197634 -0.021799 0.483573
v 1.204270 -0.025063 0.477794
v 1.208532 -0.029176 0.470512
v 1.210000 -0.033735 0.462440
v -1.210000 -0.021119 0.455440
v -1.208532 -0.016713 0.463597
v -1.204270 -0.012737 0.470955
v -1.197634 -0.009583 0.476795
v -1.189270 -0.007557 0.480544
v -1.180000 -0.006859 0.481836
v 1.180000 -0.006859 0.481836
v 1.189270 -0.007557 0.480544
v 1.197634 -0.009583 0.476795
v 1.204270 -0.012737 0.470955
v 1.208532 -0.016713 0.463597
v 1.210000 -0.021119 0.455440
v -1.210000 -0.009073 0.449106
v -1.208532 -0.004884 0.457378
v -1.204270 -0.001106 0.464840
v -1.197634 0.001893 0.470762
v -1.189270 0.003818 0.474564
v -1.180000 0.004481 0.475874
v 1.180000 0.004481 0.475874
v 1.189270 0.003818 0.474564
v 1.197634 0.001893 0.470762
v 1.204270 -0.001106 0.464840
v 1.208532 -0.004884 0.457378
v 1.210000 -0.009073 0.449106
v -1.210000 0.002557 0.443440
v -1.208532 0.006455 0.451853
v -1.204270 0.009972 0.459442
v -1.197634 0.012763 0.465465
v -1.189270 0.014555 0.469332
v -1.180000 0.015172 0.470665
v 1.180000 0.015172 0.470665
v 1.189270 0.014555 0.469332
v 1.197634 0.012763 0.465465
v 1.204270 0.009972 0.459442
v 1.208532 0.006455 0.451853
v 1.210000 0.002557 0.443440
v -1.210000 0.013923 0.438440
v -1.208532 0.017457 0.447013
v -1.204270 0.020645 0.454747
v -1.197634 0.023175 0.460885
v -1.189270 0.024799 0.464826
v -1.180000 0.025359 0.466183
v 1.180000 0.025359 0.466183
v 1.189270 0.024799 0.464825
v 1.197634 0.023175 0.460885
v 1.204270 0.020645 0.454747
v 1.208532 0.017457 0.447013
v 1.210000 0.013923 0.438440
v -1.210000 0.025177 0.434106
v -1.208532 0.028276 0.442847
v -1.204270 0.031072 0.450732
v -1.197634 0.033290 0.456990
v -1.189270 0.034714 0.461008
v -1.180000 0.035205 0.462392
v 1.180000 0.035205 0.462392
v 1.189270 0.034714 0.461008
v 1.197634 0.033290 0.456990
v 1.204270 0.031071 0.450732
v 1.208532 0.028276 0.442847
v 1.210000 0.025177 0.434106
v -1.210000 0.036474 0.430440
v -1.208532 0.039078 0.439341
v -1.204270 0.041427 0.447371
v -1.197634 0.043292 0.453744
v -1.189270 0.044489 0.457835
v -1.180000 0.044901 0.459245
v 1.180000 0.044901 0.459245
v 1.189270 0.044488 0.457835
v 1.197634 0.043291 0.453744
v 1.204270 0.041427 0.447371
v 1.208532 0.039078 0.439341
v 1.210000 0.036473 0.430440
v -1.210000 0.047964 0.427440
v -1.208532 0.050034 0.436481
v -1.204270 0.051900 0.444637
v -1.197634 0.053382 0.451109
v -1.189270 0.054333 0.455265
v -1.180000 0.054660 0.456697
v 1.180000 0.054660 0.456697
v 1.189270 0.054333 0.455265
v 1.197634 0.053382 0.451109
v 1.204270 0.051900 0.444637
v 1.208532 0.050033 0.436481
v 1.210000 0.047964 0.427440
v -1.210000 0.059802 0.425106
v -1.208532 0.061321 0.434256
v -1.204270 0.062690 0.442510
v -1.197634 0.063777 0.449060
v -1.189270 0.064475 0.453266
v -1.180000 0.064716 0.454715
v 1.180000 0.064715 0.454715
v 1.189270 0.064475 0.453266
v 1.197634 0.063777 0.449060
v 1.204270 0.062690 0.442510
v 1.208532 0.061320 0.434256
v 1.210000 0.059802 0.425106
v -1.210000 0.072140 0.423440
v -1.208532 0.073117 0.432662
v -1.204270 0.073999 0.440982
v -1.197634 0.074698 0.447585
v -1.189270 0.075147 0.451824
v -1.180000 0.075302 0.453285
v 1.180000 0.075302 0.453285
v 1.189270 0.075147 0.451824
v 1.197634 0.074698 0.447585
v 1.204270 0.073999 0.440982
v 1.208532 0.073117 0.432662
v 1.210000 0.072140 0.423440
v -1.210000 0.085131 0.422440
v -1.208532 0.085599 0.431702
v -1.204270 0.086021 0.440057
v -1.197634 0.086356 0.446688
v -1.189270 0.086571 0.450945
v -1.180000 0.086646 0.452412
v 1.180000 0.086645 0.452412
v 1.189270 0.086571 0.450945
v 1.197634 0.086356 0.446688
v 1.204270 0.086021 0.440057
v 1.208532 0.085599 0.431702
v 1.210000 0.085131 0.422440
v -1.210000 0.098927 0.422106
v -1.208532 0.098780 0.431383
v -1.204270 0.098647 0.439752
v -1.197634 0.098542 0.446393
v -1.189270 0.098474 0.450657
v -1.180000 0.098451 0.452127
v 1.180000 0.098451 0.452127
v 1.189270 0.098474 0.450657
v 1.197634 0.098542 0.446393
v 1.204270 0.098647 0.439752
v 1.208532 0.098780 0.431383
v 1.210000 0.098927 0.422106
v -1.210000 0.117201 0.423129
v -1.208532 0.116146 0.432355
v -1.204270 0.115195 0.440678
v -1.197634 0.114440 0.447283
v -1.189270 0.113955 0.451524
v -1.180000 0.113788 0.452985
v 1.180000 0.113788 0.452985
v 1.189270 0.113955 0.451524
v 1.197634 0.114440 0.447283
v 1.204270 0.115195 0.440678
v 1.208532 0.116146 0.432355
v 1.210000 0.117201 0.423129
v -1.210000 0.134450 0.426120
v -1.208532 0.132316 0.435159
v -1.204270 0.130391 0.443313
v -1.197634 0.128863 0.449784
v -1.189270 0.127882 0.453939
v -1.180000 0.127544 0.455370
v 1.180000 0.127544 0.455370
v 1.189270 0.127882 0.453939
v 1.197634 0.128863 0.449784
v 1.204270 0.130391 0.443313
v 1.208532 0.132316 0.435159
v 1.210000 0.134450 0.426120
v -1.210000 0.150568 0.430966
v -1.208532 0.147345 0.439677
v -1.204270 0.144437 0.447536
v -1.197634 0.142130 0.453773
v -1.189270 0.140648 0.457777
v -1.180000 0.140138 0.459157
v 1.180000 0.140138 0.459156
v 1.189270 0.140648 0.457777
v 1.197634 0.142130 0.453773
v 1.204270 0.144437 0.447536
v 1.208532 0.147345 0.439677
v 1.210000 0.150568 0.430966
v -1.210000 0.165446 0.437551
v -1.208532 0.161147 0.445786
v -1.204270 0.157270 0.453216
v -1.197634 0.154193 0.459112
v -1.189270 0.152217 0.462897
v -1.180000 0.151536 0.464202
v 1.180000 0.151536 0.464201
v 1.189270 0.152217 0.462897
v 1.197634 0.154192 0.459112
v 1.204270 0.157270 0.453216
v 1.208532 0.161147 0.445786
v 1.210000 0.165446 0.437551
v -1.210000 0.178976 0.445761
v -1.208532 0.173642 0.453368
v -1.204270 0.168830 0.460230
v -1.197634 0.165011 0.465676
v -1.189270 0.162559 0.469172
v -1.180000 0.161714 0.470377
v 1.180000 0.161714 0.470377
v 1.189270 0.162559 0.469172
v 1.197634 0.165011 0.465676
v 1.204270 0.168830 0.460230
v 1.208532 0.173642 0.453368
v 1.210000 0.178976 0.445761
v -1.210000 0.191052 0.455481
v -1.208532 0.184749 0.462309
v -1.204270 0.179063 0.468467
v -1.197634 0.174551 0.473355
v -1.189270 0.171653 0.476493
v -1.180000 0.170655 0.477574
v 1.180000 0.170655 0.477574
v 1.189270 0.171653 0.476493
v 1.197634 0.174550 0.473355
v 1.204270 0.179063 0.468467
v 1.208532 0.184749 0.462308
v 1.210000 0.191052 0.455481
v -1.210000 0.201566 0.466598
v -1.208532 0.194390 0.472503
v -1.204270 0.187917 0.477829
v -1.197634 0.182780 0.482057
v -1.189270 0.179482 0.484771
v -1.180000 0.178346 0.485706
v 1.180000 0.178345 0.485706
v 1.189270 0.179482 0.484771
v 1.197634 0.182780 0.482057
v 1.204270 0.187917 0.477829
v 1.208532 0.194390 0.472502
v 1.210000 0.201565 0.466598
v -1.210000 0.210409 0.478995
v -1.208532 0.202486 0.483852
v -1.204270 0.195338 0.488233
v -1.197634 0.189666 0.491710
v -1.189270 0.186024 0.493942
v -1.180000 0.184769 0.494712
v 1.180000 0.184769 0.494712
v 1.189270 0.186024 0.493942
v 1.197634 0.189666 0.491710
v 1.204270 0.195338 0.488233
v 1.208532 0.202486 0.483852
v 1.210000 0.210409 0.478995
v -1.210000 0.217474 0.492560
v -1.208532 0.208953 0.496267
v -1.204270 0.201265 0.499612
v -1.197634 0.195165 0.502267
v -1.189270 0.191248 0.503971
v -1.180000 0.189898 0.504558
v 1.180000 0.189898 0.504558
v 1.189270 0.191248 0.503971
v 1.197634 0.195165 0.502267
v 1.204270 0.201265 0.499612
v 1.208532 0.208953 0.496267
v 1.210000 0.217474 0.492559
v -1.210000 0.222654 0.507176
v -1.208532 0.213701 0.509667
v -1.204270 0.205625 0.511914
v -1.197634 0.199216 0.513697
v -1.189270 0.195100 0.514841
v -1.180000 0.193682 0.515236
v 1.180000 0.193682 0.515236
v 1.189270 0.195100 0.514841
v 1.197634 0.199215 0.513697
v 1.204270 0.205625 0.511913
v 1.208532 0.213701 0.509667
v 1.210000 0.222654 0.507176
v -1.210000 0.225841 0.522730
v -1.208532 0.216633 0.523973
v -1.204270 0.208326 0.525094
v -1.197634 0.201733 0.525984
v -1.189270 0.197500 0.526555
v -1.180000 0.196042 0.526752
v 1.180000 0.196042 0.526752
v 1.189270 0.197500 0.526555
v 1.197634 0.201733 0.525984
v 1.204270 0.208325 0.525094
v 1.208532 0.216633 0.523973
v 1.210000 0.225841 0.522730
v -1.210000 0.226927 0.539106
v -1.208532 0.217645 0.539235
v -1.204270 0.209271 0.539351
v -1.197634 0.202626 0.539443
v -1.189270 0.198359 0.539502
v -1.180000 0.196889 0.539522
v 1.180000 0.196889 0.539522
v 1.189270 0.198359 0.539502
v 1.197634 0.202626 0.539443
v 1.204270 0.209271 0.539351
v 1.208532 0.217645 0.539235
v 1.210000 0.226927 0.539106
v -1.210000 0.226454 0.551380
v -1.208532 0.217205 0.550647
v -1.204270 0.208861 0.549986
v -1.197634 0.202239 0.549462
v -1.189270 0.197988 0.549125
v -1.180000 0.196523 0.549009
v 1.180000 0.196523 0.549009
v 1.189270 0.197988 0.549125
v 1.197634 0.202239 0.549462
v 1.204270 0.208861 0.549986
v 1.208532 0.217205 0.550647
v 1.210000 0.226454 0.551379
v -1.210000 0.224974 0.563708
v -1.208532 0.215817 0.562209
v -1.204270 0.207556 0.560857
v -1.197634 0.201000 0.559784
v -1.189270 0.196791 0.559095
v -1.180000 0.195341 0.558858
v 1.180000 0.195340 0.558858
v 1.189270 0.196791 0.559095
v 1.197634 0.201000 0.559784
v 1.204270 0.207556 0.560857
v 1.208532 0.215816 0.562209
v 1.210000 0.224974 0.563708
v -1.210000 0.222396 0.576106
v -1.208532 0.213403 0.573820
v -1.204270 0.205290 0.571757
v -1.197634 0.198851 0.570120
v -1.189270 0.194717 0.569069
v -1.180000 0.193293 0.568707
v 1.180000 0.193293 0.568707
v 1.189270 0.194717 0.569069
v 1.197634 0.198851 0.570120
v 1.204270 0.205290 0.571757
v 1.208532 0.213403 0.573820
v 1.210000 0.222396 0.576106
v -1.210000 0.218631 0.588588
v -1.208532 0.209874 0.585518
v -1.204270 0.201974 0.582749
v -1.197634 0.195704 0.580552
v -1.189270 0.191679 0.579141
v -1.180000 0.190292 0.578655
v 1.180000 0.190292 0.578655
v 1.189270 0.191679 0.579141
v 1.197634 0.195704 0.580552
v 1.204270 0.201974 0.582749
v 1.208532 0.209874 0.585518
v 1.210000 0.218631 0.588588
v -1.210000 0.213588 0.601167
v -1.208532 0.205133 0.597345
v -1.204270 0.197505 0.593897
v -1.197634 0.191452 0.591160
v -1.189270 0.187565 0.589403
v -1.180000 0.186226 0.588798
v 1.180000 0.186226 0.588798
v 1.189270 0.187565 0.589403
v 1.197634 0.191451 0.591160
v 1.204270 0.197505 0.593896
v 1.208532 0.205133 0.597344
v 1.210000 0.213588 0.601166
v -1.210000 0.207177 0.613856
v -1.208532 0.199076 0.609333
v -1.204270 0.191768 0.605252
v -1.197634 0.185968 0.602014
v -1.189270 0.182245 0.599935
v -1.180000 0.180962 0.599218
v 1.180000 0.180961 0.599218
v 1.189270 0.182244 0.599934
v 1.197634 0.185968 0.602014
v 1.204270 0.191768 0.605252
v 1.208532 0.199076 0.609333
v 1.210000 0.207177 0.613856
v -1.210000 0.199308 0.626671
v -1.208532 0.191597 0.621512
v -1.204270 0.184641 0.616858
v -1.197634 0.179121 0.613164
v -1.189270 0.175577 0.610793
v -1.180000 0.174355 0.609976
v 1.180000 0.174355 0.609976
v 1.189270 0.175577 0.610793
v 1.197634 0.179121 0.613164
v 1.204270 0.184641 0.616858
v 1.208532 0.191597 0.621512
v 1.210000 0.199308 0.626671
v -1.210000 0.189890 0.639625
v -1.208532 0.182589 0.633903
v -1.204270 0.176002 0.628741
v -1.197634 0.170775 0.624644
v -1.189270 0.167418 0.622014
v -1.180000 0.166262 0.621108
v 1.180000 0.166262 0.621108
v 1.189270 0.167418 0.622014
v 1.197634 0.170774 0.624644
v 1.204270 0.176002 0.628741
v 1.208532 0.182589 0.633903
v 1.210000 0.189890 0.639625
v -1.210000 0.178834 0.652731
v -1.208532 0.171945 0.646520
v -1.204270 0.165730 0.640917
v -1.197634 0.160799 0.636470
v -1.189270 0.157632 0.633615
v -1.180000 0.156541 0.632631
v 1.180000 0.156541 0.632631
v 1.189270 0.157632 0.633615
v 1.197634 0.160798 0.636470
v 1.204270 0.165730 0.640917
v 1.208532 0.171945 0.646520
v 1.210000 0.178833 0.652731
v -1.210000 0.166048 0.666005
v -1.208532 0.159563 0.659374
v -1.204270 0.153713 0.653392
v -1.197634 0.149071 0.648645
v -1.189270 0.146090 0.645597
v -1.180000 0.145063 0.644546
v 1.180000 0.145063 0.644546
v 1.189270 0.146090 0.645597
v 1.197634 0.149071 0.648644
v 1.204270 0.153713 0.653392
v 1.208532 0.159563 0.659374
v 1.210000 0.166048 0.666004
v -1.210000 0.151442 0.679458
v -1.208532 0.145345 0.672471
v -1.204270 0.139844 0.666168
v -1.197634 0.135478 0.661165
v -1.189270 0.132676 0.657953
v -1.180000 0.131710 0.656847
v 1.180000 0.131710 0.656847
v 1.189270 0.132676 0.657953
v 1.197634 0.135478 0.661165
v 1.204270 0.139844 0.666167
v 1.208532 0.145345 0.672471
v 1.210000 0.151442 0.679458
v -1.210000 0.134927 0.693106
v -1.208532 0.109157 0.702377
v -1.204270 0.085909 0.710740
v -1.197634 0.067459 0.717377
v -1.189270 0.055614 0.721638
v -1.180000 0.051532 0.723106
v 1.180000 0.051532 0.723106
v 1.189270 0.055614 0.721638
v 1.197634 0.067459 0.717377
v 1.204270 0.085909 0.710740
v 1.208532 0.109157 0.702377
v 1.210000 0.134927 0.693106
v -1.210000 0.257927 0.693106
v -1.208532 0.262491 0.702377
v -1.204270 0.266607 0.710740
v -1.197634 0.269874 0.717377
v -1.189270 0.271972 0.721638
v -1.180000 0.272695 0.723106
v 1.180000 0.272694 0.723106
v 1.189270 0.271972 0.721638
v 1.197634 0.269874 0.717377
v 1.204270 0.266607 0.710740
v 1.208532 0.262491 0.702377
v 1.210000 0.257927 0.693106
v -1.210000 0.268449 0.679435
v -1.208532 0.275910 0.684941
v -1.204270 0.282641 0.689908
v -1.197634 0.287982 0.693850
v -1.189270 0.291411 0.696380
v -1.180000 0.292593 0.697252
v 1.180000 0.292593 0.697252
v 1.189270 0.291411 0.696380
v 1.197634 0.287982 0.693850
v 1.204270 0.282640 0.689908
v 1.208532 0.275910 0.684941
v 1.210000 0.268449 0.679435
v -1.210000 0.278020 0.665903
v -1.208532 0.285707 0.671088
v -1.204270 0.292643 0.675766
v -1.197634 0.298146 0.679478
v -1.189270 0.301680 0.681861
v -1.180000 0.302897 0.682682
v 1.180000 0.302897 0.682682
v 1.189270 0.301680 0.681861
v 1.197634 0.298146 0.679478
v 1.204270 0.292642 0.675766
v 1.208532 0.285707 0.671088
v 1.210000 0.278020 0.665903
v -1.210000 0.286646 0.652481
v -1.208532 0.294566 0.657305
v -1.204270 0.301710 0.661657
v -1.197634 0.307380 0.665111
v -1.189270 0.311021 0.667328
v -1.180000 0.312275 0.668092
v 1.180000 0.312275 0.668092
v 1.189270 0.311020 0.667328
v 1.197634 0.307380 0.665110
v 1.204270 0.301710 0.661657
v 1.208532 0.294566 0.657305
v 1.210000 0.286646 0.652481
v -1.210000 0.294335 0.639143
v -1.208532 0.302487 0.643563
v -1.204270 0.309842 0.647551
v -1.197634 0.315679 0.650715
v -1.189270 0.319426 0.652747
v -1.180000 0.320717 0.653447
v 1.180000 0.320717 0.653446
v 1.189270 0.319426 0.652746
v 1.197634 0.315679 0.650715
v 1.204270 0.309842 0.647551
v 1.208532 0.302487 0.643563
v 1.210000 0.294335 0.639143
v -1.210000 0.301093 0.625861
v -1.208532 0.309473 0.629834
v -1.204270 0.317033 0.633417
v -1.197634 0.323033 0.636261
v -1.189270 0.326885 0.638087
v -1.180000 0.328212 0.638717
v 1.180000 0.328212 0.638716
v 1.189270 0.326884 0.638087
v 1.197634 0.323032 0.636261
v 1.204270 0.317033 0.633417
v 1.208532 0.309473 0.629834
v 1.210000 0.301093 0.625861
v -1.210000 0.306927 0.612606
v -1.208532 0.315523 0.616089
v -1.204270 0.323278 0.619231
v -1.197634 0.329431 0.621725
v -1.189270 0.333382 0.623326
v -1.180000 0.334744 0.623877
v 1.180000 0.334744 0.623877
v 1.189270 0.333382 0.623326
v 1.197634 0.329431 0.621725
v 1.204270 0.323277 0.619231
v 1.208532 0.315523 0.616089
v 1.210000 0.306927 0.612606
v -1.210000 0.311845 0.599352
v -1.208532 0.320637 0.602306
v -1.204270 0.328568 0.604971
v -1.197634 0.334863 0.607086
v -1.189270 0.338904 0.608444
v -1.180000 0.340296 0.608912
v 1.180000 0.340296 0.608912
v 1.189270 0.338904 0.608444
v 1.197634 0.334863 0.607086
v 1.204270 0.328568 0.604971
v 1.208532 0.320637 0.602306
v 1.210000 0.311845 0.599352
v -1.210000 0.315853 0.586069
v -1.208532 0.324815 0.588462
v -1.204270 0.332899 0.590620
v -1.197634 0.339314 0.592333
v -1.189270 0.343434 0.593433
v -1.180000 0.344853 0.593812
v 1.180000 0.344853 0.593812
v 1.189270 0.343433 0.593433
v 1.197634 0.339314 0.592333
v 1.204270 0.332899 0.590620
v 1.208532 0.324815 0.588462
v 1.210000 0.315853 0.586069
v -1.210000 0.318959 0.572731
v -1.208532 0.328057 0.574537
v -1.204270 0.336264 0.576167
v -1.197634 0.342777 0.577459
v -1.189270 0.346959 0.578290
v -1.180000 0.348400 0.578576
v 1.180000 0.348400 0.578575
v 1.189270 0.346959 0.578290
v 1.197634 0.342777 0.577459
v 1.204270 0.336264 0.576166
v 1.208532 0.328056 0.574537
v 1.210000 0.318958 0.572731
v -1.210000 0.321168 0.559310
v -1.208532 0.330365 0.560515
v -1.204270 0.338662 0.561601
v -1.197634 0.345246 0.562463
v -1.189270 0.349474 0.563017
v -1.180000 0.350930 0.563208
v 1.180000 0.350930 0.563208
v 1.189270 0.349473 0.563017
v 1.197634 0.345246 0.562463
v 1.204270 0.338662 0.561601
v 1.208532 0.330365 0.560514
v 1.210000 0.321168 0.559310
v -1.210000 0.322489 0.545778
v -1.208532 0.331745 0.546377
v -1.204270 0.340095 0.546918
v -1.197634 0.346721 0.547347
v -1.189270 0.350976 0.547623
v -1.180000 0.352442 0.547718
v 1.180000 0.352442 0.547718
v 1.189270 0.350976 0.547623
v 1.197634 0.346721 0.547347
v 1.204270 0.340095 0.546918
v 1.208532 0.331745 0.546377
v 1.210000 0.322489 0.545778
v -1.210000 0.322927 0.532106
v -1.208532 0.332207 0.531979
v -1.204270 0.340578 0.531864
v -1.197634 0.347221 0.531773
v -1.189270 0.351486 0.531714
v -1.180000 0.352956 0.531694
v 1.180000 0.352956 0.531694
v 1.189270 0.351486 0.531714
v 1.197634 0.347221 0.531772
v 1.204270 0.340578 0.531864
v 1.208532 0.332207 0.531979
v 1.210000 0.322927 0.532106
v -1.210000 0.321143 0.502175
v -1.208532 0.330362 0.501047
v -1.204270 0.338680 0.500030
v -1.197634 0.345280 0.499222
v -1.189270 0.349518 0.498704
v -1.180000 0.350978 0.498525
v 1.180000 0.350978 0.498525
v 1.189270 0.349518 0.498704
v 1.197634 0.345280 0.499222
v 1.204270 0.338679 0.500030
v 1.208532 0.330362 0.501047
v 1.210000 0.321143 0.502175
v -1.210000 0.315900 0.473991
v -1.208532 0.324903 0.471701
v -1.204270 0.333026 0.469636
v -1.197634 0.339471 0.467997
v -1.189270 0.343610 0.466945
v -1.180000 0.345036 0.466582
v 1.180000 0.345036 0.466582
v 1.189270 0.343610 0.466944
v 1.197634 0.339471 0.467997
v 1.204270 0.333025 0.469636
v 1.208532 0.324903 0.471701
v 1.210000 0.315899 0.473991
v -1.210000 0.307365 0.447716
v -1.208532 0.315988 0.444256
v -1.204270 0.323768 0.441135
v -1.197634 0.329942 0.438659
v -1.189270 0.333905 0.437068
v -1.180000 0.335271 0.436521
v 1.180000 0.335271 0.436520
v 1.189270 0.333905 0.437068
v 1.197634 0.329942 0.438659
v 1.204270 0.323768 0.441135
v 1.208532 0.315988 0.444256
v 1.210000 0.307365 0.447716
v -1.210000 0.295705 0.423514
v -1.208532 0.303778 0.418912
v -1.204270 0.311061 0.414761
v -1.197634 0.316841 0.411466
v -1.189270 0.320552 0.409351
v -1.180000 0.321831 0.408622
v 1.180000 0.321831 0.408622
v 1.189270 0.320552 0.409351
v 1.197634 0.316841 0.411466
v 1.204270 0.311061 0.414761
v 1.208532 0.303778 0.418912
v 1.210000 0.295705 0.423514
v -1.210000 0.281087 0.401548
v -1.208532 0.288445 0.395871
v -1.204270 0.295082 0.390750
v -1.197634 0.300350 0.386685
v -1.189270 0.303732 0.384076
v -1.180000 0.304897 0.383177
v 1.180000 0.304897 0.383177
v 1.189270 0.303732 0.384076
v 1.197634 0.300350 0.386685
v 1.204270 0.295082 0.390750
v 1.208532 0.288445 0.395871
v 1.210000 0.281087 0.401548
v -1.210000 0.263677 0.381981
v -1.208532 0.270171 0.375334
v -1.204270 0.276030 0.369337
v -1.197634 0.280679 0.364578
v -1.189270 0.283664 0.361522
v -1.180000 0.284692 0.360469
v 1.180000 0.284692 0.360469
v 1.189270 0.283664 0.361522
v 1.197634 0.280679 0.364577
v 1.204270 0.276030 0.369337
v 1.208532 0.270171 0.375334
v 1.210000 0.263677 0.381981
v -1.210000 0.243643 0.364977
v -1.208532 0.249152 0.357494
v -1.204270 0.254123 0.350744
v -1.197634 0.258068 0.345387
v -1.189270 0.260600 0.341947
v -1.180000 0.261473 0.340762
v 1.180000 0.261473 0.340762
v 1.189270 0.260600 0.341947
v 1.197634 0.258067 0.345386
v 1.204270 0.254123 0.350744
v 1.208532 0.249152 0.357494
v 1.210000 0.243642 0.364977
v -1.210000 0.221150 0.350699
v -1.208532 0.225589 0.342537
v -1.204270 0.229595 0.335173
v -1.197634 0.232773 0.329330
v -1.189270 0.234814 0.325578
v -1.180000 0.235517 0.324285
v 1.180000 0.235517 0.324285
v 1.189270 0.234814 0.325578
v 1.197634 0.232773 0.329330
v 1.204270 0.229594 0.335173
v 1.208532 0.225589 0.342537
v 1.210000 0.221149 0.350699
v -1.210000 0.196365 0.339310
v -1.208532 0.199686 0.330633
v -1.204270 0.202682 0.322806
v -1.197634 0.205060 0.316595
v -1.189270 0.206587 0.312607
v -1.180000 0.207113 0.311233
v 1.180000 0.207113 0.311233
v 1.189270 0.206587 0.312607
v 1.197634 0.205060 0.316595
v 1.204270 0.202682 0.322806
v 1.208532 0.199686 0.330633
v 1.210000 0.196365 0.339309
v -1.210000 0.169455 0.330972
v -1.208532 0.171645 0.321945
v -1.204270 0.173621 0.313802
v -1.197634 0.175189 0.307340
v -1.189270 0.176196 0.303191
v -1.180000 0.176542 0.301761
v 1.180000 0.176542 0.301761
v 1.189270 0.176195 0.303191
v 1.197634 0.175189 0.307340
v 1.204270 0.173621 0.313802
v 1.208532 0.171645 0.321945
v 1.210000 0.169455 0.330972
v -1.210000 0.140587 0.325850
v -1.208532 0.141664 0.316626
v -1.204270 0.142635 0.308304
v -1.197634 0.143406 0.301701
v -1.189270 0.143901 0.297461
v -1.180000 0.144071 0.296000
v 1.180000 0.144071 0.296000
v 1.189270 0.143901 0.297461
v 1.197634 0.143406 0.301701
v 1.204270 0.142635 0.308304
v 1.208532 0.141664 0.316626
v 1.210000 0.140587 0.325850
v -1.210000 0.109927 0.324106
v -1.208532 0.109977 0.314824
v -1.204270 0.110021 0.306450
v -1.197634 0.110056 0.299804
v -1.189270 0.110079 0.295537
v -1.180000 0.110087 0.294067
v 1.180000 0.110086 0.294067
v 1.189270 0.110079 0.295537
v 1.197634 0.110056 0.299804
v 1.204270 0.110021 0.306450
v 1.208532 0.109976 0.314824
v 1.210000 0.109927 0.324106
v -1.210000 0.082491 0.325375
v -1.208532 0.081617 0.316135
v -1.204270 0.080828 0.307800
v -1.197634 0.080203 0.301184
v -1.189270 0.079801 0.296937
v -1.180000 0.079662 0.295474
v 1.180000 0.079662 0.295474
v 1.189270 0.079801 0.296937
v 1.197634 0.080202 0.301184
v 1.204270 0.080828 0.307799
v 1.208532 0.081617 0.316135
v 1.210000 0.082491 0.325375
v -1.210000 0.055437 0.329255
v -1.208532 0.053675 0.320142
v -1.204270 0.052086 0.311921
v -1.197634 0.050825 0.305397
v -1.189270 0.050015 0.301209
v -1.180000 0.049736 0.299765
v 1.180000 0.049736 0.299765
v 1.189270 0.050015 0.301208
v 1.197634 0.050825 0.305397
v 1.204270 0.052086 0.311921
v 1.208532 0.053675 0.320142
v 1.210000 0.055436 0.329255
v -1.210000 0.028396 0.335856
v -1.208532 0.025782 0.326952
v -1.204270 0.023423 0.318919
v -1.197634 0.021552 0.312544
v -1.189270 0.020350 0.308451
v -1.180000 0.019936 0.307041
v 1.180000 0.019936 0.307041
v 1.189270 0.020350 0.308451
v 1.197634 0.021551 0.312544
v 1.204270 0.023423 0.318919
v 1.208532 0.025782 0.326952
v 1.210000 0.028396 0.335856
v -1.210000 0.001001 0.345292
v -1.208532 -0.002382 0.336652
v -1.204270 -0.005434 0.328858
v -1.197634 -0.007856 0.322672
v -1.189270 -0.009411 0.318701
v -1.180000 -0.009947 0.317333
v 1.180000 -0.009947 0.317333
v 1.189270 -0.009411 0.318701
v 1.197634 -0.007856 0.322672
v 1.204270 -0.005434 0.328858
v 1.208532 -0.002382 0.336652
v 1.210000 0.001001 0.345292
v -1.210000 -0.027115 0.357671
v -1.208532 -0.031154 0.349320
v -1.204270 -0.034798 0.341787
v -1.197634 -0.037689 0.335808
v -1.189270 -0.039545 0.331969
v -1.180000 -0.040185 0.330647
v 1.180000 -0.040185 0.330647
v 1.189270 -0.039546 0.331969
v 1.197634 -0.037689 0.335808
v 1.204270 -0.034798 0.341786
v 1.208532 -0.031154 0.349320
v 1.210000 -0.027116 0.357671
v -1.210000 -0.056323 0.373106
v -1.208532 -0.060896 0.365038
v -1.204270 -0.065023 0.357760
v -1.197634 -0.068297 0.351983
v -1.189270 -0.070399 0.348275
v -1.180000 -0.071124 0.346997
v 1.180000 -0.071124 0.346997
v 1.189270 -0.070399 0.348275
v 1.197634 -0.068297 0.351983
v 1.204270 -0.065023 0.357760
v 1.208532 -0.060897 0.365038
v 1.210000 -0.056323 0.373106
v -1.210000 -0.086988 0.391708
v -1.208532 -0.091984 0.383896
v -1.204270 -0.096491 0.376848
v -1.197634 -0.100068 0.371255
v -1.189270 -0.102364 0.367665
v -1.180000 -0.103155 0.366427
v 1.180000 -0.103155 0.366427
v 1.189270 -0.102364 0.367664
v 1.197634 -0.100068 0.371255
v 1.204270 -0.096491 0.376848
v 1.208532 -0.091984 0.383896
v 1.210000 -0.086988 0.391708
v -1.210000 -0.119480 0.413588
v -1.208532 -0.124800 0.405994
v -1.204270 -0.129600 0.399143
v -1.197634 -0.133408 0.393707
v -1.189270 -0.135854 0.390216
v -1.180000 -0.136696 0.389013
v 1.180000 -0.136697 0.389013
v 1.189270 -0.135854 0.390216
v 1.197634 -0.133409 0.393707
v 1.204270 -0.129600 0.399143
v 1.208532 -0.124800 0.405994
v 1.210000 -0.119480 0.413588
v -1.210000 -0.154166 0.438856
v -1.208532 -0.159730 0.431440
v -1.204270 -0.164749 0.424749
v -1.197634 -0.168732 0.419440
v -1.189270 -0.171290 0.416031
v -1.180000 -0.172171 0.414856
v 1.180000 -0.172171 0.414856
v 1.189270 -0.171290 0.416031
v 1.197634 -0.168733 0.419440
v 1.204270 -0.164749 0.424749
v 1.208532 -0.159730 0.431440
v 1.210000 -0.154167 0.438856
v -1.210000 -0.191415 0.467625
v -1.208532 -0.197158 0.460347
v -1.204270 -0.202338 0.453781
v -1.197634 -0.206449 0.448570
v -1.189270 -0.209089 0.445224
v -1.180000 -0.209998 0.444071
v 1.180000 -0.209998 0.444071
v 1.189270 -0.209089 0.445224
v 1.197634 -0.206449 0.448570
v 1.204270 -0.202338 0.453780
v 1.208532 -0.197158 0.460346
v 1.210000 -0.191415 0.467625
v -1.210000 -0.231595 0.500005
v -1.208532 -0.237465 0.492829
v -1.204270 -0.242760 0.486356
v -1.197634 -0.246963 0.481218
v -1.189270 -0.249661 0.477920
v -1.180000 -0.250590 0.476784
v 1.180000 -0.250590 0.476783
v 1.189270 -0.249661 0.477920
v 1.197634 -0.246963 0.481218
v 1.204270 -0.242760 0.486356
v 1.208532 -0.237465 0.492829
v 1.210000 -0.231595 0.500004
v -1.210000 -0.275073 0.536106
v -1.208532 -0.265802 0.516359
v -1.204270 -0.257439 0.498544
v -1.197634 -0.250802 0.484407
v -1.189270 -0.246541 0.475330
v -1.180000 -0.245073 0.472202
v 1.180000 -0.245073 0.472202
v 1.189270 -0.246541 0.475330
v 1.197634 -0.250802 0.484407
v 1.204270 -0.257439 0.498544
v 1.208532 -0.265802 0.516359
v 1.210000 -0.275073 0.536106
v -1.210000 -0.275073 0.275106
v -1.208532 -0.265802 0.265836
v -1.204270 -0.257439 0.257473
v -1.197634 -0.250802 0.250836
v -1.189270 -0.246541 0.246575
v -1.180000 -0.245073 0.245106
v 1.180000 -0.245073 0.245106
v 1.189270 -0.246541 0.246575
v 1.197634 -0.250802 0.250836
v 1.204270 -0.257439 0.257473
v 1.208532 -0.265802 0.265836
v 1.210000 -0.275073 0.275106
v -1.210000 -0.368073 0.275106
v -1.208532 -0.377343 0.265836
v -1.204270 -0.385706 0.257473
v -1.197634 -0.392343 0.250836
v -1.189270 -0.396604 0.246575
v -1.180000 -0.398073 0.245106
v 1.180000 -0.398073 0.245106
v 1.189270 -0.396605 0.246575
v 1.197634 -0.392343 0.250836
v 1.204270 -0.385706 0.257473
v 1.208532 -0.377343 0.265836
v 1.210000 -0.368073 0.275106
v -1.210000 0.021927 0.089106
v -1.208532 0.031198 0.093391
v -1.204270 0.039561 0.097256
v -1.197634 0.046198 0.100323
v -1.189270 0.050459 0.102292
v -1.180000 0.051927 0.102971
v 1.180000 0.051927 0.102971
v 1.189270 0.050459 0.102292
v 1.197634 0.046198 0.100323
v 1.204270 0.039561 0.097256
v 1.208532 0.031198 0.093391
v 1.210000 0.021927 0.089106
v -1.210000 0.032298 0.080282
v -1.208532 0.038560 0.087127
v -1.204270 0.044208 0.093301
v -1.197634 0.048691 0.098201
v -1.189270 0.051569 0.101348
v -1.180000 0.052561 0.102432
v 1.180000 0.052561 0.102431
v 1.189270 0.051569 0.101347
v 1.197634 0.048691 0.098201
v 1.204270 0.044208 0.093301
v 1.208532 0.038560 0.087127
v 1.210000 0.032298 0.080282
v -1.210000 0.041895 0.070847
v -1.208532 0.048632 0.077224
v -1.204270 0.054710 0.082977
v -1.197634 0.059533 0.087542
v -1.189270 0.062629 0.090473
v -1.180000 0.063697 0.091483
v 1.180000 0.063696 0.091483
v 1.189270 0.062629 0.090473
v 1.197634 0.059533 0.087542
v 1.204270 0.054709 0.082977
v 1.208532 0.048632 0.077224
v 1.210000 0.041895 0.070847
v -1.210000 0.050693 0.060856
v -1.208532 0.057871 0.066733
v -1.204270 0.064346 0.072034
v -1.197634 0.069485 0.076241
v -1.189270 0.072785 0.078942
v -1.180000 0.073922 0.079872
v 1.180000 0.073921 0.079872
v 1.189270 0.072784 0.078941
v 1.197634 0.069485 0.076240
v 1.204270 0.064346 0.072034
v 1.208532 0.057871 0.066733
v 1.210000 0.050693 0.060856
v -1.210000 0.058668 0.050366
v -1.208532 0.066251 0.055709
v -1.204270 0.073092 0.060529
v -1.197634 0.078521 0.064355
v -1.189270 0.082006 0.066811
v -1.180000 0.083208 0.067657
v 1.180000 0.083207 0.067657
v 1.189270 0.082006 0.066811
v 1.197634 0.078521 0.064355
v 1.204270 0.073092 0.060529
v 1.208532 0.066251 0.055709
v 1.210000 0.058668 0.050366
v -1.210000 0.065796 0.039431
v -1.208532 0.073747 0.044210
v -1.204270 0.080920 0.048521
v -1.197634 0.086612 0.051942
v -1.189270 0.090266 0.054139
v -1.180000 0.091526 0.054896
v 1.180000 0.091526 0.054896
v 1.189270 0.090266 0.054139
v 1.197634 0.086612 0.051942
v 1.204270 0.080919 0.048521
v 1.208532 0.073747 0.044209
v 1.210000 0.065796 0.039430
v -1.210000 0.072052 0.028107
v -1.208532 0.080332 0.032290
v -1.204270 0.087801 0.036065
v -1.197634 0.093729 0.039060
v -1.189270 0.097535 0.040983
v -1.180000 0.098846 0.041646
v 1.180000 0.098846 0.041645
v 1.189270 0.097535 0.040983
v 1.197634 0.093729 0.039060
v 1.204270 0.087801 0.036064
v 1.208532 0.080332 0.032290
v 1.210000 0.072052 0.028106
v -1.210000 0.077413 0.016449
v -1.208532 0.085981 0.020007
v -1.204270 0.093709 0.023216
v -1.197634 0.099843 0.025764
v -1.189270 0.103781 0.027399
v -1.180000 0.105138 0.027962
v 1.180000 0.105138 0.027962
v 1.189270 0.103781 0.027399
v 1.197634 0.099843 0.025763
v 1.204270 0.093709 0.023216
v 1.208532 0.085980 0.020007
v 1.210000 0.077413 0.016449
v -1.210000 0.081853 0.004514
v -1.208532 0.090665 0.007415
v -1.204270 0.098614 0.010033
v -1.197634 0.104923 0.012110
v -1.189270 0.108973 0.013444
v -1.180000 0.110369 0.013903
v 1.180000 0.110369 0.013903
v 1.189270 0.108973 0.013444
v 1.197634 0.104923 0.012110
v 1.204270 0.098614 0.010033
v 1.208532 0.090665 0.007415
v 1.210000 0.081853 0.004514
v -1.210000 0.085349 -0.007644
v -1.208532 0.094358 -0.005428
v -1.204270 0.102486 -0.003429
v -1.197634 0.108935 -0.001843
v -1.189270 0.113076 -0.000825
v -1.180000 0.114503 -0.000474
v 1.180000 0.114503 -0.000474
v 1.189270 0.113076 -0.000825
v 1.197634 0.108935 -0.001843
v 1.204270 0.102485 -0.003430
v 1.208532 0.094358 -0.005428
v 1.210000 0.085349 -0.007644
v -1.210000 0.087876 -0.019968
v -1.208532 0.097032 -0.018467
v -1.204270 0.105291 -0.017112
v -1.197634 0.111846 -0.016038
v -1.189270 0.116054 -0.015348
v -1.180000 0.117505 -0.015110
v 1.180000 0.117504 -0.015110
v 1.189270 0.116054 -0.015348
v 1.197634 0.111846 -0.016038
v 1.204270 0.105291 -0.017113
v 1.208532 0.097032 -0.018467
v 1.210000 0.087876 -0.019968
v -1.210000 0.089411 -0.032403
v -1.208532 0.098658 -0.031642
v -1.204270 0.106999 -0.030956
v -1.197634 0.113619 -0.030412
v -1.189270 0.117870 -0.030062
v -1.180000 0.119334 -0.029942
v 1.180000 0.119334 -0.029942
v 1.189270 0.117870 -0.030063
v 1.197634 0.113619 -0.030412
v 1.204270 0.106999 -0.030957
v 1.208532 0.098657 -0.031642
v 1.210000 0.089410 -0.032403
v -1.210000 0.089927 -0.044894
v -1.208532 0.099209 -0.044971
v -1.204270 0.107582 -0.045041
v -1.197634 0.114227 -0.045096
v -1.189270 0.118493 -0.045132
v -1.180000 0.119963 -0.045144
v 1.180000 0.119963 -0.045144
v 1.189270 0.118493 -0.045132
v 1.197634 0.114227 -0.045096
v 1.204270 0.107582 -0.045041
v 1.208532 0.099209 -0.044971
v 1.210000 0.089927 -0.044894
v -1.210000 0.088715 -0.065760
v -1.208532 0.097937 -0.066867
v -1.204270 0.106256 -0.067865
v -1.197634 0.112858 -0.068657
v -1.189270 0.117097 -0.069166
v -1.180000 0.118557 -0.069341
v 1.180000 0.118557 -0.069341
v 1.189270 0.117097 -0.069166
v 1.197634 0.112858 -0.068657
v 1.204270 0.106256 -0.067865
v 1.208532 0.097937 -0.066867
v 1.210000 0.088715 -0.065760
v -1.210000 0.085062 -0.085741
v -1.208532 0.094071 -0.088011
v -1.204270 0.102198 -0.090059
v -1.197634 0.108648 -0.091684
v -1.189270 0.112789 -0.092727
v -1.180000 0.114216 -0.093087
v 1.180000 0.114216 -0.093087
v 1.189270 0.112789 -0.092727
v 1.197634 0.108648 -0.091684
v 1.204270 0.102198 -0.090059
v 1.208532 0.094071 -0.088011
v 1.210000 0.085061 -0.085741
v -1.210000 0.078943 -0.104659
v -1.208532 0.087563 -0.108132
v -1.204270 0.095339 -0.111265
v -1.197634 0.101511 -0.113751
v -1.189270 0.105473 -0.115347
v -1.180000 0.106838 -0.115897
v 1.180000 0.106838 -0.115897
v 1.189270 0.105473 -0.115347
v 1.197634 0.101511 -0.113751
v 1.204270 0.095339 -0.111265
v 1.208532 0.087563 -0.108132
v 1.210000 0.078943 -0.104659
v -1.210000 0.070335 -0.122338
v -1.208532 0.078371 -0.127009
v -1.204270 0.085621 -0.131223
v -1.197634 0.091375 -0.134567
v -1.189270 0.095069 -0.136714
v -1.180000 0.096342 -0.137454
v 1.180000 0.096342 -0.137454
v 1.189270 0.095069 -0.136714
v 1.197634 0.091375 -0.134567
v 1.204270 0.085621 -0.131223
v 1.208532 0.078371 -0.127009
v 1.210000 0.070335 -0.122338
v -1.210000 0.059213 -0.138600
v -1.208532 0.066471 -0.144408
v -1.204270 0.073020 -0.149648
v -1.197634 0.078217 -0.153806
v -1.189270 0.081553 -0.156476
v -1.180000 0.082703 -0.157396
v 1.180000 0.082703 -0.157396
v 1.189270 0.081553 -0.156476
v 1.197634 0.078216 -0.153807
v 1.204270 0.073020 -0.149648
v 1.208532 0.066471 -0.144409
v 1.210000 0.059212 -0.138600
v -1.210000 0.045552 -0.153269
v -1.208532 0.051864 -0.160094
v -1.204270 0.057558 -0.166251
v -1.197634 0.062077 -0.171137
v -1.189270 0.064978 -0.174274
v -1.180000 0.065978 -0.175355
v 1.180000 0.065978 -0.175356
v 1.189270 0.064978 -0.174275
v 1.197634 0.062077 -0.171137
v 1.204270 0.057558 -0.166251
v 1.208532 0.051864 -0.160094
v 1.210000 0.045552 -0.153269
v -1.210000 0.029329 -0.166166
v -1.208532 0.034573 -0.173840
v -1.204270 0.039304 -0.180763
v -1.197634 0.043058 -0.186257
v -1.189270 0.045469 -0.189785
v -1.180000 0.046299 -0.191000
v 1.180000 0.046299 -0.191001
v 1.189270 0.045468 -0.189785
v 1.197634 0.043058 -0.186258
v 1.204270 0.039304 -0.180763
v 1.208532 0.034573 -0.173840
v 1.210000 0.029329 -0.166166
v -1.210000 0.010520 -0.177116
v -1.208532 0.014637 -0.185446
v -1.204270 0.018350 -0.192961
v -1.197634 0.021298 -0.198925
v -1.189270 0.023190 -0.202754
v -1.180000 0.023842 -0.204074
v 1.180000 0.023842 -0.204074
v 1.189270 0.023190 -0.202754
v 1.197634 0.021297 -0.198925
v 1.204270 0.018350 -0.192961
v 1.208532 0.014636 -0.185446
v 1.210000 0.010520 -0.177116
v -1.210000 -0.010901 -0.185940
v -1.208532 -0.007910 -0.194735
v -1.204270 -0.005213 -0.202668
v -1.197634 -0.003072 -0.208964
v -1.189270 -0.001697 -0.213007
v -1.180000 -0.001223 -0.214400
v 1.180000 -0.001224 -0.214400
v 1.189270 -0.001697 -0.213007
v 1.197634 -0.003072 -0.208965
v 1.204270 -0.005213 -0.202668
v 1.208532 -0.007910 -0.194735
v 1.210000 -0.010901 -0.185941
v -1.210000 -0.034957 -0.192463
v -1.208532 -0.033044 -0.201550
v -1.204270 -0.031318 -0.209747
v -1.197634 -0.029949 -0.216252
v -1.189270 -0.029070 -0.220429
v -1.180000 -0.028767 -0.221868
v 1.180000 -0.028767 -0.221868
v 1.189270 -0.029070 -0.220429
v 1.197634 -0.029949 -0.216252
v 1.204270 -0.031319 -0.209747
v 1.208532 -0.033044 -0.201550
v 1.210000 -0.034957 -0.192463
v -1.210000 -0.061673 -0.196506
v -1.208532 -0.060758 -0.205744
v -1.204270 -0.059933 -0.214077
v -1.197634 -0.059279 -0.220691
v -1.189270 -0.058858 -0.224937
v -1.180000 -0.058713 -0.226400
v 1.180000 -0.058713 -0.226400
v 1.189270 -0.058858 -0.224937
v 1.197634 -0.059279 -0.220691
v 1.204270 -0.059933 -0.214078
v 1.208532 -0.060758 -0.205744
v 1.210000 -0.061673 -0.196507
v -1.210000 -0.091073 -0.197894
v -1.208532 -0.090854 -0.207164
v -1.204270 -0.090657 -0.215527
v -1.197634 -0.090500 -0.222164
v -1.189270 -0.090400 -0.226425
v -1.180000 -0.090365 -0.227894
v 1.180000 -0.090365 -0.227894
v 1.189270 -0.090400 -0.226425
v 1.197634 -0.090501 -0.222164
v 1.204270 -0.090657 -0.215527
v 1.208532 -0.090854 -0.207164
v 1.210000 -0.091073 -0.197894
v -1.210000 -0.368073 -0.197894
v -1.208532 -0.377343 -0.207164
v -1.204270 -0.385706 -0.215527
v -1.197634 -0.392343 -0.222164
v -1.189270 -0.396604 -0.226425
v -1.180000 -0.398073 -0.227894
v 1.180000 -0.398073 -0.227894
v 1.189270 -0.396605 -0.226425
v 1.197634 -0.392343 -0.222164
v 1.204270 -0.385706 -0.215527
v 1.208532 -0.377343 -0.207164
v 1.210000 -0.368073 -0.197894
v -1.210000 -0.368073 -0.108894
v -1.208532 -0.377343 -0.099623
v -1.204270 -0.385706 -0.091260
v -1.197634 -0.392343 -0.084623
v -1.189270 -0.396604 -0.080362
v -1.180000 -0.398073 -0.078894
v 1.180000 -0.398073 -0.078894
v 1.189270 -0.396605 -0.080362
v 1.197634 -0.392343 -0.084623
v 1.204270 -0.385706 -0.091260
v 1.208532 -0.377343 -0.099623
v 1.210000 -0.368073 -0.108894
v -1.210000 -0.090073 -0.108894
v -1.208532 -0.090275 -0.099623
v -1.204270 -0.090458 -0.091260
v -1.197634 -0.090603 -0.084623
v -1.189270 -0.090696 -0.080362
v -1.180000 -0.090728 -0.078894
v 1.180000 -0.090729 -0.078894
v 1.189270 -0.090696 -0.080362
v 1.197634 -0.090603 -0.084623
v 1.204270 -0.090458 -0.091260
v 1.208532 -0.090275 -0.099623
v 1.210000 -0.090073 -0.108894
v -1.210000 -0.074063 -0.108193
v -1.208532 -0.074902 -0.098951
v -1.204270 -0.075658 -0.090613
v -1.197634 -0.076258 -0.083996
v -1.189270 -0.076643 -0.079747
v -1.180000 -0.076776 -0.078283
v 1.180000 -0.076776 -0.078283
v 1.189270 -0.076644 -0.079747
v 1.197634 -0.076258 -0.083996
v 1.204270 -0.075658 -0.090613
v 1.208532 -0.074902 -0.098951
v 1.210000 -0.074064 -0.108193
v -1.210000 -0.059082 -0.106125
v -1.208532 -0.060819 -0.097006
v -1.204270 -0.062386 -0.088780
v -1.197634 -0.063630 -0.082252
v -1.189270 -0.064429 -0.078061
v -1.180000 -0.064704 -0.076617
v 1.180000 -0.064704 -0.076617
v 1.189270 -0.064429 -0.078061
v 1.197634 -0.063630 -0.082252
v 1.204270 -0.062386 -0.088781
v 1.208532 -0.060819 -0.097007
v 1.210000 -0.059082 -0.106125
v -1.210000 -0.045198 -0.102737
v -1.208532 -0.047899 -0.093854
v -1.204270 -0.050336 -0.085840
v -1.197634 -0.052270 -0.079481
v -1.189270 -0.053512 -0.075397
v -1.180000 -0.053940 -0.073990
v 1.180000 -0.053940 -0.073990
v 1.189270 -0.053512 -0.075397
v 1.197634 -0.052271 -0.079481
v 1.204270 -0.050336 -0.085840
v 1.208532 -0.047899 -0.093854
v 1.210000 -0.045198 -0.102737
v -1.210000 -0.032480 -0.098079
v -1.208532 -0.036201 -0.089569
v -1.204270 -0.039559 -0.081892
v -1.197634 -0.042223 -0.075800
v -1.189270 -0.043933 -0.071888
v -1.180000 -0.044523 -0.070541
v 1.180000 -0.044523 -0.070541
v 1.189270 -0.043933 -0.071889
v 1.197634 -0.042223 -0.075800
v 1.204270 -0.039559 -0.081892
v 1.208532 -0.036202 -0.089569
v 1.210000 -0.032480 -0.098079
v -1.210000 -0.020999 -0.092198
v -1.208532 -0.025774 -0.084228
v -1.204270 -0.030081 -0.077038
v -1.197634 -0.033500 -0.071332
v -1.189270 -0.035694 -0.067669
v -1.180000 -0.036451 -0.066406
v 1.180000 -0.036451 -0.066406
v 1.189270 -0.035695 -0.067669
v 1.197634 -0.033500 -0.071332
v 1.204270 -0.030081 -0.077038
v 1.208532 -0.025774 -0.084228
v 1.210000 -0.020999 -0.092198
v -1.210000 -0.010823 -0.085144
v -1.208532 -0.016649 -0.077902
v -1.204270 -0.021904 -0.071369
v -1.197634 -0.026075 -0.066185
v -1.189270 -0.028753 -0.062857
v -1.180000 -0.029676 -0.061710
v 1.180000 -0.029676 -0.061710
v 1.189270 -0.028753 -0.062857
v 1.197634 -0.026075 -0.066185
v 1.204270 -0.021904 -0.071370
v 1.208532 -0.016649 -0.077902
v 1.210000 -0.010823 -0.085144
v -1.210000 -0.002022 -0.076964
v -1.208532 -0.008845 -0.070649
v -1.204270 -0.014999 -0.064952
v -1.197634 -0.019884 -0.060431
v -1.189270 -0.023020 -0.057528
v -1.180000 -0.024101 -0.056528
v 1.180000 -0.024101 -0.056528
v 1.189270 -0.023020 -0.057528
v 1.197634 -0.019884 -0.060431
v 1.204270 -0.015000 -0.064952
v 1.208532 -0.008845 -0.070649
v 1.210000 -0.002022 -0.076964
v -1.210000 0.005335 -0.067708
v -1.208532 -0.002370 -0.062503
v -1.204270 -0.009321 -0.057808
v -1.197634 -0.014837 -0.054081
v -1.189270 -0.018379 -0.051689
v -1.180000 -0.019599 -0.050865
v 1.180000 -0.019599 -0.050865
v 1.189270 -0.018379 -0.051689
v 1.197634 -0.014837 -0.054082
v 1.204270 -0.009321 -0.057808
v 1.208532 -0.002370 -0.062503
v 1.210000 0.005335 -0.067708
v -1.210000 0.011177 -0.057425
v -1.208532 0.002761 -0.053472
v -1.204270 -0.004831 -0.049906
v -1.197634 -0.010857 -0.047075
v -1.189270 -0.014725 -0.045258
v -1.180000 -0.016059 -0.044632
v 1.180000 -0.016059 -0.044632
v 1.189270 -0.014726 -0.045259
v 1.197634 -0.010857 -0.047076
v 1.204270 -0.004832 -0.049906
v 1.208532 0.002761 -0.053472
v 1.210000 0.011177 -0.057425
v -1.210000 0.015437 -0.046162
v -1.208532 0.006517 -0.043539
v -1.204270 -0.001529 -0.041172
v -1.197634 -0.007914 -0.039294
v -1.189270 -0.012014 -0.038088
v -1.180000 -0.013426 -0.037672
v 1.180000 -0.013427 -0.037672
v 1.189270 -0.012014 -0.038088
v 1.197634 -0.007914 -0.039294
v 1.204270 -0.001529 -0.041172
v 1.208532 0.006517 -0.043539
v 1.210000 0.015436 -0.046162
v -1.210000 0.018043 -0.033969
v -1.208532 0.008838 -0.032681
v -1.204270 0.000535 -0.031518
v -1.197634 -0.006055 -0.030596
v -1.189270 -0.010286 -0.030004
v -1.180000 -0.011744 -0.029800
v 1.180000 -0.011744 -0.029800
v 1.189270 -0.010286 -0.030004
v 1.197634 -0.006055 -0.030596
v 1.204270 0.000535 -0.031518
v 1.208532 0.008838 -0.032681
v 1.210000 0.018043 -0.033969
v -1.210000 0.018927 -0.020894
v -1.208532 0.009644 -0.020765
v -1.204270 0.001270 -0.020648
v -1.197634 -0.005376 -0.020556
v -1.189270 -0.009643 -0.020496
v -1.180000 -0.011113 -0.020476
v 1.180000 -0.011113 -0.020476
v 1.189270 -0.009643 -0.020496
v 1.197634 -0.005376 -0.020556
v 1.204270 0.001270 -0.020648
v 1.208532 0.009644 -0.020765
v 1.210000 0.018927 -0.020894
v -1.210000 0.018546 -0.011299
v -1.208532 0.009298 -0.012062
v -1.204270 0.000956 -0.012749
v -1.197634 -0.005664 -0.013295
v -1.189270 -0.009915 -0.013645
v -1.180000 -0.011380 -0.013766
v 1.180000 -0.011380 -0.013766
v 1.189270 -0.009915 -0.013645
v 1.197634 -0.005664 -0.013295
v 1.204270 0.000956 -0.012749
v 1.208532 0.009298 -0.012062
v 1.210000 0.018546 -0.011299
v -1.210000 0.017376 -0.001972
v -1.208532 0.008230 -0.003543
v -1.204270 -0.000021 -0.004959
v -1.197634 -0.006569 -0.006084
v -1.189270 -0.010773 -0.006805
v -1.180000 -0.012221 -0.007054
v 1.180000 -0.012221 -0.007054
v 1.189270 -0.010773 -0.006806
v 1.197634 -0.006569 -0.006084
v 1.204270 -0.000021 -0.004959
v 1.208532 0.008230 -0.003543
v 1.210000 0.017376 -0.001972
v -1.210000 0.015380 0.007153
v -1.208532 0.006416 0.004752
v -1.204270 -0.001671 0.002586
v -1.197634 -0.008089 0.000867
v -1.189270 -0.012209 -0.000236
v -1.180000 -0.013629 -0.000617
v 1.180000 -0.013629 -0.000617
v 1.189270 -0.012210 -0.000236
v 1.197634 -0.008089 0.000867
v 1.204270 -0.001671 0.002586
v 1.208532 0.006416 0.004752
v 1.210000 0.015380 0.007153
v -1.210000 0.012520 0.016143
v -1.208532 0.003814 0.012930
v -1.204270 -0.004040 0.010030
v -1.197634 -0.010272 0.007730
v -1.189270 -0.014274 0.006252
v -1.180000 -0.015653 0.005743
v 1.180000 -0.015653 0.005743
v 1.189270 -0.014274 0.006252
v 1.197634 -0.010273 0.007729
v 1.204270 -0.004040 0.010030
v 1.208532 0.003814 0.012929
v 1.210000 0.012520 0.016143
v -1.210000 0.008757 0.025064
v -1.208532 0.000371 0.021092
v -1.204270 -0.007195 0.017509
v -1.197634 -0.013198 0.014666
v -1.189270 -0.017053 0.012840
v -1.180000 -0.018381 0.012211
v 1.180000 -0.018381 0.012211
v 1.189270 -0.017053 0.012840
v 1.197634 -0.013199 0.014665
v 1.204270 -0.007195 0.017509
v 1.208532 0.000370 0.021092
v 1.210000 0.008756 0.025064
v -1.210000 0.004052 0.033981
v -1.208532 -0.003977 0.029332
v -1.204270 -0.011220 0.025138
v -1.197634 -0.016968 0.021810
v -1.189270 -0.020658 0.019673
v -1.180000 -0.021930 0.018937
v 1.180000 -0.021930 0.018937
v 1.189270 -0.020658 0.019673
v 1.197634 -0.016968 0.021810
v 1.204270 -0.011220 0.025138
v 1.208532 -0.003977 0.029332
v 1.210000 0.004052 0.033981
v -1.210000 -0.001631 0.042961
v -1.208532 -0.009291 0.037729
v -1.204270 -0.016201 0.033009
v -1.197634 -0.021685 0.029263
v -1.189270 -0.025205 0.026858
v -1.180000 -0.026419 0.026029
v 1.180000 -0.026419 0.026029
v 1.189270 -0.025206 0.026858
v 1.197634 -0.021685 0.029263
v 1.204270 -0.016201 0.033009
v 1.208532 -0.009291 0.037729
v 1.210000 -0.001631 0.042961
v -1.210000 -0.008332 0.052069
v -1.208532 -0.015633 0.046349
v -1.204270 -0.022218 0.041188
v -1.197634 -0.027445 0.037093
v -1.189270 -0.030801 0.034464
v -1.180000 -0.031957 0.033558
v 1.180000 -0.031957 0.033557
v 1.189270 -0.030801 0.034464
v 1.197634 -0.027445 0.037093
v 1.204270 -0.022219 0.041188
v 1.208532 -0.015633 0.046349
v 1.210000 -0.008332 0.052069
v -1.210000 -0.016088 0.061372
v -1.208532 -0.023055 0.055251
v -1.204270 -0.029340 0.049730
v -1.197634 -0.034328 0.045348
v -1.189270 -0.037530 0.042534
v -1.180000 -0.038633 0.041565
v 1.180000 -0.038633 0.041565
v 1.189270 -0.037530 0.042534
v 1.197634 -0.034328 0.045348
v 1.204270 -0.029340 0.049729
v 1.208532 -0.023055 0.055251
v 1.210000 -0.016088 0.061372
v -1.210000 -0.024938 0.070935
v -1.208532 -0.031606 0.064491
v -1.204270 -0.037621 0.058677
v -1.197634 -0.042394 0.054064
v -1.189270 -0.045459 0.051102
v -1.180000 -0.046515 0.050081
v 1.180000 -0.046515 0.050081
v 1.189270 -0.045459 0.051102
v 1.197634 -0.042394 0.054064
v 1.204270 -0.037621 0.058677
v 1.208532 -0.031606 0.064491
v 1.210000 -0.024939 0.070935
v -1.210000 -0.034920 0.080825
v -1.208532 -0.041327 0.074122
v -1.204270 -0.047106 0.068075
v -1.197634 -0.051692 0.063276
v -1.189270 -0.054637 0.060195
v -1.180000 -0.055652 0.059134
v 1.180000 -0.055652 0.059133
v 1.189270 -0.054637 0.060195
v 1.197634 -0.051693 0.063276
v 1.204270 -0.047106 0.068075
v 1.208532 -0.041327 0.074122
v 1.210000 -0.034921 0.080824
v -1.210000 -0.046073 0.091106
v -1.208532 -0.049694 0.081836
v -1.204270 -0.052961 0.073473
v -1.197634 -0.055554 0.066836
v -1.189270 -0.057218 0.062575
v -1.180000 -0.057792 0.061107
v 1.180000 -0.057792 0.061106
v 1.189270 -0.057218 0.062575
v 1.197634 -0.055554 0.066836
v 1.204270 -0.052961 0.073473
v 1.208532 -0.049694 0.081836
v 1.210000 -0.046073 0.091106
v -1.210000 -0.368073 0.091106
v -1.208532 -0.377343 0.081836
v -1.204270 -0.385706 0.073473
v -1.197634 -0.392343 0.066836
v -1.189270 -0.396604 0.062575
v -1.180000 -0.398073 0.061107
v 1.180000 -0.398073 0.061106
v 1.189270 -0.396605 0.062575
v 1.197634 -0.392343 0.066836
v 1.204270 -0.385706 0.073473
v 1.208532 -0.377343 0.081836
v 1.210000 -0.368073 0.091106
v -1.210000 -0.368073 0.180106
v -1.208532 -0.377343 0.189377
v -1.204270 -0.385706 0.197740
v -1.197634 -0.392343 0.204377
v -1.189270 -0.396604 0.208638
v -1.180000 -0.398073 0.210106
v 1.180000 -0.398073 0.210106
v 1.189270 -0.396605 0.208638
v 1.197634 -0.392343 0.204377
v 1.204270 -0.385706 0.197740
v 1.208532 -0.377343 0.189377
v 1.210000 -0.368073 0.180106
v -1.210000 0.080927 0.180106
v -1.208532 0.090198 0.189377
v -1.204270 0.098561 0.197740
v -1.197634 0.105198 0.204377
v -1.189270 0.109459 0.208638
v -1.180000 0.110927 0.210106
v 1.180000 0.110927 0.210106
v 1.189270 0.109459 0.208638
v 1.197634 0.105198 0.204377
v 1.204270 0.098561 0.197740
v 1.208532 0.090198 0.189377
v 1.210000 0.080927 0.180106
v -1.210000 0.080927 0.091106
v -1.208532 0.090198 0.081836
v -1.204270 0.098561 0.073473
v -1.197634 0.105198 0.066836
v -1.189270 0.109459 0.062575
v -1.180000 0.110927 0.061107
v 1.180000 0.110927 0.061106
v 1.189270 0.109459 0.062575
v 1.197634 0.105198 0.066836
v 1.204270 0.098561 0.073473
v 1.208532 0.090198 0.081836
v 1.210000 0.080927 0.091106
v -1.210000 0.021927 0.091106
v -1.208532 0.031198 0.081836
v -1.204270 0.039561 0.073473
v -1.197634 0.046198 0.066836
v -1.189270 0.050459 0.062575
v -1.180000 0.051927 0.061107
v 1.180000 0.051927 0.061106
v 1.189270 0.050459 0.062575
v 1.197634 0.046198 0.066836
v 1.204270 0.039561 0.073473
v 1.208532 0.031198 0.081836
v 1.210000 0.021927 0.091106
v -1.210000 -0.368073 -0.520894
v -1.208532 -0.377343 -0.520626
v -1.204270 -0.385706 -0.520385
v -1.197634 -0.392343 -0.520193
v -1.189270 -0.396604 -0.520070
v -1.180000 -0.398073 -0.520028
v 1.180000 -0.398073 -0.520028
v 1.189270 -0.396605 -0.520070
v 1.197634 -0.392343 -0.520193
v 1.204270 -0.385706 -0.520385
v 1.208532 -0.377343 -0.520626
v 1.210000 -0.368073 -0.520894
v -1.210000 -0.366199 -0.488455
v -1.208532 -0.375421 -0.487349
v -1.204270 -0.383740 -0.486351
v -1.197634 -0.390343 -0.485560
v -1.189270 -0.394582 -0.485051
v -1.180000 -0.396042 -0.484876
v 1.180000 -0.396042 -0.484876
v 1.189270 -0.394582 -0.485051
v 1.197634 -0.390343 -0.485560
v 1.204270 -0.383740 -0.486351
v 1.208532 -0.375421 -0.487349
v 1.210000 -0.366199 -0.488455
v -1.210000 -0.360665 -0.458218
v -1.208532 -0.369673 -0.455942
v -1.204270 -0.377800 -0.453889
v -1.197634 -0.384249 -0.452260
v -1.189270 -0.388389 -0.451215
v -1.180000 -0.389816 -0.450854
v 1.180000 -0.389816 -0.450854
v 1.189270 -0.388389 -0.451215
v 1.197634 -0.384249 -0.452260
v 1.204270 -0.377800 -0.453889
v 1.208532 -0.369673 -0.455942
v 1.210000 -0.360665 -0.458218
v -1.210000 -0.351604 -0.430300
v -1.208532 -0.360220 -0.426816
v -1.204270 -0.367992 -0.423673
v -1.197634 -0.374160 -0.421178
v -1.189270 -0.378121 -0.419577
v -1.180000 -0.379485 -0.419025
v 1.180000 -0.379485 -0.419025
v 1.189270 -0.378121 -0.419577
v 1.197634 -0.374160 -0.421178
v 1.204270 -0.367992 -0.423673
v 1.208532 -0.360220 -0.426816
v 1.210000 -0.351604 -0.430300
v -1.210000 -0.339147 -0.404819
v -1.208532 -0.347177 -0.400137
v -1.204270 -0.354421 -0.395913
v -1.197634 -0.360169 -0.392561
v -1.189270 -0.363860 -0.390409
v -1.180000 -0.365132 -0.389667
v 1.180000 -0.365132 -0.389667
v 1.189270 -0.363860 -0.390409
v 1.197634 -0.360169 -0.392561
v 1.204270 -0.354421 -0.395913
v 1.208532 -0.347177 -0.400137
v 1.210000 -0.339147 -0.404819
v -1.210000 -0.323426 -0.381895
v -1.208532 -0.330681 -0.376083
v -1.204270 -0.337226 -0.370840
v -1.197634 -0.342420 -0.366679
v -1.189270 -0.345755 -0.364007
v -1.180000 -0.346904 -0.363087
v 1.180000 -0.346905 -0.363087
v 1.189270 -0.345755 -0.364007
v 1.197634 -0.342421 -0.366679
v 1.204270 -0.337226 -0.370840
v 1.208532 -0.330681 -0.376083
v 1.210000 -0.323426 -0.381895
v -1.210000 -0.304573 -0.361644
v -1.208532 -0.310893 -0.354827
v -1.204270 -0.316594 -0.348678
v -1.197634 -0.321119 -0.343798
v -1.189270 -0.324024 -0.340664
v -1.180000 -0.325025 -0.339585
v 1.180000 -0.325025 -0.339585
v 1.189270 -0.324024 -0.340664
v 1.197634 -0.321119 -0.343798
v 1.204270 -0.316594 -0.348678
v 1.208532 -0.310893 -0.354827
v 1.210000 -0.304573 -0.361644
v -1.210000 -0.282720 -0.344184
v -1.208532 -0.287991 -0.336529
v -1.204270 -0.292746 -0.329624
v -1.197634 -0.296519 -0.324144
v -1.189270 -0.298942 -0.320625
v -1.180000 -0.299777 -0.319413
v 1.180000 -0.299777 -0.319413
v 1.189270 -0.298942 -0.320625
v 1.197634 -0.296519 -0.324144
v 1.204270 -0.292746 -0.329624
v 1.208532 -0.287991 -0.336529
v 1.210000 -0.282720 -0.344184
v -1.210000 -0.257999 -0.329634
v -1.208532 -0.262162 -0.321328
v -1.204270 -0.265918 -0.313834
v -1.197634 -0.268899 -0.307888
v -1.189270 -0.270813 -0.304070
v -1.180000 -0.271472 -0.302754
v 1.180000 -0.271472 -0.302754
v 1.189270 -0.270813 -0.304070
v 1.197634 -0.268899 -0.307888
v 1.204270 -0.265918 -0.313834
v 1.208532 -0.262162 -0.321328
v 1.210000 -0.257999 -0.329634
v -1.210000 -0.230541 -0.318112
v -1.208532 -0.233591 -0.309338
v -1.204270 -0.236342 -0.301423
v -1.197634 -0.238526 -0.295142
v -1.189270 -0.239928 -0.291109
v -1.180000 -0.240411 -0.289719
v 1.180000 -0.240411 -0.289719
v 1.189270 -0.239928 -0.291109
v 1.197634 -0.238526 -0.295142
v 1.204270 -0.236343 -0.301423
v 1.208532 -0.233591 -0.309338
v 1.210000 -0.230542 -0.318112
v -1.210000 -0.200480 -0.309736
v -1.208532 -0.202450 -0.300662
v -1.204270 -0.204228 -0.292475
v -1.197634 -0.205638 -0.285978
v -1.189270 -0.206544 -0.281807
v -1.180000 -0.206856 -0.280370
v 1.180000 -0.206856 -0.280370
v 1.189270 -0.206544 -0.281807
v 1.197634 -0.205639 -0.285978
v 1.204270 -0.204228 -0.292475
v 1.208532 -0.202451 -0.300662
v 1.210000 -0.200480 -0.309736
v -1.210000 -0.167947 -0.304624
v -1.208532 -0.168898 -0.295389
v -1.204270 -0.169757 -0.287059
v -1.197634 -0.170439 -0.280447
v -1.189270 -0.170876 -0.276203
v -1.180000 -0.171027 -0.274740
v 1.180000 -0.171027 -0.274740
v 1.189270 -0.170876 -0.276203
v 1.197634 -0.170439 -0.280447
v 1.204270 -0.169757 -0.287059
v 1.208532 -0.168899 -0.295389
v 1.210000 -0.167947 -0.304624
v -1.210000 -0.133073 -0.302894
v -1.208532 -0.133024 -0.293609
v -1.204270 -0.132980 -0.285234
v -1.197634 -0.132945 -0.278587
v -1.189270 -0.132923 -0.274319
v -1.180000 -0.132915 -0.272849
v 1.180000 -0.132915 -0.272849
v 1.189270 -0.132923 -0.274319
v 1.197634 -0.132945 -0.278587
v 1.204270 -0.132980 -0.285234
v 1.208532 -0.133024 -0.293609
v 1.210000 -0.133073 -0.302894
v -1.210000 -0.101376 -0.304799
v -1.208532 -0.100243 -0.295580
v -1.204270 -0.099221 -0.287264
v -1.197634 -0.098411 -0.280663
v -1.189270 -0.097890 -0.276426
v -1.180000 -0.097710 -0.274966
v 1.180000 -0.097711 -0.274966
v 1.189270 -0.097890 -0.276426
v 1.197634 -0.098411 -0.280663
v 1.204270 -0.099222 -0.287264
v 1.208532 -0.100243 -0.295580
v 1.210000 -0.101376 -0.304799
v -1.210000 -0.071415 -0.310389
v -1.208532 -0.069127 -0.301386
v -1.204270 -0.067062 -0.293263
v -1.197634 -0.065424 -0.286818
v -1.189270 -0.064372 -0.282679
v -1.180000 -0.064010 -0.281253
v 1.180000 -0.064010 -0.281253
v 1.189270 -0.064372 -0.282679
v 1.197634 -0.065424 -0.286818
v 1.204270 -0.067062 -0.293263
v 1.208532 -0.069127 -0.301386
v 1.210000 -0.071415 -0.310389
v -1.210000 -0.043385 -0.319472
v -1.208532 -0.039942 -0.310843
v -1.204270 -0.036836 -0.303058
v -1.197634 -0.034371 -0.296880
v -1.189270 -0.032788 -0.292914
v -1.180000 -0.032243 -0.291547
v 1.180000 -0.032243 -0.291547
v 1.189270 -0.032788 -0.292914
v 1.197634 -0.034371 -0.296880
v 1.204270 -0.036836 -0.303058
v 1.208532 -0.039942 -0.310843
v 1.210000 -0.043385 -0.319472
v -1.210000 -0.017480 -0.331857
v -1.208532 -0.012915 -0.323764
v -1.204270 -0.008796 -0.316463
v -1.197634 -0.005528 -0.310669
v -1.189270 -0.003429 -0.306949
v -1.180000 -0.002706 -0.305668
v 1.180000 -0.002706 -0.305668
v 1.189270 -0.003429 -0.306949
v 1.197634 -0.005528 -0.310669
v 1.204270 -0.008796 -0.316463
v 1.208532 -0.012915 -0.323764
v 1.210000 -0.017480 -0.331857
v -1.210000 0.006106 -0.347353
v -1.208532 0.011727 -0.339954
v -1.204270 0.016799 -0.333279
v -1.197634 0.020824 -0.327982
v -1.189270 0.023408 -0.324582
v -1.180000 0.024298 -0.323410
v 1.180000 0.024298 -0.323410
v 1.189270 0.023408 -0.324582
v 1.197634 0.020824 -0.327982
v 1.204270 0.016799 -0.333279
v 1.208532 0.011727 -0.339954
v 1.210000 0.006105 -0.347353
v -1.210000 0.027177 -0.365769
v -1.208532 0.033758 -0.359208
v -1.204270 0.039695 -0.353290
v -1.197634 0.044407 -0.348593
v -1.189270 0.047432 -0.345578
v -1.180000 0.048474 -0.344539
v 1.180000 0.048474 -0.344539
v 1.189270 0.047432 -0.345578
v 1.197634 0.044407 -0.348593
v 1.204270 0.039695 -0.353290
v 1.208532 0.033758 -0.359208
v 1.210000 0.027177 -0.365769
v -1.210000 0.045541 -0.386914
v -1.208532 0.052957 -0.381315
v -1.204270 0.059646 -0.376263
v -1.197634 0.064956 -0.372255
v -1.189270 0.068364 -0.369681
v -1.180000 0.069539 -0.368794
v 1.180000 0.069539 -0.368794
v 1.189270 0.068364 -0.369681
v 1.197634 0.064955 -0.372255
v 1.204270 0.059646 -0.376263
v 1.208532 0.052956 -0.381315
v 1.210000 0.045541 -0.386914
v -1.210000 0.061001 -0.410597
v -1.208532 0.069107 -0.406054
v -1.204270 0.076418 -0.401956
v -1.197634 0.082221 -0.398703
v -1.189270 0.085947 -0.396615
v -1.180000 0.087231 -0.395896
v 1.180000 0.087230 -0.395896
v 1.189270 0.085947 -0.396615
v 1.197634 0.082221 -0.398703
v 1.204270 0.076418 -0.401956
v 1.208532 0.069107 -0.406054
v 1.210000 0.061001 -0.410597
v -1.210000 0.073365 -0.436628
v -1.208532 0.082002 -0.433204
v -1.204270 0.089793 -0.430116
v -1.197634 0.095977 -0.427665
v -1.189270 0.099947 -0.426091
v -1.180000 0.101315 -0.425549
v 1.180000 0.101314 -0.425549
v 1.189270 0.099946 -0.426091
v 1.197634 0.095977 -0.427665
v 1.204270 0.089793 -0.430116
v 1.208532 0.082002 -0.433204
v 1.210000 0.073365 -0.436628
v -1.210000 0.082437 -0.464815
v -1.208532 0.091444 -0.462541
v -1.204270 0.099569 -0.460490
v -1.197634 0.106017 -0.458862
v -1.189270 0.110157 -0.457817
v -1.180000 0.111584 -0.457457
v 1.180000 0.111584 -0.457457
v 1.189270 0.110157 -0.457817
v 1.197634 0.106017 -0.458862
v 1.204270 0.099569 -0.460490
v 1.208532 0.091444 -0.462541
v 1.210000 0.082436 -0.464815
v -1.210000 0.088022 -0.494967
v -1.208532 0.097242 -0.493842
v -1.204270 0.105559 -0.492828
v -1.197634 0.112160 -0.492023
v -1.189270 0.116398 -0.491506
v -1.180000 0.117858 -0.491328
v 1.180000 0.117858 -0.491328
v 1.189270 0.116398 -0.491506
v 1.197634 0.112160 -0.492023
v 1.204270 0.105559 -0.492828
v 1.208532 0.097242 -0.493842
v 1.210000 0.088022 -0.494967
v -1.210000 0.089927 -0.526894
v -1.208532 0.099202 -0.526683
v -1.204270 0.107568 -0.526493
v -1.197634 0.114208 -0.526342
v -1.189270 0.118471 -0.526245
v -1.180000 0.119940 -0.526212
v 1.180000 0.119940 -0.526212
v 1.189270 0.118471 -0.526245
v 1.197634 0.114208 -0.526342
v 1.204270 0.107568 -0.526493
v 1.208532 0.099202 -0.526683
v 1.210000 0.089927 -0.526894
v -1.210000 0.089821 -0.534358
v -1.208532 0.099089 -0.534626
v -1.204270 0.107450 -0.534869
v -1.197634 0.114084 -0.535061
v -1.189270 0.118344 -0.535184
v -1.180000 0.119812 -0.535227
v 1.180000 0.119812 -0.535227
v 1.189270 0.118344 -0.535184
v 1.197634 0.114084 -0.535061
v 1.204270 0.107449 -0.534869
v 1.208532 0.099089 -0.534626
v 1.210000 0.089821 -0.534358
v -1.210000 0.089497 -0.541773
v -1.208532 0.098752 -0.542322
v -1.204270 0.107102 -0.542817
v -1.197634 0.113728 -0.543210
v -1.189270 0.117982 -0.543462
v -1.180000 0.119448 -0.543549
v 1.180000 0.119448 -0.543549
v 1.189270 0.117982 -0.543462
v 1.197634 0.113728 -0.543210
v 1.204270 0.107101 -0.542817
v 1.208532 0.098752 -0.542322
v 1.210000 0.089497 -0.541773
v -1.210000 0.088943 -0.549175
v -1.208532 0.098177 -0.550014
v -1.204270 0.106506 -0.550770
v -1.197634 0.113117 -0.551371
v -1.189270 0.117361 -0.551756
v -1.180000 0.118824 -0.551889
v 1.180000 0.118824 -0.551889
v 1.189270 0.117361 -0.551756
v 1.197634 0.113117 -0.551371
v 1.204270 0.106506 -0.550770
v 1.208532 0.098176 -0.550014
v 1.210000 0.088943 -0.549175
v -1.210000 0.088150 -0.556597
v -1.208532 0.097352 -0.557731
v -1.204270 0.105653 -0.558753
v -1.197634 0.112241 -0.559565
v -1.189270 0.116471 -0.560086
v -1.180000 0.117928 -0.560265
v 1.180000 0.117928 -0.560265
v 1.189270 0.116471 -0.560086
v 1.197634 0.112241 -0.559565
v 1.204270 0.105653 -0.558753
v 1.208532 0.097352 -0.557731
v 1.210000 0.088149 -0.556597
v -1.210000 0.087106 -0.564075
v -1.208532 0.096267 -0.565503
v -1.204270 0.104532 -0.566791
v -1.197634 0.111090 -0.567814
v -1.189270 0.115301 -0.568470
v -1.180000 0.116752 -0.568696
v 1.180000 0.116752 -0.568696
v 1.189270 0.115301 -0.568470
v 1.197634 0.111090 -0.567814
v 1.204270 0.104531 -0.566791
v 1.208532 0.096267 -0.565503
v 1.210000 0.087106 -0.564075
v -1.210000 0.085802 -0.571644
v -1.208532 0.094914 -0.573360
v -1.204270 0.103133 -0.574909
v -1.197634 0.109656 -0.576138
v -1.189270 0.113844 -0.576928
v -1.180000 0.115287 -0.577199
v 1.180000 0.115287 -0.577199
v 1.189270 0.113844 -0.576928
v 1.197634 0.109656 -0.576138
v 1.204270 0.103133 -0.574909
v 1.208532 0.094914 -0.573360
v 1.210000 0.085802 -0.571644
v -1.210000 0.084228 -0.579337
v -1.208532 0.093282 -0.581333
v -1.204270 0.101450 -0.583134
v -1.197634 0.107932 -0.584563
v -1.189270 0.112094 -0.585480
v -1.180000 0.113528 -0.585796
v 1.180000 0.113527 -0.585796
v 1.189270 0.112093 -0.585480
v 1.197634 0.107932 -0.584563
v 1.204270 0.101450 -0.583134
v 1.208532 0.093282 -0.581333
v 1.210000 0.084228 -0.579337
v -1.210000 0.082372 -0.587190
v -1.208532 0.091363 -0.589452
v -1.204270 0.099474 -0.591492
v -1.197634 0.105911 -0.593111
v -1.189270 0.110044 -0.594151
v -1.180000 0.111468 -0.594509
v 1.180000 0.111468 -0.594509
v 1.189270 0.110044 -0.594151
v 1.197634 0.105911 -0.593111
v 1.204270 0.099474 -0.591492
v 1.208532 0.091363 -0.589452
v 1.210000 0.082372 -0.587190
v -1.210000 0.080224 -0.595237
v -1.208532 0.089149 -0.597749
v -1.204270 0.097200 -0.600014
v -1.197634 0.103590 -0.601812
v -1.189270 0.107692 -0.602966
v -1.180000 0.109105 -0.603364
v 1.180000 0.109105 -0.603364
v 1.189270 0.107692 -0.602966
v 1.197634 0.103590 -0.601812
v 1.204270 0.097200 -0.600014
v 1.208532 0.089149 -0.597749
v 1.210000 0.080224 -0.595237
v -1.210000 0.077775 -0.603514
v -1.208532 0.086631 -0.606256
v -1.204270 0.094620 -0.608730
v -1.197634 0.100961 -0.610693
v -1.189270 0.105032 -0.611954
v -1.180000 0.106434 -0.612388
v 1.180000 0.106434 -0.612388
v 1.189270 0.105032 -0.611954
v 1.197634 0.100961 -0.610693
v 1.204270 0.094620 -0.608730
v 1.208532 0.086631 -0.606256
v 1.210000 0.077774 -0.603514
v -1.210000 0.075012 -0.612054
v -1.208532 0.083800 -0.615009
v -1.204270 0.091728 -0.617674
v -1.197634 0.098019 -0.619789
v -1.189270 0.102059 -0.621147
v -1.180000 0.103450 -0.621615
v 1.180000 0.103450 -0.621615
v 1.189270 0.102059 -0.621147
v 1.197634 0.098019 -0.619789
v 1.204270 0.091728 -0.617674
v 1.208532 0.083800 -0.615009
v 1.210000 0.075012 -0.612054
v -1.210000 0.071927 -0.620894
v -1.208532 0.084982 -0.611623
v -1.204270 0.096759 -0.603260
v -1.197634 0.106105 -0.596623
v -1.189270 0.112105 -0.592362
v -1.180000 0.114173 -0.590894
v 1.180000 0.114173 -0.590894
v 1.189270 0.112105 -0.592362
v 1.197634 0.106105 -0.596623
v 1.204270 0.096758 -0.603260
v 1.208532 0.084982 -0.611623
v 1.210000 0.071927 -0.620894
v -1.210000 0.313927 -0.620894
v -1.208532 0.323198 -0.611623
v -1.204270 0.331561 -0.603260
v -1.197634 0.338198 -0.596623
v -1.189270 0.342459 -0.592362
v -1.180000 0.343927 -0.590894
v 1.180000 0.343927 -0.590894
v 1.189270 0.342459 -0.592362
v 1.197634 0.338198 -0.596623
v 1.204270 0.331561 -0.603260
v 1.208532 0.323198 -0.611623
v 1.210000 0.313927 -0.620894
v -1.210000 0.313927 -0.709894
v -1.208532 0.323198 -0.719164
v -1.204270 0.331561 -0.727527
v -1.197634 0.338198 -0.734164
v -1.189270 0.342459 -0.738425
v -1.180000 0.343927 -0.739894
v 1.180000 0.343927 -0.739894
v 1.189270 0.342459 -0.738425
v 1.197634 0.338198 -0.734164
v 1.204270 0.331561 -0.727527
v 1.208532 0.323198 -0.719164
v 1.210000 0.313927 -0.709894
v -1.210000 -0.368073 -0.709894
v -1.208532 -0.377343 -0.719164
v -1.204271 -0.385706 -0.727527
v -1.197634 -0.392343 -0.734164
v -1.189271 -0.396604 -0.738425
v -1.180000 -0.398073 -0.739894
v 1.180000 -0.398073 -0.739894
v 1.189270 -0.396605 -0.738425
v 1.197633 -0.392343 -0.734164
v 1.204270 -0.385706 -0.727527
v 1.208531 -0.377343 -0.719164
v 1.210000 -0.368073 -0.709894
v -1.210000 -0.004217 -0.613531
v -1.208532 -0.012900 -0.610280
v -1.204270 -0.020733 -0.607348
v -1.197634 -0.026949 -0.605021
v -1.189270 -0.030940 -0.603526
v -1.180000 -0.032315 -0.603012
v 1.180000 -0.032315 -0.603012
v 1.189270 -0.030940 -0.603526
v 1.197634 -0.026949 -0.605021
v 1.204270 -0.020733 -0.607348
v 1.208532 -0.012900 -0.610280
v 1.210000 -0.004217 -0.613531
v -1.210000 -0.001647 -0.606412
v -1.208532 -0.010408 -0.603380
v -1.204270 -0.018312 -0.600645
v -1.197634 -0.024585 -0.598475
v -1.189270 -0.028612 -0.597081
v -1.180000 -0.030000 -0.596601
v 1.180000 -0.030000 -0.596601
v 1.189270 -0.028612 -0.597081
v 1.197634 -0.024585 -0.598475
v 1.204270 -0.018313 -0.600645
v 1.208532 -0.010409 -0.603380
v 1.210000 -0.001647 -0.606412
v -1.210000 0.000646 -0.599487
v -1.208532 -0.008198 -0.596705
v -1.204270 -0.016177 -0.594195
v -1.197634 -0.022508 -0.592203
v -1.189270 -0.026573 -0.590924
v -1.180000 -0.027974 -0.590483
v 1.180000 -0.027974 -0.590483
v 1.189270 -0.026574 -0.590924
v 1.197634 -0.022508 -0.592203
v 1.204270 -0.016177 -0.594195
v 1.208532 -0.008198 -0.596705
v 1.210000 0.000646 -0.599487
v -1.210000 0.002668 -0.592708
v -1.208532 -0.006259 -0.590203
v -1.204270 -0.014312 -0.587943
v -1.197634 -0.020703 -0.586150
v -1.189270 -0.024806 -0.584998
v -1.180000 -0.026220 -0.584602
v 1.180000 -0.026220 -0.584602
v 1.189270 -0.024806 -0.584998
v 1.197634 -0.020703 -0.586150
v 1.204270 -0.014312 -0.587943
v 1.208532 -0.006259 -0.590203
v 1.210000 0.002668 -0.592708
v -1.210000 0.004426 -0.586027
v -1.208532 -0.004580 -0.583823
v -1.204270 -0.012705 -0.581836
v -1.197634 -0.019153 -0.580258
v -1.189270 -0.023292 -0.579245
v -1.180000 -0.024719 -0.578897
v 1.180000 -0.024719 -0.578897
v 1.189270 -0.023293 -0.579245
v 1.197634 -0.019153 -0.580258
v 1.204270 -0.012705 -0.581836
v 1.208532 -0.004580 -0.583823
v 1.210000 0.004426 -0.586027
v -1.210000 0.005927 -0.579394
v -1.208532 -0.003152 -0.577511
v -1.204270 -0.011342 -0.575812
v -1.197634 -0.017841 -0.574464
v -1.189270 -0.022014 -0.573598
v -1.180000 -0.023452 -0.573300
v 1.180000 -0.023452 -0.573300
v 1.189270 -0.022015 -0.573598
v 1.197634 -0.017841 -0.574464
v 1.204270 -0.011342 -0.575812
v 1.208532 -0.003152 -0.577511
v 1.210000 0.005927 -0.579394
v -1.210000 0.007178 -0.572760
v -1.208532 -0.001963 -0.571209
v -1.204270 -0.010210 -0.569810
v -1.197634 -0.016754 -0.568699
v -1.189270 -0.020956 -0.567986
v -1.180000 -0.022404 -0.567741
v 1.180000 -0.022404 -0.567741
v 1.189270 -0.020956 -0.567986
v 1.197634 -0.016754 -0.568699
v 1.204270 -0.010210 -0.569810
v 1.208532 -0.001963 -0.571209
v 1.210000 0.007178 -0.572760
v -1.210000 0.008187 -0.566079
v -1.208532 -0.001005 -0.564862
v -1.204270 -0.009297 -0.563765
v -1.197634 -0.015878 -0.562894
v -1.189270 -0.020103 -0.562335
v -1.180000 -0.021559 -0.562142
v 1.180000 -0.021559 -0.562142
v 1.189270 -0.020103 -0.562335
v 1.197634 -0.015878 -0.562894
v 1.204270 -0.009298 -0.563765
v 1.208532 -0.001005 -0.564862
v 1.210000 0.008186 -0.566079
v -1.210000 0.008959 -0.559300
v -1.208532 -0.000271 -0.558413
v -1.204270 -0.008597 -0.557613
v -1.197634 -0.015204 -0.556978
v -1.189270 -0.019447 -0.556570
v -1.180000 -0.020908 -0.556430
v 1.180000 -0.020909 -0.556430
v 1.189270 -0.019447 -0.556570
v 1.197634 -0.015205 -0.556978
v 1.204270 -0.008597 -0.557613
v 1.208532 -0.000271 -0.558413
v 1.210000 0.008958 -0.559300
v -1.210000 0.009501 -0.552375
v -1.208532 0.000247 -0.551804
v -1.204270 -0.008101 -0.551289
v -1.197634 -0.014726 -0.550880
v -1.189270 -0.018980 -0.550618
v -1.180000 -0.020446 -0.550527
v 1.180000 -0.020446 -0.550527
v 1.189270 -0.018980 -0.550618
v 1.197634 -0.014727 -0.550880
v 1.204270 -0.008101 -0.551289
v 1.208532 0.000247 -0.551804
v 1.210000 0.009501 -0.552375
v -1.210000 0.009822 -0.545256
v -1.208532 0.000554 -0.544981
v -1.204270 -0.007806 -0.544733
v -1.197634 -0.014441 -0.544536
v -1.189270 -0.018701 -0.544410
v -1.180000 -0.020168 -0.544366
v 1.180000 -0.020168 -0.544366
v 1.189270 -0.018701 -0.544410
v 1.197634 -0.014441 -0.544536
v 1.204270 -0.007806 -0.544733
v 1.208532 0.000554 -0.544981
v 1.210000 0.009822 -0.545256
v -1.210000 0.009927 -0.537894
v -1.208532 0.000653 -0.538110
v -1.204270 -0.007714 -0.538305
v -1.197634 -0.014354 -0.538459
v -1.189270 -0.018617 -0.538559
v -1.180000 -0.020086 -0.538593
v 1.180000 -0.020086 -0.538593
v 1.189270 -0.018617 -0.538559
v 1.197634 -0.014354 -0.538459
v 1.204270 -0.007714 -0.538305
v 1.208532 0.000653 -0.538110
v 1.210000 0.009927 -0.537894
v -1.210000 0.008653 -0.516994
v -1.208532 -0.000564 -0.518152
v -1.204270 -0.008879 -0.519196
v -1.197634 -0.015478 -0.520025
v -1.189270 -0.019715 -0.520556
v -1.180000 -0.021174 -0.520740
v 1.180000 -0.021174 -0.520740
v 1.189270 -0.019715 -0.520556
v 1.197634 -0.015478 -0.520025
v 1.204270 -0.008879 -0.519196
v 1.208532 -0.000564 -0.518152
v 1.210000 0.008653 -0.516994
v -1.210000 0.004900 -0.497366
v -1.208532 -0.004088 -0.499722
v -1.204270 -0.012196 -0.501848
v -1.197634 -0.018631 -0.503536
v -1.189270 -0.022762 -0.504619
v -1.180000 -0.024186 -0.504992
v 1.180000 -0.024186 -0.504992
v 1.189270 -0.022762 -0.504619
v 1.197634 -0.018631 -0.503536
v 1.204270 -0.012197 -0.501848
v 1.208532 -0.004088 -0.499722
v 1.210000 0.004899 -0.497366
v -1.210000 -0.001229 -0.479112
v -1.208532 -0.009810 -0.482680
v -1.204270 -0.017551 -0.485899
v -1.197634 -0.023694 -0.488454
v -1.189270 -0.027639 -0.490094
v -1.180000 -0.028998 -0.490659
v 1.180000 -0.028998 -0.490659
v 1.189270 -0.027639 -0.490094
v 1.197634 -0.023695 -0.488454
v 1.204270 -0.017551 -0.485899
v 1.208532 -0.009810 -0.482680
v 1.210000 -0.001229 -0.479112
v -1.210000 -0.009628 -0.462338
v -1.208532 -0.017619 -0.467084
v -1.204270 -0.024828 -0.471366
v -1.197634 -0.030549 -0.474764
v -1.189270 -0.034222 -0.476946
v -1.180000 -0.035488 -0.477698
v 1.180000 -0.035488 -0.477698
v 1.189270 -0.034222 -0.476946
v 1.197634 -0.030549 -0.474764
v 1.204270 -0.024828 -0.471366
v 1.208532 -0.017619 -0.467084
v 1.210000 -0.009628 -0.462338
v -1.210000 -0.020194 -0.447147
v -1.208532 -0.027423 -0.452990
v -1.204270 -0.033943 -0.458261
v -1.197634 -0.039118 -0.462445
v -1.189270 -0.042441 -0.465130
v -1.180000 -0.043585 -0.466056
v 1.180000 -0.043586 -0.466056
v 1.189270 -0.042441 -0.465130
v 1.197634 -0.039118 -0.462445
v 1.204270 -0.033943 -0.458261
v 1.208532 -0.027423 -0.452990
v 1.210000 -0.020194 -0.447147
v -1.210000 -0.032823 -0.433644
v -1.208532 -0.039142 -0.440459
v -1.204270 -0.044843 -0.446606
v -1.197634 -0.049367 -0.451485
v -1.189270 -0.052272 -0.454618
v -1.180000 -0.053273 -0.455697
v 1.180000 -0.053273 -0.455697
v 1.189270 -0.052272 -0.454618
v 1.197634 -0.049367 -0.451485
v 1.204270 -0.044843 -0.446606
v 1.208532 -0.039142 -0.440459
v 1.210000 -0.032823 -0.433644
v -1.210000 -0.047410 -0.421932
v -1.208532 -0.052713 -0.429562
v -1.204270 -0.057497 -0.436446
v -1.197634 -0.061294 -0.441909
v -1.189270 -0.063732 -0.445417
v -1.180000 -0.064572 -0.446625
v 1.180000 -0.064572 -0.446625
v 1.189270 -0.063732 -0.445417
v 1.197634 -0.061294 -0.441909
v 1.204270 -0.057497 -0.436446
v 1.208532 -0.052713 -0.429562
v 1.210000 -0.047410 -0.421932
v -1.210000 -0.063850 -0.412116
v -1.208532 -0.068075 -0.420391
v -1.204270 -0.071886 -0.427856
v -1.197634 -0.074910 -0.433780
v -1.189270 -0.076852 -0.437583
v -1.180000 -0.077521 -0.438894
v 1.180000 -0.077521 -0.438894
v 1.189270 -0.076852 -0.437583
v 1.197634 -0.074910 -0.433780
v 1.204270 -0.071886 -0.427856
v 1.208532 -0.068075 -0.420391
v 1.210000 -0.063851 -0.412116
v -1.210000 -0.082041 -0.404300
v -1.208532 -0.085166 -0.413047
v -1.204270 -0.087985 -0.420938
v -1.197634 -0.090222 -0.427201
v -1.189270 -0.091658 -0.431222
v -1.180000 -0.092153 -0.432607
v 1.180000 -0.092153 -0.432607
v 1.189270 -0.091658 -0.431222
v 1.197634 -0.090222 -0.427201
v 1.204270 -0.087985 -0.420938
v 1.208532 -0.085166 -0.413047
v 1.210000 -0.082042 -0.404300
v -1.210000 -0.101878 -0.398588
v -1.208532 -0.103918 -0.407648
v -1.204270 -0.105757 -0.415821
v -1.197634 -0.107217 -0.422307
v -1.189270 -0.108154 -0.426472
v -1.180000 -0.108477 -0.427907
v 1.180000 -0.108478 -0.427907
v 1.189270 -0.108155 -0.426472
v 1.197634 -0.107217 -0.422307
v 1.204270 -0.105757 -0.415821
v 1.208532 -0.103918 -0.407648
v 1.210000 -0.101878 -0.398588
v -1.210000 -0.123257 -0.395085
v -1.208532 -0.124251 -0.404316
v -1.204270 -0.125148 -0.412643
v -1.197634 -0.125860 -0.419252
v -1.189270 -0.126317 -0.423495
v -1.180000 -0.126474 -0.424958
v 1.180000 -0.126474 -0.424958
v 1.189270 -0.126317 -0.423495
v 1.197634 -0.125860 -0.419252
v 1.204270 -0.125148 -0.412643
v 1.208532 -0.124251 -0.404316
v 1.210000 -0.123257 -0.395085
v -1.210000 -0.146073 -0.393894
v -1.208532 -0.146150 -0.403173
v -1.204270 -0.146220 -0.411543
v -1.197634 -0.146275 -0.418187
v -1.189270 -0.146311 -0.422452
v -1.180000 -0.146323 -0.423921
v 1.180000 -0.146323 -0.423921
v 1.189270 -0.146311 -0.422452
v 1.197634 -0.146276 -0.418187
v 1.204270 -0.146220 -0.411543
v 1.208532 -0.146150 -0.403173
v 1.210000 -0.146073 -0.393894
v -1.210000 -0.166611 -0.394622
v -1.208532 -0.165911 -0.403874
v -1.204270 -0.165279 -0.412220
v -1.197634 -0.164778 -0.418843
v -1.189270 -0.164456 -0.423095
v -1.180000 -0.164345 -0.424561
v 1.180000 -0.164345 -0.424561
v 1.189270 -0.164456 -0.423095
v 1.197634 -0.164778 -0.418843
v 1.204270 -0.165279 -0.412220
v 1.208532 -0.165911 -0.403874
v 1.210000 -0.166611 -0.394622
v -1.210000 -0.186128 -0.396889
v -1.208532 -0.184620 -0.406047
v -1.204270 -0.183260 -0.414308
v -1.197634 -0.182180 -0.420864
v -1.189270 -0.181487 -0.425073
v -1.180000 -0.181248 -0.426524
v 1.180000 -0.181248 -0.426524
v 1.189270 -0.181487 -0.425073
v 1.197634 -0.182180 -0.420864
v 1.204270 -0.183260 -0.414308
v 1.208532 -0.184620 -0.406047
v 1.210000 -0.186128 -0.396889
v -1.210000 -0.204479 -0.400815
v -1.208532 -0.202029 -0.409772
v -1.204270 -0.199819 -0.417851
v -1.197634 -0.198065 -0.424263
v -1.189270 -0.196939 -0.428380
v -1.180000 -0.196551 -0.429798
v 1.180000 -0.196551 -0.429798
v 1.189270 -0.196939 -0.428380
v 1.197634 -0.198065 -0.424263
v 1.204270 -0.199819 -0.417851
v 1.208532 -0.202029 -0.409772
v 1.210000 -0.204479 -0.400815
v -1.210000 -0.221517 -0.406523
v -1.208532 -0.217995 -0.415120
v -1.204270 -0.214818 -0.422876
v -1.197634 -0.212296 -0.429031
v -1.189270 -0.210678 -0.432982
v -1.180000 -0.210120 -0.434344
v 1.180000 -0.210120 -0.434344
v 1.189270 -0.210678 -0.432982
v 1.197634 -0.212297 -0.429031
v 1.204270 -0.214818 -0.422876
v 1.208532 -0.217995 -0.415120
v 1.210000 -0.221517 -0.406523
v -1.210000 -0.237097 -0.414134
v -1.208532 -0.232406 -0.422160
v -1.204270 -0.228173 -0.429400
v -1.197634 -0.224815 -0.435145
v -1.189270 -0.222658 -0.438834
v -1.180000 -0.221915 -0.440106
v 1.180000 -0.221915 -0.440106
v 1.189270 -0.222658 -0.438834
v 1.197634 -0.224815 -0.435145
v 1.204270 -0.228173 -0.429400
v 1.208532 -0.232406 -0.422160
v 1.210000 -0.237097 -0.414134
v -1.210000 -0.251073 -0.423769
v -1.208532 -0.245186 -0.430971
v -1.204270 -0.239876 -0.437468
v -1.197634 -0.235662 -0.442624
v -1.189270 -0.232956 -0.445934
v -1.180000 -0.232024 -0.447075
v 1.180000 -0.232024 -0.447075
v 1.189270 -0.232956 -0.445934
v 1.197634 -0.235662 -0.442624
v 1.204270 -0.239876 -0.437468
v 1.208532 -0.245186 -0.430971
v 1.210000 -0.251073 -0.423769
v -1.210000 -0.263298 -0.435549
v -1.208532 -0.256297 -0.441677
v -1.204270 -0.249982 -0.447205
v -1.197634 -0.244969 -0.451592
v -1.189270 -0.241751 -0.454409
v -1.180000 -0.240643 -0.455379
v 1.180000 -0.240643 -0.455379
v 1.189270 -0.241751 -0.454409
v 1.197634 -0.244970 -0.451592
v 1.204270 -0.249982 -0.447205
v 1.208532 -0.256297 -0.441677
v 1.210000 -0.263299 -0.435549
v -1.210000 -0.273628 -0.449597
v -1.208532 -0.265700 -0.454464
v -1.204270 -0.258548 -0.458855
v -1.197634 -0.252872 -0.462339
v -1.189270 -0.249227 -0.464576
v -1.180000 -0.247972 -0.465347
v 1.180000 -0.247972 -0.465347
v 1.189270 -0.249227 -0.464576
v 1.197634 -0.252872 -0.462339
v 1.204270 -0.258548 -0.458855
v 1.208532 -0.265700 -0.454464
v 1.210000 -0.273628 -0.449597
v -1.210000 -0.281916 -0.466034
v -1.208532 -0.273314 -0.469563
v -1.204270 -0.265553 -0.472747
v -1.197634 -0.259394 -0.475273
v -1.189270 -0.255439 -0.476895
v -1.180000 -0.254077 -0.477454
v 1.180000 -0.254077 -0.477454
v 1.189270 -0.255439 -0.476895
v 1.197634 -0.259394 -0.475273
v 1.204270 -0.265553 -0.472747
v 1.208532 -0.273314 -0.469563
v 1.210000 -0.281917 -0.466034
v -1.210000 -0.288017 -0.484982
v -1.208532 -0.278995 -0.487210
v -1.204270 -0.270857 -0.489220
v -1.197634 -0.264398 -0.490816
v -1.189270 -0.260251 -0.491840
v -1.180000 -0.258822 -0.492193
v 1.180000 -0.258823 -0.492193
v 1.189270 -0.260251 -0.491840
v 1.197634 -0.264398 -0.490816
v 1.204270 -0.270857 -0.489220
v 1.208532 -0.278996 -0.487210
v 1.210000 -0.288017 -0.484982
v -1.210000 -0.291785 -0.506561
v -1.208532 -0.282556 -0.507607
v -1.204270 -0.274232 -0.508551
v -1.197634 -0.267625 -0.509299
v -1.189270 -0.263383 -0.509780
v -1.180000 -0.261922 -0.509946
v 1.180000 -0.261922 -0.509946
v 1.189270 -0.263383 -0.509780
v 1.197634 -0.267625 -0.509299
v 1.204270 -0.274232 -0.508551
v 1.208532 -0.282557 -0.507607
v 1.210000 -0.291785 -0.506561
v -1.210000 -0.293073 -0.530894
v -1.208532 -0.283802 -0.531139
v -1.204270 -0.275439 -0.531360
v -1.197634 -0.268802 -0.531536
v -1.189270 -0.264541 -0.531648
v -1.180000 -0.263073 -0.531687
v 1.180000 -0.263073 -0.531687
v 1.189270 -0.264541 -0.531648
v 1.197634 -0.268802 -0.531536
v 1.204270 -0.275439 -0.531360
v 1.208532 -0.283802 -0.531139
v 1.210000 -0.293073 -0.530894
v -1.210000 -0.293073 -0.620894
v -1.208532 -0.283802 -0.611623
v -1.204270 -0.275439 -0.603260
v -1.197634 -0.268802 -0.596623
v -1.189270 -0.264541 -0.592362
v -1.180000 -0.263073 -0.590894
v 1.180000 -0.263073 -0.590894
v 1.189270 -0.264541 -0.592362
v 1.197634 -0.268802 -0.596623
v 1.204270 -0.275439 -0.603260
v 1.208532 -0.283802 -0.611623
v 1.210000 -0.293073 -0.620894
v -1.210000 -0.007073 -0.620894
v -1.208532 -0.013421 -0.611623
v -1.204270 -0.019147 -0.603260
v -1.197634 -0.023692 -0.596623
v -1.189270 -0.026610 -0.592362
v -1.180000 -0.027615 -0.590894
v 1.180000 -0.027615 -0.590894
v 1.189270 -0.026610 -0.592362
v 1.197634 -0.023692 -0.596623
v 1.204270 -0.019147 -0.603260
v 1.208532 -0.013421 -0.611623
v 1.210000 -0.007073 -0.620894
vn -0.0000 1.0000 -0.0000
vn -0.0000 -0.0000 1.0000
vn -1.0000 -0.0000 -0.0000
vn -0.0000 -1.0000 -0.0000
vn 1.0000 -0.0000 -0.0000
vn -0.0000 -0.0000 -1.0000
vn 1.0000 -0.0000 -0.0001
vn 1.0000 -0.0000 0.0002
vn -1.0000 -0.0000 -0.0001
vn -1.0000 -0.0000 0.0002
vn -0.9600 -0.1980 0.1980
vn -0.9466 0.1090 0.3034
vn -0.9891 0.0498 0.1387
vn -0.9938 -0.0787 0.0787
vn -0.8599 -0.3610 0.3610
vn -0.8093 0.1986 0.5529
vn -0.6736 -0.5226 0.5226
vn -0.5938 0.2721 0.7572
vn -0.3793 -0.6543 0.6543
vn -0.3151 0.3209 0.8932
vn -0.1049 -0.7032 0.7032
vn -0.0818 0.3370 0.9379
vn 0.1049 -0.7032 0.7032
vn 0.0818 0.3370 0.9379
vn 0.3793 -0.6543 0.6543
vn 0.3151 0.3209 0.8932
vn 0.6736 -0.5226 0.5226
vn 0.5938 0.2721 0.7572
vn 0.8599 -0.3610 0.3610
vn 0.8093 0.1986 0.5529
vn 0.9600 -0.1980 0.1980
vn 0.9466 0.1090 0.3035
vn 0.9938 -0.0787 0.0787
vn 0.9891 0.0498 0.1387
vn -0.9511 0.1966 0.2384
vn -0.9877 0.0995 0.1207
vn -0.8090 0.3740 0.4535
vn -0.5878 0.5147 0.6241
vn -0.3090 0.6051 0.7337
vn -0.0785 0.6343 0.7691
vn 0.0785 0.6343 0.7691
vn 0.3090 0.6051 0.7337
vn 0.5878 0.5147 0.6241
vn 0.8090 0.3740 0.4535
vn 0.9511 0.1966 0.2384
vn 0.9877 0.0995 0.1207
vn -0.9511 0.1962 0.2386
vn -0.9877 0.0993 0.1209
vn -0.8091 0.3732 0.4540
vn -0.5878 0.5137 0.6249
vn -0.3091 0.6039 0.7347
vn -0.0785 0.6331 0.7701
vn 0.0785 0.6331 0.7701
vn 0.3091 0.6039 0.7347
vn 0.5878 0.5137 0.6249
vn 0.8091 0.3732 0.4540
vn 0.9511 0.1962 0.2386
vn 0.9877 0.0993 0.1208
vn -0.9511 0.1952 0.2393
vn -0.9877 0.0989 0.1212
vn -0.8091 0.3715 0.4553
vn -0.5879 0.5114 0.6268
vn -0.3091 0.6012 0.7369
vn -0.0785 0.6302 0.7724
vn 0.0785 0.6302 0.7724
vn 0.3091 0.6012 0.7369
vn 0.5879 0.5114 0.6268
vn 0.8091 0.3715 0.4553
vn 0.9511 0.1952 0.2393
vn 0.9877 0.0989 0.1212
vn -0.9512 0.1938 0.2403
vn -0.9877 0.0982 0.1218
vn -0.8092 0.3689 0.4574
vn -0.5879 0.5078 0.6296
vn -0.3091 0.5970 0.7403
vn -0.0785 0.6258 0.7760
vn 0.0785 0.6258 0.7760
vn 0.3091 0.5970 0.7403
vn 0.5879 0.5078 0.6296
vn 0.8092 0.3689 0.4574
vn 0.9512 0.1938 0.2403
vn 0.9877 0.0982 0.1218
vn -0.9512 0.1919 0.2417
vn -0.9877 0.0973 0.1225
vn -0.8092 0.3653 0.4601
vn -0.5880 0.5029 0.6335
vn -0.3091 0.5913 0.7448
vn -0.0785 0.6199 0.7808
vn 0.0785 0.6199 0.7808
vn 0.3091 0.5913 0.7448
vn 0.5880 0.5029 0.6335
vn 0.8092 0.3653 0.4601
vn 0.9512 0.1919 0.2417
vn 0.9877 0.0973 0.1225
vn -0.9512 0.1894 0.2435
vn -0.9877 0.0960 0.1235
vn -0.8093 0.3607 0.4637
vn -0.5881 0.4966 0.6384
vn -0.3092 0.5839 0.7506
vn -0.0785 0.6121 0.7869
vn 0.0785 0.6121 0.7869
vn 0.3092 0.5839 0.7506
vn 0.5881 0.4966 0.6384
vn 0.8093 0.3607 0.4637
vn 0.9512 0.1894 0.2435
vn 0.9877 0.0960 0.1235
vn -0.9513 0.1863 0.2457
vn -0.9877 0.0945 0.1246
vn -0.8093 0.3549 0.4680
vn -0.5881 0.4887 0.6444
vn -0.3092 0.5746 0.7578
vn -0.0785 0.6024 0.7944
vn 0.0785 0.6024 0.7944
vn 0.3092 0.5746 0.7578
vn 0.5881 0.4887 0.6444
vn 0.8093 0.3549 0.4680
vn 0.9513 0.1863 0.2457
vn 0.9877 0.0945 0.1246
vn -0.9513 0.1825 0.2484
vn -0.9877 0.0926 0.1261
vn -0.8094 0.3477 0.4732
vn -0.5882 0.4788 0.6517
vn -0.3093 0.5630 0.7664
vn -0.0785 0.5902 0.8034
vn 0.0785 0.5902 0.8034
vn 0.3093 0.5630 0.7664
vn 0.5882 0.4788 0.6517
vn 0.8094 0.3477 0.4732
vn 0.9513 0.1825 0.2484
vn 0.9877 0.0926 0.1261
vn -0.9514 0.1778 0.2516
vn -0.9877 0.0903 0.1278
vn -0.8095 0.3388 0.4795
vn -0.5883 0.4666 0.6605
vn -0.3093 0.5487 0.7767
vn -0.0785 0.5752 0.8142
vn 0.0785 0.5752 0.8142
vn 0.3093 0.5487 0.7767
vn 0.5883 0.4666 0.6605
vn 0.8095 0.3388 0.4795
vn 0.9514 0.1778 0.2516
vn 0.9877 0.0903 0.1278
vn -0.9514 0.1718 0.2554
vn -0.9877 0.0873 0.1298
vn -0.8096 0.3276 0.4870
vn -0.5884 0.4513 0.6709
vn -0.3094 0.5308 0.7890
vn -0.0785 0.5565 0.8271
vn 0.0785 0.5565 0.8271
vn 0.3094 0.5308 0.7890
vn 0.5884 0.4513 0.6709
vn 0.8096 0.3276 0.4870
vn 0.9514 0.1718 0.2554
vn 0.9877 0.0873 0.1298
vn -0.9515 0.1644 0.2599
vn -0.9877 0.0836 0.1322
vn -0.8098 0.3136 0.4959
vn -0.5886 0.4322 0.6832
vn -0.3095 0.5083 0.8036
vn -0.0785 0.5329 0.8425
vn 0.0785 0.5329 0.8425
vn 0.3095 0.5083 0.8036
vn 0.5886 0.4322 0.6832
vn 0.8098 0.3136 0.4959
vn 0.9515 0.1644 0.2599
vn 0.9877 0.0836 0.1322
vn -0.9515 0.1569 0.2648
vn -0.9877 0.0798 0.1346
vn -0.8097 0.2992 0.5049
vn -0.5885 0.4122 0.6956
vn -0.3094 0.4848 0.8180
vn -0.0785 0.5083 0.8576
vn 0.0785 0.5083 0.8576
vn 0.3094 0.4848 0.8180
vn 0.5884 0.4122 0.6956
vn 0.8097 0.2992 0.5049
vn 0.9515 0.1569 0.2648
vn 0.9877 0.0798 0.1346
vn -0.9513 0.1516 0.2685
vn -0.9877 0.0769 0.1362
vn -0.8094 0.2888 0.5114
vn -0.5882 0.3977 0.7042
vn -0.3092 0.4677 0.8280
vn -0.0785 0.4903 0.8680
vn 0.0785 0.4903 0.8680
vn 0.3092 0.4677 0.8280
vn 0.5882 0.3977 0.7042
vn 0.8094 0.2888 0.5114
vn 0.9513 0.1516 0.2685
vn 0.9877 0.0769 0.1362
vn -0.9514 0.1464 0.2710
vn -0.9877 0.0743 0.1376
vn -0.8096 0.2790 0.5165
vn -0.5883 0.3843 0.7114
vn -0.3094 0.4520 0.8367
vn -0.0785 0.4738 0.8771
vn 0.0785 0.4738 0.8771
vn 0.3094 0.4520 0.8367
vn 0.5883 0.3843 0.7114
vn 0.8096 0.2790 0.5165
vn 0.9514 0.1464 0.2710
vn 0.9877 0.0743 0.1376
vn -0.9515 0.1390 0.2744
vn -0.9877 0.0707 0.1396
vn -0.8098 0.2651 0.5235
vn -0.5886 0.3652 0.7213
vn -0.3095 0.4296 0.8483
vn -0.0785 0.4503 0.8894
vn 0.0785 0.4503 0.8894
vn 0.3095 0.4296 0.8483
vn 0.5886 0.3652 0.7213
vn 0.8098 0.2651 0.5235
vn 0.9515 0.1390 0.2744
vn 0.9877 0.0707 0.1395
vn -0.9516 0.1292 0.2787
vn -0.9877 0.0658 0.1419
vn -0.8100 0.2466 0.5321
vn -0.5888 0.3398 0.7334
vn -0.3096 0.3998 0.8627
vn -0.0785 0.4191 0.9045
vn 0.0785 0.4191 0.9045
vn 0.3096 0.3998 0.8627
vn 0.5888 0.3398 0.7334
vn 0.8100 0.2466 0.5321
vn 0.9516 0.1292 0.2787
vn 0.9877 0.0658 0.1419
vn -0.9518 0.1169 0.2837
vn -0.9877 0.0596 0.1446
vn -0.8102 0.2234 0.5419
vn -0.5890 0.3080 0.7471
vn -0.3098 0.3624 0.8791
vn -0.0786 0.3799 0.9217
vn 0.0786 0.3799 0.9217
vn 0.3098 0.3624 0.8791
vn 0.5890 0.3080 0.7471
vn 0.8102 0.2234 0.5419
vn 0.9518 0.1169 0.2837
vn 0.9877 0.0596 0.1446
vn -0.9519 0.1024 0.2889
vn -0.9877 0.0523 0.1474
vn -0.8104 0.1958 0.5522
vn -0.5892 0.2700 0.7616
vn -0.3099 0.3177 0.8961
vn -0.0786 0.3331 0.9396
vn 0.0786 0.3331 0.9396
vn 0.3099 0.3177 0.8961
vn 0.5892 0.2700 0.7616
vn 0.8104 0.1958 0.5522
vn 0.9519 0.1024 0.2889
vn 0.9877 0.0523 0.1474
vn -0.9519 0.0860 0.2939
vn -0.9877 0.0439 0.1501
vn -0.8105 0.1645 0.5622
vn -0.5893 0.2269 0.7754
vn -0.3100 0.2670 0.9125
vn -0.0786 0.2799 0.9568
vn 0.0786 0.2799 0.9568
vn 0.3100 0.2670 0.9125
vn 0.5893 0.2269 0.7754
vn 0.8105 0.1645 0.5622
vn 0.9519 0.0860 0.2939
vn 0.9877 0.0439 0.1501
vn -0.9520 0.0683 0.2984
vn -0.9877 0.0349 0.1524
vn -0.8106 0.1307 0.5709
vn -0.5894 0.1802 0.7875
vn -0.3100 0.2121 0.9268
vn -0.0786 0.2224 0.9718
vn 0.0786 0.2224 0.9718
vn 0.3100 0.2121 0.9268
vn 0.5894 0.1802 0.7875
vn 0.8106 0.1307 0.5709
vn 0.9520 0.0683 0.2984
vn 0.9877 0.0349 0.1524
vn -0.9520 0.0501 0.3020
vn -0.9877 0.0256 0.1543
vn -0.8106 0.0959 0.5777
vn -0.5894 0.1322 0.7970
vn -0.3100 0.1556 0.9379
vn -0.0786 0.1632 0.9835
vn 0.0786 0.1632 0.9835
vn 0.3100 0.1556 0.9379
vn 0.5894 0.1322 0.7970
vn 0.8106 0.0959 0.5777
vn 0.9520 0.0501 0.3020
vn 0.9877 0.0256 0.1543
vn -0.9519 0.0323 0.3046
vn -0.9877 0.0165 0.1555
vn -0.8105 0.0617 0.5825
vn -0.5893 0.0851 0.8034
vn -0.3100 0.1002 0.9455
vn -0.0786 0.1050 0.9914
vn 0.0786 0.1050 0.9914
vn 0.3100 0.1002 0.9455
vn 0.5893 0.0851 0.8034
vn 0.8105 0.0617 0.5825
vn 0.9519 0.0323 0.3046
vn 0.9877 0.0165 0.1555
vn -0.9519 0.0155 0.3062
vn -0.9877 0.0079 0.1562
vn -0.8104 0.0296 0.5852
vn -0.5892 0.0408 0.8070
vn -0.3099 0.0480 0.9496
vn -0.0786 0.0503 0.9956
vn 0.0786 0.0503 0.9956
vn 0.3099 0.0480 0.9496
vn 0.5892 0.0408 0.8070
vn 0.8104 0.0296 0.5852
vn 0.9519 0.0155 0.3062
vn 0.9877 0.0079 0.1562
vn -0.9523 -0.0048 0.3052
vn -0.9877 -0.0025 0.1563
vn -0.8111 -0.0093 0.5848
vn -0.5900 -0.0128 0.8073
vn -0.3104 -0.0151 0.9505
vn -0.0787 -0.0158 0.9968
vn 0.0787 -0.0158 0.9968
vn 0.3104 -0.0151 0.9505
vn 0.5900 -0.0128 0.8073
vn 0.8111 -0.0093 0.5848
vn 0.9523 -0.0048 0.3052
vn 0.9877 -0.0025 0.1563
vn -0.9529 -0.0344 0.3014
vn -0.9877 -0.0177 0.1552
vn -0.8122 -0.0662 0.5796
vn -0.5912 -0.0916 0.8013
vn -0.3112 -0.1079 0.9442
vn -0.0788 -0.1132 0.9904
vn 0.0788 -0.1132 0.9904
vn 0.3112 -0.1079 0.9442
vn 0.5912 -0.0916 0.8013
vn 0.8122 -0.0662 0.5796
vn 0.9529 -0.0344 0.3014
vn 0.9877 -0.0177 0.1552
vn -0.9530 -0.0697 0.2950
vn -0.9877 -0.0359 0.1520
vn -0.8124 -0.1340 0.5676
vn -0.5913 -0.1853 0.7849
vn -0.3113 -0.2184 0.9249
vn -0.0788 -0.2291 0.9702
vn 0.0788 -0.2291 0.9702
vn 0.3113 -0.2184 0.9249
vn 0.5913 -0.1853 0.7849
vn 0.8123 -0.1340 0.5676
vn 0.9530 -0.0697 0.2950
vn 0.9877 -0.0359 0.1520
vn -0.9530 -0.1051 0.2841
vn -0.9877 -0.0542 0.1464
vn -0.8125 -0.2023 0.5468
vn -0.5915 -0.2798 0.7562
vn -0.3114 -0.3297 0.8912
vn -0.0789 -0.3459 0.9349
vn 0.0789 -0.3459 0.9349
vn 0.3114 -0.3297 0.8912
vn 0.5915 -0.2798 0.7562
vn 0.8125 -0.2023 0.5468
vn 0.9530 -0.1051 0.2841
vn 0.9877 -0.0542 0.1464
vn -0.9531 -0.1400 0.2683
vn -0.9877 -0.0722 0.1384
vn -0.8126 -0.2697 0.5167
vn -0.5916 -0.3730 0.7147
vn -0.3115 -0.4397 0.8424
vn -0.0789 -0.4613 0.8838
vn 0.0789 -0.4613 0.8838
vn 0.3115 -0.4397 0.8424
vn 0.5916 -0.3730 0.7147
vn 0.8126 -0.2697 0.5167
vn 0.9531 -0.1400 0.2683
vn 0.9877 -0.0722 0.1384
vn -0.9532 -0.1737 0.2476
vn -0.9877 -0.0896 0.1278
vn -0.8127 -0.3345 0.4770
vn -0.5917 -0.4628 0.6600
vn -0.3116 -0.5456 0.7780
vn -0.0789 -0.5724 0.8162
vn 0.0789 -0.5724 0.8162
vn 0.3116 -0.5456 0.7780
vn 0.5917 -0.4628 0.6600
vn 0.8127 -0.3345 0.4770
vn 0.9532 -0.1737 0.2476
vn 0.9877 -0.0896 0.1278
vn -0.9532 -0.2051 0.2221
vn -0.9877 -0.1059 0.1147
vn -0.8128 -0.3951 0.4280
vn -0.5919 -0.5468 0.5922
vn -0.3116 -0.6446 0.6982
vn -0.0789 -0.6762 0.7324
vn 0.0789 -0.6762 0.7324
vn 0.3116 -0.6446 0.6982
vn 0.5919 -0.5468 0.5922
vn 0.8128 -0.3951 0.4280
vn 0.9532 -0.2051 0.2221
vn 0.9877 -0.1059 0.1147
vn -0.9533 -0.2333 0.1920
vn -0.9877 -0.1205 0.0992
vn -0.8129 -0.4497 0.3701
vn -0.5919 -0.6223 0.5121
vn -0.3117 -0.7337 0.6038
vn -0.0789 -0.7698 0.6334
vn 0.0789 -0.7698 0.6334
vn 0.3117 -0.7337 0.6038
vn 0.5919 -0.6223 0.5121
vn 0.8129 -0.4497 0.3701
vn 0.9533 -0.2333 0.1920
vn 0.9877 -0.1205 0.0992
vn -0.9533 -0.2575 0.1579
vn -0.9877 -0.1331 0.0816
vn -0.8130 -0.4965 0.3043
vn -0.5920 -0.6871 0.4212
vn -0.3117 -0.8101 0.4966
vn -0.0789 -0.8499 0.5210
vn 0.0789 -0.8499 0.5210
vn 0.3117 -0.8101 0.4966
vn 0.5920 -0.6871 0.4212
vn 0.8130 -0.4965 0.3043
vn 0.9533 -0.2575 0.1579
vn 0.9877 -0.1331 0.0816
vn -0.9533 -0.2770 0.1205
vn -0.9877 -0.1431 0.0623
vn -0.8130 -0.5340 0.2323
vn -0.5920 -0.7390 0.3215
vn -0.3117 -0.8713 0.3791
vn -0.0789 -0.9141 0.3977
vn 0.0789 -0.9141 0.3977
vn 0.3117 -0.8713 0.3791
vn 0.5920 -0.7390 0.3216
vn 0.8130 -0.5340 0.2323
vn 0.9533 -0.2770 0.1205
vn 0.9877 -0.1431 0.0623
vn -0.9533 -0.2911 0.0810
vn -0.9877 -0.1504 0.0418
vn -0.8129 -0.5611 0.1561
vn -0.5920 -0.7765 0.2160
vn -0.3117 -0.9154 0.2547
vn -0.0789 -0.9604 0.2672
vn 0.0789 -0.9604 0.2672
vn 0.3117 -0.9154 0.2547
vn 0.5920 -0.7765 0.2160
vn 0.8129 -0.5611 0.1561
vn 0.9533 -0.2911 0.0810
vn 0.9877 -0.1504 0.0418
vn -0.9532 -0.2996 0.0404
vn -0.9877 -0.1547 0.0209
vn -0.8128 -0.5772 0.0779
vn -0.5919 -0.7988 0.1078
vn -0.3116 -0.9417 0.1271
vn -0.0789 -0.9879 0.1333
vn 0.0789 -0.9879 0.1333
vn 0.3116 -0.9417 0.1271
vn 0.5919 -0.7988 0.1078
vn 0.8128 -0.5772 0.0779
vn 0.9532 -0.2996 0.0404
vn 0.9877 -0.1547 0.0209
vn -0.9527 -0.3039 0.0042
vn -0.9877 -0.1562 0.0022
vn -0.8119 -0.5838 0.0081
vn -0.5908 -0.8068 0.0112
vn -0.3109 -0.9503 0.0132
vn -0.0788 -0.9968 0.0138
vn 0.0788 -0.9968 0.0138
vn 0.3109 -0.9503 0.0132
vn 0.5908 -0.8068 0.0112
vn 0.8119 -0.5838 0.0081
vn 0.9527 -0.3039 0.0042
vn 0.9877 -0.1562 0.0022
vn -0.9523 -0.3042 -0.0241
vn -0.9877 -0.1558 -0.0123
vn -0.8112 -0.5830 -0.0462
vn -0.5900 -0.8049 -0.0637
vn -0.3104 -0.9476 -0.0750
vn -0.0787 -0.9938 -0.0787
vn 0.0787 -0.9938 -0.0787
vn 0.3104 -0.9476 -0.0750
vn 0.5900 -0.8049 -0.0637
vn 0.8112 -0.5830 -0.0462
vn 0.9523 -0.3042 -0.0241
vn 0.9877 -0.1558 -0.0123
vn -0.9524 -0.3009 -0.0493
vn -0.9877 -0.1542 -0.0252
vn -0.8113 -0.5770 -0.0944
vn -0.5902 -0.7967 -0.1304
vn -0.3105 -0.9381 -0.1535
vn -0.0787 -0.9838 -0.1610
vn 0.0787 -0.9838 -0.1610
vn 0.3105 -0.9381 -0.1535
vn 0.5901 -0.7967 -0.1304
vn 0.8113 -0.5770 -0.0944
vn 0.9524 -0.3009 -0.0493
vn 0.9877 -0.1542 -0.0252
vn -0.9524 -0.2954 -0.0751
vn -0.9877 -0.1515 -0.0385
vn -0.8114 -0.5665 -0.1440
vn -0.5902 -0.7823 -0.1989
vn -0.3106 -0.9212 -0.2342
vn -0.0787 -0.9662 -0.2456
vn 0.0787 -0.9662 -0.2456
vn 0.3106 -0.9212 -0.2342
vn 0.5902 -0.7823 -0.1989
vn 0.8114 -0.5665 -0.1440
vn 0.9524 -0.2954 -0.0751
vn 0.9877 -0.1515 -0.0385
vn -0.9524 -0.2876 -0.1008
vn -0.9877 -0.1475 -0.0517
vn -0.8114 -0.5516 -0.1934
vn -0.5902 -0.7618 -0.2670
vn -0.3106 -0.8970 -0.3144
vn -0.0787 -0.9408 -0.3298
vn 0.0787 -0.9408 -0.3298
vn 0.3106 -0.8970 -0.3144
vn 0.5902 -0.7618 -0.2670
vn 0.8114 -0.5516 -0.1934
vn 0.9524 -0.2876 -0.1008
vn 0.9877 -0.1475 -0.0517
vn -0.9524 -0.2778 -0.1256
vn -0.9877 -0.1424 -0.0644
vn -0.8113 -0.5327 -0.2408
vn -0.5902 -0.7356 -0.3325
vn -0.3105 -0.8662 -0.3915
vn -0.0787 -0.9084 -0.4106
vn 0.0787 -0.9084 -0.4106
vn 0.3105 -0.8662 -0.3915
vn 0.5902 -0.7356 -0.3325
vn 0.8113 -0.5327 -0.2408
vn 0.9524 -0.2778 -0.1256
vn 0.9877 -0.1424 -0.0644
vn -0.9523 -0.2663 -0.1487
vn -0.9877 -0.1365 -0.0762
vn -0.8112 -0.5106 -0.2851
vn -0.5901 -0.7049 -0.3936
vn -0.3105 -0.8300 -0.4634
vn -0.0787 -0.8704 -0.4860
vn 0.0787 -0.8704 -0.4860
vn 0.3105 -0.8300 -0.4634
vn 0.5901 -0.7049 -0.3936
vn 0.8112 -0.5106 -0.2851
vn 0.9523 -0.2663 -0.1487
vn 0.9877 -0.1365 -0.0762
vn -0.9523 -0.2537 -0.1698
vn -0.9877 -0.1299 -0.0869
vn -0.8111 -0.4862 -0.3253
vn -0.5899 -0.6711 -0.4490
vn -0.3104 -0.7901 -0.5286
vn -0.0787 -0.8285 -0.5544
vn 0.0787 -0.8285 -0.5544
vn 0.3104 -0.7901 -0.5286
vn 0.5899 -0.6711 -0.4490
vn 0.8111 -0.4862 -0.3253
vn 0.9523 -0.2537 -0.1698
vn 0.9877 -0.1299 -0.0869
vn -0.9522 -0.2405 -0.1885
vn -0.9877 -0.1231 -0.0964
vn -0.8109 -0.4606 -0.3610
vn -0.5897 -0.6357 -0.4982
vn -0.3103 -0.7483 -0.5864
vn -0.0787 -0.7847 -0.6149
vn 0.0787 -0.7847 -0.6149
vn 0.3103 -0.7483 -0.5864
vn 0.5897 -0.6357 -0.4982
vn 0.8109 -0.4606 -0.3610
vn 0.9522 -0.2405 -0.1885
vn 0.9877 -0.1231 -0.0964
vn -0.9521 -0.2272 -0.2048
vn -0.9877 -0.1161 -0.1047
vn -0.8107 -0.4348 -0.3920
vn -0.5895 -0.5999 -0.5409
vn -0.3101 -0.7061 -0.6366
vn -0.0786 -0.7404 -0.6676
vn 0.0786 -0.7404 -0.6676
vn 0.3101 -0.7061 -0.6366
vn 0.5895 -0.5999 -0.5409
vn 0.8107 -0.4348 -0.3920
vn 0.9521 -0.2272 -0.2048
vn 0.9877 -0.1161 -0.1047
vn -0.9520 -0.2141 -0.2189
vn -0.9877 -0.1093 -0.1118
vn -0.8106 -0.4095 -0.4187
vn -0.5894 -0.5648 -0.5776
vn -0.3100 -0.6647 -0.6797
vn -0.0786 -0.6970 -0.7127
vn 0.0786 -0.6970 -0.7127
vn 0.3100 -0.6647 -0.6797
vn 0.5894 -0.5648 -0.5776
vn 0.8105 -0.4095 -0.4187
vn 0.9520 -0.2141 -0.2189
vn 0.9877 -0.1093 -0.1118
vn -0.9519 -0.2015 -0.2309
vn -0.9877 -0.1028 -0.1178
vn -0.8104 -0.3852 -0.4414
vn -0.5892 -0.5313 -0.6088
vn -0.3099 -0.6251 -0.7164
vn -0.0786 -0.6555 -0.7511
vn 0.0786 -0.6555 -0.7511
vn 0.3099 -0.6251 -0.7164
vn 0.5892 -0.5313 -0.6088
vn 0.8104 -0.3852 -0.4414
vn 0.9519 -0.2015 -0.2309
vn 0.9877 -0.1028 -0.1178
vn -0.9878 -0.1467 0.0528
vn -0.9986 -0.0504 0.0181
vn -0.9543 -0.2811 0.1011
vn -0.8613 -0.4780 0.1720
vn -0.5792 -0.7671 0.2759
vn -0.1937 -0.9232 0.3321
vn 0.1937 -0.9232 0.3321
vn 0.5792 -0.7671 0.2759
vn 0.8613 -0.4780 0.1720
vn 0.9543 -0.2811 0.1011
vn 0.9878 -0.1467 0.0528
vn 0.9986 -0.0504 0.0181
vn -0.9479 0.1407 0.2858
vn -0.9901 0.0621 0.1262
vn -0.8168 0.2548 0.5177
vn -0.6058 0.3514 0.7138
vn -0.3244 0.4178 0.8487
vn -0.0852 0.4400 0.8939
vn 0.0852 0.4400 0.8939
vn 0.3244 0.4178 0.8487
vn 0.6058 0.3514 0.7138
vn 0.8168 0.2548 0.5177
vn 0.9479 0.1407 0.2858
vn 0.9901 0.0621 0.1262
vn -0.9505 0.2501 0.1845
vn -0.9877 0.1258 0.0929
vn -0.8081 0.4739 0.3498
vn -0.5869 0.6515 0.4808
vn -0.3085 0.7654 0.5648
vn -0.0784 0.8021 0.5920
vn 0.0784 0.8021 0.5920
vn 0.3085 0.7654 0.5648
vn 0.5869 0.6515 0.4808
vn 0.8081 0.4739 0.3498
vn 0.9505 0.2501 0.1845
vn 0.9877 0.1258 0.0929
vn -0.9504 0.2578 0.1739
vn -0.9877 0.1297 0.0875
vn -0.8080 0.4884 0.3294
vn -0.5868 0.6713 0.4528
vn -0.3084 0.7886 0.5319
vn -0.0784 0.8265 0.5575
vn 0.0784 0.8265 0.5575
vn 0.3084 0.7886 0.5319
vn 0.5868 0.6713 0.4528
vn 0.8080 0.4884 0.3294
vn 0.9504 0.2578 0.1739
vn 0.9877 0.1297 0.0875
vn -0.9504 0.2657 0.1618
vn -0.9877 0.1336 0.0813
vn -0.8080 0.5032 0.3065
vn -0.5867 0.6916 0.4212
vn -0.3084 0.8124 0.4948
vn -0.0784 0.8514 0.5186
vn 0.0784 0.8514 0.5186
vn 0.3084 0.8124 0.4948
vn 0.5868 0.6916 0.4212
vn 0.8080 0.5032 0.3065
vn 0.9504 0.2657 0.1618
vn 0.9877 0.1336 0.0814
vn -0.9503 0.2736 0.1484
vn -0.9877 0.1375 0.0745
vn -0.8079 0.5181 0.2809
vn -0.5867 0.7119 0.3860
vn -0.3083 0.8363 0.4534
vn -0.0784 0.8764 0.4751
vn 0.0784 0.8764 0.4751
vn 0.3083 0.8363 0.4534
vn 0.5867 0.7119 0.3860
vn 0.8079 0.5181 0.2809
vn 0.9503 0.2736 0.1484
vn 0.9877 0.1375 0.0745
vn -0.9503 0.2814 0.1334
vn -0.9877 0.1413 0.0670
vn -0.8078 0.5326 0.2525
vn -0.5866 0.7318 0.3469
vn -0.3083 0.8596 0.4075
vn -0.0784 0.9008 0.4270
vn 0.0784 0.9008 0.4270
vn 0.3083 0.8596 0.4075
vn 0.5866 0.7318 0.3469
vn 0.8078 0.5326 0.2525
vn 0.9503 0.2814 0.1334
vn 0.9877 0.1413 0.0670
vn -0.9502 0.2888 0.1170
vn -0.9877 0.1449 0.0587
vn -0.8077 0.5464 0.2214
vn -0.5865 0.7506 0.3041
vn -0.3083 0.8817 0.3572
vn -0.0784 0.9240 0.3744
vn 0.0784 0.9240 0.3744
vn 0.3083 0.8817 0.3572
vn 0.5865 0.7506 0.3041
vn 0.8077 0.5464 0.2214
vn 0.9502 0.2888 0.1170
vn 0.9877 0.1449 0.0587
vn -0.9502 0.2954 0.0993
vn -0.9877 0.1482 0.0498
vn -0.8077 0.5589 0.1878
vn -0.5865 0.7678 0.2580
vn -0.3082 0.9018 0.3030
vn -0.0784 0.9450 0.3175
vn 0.0784 0.9450 0.3175
vn 0.3082 0.9018 0.3030
vn 0.5865 0.7678 0.2580
vn 0.8077 0.5589 0.1878
vn 0.9502 0.2954 0.0993
vn 0.9877 0.1482 0.0498
vn -0.9502 0.3012 0.0804
vn -0.9877 0.1511 0.0403
vn -0.8076 0.5697 0.1521
vn -0.5865 0.7826 0.2089
vn -0.3082 0.9191 0.2454
vn -0.0784 0.9632 0.2572
vn 0.0784 0.9632 0.2572
vn 0.3082 0.9191 0.2454
vn 0.5865 0.7826 0.2089
vn 0.8076 0.5697 0.1521
vn 0.9502 0.3012 0.0804
vn 0.9877 0.1511 0.0403
vn -0.9501 0.3058 0.0607
vn -0.9877 0.1534 0.0304
vn -0.8076 0.5784 0.1148
vn -0.5864 0.7945 0.1577
vn -0.3082 0.9331 0.1852
vn -0.0784 0.9778 0.1941
vn 0.0784 0.9778 0.1941
vn 0.3082 0.9331 0.1852
vn 0.5864 0.7945 0.1577
vn 0.8076 0.5784 0.1148
vn 0.9501 0.3058 0.0607
vn 0.9877 0.1534 0.0304
vn -0.9501 0.3092 0.0405
vn -0.9877 0.1550 0.0203
vn -0.8076 0.5847 0.0766
vn -0.5864 0.8031 0.1052
vn -0.3082 0.9433 0.1235
vn -0.0784 0.9885 0.1295
vn 0.0784 0.9885 0.1295
vn 0.3082 0.9433 0.1235
vn 0.5864 0.8031 0.1052
vn 0.8076 0.5847 0.0766
vn 0.9501 0.3092 0.0405
vn 0.9877 0.1550 0.0203
vn -0.9501 0.3111 0.0202
vn -0.9877 0.1560 0.0101
vn -0.8076 0.5885 0.0381
vn -0.5864 0.8083 0.0524
vn -0.3082 0.9493 0.0615
vn -0.0784 0.9948 0.0644
vn 0.0784 0.9948 0.0644
vn 0.3082 0.9493 0.0615
vn 0.5864 0.8083 0.0524
vn 0.8076 0.5885 0.0381
vn 0.9501 0.3111 0.0202
vn 0.9877 0.1560 0.0101
vn -0.9498 0.3128 -0.0043
vn -0.9877 0.1563 -0.0021
vn -0.8071 0.5903 -0.0081
vn -0.5860 0.8102 -0.0111
vn -0.3080 0.9513 -0.0131
vn -0.0784 0.9968 -0.0137
vn 0.0784 0.9968 -0.0137
vn 0.3080 0.9513 -0.0131
vn 0.5860 0.8102 -0.0111
vn 0.8071 0.5903 -0.0081
vn 0.9498 0.3128 -0.0043
vn 0.9877 0.1563 -0.0021
vn -0.9494 0.3117 -0.0381
vn -0.9877 0.1550 -0.0190
vn -0.8066 0.5867 -0.0718
vn -0.5856 0.8046 -0.0984
vn -0.3077 0.9444 -0.1155
vn -0.0784 0.9895 -0.1211
vn 0.0784 0.9895 -0.1211
vn 0.3077 0.9444 -0.1155
vn 0.5856 0.8046 -0.0984
vn 0.8066 0.5867 -0.0718
vn 0.9494 0.3117 -0.0381
vn 0.9877 0.1550 -0.0190
vn -0.9493 0.3046 -0.0774
vn -0.9877 0.1513 -0.0385
vn -0.8065 0.5730 -0.1457
vn -0.5855 0.7857 -0.1998
vn -0.3077 0.9221 -0.2345
vn -0.0784 0.9662 -0.2457
vn 0.0784 0.9662 -0.2457
vn 0.3077 0.9221 -0.2345
vn 0.5855 0.7857 -0.1998
vn 0.8065 0.5730 -0.1457
vn 0.9493 0.3046 -0.0774
vn 0.9877 0.1513 -0.0385
vn -0.9493 0.2918 -0.1171
vn -0.9877 0.1449 -0.0581
vn -0.8064 0.5488 -0.2202
vn -0.5854 0.7524 -0.3018
vn -0.3077 0.8831 -0.3543
vn -0.0784 0.9252 -0.3712
vn 0.0784 0.9252 -0.3712
vn 0.3077 0.8831 -0.3543
vn 0.5854 0.7524 -0.3018
vn 0.8064 0.5488 -0.2202
vn 0.9493 0.2918 -0.1171
vn 0.9877 0.1449 -0.0581
vn -0.9492 0.2733 -0.1558
vn -0.9877 0.1356 -0.0773
vn -0.8064 0.5138 -0.2929
vn -0.5854 0.7044 -0.4015
vn -0.3076 0.8266 -0.4712
vn -0.0784 0.8661 -0.4937
vn 0.0784 0.8661 -0.4937
vn 0.3076 0.8266 -0.4712
vn 0.5854 0.7044 -0.4015
vn 0.8064 0.5138 -0.2929
vn 0.9492 0.2733 -0.1558
vn 0.9877 0.1356 -0.0773
vn -0.9492 0.2491 -0.1922
vn -0.9877 0.1236 -0.0953
vn -0.8064 0.4682 -0.3613
vn -0.5854 0.6419 -0.4953
vn -0.3076 0.7533 -0.5812
vn -0.0784 0.7893 -0.6090
vn 0.0784 0.7893 -0.6090
vn 0.3076 0.7533 -0.5812
vn 0.5854 0.6419 -0.4953
vn 0.8064 0.4682 -0.3613
vn 0.9492 0.2491 -0.1922
vn 0.9877 0.1236 -0.0953
vn -0.9492 0.2199 -0.2251
vn -0.9877 0.1091 -0.1116
vn -0.8064 0.4133 -0.4230
vn -0.5854 0.5665 -0.5800
vn -0.3076 0.6649 -0.6806
vn -0.0784 0.6966 -0.7131
vn 0.0784 0.6966 -0.7131
vn 0.3076 0.6649 -0.6806
vn 0.5854 0.5665 -0.5799
vn 0.8064 0.4133 -0.4230
vn 0.9492 0.2199 -0.2251
vn 0.9877 0.1091 -0.1116
vn -0.9492 0.1865 -0.2533
vn -0.9877 0.0925 -0.1257
vn -0.8064 0.3506 -0.4762
vn -0.5854 0.4807 -0.6529
vn -0.3076 0.5642 -0.7662
vn -0.0784 0.5911 -0.8028
vn 0.0784 0.5911 -0.8028
vn 0.3076 0.5642 -0.7662
vn 0.5854 0.4807 -0.6529
vn 0.8064 0.3506 -0.4762
vn 0.9492 0.1865 -0.2533
vn 0.9877 0.0925 -0.1257
vn -0.9493 0.1503 -0.2762
vn -0.9877 0.0746 -0.1371
vn -0.8064 0.2825 -0.5194
vn -0.5854 0.3874 -0.7122
vn -0.3077 0.4547 -0.8358
vn -0.0784 0.4764 -0.8758
vn 0.0784 0.4764 -0.8758
vn 0.3077 0.4547 -0.8358
vn 0.5854 0.3874 -0.7122
vn 0.8064 0.2825 -0.5194
vn 0.9493 0.1503 -0.2762
vn 0.9877 0.0746 -0.1371
vn -0.9493 0.1124 -0.2935
vn -0.9877 0.0558 -0.1458
vn -0.8065 0.2114 -0.5521
vn -0.5855 0.2898 -0.7571
vn -0.3077 0.3402 -0.8886
vn -0.0784 0.3564 -0.9310
vn 0.0784 0.3564 -0.9310
vn 0.3077 0.3402 -0.8886
vn 0.5855 0.2898 -0.7571
vn 0.8065 0.2114 -0.5521
vn 0.9493 0.1124 -0.2935
vn 0.9877 0.0558 -0.1458
vn -0.9494 0.0741 -0.3052
vn -0.9877 0.0368 -0.1517
vn -0.8066 0.1394 -0.5744
vn -0.5856 0.1911 -0.7878
vn -0.3077 0.2243 -0.9246
vn -0.0784 0.2351 -0.9688
vn 0.0784 0.2351 -0.9688
vn 0.3077 0.2243 -0.9246
vn 0.5856 0.1911 -0.7878
vn 0.8066 0.1394 -0.5744
vn 0.9494 0.0741 -0.3052
vn 0.9877 0.0368 -0.1517
vn -0.9495 0.0364 -0.3117
vn -0.9877 0.0181 -0.1551
vn -0.8067 0.0685 -0.5870
vn -0.5856 0.0940 -0.8051
vn -0.3078 0.1103 -0.9450
vn -0.0784 0.1156 -0.9902
vn 0.0784 0.1156 -0.9902
vn 0.3078 0.1103 -0.9450
vn 0.5856 0.0940 -0.8051
vn 0.8067 0.0685 -0.5870
vn 0.9495 0.0364 -0.3117
vn 0.9877 0.0181 -0.1551
vn -0.9497 0.0017 -0.3133
vn -0.9877 0.0008 -0.1562
vn -0.8069 0.0031 -0.5906
vn -0.5858 0.0043 -0.8104
vn -0.3079 0.0050 -0.9514
vn -0.0784 0.0053 -0.9969
vn 0.0784 0.0053 -0.9969
vn 0.3079 0.0050 -0.9514
vn 0.5858 0.0043 -0.8104
vn 0.8069 0.0031 -0.5906
vn 0.9497 0.0017 -0.3133
vn 0.9877 0.0008 -0.1562
vn -0.9497 -0.0295 -0.3116
vn -0.9877 -0.0147 -0.1556
vn -0.8071 -0.0556 -0.5879
vn -0.5859 -0.0763 -0.8068
vn -0.3079 -0.0896 -0.9472
vn -0.0784 -0.0939 -0.9925
vn 0.0784 -0.0939 -0.9925
vn 0.3079 -0.0896 -0.9472
vn 0.5859 -0.0763 -0.8068
vn 0.8071 -0.0556 -0.5879
vn 0.9497 -0.0295 -0.3116
vn 0.9877 -0.0147 -0.1556
vn -0.9497 -0.0594 -0.3074
vn -0.9877 -0.0297 -0.1534
vn -0.8070 -0.1121 -0.5798
vn -0.5859 -0.1538 -0.7956
vn -0.3079 -0.1806 -0.9341
vn -0.0784 -0.1892 -0.9788
vn 0.0784 -0.1892 -0.9788
vn 0.3079 -0.1806 -0.9341
vn 0.5859 -0.1538 -0.7956
vn 0.8070 -0.1121 -0.5798
vn 0.9497 -0.0594 -0.3074
vn 0.9877 -0.0297 -0.1534
vn -0.9498 -0.0881 -0.3002
vn -0.9877 -0.0440 -0.1499
vn -0.8071 -0.1663 -0.5665
vn -0.5860 -0.2283 -0.7775
vn -0.3080 -0.2680 -0.9129
vn -0.0784 -0.2808 -0.9565
vn 0.0784 -0.2808 -0.9565
vn 0.3080 -0.2680 -0.9129
vn 0.5860 -0.2283 -0.7775
vn 0.8071 -0.1663 -0.5665
vn 0.9498 -0.0881 -0.3002
vn 0.9877 -0.0440 -0.1499
vn -0.9499 -0.1139 -0.2910
vn -0.9877 -0.0570 -0.1455
vn -0.8073 -0.2152 -0.5495
vn -0.5861 -0.2954 -0.7544
vn -0.3080 -0.3469 -0.8859
vn -0.0784 -0.3635 -0.9283
vn 0.0784 -0.3635 -0.9283
vn 0.3080 -0.3469 -0.8859
vn 0.5861 -0.2954 -0.7544
vn 0.8073 -0.2152 -0.5495
vn 0.9499 -0.1139 -0.2910
vn 0.9877 -0.0570 -0.1455
vn -0.9501 -0.1359 -0.2809
vn -0.9877 -0.0681 -0.1407
vn -0.8075 -0.2568 -0.5310
vn -0.5863 -0.3527 -0.7293
vn -0.3081 -0.4142 -0.8564
vn -0.0784 -0.4340 -0.8975
vn 0.0784 -0.4340 -0.8975
vn 0.3081 -0.4142 -0.8564
vn 0.5863 -0.3527 -0.7293
vn 0.8075 -0.2568 -0.5310
vn 0.9501 -0.1359 -0.2809
vn 0.9877 -0.0681 -0.1407
vn -0.9502 -0.1536 -0.2710
vn -0.9877 -0.0771 -0.1360
vn -0.8077 -0.2907 -0.5129
vn -0.5866 -0.3994 -0.7046
vn -0.3083 -0.4691 -0.8276
vn -0.0784 -0.4916 -0.8673
vn 0.0784 -0.4916 -0.8673
vn 0.3083 -0.4691 -0.8276
vn 0.5866 -0.3994 -0.7046
vn 0.8077 -0.2907 -0.5129
vn 0.9502 -0.1536 -0.2710
vn 0.9877 -0.0771 -0.1360
vn -0.9504 -0.1676 -0.2621
vn -0.9877 -0.0843 -0.1318
vn -0.8080 -0.3174 -0.4964
vn -0.5868 -0.4363 -0.6822
vn -0.3084 -0.5125 -0.8014
vn -0.0784 -0.5371 -0.8399
vn 0.0784 -0.5371 -0.8399
vn 0.3084 -0.5125 -0.8014
vn 0.5868 -0.4363 -0.6822
vn 0.8080 -0.3174 -0.4964
vn 0.9504 -0.1676 -0.2621
vn 0.9877 -0.0843 -0.1318
vn -0.9505 -0.1782 -0.2544
vn -0.9877 -0.0897 -0.1281
vn -0.8082 -0.3379 -0.4823
vn -0.5870 -0.4645 -0.6631
vn -0.3085 -0.5458 -0.7791
vn -0.0784 -0.5720 -0.8165
vn 0.0784 -0.5720 -0.8165
vn 0.3085 -0.5458 -0.7791
vn 0.5870 -0.4645 -0.6631
vn 0.8082 -0.3379 -0.4823
vn 0.9505 -0.1782 -0.2544
vn 0.9877 -0.0897 -0.1281
vn -0.9507 -0.1862 -0.2482
vn -0.9877 -0.0939 -0.1251
vn -0.8084 -0.3532 -0.4709
vn -0.5872 -0.4858 -0.6475
vn -0.3086 -0.5708 -0.7609
vn -0.0784 -0.5982 -0.7975
vn 0.0784 -0.5982 -0.7975
vn 0.3086 -0.5708 -0.7609
vn 0.5872 -0.4858 -0.6475
vn 0.8084 -0.3532 -0.4709
vn 0.9507 -0.1862 -0.2482
vn 0.9877 -0.0939 -0.1251
vn -0.9508 -0.1920 -0.2433
vn -0.9877 -0.0969 -0.1228
vn -0.8085 -0.3645 -0.4620
vn -0.5873 -0.5013 -0.6354
vn -0.3087 -0.5891 -0.7467
vn -0.0784 -0.6175 -0.7827
vn 0.0784 -0.6175 -0.7827
vn 0.3087 -0.5891 -0.7467
vn 0.5873 -0.5013 -0.6354
vn 0.8085 -0.3645 -0.4620
vn 0.9508 -0.1920 -0.2433
vn 0.9877 -0.0969 -0.1228
vn -0.9508 -0.1961 -0.2397
vn -0.9877 -0.0990 -0.1211
vn -0.8087 -0.3725 -0.4553
vn -0.5875 -0.5124 -0.6264
vn -0.4538 -0.5586 -0.6943
vn 0.0078 0.8043 -0.5942
vn -0.0078 0.8043 -0.5942
vn 0.4538 -0.5586 -0.6943
vn 0.5874 -0.5124 -0.6264
vn 0.8087 -0.3725 -0.4553
vn 0.9508 -0.1961 -0.2397
vn 0.9877 -0.0990 -0.1211
vn -0.9961 0.0373 -0.0795
vn -0.9977 0.0285 -0.0608
vn -0.9707 0.1021 -0.2175
vn -0.8967 0.1881 -0.4006
vn -0.3042 0.9306 0.2038
vn -0.0178 0.9243 0.3812
vn 0.0178 0.9243 0.3812
vn 0.3042 0.9306 0.2038
vn 0.8967 0.1881 -0.4006
vn 0.9707 0.1021 -0.2175
vn 0.9961 0.0373 -0.0795
vn 0.9977 0.0285 -0.0608
vn -0.9600 0.1980 -0.1980
vn -0.9938 0.0787 -0.0787
vn -0.8599 0.3610 -0.3610
vn -0.6736 0.5226 -0.5226
vn -0.3793 0.6543 -0.6543
vn -0.1049 0.7032 -0.7032
vn 0.1049 0.7032 -0.7032
vn 0.3793 0.6543 -0.6543
vn 0.6736 0.5226 -0.5226
vn 0.8599 0.3610 -0.3610
vn 0.9600 0.1980 -0.1980
vn 0.9938 0.0787 -0.0787
vn -0.9600 -0.1980 -0.1980
vn -0.9938 -0.0787 -0.0787
vn -0.8599 -0.3610 -0.3610
vn -0.6736 -0.5226 -0.5226
vn -0.3793 -0.6543 -0.6543
vn -0.1049 -0.7032 -0.7032
vn 0.1049 -0.7032 -0.7032
vn 0.3793 -0.6543 -0.6543
vn 0.6736 -0.5226 -0.5226
vn 0.8599 -0.3610 -0.3610
vn 0.9600 -0.1980 -0.1980
vn 0.9938 -0.0787 -0.0787
vn -0.1778 -0.6165 0.7670
vn -0.9501 0.2106 0.2303
vn -0.9877 0.1055 0.1154
vn -0.0000 -0.4195 0.9078
vn -0.1607 -0.4623 0.8721
vn -0.8075 0.3982 0.4352
vn -0.1220 -0.3858 0.9145
vn -0.5863 0.5468 0.5977
vn -0.0664 -0.3423 0.9372
vn -0.3081 0.6421 0.7019
vn -0.0086 -0.3742 0.9273
vn -0.0784 0.6729 0.7356
vn 0.0086 -0.3742 0.9273
vn 0.0784 0.6729 0.7356
vn 0.0664 -0.3423 0.9372
vn 0.3081 0.6421 0.7019
vn 0.1220 -0.3858 0.9145
vn 0.5863 0.5468 0.5977
vn 0.1606 -0.4623 0.8721
vn 0.8075 0.3982 0.4352
vn 0.1778 -0.6165 0.7670
vn 0.9501 0.2106 0.2303
vn 0.9877 0.1055 0.1153
vn -0.9501 0.2266 0.2145
vn -0.9877 0.1135 0.1075
vn -0.8075 0.4284 0.4055
vn -0.5863 0.5883 0.5569
vn -0.3081 0.6909 0.6540
vn -0.0784 0.7240 0.6853
vn 0.0784 0.7240 0.6853
vn 0.3081 0.6909 0.6540
vn 0.5863 0.5883 0.5569
vn 0.8075 0.4284 0.4055
vn 0.9501 0.2266 0.2145
vn 0.9877 0.1135 0.1075
vn -0.9501 0.2415 0.1977
vn -0.9877 0.1210 0.0990
vn -0.8075 0.4564 0.3737
vn -0.5863 0.6268 0.5131
vn -0.3081 0.7361 0.6026
vn -0.0784 0.7714 0.6315
vn 0.0784 0.7714 0.6315
vn 0.3081 0.7361 0.6026
vn 0.5863 0.6268 0.5131
vn 0.8075 0.4564 0.3737
vn 0.9501 0.2415 0.1977
vn 0.9877 0.1210 0.0990
vn -0.9501 0.2551 0.1798
vn -0.9877 0.1278 0.0901
vn -0.8075 0.4822 0.3398
vn -0.5863 0.6622 0.4666
vn -0.3081 0.7777 0.5480
vn -0.0784 0.8149 0.5742
vn 0.0784 0.8149 0.5742
vn 0.3081 0.7777 0.5480
vn 0.5863 0.6622 0.4666
vn 0.8075 0.4822 0.3398
vn 0.9501 0.2551 0.1798
vn 0.9877 0.1278 0.0900
vn -0.9500 0.2675 0.1608
vn -0.9877 0.1340 0.0805
vn -0.8075 0.5056 0.3039
vn -0.5863 0.6943 0.4173
vn -0.3081 0.8154 0.4901
vn -0.0784 0.8545 0.5136
vn 0.0784 0.8545 0.5136
vn 0.3081 0.8154 0.4901
vn 0.5863 0.6943 0.4173
vn 0.8075 0.5056 0.3039
vn 0.9500 0.2675 0.1608
vn 0.9877 0.1340 0.0805
vn -0.9500 0.2786 0.1408
vn -0.9877 0.1395 0.0705
vn -0.8075 0.5265 0.2661
vn -0.5863 0.7230 0.3653
vn -0.3081 0.8491 0.4291
vn -0.0784 0.8898 0.4496
vn 0.0784 0.8898 0.4496
vn 0.3081 0.8491 0.4291
vn 0.5863 0.7230 0.3653
vn 0.8075 0.5265 0.2661
vn 0.9500 0.2786 0.1408
vn 0.9877 0.1395 0.0705
vn -0.9500 0.2883 0.1197
vn -0.9877 0.1444 0.0600
vn -0.8074 0.5448 0.2263
vn -0.5863 0.7482 0.3107
vn -0.3081 0.8786 0.3649
vn -0.0784 0.9207 0.3823
vn 0.0784 0.9207 0.3823
vn 0.3081 0.8786 0.3649
vn 0.5863 0.7482 0.3107
vn 0.8074 0.5448 0.2263
vn 0.9500 0.2883 0.1197
vn 0.9877 0.1444 0.0600
vn -0.9500 0.2966 0.0977
vn -0.9877 0.1485 0.0489
vn -0.8074 0.5604 0.1845
vn -0.5863 0.7695 0.2534
vn -0.3081 0.9036 0.2975
vn -0.0784 0.9469 0.3118
vn 0.0784 0.9469 0.3118
vn 0.3081 0.9036 0.2975
vn 0.5863 0.7695 0.2534
vn 0.8074 0.5604 0.1845
vn 0.9500 0.2966 0.0977
vn 0.9877 0.1485 0.0489
vn -0.9500 0.3033 0.0746
vn -0.9877 0.1518 0.0373
vn -0.8074 0.5730 0.1409
vn -0.5862 0.7867 0.1935
vn -0.3081 0.9238 0.2272
vn -0.0784 0.9681 0.2381
vn 0.0784 0.9681 0.2381
vn 0.3081 0.9238 0.2272
vn 0.5862 0.7867 0.1935
vn 0.8074 0.5730 0.1409
vn 0.9500 0.3033 0.0746
vn 0.9877 0.1518 0.0373
vn -0.9500 0.3083 0.0505
vn -0.9877 0.1543 0.0253
vn -0.8074 0.5823 0.0955
vn -0.5862 0.7995 0.1311
vn -0.3081 0.9388 0.1539
vn -0.0784 0.9838 0.1613
vn 0.0784 0.9838 0.1613
vn 0.3081 0.9388 0.1539
vn 0.5862 0.7995 0.1311
vn 0.8074 0.5823 0.0955
vn 0.9500 0.3083 0.0505
vn 0.9877 0.1543 0.0253
vn -0.9499 0.3114 0.0256
vn -0.9877 0.1558 0.0128
vn -0.8073 0.5881 0.0484
vn -0.5862 0.8075 0.0664
vn -0.3081 0.9482 0.0780
vn -0.0784 0.9936 0.0817
vn 0.0784 0.9936 0.0817
vn 0.3081 0.9482 0.0780
vn 0.5862 0.8075 0.0664
vn 0.8073 0.5881 0.0484
vn 0.9499 0.3114 0.0256
vn 0.9877 0.1558 0.0128
vn -0.9497 0.3131 -0.0026
vn -0.9877 0.1562 -0.0013
vn -0.8070 0.5905 -0.0049
vn -0.5859 0.8104 -0.0068
vn -0.3079 0.9514 -0.0079
vn -0.0784 0.9969 -0.0083
vn 0.0784 0.9969 -0.0083
vn 0.3079 0.9514 -0.0079
vn 0.5859 0.8104 -0.0068
vn 0.8070 0.5905 -0.0049
vn 0.9497 0.3131 -0.0026
vn 0.9877 0.1562 -0.0013
vn -0.9494 0.3118 -0.0374
vn -0.9877 0.1550 -0.0186
vn -0.8066 0.5869 -0.0704
vn -0.5856 0.8048 -0.0966
vn -0.3077 0.9447 -0.1134
vn -0.0784 0.9898 -0.1188
vn 0.0784 0.9898 -0.1188
vn 0.3077 0.9447 -0.1134
vn 0.5856 0.8048 -0.0966
vn 0.8066 0.5869 -0.0704
vn 0.9494 0.3118 -0.0374
vn 0.9877 0.1550 -0.0186
vn -0.9493 0.3048 -0.0768
vn -0.9877 0.1514 -0.0381
vn -0.8065 0.5733 -0.1445
vn -0.5855 0.7861 -0.1981
vn -0.3077 0.9227 -0.2325
vn -0.0784 0.9667 -0.2436
vn 0.0784 0.9667 -0.2436
vn 0.3077 0.9227 -0.2325
vn 0.5855 0.7861 -0.1981
vn 0.8065 0.5733 -0.1445
vn 0.9493 0.3048 -0.0768
vn 0.9877 0.1514 -0.0381
vn -0.9492 0.2918 -0.1176
vn -0.9877 0.1448 -0.0583
vn -0.8064 0.5486 -0.2210
vn -0.5854 0.7520 -0.3030
vn -0.3076 0.8826 -0.3556
vn -0.0784 0.9247 -0.3725
vn 0.0784 0.9247 -0.3725
vn 0.3076 0.8826 -0.3556
vn 0.5854 0.7520 -0.3030
vn 0.8064 0.5486 -0.2210
vn 0.9492 0.2918 -0.1176
vn 0.9877 0.1448 -0.0583
vn -0.9491 0.2722 -0.1582
vn -0.9878 0.1349 -0.0784
vn -0.8063 0.5114 -0.2973
vn -0.5853 0.7010 -0.4074
vn -0.3076 0.8227 -0.4781
vn -0.0784 0.8619 -0.5010
vn 0.0784 0.8619 -0.5010
vn 0.3076 0.8227 -0.4781
vn 0.5853 0.7010 -0.4074
vn 0.8063 0.5114 -0.2973
vn 0.9491 0.2722 -0.1582
vn 0.9878 0.1349 -0.0784
vn -0.9491 0.2459 -0.1968
vn -0.9878 0.1218 -0.0975
vn -0.8062 0.4619 -0.3696
vn -0.5853 0.6331 -0.5066
vn -0.3076 0.7430 -0.5945
vn -0.0784 0.7784 -0.6229
vn 0.0784 0.7784 -0.6229
vn 0.3076 0.7430 -0.5945
vn 0.5853 0.6331 -0.5066
vn 0.8062 0.4619 -0.3696
vn 0.9491 0.2459 -0.1968
vn 0.9878 0.1218 -0.0975
vn -0.9491 0.2138 -0.2312
vn -0.9878 0.1059 -0.1145
vn -0.8062 0.4017 -0.4343
vn -0.5853 0.5505 -0.5953
vn -0.3076 0.6460 -0.6986
vn -0.0784 0.6769 -0.7319
vn 0.0784 0.6769 -0.7319
vn 0.3076 0.6460 -0.6986
vn 0.5853 0.5505 -0.5953
vn 0.8062 0.4017 -0.4343
vn 0.9491 0.2138 -0.2312
vn 0.9878 0.1059 -0.1145
vn -0.9492 0.1776 -0.2599
vn -0.9878 0.0880 -0.1288
vn -0.8063 0.3337 -0.4884
vn -0.5853 0.4574 -0.6694
vn -0.3076 0.5368 -0.7856
vn -0.0784 0.5624 -0.8231
vn 0.0784 0.5624 -0.8231
vn 0.3076 0.5368 -0.7856
vn 0.5853 0.4574 -0.6694
vn 0.8063 0.3337 -0.4884
vn 0.9492 0.1776 -0.2599
vn 0.9878 0.0880 -0.1288
vn -0.9493 0.1393 -0.2820
vn -0.9877 0.0691 -0.1399
vn -0.8064 0.2620 -0.5301
vn -0.5854 0.3592 -0.7268
vn -0.3077 0.4215 -0.8530
vn -0.0784 0.4417 -0.8937
vn 0.0784 0.4417 -0.8937
vn 0.3077 0.4215 -0.8530
vn 0.5854 0.3592 -0.7268
vn 0.8064 0.2620 -0.5301
vn 0.9493 0.1393 -0.2820
vn 0.9877 0.0691 -0.1399
vn -0.9494 0.1011 -0.2974
vn -0.9877 0.0503 -0.1478
vn -0.8066 0.1903 -0.5597
vn -0.5855 0.2610 -0.7675
vn -0.3077 0.3063 -0.9008
vn -0.0784 0.3210 -0.9438
vn 0.0784 0.3210 -0.9438
vn 0.3077 0.3063 -0.9008
vn 0.5855 0.2610 -0.7675
vn 0.8066 0.1903 -0.5597
vn 0.9494 0.1011 -0.2974
vn 0.9877 0.0503 -0.1478
vn -0.9495 0.0646 -0.3070
vn -0.9877 0.0322 -0.1528
vn -0.8068 0.1217 -0.5782
vn -0.5857 0.1670 -0.7932
vn -0.3078 0.1960 -0.9310
vn -0.0784 0.2054 -0.9755
vn 0.0784 0.2054 -0.9755
vn 0.3078 0.1960 -0.9310
vn 0.5857 0.1670 -0.7932
vn 0.8068 0.1217 -0.5782
vn 0.9495 0.0646 -0.3070
vn 0.9877 0.0322 -0.1528
vn -0.9497 0.0309 -0.3118
vn -0.9877 0.0154 -0.1555
vn -0.8069 0.0582 -0.5878
vn -0.5858 0.0798 -0.8065
vn -0.3079 0.0937 -0.9468
vn -0.0784 0.0982 -0.9921
vn 0.0784 0.0982 -0.9921
vn 0.3079 0.0937 -0.9468
vn 0.5858 0.0798 -0.8065
vn 0.8069 0.0582 -0.5878
vn 0.9497 0.0309 -0.3118
vn 0.9877 0.0154 -0.1555
vn -0.9504 0.0073 -0.3110
vn -0.9877 0.0037 -0.1564
vn -0.8080 0.0139 -0.5891
vn -0.5868 0.0191 -0.8095
vn -0.3084 0.0224 -0.9510
vn -0.0784 0.0235 -0.9966
vn 0.0784 0.0235 -0.9966
vn 0.3084 0.0224 -0.9510
vn 0.5868 0.0191 -0.8095
vn 0.8080 0.0139 -0.5891
vn 0.9504 0.0073 -0.3110
vn 0.9877 0.0037 -0.1563
vn -0.3792 -0.6543 0.6543
vn 0.3792 -0.6543 0.6543
vn -0.9517 -0.0067 0.3069
vn -0.9877 -0.0034 0.1564
vn -0.8101 -0.0128 0.5861
vn -0.5889 -0.0177 0.8080
vn -0.3097 -0.0208 0.9506
vn -0.0786 -0.0218 0.9967
vn 0.0786 -0.0218 0.9967
vn 0.3097 -0.0208 0.9506
vn 0.5889 -0.0177 0.8080
vn 0.8101 -0.0128 0.5861
vn 0.9517 -0.0067 0.3069
vn 0.9877 -0.0034 0.1563
vn -0.9525 -0.0275 0.3033
vn -0.9877 -0.0141 0.1556
vn -0.8115 -0.0528 0.5819
vn -0.5904 -0.0729 0.8038
vn -0.3107 -0.0859 0.9466
vn -0.0787 -0.0900 0.9928
vn 0.0787 -0.0900 0.9928
vn 0.3107 -0.0859 0.9466
vn 0.5904 -0.0729 0.8038
vn 0.8115 -0.0528 0.5819
vn 0.9525 -0.0275 0.3033
vn 0.9877 -0.0141 0.1556
vn -0.9527 -0.0569 0.2987
vn -0.9877 -0.0292 0.1535
vn -0.8118 -0.1093 0.5736
vn -0.5907 -0.1510 0.7926
vn -0.3109 -0.1779 0.9337
vn -0.0788 -0.1866 0.9793
vn 0.0788 -0.1866 0.9793
vn 0.3109 -0.1779 0.9337
vn 0.5907 -0.1510 0.7926
vn 0.8118 -0.1093 0.5736
vn 0.9527 -0.0569 0.2987
vn 0.9877 -0.0292 0.1535
vn -0.9528 -0.0883 0.2904
vn -0.9877 -0.0454 0.1494
vn -0.8121 -0.1698 0.5583
vn -0.5910 -0.2347 0.7718
vn -0.3111 -0.2765 0.9093
vn -0.0788 -0.2901 0.9538
vn 0.0788 -0.2901 0.9538
vn 0.3111 -0.2765 0.9093
vn 0.5910 -0.2347 0.7718
vn 0.8121 -0.1698 0.5583
vn 0.9528 -0.0883 0.2904
vn 0.9877 -0.0454 0.1494
vn -0.9530 -0.1214 0.2776
vn -0.9877 -0.0626 0.1431
vn -0.8124 -0.2336 0.5342
vn -0.5914 -0.3231 0.7388
vn -0.3113 -0.3808 0.8707
vn -0.0788 -0.3994 0.9134
vn 0.0788 -0.3994 0.9134
vn 0.3113 -0.3808 0.8707
vn 0.5914 -0.3231 0.7388
vn 0.8124 -0.2336 0.5342
vn 0.9530 -0.1214 0.2776
vn 0.9877 -0.0626 0.1431
vn -0.9532 -0.1554 0.2594
vn -0.9877 -0.0802 0.1339
vn -0.8127 -0.2994 0.4998
vn -0.5918 -0.4143 0.6915
vn -0.3116 -0.4884 0.8151
vn -0.0789 -0.5123 0.8552
vn 0.0789 -0.5123 0.8552
vn 0.3116 -0.4884 0.8151
vn 0.5918 -0.4143 0.6915
vn 0.8127 -0.2994 0.4998
vn 0.9532 -0.1554 0.2594
vn 0.9877 -0.0802 0.1339
vn -0.9533 -0.1892 0.2352
vn -0.9877 -0.0978 0.1216
vn -0.8131 -0.3649 0.4536
vn -0.5921 -0.5051 0.6279
vn -0.3118 -0.5956 0.7403
vn -0.0789 -0.6249 0.7767
vn 0.0789 -0.6249 0.7767
vn 0.3118 -0.5956 0.7403
vn 0.5921 -0.5051 0.6279
vn 0.8131 -0.3649 0.4536
vn 0.9533 -0.1892 0.2352
vn 0.9878 -0.0978 0.1216
vn -0.9535 -0.2212 0.2048
vn -0.9878 -0.1145 0.1060
vn -0.8133 -0.4270 0.3952
vn -0.5924 -0.5912 0.5472
vn -0.3120 -0.6973 0.6454
vn -0.0790 -0.7316 0.6772
vn 0.0790 -0.7316 0.6772
vn 0.3120 -0.6972 0.6454
vn 0.5924 -0.5912 0.5472
vn 0.8133 -0.4270 0.3952
vn 0.9535 -0.2212 0.2048
vn 0.9878 -0.1145 0.1060
vn -0.9536 -0.2496 0.1686
vn -0.9878 -0.1292 0.0873
vn -0.8135 -0.4819 0.3256
vn -0.5926 -0.6675 0.4509
vn -0.3121 -0.7872 0.5318
vn -0.0790 -0.8261 0.5580
vn 0.0790 -0.8261 0.5580
vn 0.3121 -0.7872 0.5318
vn 0.5926 -0.6675 0.4509
vn 0.8135 -0.4819 0.3256
vn 0.9536 -0.2496 0.1686
vn 0.9878 -0.1292 0.0873
vn -0.9536 -0.2726 0.1281
vn -0.9878 -0.1412 0.0663
vn -0.8135 -0.5264 0.2473
vn -0.5926 -0.7291 0.3424
vn -0.3121 -0.8599 0.4039
vn -0.0790 -0.9023 0.4238
vn 0.0790 -0.9023 0.4238
vn 0.3121 -0.8599 0.4039
vn 0.5926 -0.7291 0.3424
vn 0.8135 -0.5264 0.2472
vn 0.9536 -0.2726 0.1281
vn 0.9878 -0.1412 0.0663
vn -0.9535 -0.2892 0.0851
vn -0.9878 -0.1497 0.0440
vn -0.8133 -0.5581 0.1642
vn -0.5924 -0.7729 0.2273
vn -0.3120 -0.9115 0.2681
vn -0.0790 -0.9564 0.2813
vn 0.0790 -0.9564 0.2813
vn 0.3120 -0.9115 0.2681
vn 0.5924 -0.7729 0.2273
vn 0.8133 -0.5581 0.1642
vn 0.9535 -0.2892 0.0851
vn 0.9878 -0.1497 0.0440
vn -0.9533 -0.2990 0.0418
vn -0.9878 -0.1545 0.0216
vn -0.8131 -0.5765 0.0807
vn -0.5921 -0.7981 0.1117
vn -0.3118 -0.9410 0.1317
vn -0.0789 -0.9873 0.1382
vn 0.0789 -0.9873 0.1382
vn 0.3118 -0.9410 0.1317
vn 0.5921 -0.7981 0.1117
vn 0.8131 -0.5765 0.0807
vn 0.9533 -0.2990 0.0418
vn 0.9878 -0.1545 0.0216
vn -0.9527 -0.3038 0.0042
vn -0.8119 -0.5837 0.0081
vn -0.5909 -0.8067 0.0112
vn -0.3110 -0.9503 0.0132
vn -0.0788 -0.9968 0.0139
vn 0.0788 -0.9968 0.0139
vn 0.3110 -0.9503 0.0132
vn 0.5909 -0.8067 0.0112
vn 0.8119 -0.5837 0.0081
vn 0.9527 -0.3038 0.0042
vn -0.9524 -0.3039 -0.0250
vn -0.9877 -0.1558 -0.0128
vn -0.8113 -0.5827 -0.0480
vn -0.5901 -0.8046 -0.0663
vn -0.3105 -0.9474 -0.0781
vn -0.0787 -0.9935 -0.0819
vn 0.0787 -0.9935 -0.0819
vn 0.3105 -0.9474 -0.0781
vn 0.5901 -0.8046 -0.0663
vn 0.8113 -0.5827 -0.0480
vn 0.9524 -0.3039 -0.0251
vn 0.9877 -0.1558 -0.0128
vn -0.9525 -0.3003 -0.0516
vn -0.9877 -0.1540 -0.0264
vn -0.8114 -0.5760 -0.0989
vn -0.5903 -0.7955 -0.1366
vn -0.3106 -0.9368 -0.1608
vn -0.0787 -0.9825 -0.1687
vn 0.0787 -0.9825 -0.1687
vn 0.3106 -0.9368 -0.1608
vn 0.5903 -0.7955 -0.1366
vn 0.8114 -0.5760 -0.0989
vn 0.9525 -0.3003 -0.0516
vn 0.9877 -0.1540 -0.0264
vn -0.9525 -0.2942 -0.0788
vn -0.9877 -0.1509 -0.0404
vn -0.8115 -0.5645 -0.1512
vn -0.5904 -0.7796 -0.2088
vn -0.3107 -0.9182 -0.2459
vn -0.0787 -0.9630 -0.2579
vn 0.0787 -0.9630 -0.2579
vn 0.3107 -0.9182 -0.2459
vn 0.5904 -0.7796 -0.2088
vn 0.8115 -0.5645 -0.1512
vn 0.9525 -0.2942 -0.0788
vn 0.9877 -0.1509 -0.0404
vn -0.9525 -0.2858 -0.1055
vn -0.9877 -0.1466 -0.0541
vn -0.8115 -0.5483 -0.2024
vn -0.5903 -0.7572 -0.2795
vn -0.3106 -0.8917 -0.3292
vn -0.0787 -0.9352 -0.3452
vn 0.0787 -0.9352 -0.3452
vn 0.3106 -0.8917 -0.3292
vn 0.5903 -0.7572 -0.2795
vn 0.8115 -0.5483 -0.2024
vn 0.9525 -0.2858 -0.1055
vn 0.9877 -0.1466 -0.0541
vn -0.9524 -0.2755 -0.1305
vn -0.9877 -0.1413 -0.0669
vn -0.8113 -0.5284 -0.2502
vn -0.5902 -0.7296 -0.3455
vn -0.3105 -0.8591 -0.4069
vn -0.0787 -0.9010 -0.4267
vn 0.0787 -0.9010 -0.4267
vn 0.3105 -0.8591 -0.4069
vn 0.5902 -0.7296 -0.3455
vn 0.8113 -0.5284 -0.2502
vn 0.9524 -0.2755 -0.1305
vn 0.9877 -0.1413 -0.0669
vn -0.9523 -0.2642 -0.1530
vn -0.9877 -0.1353 -0.0783
vn -0.8111 -0.5062 -0.2931
vn -0.5899 -0.6988 -0.4046
vn -0.3104 -0.8227 -0.4763
vn -0.0787 -0.8627 -0.4995
vn 0.0787 -0.8627 -0.4995
vn 0.3104 -0.8227 -0.4763
vn 0.5899 -0.6988 -0.4046
vn 0.8111 -0.5062 -0.2931
vn 0.9523 -0.2642 -0.1530
vn 0.9877 -0.1353 -0.0783
vn -0.9521 -0.2524 -0.1724
vn -0.9877 -0.1291 -0.0882
vn -0.8108 -0.4833 -0.3301
vn -0.5897 -0.6669 -0.4555
vn -0.3102 -0.7850 -0.5362
vn -0.0786 -0.8232 -0.5623
vn 0.0786 -0.8232 -0.5623
vn 0.3102 -0.7850 -0.5362
vn 0.5897 -0.6669 -0.4555
vn 0.8108 -0.4833 -0.3301
vn 0.9521 -0.2524 -0.1724
vn 0.9877 -0.1291 -0.0882
vn -0.9520 -0.2410 -0.1888
vn -0.8106 -0.4610 -0.3612
vn -0.5894 -0.6359 -0.4983
vn -0.3100 -0.7484 -0.5864
vn -0.0786 -0.7847 -0.6149
vn 0.0786 -0.7847 -0.6149
vn 0.3100 -0.7484 -0.5864
vn 0.5894 -0.6359 -0.4983
vn 0.8106 -0.4610 -0.3612
vn 0.9520 -0.2410 -0.1888
vn -0.9518 -0.2303 -0.2024
vn -0.9877 -0.1175 -0.1032
vn -0.8103 -0.4402 -0.3868
vn -0.5891 -0.6070 -0.5333
vn -0.3099 -0.7143 -0.6275
vn -0.0786 -0.7489 -0.6580
vn 0.0786 -0.7489 -0.6580
vn 0.3099 -0.7143 -0.6275
vn 0.5891 -0.6070 -0.5333
vn 0.8103 -0.4402 -0.3868
vn 0.9518 -0.2303 -0.2024
vn 0.9877 -0.1175 -0.1032
vn -0.9517 -0.2207 -0.2134
vn -0.9877 -0.1125 -0.1087
vn -0.8101 -0.4216 -0.4074
vn -0.5889 -0.5811 -0.5617
vn -0.3097 -0.6837 -0.6608
vn -0.0786 -0.7168 -0.6928
vn 0.0786 -0.7168 -0.6928
vn 0.3097 -0.6837 -0.6608
vn 0.5889 -0.5811 -0.5617
vn 0.8101 -0.4216 -0.4074
vn 0.9517 -0.2207 -0.2134
vn 0.9877 -0.1125 -0.1087
vn -0.9516 -0.2124 -0.2222
vn -0.9877 -0.1081 -0.1131
vn -0.8099 -0.4053 -0.4240
vn -0.5887 -0.5585 -0.5844
vn -0.3096 -0.6570 -0.6874
vn -0.0785 -0.6888 -0.7207
vn 0.0785 -0.6888 -0.7207
vn 0.3096 -0.6570 -0.6874
vn 0.5887 -0.5585 -0.5844
vn 0.8099 -0.4053 -0.4240
vn 0.9516 -0.2124 -0.2222
vn 0.9877 -0.1081 -0.1131
vn -0.9662 -0.0938 -0.2402
vn -0.9893 -0.0531 -0.1359
vn -0.8441 -0.1951 -0.4994
vn -0.6324 -0.2819 -0.7216
vn -0.3408 -0.3421 -0.8757
vn -0.0858 -0.3625 -0.9280
vn 0.0858 -0.3625 -0.9280
vn 0.3408 -0.3421 -0.8757
vn 0.6324 -0.2819 -0.7216
vn 0.8441 -0.1951 -0.4994
vn 0.9662 -0.0938 -0.2402
vn 0.9893 -0.0531 -0.1359
vn -0.3792 -0.6543 -0.6543
vn 0.3792 -0.6543 -0.6543
vn -0.9600 0.1980 0.1980
vn -0.9938 0.0787 0.0787
vn -0.8599 0.3610 0.3610
vn -0.6736 0.5226 0.5226
vn -0.3793 0.6543 0.6543
vn -0.1049 0.7032 0.7032
vn 0.1049 0.7032 0.7032
vn 0.3793 0.6543 0.6543
vn 0.6736 0.5226 0.5226
vn 0.8599 0.3610 0.3610
vn 0.9600 0.1980 0.1980
vn 0.9938 0.0787 0.0787
vn -0.3792 0.6543 -0.6543
vn 0.3792 0.6543 -0.6543
vn -0.1719 -0.8287 -0.5326
vn -0.0000 -0.7071 -0.7071
vn -0.1629 -0.7365 -0.6565
vn -0.1349 -0.6850 -0.7159
vn -0.0806 -0.6488 -0.7567
vn -0.0110 -0.6716 -0.7409
vn 0.0110 -0.6716 -0.7409
vn 0.0806 -0.6488 -0.7567
vn 0.1349 -0.6850 -0.7159
vn 0.1629 -0.7365 -0.6565
vn 0.1719 -0.8287 -0.5326
vn -0.9502 -0.3114 0.0090
vn -0.9494 -0.3118 0.0374
vn -0.9877 -0.1550 0.0186
vn -0.9877 -0.1563 0.0045
vn -0.8078 -0.5893 0.0170
vn -0.8066 -0.5869 0.0704
vn -0.5866 -0.8096 0.0234
vn -0.5856 -0.8048 0.0965
vn -0.3083 -0.9509 0.0274
vn -0.3077 -0.9447 0.1133
vn -0.0784 -0.9965 0.0288
vn -0.0784 -0.9898 0.1187
vn 0.0784 -0.9965 0.0288
vn 0.0784 -0.9898 0.1187
vn 0.3083 -0.9509 0.0274
vn 0.3077 -0.9447 0.1133
vn 0.5866 -0.8096 0.0234
vn 0.5856 -0.8048 0.0965
vn 0.8078 -0.5893 0.0170
vn 0.8066 -0.5869 0.0704
vn 0.9502 -0.3114 0.0090
vn 0.9494 -0.3118 0.0374
vn 0.9877 -0.1563 0.0045
vn 0.9877 -0.1550 0.0186
vn -0.9493 -0.3048 0.0770
vn -0.9877 -0.1513 0.0382
vn -0.8065 -0.5733 0.1448
vn -0.5855 -0.7860 0.1985
vn -0.3077 -0.9225 0.2330
vn -0.0784 -0.9666 0.2442
vn 0.0784 -0.9666 0.2442
vn 0.3077 -0.9225 0.2330
vn 0.5855 -0.7860 0.1985
vn 0.8065 -0.5733 0.1448
vn 0.9493 -0.3048 0.0770
vn 0.9877 -0.1513 0.0382
vn -0.9492 -0.2917 0.1180
vn -0.9877 -0.1447 0.0585
vn -0.8064 -0.5483 0.2217
vn -0.5854 -0.7516 0.3040
vn -0.3076 -0.8821 0.3567
vn -0.0784 -0.9242 0.3737
vn 0.0784 -0.9242 0.3737
vn 0.3076 -0.8821 0.3567
vn 0.5854 -0.7516 0.3039
vn 0.8064 -0.5483 0.2217
vn 0.9492 -0.2917 0.1180
vn 0.9877 -0.1447 0.0585
vn -0.9491 -0.2720 0.1586
vn -0.9878 -0.1348 0.0786
vn -0.8063 -0.5110 0.2980
vn -0.5853 -0.7004 0.4084
vn -0.3076 -0.8220 0.4793
vn -0.0784 -0.8612 0.5022
vn 0.0784 -0.8612 0.5022
vn 0.3076 -0.8220 0.4793
vn 0.5853 -0.7004 0.4084
vn 0.8063 -0.5110 0.2980
vn 0.9491 -0.2720 0.1586
vn 0.9878 -0.1348 0.0786
vn -0.9491 -0.2458 0.1969
vn -0.9878 -0.1218 0.0975
vn -0.8063 -0.4617 0.3699
vn -0.5853 -0.6328 0.5069
vn -0.3076 -0.7426 0.5949
vn -0.0784 -0.7781 0.6233
vn 0.0784 -0.7781 0.6233
vn 0.3076 -0.7426 0.5949
vn 0.5853 -0.6328 0.5069
vn 0.8063 -0.4617 0.3699
vn 0.9491 -0.2458 0.1969
vn 0.9878 -0.1218 0.0975
vn -0.9491 -0.2141 0.2309
vn -0.9878 -0.1061 0.1144
vn -0.8063 -0.4022 0.4338
vn -0.5853 -0.5513 0.5946
vn -0.3076 -0.6469 0.6978
vn -0.0784 -0.6778 0.7311
vn 0.0784 -0.6778 0.7311
vn 0.3076 -0.6469 0.6978
vn 0.5853 -0.5513 0.5946
vn 0.8063 -0.4022 0.4338
vn 0.9491 -0.2141 0.2309
vn 0.9878 -0.1061 0.1144
vn -0.9492 -0.1785 0.2592
vn -0.9878 -0.0885 0.1285
vn -0.8063 -0.3354 0.4871
vn -0.5854 -0.4598 0.6678
vn -0.3076 -0.5396 0.7837
vn -0.0784 -0.5654 0.8211
vn 0.0784 -0.5654 0.8211
vn 0.3076 -0.5396 0.7837
vn 0.5854 -0.4598 0.6678
vn 0.8063 -0.3354 0.4871
vn 0.9492 -0.1785 0.2592
vn 0.9877 -0.0885 0.1285
vn -0.9493 -0.1409 0.2811
vn -0.9877 -0.0699 0.1395
vn -0.8064 -0.2650 0.5286
vn -0.5854 -0.3633 0.7248
vn -0.3077 -0.4264 0.8506
vn -0.0784 -0.4467 0.8912
vn 0.0784 -0.4467 0.8912
vn 0.3077 -0.4264 0.8506
vn 0.5854 -0.3633 0.7248
vn 0.8064 -0.2650 0.5286
vn 0.9493 -0.1409 0.2811
vn 0.9877 -0.0699 0.1395
vn -0.9494 -0.1031 0.2967
vn -0.9877 -0.0513 0.1475
vn -0.8066 -0.1941 0.5584
vn -0.5856 -0.2662 0.7657
vn -0.3077 -0.3124 0.8987
vn -0.0784 -0.3273 0.9417
vn 0.0784 -0.3273 0.9417
vn 0.3077 -0.3124 0.8987
vn 0.5856 -0.2662 0.7657
vn 0.8066 -0.1941 0.5584
vn 0.9494 -0.1031 0.2967
vn 0.9877 -0.0513 0.1475
vn -0.9495 -0.0666 0.3066
vn -0.9877 -0.0331 0.1526
vn -0.8067 -0.1254 0.5775
vn -0.5857 -0.1720 0.7921
vn -0.3078 -0.2019 0.9298
vn -0.0784 -0.2115 0.9742
vn 0.0784 -0.2115 0.9742
vn 0.3078 -0.2019 0.9298
vn 0.5857 -0.1720 0.7921
vn 0.8067 -0.1254 0.5775
vn 0.9495 -0.0666 0.3066
vn 0.9877 -0.0331 0.1526
vn -0.9496 -0.0321 0.3118
vn -0.9877 -0.0160 0.1554
vn -0.8069 -0.0606 0.5876
vn -0.5858 -0.0831 0.8062
vn -0.3079 -0.0976 0.9464
vn -0.0784 -0.1022 0.9917
vn 0.0784 -0.1022 0.9917
vn 0.3079 -0.0976 0.9464
vn 0.5858 -0.0831 0.8062
vn 0.8069 -0.0606 0.5876
vn 0.9496 -0.0321 0.3118
vn 0.9877 -0.0160 0.1554
vn -0.9496 0.0016 0.3135
vn -0.9877 0.0008 0.1562
vn -0.8068 0.0031 0.5908
vn -0.5858 0.0042 0.8105
vn -0.3078 0.0050 0.9514
vn -0.0784 0.0052 0.9969
vn 0.0784 0.0052 0.9969
vn 0.3078 0.0050 0.9514
vn 0.5858 0.0042 0.8105
vn 0.8068 0.0031 0.5908
vn 0.9496 0.0016 0.3135
vn 0.9877 0.0008 0.1562
vn -0.9494 0.0383 0.3117
vn -0.9877 0.0190 0.1550
vn -0.8066 0.0721 0.5867
vn -0.5856 0.0989 0.8046
vn -0.3077 0.1160 0.9444
vn -0.0784 0.1216 0.9895
vn 0.0784 0.1216 0.9895
vn 0.3077 0.1160 0.9444
vn 0.5856 0.0989 0.8046
vn 0.8066 0.0721 0.5867
vn 0.9494 0.0383 0.3117
vn 0.9877 0.0190 0.1550
vn -0.9493 0.0774 0.3045
vn -0.9877 0.0385 0.1513
vn -0.8065 0.1456 0.5730
vn -0.5855 0.1997 0.7857
vn -0.3077 0.2344 0.9222
vn -0.0784 0.2456 0.9662
vn 0.0784 0.2456 0.9662
vn 0.3077 0.2344 0.9222
vn 0.5855 0.1997 0.7857
vn 0.8065 0.1456 0.5730
vn 0.9493 0.0774 0.3046
vn 0.9877 0.0385 0.1513
vn -0.9493 0.1165 0.2920
vn -0.9877 0.0579 0.1450
vn -0.8065 0.2191 0.5492
vn -0.5855 0.3004 0.7530
vn -0.3077 0.3526 0.8837
vn -0.0784 0.3695 0.9259
vn 0.0784 0.3695 0.9259
vn 0.3077 0.3526 0.8837
vn 0.5855 0.3004 0.7530
vn 0.8065 0.2191 0.5492
vn 0.9493 0.1165 0.2920
vn 0.9877 0.0579 0.1450
vn -0.9493 0.1545 0.2739
vn -0.9877 0.0767 0.1359
vn -0.8064 0.2905 0.5150
vn -0.5854 0.3983 0.7061
vn -0.3077 0.4675 0.8287
vn -0.0784 0.4898 0.8683
vn 0.0784 0.4898 0.8683
vn 0.3077 0.4675 0.8287
vn 0.5854 0.3983 0.7061
vn 0.8064 0.2905 0.5150
vn 0.9493 0.1545 0.2739
vn 0.9877 0.0767 0.1359
vn -0.9493 0.1903 0.2504
vn -0.9877 0.0944 0.1243
vn -0.8064 0.3578 0.4708
vn -0.5854 0.4905 0.6455
vn -0.3077 0.5757 0.7576
vn -0.0784 0.6031 0.7938
vn 0.0784 0.6031 0.7938
vn 0.3077 0.5757 0.7576
vn 0.5854 0.4905 0.6455
vn 0.8064 0.3578 0.4708
vn 0.9493 0.1903 0.2504
vn 0.9877 0.0944 0.1243
vn -0.9492 0.2228 0.2221
vn -0.9877 0.1105 0.1102
vn -0.8064 0.4188 0.4175
vn -0.5854 0.5742 0.5724
vn -0.3076 0.6739 0.6718
vn -0.0784 0.7060 0.7038
vn 0.0784 0.7060 0.7038
vn 0.3076 0.6739 0.6718
vn 0.5854 0.5742 0.5724
vn 0.8064 0.4188 0.4175
vn 0.9492 0.2228 0.2221
vn 0.9877 0.1105 0.1102
vn -0.9493 0.2510 0.1895
vn -0.9877 0.1246 0.0941
vn -0.8064 0.4719 0.3563
vn -0.5854 0.6470 0.4885
vn -0.3077 0.7594 0.5733
vn -0.0784 0.7956 0.6007
vn 0.0784 0.7956 0.6007
vn 0.3077 0.7594 0.5733
vn 0.5854 0.6470 0.4885
vn 0.8064 0.4719 0.3563
vn 0.9493 0.2510 0.1895
vn 0.9877 0.1246 0.0940
vn -0.9493 0.2743 0.1537
vn -0.9877 0.1362 0.0763
vn -0.8064 0.5158 0.2891
vn -0.5854 0.7072 0.3964
vn -0.3077 0.8300 0.4652
vn -0.0784 0.8696 0.4874
vn 0.0784 0.8696 0.4874
vn 0.3077 0.8300 0.4652
vn 0.5854 0.7072 0.3964
vn 0.8064 0.5158 0.2891
vn 0.9493 0.2743 0.1537
vn 0.9877 0.1362 0.0763
vn -0.9493 0.2922 0.1158
vn -0.9877 0.1451 0.0575
vn -0.8065 0.5496 0.2179
vn -0.5855 0.7536 0.2987
vn -0.3077 0.8845 0.3506
vn -0.0784 0.9268 0.3674
vn 0.0784 0.9268 0.3674
vn 0.3077 0.8845 0.3506
vn 0.5855 0.7536 0.2987
vn 0.8065 0.5496 0.2179
vn 0.9493 0.2922 0.1158
vn 0.9877 0.1451 0.0575
vn -0.9494 0.3047 0.0769
vn -0.9877 0.1514 0.0382
vn -0.8065 0.5732 0.1447
vn -0.5855 0.7860 0.1984
vn -0.3077 0.9225 0.2329
vn -0.0784 0.9666 0.2440
vn 0.0784 0.9666 0.2440
vn 0.3077 0.9225 0.2329
vn 0.5855 0.7860 0.1984
vn 0.8065 0.5732 0.1447
vn 0.9494 0.3047 0.0769
vn 0.9877 0.1514 0.0382
vn -0.9494 0.3117 0.0380
vn -0.9877 0.1550 0.0189
vn -0.8066 0.5867 0.0716
vn -0.5856 0.8047 0.0982
vn -0.3077 0.9445 0.1152
vn -0.0784 0.9896 0.1207
vn 0.0784 0.9896 0.1207
vn 0.3077 0.9445 0.1152
vn 0.5856 0.8047 0.0982
vn 0.8066 0.5867 0.0716
vn 0.9494 0.3117 0.0380
vn 0.9877 0.1550 0.0189
vn -0.9500 0.3121 0.0071
vn -0.9877 0.1563 0.0035
vn -0.8075 0.5898 0.0134
vn -0.5863 0.8099 0.0184
vn -0.3081 0.9511 0.0216
vn -0.0784 0.9967 0.0226
vn 0.0784 0.9967 0.0226
vn 0.3081 0.9511 0.0216
vn 0.5863 0.8099 0.0184
vn 0.8075 0.5898 0.0134
vn 0.9500 0.3121 0.0071
vn 0.9877 0.1563 0.0035
vn -0.9506 0.3102 -0.0090
vn -0.9877 0.1564 -0.0045
vn -0.8083 0.5885 -0.0170
vn -0.5871 0.8092 -0.0234
vn -0.3086 0.9508 -0.0276
vn -0.0784 0.9965 -0.0289
vn 0.0784 0.9965 -0.0289
vn 0.3086 0.9508 -0.0276
vn 0.5871 0.8092 -0.0235
vn 0.8083 0.5885 -0.0171
vn 0.9506 0.3102 -0.0090
vn 0.9877 0.1564 -0.0045
vn -0.9506 0.3098 -0.0184
vn -0.9877 0.1561 -0.0093
vn -0.8083 0.5877 -0.0348
vn -0.5871 0.8081 -0.0479
vn -0.3086 0.9495 -0.0563
vn -0.0784 0.9952 -0.0590
vn 0.0784 0.9952 -0.0590
vn 0.3086 0.9495 -0.0563
vn 0.5871 0.8081 -0.0479
vn 0.8083 0.5877 -0.0348
vn 0.9506 0.3098 -0.0184
vn 0.9877 0.1561 -0.0093
vn -0.9506 0.3091 -0.0281
vn -0.9877 0.1558 -0.0142
vn -0.8083 0.5864 -0.0533
vn -0.5871 0.8062 -0.0732
vn -0.3086 0.9473 -0.0860
vn -0.0784 0.9928 -0.0902
vn 0.0784 0.9928 -0.0902
vn 0.3086 0.9473 -0.0860
vn 0.5871 0.8062 -0.0732
vn 0.8083 0.5864 -0.0533
vn 0.9506 0.3091 -0.0281
vn 0.9877 0.1558 -0.0142
vn -0.9506 0.3081 -0.0380
vn -0.9877 0.1552 -0.0191
vn -0.8083 0.5844 -0.0720
vn -0.5871 0.8035 -0.0990
vn -0.3086 0.9441 -0.1163
vn -0.0784 0.9894 -0.1219
vn 0.0784 0.9894 -0.1219
vn 0.3086 0.9441 -0.1163
vn 0.5871 0.8035 -0.0990
vn 0.8083 0.5844 -0.0720
vn 0.9506 0.3081 -0.0379
vn 0.9877 0.1552 -0.0191
vn -0.9506 0.3067 -0.0478
vn -0.9877 0.1545 -0.0241
vn -0.8083 0.5818 -0.0907
vn -0.5871 0.7999 -0.1247
vn -0.3086 0.9398 -0.1465
vn -0.0784 0.9850 -0.1535
vn 0.0784 0.9850 -0.1535
vn 0.3086 0.9398 -0.1465
vn 0.5871 0.7999 -0.1247
vn 0.8083 0.5818 -0.0907
vn 0.9506 0.3067 -0.0478
vn 0.9877 0.1545 -0.0241
vn -0.9506 0.3050 -0.0575
vn -0.9877 0.1537 -0.0290
vn -0.8083 0.5786 -0.1090
vn -0.5871 0.7955 -0.1499
vn -0.3086 0.9347 -0.1761
vn -0.0784 0.9797 -0.1846
vn 0.0784 0.9797 -0.1846
vn 0.3086 0.9347 -0.1761
vn 0.5871 0.7955 -0.1499
vn 0.8083 0.5786 -0.1090
vn 0.9506 0.3050 -0.0575
vn 0.9877 0.1537 -0.0290
vn -0.9506 0.3031 -0.0668
vn -0.9877 0.1527 -0.0337
vn -0.8083 0.5749 -0.1267
vn -0.5871 0.7905 -0.1743
vn -0.3086 0.9289 -0.2048
vn -0.0784 0.9735 -0.2146
vn 0.0784 0.9735 -0.2146
vn 0.3086 0.9289 -0.2048
vn 0.5871 0.7905 -0.1743
vn 0.8083 0.5749 -0.1267
vn 0.9506 0.3031 -0.0668
vn 0.9877 0.1527 -0.0337
vn -0.9506 0.3009 -0.0757
vn -0.9877 0.1517 -0.0382
vn -0.8084 0.5709 -0.1436
vn -0.5871 0.7850 -0.1975
vn -0.3086 0.9224 -0.2320
vn -0.0784 0.9668 -0.2432
vn 0.0784 0.9668 -0.2432
vn 0.3086 0.9224 -0.2320
vn 0.5871 0.7850 -0.1975
vn 0.8084 0.5709 -0.1436
vn 0.9506 0.3009 -0.0757
vn 0.9877 0.1517 -0.0382
vn -0.9507 0.2986 -0.0840
vn -0.9877 0.1506 -0.0424
vn -0.8084 0.5666 -0.1594
vn -0.5872 0.7792 -0.2192
vn -0.3086 0.9156 -0.2576
vn -0.0784 0.9597 -0.2700
vn 0.0784 0.9597 -0.2700
vn 0.3086 0.9156 -0.2576
vn 0.5872 0.7792 -0.2192
vn 0.8084 0.5666 -0.1594
vn 0.9507 0.2986 -0.0840
vn 0.9877 0.1506 -0.0424
vn -0.9507 0.2962 -0.0917
vn -0.9877 0.1494 -0.0463
vn -0.8084 0.5622 -0.1741
vn -0.5872 0.7732 -0.2394
vn -0.3087 0.9086 -0.2813
vn -0.0784 0.9523 -0.2949
vn 0.0784 0.9523 -0.2949
vn 0.3087 0.9086 -0.2813
vn 0.5872 0.7732 -0.2394
vn 0.8084 0.5622 -0.1741
vn 0.9507 0.2962 -0.0917
vn 0.9877 0.1494 -0.0463
vn -0.9874 0.1518 -0.0456
vn -0.9877 0.1483 -0.0498
vn 0.1587 0.3631 0.9181
vn 0.1161 0.2806 0.9528
vn 0.0612 0.2372 0.9695
vn 0.0078 0.2715 0.9624
vn -0.0079 0.2715 0.9624
vn -0.0612 0.2372 0.9695
vn -0.1161 0.2805 0.9528
vn -0.1588 0.3631 0.9181
vn 0.9874 0.1518 -0.0456
vn 0.9877 0.1483 -0.0498
vn -0.7276 -0.4677 0.5018
vn -0.9958 0.0745 0.0529
vn -0.1631 -0.6160 0.7706
vn -0.1429 -0.5623 0.8145
vn -0.0926 -0.5180 0.8503
vn -0.0133 -0.5386 0.8425
vn 0.0133 -0.5386 0.8425
vn 0.0926 -0.5180 0.8503
vn 0.1429 -0.5623 0.8145
vn 0.1631 -0.6160 0.7706
vn 0.7276 -0.4677 0.5018
vn 0.9958 0.0745 0.0529
vn -0.3792 0.6543 0.6543
vn 0.3792 0.6543 0.6543
vn -0.9877 -0.1483 0.0499
vn -0.9515 -0.2909 0.1006
vn -0.9877 -0.1478 0.0511
vn -0.9877 -0.1465 0.0549
vn -0.1586 -0.2978 -0.9414
vn -0.8097 -0.5546 0.1919
vn -0.1160 -0.3833 -0.9163
vn -0.5885 -0.7641 0.2644
vn -0.0612 -0.4275 -0.9019
vn -0.3094 -0.8986 0.3110
vn -0.0079 -0.3964 -0.9180
vn -0.0785 -0.9421 0.3260
vn 0.0078 -0.3964 -0.9180
vn 0.0785 -0.9421 0.3260
vn 0.0612 -0.4276 -0.9019
vn 0.3094 -0.8986 0.3110
vn 0.1160 -0.3834 -0.9163
vn 0.5885 -0.7641 0.2644
vn 0.1586 -0.2978 -0.9413
vn 0.8097 -0.5546 0.1919
vn 0.9877 -0.1483 0.0500
vn 0.9515 -0.2909 0.1006
vn 0.9877 -0.1465 0.0549
vn 0.9877 -0.1478 0.0511
vn -0.9515 -0.2935 0.0923
vn -0.9877 -0.1492 0.0469
vn -0.8098 -0.5597 0.1761
vn -0.5885 -0.7712 0.2426
vn -0.3095 -0.9071 0.2854
vn -0.0785 -0.9510 0.2992
vn 0.0785 -0.9510 0.2992
vn 0.3095 -0.9071 0.2854
vn 0.5885 -0.7712 0.2426
vn 0.8098 -0.5597 0.1761
vn 0.9515 -0.2935 0.0923
vn 0.9877 -0.1492 0.0469
vn -0.9515 -0.2961 0.0831
vn -0.9877 -0.1506 0.0423
vn -0.8098 -0.5649 0.1585
vn -0.5886 -0.7784 0.2184
vn -0.3095 -0.9155 0.2569
vn -0.0785 -0.9598 0.2693
vn 0.0785 -0.9598 0.2693
vn 0.3095 -0.9155 0.2569
vn 0.5886 -0.7784 0.2184
vn 0.8098 -0.5649 0.1585
vn 0.9515 -0.2961 0.0831
vn 0.9877 -0.1506 0.0423
vn -0.9516 -0.2986 0.0731
vn -0.9877 -0.1519 0.0372
vn -0.8099 -0.5698 0.1394
vn -0.5887 -0.7852 0.1921
vn -0.3096 -0.9236 0.2260
vn -0.0785 -0.9684 0.2369
vn 0.0785 -0.9684 0.2369
vn 0.3096 -0.9236 0.2260
vn 0.5887 -0.7852 0.1921
vn 0.8099 -0.5698 0.1394
vn 0.9516 -0.2986 0.0731
vn 0.9877 -0.1519 0.0372
vn -0.9516 -0.3009 0.0624
vn -0.9877 -0.1531 0.0318
vn -0.8099 -0.5743 0.1191
vn -0.5887 -0.7915 0.1642
vn -0.3096 -0.9311 0.1931
vn -0.0785 -0.9761 0.2025
vn 0.0785 -0.9761 0.2025
vn 0.3096 -0.9311 0.1931
vn 0.5887 -0.7915 0.1642
vn 0.8099 -0.5743 0.1191
vn 0.9516 -0.3009 0.0624
vn 0.9877 -0.1531 0.0318
vn -0.9516 -0.3030 0.0514
vn -0.9877 -0.1542 0.0262
vn -0.8099 -0.5783 0.0981
vn -0.5887 -0.7969 0.1352
vn -0.3096 -0.9375 0.1591
vn -0.0785 -0.9829 0.1668
vn 0.0785 -0.9829 0.1668
vn 0.3096 -0.9375 0.1591
vn 0.5887 -0.7969 0.1352
vn 0.8099 -0.5783 0.0981
vn 0.9516 -0.3030 0.0514
vn 0.9877 -0.1542 0.0262
vn -0.9516 -0.3047 0.0403
vn -0.9877 -0.1551 0.0205
vn -0.8099 -0.5815 0.0769
vn -0.5887 -0.8014 0.1060
vn -0.3096 -0.9427 0.1247
vn -0.0785 -0.9883 0.1308
vn 0.0785 -0.9883 0.1308
vn 0.3096 -0.9427 0.1247
vn 0.5887 -0.8014 0.1060
vn 0.8099 -0.5815 0.0769
vn 0.9516 -0.3047 0.0403
vn 0.9877 -0.1551 0.0205
vn -0.9516 -0.3060 0.0294
vn -0.9877 -0.1557 0.0150
vn -0.8099 -0.5839 0.0561
vn -0.5887 -0.8047 0.0773
vn -0.3096 -0.9465 0.0910
vn -0.0785 -0.9923 0.0954
vn 0.0785 -0.9923 0.0954
vn 0.3096 -0.9465 0.0910
vn 0.5887 -0.8047 0.0773
vn 0.8099 -0.5839 0.0561
vn 0.9516 -0.3060 0.0294
vn 0.9877 -0.1557 0.0150
vn -0.9516 -0.3069 0.0189
vn -0.9877 -0.1561 0.0096
vn -0.8098 -0.5855 0.0361
vn -0.5886 -0.8069 0.0498
vn -0.3095 -0.9491 0.0586
vn -0.0785 -0.9950 0.0614
vn 0.0785 -0.9950 0.0614
vn 0.3095 -0.9491 0.0586
vn 0.5886 -0.8069 0.0498
vn 0.8098 -0.5855 0.0361
vn 0.9516 -0.3069 0.0189
vn 0.9877 -0.1561 0.0096
vn -0.9515 -0.3075 0.0091
vn -0.9877 -0.1563 0.0046
vn -0.8098 -0.5865 0.0174
vn -0.5886 -0.8081 0.0240
vn -0.3095 -0.9505 0.0282
vn -0.0785 -0.9965 0.0296
vn 0.0785 -0.9965 0.0296
vn 0.3095 -0.9505 0.0282
vn 0.5886 -0.8081 0.0240
vn 0.8098 -0.5865 0.0174
vn 0.9515 -0.3075 0.0091
vn 0.9877 -0.1563 0.0046
vn -0.9522 -0.3054 -0.0071
vn -0.9877 -0.1563 -0.0036
vn -0.8110 -0.5849 -0.0136
vn -0.5898 -0.8073 -0.0188
vn -0.3103 -0.9504 -0.0221
vn -0.0787 -0.9966 -0.0232
vn 0.0787 -0.9966 -0.0232
vn 0.3103 -0.9504 -0.0221
vn 0.5898 -0.8073 -0.0188
vn 0.8110 -0.5849 -0.0136
vn 0.9522 -0.3054 -0.0071
vn 0.9877 -0.1563 -0.0036
vn -0.9531 -0.3003 -0.0377
vn -0.9877 -0.1549 -0.0195
vn -0.8126 -0.5783 -0.0726
vn -0.5916 -0.8000 -0.1005
vn -0.3115 -0.9429 -0.1184
vn -0.0789 -0.9891 -0.1242
vn 0.0789 -0.9891 -0.1242
vn 0.3115 -0.9429 -0.1184
vn 0.5916 -0.8000 -0.1005
vn 0.8126 -0.5783 -0.0726
vn 0.9531 -0.3003 -0.0377
vn 0.9877 -0.1549 -0.0195
vn -0.9532 -0.2924 -0.0767
vn -0.9877 -0.1510 -0.0396
vn -0.8128 -0.5635 -0.1477
vn -0.5918 -0.7797 -0.2044
vn -0.3116 -0.9191 -0.2410
vn -0.0789 -0.9643 -0.2528
vn 0.0789 -0.9643 -0.2528
vn 0.3116 -0.9191 -0.2410
vn 0.5918 -0.7797 -0.2044
vn 0.8128 -0.5635 -0.1477
vn 0.9532 -0.2924 -0.0767
vn 0.9877 -0.1510 -0.0396
vn -0.9533 -0.2789 -0.1160
vn -0.9877 -0.1441 -0.0599
vn -0.8130 -0.5376 -0.2236
vn -0.5920 -0.7441 -0.3094
vn -0.3118 -0.8773 -0.3648
vn -0.0789 -0.9205 -0.3828
vn 0.0789 -0.9205 -0.3828
vn 0.3117 -0.8773 -0.3648
vn 0.5920 -0.7441 -0.3094
vn 0.8130 -0.5376 -0.2236
vn 0.9533 -0.2789 -0.1160
vn 0.9877 -0.1441 -0.0599
vn -0.9534 -0.2595 -0.1542
vn -0.9878 -0.1342 -0.0797
vn -0.8131 -0.5005 -0.2973
vn -0.5922 -0.6928 -0.4115
vn -0.3118 -0.8169 -0.4852
vn -0.0789 -0.8571 -0.5091
vn 0.0789 -0.8571 -0.5091
vn 0.3118 -0.8169 -0.4852
vn 0.5922 -0.6928 -0.4115
vn 0.8131 -0.5005 -0.2973
vn 0.9534 -0.2595 -0.1542
vn 0.9878 -0.1342 -0.0797
vn -0.9534 -0.2347 -0.1897
vn -0.9878 -0.1213 -0.0981
vn -0.8131 -0.4527 -0.3659
vn -0.5922 -0.6267 -0.5066
vn -0.3118 -0.7389 -0.5973
vn -0.0789 -0.7753 -0.6267
vn 0.0789 -0.7753 -0.6267
vn 0.3118 -0.7389 -0.5973
vn 0.5922 -0.6267 -0.5066
vn 0.8131 -0.4527 -0.3659
vn 0.9534 -0.2347 -0.1897
vn 0.9878 -0.1213 -0.0981
vn -0.9533 -0.2053 -0.2214
vn -0.9878 -0.1061 -0.1144
vn -0.8131 -0.3958 -0.4269
vn -0.5921 -0.5479 -0.5909
vn -0.3118 -0.6460 -0.6967
vn -0.0789 -0.6778 -0.7310
vn 0.0789 -0.6778 -0.7310
vn 0.3118 -0.6460 -0.6967
vn 0.5921 -0.5479 -0.5909
vn 0.8131 -0.3958 -0.4269
vn 0.9533 -0.2053 -0.2214
vn 0.9877 -0.1061 -0.1144
vn -0.9533 -0.1724 -0.2481
vn -0.9877 -0.0891 -0.1282
vn -0.8129 -0.3324 -0.4782
vn -0.5920 -0.4600 -0.6618
vn -0.3117 -0.5423 -0.7802
vn -0.0789 -0.5689 -0.8186
vn 0.0789 -0.5689 -0.8186
vn 0.3117 -0.5423 -0.7802
vn 0.5920 -0.4600 -0.6618
vn 0.8129 -0.3324 -0.4782
vn 0.9533 -0.1724 -0.2481
vn 0.9877 -0.0891 -0.1282
vn -0.9532 -0.1375 -0.2694
vn -0.9877 -0.0710 -0.1390
vn -0.8127 -0.2649 -0.5189
vn -0.5917 -0.3665 -0.7180
vn -0.3116 -0.4321 -0.8463
vn -0.0789 -0.4533 -0.8879
vn 0.0789 -0.4533 -0.8879
vn 0.3116 -0.4321 -0.8463
vn 0.5917 -0.3665 -0.7180
vn 0.8127 -0.2649 -0.5189
vn 0.9532 -0.1375 -0.2694
vn 0.9877 -0.0710 -0.1390
vn -0.9530 -0.1019 -0.2852
vn -0.9877 -0.0525 -0.1470
vn -0.8125 -0.1961 -0.5490
vn -0.5915 -0.2712 -0.7593
vn -0.3114 -0.3197 -0.8949
vn -0.0789 -0.3353 -0.9388
vn 0.0789 -0.3353 -0.9388
vn 0.3114 -0.3197 -0.8949
vn 0.5915 -0.2712 -0.7593
vn 0.8125 -0.1961 -0.5490
vn 0.9530 -0.1019 -0.2852
vn 0.9877 -0.0525 -0.1470
vn -0.9529 -0.0666 -0.2958
vn -0.9877 -0.0343 -0.1524
vn -0.8123 -0.1281 -0.5690
vn -0.5912 -0.1771 -0.7868
vn -0.3112 -0.2087 -0.9271
vn -0.0788 -0.2189 -0.9726
vn 0.0788 -0.2189 -0.9726
vn 0.3112 -0.2087 -0.9271
vn 0.5912 -0.1771 -0.7868
vn 0.8123 -0.1281 -0.5690
vn 0.9529 -0.0666 -0.2958
vn 0.9877 -0.0343 -0.1524
vn -0.9528 -0.0325 -0.3019
vn -0.9877 -0.0167 -0.1553
vn -0.8120 -0.0625 -0.5803
vn -0.5910 -0.0864 -0.8021
vn -0.3110 -0.1018 -0.9449
vn -0.0788 -0.1068 -0.9912
vn 0.0788 -0.1068 -0.9912
vn 0.3110 -0.1018 -0.9449
vn 0.5910 -0.0864 -0.8021
vn 0.8120 -0.0625 -0.5803
vn 0.9528 -0.0325 -0.3019
vn 0.9877 -0.0167 -0.1553
vn -0.9524 -0.0025 -0.3048
vn -0.9877 -0.0013 -0.1563
vn -0.8113 -0.0049 -0.5845
vn -0.5902 -0.0067 -0.8072
vn -0.3106 -0.0079 -0.9505
vn -0.0787 -0.0083 -0.9969
vn 0.0787 -0.0083 -0.9969
vn 0.3106 -0.0079 -0.9505
vn 0.5902 -0.0067 -0.8072
vn 0.8113 -0.0049 -0.5845
vn 0.9524 -0.0025 -0.3048
vn 0.9877 -0.0013 -0.1563
vn -0.9523 0.0230 -0.3043
vn -0.9877 0.0118 -0.1559
vn -0.8111 0.0441 -0.5832
vn -0.5900 0.0609 -0.8051
vn -0.3104 0.0717 -0.9479
vn -0.0787 0.0752 -0.9941
vn 0.0787 0.0752 -0.9941
vn 0.3104 0.0717 -0.9479
vn 0.5900 0.0609 -0.8051
vn 0.8111 0.0441 -0.5832
vn 0.9523 0.0230 -0.3043
vn 0.9877 0.0118 -0.1559
vn -0.9525 0.0495 -0.3004
vn -0.9877 0.0254 -0.1542
vn -0.8116 0.0949 -0.5765
vn -0.5905 0.1311 -0.7963
vn -0.3107 0.1544 -0.9379
vn -0.0787 0.1620 -0.9836
vn 0.0787 0.1620 -0.9836
vn 0.3107 0.1544 -0.9379
vn 0.5905 0.1311 -0.7963
vn 0.8116 0.0949 -0.5765
vn 0.9525 0.0495 -0.3004
vn 0.9877 0.0254 -0.1542
vn -0.9528 0.0801 -0.2928
vn -0.9877 0.0412 -0.1507
vn -0.8121 0.1540 -0.5628
vn -0.5910 0.2128 -0.7781
vn -0.3111 0.2508 -0.9167
vn -0.0788 0.2630 -0.9616
vn 0.0788 0.2630 -0.9616
vn 0.3111 0.2508 -0.9167
vn 0.5910 0.2128 -0.7781
vn 0.8121 0.1540 -0.5628
vn 0.9528 0.0801 -0.2928
vn 0.9877 0.0412 -0.1507
vn -0.9531 0.1147 -0.2799
vn -0.9877 0.0592 -0.1445
vn -0.8127 0.2209 -0.5392
vn -0.5917 0.3056 -0.7460
vn -0.3115 0.3602 -0.8793
vn -0.0789 0.3779 -0.9225
vn 0.0789 0.3779 -0.9225
vn 0.3115 0.3602 -0.8793
vn 0.5917 0.3056 -0.7460
vn 0.8127 0.2209 -0.5392
vn 0.9531 0.1147 -0.2799
vn 0.9877 0.0592 -0.1445
vn -0.9535 0.1522 -0.2603
vn -0.9878 0.0787 -0.1347
vn -0.8133 0.2936 -0.5023
vn -0.5924 0.4066 -0.6956
vn -0.3120 0.4795 -0.8202
vn -0.0790 0.5031 -0.8606
vn 0.0790 0.5031 -0.8606
vn 0.3120 0.4795 -0.8202
vn 0.5924 0.4066 -0.6956
vn 0.8133 0.2936 -0.5023
vn 0.9535 0.1522 -0.2603
vn 0.9878 0.0787 -0.1347
vn -0.9537 0.1903 -0.2329
vn -0.9878 0.0987 -0.1207
vn -0.8138 0.3678 -0.4500
vn -0.5929 0.5096 -0.6235
vn -0.3123 0.6012 -0.7355
vn -0.0790 0.6309 -0.7719
vn 0.0790 0.6309 -0.7719
vn 0.3123 0.6012 -0.7355
vn 0.5929 0.5096 -0.6235
vn 0.8138 0.3678 -0.4500
vn 0.9537 0.1903 -0.2329
vn 0.9878 0.0987 -0.1207
vn -0.9538 0.2260 -0.1978
vn -0.9878 0.1173 -0.1027
vn -0.8140 0.4371 -0.3826
vn -0.5932 0.6058 -0.5302
vn -0.3125 0.7148 -0.6256
vn -0.0791 0.7501 -0.6566
vn 0.0791 0.7501 -0.6566
vn 0.3125 0.7148 -0.6256
vn 0.5932 0.6058 -0.5302
vn 0.8140 0.4371 -0.3826
vn 0.9538 0.2260 -0.1978
vn 0.9878 0.1173 -0.1027
vn -0.9538 0.2561 -0.1572
vn -0.9878 0.1329 -0.0816
vn -0.8139 0.4952 -0.3040
vn -0.5931 0.6862 -0.4212
vn -0.3124 0.8096 -0.4970
vn -0.0791 0.8496 -0.5215
vn 0.0791 0.8496 -0.5215
vn 0.3124 0.8096 -0.4970
vn 0.5931 0.6862 -0.4212
vn 0.8139 0.4952 -0.3040
vn 0.9538 0.2561 -0.1572
vn 0.9878 0.1329 -0.0816
vn -0.9536 0.2787 -0.1143
vn -0.9878 0.1443 -0.0592
vn -0.8135 0.5381 -0.2207
vn -0.5926 0.7452 -0.3057
vn -0.3121 0.8790 -0.3606
vn -0.0790 0.9223 -0.3783
vn 0.0790 0.9223 -0.3783
vn 0.3121 0.8790 -0.3606
vn 0.5926 0.7452 -0.3057
vn 0.8135 0.5381 -0.2207
vn 0.9536 0.2787 -0.1143
vn 0.9878 0.1443 -0.0592
vn -0.9533 0.2933 -0.0725
vn -0.9877 0.1515 -0.0374
vn -0.8129 0.5654 -0.1397
vn -0.5920 0.7824 -0.1933
vn -0.3117 0.9225 -0.2279
vn -0.0789 0.9678 -0.2391
vn 0.0789 0.9678 -0.2391
vn 0.3117 0.9225 -0.2279
vn 0.5920 0.7824 -0.1933
vn 0.8129 0.5654 -0.1397
vn 0.9533 0.2933 -0.0725
vn 0.9877 0.1515 -0.0374
vn -0.9530 0.3012 -0.0341
vn -0.9877 0.1552 -0.0176
vn -0.8123 0.5795 -0.0657
vn -0.5913 0.8013 -0.0908
vn -0.3113 0.9443 -0.1070
vn -0.0788 0.9905 -0.1123
vn 0.0788 0.9905 -0.1123
vn 0.3113 0.9443 -0.1070
vn 0.5913 0.8013 -0.0908
vn 0.8123 0.5795 -0.0657
vn 0.9530 0.3012 -0.0341
vn 0.9877 0.1552 -0.0176
vn -0.9519 0.3064 -0.0081
vn -0.9877 0.1563 -0.0041
vn -0.8104 0.5857 -0.0155
vn -0.5892 0.8077 -0.0214
vn -0.3099 0.9504 -0.0251
vn -0.0786 0.9966 -0.0264
vn 0.0786 0.9966 -0.0264
vn 0.3099 0.9504 -0.0251
vn 0.5892 0.8077 -0.0214
vn 0.8104 0.5857 -0.0155
vn 0.9519 0.3064 -0.0081
vn 0.9877 0.1563 -0.0041
vn -0.9854 0.1203 0.1203
vn -0.9132 0.2882 0.2882
vn -0.7513 0.4666 0.4666
vn -0.4487 0.6319 0.6319
vn -0.1158 0.7024 0.7024
vn 0.1158 0.7024 0.7024
vn 0.4487 0.6319 0.6319
vn 0.7513 0.4666 0.4666
vn 0.9132 0.2882 0.2882
vn 0.9854 0.1203 0.1203
vn -0.9843 0.0270 0.1744
vn -0.9916 -0.0732 0.1069
vn -0.1618 0.8442 0.5110
vn -0.1272 0.8017 0.5841
vn -0.0716 0.7749 0.6280
vn -0.0094 0.7963 0.6049
vn 0.0094 0.7963 0.6049
vn 0.0716 0.7749 0.6280
vn 0.1272 0.8017 0.5841
vn 0.1618 0.8442 0.5110
vn 0.9843 0.0270 0.1744
vn 0.9916 -0.0732 0.1069
vt 0.625000 0.500000
vt 0.875000 0.500000
vt 0.875000 0.750000
vt 0.625000 0.750000
vt 0.375000 0.750000
vt 0.625000 1.000000
vt 0.375000 1.000000
vt 0.375000 0.000000
vt 0.625000 0.000000
vt 0.625000 0.250000
vt 0.375000 0.250000
vt 0.125000 0.500000
vt 0.375000 0.500000
vt 0.125000 0.750000
vt 0.000000 0.000000
s 0
usemtl Material
f 1/1/1 5/2/1 7/3/1 3/4/1
f 4/5/2 3/4/2 7/6/2 8/7/2
f 8/8/3 7/9/3 5/10/3 6/11/3
f 6/12/4 2/13/4 4/5/4 8/14/4
f 2/13/5 1/1/5 3/4/5 4/5/5
f 6/11/6 5/10/6 1/1/6 2/13/6
usemtl マテリアル
f 45/15/5 47/15/5 46/15/5
f 45/15/5 48/15/5 47/15/5
f 32/15/5 34/15/5 33/15/5
f 32/15/5 35/15/5 34/15/5
f 32/15/5 36/15/5 35/15/5
f 32/15/5 37/15/5 36/15/5
f 32/15/5 38/15/5 37/15/5
f 31/15/5 38/15/5 32/15/5
f 31/15/5 39/15/5 38/15/5
f 31/15/5 40/15/5 39/15/5
f 31/15/5 41/15/5 40/15/5
f 30/15/5 41/15/5 31/15/5
f 30/15/5 42/15/5 41/15/5
f 30/15/5 43/15/5 42/15/5
f 30/15/5 44/15/5 43/15/5
f 30/15/5 45/15/5 44/15/5
f 29/15/5 45/15/5 30/15/5
f 29/15/5 51/15/5 45/15/5
f 51/15/5 50/15/5 45/15/5
f 50/15/5 49/15/5 45/15/5
f 49/15/5 86/15/5 45/15/5
f 86/15/5 48/15/5 45/15/5
f 28/15/5 54/15/5 29/15/5
f 54/15/7 53/15/7 29/15/7
f 53/15/8 52/15/8 29/15/8
f 52/15/5 51/15/5 29/15/5
f 27/15/5 57/15/5 28/15/5
f 57/15/5 56/15/5 28/15/5
f 56/15/7 55/15/7 28/15/7
f 55/15/5 54/15/5 28/15/5
f 26/15/5 60/15/5 27/15/5
f 60/15/5 59/15/5 27/15/5
f 59/15/7 58/15/7 27/15/7
f 58/15/5 57/15/5 27/15/5
f 26/15/5 61/15/5 60/15/5
f 26/15/5 62/15/5 61/15/5
f 25/15/5 62/15/5 26/15/5
f 25/15/5 63/15/5 62/15/5
f 25/15/5 64/15/5 63/15/5
f 85/15/5 48/15/5 86/15/5
f 25/15/5 65/15/5 64/15/5
f 24/15/5 65/15/5 25/15/5
f 24/15/5 66/15/5 65/15/5
f 24/15/5 67/15/5 66/15/5
f 23/15/5 67/15/5 24/15/5
f 23/15/5 68/15/5 67/15/5
f 23/15/5 69/15/5 68/15/5
f 22/15/5 69/15/5 23/15/5
f 22/15/5 70/15/5 69/15/5
f 21/15/5 70/15/5 22/15/5
f 21/15/5 71/15/5 70/15/5
f 21/15/5 72/15/5 71/15/5
f 20/15/5 72/15/5 21/15/5
f 20/15/5 73/15/5 72/15/5
f 20/15/5 74/15/5 73/15/5
f 19/15/5 74/15/5 20/15/5
f 19/15/5 75/15/5 74/15/5
f 18/15/5 75/15/5 19/15/5
f 18/15/5 76/15/5 75/15/5
f 18/15/5 77/15/5 76/15/5
f 17/15/5 77/15/5 18/15/5
f 17/15/5 78/15/5 77/15/5
f 17/15/5 79/15/5 78/15/5
f 16/15/5 79/15/5 17/15/5
f 16/15/5 80/15/5 79/15/5
f 16/15/5 81/15/5 80/15/5
f 16/15/5 82/15/5 81/15/5
f 15/15/5 82/15/5 16/15/5
f 15/15/5 83/15/5 82/15/5
f 15/15/5 84/15/5 83/15/5
f 15/15/5 85/15/5 84/15/5
f 15/15/5 48/15/5 85/15/5
f 14/15/5 48/15/5 15/15/5
f 13/15/5 48/15/5 14/15/5
f 12/15/5 48/15/5 13/15/5
f 11/15/5 48/15/5 12/15/5
f 10/15/5 48/15/5 11/15/5
f 9/15/5 48/15/5 10/15/5
f 98/15/5 100/15/5 99/15/5
f 97/15/5 100/15/5 98/15/5
f 97/15/5 101/15/5 100/15/5
f 96/15/5 101/15/5 97/15/5
f 95/15/5 101/15/5 96/15/5
f 95/15/5 102/15/5 101/15/5
f 94/15/5 102/15/5 95/15/5
f 140/15/5 142/15/5 141/15/5
f 140/15/5 143/15/5 142/15/5
f 94/15/5 103/15/5 102/15/5
f 93/15/5 103/15/5 94/15/5
f 92/15/5 103/15/5 93/15/5
f 92/15/5 104/15/5 103/15/5
f 91/15/5 104/15/5 92/15/5
f 91/15/5 105/15/5 104/15/5
f 90/15/5 105/15/5 91/15/5
f 89/15/5 105/15/5 90/15/5
f 89/15/5 106/15/5 105/15/5
f 88/15/5 106/15/5 89/15/5
f 87/15/5 106/15/5 88/15/5
f 87/15/5 126/15/5 106/15/5
f 126/15/5 107/15/5 106/15/5
f 140/15/5 87/15/5 143/15/5
f 140/15/5 138/15/5 87/15/5
f 138/15/5 137/15/5 87/15/5
f 137/15/5 136/15/5 87/15/5
f 136/15/5 135/15/5 87/15/5
f 135/15/5 134/15/5 87/15/5
f 134/15/5 133/15/5 87/15/5
f 133/15/5 132/15/5 87/15/5
f 132/15/5 131/15/5 87/15/5
f 131/15/5 130/15/5 87/15/5
f 130/15/5 129/15/5 87/15/5
f 129/15/5 128/15/5 87/15/5
f 128/15/5 127/15/5 87/15/5
f 127/15/5 126/15/5 87/15/5
f 125/15/5 107/15/5 126/15/5
f 124/15/5 107/15/5 125/15/5
f 123/15/5 107/15/5 124/15/5
f 122/15/5 107/15/5 123/15/5
f 122/15/5 108/15/5 107/15/5
f 121/15/5 108/15/5 122/15/5
f 120/15/5 108/15/5 121/15/5
f 119/15/5 108/15/5 120/15/5
f 119/15/5 109/15/5 108/15/5
f 118/15/5 109/15/5 119/15/5
f 117/15/5 109/15/5 118/15/5
f 117/15/5 110/15/5 109/15/5
f 116/15/5 110/15/5 117/15/5
f 140/15/5 139/15/5 138/15/5
f 115/15/5 110/15/5 116/15/5
f 115/15/5 111/15/5 110/15/5
f 114/15/5 111/15/5 115/15/5
f 113/15/5 111/15/5 114/15/5
f 113/15/5 112/15/5 111/15/5
f 205/15/5 207/15/5 206/15/5
f 204/15/5 207/15/5 205/15/5
f 203/15/5 207/15/5 204/15/5
f 203/15/5 208/15/5 207/15/5
f 202/15/5 208/15/5 203/15/5
f 202/15/5 209/15/5 208/15/5
f 201/15/5 209/15/5 202/15/5
f 200/15/5 209/15/5 201/15/5
f 200/15/5 210/15/5 209/15/5
f 199/15/5 210/15/5 200/15/5
f 198/15/5 210/15/5 199/15/5
f 198/15/5 211/15/5 210/15/5
f 197/15/5 211/15/5 198/15/5
f 196/15/5 211/15/5 197/15/5
f 196/15/5 212/15/5 211/15/5
f 195/15/5 212/15/5 196/15/5
f 194/15/5 212/15/5 195/15/5
f 194/15/5 213/15/5 212/15/5
f 193/15/5 192/15/5 194/15/5
f 192/15/5 191/15/5 194/15/5
f 191/15/5 190/15/5 194/15/5
f 190/15/5 189/15/5 194/15/5
f 189/15/5 188/15/5 194/15/5
f 188/15/5 187/15/5 194/15/5
f 187/15/5 186/15/5 194/15/5
f 186/15/5 185/15/5 194/15/5
f 185/15/5 184/15/5 194/15/5
f 184/15/5 183/15/5 194/15/5
f 183/15/5 182/15/5 194/15/5
f 182/15/5 213/15/5 194/15/5
f 182/15/5 181/15/5 213/15/5
f 181/15/5 214/15/5 213/15/5
f 180/15/5 214/15/5 181/15/5
f 179/15/5 214/15/5 180/15/5
f 178/15/5 214/15/5 179/15/5
f 178/15/5 215/15/5 214/15/5
f 177/15/5 215/15/5 178/15/5
f 176/15/5 215/15/5 177/15/5
f 175/15/5 215/15/5 176/15/5
f 175/15/5 216/15/5 215/15/5
f 174/15/5 216/15/5 175/15/5
f 173/15/5 216/15/5 174/15/5
f 173/15/5 217/15/5 216/15/5
f 172/15/5 217/15/5 173/15/5
f 171/15/5 217/15/5 172/15/5
f 171/15/5 218/15/5 217/15/5
f 170/15/5 218/15/5 171/15/5
f 169/15/5 218/15/5 170/15/5
f 169/15/5 219/15/5 218/15/5
f 168/15/5 219/15/5 169/15/5
f 167/15/5 219/15/5 168/15/5
f 167/15/5 220/15/5 219/15/5
f 166/15/5 220/15/5 167/15/5
f 165/15/5 220/15/5 166/15/5
f 165/15/5 221/15/5 220/15/5
f 164/15/5 221/15/5 165/15/5
f 163/15/5 221/15/5 164/15/5
f 163/15/5 222/15/5 221/15/5
f 162/15/5 222/15/5 163/15/5
f 161/15/5 222/15/5 162/15/5
f 160/15/5 222/15/5 161/15/5
f 160/15/5 223/15/5 222/15/5
f 159/15/5 223/15/5 160/15/5
f 158/15/5 223/15/5 159/15/5
f 158/15/5 224/15/5 223/15/5
f 157/15/5 224/15/5 158/15/5
f 156/15/5 224/15/5 157/15/5
f 156/15/5 225/15/5 224/15/5
f 155/15/5 225/15/5 156/15/5
f 155/15/5 226/15/5 225/15/5
f 154/15/5 226/15/5 155/15/5
f 154/15/5 227/15/5 226/15/5
f 153/15/5 227/15/5 154/15/5
f 152/15/5 227/15/5 153/15/5
f 152/15/5 228/15/5 227/15/5
f 151/15/5 228/15/5 152/15/5
f 151/15/5 229/15/5 228/15/5
f 150/15/5 229/15/5 151/15/5
f 150/15/5 230/15/5 229/15/5
f 149/15/5 230/15/5 150/15/5
f 148/15/5 230/15/5 149/15/5
f 148/15/5 231/15/5 230/15/5
f 148/15/5 232/15/5 231/15/5
f 147/15/5 232/15/5 148/15/5
f 146/15/5 232/15/5 147/15/5
f 145/15/5 232/15/5 146/15/5
f 144/15/5 232/15/5 145/15/5
f 269/15/3 270/15/3 271/15/3
f 269/15/3 271/15/3 272/15/3
f 256/15/3 257/15/3 258/15/3
f 256/15/3 258/15/3 259/15/3
f 256/15/3 259/15/3 260/15/3
f 256/15/3 260/15/3 261/15/3
f 256/15/3 261/15/3 262/15/3
f 255/15/3 256/15/3 262/15/3
f 255/15/3 262/15/3 263/15/3
f 255/15/3 263/15/3 264/15/3
f 255/15/3 264/15/3 265/15/3
f 254/15/3 255/15/3 265/15/3
f 254/15/3 265/15/3 266/15/3
f 254/15/3 266/15/3 267/15/3
f 254/15/3 267/15/3 268/15/3
f 254/15/3 268/15/3 269/15/3
f 253/15/3 254/15/3 269/15/3
f 253/15/3 269/15/3 275/15/3
f 275/15/3 269/15/3 274/15/3
f 274/15/3 269/15/3 273/15/3
f 273/15/3 269/15/3 310/15/3
f 310/15/3 269/15/3 272/15/3
f 252/15/3 253/15/3 278/15/3
f 278/15/9 253/15/9 277/15/9
f 277/15/10 253/15/10 276/15/10
f 276/15/3 253/15/3 275/15/3
f 251/15/3 252/15/3 281/15/3
f 281/15/3 252/15/3 280/15/3
f 280/15/9 252/15/9 279/15/9
f 279/15/3 252/15/3 278/15/3
f 250/15/3 251/15/3 284/15/3
f 284/15/3 251/15/3 283/15/3
f 283/15/9 251/15/9 282/15/9
f 282/15/3 251/15/3 281/15/3
f 250/15/3 284/15/3 285/15/3
f 250/15/3 285/15/3 286/15/3
f 249/15/3 250/15/3 286/15/3
f 249/15/3 286/15/3 287/15/3
f 249/15/3 287/15/3 288/15/3
f 309/15/3 310/15/3 272/15/3
f 249/15/3 288/15/3 289/15/3
f 248/15/3 249/15/3 289/15/3
f 248/15/3 289/15/3 290/15/3
f 248/15/3 290/15/3 291/15/3
f 247/15/3 248/15/3 291/15/3
f 247/15/3 291/15/3 292/15/3
f 247/15/3 292/15/3 293/15/3
f 246/15/3 247/15/3 293/15/3
f 246/15/3 293/15/3 294/15/3
f 245/15/3 246/15/3 294/15/3
f 245/15/3 294/15/3 295/15/3
f 245/15/3 295/15/3 296/15/3
f 244/15/3 245/15/3 296/15/3
f 244/15/3 296/15/3 297/15/3
f 244/15/3 297/15/3 298/15/3
f 243/15/3 244/15/3 298/15/3
f 243/15/3 298/15/3 299/15/3
f 242/15/3 243/15/3 299/15/3
f 242/15/3 299/15/3 300/15/3
f 242/15/3 300/15/3 301/15/3
f 241/15/3 242/15/3 301/15/3
f 241/15/3 301/15/3 302/15/3
f 241/15/3 302/15/3 303/15/3
f 240/15/3 241/15/3 303/15/3
f 240/15/3 303/15/3 304/15/3
f 240/15/3 304/15/3 305/15/3
f 240/15/3 305/15/3 306/15/3
f 239/15/3 240/15/3 306/15/3
f 239/15/3 306/15/3 307/15/3
f 239/15/3 307/15/3 308/15/3
f 239/15/3 308/15/3 309/15/3
f 239/15/3 309/15/3 272/15/3
f 238/15/3 239/15/3 272/15/3
f 237/15/3 238/15/3 272/15/3
f 236/15/3 237/15/3 272/15/3
f 235/15/3 236/15/3 272/15/3
f 234/15/3 235/15/3 272/15/3
f 233/15/3 234/15/3 272/15/3
f 322/15/3 323/15/3 324/15/3
f 321/15/3 322/15/3 324/15/3
f 321/15/3 324/15/3 325/15/3
f 320/15/3 321/15/3 325/15/3
f 319/15/3 320/15/3 325/15/3
f 319/15/3 325/15/3 326/15/3
f 318/15/3 319/15/3 326/15/3
f 364/15/3 365/15/3 366/15/3
f 364/15/3 366/15/3 367/15/3
f 318/15/3 326/15/3 327/15/3
f 317/15/3 318/15/3 327/15/3
f 316/15/3 317/15/3 327/15/3
f 316/15/3 327/15/3 328/15/3
f 315/15/3 316/15/3 328/15/3
f 315/15/3 328/15/3 329/15/3
f 314/15/3 315/15/3 329/15/3
f 313/15/3 314/15/3 329/15/3
f 313/15/3 329/15/3 330/15/3
f 312/15/3 313/15/3 330/15/3
f 311/15/3 312/15/3 330/15/3
f 311/15/3 330/15/3 350/15/3
f 350/15/3 330/15/3 331/15/3
f 364/15/3 367/15/3 311/15/3
f 364/15/3 311/15/3 362/15/3
f 362/15/3 311/15/3 361/15/3
f 361/15/3 311/15/3 360/15/3
f 360/15/3 311/15/3 359/15/3
f 359/15/3 311/15/3 358/15/3
f 358/15/3 311/15/3 357/15/3
f 357/15/3 311/15/3 356/15/3
f 356/15/3 311/15/3 355/15/3
f 355/15/3 311/15/3 354/15/3
f 354/15/3 311/15/3 353/15/3
f 353/15/3 311/15/3 352/15/3
f 352/15/3 311/15/3 351/15/3
f 351/15/3 311/15/3 350/15/3
f 349/15/3 350/15/3 331/15/3
f 348/15/3 349/15/3 331/15/3
f 347/15/3 348/15/3 331/15/3
f 346/15/3 347/15/3 331/15/3
f 346/15/3 331/15/3 332/15/3
f 345/15/3 346/15/3 332/15/3
f 344/15/3 345/15/3 332/15/3
f 343/15/3 344/15/3 332/15/3
f 343/15/3 332/15/3 333/15/3
f 342/15/3 343/15/3 333/15/3
f 341/15/3 342/15/3 333/15/3
f 341/15/3 333/15/3 334/15/3
f 340/15/3 341/15/3 334/15/3
f 364/15/3 362/15/3 363/15/3
f 339/15/3 340/15/3 334/15/3
f 339/15/3 334/15/3 335/15/3
f 338/15/3 339/15/3 335/15/3
f 337/15/3 338/15/3 335/15/3
f 337/15/3 335/15/3 336/15/3
f 429/15/3 430/15/3 431/15/3
f 428/15/3 429/15/3 431/15/3
f 427/15/3 428/15/3 431/15/3
f 427/15/3 431/15/3 432/15/3
f 426/15/3 427/15/3 432/15/3
f 426/15/3 432/15/3 433/15/3
f 425/15/3 426/15/3 433/15/3
f 424/15/3 425/15/3 433/15/3
f 424/15/3 433/15/3 434/15/3
f 423/15/3 424/15/3 434/15/3
f 422/15/3 423/15/3 434/15/3
f 422/15/3 434/15/3 435/15/3
f 421/15/3 422/15/3 435/15/3
f 420/15/3 421/15/3 435/15/3
f 420/15/3 435/15/3 436/15/3
f 419/15/3 420/15/3 436/15/3
f 418/15/3 419/15/3 436/15/3
f 418/15/3 436/15/3 437/15/3
f 417/15/3 418/15/3 416/15/3
f 416/15/3 418/15/3 415/15/3
f 415/15/3 418/15/3 414/15/3
f 414/15/3 418/15/3 413/15/3
f 413/15/3 418/15/3 412/15/3
f 412/15/3 418/15/3 411/15/3
f 411/15/3 418/15/3 410/15/3
f 410/15/3 418/15/3 409/15/3
f 409/15/3 418/15/3 408/15/3
f 408/15/3 418/15/3 407/15/3
f 407/15/3 418/15/3 406/15/3
f 406/15/3 418/15/3 437/15/3
f 406/15/3 437/15/3 405/15/3
f 405/15/3 437/15/3 438/15/3
f 404/15/3 405/15/3 438/15/3
f 403/15/3 404/15/3 438/15/3
f 402/15/3 403/15/3 438/15/3
f 402/15/3 438/15/3 439/15/3
f 401/15/3 402/15/3 439/15/3
f 400/15/3 401/15/3 439/15/3
f 399/15/3 400/15/3 439/15/3
f 399/15/3 439/15/3 440/15/3
f 398/15/3 399/15/3 440/15/3
f 397/15/3 398/15/3 440/15/3
f 397/15/3 440/15/3 441/15/3
f 396/15/3 397/15/3 441/15/3
f 395/15/3 396/15/3 441/15/3
f 395/15/3 441/15/3 442/15/3
f 394/15/3 395/15/3 442/15/3
f 393/15/3 394/15/3 442/15/3
f 393/15/3 442/15/3 443/15/3
f 392/15/3 393/15/3 443/15/3
f 391/15/3 392/15/3 443/15/3
f 391/15/3 443/15/3 444/15/3
f 390/15/3 391/15/3 444/15/3
f 389/15/3 390/15/3 444/15/3
f 389/15/3 444/15/3 445/15/3
f 388/15/3 389/15/3 445/15/3
f 387/15/3 388/15/3 445/15/3
f 387/15/3 445/15/3 446/15/3
f 386/15/3 387/15/3 446/15/3
f 385/15/3 386/15/3 446/15/3
f 384/15/3 385/15/3 446/15/3
f 384/15/3 446/15/3 447/15/3
f 383/15/3 384/15/3 447/15/3
f 382/15/3 383/15/3 447/15/3
f 382/15/3 447/15/3 448/15/3
f 381/15/3 382/15/3 448/15/3
f 380/15/3 381/15/3 448/15/3
f 380/15/3 448/15/3 449/15/3
f 379/15/3 380/15/3 449/15/3
f 379/15/3 449/15/3 450/15/3
f 378/15/3 379/15/3 450/15/3
f 378/15/3 450/15/3 451/15/3
f 377/15/3 378/15/3 451/15/3
f 376/15/3 377/15/3 451/15/3
f 376/15/3 451/15/3 452/15/3
f 375/15/3 376/15/3 452/15/3
f 375/15/3 452/15/3 453/15/3
f 374/15/3 375/15/3 453/15/3
f 374/15/3 453/15/3 454/15/3
f 373/15/3 374/15/3 454/15/3
f 372/15/3 373/15/3 454/15/3
f 372/15/3 454/15/3 455/15/3
f 372/15/3 455/15/3 456/15/3
f 371/15/3 372/15/3 456/15/3
f 370/15/3 371/15/3 456/15/3
f 369/15/3 370/15/3 456/15/3
f 368/15/3 369/15/3 456/15/3
s 1
f 458/15/11 470/15/12 469/15/13 457/15/14
f 459/15/15 471/15/16 470/15/12 458/15/11
f 460/15/17 472/15/18 471/15/16 459/15/15
f 461/15/19 473/15/20 472/15/18 460/15/17
f 462/15/21 474/15/22 473/15/20 461/15/19
f 463/15/23 475/15/24 474/15/22 462/15/21
f 464/15/25 476/15/26 475/15/24 463/15/23
f 465/15/27 477/15/28 476/15/26 464/15/25
f 466/15/29 478/15/30 477/15/28 465/15/27
f 467/15/31 479/15/32 478/15/30 466/15/29
f 468/15/33 480/15/34 479/15/32 467/15/31
f 470/15/12 482/15/35 481/15/36 469/15/13
f 471/15/16 483/15/37 482/15/35 470/15/12
f 472/15/18 484/15/38 483/15/37 471/15/16
f 473/15/20 485/15/39 484/15/38 472/15/18
f 474/15/22 486/15/40 485/15/39 473/15/20
f 475/15/24 487/15/41 486/15/40 474/15/22
f 476/15/26 488/15/42 487/15/41 475/15/24
f 477/15/28 489/15/43 488/15/42 476/15/26
f 478/15/30 490/15/44 489/15/43 477/15/28
f 479/15/32 491/15/45 490/15/44 478/15/30
f 480/15/34 492/15/46 491/15/45 479/15/32
f 482/15/35 494/15/47 493/15/48 481/15/36
f 483/15/37 495/15/49 494/15/47 482/15/35
f 484/15/38 496/15/50 495/15/49 483/15/37
f 485/15/39 497/15/51 496/15/50 484/15/38
f 486/15/40 498/15/52 497/15/51 485/15/39
f 487/15/41 499/15/53 498/15/52 486/15/40
f 488/15/42 500/15/54 499/15/53 487/15/41
f 489/15/43 501/15/55 500/15/54 488/15/42
f 490/15/44 502/15/56 501/15/55 489/15/43
f 491/15/45 503/15/57 502/15/56 490/15/44
f 492/15/46 504/15/58 503/15/57 491/15/45
f 494/15/47 506/15/59 505/15/60 493/15/48
f 495/15/49 507/15/61 506/15/59 494/15/47
f 496/15/50 508/15/62 507/15/61 495/15/49
f 497/15/51 509/15/63 508/15/62 496/15/50
f 498/15/52 510/15/64 509/15/63 497/15/51
f 499/15/53 511/15/65 510/15/64 498/15/52
f 500/15/54 512/15/66 511/15/65 499/15/53
f 501/15/55 513/15/67 512/15/66 500/15/54
f 502/15/56 514/15/68 513/15/67 501/15/55
f 503/15/57 515/15/69 514/15/68 502/15/56
f 504/15/58 516/15/70 515/15/69 503/15/57
f 506/15/59 518/15/71 517/15/72 505/15/60
f 507/15/61 519/15/73 518/15/71 506/15/59
f 508/15/62 520/15/74 519/15/73 507/15/61
f 509/15/63 521/15/75 520/15/74 508/15/62
f 510/15/64 522/15/76 521/15/75 509/15/63
f 511/15/65 523/15/77 522/15/76 510/15/64
f 512/15/66 524/15/78 523/15/77 511/15/65
f 513/15/67 525/15/79 524/15/78 512/15/66
f 514/15/68 526/15/80 525/15/79 513/15/67
f 515/15/69 527/15/81 526/15/80 514/15/68
f 516/15/70 528/15/82 527/15/81 515/15/69
f 518/15/71 530/15/83 529/15/84 517/15/72
f 519/15/73 531/15/85 530/15/83 518/15/71
f 520/15/74 532/15/86 531/15/85 519/15/73
f 521/15/75 533/15/87 532/15/86 520/15/74
f 522/15/76 534/15/88 533/15/87 521/15/75
f 523/15/77 535/15/89 534/15/88 522/15/76
f 524/15/78 536/15/90 535/15/89 523/15/77
f 525/15/79 537/15/91 536/15/90 524/15/78
f 526/15/80 538/15/92 537/15/91 525/15/79
f 527/15/81 539/15/93 538/15/92 526/15/80
f 528/15/82 540/15/94 539/15/93 527/15/81
f 530/15/83 542/15/95 541/15/96 529/15/84
f 531/15/85 543/15/97 542/15/95 530/15/83
f 532/15/86 544/15/98 543/15/97 531/15/85
f 533/15/87 545/15/99 544/15/98 532/15/86
f 534/15/88 546/15/100 545/15/99 533/15/87
f 535/15/89 547/15/101 546/15/100 534/15/88
f 536/15/90 548/15/102 547/15/101 535/15/89
f 537/15/91 549/15/103 548/15/102 536/15/90
f 538/15/92 550/15/104 549/15/103 537/15/91
f 539/15/93 551/15/105 550/15/104 538/15/92
f 540/15/94 552/15/106 551/15/105 539/15/93
f 542/15/95 554/15/107 553/15/108 541/15/96
f 543/15/97 555/15/109 554/15/107 542/15/95
f 544/15/98 556/15/110 555/15/109 543/15/97
f 545/15/99 557/15/111 556/15/110 544/15/98
f 546/15/100 558/15/112 557/15/111 545/15/99
f 547/15/101 559/15/113 558/15/112 546/15/100
f 548/15/102 560/15/114 559/15/113 547/15/101
f 549/15/103 561/15/115 560/15/114 548/15/102
f 550/15/104 562/15/116 561/15/115 549/15/103
f 551/15/105 563/15/117 562/15/116 550/15/104
f 552/15/106 564/15/118 563/15/117 551/15/105
f 554/15/107 566/15/119 565/15/120 553/15/108
f 555/15/109 567/15/121 566/15/119 554/15/107
f 556/15/110 568/15/122 567/15/121 555/15/109
f 557/15/111 569/15/123 568/15/122 556/15/110
f 558/15/112 570/15/124 569/15/123 557/15/111
f 559/15/113 571/15/125 570/15/124 558/15/112
f 560/15/114 572/15/126 571/15/125 559/15/113
f 561/15/115 573/15/127 572/15/126 560/15/114
f 562/15/116 574/15/128 573/15/127 561/15/115
f 563/15/117 575/15/129 574/15/128 562/15/116
f 564/15/118 576/15/130 575/15/129 563/15/117
f 566/15/119 578/15/131 577/15/132 565/15/120
f 567/15/121 579/15/133 578/15/131 566/15/119
f 568/15/122 580/15/134 579/15/133 567/15/121
f 569/15/123 581/15/135 580/15/134 568/15/122
f 570/15/124 582/15/136 581/15/135 569/15/123
f 571/15/125 583/15/137 582/15/136 570/15/124
f 572/15/126 584/15/138 583/15/137 571/15/125
f 573/15/127 585/15/139 584/15/138 572/15/126
f 574/15/128 586/15/140 585/15/139 573/15/127
f 575/15/129 587/15/141 586/15/140 574/15/128
f 576/15/130 588/15/142 587/15/141 575/15/129
f 578/15/131 590/15/143 589/15/144 577/15/132
f 579/15/133 591/15/145 590/15/143 578/15/131
f 580/15/134 592/15/146 591/15/145 579/15/133
f 581/15/135 593/15/147 592/15/146 580/15/134
f 582/15/136 594/15/148 593/15/147 581/15/135
f 583/15/137 595/15/149 594/15/148 582/15/136
f 584/15/138 596/15/150 595/15/149 583/15/137
f 585/15/139 597/15/151 596/15/150 584/15/138
f 586/15/140 598/15/152 597/15/151 585/15/139
f 587/15/141 599/15/153 598/15/152 586/15/140
f 588/15/142 600/15/154 599/15/153 587/15/141
f 590/15/143 602/15/155 601/15/156 589/15/144
f 591/15/145 603/15/157 602/15/155 590/15/143
f 592/15/146 604/15/158 603/15/157 591/15/145
f 593/15/147 605/15/159 604/15/158 592/15/146
f 594/15/148 606/15/160 605/15/159 593/15/147
f 595/15/149 607/15/161 606/15/160 594/15/148
f 596/15/150 608/15/162 607/15/161 595/15/149
f 597/15/151 609/15/163 608/15/162 596/15/150
f 598/15/152 610/15/164 609/15/163 597/15/151
f 599/15/153 611/15/165 610/15/164 598/15/152
f 600/15/154 612/15/166 611/15/165 599/15/153
f 602/15/155 614/15/167 613/15/168 601/15/156
f 603/15/157 615/15/169 614/15/167 602/15/155
f 604/15/158 616/15/170 615/15/169 603/15/157
f 605/15/159 617/15/171 616/15/170 604/15/158
f 606/15/160 618/15/172 617/15/171 605/15/159
f 607/15/161 619/15/173 618/15/172 606/15/160
f 608/15/162 620/15/174 619/15/173 607/15/161
f 609/15/163 621/15/175 620/15/174 608/15/162
f 610/15/164 622/15/176 621/15/175 609/15/163
f 611/15/165 623/15/177 622/15/176 610/15/164
f 612/15/166 624/15/178 623/15/177 611/15/165
f 614/15/167 626/15/179 625/15/180 613/15/168
f 615/15/169 627/15/181 626/15/179 614/15/167
f 616/15/170 628/15/182 627/15/181 615/15/169
f 617/15/171 629/15/183 628/15/182 616/15/170
f 618/15/172 630/15/184 629/15/183 617/15/171
f 619/15/173 631/15/185 630/15/184 618/15/172
f 620/15/174 632/15/186 631/15/185 619/15/173
f 621/15/175 633/15/187 632/15/186 620/15/174
f 622/15/176 634/15/188 633/15/187 621/15/175
f 623/15/177 635/15/189 634/15/188 622/15/176
f 624/15/178 636/15/190 635/15/189 623/15/177
f 626/15/179 638/15/191 637/15/192 625/15/180
f 627/15/181 639/15/193 638/15/191 626/15/179
f 628/15/182 640/15/194 639/15/193 627/15/181
f 629/15/183 641/15/195 640/15/194 628/15/182
f 630/15/184 642/15/196 641/15/195 629/15/183
f 631/15/185 643/15/197 642/15/196 630/15/184
f 632/15/186 644/15/198 643/15/197 631/15/185
f 633/15/187 645/15/199 644/15/198 632/15/186
f 634/15/188 646/15/200 645/15/199 633/15/187
f 635/15/189 647/15/201 646/15/200 634/15/188
f 636/15/190 648/15/202 647/15/201 635/15/189
f 638/15/191 650/15/203 649/15/204 637/15/192
f 639/15/193 651/15/205 650/15/203 638/15/191
f 640/15/194 652/15/206 651/15/205 639/15/193
f 641/15/195 653/15/207 652/15/206 640/15/194
f 642/15/196 654/15/208 653/15/207 641/15/195
f 643/15/197 655/15/209 654/15/208 642/15/196
f 644/15/198 656/15/210 655/15/209 643/15/197
f 645/15/199 657/15/211 656/15/210 644/15/198
f 646/15/200 658/15/212 657/15/211 645/15/199
f 647/15/201 659/15/213 658/15/212 646/15/200
f 648/15/202 660/15/214 659/15/213 647/15/201
f 650/15/203 662/15/215 661/15/216 649/15/204
f 651/15/205 663/15/217 662/15/215 650/15/203
f 652/15/206 664/15/218 663/15/217 651/15/205
f 653/15/207 665/15/219 664/15/218 652/15/206
f 654/15/208 666/15/220 665/15/219 653/15/207
f 655/15/209 667/15/221 666/15/220 654/15/208
f 656/15/210 668/15/222 667/15/221 655/15/209
f 657/15/211 669/15/223 668/15/222 656/15/210
f 658/15/212 670/15/224 669/15/223 657/15/211
f 659/15/213 671/15/225 670/15/224 658/15/212
f 660/15/214 672/15/226 671/15/225 659/15/213
f 662/15/215 674/15/227 673/15/228 661/15/216
f 663/15/217 675/15/229 674/15/227 662/15/215
f 664/15/218 676/15/230 675/15/229 663/15/217
f 665/15/219 677/15/231 676/15/230 664/15/218
f 666/15/220 678/15/232 677/15/231 665/15/219
f 667/15/221 679/15/233 678/15/232 666/15/220
f 668/15/222 680/15/234 679/15/233 667/15/221
f 669/15/223 681/15/235 680/15/234 668/15/222
f 670/15/224 682/15/236 681/15/235 669/15/223
f 671/15/225 683/15/237 682/15/236 670/15/224
f 672/15/226 684/15/238 683/15/237 671/15/225
f 674/15/227 686/15/239 685/15/240 673/15/228
f 675/15/229 687/15/241 686/15/239 674/15/227
f 676/15/230 688/15/242 687/15/241 675/15/229
f 677/15/231 689/15/243 688/15/242 676/15/230
f 678/15/232 690/15/244 689/15/243 677/15/231
f 679/15/233 691/15/245 690/15/244 678/15/232
f 680/15/234 692/15/246 691/15/245 679/15/233
f 681/15/235 693/15/247 692/15/246 680/15/234
f 682/15/236 694/15/248 693/15/247 681/15/235
f 683/15/237 695/15/249 694/15/248 682/15/236
f 684/15/238 696/15/250 695/15/249 683/15/237
f 686/15/239 698/15/251 697/15/252 685/15/240
f 687/15/241 699/15/253 698/15/251 686/15/239
f 688/15/242 700/15/254 699/15/253 687/15/241
f 689/15/243 701/15/255 700/15/254 688/15/242
f 690/15/244 702/15/256 701/15/255 689/15/243
f 691/15/245 703/15/257 702/15/256 690/15/244
f 692/15/246 704/15/258 703/15/257 691/15/245
f 693/15/247 705/15/259 704/15/258 692/15/246
f 694/15/248 706/15/260 705/15/259 693/15/247
f 695/15/249 707/15/261 706/15/260 694/15/248
f 696/15/250 708/15/262 707/15/261 695/15/249
f 698/15/251 710/15/263 709/15/264 697/15/252
f 699/15/253 711/15/265 710/15/263 698/15/251
f 700/15/254 712/15/266 711/15/265 699/15/253
f 701/15/255 713/15/267 712/15/266 700/15/254
f 702/15/256 714/15/268 713/15/267 701/15/255
f 703/15/257 715/15/269 714/15/268 702/15/256
f 704/15/258 716/15/270 715/15/269 703/15/257
f 705/15/259 717/15/271 716/15/270 704/15/258
f 706/15/260 718/15/272 717/15/271 705/15/259
f 707/15/261 719/15/273 718/15/272 706/15/260
f 708/15/262 720/15/274 719/15/273 707/15/261
f 710/15/263 722/15/275 721/15/276 709/15/264
f 711/15/265 723/15/277 722/15/275 710/15/263
f 712/15/266 724/15/278 723/15/277 711/15/265
f 713/15/267 725/15/279 724/15/278 712/15/266
f 714/15/268 726/15/280 725/15/279 713/15/267
f 715/15/269 727/15/281 726/15/280 714/15/268
f 716/15/270 728/15/282 727/15/281 715/15/269
f 717/15/271 729/15/283 728/15/282 716/15/270
f 718/15/272 730/15/284 729/15/283 717/15/271
f 719/15/273 731/15/285 730/15/284 718/15/272
f 720/15/274 732/15/286 731/15/285 719/15/273
f 722/15/275 734/15/287 733/15/288 721/15/276
f 723/15/277 735/15/289 734/15/287 722/15/275
f 724/15/278 736/15/290 735/15/289 723/15/277
f 725/15/279 737/15/291 736/15/290 724/15/278
f 726/15/280 738/15/292 737/15/291 725/15/279
f 727/15/281 739/15/293 738/15/292 726/15/280
f 728/15/282 740/15/294 739/15/293 727/15/281
f 729/15/283 741/15/295 740/15/294 728/15/282
f 730/15/284 742/15/296 741/15/295 729/15/283
f 731/15/285 743/15/297 742/15/296 730/15/284
f 732/15/286 744/15/298 743/15/297 731/15/285
f 734/15/287 746/15/299 745/15/300 733/15/288
f 735/15/289 747/15/301 746/15/299 734/15/287
f 736/15/290 748/15/302 747/15/301 735/15/289
f 737/15/291 749/15/303 748/15/302 736/15/290
f 738/15/292 750/15/304 749/15/303 737/15/291
f 739/15/293 751/15/305 750/15/304 738/15/292
f 740/15/294 752/15/306 751/15/305 739/15/293
f 741/15/295 753/15/307 752/15/306 740/15/294
f 742/15/296 754/15/308 753/15/307 741/15/295
f 743/15/297 755/15/309 754/15/308 742/15/296
f 744/15/298 756/15/310 755/15/309 743/15/297
f 746/15/299 758/15/311 757/15/312 745/15/300
f 747/15/301 759/15/313 758/15/311 746/15/299
f 748/15/302 760/15/314 759/15/313 747/15/301
f 749/15/303 761/15/315 760/15/314 748/15/302
f 750/15/304 762/15/316 761/15/315 749/15/303
f 751/15/305 763/15/317 762/15/316 750/15/304
f 752/15/306 764/15/318 763/15/317 751/15/305
f 753/15/307 765/15/319 764/15/318 752/15/306
f 754/15/308 766/15/320 765/15/319 753/15/307
f 755/15/309 767/15/321 766/15/320 754/15/308
f 756/15/310 768/15/322 767/15/321 755/15/309
f 758/15/311 770/15/323 769/15/324 757/15/312
f 759/15/313 771/15/325 770/15/323 758/15/311
f 760/15/314 772/15/326 771/15/325 759/15/313
f 761/15/315 773/15/327 772/15/326 760/15/314
f 762/15/316 774/15/328 773/15/327 761/15/315
f 763/15/317 775/15/329 774/15/328 762/15/316
f 764/15/318 776/15/330 775/15/329 763/15/317
f 765/15/319 777/15/331 776/15/330 764/15/318
f 766/15/320 778/15/332 777/15/331 765/15/319
f 767/15/321 779/15/333 778/15/332 766/15/320
f 768/15/322 780/15/334 779/15/333 767/15/321
f 770/15/323 782/15/335 781/15/336 769/15/324
f 771/15/325 783/15/337 782/15/335 770/15/323
f 772/15/326 784/15/338 783/15/337 771/15/325
f 773/15/327 785/15/339 784/15/338 772/15/326
f 774/15/328 786/15/340 785/15/339 773/15/327
f 775/15/329 787/15/341 786/15/340 774/15/328
f 776/15/330 788/15/342 787/15/341 775/15/329
f 777/15/331 789/15/343 788/15/342 776/15/330
f 778/15/332 790/15/344 789/15/343 777/15/331
f 779/15/333 791/15/345 790/15/344 778/15/332
f 780/15/334 792/15/346 791/15/345 779/15/333
f 782/15/335 794/15/347 793/15/348 781/15/336
f 783/15/337 795/15/349 794/15/347 782/15/335
f 784/15/338 796/15/350 795/15/349 783/15/337
f 785/15/339 797/15/351 796/15/350 784/15/338
f 786/15/340 798/15/352 797/15/351 785/15/339
f 787/15/341 799/15/353 798/15/352 786/15/340
f 788/15/342 800/15/354 799/15/353 787/15/341
f 789/15/343 801/15/355 800/15/354 788/15/342
f 790/15/344 802/15/356 801/15/355 789/15/343
f 791/15/345 803/15/357 802/15/356 790/15/344
f 792/15/346 804/15/358 803/15/357 791/15/345
f 794/15/347 806/15/359 805/15/360 793/15/348
f 795/15/349 807/15/361 806/15/359 794/15/347
f 796/15/350 808/15/362 807/15/361 795/15/349
f 797/15/351 809/15/363 808/15/362 796/15/350
f 798/15/352 810/15/364 809/15/363 797/15/351
f 799/15/353 811/15/365 810/15/364 798/15/352
f 800/15/354 812/15/366 811/15/365 799/15/353
f 801/15/355 813/15/367 812/15/366 800/15/354
f 802/15/356 814/15/368 813/15/367 801/15/355
f 803/15/357 815/15/369 814/15/368 802/15/356
f 804/15/358 816/15/370 815/15/369 803/15/357
f 806/15/359 818/15/371 817/15/372 805/15/360
f 807/15/361 819/15/373 818/15/371 806/15/359
f 808/15/362 820/15/374 819/15/373 807/15/361
f 809/15/363 821/15/375 820/15/374 808/15/362
f 810/15/364 822/15/376 821/15/375 809/15/363
f 811/15/365 823/15/377 822/15/376 810/15/364
f 812/15/366 824/15/378 823/15/377 811/15/365
f 813/15/367 825/15/379 824/15/378 812/15/366
f 814/15/368 826/15/380 825/15/379 813/15/367
f 815/15/369 827/15/381 826/15/380 814/15/368
f 816/15/370 828/15/382 827/15/381 815/15/369
f 818/15/371 830/15/383 829/15/384 817/15/372
f 819/15/373 831/15/385 830/15/383 818/15/371
f 820/15/374 832/15/386 831/15/385 819/15/373
f 821/15/375 833/15/387 832/15/386 820/15/374
f 822/15/376 834/15/388 833/15/387 821/15/375
f 823/15/377 835/15/389 834/15/388 822/15/376
f 824/15/378 836/15/390 835/15/389 823/15/377
f 825/15/379 837/15/391 836/15/390 824/15/378
f 826/15/380 838/15/392 837/15/391 825/15/379
f 827/15/381 839/15/393 838/15/392 826/15/380
f 828/15/382 840/15/394 839/15/393 827/15/381
f 830/15/383 842/15/395 841/15/396 829/15/384
f 831/15/385 843/15/397 842/15/395 830/15/383
f 832/15/386 844/15/398 843/15/397 831/15/385
f 833/15/387 845/15/399 844/15/398 832/15/386
f 834/15/388 846/15/400 845/15/399 833/15/387
f 835/15/389 847/15/401 846/15/400 834/15/388
f 836/15/390 848/15/402 847/15/401 835/15/389
f 837/15/391 849/15/403 848/15/402 836/15/390
f 838/15/392 850/15/404 849/15/403 837/15/391
f 839/15/393 851/15/405 850/15/404 838/15/392
f 840/15/394 852/15/406 851/15/405 839/15/393
f 842/15/395 854/15/407 853/15/408 841/15/396
f 843/15/397 855/15/409 854/15/407 842/15/395
f 844/15/398 856/15/410 855/15/409 843/15/397
f 845/15/399 857/15/411 856/15/410 844/15/398
f 846/15/400 858/15/412 857/15/411 845/15/399
f 847/15/401 859/15/413 858/15/412 846/15/400
f 848/15/402 860/15/414 859/15/413 847/15/401
f 849/15/403 861/15/415 860/15/414 848/15/402
f 850/15/404 862/15/416 861/15/415 849/15/403
f 851/15/405 863/15/417 862/15/416 850/15/404
f 852/15/406 864/15/418 863/15/417 851/15/405
f 854/15/407 866/15/419 865/15/420 853/15/408
f 855/15/409 867/15/421 866/15/419 854/15/407
f 856/15/410 868/15/422 867/15/421 855/15/409
f 857/15/411 869/15/423 868/15/422 856/15/410
f 858/15/412 870/15/424 869/15/423 857/15/411
f 859/15/413 871/15/425 870/15/424 858/15/412
f 860/15/414 872/15/426 871/15/425 859/15/413
f 861/15/415 873/15/427 872/15/426 860/15/414
f 862/15/416 874/15/428 873/15/427 861/15/415
f 863/15/417 875/15/429 874/15/428 862/15/416
f 864/15/418 876/15/430 875/15/429 863/15/417
f 866/15/419 878/15/431 877/15/432 865/15/420
f 867/15/421 879/15/433 878/15/431 866/15/419
f 868/15/422 880/15/434 879/15/433 867/15/421
f 869/15/423 881/15/435 880/15/434 868/15/422
f 870/15/424 882/15/436 881/15/435 869/15/423
f 871/15/425 883/15/437 882/15/436 870/15/424
f 872/15/426 884/15/438 883/15/437 871/15/425
f 873/15/427 885/15/439 884/15/438 872/15/426
f 874/15/428 886/15/440 885/15/439 873/15/427
f 875/15/429 887/15/441 886/15/440 874/15/428
f 876/15/430 888/15/442 887/15/441 875/15/429
f 878/15/431 890/15/443 889/15/444 877/15/432
f 879/15/433 891/15/445 890/15/443 878/15/431
f 880/15/434 892/15/446 891/15/445 879/15/433
f 881/15/435 893/15/447 892/15/446 880/15/434
f 882/15/436 894/15/448 893/15/447 881/15/435
f 883/15/437 895/15/449 894/15/448 882/15/436
f 884/15/438 896/15/450 895/15/449 883/15/437
f 885/15/439 897/15/451 896/15/450 884/15/438
f 886/15/440 898/15/452 897/15/451 885/15/439
f 887/15/441 899/15/453 898/15/452 886/15/440
f 888/15/442 900/15/454 899/15/453 887/15/441
f 890/15/443 902/15/455 901/15/456 889/15/444
f 891/15/445 903/15/457 902/15/455 890/15/443
f 892/15/446 904/15/458 903/15/457 891/15/445
f 893/15/447 905/15/459 904/15/458 892/15/446
f 894/15/448 906/15/460 905/15/459 893/15/447
f 895/15/449 907/15/461 906/15/460 894/15/448
f 896/15/450 908/15/462 907/15/461 895/15/449
f 897/15/451 909/15/463 908/15/462 896/15/450
f 898/15/452 910/15/464 909/15/463 897/15/451
f 899/15/453 911/15/465 910/15/464 898/15/452
f 900/15/454 912/15/466 911/15/465 899/15/453
f 902/15/455 914/15/467 913/15/468 901/15/456
f 903/15/457 915/15/469 914/15/467 902/15/455
f 904/15/458 916/15/470 915/15/469 903/15/457
f 905/15/459 917/15/471 916/15/470 904/15/458
f 906/15/460 918/15/472 917/15/471 905/15/459
f 907/15/461 919/15/473 918/15/472 906/15/460
f 908/15/462 920/15/474 919/15/473 907/15/461
f 909/15/463 921/15/475 920/15/474 908/15/462
f 910/15/464 922/15/476 921/15/475 909/15/463
f 911/15/465 923/15/477 922/15/476 910/15/464
f 912/15/466 924/15/478 923/15/477 911/15/465
f 914/15/467 926/15/479 925/15/480 913/15/468
f 915/15/469 927/15/481 926/15/479 914/15/467
f 916/15/470 928/15/482 927/15/481 915/15/469
f 917/15/471 929/15/483 928/15/482 916/15/470
f 918/15/472 930/15/484 929/15/483 917/15/471
f 919/15/473 931/15/485 930/15/484 918/15/472
f 920/15/474 932/15/486 931/15/485 919/15/473
f 921/15/475 933/15/487 932/15/486 920/15/474
f 922/15/476 934/15/488 933/15/487 921/15/475
f 923/15/477 935/15/489 934/15/488 922/15/476
f 924/15/478 936/15/490 935/15/489 923/15/477
f 926/15/479 938/15/491 937/15/492 925/15/480
f 927/15/481 939/15/493 938/15/491 926/15/479
f 928/15/482 940/15/494 939/15/493 927/15/481
f 929/15/483 941/15/495 940/15/494 928/15/482
f 930/15/484 942/15/496 941/15/495 929/15/483
f 931/15/485 943/15/497 942/15/496 930/15/484
f 932/15/486 944/15/498 943/15/497 931/15/485
f 933/15/487 945/15/499 944/15/498 932/15/486
f 934/15/488 946/15/500 945/15/499 933/15/487
f 935/15/489 947/15/501 946/15/500 934/15/488
f 936/15/490 948/15/502 947/15/501 935/15/489
f 938/15/491 950/15/503 949/15/504 937/15/492
f 939/15/493 951/15/505 950/15/503 938/15/491
f 940/15/494 952/15/506 951/15/505 939/15/493
f 941/15/495 953/15/507 952/15/506 940/15/494
f 942/15/496 954/15/508 953/15/507 941/15/495
f 943/15/497 955/15/509 954/15/508 942/15/496
f 944/15/498 956/15/510 955/15/509 943/15/497
f 945/15/499 957/15/511 956/15/510 944/15/498
f 946/15/500 958/15/512 957/15/511 945/15/499
f 947/15/501 959/15/513 958/15/512 946/15/500
f 948/15/502 960/15/514 959/15/513 947/15/501
f 950/15/503 962/15/515 961/15/516 949/15/504
f 951/15/505 963/15/517 962/15/515 950/15/503
f 952/15/506 964/15/518 963/15/517 951/15/505
f 953/15/507 965/15/519 964/15/518 952/15/506
f 954/15/508 966/15/520 965/15/519 953/15/507
f 955/15/509 967/15/521 966/15/520 954/15/508
f 956/15/510 968/15/522 967/15/521 955/15/509
f 957/15/511 969/15/523 968/15/522 956/15/510
f 958/15/512 970/15/524 969/15/523 957/15/511
f 959/15/513 971/15/525 970/15/524 958/15/512
f 960/15/514 972/15/526 971/15/525 959/15/513
f 962/15/515 974/15/527 973/15/528 961/15/516
f 963/15/517 975/15/529 974/15/527 962/15/515
f 964/15/518 976/15/530 975/15/529 963/15/517
f 965/15/519 977/15/531 976/15/530 964/15/518
f 966/15/520 978/15/532 977/15/531 965/15/519
f 967/15/521 979/15/533 978/15/532 966/15/520
f 968/15/522 980/15/534 979/15/533 967/15/521
f 969/15/523 981/15/535 980/15/534 968/15/522
f 970/15/524 982/15/536 981/15/535 969/15/523
f 971/15/525 983/15/537 982/15/536 970/15/524
f 972/15/526 984/15/538 983/15/537 971/15/525
f 974/15/527 986/15/539 985/15/540 973/15/528
f 975/15/529 987/15/541 986/15/539 974/15/527
f 976/15/530 988/15/542 987/15/541 975/15/529
f 977/15/531 989/15/543 988/15/542 976/15/530
f 978/15/532 990/15/544 989/15/543 977/15/531
f 979/15/533 991/15/545 990/15/544 978/15/532
f 980/15/534 992/15/546 991/15/545 979/15/533
f 981/15/535 993/15/547 992/15/546 980/15/534
f 982/15/536 994/15/548 993/15/547 981/15/535
f 983/15/537 995/15/549 994/15/548 982/15/536
f 984/15/538 996/15/550 995/15/549 983/15/537
f 986/15/539 998/15/551 997/15/552 985/15/540
f 987/15/541 999/15/553 998/15/551 986/15/539
f 988/15/542 1000/15/554 999/15/553 987/15/541
f 989/15/543 1001/15/555 1000/15/554 988/15/542
f 990/15/544 1002/15/556 1001/15/555 989/15/543
f 991/15/545 1003/15/557 1002/15/556 990/15/544
f 992/15/546 1004/15/558 1003/15/557 991/15/545
f 993/15/547 1005/15/559 1004/15/558 992/15/546
f 994/15/548 1006/15/560 1005/15/559 993/15/547
f 995/15/549 1007/15/561 1006/15/560 994/15/548
f 996/15/550 1008/15/562 1007/15/561 995/15/549
f 998/15/551 1010/15/563 1009/15/564 997/15/552
f 999/15/553 1011/15/565 1010/15/563 998/15/551
f 1000/15/554 1012/15/566 1011/15/565 999/15/553
f 1001/15/555 1013/15/567 1012/15/566 1000/15/554
f 1002/15/556 1014/15/568 1013/15/567 1001/15/555
f 1003/15/557 1015/15/569 1014/15/568 1002/15/556
f 1004/15/558 1016/15/570 1015/15/569 1003/15/557
f 1005/15/559 1017/15/571 1016/15/570 1004/15/558
f 1006/15/560 1018/15/572 1017/15/571 1005/15/559
f 1007/15/561 1019/15/573 1018/15/572 1006/15/560
f 1008/15/562 1020/15/574 1019/15/573 1007/15/561
f 1010/15/563 1022/15/575 1021/15/576 1009/15/564
f 1011/15/565 1023/15/577 1022/15/575 1010/15/563
f 1012/15/566 1024/15/578 1023/15/577 1011/15/565
f 1013/15/567 1025/15/579 1024/15/578 1012/15/566
f 1014/15/568 1026/15/580 1025/15/579 1013/15/567
f 1015/15/569 1027/15/581 1026/15/580 1014/15/568
f 1016/15/570 1028/15/582 1027/15/581 1015/15/569
f 1017/15/571 1029/15/583 1028/15/582 1016/15/570
f 1018/15/572 1030/15/584 1029/15/583 1017/15/571
f 1019/15/573 1031/15/585 1030/15/584 1018/15/572
f 1020/15/574 1032/15/586 1031/15/585 1019/15/573
f 1022/15/575 1034/15/587 1033/15/588 1021/15/576
f 1023/15/577 1035/15/589 1034/15/587 1022/15/575
f 1024/15/578 1036/15/590 1035/15/589 1023/15/577
f 1025/15/579 1037/15/591 1036/15/590 1024/15/578
f 1026/15/580 1038/15/592 1037/15/591 1025/15/579
f 1027/15/581 1039/15/593 1038/15/592 1026/15/580
f 1028/15/582 1040/15/594 1039/15/593 1027/15/581
f 1029/15/583 1041/15/595 1040/15/594 1028/15/582
f 1030/15/584 1042/15/596 1041/15/595 1029/15/583
f 1031/15/585 1043/15/597 1042/15/596 1030/15/584
f 1032/15/586 1044/15/598 1043/15/597 1031/15/585
f 1034/15/587 1046/15/599 1045/15/600 1033/15/588
f 1035/15/589 1047/15/601 1046/15/599 1034/15/587
f 1036/15/590 1048/15/602 1047/15/601 1035/15/589
f 1037/15/591 1049/15/603 1048/15/602 1036/15/590
f 1038/15/592 1050/15/604 1049/15/603 1037/15/591
f 1039/15/593 1051/15/605 1050/15/604 1038/15/592
f 1040/15/594 1052/15/606 1051/15/605 1039/15/593
f 1041/15/595 1053/15/607 1052/15/606 1040/15/594
f 1042/15/596 1054/15/608 1053/15/607 1041/15/595
f 1043/15/597 1055/15/609 1054/15/608 1042/15/596
f 1044/15/598 1056/15/610 1055/15/609 1043/15/597
f 1046/15/599 1058/15/611 1057/15/612 1045/15/600
f 1047/15/601 1059/15/613 1058/15/611 1046/15/599
f 1048/15/602 1060/15/614 1059/15/613 1047/15/601
f 1049/15/603 1061/15/615 1060/15/614 1048/15/602
f 1050/15/604 1062/15/616 1061/15/615 1049/15/603
f 1051/15/605 1063/15/617 1062/15/616 1050/15/604
f 1052/15/606 1064/15/618 1063/15/617 1051/15/605
f 1053/15/607 1065/15/619 1064/15/618 1052/15/606
f 1054/15/608 1066/15/620 1065/15/619 1053/15/607
f 1055/15/609 1067/15/621 1066/15/620 1054/15/608
f 1056/15/610 1068/15/622 1067/15/621 1055/15/609
f 1058/15/611 1070/15/623 1069/15/624 1057/15/612
f 1059/15/613 1071/15/625 1070/15/623 1058/15/611
f 1060/15/614 1072/15/626 1071/15/625 1059/15/613
f 1061/15/615 1073/15/627 1072/15/626 1060/15/614
f 1062/15/616 1074/15/628 1073/15/627 1061/15/615
f 1063/15/617 1075/15/629 1074/15/628 1062/15/616
f 1064/15/618 1076/15/630 1075/15/629 1063/15/617
f 1065/15/619 1077/15/631 1076/15/630 1064/15/618
f 1066/15/620 1078/15/632 1077/15/631 1065/15/619
f 1067/15/621 1079/15/633 1078/15/632 1066/15/620
f 1068/15/622 1080/15/634 1079/15/633 1067/15/621
f 1070/15/623 1082/15/635 1081/15/636 1069/15/624
f 1071/15/625 1083/15/637 1082/15/635 1070/15/623
f 1072/15/626 1084/15/638 1083/15/637 1071/15/625
f 1073/15/627 1085/15/639 1084/15/638 1072/15/626
f 1074/15/628 1086/15/640 1085/15/639 1073/15/627
f 1075/15/629 1087/15/641 1086/15/640 1074/15/628
f 1076/15/630 1088/15/642 1087/15/641 1075/15/629
f 1077/15/631 1089/15/643 1088/15/642 1076/15/630
f 1078/15/632 1090/15/644 1089/15/643 1077/15/631
f 1079/15/633 1091/15/645 1090/15/644 1078/15/632
f 1080/15/634 1092/15/646 1091/15/645 1079/15/633
f 1082/15/635 1094/15/647 1093/15/648 1081/15/636
f 1083/15/637 1095/15/649 1094/15/647 1082/15/635
f 1084/15/638 1096/15/650 1095/15/649 1083/15/637
f 1085/15/639 1097/15/651 1096/15/650 1084/15/638
f 1086/15/640 1098/15/652 1097/15/651 1085/15/639
f 1087/15/641 1099/15/653 1098/15/652 1086/15/640
f 1088/15/642 1100/15/654 1099/15/653 1087/15/641
f 1089/15/643 1101/15/655 1100/15/654 1088/15/642
f 1090/15/644 1102/15/656 1101/15/655 1089/15/643
f 1091/15/645 1103/15/657 1102/15/656 1090/15/644
f 1092/15/646 1104/15/658 1103/15/657 1091/15/645
f 1094/15/647 1106/15/659 1105/15/660 1093/15/648
f 1095/15/649 1107/15/661 1106/15/659 1094/15/647
f 1096/15/650 1108/15/662 1107/15/661 1095/15/649
f 1097/15/651 1109/15/663 1108/15/662 1096/15/650
f 1098/15/652 1110/15/664 1109/15/663 1097/15/651
f 1099/15/653 1111/15/665 1110/15/664 1098/15/652
f 1100/15/654 1112/15/666 1111/15/665 1099/15/653
f 1101/15/655 1113/15/667 1112/15/666 1100/15/654
f 1102/15/656 1114/15/668 1113/15/667 1101/15/655
f 1103/15/657 1115/15/669 1114/15/668 1102/15/656
f 1104/15/658 1116/15/670 1115/15/669 1103/15/657
f 1106/15/659 1118/15/671 1117/15/672 1105/15/660
f 1107/15/661 1119/15/673 1118/15/671 1106/15/659
f 1108/15/662 1120/15/674 1119/15/673 1107/15/661
f 1109/15/663 1121/15/675 1120/15/674 1108/15/662
f 1110/15/664 1122/15/676 1121/15/675 1109/15/663
f 1111/15/665 1123/15/677 1122/15/676 1110/15/664
f 1112/15/666 1124/15/678 1123/15/677 1111/15/665
f 1113/15/667 1125/15/679 1124/15/678 1112/15/666
f 1114/15/668 1126/15/680 1125/15/679 1113/15/667
f 1115/15/669 1127/15/681 1126/15/680 1114/15/668
f 1116/15/670 1128/15/682 1127/15/681 1115/15/669
f 1118/15/671 1130/15/683 1129/15/684 1117/15/672
f 1119/15/673 1131/15/685 1130/15/683 1118/15/671
f 1120/15/674 1132/15/686 1131/15/685 1119/15/673
f 1121/15/675 1133/15/687 1132/15/686 1120/15/674
f 1122/15/676 1134/15/688 1133/15/687 1121/15/675
f 1123/15/677 1135/15/689 1134/15/688 1122/15/676
f 1124/15/678 1136/15/690 1135/15/689 1123/15/677
f 1125/15/679 1137/15/691 1136/15/690 1124/15/678
f 1126/15/680 1138/15/692 1137/15/691 1125/15/679
f 1127/15/681 1139/15/693 1138/15/692 1126/15/680
f 1128/15/682 1140/15/694 1139/15/693 1127/15/681
f 1130/15/683 1142/15/695 1141/15/696 1129/15/684
f 1131/15/685 1143/15/697 1142/15/695 1130/15/683
f 1132/15/686 1144/15/698 1143/15/697 1131/15/685
f 1133/15/687 1145/15/699 1144/15/698 1132/15/686
f 1134/15/688 1146/15/700 1145/15/699 1133/15/687
f 1135/15/689 1147/15/701 1146/15/700 1134/15/688
f 1136/15/690 1148/15/702 1147/15/701 1135/15/689
f 1137/15/691 1149/15/703 1148/15/702 1136/15/690
f 1138/15/692 1150/15/704 1149/15/703 1137/15/691
f 1139/15/693 1151/15/705 1150/15/704 1138/15/692
f 1140/15/694 1152/15/706 1151/15/705 1139/15/693
f 1142/15/695 1154/15/707 1153/15/708 1141/15/696
f 1143/15/697 1155/15/709 1154/15/707 1142/15/695
f 1144/15/698 1156/15/710 1155/15/709 1143/15/697
f 1145/15/699 1157/15/711 1156/15/710 1144/15/698
f 1146/15/700 1158/15/712 1157/15/711 1145/15/699
f 1147/15/701 1159/15/713 1158/15/712 1146/15/700
f 1148/15/702 1160/15/714 1159/15/713 1147/15/701
f 1149/15/703 1161/15/715 1160/15/714 1148/15/702
f 1150/15/704 1162/15/716 1161/15/715 1149/15/703
f 1151/15/705 1163/15/717 1162/15/716 1150/15/704
f 1152/15/706 1164/15/718 1163/15/717 1151/15/705
f 1154/15/707 1166/15/719 1165/15/720 1153/15/708
f 1155/15/709 1167/15/721 1166/15/719 1154/15/707
f 1156/15/710 1168/15/722 1167/15/721 1155/15/709
f 1157/15/711 1169/15/723 1168/15/722 1156/15/710
f 1158/15/712 1170/15/724 1169/15/723 1157/15/711
f 1159/15/713 1171/15/725 1170/15/724 1158/15/712
f 1160/15/714 1172/15/726 1171/15/725 1159/15/713
f 1161/15/715 1173/15/727 1172/15/726 1160/15/714
f 1162/15/716 1174/15/728 1173/15/727 1161/15/715
f 1163/15/717 1175/15/729 1174/15/728 1162/15/716
f 1164/15/718 1176/15/730 1175/15/729 1163/15/717
f 1166/15/719 1178/15/731 1177/15/732 1165/15/720
f 1167/15/721 1179/15/733 1178/15/731 1166/15/719
f 1168/15/722 1180/15/734 1179/15/733 1167/15/721
f 1169/15/723 1181/15/735 1180/15/734 1168/15/722
f 1170/15/724 1182/15/736 1181/15/735 1169/15/723
f 1171/15/725 1183/15/737 1182/15/736 1170/15/724
f 1172/15/726 1184/15/738 1183/15/737 1171/15/725
f 1173/15/727 1185/15/739 1184/15/738 1172/15/726
f 1174/15/728 1186/15/740 1185/15/739 1173/15/727
f 1175/15/729 1187/15/741 1186/15/740 1174/15/728
f 1176/15/730 1188/15/742 1187/15/741 1175/15/729
f 1178/15/731 1190/15/743 1189/15/744 1177/15/732
f 1179/15/733 1191/15/745 1190/15/743 1178/15/731
f 1180/15/734 1192/15/746 1191/15/745 1179/15/733
f 1181/15/735 1193/15/747 1192/15/746 1180/15/734
f 1182/15/736 1194/15/748 1193/15/747 1181/15/735
f 1183/15/737 1195/15/749 1194/15/748 1182/15/736
f 1184/15/738 1196/15/750 1195/15/749 1183/15/737
f 1185/15/739 1197/15/751 1196/15/750 1184/15/738
f 1186/15/740 1198/15/752 1197/15/751 1185/15/739
f 1187/15/741 1199/15/753 1198/15/752 1186/15/740
f 1188/15/742 1200/15/754 1199/15/753 1187/15/741
f 1190/15/743 1202/15/755 1201/15/756 1189/15/744
f 1191/15/745 1203/15/757 1202/15/755 1190/15/743
f 1192/15/746 1204/15/758 1203/15/757 1191/15/745
f 1193/15/747 1205/15/759 1204/15/758 1192/15/746
f 1194/15/748 1206/15/760 1205/15/759 1193/15/747
f 1195/15/749 1207/15/761 1206/15/760 1194/15/748
f 1196/15/750 1208/15/762 1207/15/761 1195/15/749
f 1197/15/751 1209/15/763 1208/15/762 1196/15/750
f 1198/15/752 1210/15/764 1209/15/763 1197/15/751
f 1199/15/753 1211/15/765 1210/15/764 1198/15/752
f 1200/15/754 1212/15/766 1211/15/765 1199/15/753
f 1202/15/755 1214/15/767 1213/15/768 1201/15/756
f 1203/15/757 1215/15/769 1214/15/767 1202/15/755
f 1204/15/758 1216/15/770 1215/15/769 1203/15/757
f 1205/15/759 1217/15/771 1216/15/770 1204/15/758
f 1206/15/760 1218/15/772 1217/15/771 1205/15/759
f 1207/15/761 1219/15/773 1218/15/772 1206/15/760
f 1208/15/762 1220/15/774 1219/15/773 1207/15/761
f 1209/15/763 1221/15/775 1220/15/774 1208/15/762
f 1210/15/764 1222/15/776 1221/15/775 1209/15/763
f 1211/15/765 1223/15/777 1222/15/776 1210/15/764
f 1212/15/766 1224/15/778 1223/15/777 1211/15/765
f 1214/15/767 1226/15/779 1225/15/780 1213/15/768
f 1215/15/769 1227/15/781 1226/15/779 1214/15/767
f 1216/15/770 1228/15/782 1227/15/781 1215/15/769
f 1217/15/771 1229/15/783 1228/15/782 1216/15/770
f 1218/15/772 1230/15/784 1229/15/783 1217/15/771
f 1219/15/773 1231/15/785 1230/15/784 1218/15/772
f 1220/15/774 1232/15/786 1231/15/785 1219/15/773
f 1221/15/775 1233/15/787 1232/15/786 1220/15/774
f 1222/15/776 1234/15/788 1233/15/787 1221/15/775
f 1223/15/777 1235/15/789 1234/15/788 1222/15/776
f 1224/15/778 1236/15/790 1235/15/789 1223/15/777
f 1226/15/779 1238/15/791 1237/15/792 1225/15/780
f 1227/15/781 1239/15/793 1238/15/791 1226/15/779
f 1228/15/782 1240/15/794 1239/15/793 1227/15/781
f 1229/15/783 1241/15/795 1240/15/794 1228/15/782
f 1230/15/784 1242/15/796 1241/15/795 1229/15/783
f 1231/15/785 1243/15/797 1242/15/796 1230/15/784
f 1232/15/786 1244/15/798 1243/15/797 1231/15/785
f 1233/15/787 1245/15/799 1244/15/798 1232/15/786
f 1234/15/788 1246/15/800 1245/15/799 1233/15/787
f 1235/15/789 1247/15/801 1246/15/800 1234/15/788
f 1236/15/790 1248/15/802 1247/15/801 1235/15/789
f 1238/15/791 1250/15/803 1249/15/804 1237/15/792
f 1239/15/793 1251/15/805 1250/15/803 1238/15/791
f 1240/15/794 1252/15/806 1251/15/805 1239/15/793
f 1241/15/795 1253/15/807 1252/15/806 1240/15/794
f 1242/15/796 1254/15/808 1253/15/807 1241/15/795
f 1243/15/797 1255/15/809 1254/15/808 1242/15/796
f 1244/15/798 1256/15/810 1255/15/809 1243/15/797
f 1245/15/799 1257/15/811 1256/15/810 1244/15/798
f 1246/15/800 1258/15/812 1257/15/811 1245/15/799
f 1247/15/801 1259/15/813 1258/15/812 1246/15/800
f 1248/15/802 1260/15/814 1259/15/813 1247/15/801
f 1250/15/803 1262/15/815 1261/15/816 1249/15/804
f 1251/15/805 1263/15/817 1262/15/815 1250/15/803
f 1252/15/806 1264/15/818 1263/15/817 1251/15/805
f 1253/15/807 1265/15/819 1264/15/818 1252/15/806
f 1254/15/808 1266/15/820 1265/15/819 1253/15/807
f 1255/15/809 1267/15/821 1266/15/820 1254/15/808
f 1256/15/810 1268/15/822 1267/15/821 1255/15/809
f 1257/15/811 1269/15/823 1268/15/822 1256/15/810
f 1258/15/812 1270/15/824 1269/15/823 1257/15/811
f 1259/15/813 1271/15/825 1270/15/824 1258/15/812
f 1260/15/814 1272/15/826 1271/15/825 1259/15/813
f 1262/15/815 1274/15/827 1273/15/828 1261/15/816
f 1263/15/817 1275/15/829 1274/15/827 1262/15/815
f 1264/15/818 1276/15/830 1275/15/829 1263/15/817
f 1265/15/819 1277/15/831 1276/15/830 1264/15/818
f 1266/15/820 1278/15/832 1277/15/831 1265/15/819
f 1267/15/821 1279/15/833 1278/15/832 1266/15/820
f 1268/15/822 1280/15/834 1279/15/833 1267/15/821
f 1269/15/823 1281/15/835 1280/15/834 1268/15/822
f 1270/15/824 1282/15/836 1281/15/835 1269/15/823
f 1271/15/825 1283/15/837 1282/15/836 1270/15/824
f 1272/15/826 1284/15/838 1283/15/837 1271/15/825
f 1274/15/827 1286/15/839 1285/15/840 1273/15/828
f 1275/15/829 1287/15/841 1286/15/839 1274/15/827
f 1276/15/830 1288/15/842 1287/15/841 1275/15/829
f 1277/15/831 1289/15/843 1288/15/842 1276/15/830
f 1278/15/832 1290/15/844 1289/15/843 1277/15/831
f 1279/15/833 1291/15/845 1290/15/844 1278/15/832
f 1280/15/834 1292/15/846 1291/15/845 1279/15/833
f 1281/15/835 1293/15/847 1292/15/846 1280/15/834
f 1282/15/836 1294/15/848 1293/15/847 1281/15/835
f 1283/15/837 1295/15/849 1294/15/848 1282/15/836
f 1284/15/838 1296/15/850 1295/15/849 1283/15/837
f 1286/15/839 1298/15/851 1297/15/852 1285/15/840
f 1287/15/841 1299/15/853 1298/15/851 1286/15/839
f 1288/15/842 1300/15/854 1299/15/853 1287/15/841
f 1289/15/843 1301/15/855 1300/15/854 1288/15/842
f 1290/15/844 1302/15/856 1301/15/855 1289/15/843
f 1291/15/845 1303/15/857 1302/15/856 1290/15/844
f 1292/15/846 1304/15/858 1303/15/857 1291/15/845
f 1293/15/847 1305/15/859 1304/15/858 1292/15/846
f 1294/15/848 1306/15/860 1305/15/859 1293/15/847
f 1295/15/849 1307/15/861 1306/15/860 1294/15/848
f 1296/15/850 1308/15/862 1307/15/861 1295/15/849
f 1298/15/851 1310/15/863 1309/15/864 1297/15/852
f 1299/15/853 1311/15/865 1310/15/863 1298/15/851
f 1300/15/854 1312/15/866 1311/15/865 1299/15/853
f 1301/15/855 1313/15/867 1312/15/866 1300/15/854
f 1302/15/856 1314/15/868 1313/15/867 1301/15/855
f 1303/15/857 1315/15/869 1314/15/868 1302/15/856
f 1304/15/858 1316/15/870 1315/15/869 1303/15/857
f 1305/15/859 1317/15/871 1316/15/870 1304/15/858
f 1306/15/860 1318/15/872 1317/15/871 1305/15/859
f 1307/15/861 1319/15/873 1318/15/872 1306/15/860
f 1308/15/862 1320/15/874 1319/15/873 1307/15/861
f 1310/15/863 1322/15/875 1321/15/876 1309/15/864
f 1311/15/865 1323/15/877 1322/15/875 1310/15/863
f 1312/15/866 1324/15/878 1323/15/877 1311/15/865
f 1313/15/867 1325/15/879 1324/15/878 1312/15/866
f 1314/15/868 1326/15/880 1325/15/879 1313/15/867
f 1315/15/869 1327/15/881 1326/15/880 1314/15/868
f 1316/15/870 1328/15/882 1327/15/881 1315/15/869
f 1317/15/871 1329/15/883 1328/15/882 1316/15/870
f 1318/15/872 1330/15/884 1329/15/883 1317/15/871
f 1319/15/873 1331/15/885 1330/15/884 1318/15/872
f 1320/15/874 1332/15/886 1331/15/885 1319/15/873
f 1322/15/875 1334/15/887 1333/15/888 1321/15/876
f 1323/15/877 1335/15/889 1334/15/887 1322/15/875
f 1324/15/878 1336/15/890 1335/15/889 1323/15/877
f 1325/15/879 1337/15/891 1336/15/890 1324/15/878
f 1326/15/880 1338/15/892 1337/15/891 1325/15/879
f 1327/15/881 1339/15/893 1338/15/892 1326/15/880
f 1328/15/882 1340/15/894 1339/15/893 1327/15/881
f 1329/15/883 1341/15/895 1340/15/894 1328/15/882
f 1330/15/884 1342/15/896 1341/15/895 1329/15/883
f 1331/15/885 1343/15/897 1342/15/896 1330/15/884
f 1332/15/886 1344/15/898 1343/15/897 1331/15/885
f 1334/15/887 1346/15/899 1345/15/900 1333/15/888
f 1335/15/889 1347/15/901 1346/15/899 1334/15/887
f 1336/15/890 1348/15/902 1347/15/901 1335/15/889
f 1337/15/891 1349/15/903 1348/15/902 1336/15/890
f 1338/15/892 1350/15/904 1349/15/903 1337/15/891
f 1339/15/893 1351/15/905 1350/15/904 1338/15/892
f 1340/15/894 1352/15/906 1351/15/905 1339/15/893
f 1341/15/895 1353/15/907 1352/15/906 1340/15/894
f 1342/15/896 1354/15/908 1353/15/907 1341/15/895
f 1343/15/897 1355/15/909 1354/15/908 1342/15/896
f 1344/15/898 1356/15/910 1355/15/909 1343/15/897
f 1346/15/899 1358/15/911 1357/15/912 1345/15/900
f 1347/15/901 1359/15/913 1358/15/911 1346/15/899
f 1348/15/902 1360/15/914 1359/15/913 1347/15/901
f 1349/15/903 1361/15/915 1360/15/914 1348/15/902
f 1350/15/904 1362/15/916 1361/15/915 1349/15/903
f 1351/15/905 1363/15/917 1362/15/916 1350/15/904
f 1352/15/906 1364/15/918 1363/15/917 1351/15/905
f 1353/15/907 1365/15/919 1364/15/918 1352/15/906
f 1354/15/908 1366/15/920 1365/15/919 1353/15/907
f 1355/15/909 1367/15/921 1366/15/920 1354/15/908
f 1356/15/910 1368/15/922 1367/15/921 1355/15/909
f 1358/15/911 1370/15/923 1369/15/924 1357/15/912
f 1359/15/913 1371/15/925 1370/15/923 1358/15/911
f 1360/15/914 1372/15/926 1371/15/925 1359/15/913
f 1361/15/915 1373/15/927 1372/15/926 1360/15/914
f 1362/15/916 1374/15/928 1373/15/927 1361/15/915
f 1363/15/917 1375/15/929 1374/15/928 1362/15/916
f 1364/15/918 1376/15/930 1375/15/929 1363/15/917
f 1365/15/919 1377/15/931 1376/15/930 1364/15/918
f 1366/15/920 1378/15/932 1377/15/931 1365/15/919
f 1367/15/921 1379/15/933 1378/15/932 1366/15/920
f 1368/15/922 1380/15/934 1379/15/933 1367/15/921
f 1370/15/923 1382/15/935 1381/15/936 1369/15/924
f 1371/15/925 1383/15/937 1382/15/935 1370/15/923
f 1372/15/926 1384/15/938 1383/15/937 1371/15/925
f 1373/15/927 1385/15/939 1384/15/938 1372/15/926
f 1374/15/928 1386/15/940 1385/15/939 1373/15/927
f 1375/15/929 1387/15/941 1386/15/940 1374/15/928
f 1376/15/930 1388/15/942 1387/15/941 1375/15/929
f 1377/15/931 1389/15/943 1388/15/942 1376/15/930
f 1378/15/932 1390/15/944 1389/15/943 1377/15/931
f 1379/15/933 1391/15/945 1390/15/944 1378/15/932
f 1380/15/934 1392/15/946 1391/15/945 1379/15/933
f 1382/15/935 1394/15/947 1393/15/948 1381/15/936
f 1383/15/937 1395/15/949 1394/15/947 1382/15/935
f 1384/15/938 1396/15/950 1395/15/949 1383/15/937
f 1385/15/939 1397/15/951 1396/15/950 1384/15/938
f 1386/15/940 1398/15/952 1397/15/951 1385/15/939
f 1387/15/941 1399/15/953 1398/15/952 1386/15/940
f 1388/15/942 1400/15/954 1399/15/953 1387/15/941
f 1389/15/943 1401/15/955 1400/15/954 1388/15/942
f 1390/15/944 1402/15/956 1401/15/955 1389/15/943
f 1391/15/945 1403/15/957 1402/15/956 1390/15/944
f 1392/15/946 1404/15/958 1403/15/957 1391/15/945
f 1394/15/947 1406/15/959 1405/15/960 1393/15/948
f 1395/15/949 1407/15/961 1406/15/959 1394/15/947
f 1396/15/950 1408/15/962 1407/15/961 1395/15/949
f 1397/15/951 1409/15/963 1408/15/962 1396/15/950
f 1398/15/952 1410/15/964 1409/15/963 1397/15/951
f 1399/15/953 1411/15/965 1410/15/964 1398/15/952
f 1400/15/954 1412/15/966 1411/15/965 1399/15/953
f 1401/15/955 1413/15/967 1412/15/966 1400/15/954
f 1402/15/956 1414/15/968 1413/15/967 1401/15/955
f 1403/15/957 1415/15/969 1414/15/968 1402/15/956
f 1404/15/958 1416/15/970 1415/15/969 1403/15/957
f 1406/15/959 1418/15/971 1417/15/972 1405/15/960
f 1407/15/961 1419/15/973 1418/15/971 1406/15/959
f 1408/15/962 1420/15/974 1419/15/973 1407/15/961
f 1409/15/963 1421/15/975 1420/15/974 1408/15/962
f 1410/15/964 1422/15/976 1421/15/975 1409/15/963
f 1411/15/965 1423/15/977 1422/15/976 1410/15/964
f 1412/15/966 1424/15/978 1423/15/977 1411/15/965
f 1413/15/967 1425/15/979 1424/15/978 1412/15/966
f 1414/15/968 1426/15/980 1425/15/979 1413/15/967
f 1415/15/969 1427/15/981 1426/15/980 1414/15/968
f 1416/15/970 1428/15/982 1427/15/981 1415/15/969
f 1418/15/971 1430/15/983 1429/15/984 1417/15/972
f 1419/15/973 1431/15/985 1430/15/983 1418/15/971
f 1420/15/974 1432/15/986 1431/15/985 1419/15/973
f 1421/15/975 1433/15/987 1432/15/986 1420/15/974
f 1422/15/976 1434/15/988 1433/15/987 1421/15/975
f 1423/15/977 1435/15/989 1434/15/988 1422/15/976
f 1424/15/978 1436/15/990 1435/15/989 1423/15/977
f 1425/15/979 1437/15/991 1436/15/990 1424/15/978
f 1426/15/980 1438/15/992 1437/15/991 1425/15/979
f 1427/15/981 1439/15/993 1438/15/992 1426/15/980
f 1428/15/982 1440/15/994 1439/15/993 1427/15/981
f 1430/15/983 1442/15/995 1441/15/996 1429/15/984
f 1431/15/985 1443/15/997 1442/15/995 1430/15/983
f 1432/15/986 1444/15/998 1443/15/997 1431/15/985
f 1433/15/987 1445/15/999 1444/15/998 1432/15/986
f 1434/15/988 1446/15/1000 1445/15/999 1433/15/987
f 1435/15/989 1447/15/1001 1446/15/1000 1434/15/988
f 1436/15/990 1448/15/1002 1447/15/1001 1435/15/989
f 1437/15/991 1449/15/1003 1448/15/1002 1436/15/990
f 1438/15/992 1450/15/1004 1449/15/1003 1437/15/991
f 1439/15/993 1451/15/1005 1450/15/1004 1438/15/992
f 1440/15/994 1452/15/1006 1451/15/1005 1439/15/993
f 1442/15/995 1454/15/1007 1453/15/1008 1441/15/996
f 1443/15/997 1455/15/1009 1454/15/1007 1442/15/995
f 1444/15/998 1456/15/1010 1455/15/1009 1443/15/997
f 1445/15/999 1457/15/1011 1456/15/1010 1444/15/998
f 1446/15/1000 1458/15/1012 1457/15/1011 1445/15/999
f 1447/15/1001 1459/15/1013 1458/15/1012 1446/15/1000
f 1448/15/1002 1460/15/1014 1459/15/1013 1447/15/1001
f 1449/15/1003 1461/15/1015 1460/15/1014 1448/15/1002
f 1450/15/1004 1462/15/1016 1461/15/1015 1449/15/1003
f 1451/15/1005 1463/15/1017 1462/15/1016 1450/15/1004
f 1452/15/1006 1464/15/1018 1463/15/1017 1451/15/1005
f 1454/15/1007 1466/15/1019 1465/15/1020 1453/15/1008
f 1455/15/1009 1467/15/1021 1466/15/1019 1454/15/1007
f 1456/15/1010 1468/15/1022 1467/15/1021 1455/15/1009
f 1457/15/1011 1469/15/1023 1468/15/1022 1456/15/1010
f 1458/15/1012 1470/15/1024 1469/15/1023 1457/15/1011
f 1459/15/1013 1471/15/1025 1470/15/1024 1458/15/1012
f 1460/15/1014 1472/15/1026 1471/15/1025 1459/15/1013
f 1461/15/1015 1473/15/1027 1472/15/1026 1460/15/1014
f 1462/15/1016 1474/15/1028 1473/15/1027 1461/15/1015
f 1463/15/1017 1475/15/1029 1474/15/1028 1462/15/1016
f 1464/15/1018 1476/15/1030 1475/15/1029 1463/15/1017
f 1466/15/1019 1478/15/1031 1477/15/1032 1465/15/1020
f 1467/15/1021 1479/15/1033 1478/15/1031 1466/15/1019
f 1468/15/1022 1480/15/1034 1479/15/1033 1467/15/1021
f 1469/15/1023 1481/15/1035 1480/15/1034 1468/15/1022
f 1470/15/1024 1482/15/1036 1481/15/1035 1469/15/1023
f 1471/15/1025 1483/15/1037 1482/15/1036 1470/15/1024
f 1472/15/1026 1484/15/1038 1483/15/1037 1471/15/1025
f 1473/15/1027 1485/15/1039 1484/15/1038 1472/15/1026
f 1474/15/1028 1486/15/1040 1485/15/1039 1473/15/1027
f 1475/15/1029 1487/15/1041 1486/15/1040 1474/15/1028
f 1476/15/1030 1488/15/1042 1487/15/1041 1475/15/1029
f 1478/15/1031 1490/15/1043 1489/15/1044 1477/15/1032
f 1479/15/1033 1491/15/1045 1490/15/1043 1478/15/1031
f 1480/15/1034 1492/15/1046 1491/15/1045 1479/15/1033
f 1481/15/1035 1493/15/1047 1492/15/1046 1480/15/1034
f 1482/15/1036 1494/15/1048 1493/15/1047 1481/15/1035
f 1483/15/1037 1495/15/1049 1494/15/1048 1482/15/1036
f 1484/15/1038 1496/15/1050 1495/15/1049 1483/15/1037
f 1485/15/1039 1497/15/1051 1496/15/1050 1484/15/1038
f 1486/15/1040 1498/15/1052 1497/15/1051 1485/15/1039
f 1487/15/1041 1499/15/1053 1498/15/1052 1486/15/1040
f 1488/15/1042 1500/15/1054 1499/15/1053 1487/15/1041
f 1490/15/1043 1502/15/1055 1501/15/1056 1489/15/1044
f 1491/15/1045 1503/15/1057 1502/15/1055 1490/15/1043
f 1492/15/1046 1504/15/1058 1503/15/1057 1491/15/1045
f 1493/15/1047 1505/15/1059 1504/15/1058 1492/15/1046
f 1494/15/1048 1506/15/1060 1505/15/1059 1493/15/1047
f 1495/15/1049 1507/15/1061 1506/15/1060 1494/15/1048
f 1496/15/1050 1508/15/1062 1507/15/1061 1495/15/1049
f 1497/15/1051 1509/15/1063 1508/15/1062 1496/15/1050
f 1498/15/1052 1510/15/1064 1509/15/1063 1497/15/1051
f 1499/15/1053 1511/15/1065 1510/15/1064 1498/15/1052
f 1500/15/1054 1512/15/1066 1511/15/1065 1499/15/1053
f 1502/15/1055 1514/15/1067 1513/15/1068 1501/15/1056
f 1503/15/1057 1515/15/1069 1514/15/1067 1502/15/1055
f 1504/15/1058 1516/15/1070 1515/15/1069 1503/15/1057
f 1505/15/1059 1517/15/1071 1516/15/1070 1504/15/1058
f 1506/15/1060 1518/15/1072 1517/15/1071 1505/15/1059
f 1507/15/1061 1519/15/1073 1518/15/1072 1506/15/1060
f 1508/15/1062 1520/15/1074 1519/15/1073 1507/15/1061
f 1509/15/1063 1521/15/1075 1520/15/1074 1508/15/1062
f 1510/15/1064 1522/15/1076 1521/15/1075 1509/15/1063
f 1511/15/1065 1523/15/1077 1522/15/1076 1510/15/1064
f 1512/15/1066 1524/15/1078 1523/15/1077 1511/15/1065
f 1514/15/1067 458/15/11 457/15/14 1513/15/1068
f 1515/15/1069 459/15/15 458/15/11 1514/15/1067
f 1516/15/1070 460/15/17 459/15/15 1515/15/1069
f 1517/15/1071 461/15/19 460/15/17 1516/15/1070
f 1518/15/1072 462/15/21 461/15/19 1517/15/1071
f 1519/15/1073 463/15/23 462/15/21 1518/15/1072
f 1520/15/1074 464/15/25 463/15/23 1519/15/1073
f 1521/15/1075 465/15/27 464/15/25 1520/15/1074
f 1522/15/1076 466/15/29 465/15/27 1521/15/1075
f 1523/15/1077 467/15/31 466/15/29 1522/15/1076
f 1524/15/1078 468/15/33 467/15/31 1523/15/1077
f 1526/15/1079 1538/15/1080 1537/15/1081 1525/15/1082
f 1527/15/1083 1539/15/1084 1538/15/1080 1526/15/1079
f 1528/15/1085 1540/15/1086 1539/15/1084 1527/15/1083
f 1529/15/1087 1541/15/1088 1540/15/1086 1528/15/1085
f 1530/15/1089 1542/15/1090 1541/15/1088 1529/15/1087
f 1531/15/1091 1543/15/1092 1542/15/1090 1530/15/1089
f 1532/15/1093 1544/15/1094 1543/15/1092 1531/15/1091
f 1533/15/1095 1545/15/1096 1544/15/1094 1532/15/1093
f 1534/15/1097 1546/15/1098 1545/15/1096 1533/15/1095
f 1535/15/1099 1547/15/1100 1546/15/1098 1534/15/1097
f 1536/15/1082 1548/15/1101 1547/15/1100 1535/15/1099
f 1538/15/1080 1550/15/1102 1549/15/1103 1537/15/1081
f 1539/15/1084 1551/15/1104 1550/15/1102 1538/15/1080
f 1540/15/1086 1552/15/1105 1551/15/1104 1539/15/1084
f 1541/15/1088 1553/15/1106 1552/15/1105 1540/15/1086
f 1542/15/1090 1554/15/1107 1553/15/1106 1541/15/1088
f 1543/15/1092 1555/15/1108 1554/15/1107 1542/15/1090
f 1544/15/1094 1556/15/1109 1555/15/1108 1543/15/1092
f 1545/15/1096 1557/15/1110 1556/15/1109 1544/15/1094
f 1546/15/1098 1558/15/1111 1557/15/1110 1545/15/1096
f 1547/15/1100 1559/15/1112 1558/15/1111 1546/15/1098
f 1548/15/1101 1560/15/1113 1559/15/1112 1547/15/1100
f 1550/15/1102 1562/15/1114 1561/15/1115 1549/15/1103
f 1551/15/1104 1563/15/1116 1562/15/1114 1550/15/1102
f 1552/15/1105 1564/15/1117 1563/15/1116 1551/15/1104
f 1553/15/1106 1565/15/1118 1564/15/1117 1552/15/1105
f 1554/15/1107 1566/15/1119 1565/15/1118 1553/15/1106
f 1555/15/1108 1567/15/1120 1566/15/1119 1554/15/1107
f 1556/15/1109 1568/15/1121 1567/15/1120 1555/15/1108
f 1557/15/1110 1569/15/1122 1568/15/1121 1556/15/1109
f 1558/15/1111 1570/15/1123 1569/15/1122 1557/15/1110
f 1559/15/1112 1571/15/1124 1570/15/1123 1558/15/1111
f 1560/15/1113 1572/15/1125 1571/15/1124 1559/15/1112
f 1562/15/1114 1574/15/1126 1573/15/1127 1561/15/1115
f 1563/15/1116 1575/15/1128 1574/15/1126 1562/15/1114
f 1564/15/1117 1576/15/1129 1575/15/1128 1563/15/1116
f 1565/15/1118 1577/15/1130 1576/15/1129 1564/15/1117
f 1566/15/1119 1578/15/1131 1577/15/1130 1565/15/1118
f 1567/15/1120 1579/15/1132 1578/15/1131 1566/15/1119
f 1568/15/1121 1580/15/1133 1579/15/1132 1567/15/1120
f 1569/15/1122 1581/15/1134 1580/15/1133 1568/15/1121
f 1570/15/1123 1582/15/1135 1581/15/1134 1569/15/1122
f 1571/15/1124 1583/15/1136 1582/15/1135 1570/15/1123
f 1572/15/1125 1584/15/1137 1583/15/1136 1571/15/1124
f 1574/15/1126 1586/15/1138 1585/15/1139 1573/15/1127
f 1575/15/1128 1587/15/1140 1586/15/1138 1574/15/1126
f 1576/15/1129 1588/15/1141 1587/15/1140 1575/15/1128
f 1577/15/1130 1589/15/1142 1588/15/1141 1576/15/1129
f 1578/15/1131 1590/15/1143 1589/15/1142 1577/15/1130
f 1579/15/1132 1591/15/1144 1590/15/1143 1578/15/1131
f 1580/15/1133 1592/15/1145 1591/15/1144 1579/15/1132
f 1581/15/1134 1593/15/1146 1592/15/1145 1580/15/1133
f 1582/15/1135 1594/15/1147 1593/15/1146 1581/15/1134
f 1583/15/1136 1595/15/1148 1594/15/1147 1582/15/1135
f 1584/15/1137 1596/15/1149 1595/15/1148 1583/15/1136
f 1586/15/1138 1598/15/1150 1597/15/1151 1585/15/1139
f 1587/15/1140 1599/15/1152 1598/15/1150 1586/15/1138
f 1588/15/1141 1600/15/1153 1599/15/1152 1587/15/1140
f 1589/15/1142 1601/15/1154 1600/15/1153 1588/15/1141
f 1590/15/1143 1602/15/1155 1601/15/1154 1589/15/1142
f 1591/15/1144 1603/15/1156 1602/15/1155 1590/15/1143
f 1592/15/1145 1604/15/1157 1603/15/1156 1591/15/1144
f 1593/15/1146 1605/15/1158 1604/15/1157 1592/15/1145
f 1594/15/1147 1606/15/1159 1605/15/1158 1593/15/1146
f 1595/15/1148 1607/15/1160 1606/15/1159 1594/15/1147
f 1596/15/1149 1608/15/1161 1607/15/1160 1595/15/1148
f 1598/15/1150 1610/15/1162 1609/15/1163 1597/15/1151
f 1599/15/1152 1611/15/1164 1610/15/1162 1598/15/1150
f 1600/15/1153 1612/15/1165 1611/15/1164 1599/15/1152
f 1601/15/1154 1613/15/1166 1612/15/1165 1600/15/1153
f 1602/15/1155 1614/15/1167 1613/15/1166 1601/15/1154
f 1603/15/1156 1615/15/1168 1614/15/1167 1602/15/1155
f 1604/15/1157 1616/15/1169 1615/15/1168 1603/15/1156
f 1605/15/1158 1617/15/1170 1616/15/1169 1604/15/1157
f 1606/15/1159 1618/15/1171 1617/15/1170 1605/15/1158
f 1607/15/1160 1619/15/1172 1618/15/1171 1606/15/1159
f 1608/15/1161 1620/15/1173 1619/15/1172 1607/15/1160
f 1610/15/1162 1622/15/1174 1621/15/1175 1609/15/1163
f 1611/15/1164 1623/15/1176 1622/15/1174 1610/15/1162
f 1612/15/1165 1624/15/1177 1623/15/1176 1611/15/1164
f 1613/15/1166 1625/15/1178 1624/15/1177 1612/15/1165
f 1614/15/1167 1626/15/1179 1625/15/1178 1613/15/1166
f 1615/15/1168 1627/15/1180 1626/15/1179 1614/15/1167
f 1616/15/1169 1628/15/1181 1627/15/1180 1615/15/1168
f 1617/15/1170 1629/15/1182 1628/15/1181 1616/15/1169
f 1618/15/1171 1630/15/1183 1629/15/1182 1617/15/1170
f 1619/15/1172 1631/15/1184 1630/15/1183 1618/15/1171
f 1620/15/1173 1632/15/1185 1631/15/1184 1619/15/1172
f 1622/15/1174 1634/15/1186 1633/15/1187 1621/15/1175
f 1623/15/1176 1635/15/1188 1634/15/1186 1622/15/1174
f 1624/15/1177 1636/15/1189 1635/15/1188 1623/15/1176
f 1625/15/1178 1637/15/1190 1636/15/1189 1624/15/1177
f 1626/15/1179 1638/15/1191 1637/15/1190 1625/15/1178
f 1627/15/1180 1639/15/1192 1638/15/1191 1626/15/1179
f 1628/15/1181 1640/15/1193 1639/15/1192 1627/15/1180
f 1629/15/1182 1641/15/1194 1640/15/1193 1628/15/1181
f 1630/15/1183 1642/15/1195 1641/15/1194 1629/15/1182
f 1631/15/1184 1643/15/1196 1642/15/1195 1630/15/1183
f 1632/15/1185 1644/15/1197 1643/15/1196 1631/15/1184
f 1634/15/1186 1646/15/1198 1645/15/1199 1633/15/1187
f 1635/15/1188 1647/15/1200 1646/15/1198 1634/15/1186
f 1636/15/1189 1648/15/1201 1647/15/1200 1635/15/1188
f 1637/15/1190 1649/15/1202 1648/15/1201 1636/15/1189
f 1638/15/1191 1650/15/1203 1649/15/1202 1637/15/1190
f 1639/15/1192 1651/15/1204 1650/15/1203 1638/15/1191
f 1640/15/1193 1652/15/1205 1651/15/1204 1639/15/1192
f 1641/15/1194 1653/15/1206 1652/15/1205 1640/15/1193
f 1642/15/1195 1654/15/1207 1653/15/1206 1641/15/1194
f 1643/15/1196 1655/15/1208 1654/15/1207 1642/15/1195
f 1644/15/1197 1656/15/1209 1655/15/1208 1643/15/1196
f 1646/15/1198 1658/15/1210 1657/15/1211 1645/15/1199
f 1647/15/1200 1659/15/1212 1658/15/1210 1646/15/1198
f 1648/15/1201 1660/15/1213 1659/15/1212 1647/15/1200
f 1649/15/1202 1661/15/1214 1660/15/1213 1648/15/1201
f 1650/15/1203 1662/15/1215 1661/15/1214 1649/15/1202
f 1651/15/1204 1663/15/1216 1662/15/1215 1650/15/1203
f 1652/15/1205 1664/15/1217 1663/15/1216 1651/15/1204
f 1653/15/1206 1665/15/1218 1664/15/1217 1652/15/1205
f 1654/15/1207 1666/15/1219 1665/15/1218 1653/15/1206
f 1655/15/1208 1667/15/1220 1666/15/1219 1654/15/1207
f 1656/15/1209 1668/15/1221 1667/15/1220 1655/15/1208
f 1658/15/1210 1670/15/1222 1669/15/1223 1657/15/1211
f 1659/15/1212 1671/15/1224 1670/15/1222 1658/15/1210
f 1660/15/1213 1672/15/1225 1671/15/1224 1659/15/1212
f 1661/15/1214 1673/15/1226 1672/15/1225 1660/15/1213
f 1662/15/1215 1674/15/1227 1673/15/1226 1661/15/1214
f 1663/15/1216 1675/15/1228 1674/15/1227 1662/15/1215
f 1664/15/1217 1676/15/1229 1675/15/1228 1663/15/1216
f 1665/15/1218 1677/15/1230 1676/15/1229 1664/15/1217
f 1666/15/1219 1678/15/1231 1677/15/1230 1665/15/1218
f 1667/15/1220 1679/15/1232 1678/15/1231 1666/15/1219
f 1668/15/1221 1680/15/1233 1679/15/1232 1667/15/1220
f 1670/15/1222 1682/15/1234 1681/15/1235 1669/15/1223
f 1671/15/1224 1683/15/1236 1682/15/1234 1670/15/1222
f 1672/15/1225 1684/15/1237 1683/15/1236 1671/15/1224
f 1673/15/1226 1685/15/1238 1684/15/1237 1672/15/1225
f 1674/15/1227 1686/15/1239 1685/15/1238 1673/15/1226
f 1675/15/1228 1687/15/1240 1686/15/1239 1674/15/1227
f 1676/15/1229 1688/15/1241 1687/15/1240 1675/15/1228
f 1677/15/1230 1689/15/1242 1688/15/1241 1676/15/1229
f 1678/15/1231 1690/15/1243 1689/15/1242 1677/15/1230
f 1679/15/1232 1691/15/1244 1690/15/1243 1678/15/1231
f 1680/15/1233 1692/15/1245 1691/15/1244 1679/15/1232
f 1682/15/1234 1694/15/1246 1693/15/1247 1681/15/1235
f 1683/15/1236 1695/15/1248 1694/15/1246 1682/15/1234
f 1684/15/1237 1696/15/1249 1695/15/1248 1683/15/1236
f 1685/15/1238 1697/15/1250 1696/15/1249 1684/15/1237
f 1686/15/1239 1698/15/1251 1697/15/1250 1685/15/1238
f 1687/15/1240 1699/15/1252 1698/15/1251 1686/15/1239
f 1688/15/1241 1700/15/1253 1699/15/1252 1687/15/1240
f 1689/15/1242 1701/15/1254 1700/15/1253 1688/15/1241
f 1690/15/1243 1702/15/1255 1701/15/1254 1689/15/1242
f 1691/15/1244 1703/15/1256 1702/15/1255 1690/15/1243
f 1692/15/1245 1704/15/1257 1703/15/1256 1691/15/1244
f 1694/15/1246 1706/15/1258 1705/15/1259 1693/15/1247
f 1695/15/1248 1707/15/1260 1706/15/1258 1694/15/1246
f 1696/15/1249 1708/15/1261 1707/15/1260 1695/15/1248
f 1697/15/1250 1709/15/1262 1708/15/1261 1696/15/1249
f 1698/15/1251 1710/15/1263 1709/15/1262 1697/15/1250
f 1699/15/1252 1711/15/1264 1710/15/1263 1698/15/1251
f 1700/15/1253 1712/15/1265 1711/15/1264 1699/15/1252
f 1701/15/1254 1713/15/1266 1712/15/1265 1700/15/1253
f 1702/15/1255 1714/15/1267 1713/15/1266 1701/15/1254
f 1703/15/1256 1715/15/1268 1714/15/1267 1702/15/1255
f 1704/15/1257 1716/15/1269 1715/15/1268 1703/15/1256
f 1706/15/1258 1718/15/1270 1717/15/1271 1705/15/1259
f 1707/15/1260 1719/15/1272 1718/15/1270 1706/15/1258
f 1708/15/1261 1720/15/1273 1719/15/1272 1707/15/1260
f 1709/15/1262 1721/15/1274 1720/15/1273 1708/15/1261
f 1710/15/1263 1722/15/1275 1721/15/1274 1709/15/1262
f 1711/15/1264 1723/15/1276 1722/15/1275 1710/15/1263
f 1712/15/1265 1724/15/1277 1723/15/1276 1711/15/1264
f 1713/15/1266 1725/15/1278 1724/15/1277 1712/15/1265
f 1714/15/1267 1726/15/1279 1725/15/1278 1713/15/1266
f 1715/15/1268 1727/15/1280 1726/15/1279 1714/15/1267
f 1716/15/1269 1728/15/1281 1727/15/1280 1715/15/1268
f 1718/15/1270 1730/15/1282 1729/15/1283 1717/15/1271
f 1719/15/1272 1731/15/1284 1730/15/1282 1718/15/1270
f 1720/15/1273 1732/15/1285 1731/15/1284 1719/15/1272
f 1721/15/1274 1733/15/1286 1732/15/1285 1720/15/1273
f 1722/15/1275 1734/15/1287 1733/15/1286 1721/15/1274
f 1723/15/1276 1735/15/1288 1734/15/1287 1722/15/1275
f 1724/15/1277 1736/15/1289 1735/15/1288 1723/15/1276
f 1725/15/1278 1737/15/1290 1736/15/1289 1724/15/1277
f 1726/15/1279 1738/15/1291 1737/15/1290 1725/15/1278
f 1727/15/1280 1739/15/1292 1738/15/1291 1726/15/1279
f 1728/15/1281 1740/15/1293 1739/15/1292 1727/15/1280
f 1730/15/1282 1742/15/1294 1741/15/1295 1729/15/1283
f 1731/15/1284 1743/15/1296 1742/15/1294 1730/15/1282
f 1732/15/1285 1744/15/1297 1743/15/1296 1731/15/1284
f 1733/15/1286 1745/15/1298 1744/15/1297 1732/15/1285
f 1734/15/1287 1746/15/1299 1745/15/1298 1733/15/1286
f 1735/15/1288 1747/15/1300 1746/15/1299 1734/15/1287
f 1736/15/1289 1748/15/1301 1747/15/1300 1735/15/1288
f 1737/15/1290 1749/15/1302 1748/15/1301 1736/15/1289
f 1738/15/1291 1750/15/1303 1749/15/1302 1737/15/1290
f 1739/15/1292 1751/15/1304 1750/15/1303 1738/15/1291
f 1740/15/1293 1752/15/1305 1751/15/1304 1739/15/1292
f 1742/15/1294 1754/15/1306 1753/15/1307 1741/15/1295
f 1743/15/1296 1755/15/1308 1754/15/1306 1742/15/1294
f 1744/15/1297 1756/15/1309 1755/15/1308 1743/15/1296
f 1745/15/1298 1757/15/1310 1756/15/1309 1744/15/1297
f 1746/15/1299 1758/15/1311 1757/15/1310 1745/15/1298
f 1747/15/1300 1759/15/1312 1758/15/1311 1746/15/1299
f 1748/15/1301 1760/15/1313 1759/15/1312 1747/15/1300
f 1749/15/1302 1761/15/1314 1760/15/1313 1748/15/1301
f 1750/15/1303 1762/15/1315 1761/15/1314 1749/15/1302
f 1751/15/1304 1763/15/1316 1762/15/1315 1750/15/1303
f 1752/15/1305 1764/15/1317 1763/15/1316 1751/15/1304
f 1754/15/1306 1766/15/1318 1765/15/1319 1753/15/1307
f 1755/15/1308 1767/15/1320 1766/15/1318 1754/15/1306
f 1756/15/1309 1768/15/1321 1767/15/1320 1755/15/1308
f 1757/15/1310 1769/15/1322 1768/15/1321 1756/15/1309
f 1758/15/1311 1770/15/1323 1769/15/1322 1757/15/1310
f 1759/15/1312 1771/15/1324 1770/15/1323 1758/15/1311
f 1760/15/1313 1772/15/1325 1771/15/1324 1759/15/1312
f 1761/15/1314 1773/15/1326 1772/15/1325 1760/15/1313
f 1762/15/1315 1774/15/1327 1773/15/1326 1761/15/1314
f 1763/15/1316 1775/15/1328 1774/15/1327 1762/15/1315
f 1764/15/1317 1776/15/1329 1775/15/1328 1763/15/1316
f 1766/15/1318 1778/15/1330 1777/15/1331 1765/15/1319
f 1767/15/1320 1779/15/1332 1778/15/1330 1766/15/1318
f 1768/15/1321 1780/15/1333 1779/15/1332 1767/15/1320
f 1769/15/1322 1781/15/1334 1780/15/1333 1768/15/1321
f 1770/15/1323 1782/15/1335 1781/15/1334 1769/15/1322
f 1771/15/1324 1783/15/1336 1782/15/1335 1770/15/1323
f 1772/15/1325 1784/15/1337 1783/15/1336 1771/15/1324
f 1773/15/1326 1785/15/1338 1784/15/1337 1772/15/1325
f 1774/15/1327 1786/15/1339 1785/15/1338 1773/15/1326
f 1775/15/1328 1787/15/1340 1786/15/1339 1774/15/1327
f 1776/15/1329 1788/15/1341 1787/15/1340 1775/15/1328
f 1778/15/1330 1790/15/1342 1789/15/1343 1777/15/1331
f 1779/15/1332 1791/15/1344 1790/15/1342 1778/15/1330
f 1780/15/1333 1792/15/1345 1791/15/1344 1779/15/1332
f 1781/15/1334 1793/15/1346 1792/15/1345 1780/15/1333
f 1782/15/1335 1794/15/1347 1793/15/1346 1781/15/1334
f 1783/15/1336 1795/15/1348 1794/15/1347 1782/15/1335
f 1784/15/1337 1796/15/1349 1795/15/1348 1783/15/1336
f 1785/15/1338 1797/15/1350 1796/15/1349 1784/15/1337
f 1786/15/1339 1798/15/1351 1797/15/1350 1785/15/1338
f 1787/15/1340 1799/15/1352 1798/15/1351 1786/15/1339
f 1788/15/1341 1800/15/1353 1799/15/1352 1787/15/1340
f 1790/15/1342 1802/15/1354 1801/15/1355 1789/15/1343
f 1791/15/1344 1803/15/1356 1802/15/1354 1790/15/1342
f 1792/15/1345 1804/15/1357 1803/15/1356 1791/15/1344
f 1793/15/1346 1805/15/1358 1804/15/1357 1792/15/1345
f 1794/15/1347 1806/15/1359 1805/15/1358 1793/15/1346
f 1795/15/1348 1807/15/1360 1806/15/1359 1794/15/1347
f 1796/15/1349 1808/15/1361 1807/15/1360 1795/15/1348
f 1797/15/1350 1809/15/1362 1808/15/1361 1796/15/1349
f 1798/15/1351 1810/15/1363 1809/15/1362 1797/15/1350
f 1799/15/1352 1811/15/1364 1810/15/1363 1798/15/1351
f 1800/15/1353 1812/15/1365 1811/15/1364 1799/15/1352
f 1802/15/1354 1814/15/1366 1813/15/1367 1801/15/1355
f 1803/15/1356 1815/15/1368 1814/15/1366 1802/15/1354
f 1804/15/1357 1816/15/1369 1815/15/1368 1803/15/1356
f 1805/15/1358 1817/15/1370 1816/15/1369 1804/15/1357
f 1806/15/1359 1818/15/1371 1817/15/1370 1805/15/1358
f 1807/15/1360 1819/15/1372 1818/15/1371 1806/15/1359
f 1808/15/1361 1820/15/1373 1819/15/1372 1807/15/1360
f 1809/15/1362 1821/15/1374 1820/15/1373 1808/15/1361
f 1810/15/1363 1822/15/1375 1821/15/1374 1809/15/1362
f 1811/15/1364 1823/15/1376 1822/15/1375 1810/15/1363
f 1812/15/1365 1824/15/1377 1823/15/1376 1811/15/1364
f 1814/15/1366 1826/15/1067 1825/15/1068 1813/15/1367
f 1815/15/1368 1827/15/1069 1826/15/1067 1814/15/1366
f 1816/15/1369 1828/15/1070 1827/15/1069 1815/15/1368
f 1817/15/1370 1829/15/1071 1828/15/1070 1816/15/1369
f 1818/15/1371 1830/15/1072 1829/15/1071 1817/15/1370
f 1819/15/1372 1831/15/1073 1830/15/1072 1818/15/1371
f 1820/15/1373 1832/15/1074 1831/15/1073 1819/15/1372
f 1821/15/1374 1833/15/1075 1832/15/1074 1820/15/1373
f 1822/15/1375 1834/15/1076 1833/15/1075 1821/15/1374
f 1823/15/1376 1835/15/1077 1834/15/1076 1822/15/1375
f 1824/15/1377 1836/15/1078 1835/15/1077 1823/15/1376
f 1826/15/1067 1838/15/11 1837/15/14 1825/15/1068
f 1827/15/1069 1839/15/15 1838/15/11 1826/15/1067
f 1828/15/1070 1840/15/17 1839/15/15 1827/15/1069
f 1829/15/1071 1841/15/1378 1840/15/17 1828/15/1070
f 1830/15/1072 1842/15/21 1841/15/1378 1829/15/1071
f 1831/15/1073 1843/15/23 1842/15/21 1830/15/1072
f 1832/15/1074 1844/15/1379 1843/15/23 1831/15/1073
f 1833/15/1075 1845/15/27 1844/15/1379 1832/15/1074
f 1834/15/1076 1846/15/29 1845/15/27 1833/15/1075
f 1835/15/1077 1847/15/31 1846/15/29 1834/15/1076
f 1836/15/1078 1848/15/33 1847/15/31 1835/15/1077
f 1838/15/11 1850/15/1380 1849/15/1381 1837/15/14
f 1839/15/15 1851/15/1382 1850/15/1380 1838/15/11
f 1840/15/17 1852/15/1383 1851/15/1382 1839/15/15
f 1841/15/1378 1853/15/1384 1852/15/1383 1840/15/17
f 1842/15/21 1854/15/1385 1853/15/1384 1841/15/1378
f 1843/15/23 1855/15/1386 1854/15/1385 1842/15/21
f 1844/15/1379 1856/15/1387 1855/15/1386 1843/15/23
f 1845/15/27 1857/15/1388 1856/15/1387 1844/15/1379
f 1846/15/29 1858/15/1389 1857/15/1388 1845/15/27
f 1847/15/31 1859/15/1390 1858/15/1389 1846/15/29
f 1848/15/33 1860/15/1391 1859/15/1390 1847/15/31
f 1850/15/1380 1862/15/1392 1861/15/1393 1849/15/1381
f 1851/15/1382 1863/15/1394 1862/15/1392 1850/15/1380
f 1852/15/1383 1864/15/1395 1863/15/1394 1851/15/1382
f 1853/15/1384 1865/15/1396 1864/15/1395 1852/15/1383
f 1854/15/1385 1866/15/1397 1865/15/1396 1853/15/1384
f 1855/15/1386 1867/15/1398 1866/15/1397 1854/15/1385
f 1856/15/1387 1868/15/1399 1867/15/1398 1855/15/1386
f 1857/15/1388 1869/15/1400 1868/15/1399 1856/15/1387
f 1858/15/1389 1870/15/1401 1869/15/1400 1857/15/1388
f 1859/15/1390 1871/15/1402 1870/15/1401 1858/15/1389
f 1860/15/1391 1872/15/1403 1871/15/1402 1859/15/1390
f 1862/15/1392 1874/15/1404 1873/15/1405 1861/15/1393
f 1863/15/1394 1875/15/1406 1874/15/1404 1862/15/1392
f 1864/15/1395 1876/15/1407 1875/15/1406 1863/15/1394
f 1865/15/1396 1877/15/1408 1876/15/1407 1864/15/1395
f 1866/15/1397 1878/15/1409 1877/15/1408 1865/15/1396
f 1867/15/1398 1879/15/1410 1878/15/1409 1866/15/1397
f 1868/15/1399 1880/15/1411 1879/15/1410 1867/15/1398
f 1869/15/1400 1881/15/1412 1880/15/1411 1868/15/1399
f 1870/15/1401 1882/15/1413 1881/15/1412 1869/15/1400
f 1871/15/1402 1883/15/1414 1882/15/1413 1870/15/1401
f 1872/15/1403 1884/15/1415 1883/15/1414 1871/15/1402
f 1874/15/1404 1886/15/1416 1885/15/1417 1873/15/1405
f 1875/15/1406 1887/15/1418 1886/15/1416 1874/15/1404
f 1876/15/1407 1888/15/1419 1887/15/1418 1875/15/1406
f 1877/15/1408 1889/15/1420 1888/15/1419 1876/15/1407
f 1878/15/1409 1890/15/1421 1889/15/1420 1877/15/1408
f 1879/15/1410 1891/15/1422 1890/15/1421 1878/15/1409
f 1880/15/1411 1892/15/1423 1891/15/1422 1879/15/1410
f 1881/15/1412 1893/15/1424 1892/15/1423 1880/15/1411
f 1882/15/1413 1894/15/1425 1893/15/1424 1881/15/1412
f 1883/15/1414 1895/15/1426 1894/15/1425 1882/15/1413
f 1884/15/1415 1896/15/1427 1895/15/1426 1883/15/1414
f 1886/15/1416 1898/15/1428 1897/15/1429 1885/15/1417
f 1887/15/1418 1899/15/1430 1898/15/1428 1886/15/1416
f 1888/15/1419 1900/15/1431 1899/15/1430 1887/15/1418
f 1889/15/1420 1901/15/1432 1900/15/1431 1888/15/1419
f 1890/15/1421 1902/15/1433 1901/15/1432 1889/15/1420
f 1891/15/1422 1903/15/1434 1902/15/1433 1890/15/1421
f 1892/15/1423 1904/15/1435 1903/15/1434 1891/15/1422
f 1893/15/1424 1905/15/1436 1904/15/1435 1892/15/1423
f 1894/15/1425 1906/15/1437 1905/15/1436 1893/15/1424
f 1895/15/1426 1907/15/1438 1906/15/1437 1894/15/1425
f 1896/15/1427 1908/15/1439 1907/15/1438 1895/15/1426
f 1898/15/1428 1910/15/1440 1909/15/1441 1897/15/1429
f 1899/15/1430 1911/15/1442 1910/15/1440 1898/15/1428
f 1900/15/1431 1912/15/1443 1911/15/1442 1899/15/1430
f 1901/15/1432 1913/15/1444 1912/15/1443 1900/15/1431
f 1902/15/1433 1914/15/1445 1913/15/1444 1901/15/1432
f 1903/15/1434 1915/15/1446 1914/15/1445 1902/15/1433
f 1904/15/1435 1916/15/1447 1915/15/1446 1903/15/1434
f 1905/15/1436 1917/15/1448 1916/15/1447 1904/15/1435
f 1906/15/1437 1918/15/1449 1917/15/1448 1905/15/1436
f 1907/15/1438 1919/15/1450 1918/15/1449 1906/15/1437
f 1908/15/1439 1920/15/1451 1919/15/1450 1907/15/1438
f 1910/15/1440 1922/15/1452 1921/15/1453 1909/15/1441
f 1911/15/1442 1923/15/1454 1922/15/1452 1910/15/1440
f 1912/15/1443 1924/15/1455 1923/15/1454 1911/15/1442
f 1913/15/1444 1925/15/1456 1924/15/1455 1912/15/1443
f 1914/15/1445 1926/15/1457 1925/15/1456 1913/15/1444
f 1915/15/1446 1927/15/1458 1926/15/1457 1914/15/1445
f 1916/15/1447 1928/15/1459 1927/15/1458 1915/15/1446
f 1917/15/1448 1929/15/1460 1928/15/1459 1916/15/1447
f 1918/15/1449 1930/15/1461 1929/15/1460 1917/15/1448
f 1919/15/1450 1931/15/1462 1930/15/1461 1918/15/1449
f 1920/15/1451 1932/15/1463 1931/15/1462 1919/15/1450
f 1922/15/1452 1934/15/1464 1933/15/1465 1921/15/1453
f 1923/15/1454 1935/15/1466 1934/15/1464 1922/15/1452
f 1924/15/1455 1936/15/1467 1935/15/1466 1923/15/1454
f 1925/15/1456 1937/15/1468 1936/15/1467 1924/15/1455
f 1926/15/1457 1938/15/1469 1937/15/1468 1925/15/1456
f 1927/15/1458 1939/15/1470 1938/15/1469 1926/15/1457
f 1928/15/1459 1940/15/1471 1939/15/1470 1927/15/1458
f 1929/15/1460 1941/15/1472 1940/15/1471 1928/15/1459
f 1930/15/1461 1942/15/1473 1941/15/1472 1929/15/1460
f 1931/15/1462 1943/15/1474 1942/15/1473 1930/15/1461
f 1932/15/1463 1944/15/1475 1943/15/1474 1931/15/1462
f 1934/15/1464 1946/15/1476 1945/15/1477 1933/15/1465
f 1935/15/1466 1947/15/1478 1946/15/1476 1934/15/1464
f 1936/15/1467 1948/15/1479 1947/15/1478 1935/15/1466
f 1937/15/1468 1949/15/1480 1948/15/1479 1936/15/1467
f 1938/15/1469 1950/15/1481 1949/15/1480 1937/15/1468
f 1939/15/1470 1951/15/1482 1950/15/1481 1938/15/1469
f 1940/15/1471 1952/15/1483 1951/15/1482 1939/15/1470
f 1941/15/1472 1953/15/1484 1952/15/1483 1940/15/1471
f 1942/15/1473 1954/15/1485 1953/15/1484 1941/15/1472
f 1943/15/1474 1955/15/1486 1954/15/1485 1942/15/1473
f 1944/15/1475 1956/15/1487 1955/15/1486 1943/15/1474
f 1946/15/1476 1958/15/1488 1957/15/1489 1945/15/1477
f 1947/15/1478 1959/15/1490 1958/15/1488 1946/15/1476
f 1948/15/1479 1960/15/1491 1959/15/1490 1947/15/1478
f 1949/15/1480 1961/15/1492 1960/15/1491 1948/15/1479
f 1950/15/1481 1962/15/1493 1961/15/1492 1949/15/1480
f 1951/15/1482 1963/15/1494 1962/15/1493 1950/15/1481
f 1952/15/1483 1964/15/1495 1963/15/1494 1951/15/1482
f 1953/15/1484 1965/15/1496 1964/15/1495 1952/15/1483
f 1954/15/1485 1966/15/1497 1965/15/1496 1953/15/1484
f 1955/15/1486 1967/15/1498 1966/15/1497 1954/15/1485
f 1956/15/1487 1968/15/1499 1967/15/1498 1955/15/1486
f 1958/15/1488 1970/15/1500 1969/15/1501 1957/15/1489
f 1959/15/1490 1971/15/1502 1970/15/1500 1958/15/1488
f 1960/15/1491 1972/15/1503 1971/15/1502 1959/15/1490
f 1961/15/1492 1973/15/1504 1972/15/1503 1960/15/1491
f 1962/15/1493 1974/15/1505 1973/15/1504 1961/15/1492
f 1963/15/1494 1975/15/1506 1974/15/1505 1962/15/1493
f 1964/15/1495 1976/15/1507 1975/15/1506 1963/15/1494
f 1965/15/1496 1977/15/1508 1976/15/1507 1964/15/1495
f 1966/15/1497 1978/15/1509 1977/15/1508 1965/15/1496
f 1967/15/1498 1979/15/1510 1978/15/1509 1966/15/1497
f 1968/15/1499 1980/15/1511 1979/15/1510 1967/15/1498
f 1970/15/1500 1982/15/1512 1981/15/1513 1969/15/1501
f 1971/15/1502 1983/15/1514 1982/15/1512 1970/15/1500
f 1972/15/1503 1984/15/1515 1983/15/1514 1971/15/1502
f 1973/15/1504 1985/15/1516 1984/15/1515 1972/15/1503
f 1974/15/1505 1986/15/1517 1985/15/1516 1973/15/1504
f 1975/15/1506 1987/15/1518 1986/15/1517 1974/15/1505
f 1976/15/1507 1988/15/1519 1987/15/1518 1975/15/1506
f 1977/15/1508 1989/15/1520 1988/15/1519 1976/15/1507
f 1978/15/1509 1990/15/1521 1989/15/1520 1977/15/1508
f 1979/15/1510 1991/15/1522 1990/15/1521 1978/15/1509
f 1980/15/1511 1992/15/1523 1991/15/1522 1979/15/1510
f 1982/15/1512 1994/15/1524 1993/15/456 1981/15/1513
f 1983/15/1514 1995/15/1525 1994/15/1524 1982/15/1512
f 1984/15/1515 1996/15/1526 1995/15/1525 1983/15/1514
f 1985/15/1516 1997/15/1527 1996/15/1526 1984/15/1515
f 1986/15/1517 1998/15/1528 1997/15/1527 1985/15/1516
f 1987/15/1518 1999/15/1529 1998/15/1528 1986/15/1517
f 1988/15/1519 2000/15/1530 1999/15/1529 1987/15/1518
f 1989/15/1520 2001/15/1531 2000/15/1530 1988/15/1519
f 1990/15/1521 2002/15/1532 2001/15/1531 1989/15/1520
f 1991/15/1522 2003/15/1533 2002/15/1532 1990/15/1521
f 1992/15/1523 2004/15/466 2003/15/1533 1991/15/1522
f 1994/15/1524 2006/15/1534 2005/15/1535 1993/15/456
f 1995/15/1525 2007/15/1536 2006/15/1534 1994/15/1524
f 1996/15/1526 2008/15/1537 2007/15/1536 1995/15/1525
f 1997/15/1527 2009/15/1538 2008/15/1537 1996/15/1526
f 1998/15/1528 2010/15/1539 2009/15/1538 1997/15/1527
f 1999/15/1529 2011/15/1540 2010/15/1539 1998/15/1528
f 2000/15/1530 2012/15/1541 2011/15/1540 1999/15/1529
f 2001/15/1531 2013/15/1542 2012/15/1541 2000/15/1530
f 2002/15/1532 2014/15/1543 2013/15/1542 2001/15/1531
f 2003/15/1533 2015/15/1544 2014/15/1543 2002/15/1532
f 2004/15/466 2016/15/1545 2015/15/1544 2003/15/1533
f 2006/15/1534 2018/15/1546 2017/15/1547 2005/15/1535
f 2007/15/1536 2019/15/1548 2018/15/1546 2006/15/1534
f 2008/15/1537 2020/15/1549 2019/15/1548 2007/15/1536
f 2009/15/1538 2021/15/1550 2020/15/1549 2008/15/1537
f 2010/15/1539 2022/15/1551 2021/15/1550 2009/15/1538
f 2011/15/1540 2023/15/1552 2022/15/1551 2010/15/1539
f 2012/15/1541 2024/15/1553 2023/15/1552 2011/15/1540
f 2013/15/1542 2025/15/1554 2024/15/1553 2012/15/1541
f 2014/15/1543 2026/15/1555 2025/15/1554 2013/15/1542
f 2015/15/1544 2027/15/1556 2026/15/1555 2014/15/1543
f 2016/15/1545 2028/15/1557 2027/15/1556 2015/15/1544
f 2018/15/1546 2030/15/1558 2029/15/1559 2017/15/1547
f 2019/15/1548 2031/15/1560 2030/15/1558 2018/15/1546
f 2020/15/1549 2032/15/1561 2031/15/1560 2019/15/1548
f 2021/15/1550 2033/15/1562 2032/15/1561 2020/15/1549
f 2022/15/1551 2034/15/1563 2033/15/1562 2021/15/1550
f 2023/15/1552 2035/15/1564 2034/15/1563 2022/15/1551
f 2024/15/1553 2036/15/1565 2035/15/1564 2023/15/1552
f 2025/15/1554 2037/15/1566 2036/15/1565 2024/15/1553
f 2026/15/1555 2038/15/1567 2037/15/1566 2025/15/1554
f 2027/15/1556 2039/15/1568 2038/15/1567 2026/15/1555
f 2028/15/1557 2040/15/1569 2039/15/1568 2027/15/1556
f 2030/15/1558 2042/15/1570 2041/15/1571 2029/15/1559
f 2031/15/1560 2043/15/1572 2042/15/1570 2030/15/1558
f 2032/15/1561 2044/15/1573 2043/15/1572 2031/15/1560
f 2033/15/1562 2045/15/1574 2044/15/1573 2032/15/1561
f 2034/15/1563 2046/15/1575 2045/15/1574 2033/15/1562
f 2035/15/1564 2047/15/1576 2046/15/1575 2034/15/1563
f 2036/15/1565 2048/15/1577 2047/15/1576 2035/15/1564
f 2037/15/1566 2049/15/1578 2048/15/1577 2036/15/1565
f 2038/15/1567 2050/15/1579 2049/15/1578 2037/15/1566
f 2039/15/1568 2051/15/1580 2050/15/1579 2038/15/1567
f 2040/15/1569 2052/15/1581 2051/15/1580 2039/15/1568
f 2042/15/1570 2054/15/1582 2053/15/1583 2041/15/1571
f 2043/15/1572 2055/15/1584 2054/15/1582 2042/15/1570
f 2044/15/1573 2056/15/1585 2055/15/1584 2043/15/1572
f 2045/15/1574 2057/15/1586 2056/15/1585 2044/15/1573
f 2046/15/1575 2058/15/1587 2057/15/1586 2045/15/1574
f 2047/15/1576 2059/15/1588 2058/15/1587 2046/15/1575
f 2048/15/1577 2060/15/1589 2059/15/1588 2047/15/1576
f 2049/15/1578 2061/15/1590 2060/15/1589 2048/15/1577
f 2050/15/1579 2062/15/1591 2061/15/1590 2049/15/1578
f 2051/15/1580 2063/15/1592 2062/15/1591 2050/15/1579
f 2052/15/1581 2064/15/1593 2063/15/1592 2051/15/1580
f 2054/15/1582 2066/15/1594 2065/15/1595 2053/15/1583
f 2055/15/1584 2067/15/1596 2066/15/1594 2054/15/1582
f 2056/15/1585 2068/15/1597 2067/15/1596 2055/15/1584
f 2057/15/1586 2069/15/1598 2068/15/1597 2056/15/1585
f 2058/15/1587 2070/15/1599 2069/15/1598 2057/15/1586
f 2059/15/1588 2071/15/1600 2070/15/1599 2058/15/1587
f 2060/15/1589 2072/15/1601 2071/15/1600 2059/15/1588
f 2061/15/1590 2073/15/1602 2072/15/1601 2060/15/1589
f 2062/15/1591 2074/15/1603 2073/15/1602 2061/15/1590
f 2063/15/1592 2075/15/1604 2074/15/1603 2062/15/1591
f 2064/15/1593 2076/15/1605 2075/15/1604 2063/15/1592
f 2066/15/1594 2078/15/1606 2077/15/1607 2065/15/1595
f 2067/15/1596 2079/15/1608 2078/15/1606 2066/15/1594
f 2068/15/1597 2080/15/1609 2079/15/1608 2067/15/1596
f 2069/15/1598 2081/15/1610 2080/15/1609 2068/15/1597
f 2070/15/1599 2082/15/1611 2081/15/1610 2069/15/1598
f 2071/15/1600 2083/15/1612 2082/15/1611 2070/15/1599
f 2072/15/1601 2084/15/1613 2083/15/1612 2071/15/1600
f 2073/15/1602 2085/15/1614 2084/15/1613 2072/15/1601
f 2074/15/1603 2086/15/1615 2085/15/1614 2073/15/1602
f 2075/15/1604 2087/15/1616 2086/15/1615 2074/15/1603
f 2076/15/1605 2088/15/1617 2087/15/1616 2075/15/1604
f 2078/15/1606 2090/15/1618 2089/15/552 2077/15/1607
f 2079/15/1608 2091/15/1619 2090/15/1618 2078/15/1606
f 2080/15/1609 2092/15/1620 2091/15/1619 2079/15/1608
f 2081/15/1610 2093/15/1621 2092/15/1620 2080/15/1609
f 2082/15/1611 2094/15/1622 2093/15/1621 2081/15/1610
f 2083/15/1612 2095/15/1623 2094/15/1622 2082/15/1611
f 2084/15/1613 2096/15/1624 2095/15/1623 2083/15/1612
f 2085/15/1614 2097/15/1625 2096/15/1624 2084/15/1613
f 2086/15/1615 2098/15/1626 2097/15/1625 2085/15/1614
f 2087/15/1616 2099/15/1627 2098/15/1626 2086/15/1615
f 2088/15/1617 2100/15/562 2099/15/1627 2087/15/1616
f 2090/15/1618 2102/15/1628 2101/15/1629 2089/15/552
f 2091/15/1619 2103/15/1630 2102/15/1628 2090/15/1618
f 2092/15/1620 2104/15/1631 2103/15/1630 2091/15/1619
f 2093/15/1621 2105/15/1632 2104/15/1631 2092/15/1620
f 2094/15/1622 2106/15/1633 2105/15/1632 2093/15/1621
f 2095/15/1623 2107/15/1634 2106/15/1633 2094/15/1622
f 2096/15/1624 2108/15/1635 2107/15/1634 2095/15/1623
f 2097/15/1625 2109/15/1636 2108/15/1635 2096/15/1624
f 2098/15/1626 2110/15/1637 2109/15/1636 2097/15/1625
f 2099/15/1627 2111/15/1638 2110/15/1637 2098/15/1626
f 2100/15/562 2112/15/1639 2111/15/1638 2099/15/1627
f 2102/15/1628 2114/15/1640 2113/15/1641 2101/15/1629
f 2103/15/1630 2115/15/1642 2114/15/1640 2102/15/1628
f 2104/15/1631 2116/15/1643 2115/15/1642 2103/15/1630
f 2105/15/1632 2117/15/1644 2116/15/1643 2104/15/1631
f 2106/15/1633 2118/15/1645 2117/15/1644 2105/15/1632
f 2107/15/1634 2119/15/1646 2118/15/1645 2106/15/1633
f 2108/15/1635 2120/15/1647 2119/15/1646 2107/15/1634
f 2109/15/1636 2121/15/1648 2120/15/1647 2108/15/1635
f 2110/15/1637 2122/15/1649 2121/15/1648 2109/15/1636
f 2111/15/1638 2123/15/1650 2122/15/1649 2110/15/1637
f 2112/15/1639 2124/15/1651 2123/15/1650 2111/15/1638
f 2114/15/1640 2126/15/1652 2125/15/1653 2113/15/1641
f 2115/15/1642 2127/15/1654 2126/15/1652 2114/15/1640
f 2116/15/1643 2128/15/1655 2127/15/1654 2115/15/1642
f 2117/15/1644 2129/15/1656 2128/15/1655 2116/15/1643
f 2118/15/1645 2130/15/1657 2129/15/1656 2117/15/1644
f 2119/15/1646 2131/15/1658 2130/15/1657 2118/15/1645
f 2120/15/1647 2132/15/1659 2131/15/1658 2119/15/1646
f 2121/15/1648 2133/15/1660 2132/15/1659 2120/15/1647
f 2122/15/1649 2134/15/1661 2133/15/1660 2121/15/1648
f 2123/15/1650 2135/15/1662 2134/15/1661 2122/15/1649
f 2124/15/1651 2136/15/1663 2135/15/1662 2123/15/1650
f 2126/15/1652 2138/15/1664 2137/15/1665 2125/15/1653
f 2127/15/1654 2139/15/1666 2138/15/1664 2126/15/1652
f 2128/15/1655 2140/15/1667 2139/15/1666 2127/15/1654
f 2129/15/1656 2141/15/1668 2140/15/1667 2128/15/1655
f 2130/15/1657 2142/15/1669 2141/15/1668 2129/15/1656
f 2131/15/1658 2143/15/1670 2142/15/1669 2130/15/1657
f 2132/15/1659 2144/15/1671 2143/15/1670 2131/15/1658
f 2133/15/1660 2145/15/1672 2144/15/1671 2132/15/1659
f 2134/15/1661 2146/15/1673 2145/15/1672 2133/15/1660
f 2135/15/1662 2147/15/1674 2146/15/1673 2134/15/1661
f 2136/15/1663 2148/15/1675 2147/15/1674 2135/15/1662
f 2138/15/1664 2150/15/1067 2149/15/1068 2137/15/1665
f 2139/15/1666 2151/15/1069 2150/15/1067 2138/15/1664
f 2140/15/1667 2152/15/1070 2151/15/1069 2139/15/1666
f 2141/15/1668 2153/15/1676 2152/15/1070 2140/15/1667
f 2142/15/1669 2154/15/1072 2153/15/1676 2141/15/1668
f 2143/15/1670 2155/15/1073 2154/15/1072 2142/15/1669
f 2144/15/1671 2156/15/1677 2155/15/1073 2143/15/1670
f 2145/15/1672 2157/15/1075 2156/15/1677 2144/15/1671
f 2146/15/1673 2158/15/1076 2157/15/1075 2145/15/1672
f 2147/15/1674 2159/15/1077 2158/15/1076 2146/15/1673
f 2148/15/1675 2160/15/1078 2159/15/1077 2147/15/1674
f 2150/15/1067 2162/15/11 2161/15/14 2149/15/1068
f 2151/15/1069 2163/15/15 2162/15/11 2150/15/1067
f 2152/15/1070 2164/15/17 2163/15/15 2151/15/1069
f 2153/15/1676 2165/15/19 2164/15/17 2152/15/1070
f 2154/15/1072 2166/15/21 2165/15/19 2153/15/1676
f 2155/15/1073 2167/15/23 2166/15/21 2154/15/1072
f 2156/15/1677 2168/15/25 2167/15/23 2155/15/1073
f 2157/15/1075 2169/15/27 2168/15/25 2156/15/1677
f 2158/15/1076 2170/15/29 2169/15/27 2157/15/1075
f 2159/15/1077 2171/15/31 2170/15/29 2158/15/1076
f 2160/15/1078 2172/15/33 2171/15/31 2159/15/1077
f 2162/15/11 2174/15/1678 2173/15/1679 2161/15/14
f 2163/15/15 2175/15/1680 2174/15/1678 2162/15/11
f 2164/15/17 2176/15/1681 2175/15/1680 2163/15/15
f 2165/15/19 2177/15/1682 2176/15/1681 2164/15/17
f 2166/15/21 2178/15/1683 2177/15/1682 2165/15/19
f 2167/15/23 2179/15/1684 2178/15/1683 2166/15/21
f 2168/15/25 2180/15/1685 2179/15/1684 2167/15/23
f 2169/15/27 2181/15/1686 2180/15/1685 2168/15/25
f 2170/15/29 2182/15/1687 2181/15/1686 2169/15/27
f 2171/15/31 2183/15/1688 2182/15/1687 2170/15/29
f 2172/15/33 2184/15/1689 2183/15/1688 2171/15/31
f 2174/15/1678 2186/15/1055 2185/15/1056 2173/15/1679
f 2175/15/1680 2187/15/1057 2186/15/1055 2174/15/1678
f 2176/15/1681 2188/15/1058 2187/15/1057 2175/15/1680
f 2177/15/1682 2189/15/1690 2188/15/1058 2176/15/1681
f 2178/15/1683 2190/15/1060 2189/15/1690 2177/15/1682
f 2179/15/1684 2191/15/1061 2190/15/1060 2178/15/1683
f 2180/15/1685 2192/15/1691 2191/15/1061 2179/15/1684
f 2181/15/1686 2193/15/1063 2192/15/1691 2180/15/1685
f 2182/15/1687 2194/15/1064 2193/15/1063 2181/15/1686
f 2183/15/1688 2195/15/1065 2194/15/1064 2182/15/1687
f 2184/15/1689 2196/15/1066 2195/15/1065 2183/15/1688
f 2186/15/1055 2198/15/1692 2197/15/1693 2185/15/1056
f 2187/15/1057 2199/15/1694 2198/15/1692 2186/15/1055
f 2188/15/1058 2200/15/1695 2199/15/1694 2187/15/1057
f 2189/15/1690 2201/15/1696 2200/15/1695 2188/15/1058
f 2190/15/1060 2202/15/1697 2201/15/1696 2189/15/1690
f 2191/15/1061 2203/15/1698 2202/15/1697 2190/15/1060
f 2192/15/1691 2204/15/1699 2203/15/1698 2191/15/1061
f 2193/15/1063 2205/15/1700 2204/15/1699 2192/15/1691
f 2194/15/1064 2206/15/1701 2205/15/1700 2193/15/1063
f 2195/15/1065 2207/15/1702 2206/15/1701 2194/15/1064
f 2196/15/1066 2208/15/1693 2207/15/1702 2195/15/1065
f 2198/15/1692 1526/15/1079 1525/15/1082 2197/15/1693
f 2199/15/1694 1527/15/1083 1526/15/1079 2198/15/1692
f 2200/15/1695 1528/15/1085 1527/15/1083 2199/15/1694
f 2201/15/1696 1529/15/1087 1528/15/1085 2200/15/1695
f 2202/15/1697 1530/15/1089 1529/15/1087 2201/15/1696
f 2203/15/1698 1531/15/1091 1530/15/1089 2202/15/1697
f 2204/15/1699 1532/15/1093 1531/15/1091 2203/15/1698
f 2205/15/1700 1533/15/1095 1532/15/1093 2204/15/1699
f 2206/15/1701 1534/15/1097 1533/15/1095 2205/15/1700
f 2207/15/1702 1535/15/1099 1534/15/1097 2206/15/1701
f 2208/15/1693 1536/15/1082 1535/15/1099 2207/15/1702
f 2210/15/1703 2222/15/1704 2221/15/1705 2209/15/1706
f 2211/15/1707 2223/15/1708 2222/15/1704 2210/15/1703
f 2212/15/1709 2224/15/1710 2223/15/1708 2211/15/1707
f 2213/15/1711 2225/15/1712 2224/15/1710 2212/15/1709
f 2214/15/1713 2226/15/1714 2225/15/1712 2213/15/1711
f 2215/15/1715 2227/15/1716 2226/15/1714 2214/15/1713
f 2216/15/1717 2228/15/1718 2227/15/1716 2215/15/1715
f 2217/15/1719 2229/15/1720 2228/15/1718 2216/15/1717
f 2218/15/1721 2230/15/1722 2229/15/1720 2217/15/1719
f 2219/15/1723 2231/15/1724 2230/15/1722 2218/15/1721
f 2220/15/1725 2232/15/1726 2231/15/1724 2219/15/1723
f 2222/15/1704 2234/15/1727 2233/15/1728 2221/15/1705
f 2223/15/1708 2235/15/1729 2234/15/1727 2222/15/1704
f 2224/15/1710 2236/15/1730 2235/15/1729 2223/15/1708
f 2225/15/1712 2237/15/1731 2236/15/1730 2224/15/1710
f 2226/15/1714 2238/15/1732 2237/15/1731 2225/15/1712
f 2227/15/1716 2239/15/1733 2238/15/1732 2226/15/1714
f 2228/15/1718 2240/15/1734 2239/15/1733 2227/15/1716
f 2229/15/1720 2241/15/1735 2240/15/1734 2228/15/1718
f 2230/15/1722 2242/15/1736 2241/15/1735 2229/15/1720
f 2231/15/1724 2243/15/1737 2242/15/1736 2230/15/1722
f 2232/15/1726 2244/15/1738 2243/15/1737 2231/15/1724
f 2234/15/1727 2246/15/1739 2245/15/1740 2233/15/1728
f 2235/15/1729 2247/15/1741 2246/15/1739 2234/15/1727
f 2236/15/1730 2248/15/1742 2247/15/1741 2235/15/1729
f 2237/15/1731 2249/15/1743 2248/15/1742 2236/15/1730
f 2238/15/1732 2250/15/1744 2249/15/1743 2237/15/1731
f 2239/15/1733 2251/15/1745 2250/15/1744 2238/15/1732
f 2240/15/1734 2252/15/1746 2251/15/1745 2239/15/1733
f 2241/15/1735 2253/15/1747 2252/15/1746 2240/15/1734
f 2242/15/1736 2254/15/1748 2253/15/1747 2241/15/1735
f 2243/15/1737 2255/15/1749 2254/15/1748 2242/15/1736
f 2244/15/1738 2256/15/1750 2255/15/1749 2243/15/1737
f 2246/15/1739 2258/15/1751 2257/15/1752 2245/15/1740
f 2247/15/1741 2259/15/1753 2258/15/1751 2246/15/1739
f 2248/15/1742 2260/15/1754 2259/15/1753 2247/15/1741
f 2249/15/1743 2261/15/1755 2260/15/1754 2248/15/1742
f 2250/15/1744 2262/15/1756 2261/15/1755 2249/15/1743
f 2251/15/1745 2263/15/1757 2262/15/1756 2250/15/1744
f 2252/15/1746 2264/15/1758 2263/15/1757 2251/15/1745
f 2253/15/1747 2265/15/1759 2264/15/1758 2252/15/1746
f 2254/15/1748 2266/15/1760 2265/15/1759 2253/15/1747
f 2255/15/1749 2267/15/1761 2266/15/1760 2254/15/1748
f 2256/15/1750 2268/15/1762 2267/15/1761 2255/15/1749
f 2258/15/1751 2270/15/1763 2269/15/1764 2257/15/1752
f 2259/15/1753 2271/15/1765 2270/15/1763 2258/15/1751
f 2260/15/1754 2272/15/1766 2271/15/1765 2259/15/1753
f 2261/15/1755 2273/15/1767 2272/15/1766 2260/15/1754
f 2262/15/1756 2274/15/1768 2273/15/1767 2261/15/1755
f 2263/15/1757 2275/15/1769 2274/15/1768 2262/15/1756
f 2264/15/1758 2276/15/1770 2275/15/1769 2263/15/1757
f 2265/15/1759 2277/15/1771 2276/15/1770 2264/15/1758
f 2266/15/1760 2278/15/1772 2277/15/1771 2265/15/1759
f 2267/15/1761 2279/15/1773 2278/15/1772 2266/15/1760
f 2268/15/1762 2280/15/1774 2279/15/1773 2267/15/1761
f 2270/15/1763 2282/15/1775 2281/15/1776 2269/15/1764
f 2271/15/1765 2283/15/1777 2282/15/1775 2270/15/1763
f 2272/15/1766 2284/15/1778 2283/15/1777 2271/15/1765
f 2273/15/1767 2285/15/1779 2284/15/1778 2272/15/1766
f 2274/15/1768 2286/15/1780 2285/15/1779 2273/15/1767
f 2275/15/1769 2287/15/1781 2286/15/1780 2274/15/1768
f 2276/15/1770 2288/15/1782 2287/15/1781 2275/15/1769
f 2277/15/1771 2289/15/1783 2288/15/1782 2276/15/1770
f 2278/15/1772 2290/15/1784 2289/15/1783 2277/15/1771
f 2279/15/1773 2291/15/1785 2290/15/1784 2278/15/1772
f 2280/15/1774 2292/15/1786 2291/15/1785 2279/15/1773
f 2282/15/1775 2294/15/1787 2293/15/1788 2281/15/1776
f 2283/15/1777 2295/15/1789 2294/15/1787 2282/15/1775
f 2284/15/1778 2296/15/1790 2295/15/1789 2283/15/1777
f 2285/15/1779 2297/15/1791 2296/15/1790 2284/15/1778
f 2286/15/1780 2298/15/1792 2297/15/1791 2285/15/1779
f 2287/15/1781 2299/15/1793 2298/15/1792 2286/15/1780
f 2288/15/1782 2300/15/1794 2299/15/1793 2287/15/1781
f 2289/15/1783 2301/15/1795 2300/15/1794 2288/15/1782
f 2290/15/1784 2302/15/1796 2301/15/1795 2289/15/1783
f 2291/15/1785 2303/15/1797 2302/15/1796 2290/15/1784
f 2292/15/1786 2304/15/1798 2303/15/1797 2291/15/1785
f 2294/15/1787 2306/15/1799 2305/15/1800 2293/15/1788
f 2295/15/1789 2307/15/1801 2306/15/1799 2294/15/1787
f 2296/15/1790 2308/15/1802 2307/15/1801 2295/15/1789
f 2297/15/1791 2309/15/1803 2308/15/1802 2296/15/1790
f 2298/15/1792 2310/15/1804 2309/15/1803 2297/15/1791
f 2299/15/1793 2311/15/1805 2310/15/1804 2298/15/1792
f 2300/15/1794 2312/15/1806 2311/15/1805 2299/15/1793
f 2301/15/1795 2313/15/1807 2312/15/1806 2300/15/1794
f 2302/15/1796 2314/15/1808 2313/15/1807 2301/15/1795
f 2303/15/1797 2315/15/1809 2314/15/1808 2302/15/1796
f 2304/15/1798 2316/15/1810 2315/15/1809 2303/15/1797
f 2306/15/1799 2318/15/1811 2317/15/1812 2305/15/1800
f 2307/15/1801 2319/15/1813 2318/15/1811 2306/15/1799
f 2308/15/1802 2320/15/1814 2319/15/1813 2307/15/1801
f 2309/15/1803 2321/15/1815 2320/15/1814 2308/15/1802
f 2310/15/1804 2322/15/1816 2321/15/1815 2309/15/1803
f 2311/15/1805 2323/15/1817 2322/15/1816 2310/15/1804
f 2312/15/1806 2324/15/1818 2323/15/1817 2311/15/1805
f 2313/15/1807 2325/15/1819 2324/15/1818 2312/15/1806
f 2314/15/1808 2326/15/1820 2325/15/1819 2313/15/1807
f 2315/15/1809 2327/15/1821 2326/15/1820 2314/15/1808
f 2316/15/1810 2328/15/1822 2327/15/1821 2315/15/1809
f 2318/15/1811 2330/15/1823 2329/15/1824 2317/15/1812
f 2319/15/1813 2331/15/1825 2330/15/1823 2318/15/1811
f 2320/15/1814 2332/15/1826 2331/15/1825 2319/15/1813
f 2321/15/1815 2333/15/1827 2332/15/1826 2320/15/1814
f 2322/15/1816 2334/15/1828 2333/15/1827 2321/15/1815
f 2323/15/1817 2335/15/1829 2334/15/1828 2322/15/1816
f 2324/15/1818 2336/15/1830 2335/15/1829 2323/15/1817
f 2325/15/1819 2337/15/1831 2336/15/1830 2324/15/1818
f 2326/15/1820 2338/15/1832 2337/15/1831 2325/15/1819
f 2327/15/1821 2339/15/1833 2338/15/1832 2326/15/1820
f 2328/15/1822 2340/15/1834 2339/15/1833 2327/15/1821
f 2330/15/1823 2342/15/1835 2341/15/1836 2329/15/1824
f 2331/15/1825 2343/15/1837 2342/15/1835 2330/15/1823
f 2332/15/1826 2344/15/1838 2343/15/1837 2331/15/1825
f 2333/15/1827 2345/15/1839 2344/15/1838 2332/15/1826
f 2334/15/1828 2346/15/1840 2345/15/1839 2333/15/1827
f 2335/15/1829 2347/15/1841 2346/15/1840 2334/15/1828
f 2336/15/1830 2348/15/1842 2347/15/1841 2335/15/1829
f 2337/15/1831 2349/15/1843 2348/15/1842 2336/15/1830
f 2338/15/1832 2350/15/1844 2349/15/1843 2337/15/1831
f 2339/15/1833 2351/15/1845 2350/15/1844 2338/15/1832
f 2340/15/1834 2352/15/1846 2351/15/1845 2339/15/1833
f 2342/15/1835 2354/15/1847 2353/15/1848 2341/15/1836
f 2343/15/1837 2355/15/1849 2354/15/1847 2342/15/1835
f 2344/15/1838 2356/15/1850 2355/15/1849 2343/15/1837
f 2345/15/1839 2357/15/1851 2356/15/1850 2344/15/1838
f 2346/15/1840 2358/15/1852 2357/15/1851 2345/15/1839
f 2347/15/1841 2359/15/1853 2358/15/1852 2346/15/1840
f 2348/15/1842 2360/15/1854 2359/15/1853 2347/15/1841
f 2349/15/1843 2361/15/1855 2360/15/1854 2348/15/1842
f 2350/15/1844 2362/15/1856 2361/15/1855 2349/15/1843
f 2351/15/1845 2363/15/1857 2362/15/1856 2350/15/1844
f 2352/15/1846 2364/15/1858 2363/15/1857 2351/15/1845
f 2354/15/1847 2366/15/1859 2365/15/1860 2353/15/1848
f 2355/15/1849 2367/15/1861 2366/15/1859 2354/15/1847
f 2356/15/1850 2368/15/1862 2367/15/1861 2355/15/1849
f 2357/15/1851 2369/15/1863 2368/15/1862 2356/15/1850
f 2358/15/1852 2370/15/1864 2369/15/1863 2357/15/1851
f 2359/15/1853 2371/15/1865 2370/15/1864 2358/15/1852
f 2360/15/1854 2372/15/1866 2371/15/1865 2359/15/1853
f 2361/15/1855 2373/15/1867 2372/15/1866 2360/15/1854
f 2362/15/1856 2374/15/1868 2373/15/1867 2361/15/1855
f 2363/15/1857 2375/15/1869 2374/15/1868 2362/15/1856
f 2364/15/1858 2376/15/1870 2375/15/1869 2363/15/1857
f 2366/15/1859 2378/15/1871 2377/15/1872 2365/15/1860
f 2367/15/1861 2379/15/1873 2378/15/1871 2366/15/1859
f 2368/15/1862 2380/15/1874 2379/15/1873 2367/15/1861
f 2369/15/1863 2381/15/1875 2380/15/1874 2368/15/1862
f 2370/15/1864 2382/15/1876 2381/15/1875 2369/15/1863
f 2371/15/1865 2383/15/1877 2382/15/1876 2370/15/1864
f 2372/15/1866 2384/15/1878 2383/15/1877 2371/15/1865
f 2373/15/1867 2385/15/1879 2384/15/1878 2372/15/1866
f 2374/15/1868 2386/15/1880 2385/15/1879 2373/15/1867
f 2375/15/1869 2387/15/1881 2386/15/1880 2374/15/1868
f 2376/15/1870 2388/15/1882 2387/15/1881 2375/15/1869
f 2378/15/1871 2390/15/1883 2389/15/1884 2377/15/1872
f 2379/15/1873 2391/15/1885 2390/15/1883 2378/15/1871
f 2380/15/1874 2392/15/1886 2391/15/1885 2379/15/1873
f 2381/15/1875 2393/15/1887 2392/15/1886 2380/15/1874
f 2382/15/1876 2394/15/1888 2393/15/1887 2381/15/1875
f 2383/15/1877 2395/15/1889 2394/15/1888 2382/15/1876
f 2384/15/1878 2396/15/1890 2395/15/1889 2383/15/1877
f 2385/15/1879 2397/15/1891 2396/15/1890 2384/15/1878
f 2386/15/1880 2398/15/1892 2397/15/1891 2385/15/1879
f 2387/15/1881 2399/15/1893 2398/15/1892 2386/15/1880
f 2388/15/1882 2400/15/1894 2399/15/1893 2387/15/1881
f 2390/15/1883 2402/15/1895 2401/15/1896 2389/15/1884
f 2391/15/1885 2403/15/1897 2402/15/1895 2390/15/1883
f 2392/15/1886 2404/15/1898 2403/15/1897 2391/15/1885
f 2393/15/1887 2405/15/1899 2404/15/1898 2392/15/1886
f 2394/15/1888 2406/15/1900 2405/15/1899 2393/15/1887
f 2395/15/1889 2407/15/1901 2406/15/1900 2394/15/1888
f 2396/15/1890 2408/15/1902 2407/15/1901 2395/15/1889
f 2397/15/1891 2409/15/1903 2408/15/1902 2396/15/1890
f 2398/15/1892 2410/15/1904 2409/15/1903 2397/15/1891
f 2399/15/1893 2411/15/1905 2410/15/1904 2398/15/1892
f 2400/15/1894 2412/15/1906 2411/15/1905 2399/15/1893
f 2402/15/1895 2414/15/1907 2413/15/1908 2401/15/1896
f 2403/15/1897 2415/15/1909 2414/15/1907 2402/15/1895
f 2404/15/1898 2416/15/1910 2415/15/1909 2403/15/1897
f 2405/15/1899 2417/15/1911 2416/15/1910 2404/15/1898
f 2406/15/1900 2418/15/1912 2417/15/1911 2405/15/1899
f 2407/15/1901 2419/15/1913 2418/15/1912 2406/15/1900
f 2408/15/1902 2420/15/1914 2419/15/1913 2407/15/1901
f 2409/15/1903 2421/15/1915 2420/15/1914 2408/15/1902
f 2410/15/1904 2422/15/1916 2421/15/1915 2409/15/1903
f 2411/15/1905 2423/15/1917 2422/15/1916 2410/15/1904
f 2412/15/1906 2424/15/1918 2423/15/1917 2411/15/1905
f 2414/15/1907 2426/15/1919 2425/15/1920 2413/15/1908
f 2415/15/1909 2427/15/1921 2426/15/1919 2414/15/1907
f 2416/15/1910 2428/15/1922 2427/15/1921 2415/15/1909
f 2417/15/1911 2429/15/1923 2428/15/1922 2416/15/1910
f 2418/15/1912 2430/15/1924 2429/15/1923 2417/15/1911
f 2419/15/1913 2431/15/1925 2430/15/1924 2418/15/1912
f 2420/15/1914 2432/15/1926 2431/15/1925 2419/15/1913
f 2421/15/1915 2433/15/1927 2432/15/1926 2420/15/1914
f 2422/15/1916 2434/15/1928 2433/15/1927 2421/15/1915
f 2423/15/1917 2435/15/1929 2434/15/1928 2422/15/1916
f 2424/15/1918 2436/15/1930 2435/15/1929 2423/15/1917
f 2426/15/1919 2438/15/1931 2437/15/1932 2425/15/1920
f 2427/15/1921 2439/15/1933 2438/15/1931 2426/15/1919
f 2428/15/1922 2440/15/1934 2439/15/1933 2427/15/1921
f 2429/15/1923 2441/15/1935 2440/15/1934 2428/15/1922
f 2430/15/1924 2442/15/1936 2441/15/1935 2429/15/1923
f 2431/15/1925 2443/15/1937 2442/15/1936 2430/15/1924
f 2432/15/1926 2444/15/1938 2443/15/1937 2431/15/1925
f 2433/15/1927 2445/15/1939 2444/15/1938 2432/15/1926
f 2434/15/1928 2446/15/1940 2445/15/1939 2433/15/1927
f 2435/15/1929 2447/15/1941 2446/15/1940 2434/15/1928
f 2436/15/1930 2448/15/1942 2447/15/1941 2435/15/1929
f 2438/15/1931 2450/15/1943 2449/15/1944 2437/15/1932
f 2439/15/1933 2451/15/1945 2450/15/1943 2438/15/1931
f 2440/15/1934 2452/15/1946 2451/15/1945 2439/15/1933
f 2441/15/1935 2453/15/1947 2452/15/1946 2440/15/1934
f 2442/15/1936 2454/15/1948 2453/15/1947 2441/15/1935
f 2443/15/1937 2455/15/1949 2454/15/1948 2442/15/1936
f 2444/15/1938 2456/15/1950 2455/15/1949 2443/15/1937
f 2445/15/1939 2457/15/1951 2456/15/1950 2444/15/1938
f 2446/15/1940 2458/15/1952 2457/15/1951 2445/15/1939
f 2447/15/1941 2459/15/1953 2458/15/1952 2446/15/1940
f 2448/15/1942 2460/15/1954 2459/15/1953 2447/15/1941
f 2450/15/1943 2462/15/1955 2461/15/1956 2449/15/1944
f 2451/15/1945 2463/15/1957 2462/15/1955 2450/15/1943
f 2452/15/1946 2464/15/1958 2463/15/1957 2451/15/1945
f 2453/15/1947 2465/15/1959 2464/15/1958 2452/15/1946
f 2454/15/1948 2466/15/1960 2465/15/1959 2453/15/1947
f 2455/15/1949 2467/15/1961 2466/15/1960 2454/15/1948
f 2456/15/1950 2468/15/1962 2467/15/1961 2455/15/1949
f 2457/15/1951 2469/15/1963 2468/15/1962 2456/15/1950
f 2458/15/1952 2470/15/1964 2469/15/1963 2457/15/1951
f 2459/15/1953 2471/15/1965 2470/15/1964 2458/15/1952
f 2460/15/1954 2472/15/1966 2471/15/1965 2459/15/1953
f 2462/15/1955 2474/15/1967 2473/15/1968 2461/15/1956
f 2463/15/1957 2475/15/1969 2474/15/1967 2462/15/1955
f 2464/15/1958 2476/15/1970 2475/15/1969 2463/15/1957
f 2465/15/1959 2477/15/1971 2476/15/1970 2464/15/1958
f 2466/15/1960 2478/15/1972 2477/15/1971 2465/15/1959
f 2467/15/1961 2479/15/1973 2478/15/1972 2466/15/1960
f 2468/15/1962 2480/15/1974 2479/15/1973 2467/15/1961
f 2469/15/1963 2481/15/1975 2480/15/1974 2468/15/1962
f 2470/15/1964 2482/15/1976 2481/15/1975 2469/15/1963
f 2471/15/1965 2483/15/1977 2482/15/1976 2470/15/1964
f 2472/15/1966 2484/15/1978 2483/15/1977 2471/15/1965
f 2474/15/1967 2486/15/1979 2485/15/1980 2473/15/1968
f 2475/15/1969 2487/15/1981 2486/15/1979 2474/15/1967
f 2476/15/1970 2488/15/1982 2487/15/1981 2475/15/1969
f 2477/15/1971 2489/15/1983 2488/15/1982 2476/15/1970
f 2478/15/1972 2490/15/1984 2489/15/1983 2477/15/1971
f 2479/15/1973 2491/15/1985 2490/15/1984 2478/15/1972
f 2480/15/1974 2492/15/1986 2491/15/1985 2479/15/1973
f 2481/15/1975 2493/15/1987 2492/15/1986 2480/15/1974
f 2482/15/1976 2494/15/1988 2493/15/1987 2481/15/1975
f 2483/15/1977 2495/15/1989 2494/15/1988 2482/15/1976
f 2484/15/1978 2496/15/1990 2495/15/1989 2483/15/1977
f 2486/15/1979 2498/15/1991 2497/15/1992 2485/15/1980
f 2487/15/1981 2499/15/1993 2498/15/1991 2486/15/1979
f 2488/15/1982 2500/15/1994 2499/15/1993 2487/15/1981
f 2489/15/1983 2501/15/1995 2500/15/1994 2488/15/1982
f 2490/15/1984 2502/15/1996 2501/15/1995 2489/15/1983
f 2491/15/1985 2503/15/1997 2502/15/1996 2490/15/1984
f 2492/15/1986 2504/15/1998 2503/15/1997 2491/15/1985
f 2493/15/1987 2505/15/1999 2504/15/1998 2492/15/1986
f 2494/15/1988 2506/15/2000 2505/15/1999 2493/15/1987
f 2495/15/1989 2507/15/2001 2506/15/2000 2494/15/1988
f 2496/15/1990 2508/15/2002 2507/15/2001 2495/15/1989
f 2498/15/1991 2510/15/2003 2509/15/2004 2497/15/1992
f 2499/15/1993 2511/15/2005 2510/15/2003 2498/15/1991
f 2500/15/1994 2512/15/2006 2511/15/2005 2499/15/1993
f 2501/15/1995 2513/15/2007 2512/15/2006 2500/15/1994
f 2502/15/1996 2514/15/2008 2513/15/2007 2501/15/1995
f 2503/15/1997 2515/15/2009 2514/15/2008 2502/15/1996
f 2504/15/1998 2516/15/2010 2515/15/2009 2503/15/1997
f 2505/15/1999 2517/15/2011 2516/15/2010 2504/15/1998
f 2506/15/2000 2518/15/2012 2517/15/2011 2505/15/1999
f 2507/15/2001 2519/15/2013 2518/15/2012 2506/15/2000
f 2508/15/2002 2520/15/2014 2519/15/2013 2507/15/2001
f 2510/15/2003 2522/15/2015 2521/15/2016 2509/15/2004
f 2511/15/2005 2523/15/2017 2522/15/2015 2510/15/2003
f 2512/15/2006 2524/15/2018 2523/15/2017 2511/15/2005
f 2513/15/2007 2525/15/2019 2524/15/2018 2512/15/2006
f 2514/15/2008 2526/15/2020 2525/15/2019 2513/15/2007
f 2515/15/2009 2527/15/2021 2526/15/2020 2514/15/2008
f 2516/15/2010 2528/15/2022 2527/15/2021 2515/15/2009
f 2517/15/2011 2529/15/2023 2528/15/2022 2516/15/2010
f 2518/15/2012 2530/15/2024 2529/15/2023 2517/15/2011
f 2519/15/2013 2531/15/2025 2530/15/2024 2518/15/2012
f 2520/15/2014 2532/15/2026 2531/15/2025 2519/15/2013
f 2522/15/2015 2534/15/2027 2533/15/2028 2521/15/2016
f 2523/15/2017 2535/15/2029 2534/15/2027 2522/15/2015
f 2524/15/2018 2536/15/2030 2535/15/2029 2523/15/2017
f 2525/15/2019 2537/15/2031 2536/15/2030 2524/15/2018
f 2526/15/2020 2538/15/2032 2537/15/2031 2525/15/2019
f 2527/15/2021 2539/15/2033 2538/15/2032 2526/15/2020
f 2528/15/2022 2540/15/2034 2539/15/2033 2527/15/2021
f 2529/15/2023 2541/15/2035 2540/15/2034 2528/15/2022
f 2530/15/2024 2542/15/2036 2541/15/2035 2529/15/2023
f 2531/15/2025 2543/15/2037 2542/15/2036 2530/15/2024
f 2532/15/2026 2544/15/2038 2543/15/2037 2531/15/2025
f 2534/15/2027 2546/15/2039 2545/15/2040 2533/15/2028
f 2535/15/2029 2547/15/2041 2546/15/2039 2534/15/2027
f 2536/15/2030 2548/15/2042 2547/15/2041 2535/15/2029
f 2537/15/2031 2549/15/2043 2548/15/2042 2536/15/2030
f 2538/15/2032 2550/15/2044 2549/15/2043 2537/15/2031
f 2539/15/2033 2551/15/2045 2550/15/2044 2538/15/2032
f 2540/15/2034 2552/15/2046 2551/15/2045 2539/15/2033
f 2541/15/2035 2553/15/2047 2552/15/2046 2540/15/2034
f 2542/15/2036 2554/15/2048 2553/15/2047 2541/15/2035
f 2543/15/2037 2555/15/2049 2554/15/2048 2542/15/2036
f 2544/15/2038 2556/15/2050 2555/15/2049 2543/15/2037
f 2546/15/2039 2558/15/2051 2557/15/2052 2545/15/2040
f 2547/15/2041 2559/15/2053 2558/15/2051 2546/15/2039
f 2548/15/2042 2560/15/2054 2559/15/2053 2547/15/2041
f 2549/15/2043 2561/15/2055 2560/15/2054 2548/15/2042
f 2550/15/2044 2562/15/2056 2561/15/2055 2549/15/2043
f 2551/15/2045 2563/15/2057 2562/15/2056 2550/15/2044
f 2552/15/2046 2564/15/2058 2563/15/2057 2551/15/2045
f 2553/15/2047 2565/15/2059 2564/15/2058 2552/15/2046
f 2554/15/2048 2566/15/2060 2565/15/2059 2553/15/2047
f 2555/15/2049 2567/15/2061 2566/15/2060 2554/15/2048
f 2556/15/2050 2568/15/2062 2567/15/2061 2555/15/2049
f 2558/15/2051 2570/15/2063 2569/15/2064 2557/15/2052
f 2559/15/2053 2571/15/2065 2570/15/2063 2558/15/2051
f 2560/15/2054 2572/15/2066 2571/15/2065 2559/15/2053
f 2561/15/2055 2573/15/2067 2572/15/2066 2560/15/2054
f 2562/15/2056 2574/15/2068 2573/15/2067 2561/15/2055
f 2563/15/2057 2575/15/2069 2574/15/2068 2562/15/2056
f 2564/15/2058 2576/15/2070 2575/15/2069 2563/15/2057
f 2565/15/2059 2577/15/2071 2576/15/2070 2564/15/2058
f 2566/15/2060 2578/15/2072 2577/15/2071 2565/15/2059
f 2567/15/2061 2579/15/2073 2578/15/2072 2566/15/2060
f 2568/15/2062 2580/15/2074 2579/15/2073 2567/15/2061
f 2570/15/2063 2582/15/2075 2581/15/2076 2569/15/2064
f 2571/15/2065 2583/15/2077 2582/15/2075 2570/15/2063
f 2572/15/2066 2584/15/2078 2583/15/2077 2571/15/2065
f 2573/15/2067 2585/15/2079 2584/15/2078 2572/15/2066
f 2574/15/2068 2586/15/2080 2585/15/2079 2573/15/2067
f 2575/15/2069 2587/15/2081 2586/15/2080 2574/15/2068
f 2576/15/2070 2588/15/2082 2587/15/2081 2575/15/2069
f 2577/15/2071 2589/15/2083 2588/15/2082 2576/15/2070
f 2578/15/2072 2590/15/2084 2589/15/2083 2577/15/2071
f 2579/15/2073 2591/15/2085 2590/15/2084 2578/15/2072
f 2580/15/2074 2592/15/2086 2591/15/2085 2579/15/2073
f 2582/15/2075 2594/15/2087 2593/15/2088 2581/15/2076
f 2583/15/2077 2595/15/2089 2594/15/2087 2582/15/2075
f 2584/15/2078 2596/15/2090 2595/15/2089 2583/15/2077
f 2585/15/2079 2597/15/2091 2596/15/2090 2584/15/2078
f 2586/15/2080 2598/15/2092 2597/15/2091 2585/15/2079
f 2587/15/2081 2599/15/2093 2598/15/2092 2586/15/2080
f 2588/15/2082 2600/15/2094 2599/15/2093 2587/15/2081
f 2589/15/2083 2601/15/2095 2600/15/2094 2588/15/2082
f 2590/15/2084 2602/15/2096 2601/15/2095 2589/15/2083
f 2591/15/2085 2603/15/2097 2602/15/2096 2590/15/2084
f 2592/15/2086 2604/15/2098 2603/15/2097 2591/15/2085
f 2594/15/2087 2606/15/2099 2605/15/2100 2593/15/2088
f 2595/15/2089 2607/15/2101 2606/15/2099 2594/15/2087
f 2596/15/2090 2608/15/2102 2607/15/2101 2595/15/2089
f 2597/15/2091 2609/15/2103 2608/15/2102 2596/15/2090
f 2598/15/2092 2610/15/2104 2609/15/2103 2597/15/2091
f 2599/15/2093 2611/15/2105 2610/15/2104 2598/15/2092
f 2600/15/2094 2612/15/2106 2611/15/2105 2599/15/2093
f 2601/15/2095 2613/15/2107 2612/15/2106 2600/15/2094
f 2602/15/2096 2614/15/2108 2613/15/2107 2601/15/2095
f 2603/15/2097 2615/15/2109 2614/15/2108 2602/15/2096
f 2604/15/2098 2616/15/2110 2615/15/2109 2603/15/2097
f 2606/15/2099 2618/15/2111 2617/15/2112 2605/15/2100
f 2607/15/2101 2619/15/2113 2618/15/2111 2606/15/2099
f 2608/15/2102 2620/15/2114 2619/15/2113 2607/15/2101
f 2609/15/2103 2621/15/2115 2620/15/2114 2608/15/2102
f 2610/15/2104 2622/15/2116 2621/15/2115 2609/15/2103
f 2611/15/2105 2623/15/2117 2622/15/2116 2610/15/2104
f 2612/15/2106 2624/15/2118 2623/15/2117 2611/15/2105
f 2613/15/2107 2625/15/2119 2624/15/2118 2612/15/2106
f 2614/15/2108 2626/15/2120 2625/15/2119 2613/15/2107
f 2615/15/2109 2627/15/2121 2626/15/2120 2614/15/2108
f 2616/15/2110 2628/15/2122 2627/15/2121 2615/15/2109
f 2618/15/2111 2630/15/2123 2629/15/2124 2617/15/2112
f 2619/15/2113 2631/15/2125 2630/15/2123 2618/15/2111
f 2620/15/2114 2632/15/2126 2631/15/2125 2619/15/2113
f 2621/15/2115 2633/15/2127 2632/15/2126 2620/15/2114
f 2622/15/2116 2634/15/2128 2633/15/2127 2621/15/2115
f 2623/15/2117 2635/15/2129 2634/15/2128 2622/15/2116
f 2624/15/2118 2636/15/2130 2635/15/2129 2623/15/2117
f 2625/15/2119 2637/15/2131 2636/15/2130 2624/15/2118
f 2626/15/2120 2638/15/2132 2637/15/2131 2625/15/2119
f 2627/15/2121 2639/15/2133 2638/15/2132 2626/15/2120
f 2628/15/2122 2640/15/2134 2639/15/2133 2627/15/2121
f 2630/15/2123 2642/15/2135 2641/15/2136 2629/15/2124
f 2631/15/2125 2643/15/2137 2642/15/2135 2630/15/2123
f 2632/15/2126 2644/15/2138 2643/15/2137 2631/15/2125
f 2633/15/2127 2645/15/2139 2644/15/2138 2632/15/2126
f 2634/15/2128 2646/15/2140 2645/15/2139 2633/15/2127
f 2635/15/2129 2647/15/2141 2646/15/2140 2634/15/2128
f 2636/15/2130 2648/15/2142 2647/15/2141 2635/15/2129
f 2637/15/2131 2649/15/2143 2648/15/2142 2636/15/2130
f 2638/15/2132 2650/15/2144 2649/15/2143 2637/15/2131
f 2639/15/2133 2651/15/2145 2650/15/2144 2638/15/2132
f 2640/15/2134 2652/15/2146 2651/15/2145 2639/15/2133
f 2642/15/2135 2654/15/1678 2653/15/1679 2641/15/2136
f 2643/15/2137 2655/15/1680 2654/15/1678 2642/15/2135
f 2644/15/2138 2656/15/1681 2655/15/1680 2643/15/2137
f 2645/15/2139 2657/15/2147 2656/15/1681 2644/15/2138
f 2646/15/2140 2658/15/1683 2657/15/2147 2645/15/2139
f 2647/15/2141 2659/15/1684 2658/15/1683 2646/15/2140
f 2648/15/2142 2660/15/2148 2659/15/1684 2647/15/2141
f 2649/15/2143 2661/15/1686 2660/15/2148 2648/15/2142
f 2650/15/2144 2662/15/1687 2661/15/1686 2649/15/2143
f 2651/15/2145 2663/15/1688 2662/15/1687 2650/15/2144
f 2652/15/2146 2664/15/1689 2663/15/1688 2651/15/2145
f 2654/15/1678 2666/15/1055 2665/15/1056 2653/15/1679
f 2655/15/1680 2667/15/1057 2666/15/1055 2654/15/1678
f 2656/15/1681 2668/15/1058 2667/15/1057 2655/15/1680
f 2657/15/2147 2669/15/1690 2668/15/1058 2656/15/1681
f 2658/15/1683 2670/15/1060 2669/15/1690 2657/15/2147
f 2659/15/1684 2671/15/1061 2670/15/1060 2658/15/1683
f 2660/15/2148 2672/15/1691 2671/15/1061 2659/15/1684
f 2661/15/1686 2673/15/1063 2672/15/1691 2660/15/2148
f 2662/15/1687 2674/15/1064 2673/15/1063 2661/15/1686
f 2663/15/1688 2675/15/1065 2674/15/1064 2662/15/1687
f 2664/15/1689 2676/15/1066 2675/15/1065 2663/15/1688
f 2666/15/1055 2678/15/1067 2677/15/1068 2665/15/1056
f 2667/15/1057 2679/15/1069 2678/15/1067 2666/15/1055
f 2668/15/1058 2680/15/1070 2679/15/1069 2667/15/1057
f 2669/15/1690 2681/15/1071 2680/15/1070 2668/15/1058
f 2670/15/1060 2682/15/1072 2681/15/1071 2669/15/1690
f 2671/15/1061 2683/15/1073 2682/15/1072 2670/15/1060
f 2672/15/1691 2684/15/1677 2683/15/1073 2671/15/1061
f 2673/15/1063 2685/15/1075 2684/15/1677 2672/15/1691
f 2674/15/1064 2686/15/1076 2685/15/1075 2673/15/1063
f 2675/15/1065 2687/15/1077 2686/15/1076 2674/15/1064
f 2676/15/1066 2688/15/1078 2687/15/1077 2675/15/1065
f 2678/15/1067 2210/15/1703 2209/15/1706 2677/15/1068
f 2679/15/1069 2211/15/1707 2210/15/1703 2678/15/1067
f 2680/15/1070 2212/15/1709 2211/15/1707 2679/15/1069
f 2681/15/1071 2213/15/1711 2212/15/1709 2680/15/1070
f 2682/15/1072 2214/15/1713 2213/15/1711 2681/15/1071
f 2683/15/1073 2215/15/1715 2214/15/1713 2682/15/1072
f 2684/15/1677 2216/15/1717 2215/15/1715 2683/15/1073
f 2685/15/1075 2217/15/1719 2216/15/1717 2684/15/1677
f 2686/15/1076 2218/15/1721 2217/15/1719 2685/15/1075
f 2687/15/1077 2219/15/1723 2218/15/1721 2686/15/1076
f 2688/15/1078 2220/15/1725 2219/15/1723 2687/15/1077
f 2690/15/2149 2702/15/2150 2701/15/2151 2689/15/2152
f 2691/15/2153 2703/15/2154 2702/15/2150 2690/15/2149
f 2692/15/2155 2704/15/2156 2703/15/2154 2691/15/2153
f 2693/15/2157 2705/15/2158 2704/15/2156 2692/15/2155
f 2694/15/2159 2706/15/2160 2705/15/2158 2693/15/2157
f 2695/15/2161 2707/15/2162 2706/15/2160 2694/15/2159
f 2696/15/2163 2708/15/2164 2707/15/2162 2695/15/2161
f 2697/15/2165 2709/15/2166 2708/15/2164 2696/15/2163
f 2698/15/2167 2710/15/2168 2709/15/2166 2697/15/2165
f 2699/15/2169 2711/15/2170 2710/15/2168 2698/15/2167
f 2700/15/2171 2712/15/2172 2711/15/2170 2699/15/2169
f 2702/15/2150 2714/15/2173 2713/15/2174 2701/15/2151
f 2703/15/2154 2715/15/2175 2714/15/2173 2702/15/2150
f 2704/15/2156 2716/15/2176 2715/15/2175 2703/15/2154
f 2705/15/2158 2717/15/2177 2716/15/2176 2704/15/2156
f 2706/15/2160 2718/15/2178 2717/15/2177 2705/15/2158
f 2707/15/2162 2719/15/2179 2718/15/2178 2706/15/2160
f 2708/15/2164 2720/15/2180 2719/15/2179 2707/15/2162
f 2709/15/2166 2721/15/2181 2720/15/2180 2708/15/2164
f 2710/15/2168 2722/15/2182 2721/15/2181 2709/15/2166
f 2711/15/2170 2723/15/2183 2722/15/2182 2710/15/2168
f 2712/15/2172 2724/15/2184 2723/15/2183 2711/15/2170
f 2714/15/2173 2726/15/2185 2725/15/2186 2713/15/2174
f 2715/15/2175 2727/15/2187 2726/15/2185 2714/15/2173
f 2716/15/2176 2728/15/2188 2727/15/2187 2715/15/2175
f 2717/15/2177 2729/15/2189 2728/15/2188 2716/15/2176
f 2718/15/2178 2730/15/2190 2729/15/2189 2717/15/2177
f 2719/15/2179 2731/15/2191 2730/15/2190 2718/15/2178
f 2720/15/2180 2732/15/2192 2731/15/2191 2719/15/2179
f 2721/15/2181 2733/15/2193 2732/15/2192 2720/15/2180
f 2722/15/2182 2734/15/2194 2733/15/2193 2721/15/2181
f 2723/15/2183 2735/15/2195 2734/15/2194 2722/15/2182
f 2724/15/2184 2736/15/2196 2735/15/2195 2723/15/2183
f 2726/15/2185 2738/15/2197 2737/15/2198 2725/15/2186
f 2727/15/2187 2739/15/2199 2738/15/2197 2726/15/2185
f 2728/15/2188 2740/15/2200 2739/15/2199 2727/15/2187
f 2729/15/2189 2741/15/2201 2740/15/2200 2728/15/2188
f 2730/15/2190 2742/15/2202 2741/15/2201 2729/15/2189
f 2731/15/2191 2743/15/2203 2742/15/2202 2730/15/2190
f 2732/15/2192 2744/15/2204 2743/15/2203 2731/15/2191
f 2733/15/2193 2745/15/2205 2744/15/2204 2732/15/2192
f 2734/15/2194 2746/15/2206 2745/15/2205 2733/15/2193
f 2735/15/2195 2747/15/2207 2746/15/2206 2734/15/2194
f 2736/15/2196 2748/15/2208 2747/15/2207 2735/15/2195
f 2738/15/2197 2750/15/2209 2749/15/2210 2737/15/2198
f 2739/15/2199 2751/15/2211 2750/15/2209 2738/15/2197
f 2740/15/2200 2752/15/2212 2751/15/2211 2739/15/2199
f 2741/15/2201 2753/15/2213 2752/15/2212 2740/15/2200
f 2742/15/2202 2754/15/2214 2753/15/2213 2741/15/2201
f 2743/15/2203 2755/15/2215 2754/15/2214 2742/15/2202
f 2744/15/2204 2756/15/2216 2755/15/2215 2743/15/2203
f 2745/15/2205 2757/15/2217 2756/15/2216 2744/15/2204
f 2746/15/2206 2758/15/2218 2757/15/2217 2745/15/2205
f 2747/15/2207 2759/15/2219 2758/15/2218 2746/15/2206
f 2748/15/2208 2760/15/2220 2759/15/2219 2747/15/2207
f 2750/15/2209 2762/15/2221 2761/15/2222 2749/15/2210
f 2751/15/2211 2763/15/2223 2762/15/2221 2750/15/2209
f 2752/15/2212 2764/15/2224 2763/15/2223 2751/15/2211
f 2753/15/2213 2765/15/2225 2764/15/2224 2752/15/2212
f 2754/15/2214 2766/15/2226 2765/15/2225 2753/15/2213
f 2755/15/2215 2767/15/2227 2766/15/2226 2754/15/2214
f 2756/15/2216 2768/15/2228 2767/15/2227 2755/15/2215
f 2757/15/2217 2769/15/2229 2768/15/2228 2756/15/2216
f 2758/15/2218 2770/15/2230 2769/15/2229 2757/15/2217
f 2759/15/2219 2771/15/2231 2770/15/2230 2758/15/2218
f 2760/15/2220 2772/15/2232 2771/15/2231 2759/15/2219
f 2762/15/2221 2774/15/2233 2773/15/2234 2761/15/2222
f 2763/15/2223 2775/15/2235 2774/15/2233 2762/15/2221
f 2764/15/2224 2776/15/2236 2775/15/2235 2763/15/2223
f 2765/15/2225 2777/15/2237 2776/15/2236 2764/15/2224
f 2766/15/2226 2778/15/2238 2777/15/2237 2765/15/2225
f 2767/15/2227 2779/15/2239 2778/15/2238 2766/15/2226
f 2768/15/2228 2780/15/2240 2779/15/2239 2767/15/2227
f 2769/15/2229 2781/15/2241 2780/15/2240 2768/15/2228
f 2770/15/2230 2782/15/2242 2781/15/2241 2769/15/2229
f 2771/15/2231 2783/15/2243 2782/15/2242 2770/15/2230
f 2772/15/2232 2784/15/2244 2783/15/2243 2771/15/2231
f 2774/15/2233 2786/15/2245 2785/15/2246 2773/15/2234
f 2775/15/2235 2787/15/2247 2786/15/2245 2774/15/2233
f 2776/15/2236 2788/15/2248 2787/15/2247 2775/15/2235
f 2777/15/2237 2789/15/2249 2788/15/2248 2776/15/2236
f 2778/15/2238 2790/15/2250 2789/15/2249 2777/15/2237
f 2779/15/2239 2791/15/2251 2790/15/2250 2778/15/2238
f 2780/15/2240 2792/15/2252 2791/15/2251 2779/15/2239
f 2781/15/2241 2793/15/2253 2792/15/2252 2780/15/2240
f 2782/15/2242 2794/15/2254 2793/15/2253 2781/15/2241
f 2783/15/2243 2795/15/2255 2794/15/2254 2782/15/2242
f 2784/15/2244 2796/15/2256 2795/15/2255 2783/15/2243
f 2786/15/2245 2798/15/2257 2797/15/2258 2785/15/2246
f 2787/15/2247 2799/15/2259 2798/15/2257 2786/15/2245
f 2788/15/2248 2800/15/2260 2799/15/2259 2787/15/2247
f 2789/15/2249 2801/15/2261 2800/15/2260 2788/15/2248
f 2790/15/2250 2802/15/2262 2801/15/2261 2789/15/2249
f 2791/15/2251 2803/15/2263 2802/15/2262 2790/15/2250
f 2792/15/2252 2804/15/2264 2803/15/2263 2791/15/2251
f 2793/15/2253 2805/15/2265 2804/15/2264 2792/15/2252
f 2794/15/2254 2806/15/2266 2805/15/2265 2793/15/2253
f 2795/15/2255 2807/15/2267 2806/15/2266 2794/15/2254
f 2796/15/2256 2808/15/2268 2807/15/2267 2795/15/2255
f 2798/15/2257 2810/15/2269 2809/15/2270 2797/15/2258
f 2799/15/2259 2811/15/2271 2810/15/2269 2798/15/2257
f 2800/15/2260 2812/15/2272 2811/15/2271 2799/15/2259
f 2801/15/2261 2813/15/2273 2812/15/2272 2800/15/2260
f 2802/15/2262 2814/15/2274 2813/15/2273 2801/15/2261
f 2803/15/2263 2815/15/2275 2814/15/2274 2802/15/2262
f 2804/15/2264 2816/15/2276 2815/15/2275 2803/15/2263
f 2805/15/2265 2817/15/2277 2816/15/2276 2804/15/2264
f 2806/15/2266 2818/15/2278 2817/15/2277 2805/15/2265
f 2807/15/2267 2819/15/2279 2818/15/2278 2806/15/2266
f 2808/15/2268 2820/15/2280 2819/15/2279 2807/15/2267
f 2810/15/2269 2822/15/2281 2821/15/2282 2809/15/2270
f 2811/15/2271 2823/15/2283 2822/15/2281 2810/15/2269
f 2812/15/2272 2824/15/2284 2823/15/2283 2811/15/2271
f 2813/15/2273 2825/15/2285 2824/15/2284 2812/15/2272
f 2814/15/2274 2826/15/2286 2825/15/2285 2813/15/2273
f 2815/15/2275 2827/15/2287 2826/15/2286 2814/15/2274
f 2816/15/2276 2828/15/2288 2827/15/2287 2815/15/2275
f 2817/15/2277 2829/15/2289 2828/15/2288 2816/15/2276
f 2818/15/2278 2830/15/2290 2829/15/2289 2817/15/2277
f 2819/15/2279 2831/15/2291 2830/15/2290 2818/15/2278
f 2820/15/2280 2832/15/2292 2831/15/2291 2819/15/2279
f 2822/15/2281 2834/15/2293 2833/15/2294 2821/15/2282
f 2823/15/2283 2835/15/2295 2834/15/2293 2822/15/2281
f 2824/15/2284 2836/15/2296 2835/15/2295 2823/15/2283
f 2825/15/2285 2837/15/2297 2836/15/2296 2824/15/2284
f 2826/15/2286 2838/15/2298 2837/15/2297 2825/15/2285
f 2827/15/2287 2839/15/2299 2838/15/2298 2826/15/2286
f 2828/15/2288 2840/15/2300 2839/15/2299 2827/15/2287
f 2829/15/2289 2841/15/2301 2840/15/2300 2828/15/2288
f 2830/15/2290 2842/15/2302 2841/15/2301 2829/15/2289
f 2831/15/2291 2843/15/2303 2842/15/2302 2830/15/2290
f 2832/15/2292 2844/15/2304 2843/15/2303 2831/15/2291
f 2834/15/2293 2846/15/2305 2845/15/2306 2833/15/2294
f 2835/15/2295 2847/15/2307 2846/15/2305 2834/15/2293
f 2836/15/2296 2848/15/2308 2847/15/2307 2835/15/2295
f 2837/15/2297 2849/15/2309 2848/15/2308 2836/15/2296
f 2838/15/2298 2850/15/2310 2849/15/2309 2837/15/2297
f 2839/15/2299 2851/15/2311 2850/15/2310 2838/15/2298
f 2840/15/2300 2852/15/2312 2851/15/2311 2839/15/2299
f 2841/15/2301 2853/15/2313 2852/15/2312 2840/15/2300
f 2842/15/2302 2854/15/2314 2853/15/2313 2841/15/2301
f 2843/15/2303 2855/15/2315 2854/15/2314 2842/15/2302
f 2844/15/2304 2856/15/2316 2855/15/2315 2843/15/2303
f 2846/15/2305 2858/15/2317 2857/15/2318 2845/15/2306
f 2847/15/2307 2859/15/2319 2858/15/2317 2846/15/2305
f 2848/15/2308 2860/15/2320 2859/15/2319 2847/15/2307
f 2849/15/2309 2861/15/2321 2860/15/2320 2848/15/2308
f 2850/15/2310 2862/15/2322 2861/15/2321 2849/15/2309
f 2851/15/2311 2863/15/2323 2862/15/2322 2850/15/2310
f 2852/15/2312 2864/15/2324 2863/15/2323 2851/15/2311
f 2853/15/2313 2865/15/2325 2864/15/2324 2852/15/2312
f 2854/15/2314 2866/15/2326 2865/15/2325 2853/15/2313
f 2855/15/2315 2867/15/2327 2866/15/2326 2854/15/2314
f 2856/15/2316 2868/15/2328 2867/15/2327 2855/15/2315
f 2858/15/2317 2870/15/2329 2869/15/2330 2857/15/2318
f 2859/15/2319 2871/15/2331 2870/15/2329 2858/15/2317
f 2860/15/2320 2872/15/2332 2871/15/2331 2859/15/2319
f 2861/15/2321 2873/15/2333 2872/15/2332 2860/15/2320
f 2862/15/2322 2874/15/2334 2873/15/2333 2861/15/2321
f 2863/15/2323 2875/15/2335 2874/15/2334 2862/15/2322
f 2864/15/2324 2876/15/2336 2875/15/2335 2863/15/2323
f 2865/15/2325 2877/15/2337 2876/15/2336 2864/15/2324
f 2866/15/2326 2878/15/2338 2877/15/2337 2865/15/2325
f 2867/15/2327 2879/15/2339 2878/15/2338 2866/15/2326
f 2868/15/2328 2880/15/2340 2879/15/2339 2867/15/2327
f 2870/15/2329 2882/15/2341 2881/15/2342 2869/15/2330
f 2871/15/2331 2883/15/2343 2882/15/2341 2870/15/2329
f 2872/15/2332 2884/15/2344 2883/15/2343 2871/15/2331
f 2873/15/2333 2885/15/2345 2884/15/2344 2872/15/2332
f 2874/15/2334 2886/15/2346 2885/15/2345 2873/15/2333
f 2875/15/2335 2887/15/2347 2886/15/2346 2874/15/2334
f 2876/15/2336 2888/15/2348 2887/15/2347 2875/15/2335
f 2877/15/2337 2889/15/2349 2888/15/2348 2876/15/2336
f 2878/15/2338 2890/15/2350 2889/15/2349 2877/15/2337
f 2879/15/2339 2891/15/2351 2890/15/2350 2878/15/2338
f 2880/15/2340 2892/15/2352 2891/15/2351 2879/15/2339
f 2882/15/2341 2894/15/2353 2893/15/2354 2881/15/2342
f 2883/15/2343 2895/15/2355 2894/15/2353 2882/15/2341
f 2884/15/2344 2896/15/2356 2895/15/2355 2883/15/2343
f 2885/15/2345 2897/15/2357 2896/15/2356 2884/15/2344
f 2886/15/2346 2898/15/2358 2897/15/2357 2885/15/2345
f 2887/15/2347 2899/15/2359 2898/15/2358 2886/15/2346
f 2888/15/2348 2900/15/2360 2899/15/2359 2887/15/2347
f 2889/15/2349 2901/15/2361 2900/15/2360 2888/15/2348
f 2890/15/2350 2902/15/2362 2901/15/2361 2889/15/2349
f 2891/15/2351 2903/15/2363 2902/15/2362 2890/15/2350
f 2892/15/2352 2904/15/2364 2903/15/2363 2891/15/2351
f 2894/15/2353 2906/15/2365 2905/15/2366 2893/15/2354
f 2895/15/2355 2907/15/2367 2906/15/2365 2894/15/2353
f 2896/15/2356 2908/15/2368 2907/15/2367 2895/15/2355
f 2897/15/2357 2909/15/2369 2908/15/2368 2896/15/2356
f 2898/15/2358 2910/15/2370 2909/15/2369 2897/15/2357
f 2899/15/2359 2911/15/2371 2910/15/2370 2898/15/2358
f 2900/15/2360 2912/15/2372 2911/15/2371 2899/15/2359
f 2901/15/2361 2913/15/2373 2912/15/2372 2900/15/2360
f 2902/15/2362 2914/15/2374 2913/15/2373 2901/15/2361
f 2903/15/2363 2915/15/2375 2914/15/2374 2902/15/2362
f 2904/15/2364 2916/15/2376 2915/15/2375 2903/15/2363
f 2906/15/2365 2918/15/2377 2917/15/2378 2905/15/2366
f 2907/15/2367 2919/15/2379 2918/15/2377 2906/15/2365
f 2908/15/2368 2920/15/2380 2919/15/2379 2907/15/2367
f 2909/15/2369 2921/15/2381 2920/15/2380 2908/15/2368
f 2910/15/2370 2922/15/2382 2921/15/2381 2909/15/2369
f 2911/15/2371 2923/15/2383 2922/15/2382 2910/15/2370
f 2912/15/2372 2924/15/2384 2923/15/2383 2911/15/2371
f 2913/15/2373 2925/15/2385 2924/15/2384 2912/15/2372
f 2914/15/2374 2926/15/2386 2925/15/2385 2913/15/2373
f 2915/15/2375 2927/15/2387 2926/15/2386 2914/15/2374
f 2916/15/2376 2928/15/2388 2927/15/2387 2915/15/2375
f 2918/15/2377 2930/15/2389 2929/15/2390 2917/15/2378
f 2919/15/2379 2931/15/2391 2930/15/2389 2918/15/2377
f 2920/15/2380 2932/15/2392 2931/15/2391 2919/15/2379
f 2921/15/2381 2933/15/2393 2932/15/2392 2920/15/2380
f 2922/15/2382 2934/15/2394 2933/15/2393 2921/15/2381
f 2923/15/2383 2935/15/2395 2934/15/2394 2922/15/2382
f 2924/15/2384 2936/15/2396 2935/15/2395 2923/15/2383
f 2925/15/2385 2937/15/2397 2936/15/2396 2924/15/2384
f 2926/15/2386 2938/15/2398 2937/15/2397 2925/15/2385
f 2927/15/2387 2939/15/2399 2938/15/2398 2926/15/2386
f 2928/15/2388 2940/15/2400 2939/15/2399 2927/15/2387
f 2930/15/2389 2942/15/2401 2941/15/2402 2929/15/2390
f 2931/15/2391 2943/15/2403 2942/15/2401 2930/15/2389
f 2932/15/2392 2944/15/2404 2943/15/2403 2931/15/2391
f 2933/15/2393 2945/15/2405 2944/15/2404 2932/15/2392
f 2934/15/2394 2946/15/2406 2945/15/2405 2933/15/2393
f 2935/15/2395 2947/15/2407 2946/15/2406 2934/15/2394
f 2936/15/2396 2948/15/2408 2947/15/2407 2935/15/2395
f 2937/15/2397 2949/15/2409 2948/15/2408 2936/15/2396
f 2938/15/2398 2950/15/2410 2949/15/2409 2937/15/2397
f 2939/15/2399 2951/15/2411 2950/15/2410 2938/15/2398
f 2940/15/2400 2952/15/2412 2951/15/2411 2939/15/2399
f 2942/15/2401 2954/15/2413 2953/15/2414 2941/15/2402
f 2943/15/2403 2955/15/2415 2954/15/2413 2942/15/2401
f 2944/15/2404 2956/15/2416 2955/15/2415 2943/15/2403
f 2945/15/2405 2957/15/2417 2956/15/2416 2944/15/2404
f 2946/15/2406 2958/15/2418 2957/15/2417 2945/15/2405
f 2947/15/2407 2959/15/2419 2958/15/2418 2946/15/2406
f 2948/15/2408 2960/15/2420 2959/15/2419 2947/15/2407
f 2949/15/2409 2961/15/2421 2960/15/2420 2948/15/2408
f 2950/15/2410 2962/15/2422 2961/15/2421 2949/15/2409
f 2951/15/2411 2963/15/2423 2962/15/2422 2950/15/2410
f 2952/15/2412 2964/15/2424 2963/15/2423 2951/15/2411
f 2954/15/2413 2966/15/2425 2965/15/2426 2953/15/2414
f 2955/15/2415 2967/15/2427 2966/15/2425 2954/15/2413
f 2956/15/2416 2968/15/2428 2967/15/2427 2955/15/2415
f 2957/15/2417 2969/15/2429 2968/15/2428 2956/15/2416
f 2958/15/2418 2970/15/2430 2969/15/2429 2957/15/2417
f 2959/15/2419 2971/15/2431 2970/15/2430 2958/15/2418
f 2960/15/2420 2972/15/2432 2971/15/2431 2959/15/2419
f 2961/15/2421 2973/15/2433 2972/15/2432 2960/15/2420
f 2962/15/2422 2974/15/2434 2973/15/2433 2961/15/2421
f 2963/15/2423 2975/15/2435 2974/15/2434 2962/15/2422
f 2964/15/2424 2976/15/2436 2975/15/2435 2963/15/2423
f 2966/15/2425 2978/15/2437 2977/15/2438 2965/15/2426
f 2967/15/2427 2979/15/2439 2978/15/2437 2966/15/2425
f 2968/15/2428 2980/15/2440 2979/15/2439 2967/15/2427
f 2969/15/2429 2981/15/2441 2980/15/2440 2968/15/2428
f 2970/15/2430 2982/15/2442 2981/15/2441 2969/15/2429
f 2971/15/2431 2983/15/2443 2982/15/2442 2970/15/2430
f 2972/15/2432 2984/15/2444 2983/15/2443 2971/15/2431
f 2973/15/2433 2985/15/2445 2984/15/2444 2972/15/2432
f 2974/15/2434 2986/15/2446 2985/15/2445 2973/15/2433
f 2975/15/2435 2987/15/2447 2986/15/2446 2974/15/2434
f 2976/15/2436 2988/15/2448 2987/15/2447 2975/15/2435
f 2978/15/2437 2990/15/2449 2989/15/2450 2977/15/2438
f 2979/15/2439 2991/15/2451 2990/15/2449 2978/15/2437
f 2980/15/2440 2992/15/2452 2991/15/2451 2979/15/2439
f 2981/15/2441 2993/15/2453 2992/15/2452 2980/15/2440
f 2982/15/2442 2994/15/2454 2993/15/2453 2981/15/2441
f 2983/15/2443 2995/15/2455 2994/15/2454 2982/15/2442
f 2984/15/2444 2996/15/2456 2995/15/2455 2983/15/2443
f 2985/15/2445 2997/15/2457 2996/15/2456 2984/15/2444
f 2986/15/2446 2998/15/2458 2997/15/2457 2985/15/2445
f 2987/15/2447 2999/15/2459 2998/15/2458 2986/15/2446
f 2988/15/2448 3000/15/2460 2999/15/2459 2987/15/2447
f 2990/15/2449 3002/15/2461 3001/15/2462 2989/15/2450
f 2991/15/2451 3003/15/2463 3002/15/2461 2990/15/2449
f 2992/15/2452 3004/15/2464 3003/15/2463 2991/15/2451
f 2993/15/2453 3005/15/2465 3004/15/2464 2992/15/2452
f 2994/15/2454 3006/15/2466 3005/15/2465 2993/15/2453
f 2995/15/2455 3007/15/2467 3006/15/2466 2994/15/2454
f 2996/15/2456 3008/15/2468 3007/15/2467 2995/15/2455
f 2997/15/2457 3009/15/2469 3008/15/2468 2996/15/2456
f 2998/15/2458 3010/15/2470 3009/15/2469 2997/15/2457
f 2999/15/2459 3011/15/2471 3010/15/2470 2998/15/2458
f 3000/15/2460 3012/15/2472 3011/15/2471 2999/15/2459
f 3002/15/2461 3014/15/2473 3013/15/2474 3001/15/2462
f 3003/15/2463 3015/15/2475 3014/15/2473 3002/15/2461
f 3004/15/2464 3016/15/2476 3015/15/2475 3003/15/2463
f 3005/15/2465 3017/15/2477 3016/15/2476 3004/15/2464
f 3006/15/2466 3018/15/2478 3017/15/2477 3005/15/2465
f 3007/15/2467 3019/15/2479 3018/15/2478 3006/15/2466
f 3008/15/2468 3020/15/2480 3019/15/2479 3007/15/2467
f 3009/15/2469 3021/15/2481 3020/15/2480 3008/15/2468
f 3010/15/2470 3022/15/2482 3021/15/2481 3009/15/2469
f 3011/15/2471 3023/15/2483 3022/15/2482 3010/15/2470
f 3012/15/2472 3024/15/2484 3023/15/2483 3011/15/2471
f 3014/15/2473 3026/15/2485 3025/15/2486 3013/15/2474
f 3015/15/2475 3027/15/2487 3026/15/2485 3014/15/2473
f 3016/15/2476 3028/15/2488 3027/15/2487 3015/15/2475
f 3017/15/2477 3029/15/2489 3028/15/2488 3016/15/2476
f 3018/15/2478 3030/15/2490 3029/15/2489 3017/15/2477
f 3019/15/2479 3031/15/2491 3030/15/2490 3018/15/2478
f 3020/15/2480 3032/15/2492 3031/15/2491 3019/15/2479
f 3021/15/2481 3033/15/2493 3032/15/2492 3020/15/2480
f 3022/15/2482 3034/15/2494 3033/15/2493 3021/15/2481
f 3023/15/2483 3035/15/2495 3034/15/2494 3022/15/2482
f 3024/15/2484 3036/15/2496 3035/15/2495 3023/15/2483
f 3026/15/2485 3038/15/2497 3037/15/2498 3025/15/2486
f 3027/15/2487 3039/15/2499 3038/15/2497 3026/15/2485
f 3028/15/2488 3040/15/2500 3039/15/2499 3027/15/2487
f 3029/15/2489 3041/15/2501 3040/15/2500 3028/15/2488
f 3030/15/2490 3042/15/2502 3041/15/2501 3029/15/2489
f 3031/15/2491 3043/15/2503 3042/15/2502 3030/15/2490
f 3032/15/2492 3044/15/2504 3043/15/2503 3031/15/2491
f 3033/15/2493 3045/15/2505 3044/15/2504 3032/15/2492
f 3034/15/2494 3046/15/2506 3045/15/2505 3033/15/2493
f 3035/15/2495 3047/15/2507 3046/15/2506 3034/15/2494
f 3036/15/2496 3048/15/2508 3047/15/2507 3035/15/2495
f 3038/15/2497 3050/15/2509 3049/15/2510 3037/15/2498
f 3039/15/2499 3051/15/2511 3050/15/2509 3038/15/2497
f 3040/15/2500 3052/15/2512 3051/15/2511 3039/15/2499
f 3041/15/2501 3053/15/2513 3052/15/2512 3040/15/2500
f 3042/15/2502 3054/15/2514 3053/15/2513 3041/15/2501
f 3043/15/2503 3055/15/2515 3054/15/2514 3042/15/2502
f 3044/15/2504 3056/15/2516 3055/15/2515 3043/15/2503
f 3045/15/2505 3057/15/2517 3056/15/2516 3044/15/2504
f 3046/15/2506 3058/15/2518 3057/15/2517 3045/15/2505
f 3047/15/2507 3059/15/2519 3058/15/2518 3046/15/2506
f 3048/15/2508 3060/15/2520 3059/15/2519 3047/15/2507
f 3050/15/2509 3062/15/2521 3061/15/2522 3049/15/2510
f 3051/15/2511 3063/15/2523 3062/15/2521 3050/15/2509
f 3052/15/2512 3064/15/2524 3063/15/2523 3051/15/2511
f 3053/15/2513 3065/15/2525 3064/15/2524 3052/15/2512
f 3054/15/2514 3066/15/2526 3065/15/2525 3053/15/2513
f 3055/15/2515 3067/15/2527 3066/15/2526 3054/15/2514
f 3056/15/2516 3068/15/2528 3067/15/2527 3055/15/2515
f 3057/15/2517 3069/15/2529 3068/15/2528 3056/15/2516
f 3058/15/2518 3070/15/2530 3069/15/2529 3057/15/2517
f 3059/15/2519 3071/15/2531 3070/15/2530 3058/15/2518
f 3060/15/2520 3072/15/2532 3071/15/2531 3059/15/2519
f 3062/15/2521 3074/15/2533 3073/15/2534 3061/15/2522
f 3063/15/2523 3075/15/2535 3074/15/2533 3062/15/2521
f 3064/15/2524 3076/15/2536 3075/15/2535 3063/15/2523
f 3065/15/2525 3077/15/2537 3076/15/2536 3064/15/2524
f 3066/15/2526 3078/15/2538 3077/15/2537 3065/15/2525
f 3067/15/2527 3079/15/2539 3078/15/2538 3066/15/2526
f 3068/15/2528 3080/15/2540 3079/15/2539 3067/15/2527
f 3069/15/2529 3081/15/2541 3080/15/2540 3068/15/2528
f 3070/15/2530 3082/15/2542 3081/15/2541 3069/15/2529
f 3071/15/2531 3083/15/2543 3082/15/2542 3070/15/2530
f 3072/15/2532 3084/15/2544 3083/15/2543 3071/15/2531
f 3074/15/2533 3086/15/2545 3085/15/2546 3073/15/2534
f 3075/15/2535 3087/15/2547 3086/15/2545 3074/15/2533
f 3076/15/2536 3088/15/2548 3087/15/2547 3075/15/2535
f 3077/15/2537 3089/15/2549 3088/15/2548 3076/15/2536
f 3078/15/2538 3090/15/2550 3089/15/2549 3077/15/2537
f 3079/15/2539 3091/15/2551 3090/15/2550 3078/15/2538
f 3080/15/2540 3092/15/2552 3091/15/2551 3079/15/2539
f 3081/15/2541 3093/15/2553 3092/15/2552 3080/15/2540
f 3082/15/2542 3094/15/2554 3093/15/2553 3081/15/2541
f 3083/15/2543 3095/15/2555 3094/15/2554 3082/15/2542
f 3084/15/2544 3096/15/2556 3095/15/2555 3083/15/2543
f 3086/15/2545 3098/15/2557 3097/15/2558 3085/15/2546
f 3087/15/2547 3099/15/2559 3098/15/2557 3086/15/2545
f 3088/15/2548 3100/15/2560 3099/15/2559 3087/15/2547
f 3089/15/2549 3101/15/2561 3100/15/2560 3088/15/2548
f 3090/15/2550 3102/15/2562 3101/15/2561 3089/15/2549
f 3091/15/2551 3103/15/2563 3102/15/2562 3090/15/2550
f 3092/15/2552 3104/15/2564 3103/15/2563 3091/15/2551
f 3093/15/2553 3105/15/2565 3104/15/2564 3092/15/2552
f 3094/15/2554 3106/15/2566 3105/15/2565 3093/15/2553
f 3095/15/2555 3107/15/2567 3106/15/2566 3094/15/2554
f 3096/15/2556 3108/15/2568 3107/15/2567 3095/15/2555
f 3098/15/2557 3110/15/2569 3109/15/2570 3097/15/2558
f 3099/15/2559 3111/15/2571 3110/15/2569 3098/15/2557
f 3100/15/2560 3112/15/2572 3111/15/2571 3099/15/2559
f 3101/15/2561 3113/15/2573 3112/15/2572 3100/15/2560
f 3102/15/2562 3114/15/2574 3113/15/2573 3101/15/2561
f 3103/15/2563 3115/15/2575 3114/15/2574 3102/15/2562
f 3104/15/2564 3116/15/2576 3115/15/2575 3103/15/2563
f 3105/15/2565 3117/15/2577 3116/15/2576 3104/15/2564
f 3106/15/2566 3118/15/2578 3117/15/2577 3105/15/2565
f 3107/15/2567 3119/15/2579 3118/15/2578 3106/15/2566
f 3108/15/2568 3120/15/2580 3119/15/2579 3107/15/2567
f 3110/15/2569 3122/15/2581 3121/15/1679 3109/15/2570
f 3111/15/2571 3123/15/2582 3122/15/2581 3110/15/2569
f 3112/15/2572 3124/15/2583 3123/15/2582 3111/15/2571
f 3113/15/2573 3125/15/2584 3124/15/2583 3112/15/2572
f 3114/15/2574 3126/15/2585 3125/15/2584 3113/15/2573
f 3115/15/2575 3127/15/2586 3126/15/2585 3114/15/2574
f 3116/15/2576 3128/15/2587 3127/15/2586 3115/15/2575
f 3117/15/2577 3129/15/2588 3128/15/2587 3116/15/2576
f 3118/15/2578 3130/15/2589 3129/15/2588 3117/15/2577
f 3119/15/2579 3131/15/2590 3130/15/2589 3118/15/2578
f 3120/15/2580 3132/15/1689 3131/15/2590 3119/15/2579
f 3122/15/2581 3134/15/2591 3133/15/2592 3121/15/1679
f 3123/15/2582 3135/15/2593 3134/15/2591 3122/15/2581
f 3124/15/2583 3136/15/2594 3135/15/2593 3123/15/2582
f 3125/15/2584 3137/15/2595 3136/15/2594 3124/15/2583
f 3126/15/2585 3138/15/2596 3137/15/2595 3125/15/2584
f 3127/15/2586 3139/15/2597 3138/15/2596 3126/15/2585
f 3128/15/2587 3140/15/2598 3139/15/2597 3127/15/2586
f 3129/15/2588 3141/15/2599 3140/15/2598 3128/15/2587
f 3130/15/2589 3142/15/2600 3141/15/2599 3129/15/2588
f 3131/15/2590 3143/15/2601 3142/15/2600 3130/15/2589
f 3132/15/1689 3144/15/2602 3143/15/2601 3131/15/2590
f 3134/15/2591 2690/15/2149 2689/15/2152 3133/15/2592
f 3135/15/2593 2691/15/2153 2690/15/2149 3134/15/2591
f 3136/15/2594 2692/15/2155 2691/15/2153 3135/15/2593
f 3137/15/2595 2693/15/2157 2692/15/2155 3136/15/2594
f 3138/15/2596 2694/15/2159 2693/15/2157 3137/15/2595
f 3139/15/2597 2695/15/2161 2694/15/2159 3138/15/2596
f 3140/15/2598 2696/15/2163 2695/15/2161 3139/15/2597
f 3141/15/2599 2697/15/2165 2696/15/2163 3140/15/2598
f 3142/15/2600 2698/15/2167 2697/15/2165 3141/15/2599
f 3143/15/2601 2699/15/2169 2698/15/2167 3142/15/2600
f 3144/15/2602 2700/15/2171 2699/15/2169 3143/15/2601
