# Blender 4.1.1
# www.blender.org
mtllib stage_3.mtl
o Cube
v 1.000000 1.000000 -1.000000
v 1.000000 -1.000000 -1.000000
v 1.000000 1.000000 1.000000
v 1.000000 -1.000000 1.000000
v -1.000000 1.000000 -1.000000
v -1.000000 -1.000000 -1.000000
v -1.000000 1.000000 1.000000
v -1.000000 -1.000000 1.000000
vn -0.0000 1.0000 -0.0000
vn -0.0000 -0.0000 1.0000
vn -1.0000 -0.0000 -0.0000
vn -0.0000 -1.0000 -0.0000
vn 1.0000 -0.0000 -0.0000
vn -0.0000 -0.0000 -1.0000
vt 0.625000 0.500000
vt 0.875000 0.500000
vt 0.875000 0.750000
vt 0.625000 0.750000
vt 0.375000 0.750000
vt 0.625000 1.000000
vt 0.375000 1.000000
vt 0.375000 0.000000
vt 0.625000 0.000000
vt 0.625000 0.250000
vt 0.375000 0.250000
vt 0.125000 0.500000
vt 0.375000 0.500000
vt 0.125000 0.750000
s 0
usemtl Material
f 1/1/1 5/2/1 7/3/1 3/4/1
f 4/5/2 3/4/2 7/6/2 8/7/2
f 8/8/3 7/9/3 5/10/3 6/11/3
f 6/12/4 2/13/4 4/5/4 8/14/4
f 2/13/5 1/1/5 3/4/5 4/5/5
f 6/11/6 5/10/6 1/1/6 2/13/6
o テキスト
v 1.250000 -0.362936 -0.436092
v 1.250000 -0.361062 -0.403654
v 1.250000 -0.355529 -0.373417
v 1.250000 -0.346468 -0.345499
v 1.250000 -0.334010 -0.320018
v 1.250000 -0.318289 -0.297094
v 1.250000 -0.299436 -0.276843
v 1.250000 -0.277583 -0.259383
v 1.250000 -0.252862 -0.244833
v 1.250000 -0.225405 -0.233311
v 1.250000 -0.195344 -0.224935
v 1.250000 -0.162810 -0.219823
v 1.250000 -0.127936 -0.218093
v 1.250000 -0.096240 -0.219998
v 1.250000 -0.066279 -0.225588
v 1.250000 -0.038249 -0.234671
v 1.250000 -0.012344 -0.247055
v 1.250000 0.011242 -0.262551
v 1.250000 0.032314 -0.280967
v 1.250000 0.050677 -0.302113
v 1.250000 0.066138 -0.325796
v 1.250000 0.078501 -0.351827
v 1.250000 0.087573 -0.380014
v 1.250000 0.093159 -0.410166
v 1.250000 0.095064 -0.442092
v 1.250000 0.094958 -0.449557
v 1.250000 0.094633 -0.456972
v 1.250000 0.094079 -0.464374
v 1.250000 0.093286 -0.471796
v 1.250000 0.092243 -0.479274
v 1.250000 0.090939 -0.486842
v 1.250000 0.089364 -0.494536
v 1.250000 0.087508 -0.502389
v 1.250000 0.085361 -0.510436
v 1.250000 0.082911 -0.518713
v 1.250000 0.080149 -0.527253
v 1.250000 0.077064 -0.536092
v 1.250000 0.319064 -0.536092
v 1.250000 0.319064 -0.625093
v 1.250000 -0.362936 -0.625093
v 1.250000 0.000919 -0.528730
v 1.250000 0.003490 -0.521611
v 1.250000 0.005782 -0.514686
v 1.250000 0.007804 -0.507907
v 1.250000 0.009563 -0.501225
v 1.250000 0.011064 -0.494592
v 1.250000 0.012315 -0.487959
v 1.250000 0.013323 -0.481278
v 1.250000 0.014095 -0.474499
v 1.250000 0.014638 -0.467574
v 1.250000 0.014958 -0.460455
v 1.250000 0.015064 -0.453092
v 1.250000 0.013789 -0.432193
v 1.250000 0.010036 -0.412565
v 1.250000 0.003907 -0.394311
v 1.250000 -0.004492 -0.377537
v 1.250000 -0.015058 -0.362346
v 1.250000 -0.027686 -0.348842
v 1.250000 -0.042273 -0.337131
v 1.250000 -0.058714 -0.327315
v 1.250000 -0.076905 -0.319499
v 1.250000 -0.096742 -0.313787
v 1.250000 -0.118120 -0.310283
v 1.250000 -0.140936 -0.309092
v 1.250000 -0.161474 -0.309821
v 1.250000 -0.180992 -0.312088
v 1.250000 -0.199343 -0.316014
v 1.250000 -0.216381 -0.321722
v 1.250000 -0.231961 -0.329333
v 1.250000 -0.245936 -0.338967
v 1.250000 -0.258162 -0.350748
v 1.250000 -0.268492 -0.364796
v 1.250000 -0.276780 -0.381233
v 1.250000 -0.282881 -0.400180
v 1.250000 -0.286648 -0.421760
v 1.250000 -0.287936 -0.446092
v 1.250000 -0.287936 -0.536092
v 1.250000 -0.001936 -0.536092
v 1.250000 -0.016936 0.063908
v 1.250000 -0.016936 0.061908
v 1.250000 0.001863 0.050699
v 1.250000 0.018791 0.039570
v 1.250000 0.033892 0.028517
v 1.250000 0.047212 0.017537
v 1.250000 0.058796 0.006627
v 1.250000 0.068689 -0.004217
v 1.250000 0.076936 -0.014999
v 1.250000 0.083582 -0.025722
v 1.250000 0.088673 -0.036389
v 1.250000 0.092254 -0.047005
v 1.250000 0.094369 -0.057571
v 1.250000 0.095064 -0.068092
v 1.250000 0.094709 -0.077054
v 1.250000 0.093642 -0.085949
v 1.250000 0.091861 -0.094796
v 1.250000 0.089360 -0.103611
v 1.250000 0.086137 -0.112413
v 1.250000 0.082189 -0.121217
v 1.250000 0.077511 -0.130043
v 1.250000 0.072101 -0.138907
v 1.250000 0.065954 -0.147827
v 1.250000 0.059068 -0.156819
v 1.250000 0.051439 -0.165902
v 1.250000 0.043064 -0.175092
v 1.250000 -0.033936 -0.128092
v 1.250000 -0.027609 -0.121189
v 1.250000 -0.021649 -0.114028
v 1.250000 -0.016093 -0.106686
v 1.250000 -0.010973 -0.099241
v 1.250000 -0.006326 -0.091767
v 1.250000 -0.002186 -0.084342
v 1.250000 0.001412 -0.077043
v 1.250000 0.004434 -0.069944
v 1.250000 0.006845 -0.063124
v 1.250000 0.008610 -0.056657
v 1.250000 0.009695 -0.050621
v 1.250000 0.010064 -0.045092
v 1.250000 0.008819 -0.030133
v 1.250000 0.005189 -0.015838
v 1.250000 -0.000671 -0.002327
v 1.250000 -0.008603 0.010278
v 1.250000 -0.018452 0.021855
v 1.250000 -0.030061 0.032283
v 1.250000 -0.043275 0.041439
v 1.250000 -0.057936 0.049204
v 1.250000 -0.073889 0.055454
v 1.250000 -0.090978 0.060070
v 1.250000 -0.109046 0.062928
v 1.250000 -0.127936 0.063908
v 1.250000 -0.362936 0.063908
v 1.250000 -0.362936 0.152908
v 1.250000 0.086064 0.152908
v 1.250000 0.086064 0.063908
v 1.250000 0.303836 0.630691
v 1.250000 0.308156 0.620509
v 1.250000 0.312032 0.610314
v 1.250000 0.315471 0.600056
v 1.250000 0.318479 0.589686
v 1.250000 0.321064 0.579158
v 1.250000 0.323232 0.568420
v 1.250000 0.324990 0.557426
v 1.250000 0.326345 0.546126
v 1.250000 0.327305 0.534472
v 1.250000 0.327875 0.522416
v 1.250000 0.328064 0.509908
v 1.250000 0.326624 0.480324
v 1.250000 0.322379 0.452658
v 1.250000 0.315439 0.427033
v 1.250000 0.305916 0.403574
v 1.250000 0.293920 0.382408
v 1.250000 0.279564 0.363658
v 1.250000 0.262957 0.347449
v 1.250000 0.244212 0.333908
v 1.250000 0.223439 0.323158
v 1.250000 0.200749 0.315324
v 1.250000 0.176254 0.310533
v 1.250000 0.150064 0.308908
v 1.250000 0.131737 0.309435
v 1.250000 0.114703 0.311046
v 1.250000 0.098876 0.313783
v 1.250000 0.084175 0.317685
v 1.250000 0.070515 0.322796
v 1.250000 0.057814 0.329158
v 1.250000 0.045987 0.336810
v 1.250000 0.034953 0.345796
v 1.250000 0.024626 0.356158
v 1.250000 0.014925 0.367935
v 1.250000 0.005765 0.381171
v 1.250000 -0.002936 0.395908
v 1.250000 -0.009198 0.379695
v 1.250000 -0.017367 0.365037
v 1.250000 -0.027264 0.351908
v 1.250000 -0.038714 0.340278
v 1.250000 -0.051539 0.330121
v 1.250000 -0.065561 0.321408
v 1.250000 -0.080605 0.314111
v 1.250000 -0.096492 0.308204
v 1.250000 -0.113046 0.303658
v 1.250000 -0.130089 0.300445
v 1.250000 -0.147445 0.298537
v 1.250000 -0.164936 0.297908
v 1.250000 -0.194638 0.299732
v 1.250000 -0.222631 0.305084
v 1.250000 -0.248749 0.313783
v 1.250000 -0.272825 0.325648
v 1.250000 -0.294693 0.340500
v 1.250000 -0.314186 0.358158
v 1.250000 -0.331138 0.378440
v 1.250000 -0.345381 0.401167
v 1.250000 -0.356749 0.426158
v 1.250000 -0.365075 0.453232
v 1.250000 -0.370193 0.482208
v 1.250000 -0.371936 0.512908
v 1.250000 -0.371646 0.524698
v 1.250000 -0.370784 0.536565
v 1.250000 -0.369358 0.548501
v 1.250000 -0.367381 0.560500
v 1.250000 -0.364862 0.572555
v 1.250000 -0.361811 0.584658
v 1.250000 -0.358240 0.596802
v 1.250000 -0.354158 0.608982
v 1.250000 -0.349577 0.621189
v 1.250000 -0.344506 0.633417
v 1.250000 -0.338955 0.645659
v 1.250000 -0.332936 0.657908
v 1.250000 -0.226936 0.657908
v 1.250000 -0.235312 0.644948
v 1.250000 -0.242941 0.632065
v 1.250000 -0.249827 0.619251
v 1.250000 -0.255973 0.606500
v 1.250000 -0.261384 0.593805
v 1.250000 -0.266061 0.581158
v 1.250000 -0.270010 0.568552
v 1.250000 -0.273233 0.555982
v 1.250000 -0.275733 0.543439
v 1.250000 -0.277515 0.530917
v 1.250000 -0.278582 0.518409
v 1.250000 -0.278936 0.505908
v 1.250000 -0.278052 0.489668
v 1.250000 -0.275446 0.474495
v 1.250000 -0.271186 0.460454
v 1.250000 -0.265344 0.447611
v 1.250000 -0.257987 0.436032
v 1.250000 -0.249186 0.425783
v 1.250000 -0.239010 0.416929
v 1.250000 -0.227529 0.409537
v 1.250000 -0.214811 0.403673
v 1.250000 -0.200927 0.399403
v 1.250000 -0.185946 0.396792
v 1.250000 -0.169936 0.395908
v 1.250000 -0.153523 0.396928
v 1.250000 -0.137881 0.399986
v 1.250000 -0.123155 0.405079
v 1.250000 -0.109492 0.412204
v 1.250000 -0.097037 0.421356
v 1.250000 -0.085936 0.432533
v 1.250000 -0.076336 0.445730
v 1.250000 -0.068381 0.460945
v 1.250000 -0.062218 0.478173
v 1.250000 -0.057992 0.497412
v 1.250000 -0.055849 0.518658
v 1.250000 -0.055936 0.541908
v 1.250000 0.034064 0.541908
v 1.250000 0.034828 0.520345
v 1.250000 0.037092 0.500658
v 1.250000 0.040814 0.482845
v 1.250000 0.045953 0.466908
v 1.250000 0.052467 0.452845
v 1.250000 0.060314 0.440658
v 1.250000 0.069453 0.430345
v 1.250000 0.079842 0.421908
v 1.250000 0.091439 0.415345
v 1.250000 0.104203 0.410658
v 1.250000 0.118092 0.407845
v 1.250000 0.133064 0.406908
v 1.250000 0.148305 0.407854
v 1.250000 0.162494 0.410648
v 1.250000 0.175579 0.415220
v 1.250000 0.187508 0.421500
v 1.250000 0.198229 0.429419
v 1.250000 0.207689 0.438908
v 1.250000 0.215836 0.449896
v 1.250000 0.222619 0.462315
v 1.250000 0.227986 0.476095
v 1.250000 0.231883 0.491167
v 1.250000 0.234260 0.507461
v 1.250000 0.235064 0.524908
v 1.250000 0.234894 0.534065
v 1.250000 0.234374 0.543083
v 1.250000 0.233486 0.552033
v 1.250000 0.232212 0.560982
v 1.250000 0.230535 0.570000
v 1.250000 0.228439 0.579158
v 1.250000 0.225905 0.588523
v 1.250000 0.222916 0.598167
v 1.250000 0.219454 0.608158
v 1.250000 0.215504 0.618565
v 1.250000 0.211046 0.629458
v 1.250000 0.206064 0.640908
v 1.250000 0.299064 0.640908
v -1.250000 -0.362936 -0.436092
v -1.250000 -0.361062 -0.403654
v -1.250000 -0.355529 -0.373417
v -1.250000 -0.346467 -0.345499
v -1.250000 -0.334010 -0.320018
v -1.250000 -0.318289 -0.297094
v -1.250000 -0.299436 -0.276842
v -1.250000 -0.277583 -0.259383
v -1.250000 -0.252862 -0.244833
v -1.250000 -0.225405 -0.233311
v -1.250000 -0.195344 -0.224935
v -1.250000 -0.162810 -0.219823
v -1.250000 -0.127936 -0.218092
v -1.250000 -0.096239 -0.219998
v -1.250000 -0.066279 -0.225588
v -1.250000 -0.038249 -0.234671
v -1.250000 -0.012344 -0.247055
v -1.250000 0.011242 -0.262551
v -1.250000 0.032314 -0.280967
v -1.250000 0.050677 -0.302113
v -1.250000 0.066138 -0.325796
v -1.250000 0.078501 -0.351827
v -1.250000 0.087573 -0.380014
v -1.250000 0.093159 -0.410166
v -1.250000 0.095064 -0.442092
v -1.250000 0.094958 -0.449557
v -1.250000 0.094633 -0.456972
v -1.250000 0.094079 -0.464374
v -1.250000 0.093286 -0.471796
v -1.250000 0.092243 -0.479274
v -1.250000 0.090939 -0.486842
v -1.250000 0.089364 -0.494536
v -1.250000 0.087508 -0.502389
v -1.250000 0.085361 -0.510436
v -1.250000 0.082911 -0.518713
v -1.250000 0.080149 -0.527253
v -1.250000 0.077064 -0.536092
v -1.250000 0.319064 -0.536092
v -1.250000 0.319064 -0.625093
v -1.250000 -0.362936 -0.625093
v -1.250000 0.000919 -0.528730
v -1.250000 0.003490 -0.521611
v -1.250000 0.005783 -0.514686
v -1.250000 0.007805 -0.507907
v -1.250000 0.009563 -0.501225
v -1.250000 0.011064 -0.494592
v -1.250000 0.012315 -0.487959
v -1.250000 0.013323 -0.481278
v -1.250000 0.014095 -0.474499
v -1.250000 0.014638 -0.467574
v -1.250000 0.014959 -0.460455
v -1.250000 0.015064 -0.453092
v -1.250000 0.013790 -0.432193
v -1.250000 0.010036 -0.412565
v -1.250000 0.003908 -0.394311
v -1.250000 -0.004492 -0.377537
v -1.250000 -0.015058 -0.362346
v -1.250000 -0.027686 -0.348842
v -1.250000 -0.042273 -0.337131
v -1.250000 -0.058714 -0.327315
v -1.250000 -0.076905 -0.319499
v -1.250000 -0.096742 -0.313787
v -1.250000 -0.118120 -0.310283
v -1.250000 -0.140936 -0.309092
v -1.250000 -0.161474 -0.309821
v -1.250000 -0.180992 -0.312088
v -1.250000 -0.199342 -0.316014
v -1.250000 -0.216381 -0.321722
v -1.250000 -0.231960 -0.329333
v -1.250000 -0.245936 -0.338967
v -1.250000 -0.258162 -0.350748
v -1.250000 -0.268492 -0.364796
v -1.250000 -0.276780 -0.381233
v -1.250000 -0.282881 -0.400180
v -1.250000 -0.286648 -0.421760
v -1.250000 -0.287936 -0.446092
v -1.250000 -0.287936 -0.536092
v -1.250000 -0.001936 -0.536092
v -1.250000 -0.016936 0.063908
v -1.250000 -0.016936 0.061908
v -1.250000 0.001863 0.050699
v -1.250000 0.018791 0.039570
v -1.250000 0.033892 0.028517
v -1.250000 0.047212 0.017537
v -1.250000 0.058796 0.006627
v -1.250000 0.068689 -0.004217
v -1.250000 0.076936 -0.014999
v -1.250000 0.083582 -0.025722
v -1.250000 0.088673 -0.036389
v -1.250000 0.092254 -0.047004
v -1.250000 0.094369 -0.057571
v -1.250000 0.095064 -0.068092
v -1.250000 0.094709 -0.077054
v -1.250000 0.093643 -0.085949
v -1.250000 0.091861 -0.094795
v -1.250000 0.089360 -0.103611
v -1.250000 0.086137 -0.112412
v -1.250000 0.082189 -0.121217
v -1.250000 0.077511 -0.130043
v -1.250000 0.072101 -0.138907
v -1.250000 0.065954 -0.147827
v -1.250000 0.059068 -0.156819
v -1.250000 0.051439 -0.165902
v -1.250000 0.043064 -0.175092
v -1.250000 -0.033936 -0.128092
v -1.250000 -0.027609 -0.121189
v -1.250000 -0.021649 -0.114028
v -1.250000 -0.016092 -0.106686
v -1.250000 -0.010973 -0.099241
v -1.250000 -0.006326 -0.091767
v -1.250000 -0.002186 -0.084342
v -1.250000 0.001412 -0.077043
v -1.250000 0.004434 -0.069944
v -1.250000 0.006845 -0.063124
v -1.250000 0.008610 -0.056657
v -1.250000 0.009695 -0.050621
v -1.250000 0.010064 -0.045092
v -1.250000 0.008819 -0.030133
v -1.250000 0.005189 -0.015838
v -1.250000 -0.000671 -0.002327
v -1.250000 -0.008603 0.010278
v -1.250000 -0.018452 0.021855
v -1.250000 -0.030061 0.032283
v -1.250000 -0.043275 0.041440
v -1.250000 -0.057936 0.049204
v -1.250000 -0.073889 0.055455
v -1.250000 -0.090978 0.060070
v -1.250000 -0.109046 0.062928
v -1.250000 -0.127936 0.063908
v -1.250000 -0.362936 0.063908
v -1.250000 -0.362936 0.152908
v -1.250000 0.086064 0.152908
v -1.250000 0.086064 0.063908
v -1.250000 0.303836 0.630691
v -1.250000 0.308156 0.620510
v -1.250000 0.312033 0.610314
v -1.250000 0.315471 0.600056
v -1.250000 0.318479 0.589687
v -1.250000 0.321064 0.579158
v -1.250000 0.323232 0.568420
v -1.250000 0.324990 0.557426
v -1.250000 0.326345 0.546126
v -1.250000 0.327305 0.534472
v -1.250000 0.327875 0.522416
v -1.250000 0.328064 0.509908
v -1.250000 0.326624 0.480324
v -1.250000 0.322379 0.452658
v -1.250000 0.315439 0.427033
v -1.250000 0.305916 0.403574
v -1.250000 0.293920 0.382408
v -1.250000 0.279564 0.363658
v -1.250000 0.262957 0.347449
v -1.250000 0.244212 0.333908
v -1.250000 0.223439 0.323158
v -1.250000 0.200749 0.315324
v -1.250000 0.176254 0.310533
v -1.250000 0.150064 0.308908
v -1.250000 0.131737 0.309435
v -1.250000 0.114703 0.311047
v -1.250000 0.098876 0.313783
v -1.250000 0.084175 0.317685
v -1.250000 0.070515 0.322797
v -1.250000 0.057814 0.329158
v -1.250000 0.045987 0.336810
v -1.250000 0.034953 0.345797
v -1.250000 0.024626 0.356158
v -1.250000 0.014925 0.367935
v -1.250000 0.005765 0.381172
v -1.250000 -0.002936 0.395908
v -1.250000 -0.009198 0.379695
v -1.250000 -0.017367 0.365037
v -1.250000 -0.027264 0.351908
v -1.250000 -0.038714 0.340278
v -1.250000 -0.051539 0.330121
v -1.250000 -0.065561 0.321408
v -1.250000 -0.080605 0.314111
v -1.250000 -0.096492 0.308204
v -1.250000 -0.113046 0.303658
v -1.250000 -0.130089 0.300445
v -1.250000 -0.147445 0.298537
v -1.250000 -0.164936 0.297908
v -1.250000 -0.194638 0.299732
v -1.250000 -0.222631 0.305084
v -1.250000 -0.248749 0.313783
v -1.250000 -0.272825 0.325648
v -1.250000 -0.294693 0.340500
v -1.250000 -0.314186 0.358158
v -1.250000 -0.331138 0.378440
v -1.250000 -0.345381 0.401167
v -1.250000 -0.356749 0.426158
v -1.250000 -0.365075 0.453232
v -1.250000 -0.370193 0.482209
v -1.250000 -0.371936 0.512908
v -1.250000 -0.371646 0.524698
v -1.250000 -0.370783 0.536565
v -1.250000 -0.369358 0.548501
v -1.250000 -0.367381 0.560500
v -1.250000 -0.364862 0.572555
v -1.250000 -0.361811 0.584658
v -1.250000 -0.358240 0.596802
v -1.250000 -0.354158 0.608982
v -1.250000 -0.349577 0.621189
v -1.250000 -0.344506 0.633417
v -1.250000 -0.338955 0.645659
v -1.250000 -0.332936 0.657908
v -1.250000 -0.226936 0.657908
v -1.250000 -0.235312 0.644948
v -1.250000 -0.242941 0.632065
v -1.250000 -0.249827 0.619251
v -1.250000 -0.255973 0.606500
v -1.250000 -0.261384 0.593805
v -1.250000 -0.266061 0.581158
v -1.250000 -0.270010 0.568552
v -1.250000 -0.273232 0.555982
v -1.250000 -0.275733 0.543439
v -1.250000 -0.277515 0.530917
v -1.250000 -0.278581 0.518409
v -1.250000 -0.278936 0.505908
v -1.250000 -0.278052 0.489669
v -1.250000 -0.275445 0.474496
v -1.250000 -0.271186 0.460454
v -1.250000 -0.265344 0.447611
v -1.250000 -0.257987 0.436032
v -1.250000 -0.249186 0.425783
v -1.250000 -0.239010 0.416929
v -1.250000 -0.227529 0.409537
v -1.250000 -0.214811 0.403673
v -1.250000 -0.200927 0.399403
v -1.250000 -0.185945 0.396793
v -1.250000 -0.169936 0.395908
v -1.250000 -0.153523 0.396928
v -1.250000 -0.137881 0.399986
v -1.250000 -0.123155 0.405080
v -1.250000 -0.109492 0.412204
v -1.250000 -0.097037 0.421356
v -1.250000 -0.085936 0.432533
v -1.250000 -0.076335 0.445730
v -1.250000 -0.068381 0.460945
v -1.250000 -0.062217 0.478173
v -1.250000 -0.057992 0.497412
v -1.250000 -0.055849 0.518658
v -1.250000 -0.055936 0.541908
v -1.250000 0.034064 0.541908
v -1.250000 0.034828 0.520345
v -1.250000 0.037092 0.500658
v -1.250000 0.040814 0.482845
v -1.250000 0.045953 0.466908
v -1.250000 0.052467 0.452845
v -1.250000 0.060314 0.440658
v -1.250000 0.069453 0.430345
v -1.250000 0.079842 0.421908
v -1.250000 0.091439 0.415345
v -1.250000 0.104203 0.410658
v -1.250000 0.118092 0.407845
v -1.250000 0.133064 0.406908
v -1.250000 0.148305 0.407854
v -1.250000 0.162494 0.410648
v -1.250000 0.175579 0.415220
v -1.250000 0.187508 0.421500
v -1.250000 0.198229 0.429419
v -1.250000 0.207689 0.438908
v -1.250000 0.215836 0.449896
v -1.250000 0.222619 0.462315
v -1.250000 0.227986 0.476095
v -1.250000 0.231883 0.491167
v -1.250000 0.234260 0.507461
v -1.250000 0.235064 0.524908
v -1.250000 0.234894 0.534065
v -1.250000 0.234374 0.543084
v -1.250000 0.233486 0.552033
v -1.250000 0.232212 0.560982
v -1.250000 0.230536 0.570000
v -1.250000 0.228439 0.579158
v -1.250000 0.225905 0.588523
v -1.250000 0.222916 0.598167
v -1.250000 0.219454 0.608158
v -1.250000 0.215504 0.618565
v -1.250000 0.211046 0.629459
v -1.250000 0.206064 0.640908
v -1.250000 0.299064 0.640908
v -1.250000 0.303836 0.630691
v -1.247553 0.317951 0.636980
v -1.240451 0.330685 0.642654
v -1.229389 0.340791 0.647156
v -1.215451 0.347279 0.650047
v -1.200000 0.349515 0.651043
v 1.200000 0.349515 0.651043
v 1.215451 0.347279 0.650047
v 1.229389 0.340791 0.647156
v 1.240451 0.330685 0.642654
v 1.247553 0.317951 0.636980
v 1.250000 0.303836 0.630691
v -1.250000 0.308156 0.620510
v -1.247553 0.322494 0.626275
v -1.240451 0.335429 0.631476
v -1.229389 0.345694 0.635603
v -1.215451 0.352284 0.638253
v -1.200000 0.354555 0.639166
v 1.200000 0.354555 0.639166
v 1.215451 0.352284 0.638253
v 1.229389 0.345694 0.635603
v 1.240451 0.335429 0.631476
v 1.247553 0.322494 0.626275
v 1.250000 0.308156 0.620509
v -1.250000 0.312033 0.610314
v -1.247553 0.326584 0.615517
v -1.240451 0.339712 0.620210
v -1.229389 0.350130 0.623935
v -1.215451 0.356818 0.626326
v -1.200000 0.359123 0.627150
v 1.200000 0.359123 0.627150
v 1.215451 0.356818 0.626326
v 1.229389 0.350130 0.623935
v 1.240451 0.339712 0.620210
v 1.247553 0.326584 0.615517
v 1.250000 0.312032 0.610314
v -1.250000 0.315471 0.600056
v -1.247553 0.330222 0.604666
v -1.240451 0.343528 0.608824
v -1.229389 0.354089 0.612124
v -1.215451 0.360869 0.614243
v -1.200000 0.363205 0.614973
v 1.200000 0.363205 0.614973
v 1.215451 0.360869 0.614243
v 1.229389 0.354089 0.612124
v 1.240451 0.343528 0.608824
v 1.247553 0.330222 0.604665
v 1.250000 0.315471 0.600056
v -1.250000 0.318479 0.589687
v -1.247553 0.333408 0.593682
v -1.240451 0.346875 0.597287
v -1.229389 0.357563 0.600148
v -1.215451 0.364425 0.601984
v -1.200000 0.366790 0.602617
v 1.200000 0.366789 0.602617
v 1.215451 0.364425 0.601984
v 1.229389 0.357563 0.600148
v 1.240451 0.346875 0.597287
v 1.247553 0.333408 0.593682
v 1.250000 0.318479 0.589686
v -1.250000 0.321064 0.579158
v -1.247553 0.336146 0.582530
v -1.240451 0.349751 0.585572
v -1.229389 0.360549 0.587986
v -1.215451 0.367481 0.589536
v -1.200000 0.369870 0.590070
v 1.200000 0.369870 0.590070
v 1.215451 0.367481 0.589536
v 1.229389 0.360548 0.587986
v 1.240451 0.349751 0.585571
v 1.247553 0.336146 0.582530
v 1.250000 0.321064 0.579158
v -1.250000 0.323232 0.568420
v -1.247553 0.338439 0.571170
v -1.240451 0.352158 0.573651
v -1.229389 0.363045 0.575620
v -1.215451 0.370035 0.576884
v -1.200000 0.372444 0.577319
v 1.200000 0.372444 0.577319
v 1.215451 0.370035 0.576884
v 1.229389 0.363045 0.575620
v 1.240451 0.352158 0.573651
v 1.247553 0.338439 0.571170
v 1.250000 0.323232 0.568420
v -1.250000 0.324990 0.557426
v -1.247553 0.340295 0.559567
v -1.240451 0.354101 0.561498
v -1.229389 0.365058 0.563031
v -1.215451 0.372093 0.564015
v -1.200000 0.374517 0.564354
v 1.200000 0.374517 0.564354
v 1.215451 0.372093 0.564015
v 1.229389 0.365058 0.563031
v 1.240451 0.354101 0.561498
v 1.247553 0.340294 0.559567
v 1.250000 0.324990 0.557426
v -1.250000 0.326345 0.546126
v -1.247553 0.341720 0.547681
v -1.240451 0.355590 0.549083
v -1.229389 0.366598 0.550196
v -1.215451 0.373665 0.550911
v -1.200000 0.376100 0.551157
v 1.200000 0.376100 0.551157
v 1.215451 0.373665 0.550910
v 1.229389 0.366598 0.550196
v 1.240451 0.355590 0.549083
v 1.247553 0.341720 0.547681
v 1.250000 0.326345 0.546126
v -1.250000 0.327305 0.534472
v -1.247553 0.342725 0.535472
v -1.240451 0.356637 0.536373
v -1.229389 0.367677 0.537089
v -1.215451 0.374765 0.537548
v -1.200000 0.377208 0.537707
v 1.200000 0.377207 0.537707
v 1.215451 0.374765 0.537548
v 1.229389 0.367677 0.537089
v 1.240451 0.356637 0.536373
v 1.247553 0.342725 0.535472
v 1.250000 0.327305 0.534472
v -1.250000 0.327875 0.522416
v -1.247553 0.343321 0.522898
v -1.240451 0.357254 0.523332
v -1.229389 0.368312 0.523677
v -1.215451 0.375411 0.523899
v -1.200000 0.377857 0.523975
v 1.200000 0.377857 0.523975
v 1.215451 0.375411 0.523899
v 1.229389 0.368312 0.523677
v 1.240451 0.357254 0.523332
v 1.247553 0.343320 0.522897
v 1.250000 0.327875 0.522416
v -1.250000 0.328064 0.509908
v -1.247553 0.343520 0.509648
v -1.240451 0.357464 0.509414
v -1.229389 0.368530 0.509229
v -1.215451 0.375634 0.509110
v -1.200000 0.378082 0.509068
v 1.200000 0.378082 0.509068
v 1.215451 0.375634 0.509109
v 1.229389 0.368529 0.509229
v 1.240451 0.357464 0.509414
v 1.247553 0.343520 0.509648
v 1.250000 0.328064 0.509908
v -1.250000 0.326624 0.480324
v -1.247553 0.342018 0.478773
v -1.240451 0.355904 0.477373
v -1.229389 0.366925 0.476263
v -1.215451 0.374001 0.475549
v -1.200000 0.376439 0.475304
v 1.200000 0.376439 0.475304
v 1.215451 0.374001 0.475549
v 1.229389 0.366925 0.476262
v 1.240451 0.355904 0.477373
v 1.247553 0.342018 0.478773
v 1.250000 0.326624 0.480324
v -1.250000 0.322379 0.452658
v -1.247553 0.337519 0.449456
v -1.240451 0.351178 0.446568
v -1.229389 0.362017 0.444277
v -1.215451 0.368976 0.442805
v -1.200000 0.371374 0.442298
v 1.200000 0.371374 0.442298
v 1.215451 0.368976 0.442805
v 1.229389 0.362017 0.444277
v 1.240451 0.351177 0.446568
v 1.247553 0.337519 0.449456
v 1.250000 0.322379 0.452658
v -1.250000 0.315439 0.427033
v -1.247553 0.330108 0.422089
v -1.240451 0.343340 0.417630
v -1.229389 0.353842 0.414090
v -1.215451 0.360584 0.411818
v -1.200000 0.362908 0.411035
v 1.200000 0.362907 0.411035
v 1.215451 0.360584 0.411818
v 1.229389 0.353842 0.414090
v 1.240451 0.343340 0.417629
v 1.247553 0.330107 0.422089
v 1.250000 0.315439 0.427033
v -1.250000 0.305916 0.403574
v -1.247553 0.319854 0.396831
v -1.240451 0.332427 0.390748
v -1.229389 0.342406 0.385920
v -1.215451 0.348812 0.382821
v -1.200000 0.351020 0.381753
v 1.200000 0.351020 0.381752
v 1.215451 0.348812 0.382821
v 1.229389 0.342406 0.385920
v 1.240451 0.332427 0.390748
v 1.247553 0.319854 0.396831
v 1.250000 0.305916 0.403574
v -1.250000 0.293920 0.382408
v -1.247553 0.306837 0.373862
v -1.240451 0.318489 0.366152
v -1.229389 0.327736 0.360034
v -1.215451 0.333673 0.356106
v -1.200000 0.335718 0.354752
v 1.200000 0.335718 0.354752
v 1.215451 0.333673 0.356105
v 1.229389 0.327736 0.360034
v 1.240451 0.318489 0.366152
v 1.247553 0.306837 0.373861
v 1.250000 0.293920 0.382408
v -1.250000 0.279564 0.363658
v -1.247553 0.291154 0.353379
v -1.240451 0.301609 0.344107
v -1.229389 0.309907 0.336748
v -1.215451 0.315234 0.332024
v -1.200000 0.317070 0.330396
v 1.200000 0.317070 0.330396
v 1.215451 0.315234 0.332024
v 1.229389 0.309907 0.336748
v 1.240451 0.301609 0.344107
v 1.247553 0.291154 0.353379
v 1.250000 0.279564 0.363658
v -1.250000 0.262957 0.347449
v -1.247553 0.272932 0.335594
v -1.240451 0.281929 0.324899
v -1.229389 0.289070 0.316411
v -1.215451 0.293655 0.310962
v -1.200000 0.295235 0.309084
v 1.200000 0.295234 0.309084
v 1.215451 0.293655 0.310962
v 1.229389 0.289070 0.316411
v 1.240451 0.281929 0.324899
v 1.247553 0.272931 0.335594
v 1.250000 0.262957 0.347449
v -1.250000 0.244212 0.333908
v -1.247553 0.252331 0.320712
v -1.240451 0.259655 0.308808
v -1.229389 0.265468 0.299361
v -1.215451 0.269199 0.293296
v -1.200000 0.270485 0.291206
v 1.200000 0.270485 0.291206
v 1.215451 0.269199 0.293296
v 1.229389 0.265467 0.299361
v 1.240451 0.259655 0.308808
v 1.247553 0.252331 0.320712
v 1.250000 0.244212 0.333908
v -1.250000 0.223439 0.323158
v -1.247553 0.229543 0.308919
v -1.240451 0.235049 0.296074
v -1.229389 0.239419 0.285881
v -1.215451 0.242224 0.279336
v -1.200000 0.243191 0.277081
v 1.200000 0.243191 0.277081
v 1.215451 0.242224 0.279336
v 1.229389 0.239419 0.285881
v 1.240451 0.235049 0.296074
v 1.247553 0.229542 0.308919
v 1.250000 0.223439 0.323158
v -1.250000 0.200749 0.315324
v -1.247553 0.204773 0.300368
v -1.240451 0.208402 0.286875
v -1.229389 0.211283 0.276167
v -1.215451 0.213133 0.269293
v -1.200000 0.213770 0.266924
v 1.200000 0.213770 0.266924
v 1.215451 0.213132 0.269293
v 1.229389 0.211283 0.276167
v 1.240451 0.208402 0.286875
v 1.247553 0.204773 0.300368
v 1.250000 0.200749 0.315324
v -1.250000 0.176254 0.310533
v -1.247553 0.178224 0.295174
v -1.240451 0.180001 0.281319
v -1.229389 0.181411 0.270324
v -1.215451 0.182317 0.263265
v -1.200000 0.182629 0.260832
v 1.200000 0.182629 0.260832
v 1.215451 0.182317 0.263264
v 1.229389 0.181411 0.270324
v 1.240451 0.180001 0.281319
v 1.247553 0.178224 0.295174
v 1.250000 0.176254 0.310533
v -1.250000 0.150064 0.308908
v -1.247553 0.150320 0.293443
v -1.240451 0.150552 0.279492
v -1.229389 0.150736 0.268421
v -1.215451 0.150853 0.261312
v -1.200000 0.150894 0.258863
v 1.200000 0.150894 0.258863
v 1.215451 0.150853 0.261312
v 1.229389 0.150735 0.268421
v 1.240451 0.150552 0.279492
v 1.247553 0.150320 0.293443
v 1.250000 0.150064 0.308908
v -1.250000 0.131737 0.309435
v -1.247553 0.130787 0.294006
v -1.240451 0.129929 0.280086
v -1.229389 0.129248 0.269039
v -1.215451 0.128811 0.261947
v -1.200000 0.128661 0.259503
v 1.200000 0.128660 0.259503
v 1.215451 0.128811 0.261947
v 1.229389 0.129248 0.269039
v 1.240451 0.129929 0.280086
v 1.247553 0.130787 0.294005
v 1.250000 0.131737 0.309435
v -1.250000 0.114703 0.311047
v -1.247553 0.112656 0.295720
v -1.240451 0.110810 0.281894
v -1.229389 0.109345 0.270922
v -1.215451 0.108404 0.263877
v -1.200000 0.108080 0.261450
v 1.200000 0.108080 0.261450
v 1.215451 0.108404 0.263877
v 1.229389 0.109345 0.270922
v 1.240451 0.110810 0.281894
v 1.247553 0.112656 0.295720
v 1.250000 0.114703 0.311046
v -1.250000 0.098876 0.313783
v -1.247553 0.095572 0.298674
v -1.240451 0.092590 0.285044
v -1.229389 0.090224 0.274227
v -1.215451 0.088705 0.267283
v -1.200000 0.088182 0.264890
v 1.200000 0.088182 0.264890
v 1.215451 0.088705 0.267283
v 1.229389 0.090224 0.274227
v 1.240451 0.092590 0.285044
v 1.247553 0.095572 0.298674
v 1.250000 0.098876 0.313783
v -1.250000 0.084175 0.317685
v -1.247553 0.079474 0.302947
v -1.240451 0.075233 0.289652
v -1.229389 0.071868 0.279101
v -1.215451 0.069707 0.272326
v -1.200000 0.068962 0.269992
v 1.200000 0.068962 0.269992
v 1.215451 0.069707 0.272326
v 1.229389 0.071868 0.279101
v 1.240451 0.075233 0.289652
v 1.247553 0.079474 0.302947
v 1.250000 0.084175 0.317685
v -1.250000 0.070515 0.322797
v -1.247553 0.064331 0.308613
v -1.240451 0.058752 0.295819
v -1.229389 0.054325 0.285665
v -1.215451 0.051482 0.279146
v -1.200000 0.050503 0.276899
v 1.200000 0.050503 0.276899
v 1.215451 0.051482 0.279145
v 1.229389 0.054325 0.285665
v 1.240451 0.058752 0.295819
v 1.247553 0.064331 0.308613
v 1.250000 0.070515 0.322796
v -1.250000 0.057814 0.329158
v -1.247553 0.050134 0.315724
v -1.240451 0.043206 0.303604
v -1.229389 0.037708 0.293987
v -1.215451 0.034178 0.287812
v -1.200000 0.032962 0.285684
v 1.200000 0.032962 0.285684
v 1.215451 0.034178 0.287812
v 1.229389 0.037708 0.293987
v 1.240451 0.043206 0.303604
v 1.247553 0.050134 0.315723
v 1.250000 0.057814 0.329158
v -1.250000 0.045987 0.336810
v -1.247553 0.036885 0.324297
v -1.240451 0.028674 0.313008
v -1.229389 0.022157 0.304050
v -1.215451 0.017973 0.298298
v -1.200000 0.016532 0.296316
v 1.200000 0.016532 0.296316
v 1.215451 0.017973 0.298298
v 1.229389 0.022157 0.304049
v 1.240451 0.028674 0.313008
v 1.247553 0.036885 0.324297
v 1.250000 0.045987 0.336810
v -1.250000 0.034953 0.345797
v -1.247553 0.024575 0.334322
v -1.240451 0.015213 0.323970
v -1.229389 0.007783 0.315755
v -1.215451 0.003013 0.310481
v -1.200000 0.001369 0.308664
v 1.200000 0.001369 0.308664
v 1.215451 0.003013 0.310481
v 1.229389 0.007783 0.315755
v 1.240451 0.015213 0.323970
v 1.247553 0.024575 0.334322
v 1.250000 0.034953 0.345796
v -1.250000 0.024626 0.356158
v -1.247553 0.013166 0.345769
v -1.240451 0.002827 0.336398
v -1.229389 -0.005378 0.328960
v -1.215451 -0.010645 0.324185
v -1.200000 -0.012461 0.322540
v 1.200000 -0.012461 0.322540
v 1.215451 -0.010646 0.324185
v 1.229389 -0.005378 0.328960
v 1.240451 0.002827 0.336397
v 1.247553 0.013166 0.345769
v 1.250000 0.024626 0.356158
v -1.250000 0.014925 0.367935
v -1.247553 0.002588 0.358611
v -1.240451 -0.008542 0.350200
v -1.229389 -0.017374 0.343524
v -1.215451 -0.023045 0.339238
v -1.200000 -0.024999 0.337762
v 1.200000 -0.024999 0.337762
v 1.215451 -0.023045 0.339238
v 1.229389 -0.017374 0.343524
v 1.240451 -0.008542 0.350200
v 1.247553 0.002588 0.358611
v 1.250000 0.014925 0.367935
v -1.250000 0.005765 0.381172
v -1.247553 -0.007257 0.372837
v -1.240451 -0.019004 0.365317
v -1.229389 -0.028326 0.359350
v -1.215451 -0.034312 0.355519
v -1.200000 -0.036374 0.354199
v 1.200000 -0.036374 0.354199
v 1.215451 -0.034312 0.355519
v 1.229389 -0.028326 0.359350
v 1.240451 -0.019004 0.365317
v 1.247553 -0.007257 0.372836
v 1.250000 0.005765 0.381171
v -1.250000 -0.002936 0.395908
v -1.247553 -0.000018 0.360579
v -1.240451 0.002614 0.328708
v -1.229389 0.004702 0.303415
v -1.215451 0.006044 0.287176
v -1.200000 0.006506 0.281581
v 1.200000 0.006505 0.281581
v 1.215451 0.006043 0.287176
v 1.229389 0.004702 0.303415
v 1.240451 0.002613 0.328708
v 1.247553 -0.000019 0.360579
v 1.250000 -0.002936 0.395908
v -1.250000 -0.009198 0.379695
v -1.247553 0.004825 0.373118
v -1.240451 0.017475 0.367186
v -1.229389 0.027515 0.362478
v -1.215451 0.033961 0.359455
v -1.200000 0.036182 0.358413
v 1.200000 0.036182 0.358413
v 1.215451 0.033961 0.359455
v 1.229389 0.027515 0.362478
v 1.240451 0.017475 0.367186
v 1.247553 0.004825 0.373118
v 1.250000 -0.009198 0.379695
v -1.250000 -0.017367 0.365037
v -1.247553 -0.004388 0.356586
v -1.240451 0.007320 0.348963
v -1.229389 0.016611 0.342912
v -1.215451 0.022577 0.339028
v -1.200000 0.024633 0.337689
v 1.200000 0.024632 0.337689
v 1.215451 0.022577 0.339028
v 1.229389 0.016611 0.342912
v 1.240451 0.007320 0.348962
v 1.247553 -0.004388 0.356586
v 1.250000 -0.017367 0.365037
v -1.250000 -0.027264 0.351908
v -1.247553 -0.015539 0.341794
v -1.240451 -0.004962 0.332670
v -1.229389 0.003432 0.325429
v -1.215451 0.008821 0.320780
v -1.200000 0.010678 0.319178
v 1.200000 0.010678 0.319178
v 1.215451 0.008821 0.320780
v 1.229389 0.003432 0.325429
v 1.240451 -0.004962 0.332669
v 1.247553 -0.015540 0.341793
v 1.250000 -0.027264 0.351908
v -1.250000 -0.038714 0.340278
v -1.247553 -0.028373 0.328758
v -1.240451 -0.019044 0.318366
v -1.229389 -0.011641 0.310119
v -1.215451 -0.006888 0.304824
v -1.200000 -0.005250 0.302999
v 1.200000 -0.005250 0.302999
v 1.215451 -0.006888 0.304824
v 1.229389 -0.011641 0.310119
v 1.240451 -0.019044 0.318366
v 1.247553 -0.028373 0.328758
v 1.250000 -0.038714 0.340278
v -1.250000 -0.051539 0.330121
v -1.247553 -0.042636 0.317462
v -1.240451 -0.034605 0.306042
v -1.229389 -0.028231 0.296979
v -1.215451 -0.024139 0.291160
v -1.200000 -0.022729 0.289156
v 1.200000 -0.022729 0.289155
v 1.215451 -0.024139 0.291160
v 1.229389 -0.028231 0.296979
v 1.240451 -0.034605 0.306042
v 1.247553 -0.042636 0.317462
v 1.250000 -0.051539 0.330121
v -1.250000 -0.065561 0.321408
v -1.247553 -0.058092 0.307858
v -1.240451 -0.051354 0.295635
v -1.229389 -0.046007 0.285934
v -1.215451 -0.042574 0.279706
v -1.200000 -0.041391 0.277560
v 1.200000 -0.041391 0.277560
v 1.215451 -0.042574 0.279706
v 1.229389 -0.046007 0.285934
v 1.240451 -0.051355 0.295634
v 1.247553 -0.058092 0.307858
v 1.250000 -0.065561 0.321408
v -1.250000 -0.080605 0.314111
v -1.247553 -0.074527 0.299887
v -1.240451 -0.069044 0.287055
v -1.229389 -0.064693 0.276871
v -1.215451 -0.061899 0.270333
v -1.200000 -0.060937 0.268080
v 1.200000 -0.060937 0.268080
v 1.215451 -0.061899 0.270333
v 1.229389 -0.064693 0.276871
v 1.240451 -0.069044 0.287055
v 1.247553 -0.074527 0.299887
v 1.250000 -0.080605 0.314111
v -1.250000 -0.096492 0.308204
v -1.247553 -0.091744 0.293485
v -1.240451 -0.087461 0.280207
v -1.229389 -0.084062 0.269669
v -1.215451 -0.081880 0.262903
v -1.200000 -0.081128 0.260572
v 1.200000 -0.081128 0.260572
v 1.215451 -0.081880 0.262903
v 1.229389 -0.084062 0.269669
v 1.240451 -0.087461 0.280206
v 1.247553 -0.091744 0.293485
v 1.250000 -0.096492 0.308204
v -1.250000 -0.113046 0.303658
v -1.247553 -0.109563 0.288591
v -1.240451 -0.106421 0.275000
v -1.229389 -0.103927 0.264213
v -1.215451 -0.102326 0.257288
v -1.200000 -0.101775 0.254902
v 1.200000 -0.101775 0.254902
v 1.215451 -0.102326 0.257288
v 1.229389 -0.103927 0.264213
v 1.240451 -0.106421 0.274999
v 1.247553 -0.109563 0.288591
v 1.250000 -0.113046 0.303658
v -1.250000 -0.130089 0.300445
v -1.247553 -0.127810 0.285151
v -1.240451 -0.125755 0.271355
v -1.229389 -0.124124 0.260406
v -1.215451 -0.123077 0.253376
v -1.200000 -0.122716 0.250954
v 1.200000 -0.122716 0.250954
v 1.215451 -0.123077 0.253376
v 1.229389 -0.124124 0.260406
v 1.240451 -0.125755 0.271355
v 1.247553 -0.127811 0.285151
v 1.250000 -0.130089 0.300445
v -1.250000 -0.147445 0.298537
v -1.247553 -0.146321 0.283117
v -1.240451 -0.145308 0.269206
v -1.229389 -0.144504 0.258166
v -1.215451 -0.143987 0.251078
v -1.200000 -0.143810 0.248636
v 1.200000 -0.143810 0.248636
v 1.215451 -0.143988 0.251078
v 1.229389 -0.144504 0.258166
v 1.240451 -0.145308 0.269206
v 1.247553 -0.146322 0.283117
v 1.250000 -0.147445 0.298537
v -1.250000 -0.164936 0.297908
v -1.247553 -0.165132 0.282440
v -1.240451 -0.165309 0.268486
v -1.229389 -0.165450 0.257412
v -1.215451 -0.165540 0.250302
v -1.200000 -0.165571 0.247852
v 1.200000 -0.165571 0.247852
v 1.215451 -0.165540 0.250302
v 1.229389 -0.165450 0.257412
v 1.240451 -0.165309 0.268486
v 1.247553 -0.165132 0.282440
v 1.250000 -0.164936 0.297908
v -1.250000 -0.194638 0.299732
v -1.247553 -0.196570 0.284370
v -1.240451 -0.198313 0.270513
v -1.229389 -0.199696 0.259515
v -1.215451 -0.200584 0.252455
v -1.200000 -0.200890 0.250022
v 1.200000 -0.200890 0.250021
v 1.215451 -0.200584 0.252454
v 1.229389 -0.199696 0.259515
v 1.240451 -0.198313 0.270513
v 1.247553 -0.196570 0.284370
v 1.250000 -0.194638 0.299732
v -1.250000 -0.222631 0.305084
v -1.247553 -0.226540 0.290100
v -1.240451 -0.230066 0.276584
v -1.229389 -0.232865 0.265857
v -1.215451 -0.234662 0.258970
v -1.200000 -0.235281 0.256597
v 1.200000 -0.235281 0.256596
v 1.215451 -0.234662 0.258970
v 1.229389 -0.232865 0.265857
v 1.240451 -0.230066 0.276584
v 1.247553 -0.226540 0.290100
v 1.250000 -0.222631 0.305084
v -1.250000 -0.248749 0.313783
v -1.247553 -0.254632 0.299457
v -1.240451 -0.259940 0.286534
v -1.229389 -0.264152 0.276278
v -1.215451 -0.266857 0.269693
v -1.200000 -0.267789 0.267424
v 1.200000 -0.267789 0.267424
v 1.215451 -0.266857 0.269693
v 1.229389 -0.264153 0.276278
v 1.240451 -0.259940 0.286534
v 1.247553 -0.254632 0.299457
v 1.250000 -0.248749 0.313783
v -1.250000 -0.272825 0.325648
v -1.247553 -0.280618 0.312264
v -1.240451 -0.287648 0.300189
v -1.229389 -0.293227 0.290607
v -1.215451 -0.296809 0.284455
v -1.200000 -0.298044 0.282335
v 1.200000 -0.298044 0.282335
v 1.215451 -0.296809 0.284454
v 1.229389 -0.293227 0.290607
v 1.240451 -0.287648 0.300189
v 1.247553 -0.280618 0.312264
v 1.250000 -0.272825 0.325648
v -1.250000 -0.294693 0.340500
v -1.247553 -0.304266 0.328325
v -1.240451 -0.312903 0.317341
v -1.229389 -0.319756 0.308624
v -1.215451 -0.324157 0.303028
v -1.200000 -0.325673 0.301099
v 1.200000 -0.325673 0.301099
v 1.215451 -0.324157 0.303028
v 1.229389 -0.319756 0.308624
v 1.240451 -0.312903 0.317341
v 1.247553 -0.304267 0.328325
v 1.250000 -0.294693 0.340500
v -1.250000 -0.314186 0.358158
v -1.247553 -0.325354 0.347426
v -1.240451 -0.335428 0.337746
v -1.229389 -0.343424 0.330063
v -1.215451 -0.348557 0.325130
v -1.200000 -0.350326 0.323430
v 1.200000 -0.350326 0.323430
v 1.215451 -0.348557 0.325130
v 1.229389 -0.343424 0.330063
v 1.240451 -0.335429 0.337745
v 1.247553 -0.325354 0.347426
v 1.250000 -0.314186 0.358158
v -1.250000 -0.331138 0.378440
v -1.247553 -0.343670 0.369341
v -1.240451 -0.354975 0.361133
v -1.229389 -0.363947 0.354619
v -1.215451 -0.369707 0.350436
v -1.200000 -0.371692 0.348995
v 1.200000 -0.371692 0.348995
v 1.215451 -0.369707 0.350436
v 1.229389 -0.363947 0.354619
v 1.240451 -0.354975 0.361133
v 1.247553 -0.343670 0.369341
v 1.250000 -0.331138 0.378440
v -1.250000 -0.345381 0.401167
v -1.247553 -0.359019 0.393833
v -1.240451 -0.371322 0.387218
v -1.229389 -0.381086 0.381967
v -1.215451 -0.387355 0.378596
v -1.200000 -0.389515 0.377435
v 1.200000 -0.389515 0.377435
v 1.215451 -0.387355 0.378596
v 1.229389 -0.381086 0.381967
v 1.240451 -0.371322 0.387217
v 1.247553 -0.359019 0.393833
v 1.250000 -0.345381 0.401167
v -1.250000 -0.356749 0.426158
v -1.247553 -0.371225 0.420665
v -1.240451 -0.384283 0.415711
v -1.229389 -0.394647 0.411778
v -1.215451 -0.401301 0.409254
v -1.200000 -0.403594 0.408384
v 1.200000 -0.403594 0.408384
v 1.215451 -0.401301 0.409254
v 1.229389 -0.394647 0.411778
v 1.240451 -0.384284 0.415710
v 1.247553 -0.371225 0.420665
v 1.250000 -0.356749 0.426158
v -1.250000 -0.365075 0.453232
v -1.247553 -0.380124 0.449603
v -1.240451 -0.393700 0.446330
v -1.229389 -0.404474 0.443732
v -1.215451 -0.411392 0.442065
v -1.200000 -0.413775 0.441490
v 1.200000 -0.413775 0.441490
v 1.215451 -0.411392 0.442064
v 1.229389 -0.404474 0.443732
v 1.240451 -0.393700 0.446330
v 1.247553 -0.380124 0.449603
v 1.250000 -0.365075 0.453232
v -1.250000 -0.370193 0.482209
v -1.247553 -0.385567 0.480421
v -1.240451 -0.399437 0.478808
v -1.229389 -0.410443 0.477528
v -1.215451 -0.417510 0.476706
v -1.200000 -0.419945 0.476423
v 1.200000 -0.419945 0.476423
v 1.215451 -0.417510 0.476706
v 1.229389 -0.410443 0.477528
v 1.240451 -0.399437 0.478808
v 1.247553 -0.385567 0.480421
v 1.250000 -0.370193 0.482208
v -1.250000 -0.371936 0.512908
v -1.247553 -0.387398 0.512659
v -1.240451 -0.401346 0.512435
v -1.229389 -0.412415 0.512257
v -1.215451 -0.419522 0.512143
v -1.200000 -0.421971 0.512104
v 1.200000 -0.421971 0.512104
v 1.215451 -0.419522 0.512143
v 1.229389 -0.412415 0.512257
v 1.240451 -0.401346 0.512435
v 1.247553 -0.387398 0.512659
v 1.250000 -0.371936 0.512908
v -1.250000 -0.371646 0.524698
v -1.247553 -0.387083 0.525449
v -1.240451 -0.401009 0.526126
v -1.229389 -0.412061 0.526663
v -1.215451 -0.419157 0.527008
v -1.200000 -0.421602 0.527127
v 1.200000 -0.421602 0.527127
v 1.215451 -0.419157 0.527008
v 1.229389 -0.412061 0.526663
v 1.240451 -0.401009 0.526126
v 1.247553 -0.387083 0.525449
v 1.250000 -0.371646 0.524698
v -1.250000 -0.370783 0.536565
v -1.247553 -0.386168 0.538042
v -1.240451 -0.400046 0.539375
v -1.229389 -0.411060 0.540432
v -1.215451 -0.418131 0.541111
v -1.200000 -0.420568 0.541345
v 1.200000 -0.420568 0.541345
v 1.215451 -0.418131 0.541111
v 1.229389 -0.411060 0.540432
v 1.240451 -0.400046 0.539374
v 1.247553 -0.386168 0.538042
v 1.250000 -0.370784 0.536565
v -1.250000 -0.369358 0.548501
v -1.247553 -0.384659 0.550675
v -1.240451 -0.398462 0.552635
v -1.229389 -0.409417 0.554191
v -1.215451 -0.416450 0.555190
v -1.200000 -0.418873 0.555534
v 1.200000 -0.418874 0.555534
v 1.215451 -0.416450 0.555190
v 1.229389 -0.409417 0.554191
v 1.240451 -0.398463 0.552635
v 1.247553 -0.384659 0.550675
v 1.250000 -0.369358 0.548501
v -1.250000 -0.367381 0.560500
v -1.247553 -0.382572 0.563338
v -1.240451 -0.396277 0.565898
v -1.229389 -0.407153 0.567930
v -1.215451 -0.414136 0.569234
v -1.200000 -0.416542 0.569684
v 1.200000 -0.416542 0.569683
v 1.215451 -0.414136 0.569234
v 1.229389 -0.407153 0.567930
v 1.240451 -0.396277 0.565898
v 1.247553 -0.382572 0.563338
v 1.250000 -0.367381 0.560500
v -1.250000 -0.364862 0.572555
v -1.247553 -0.379921 0.576024
v -1.240451 -0.393506 0.579155
v -1.229389 -0.404288 0.581639
v -1.215451 -0.411210 0.583233
v -1.200000 -0.413595 0.583783
v 1.200000 -0.413595 0.583783
v 1.215451 -0.411210 0.583233
v 1.229389 -0.404288 0.581639
v 1.240451 -0.393507 0.579154
v 1.247553 -0.379921 0.576024
v 1.250000 -0.364862 0.572555
v -1.250000 -0.361811 0.584658
v -1.247553 -0.376720 0.588727
v -1.240451 -0.390169 0.592397
v -1.229389 -0.400842 0.595310
v -1.215451 -0.407695 0.597181
v -1.200000 -0.410056 0.597825
v 1.200000 -0.410056 0.597825
v 1.215451 -0.407695 0.597181
v 1.229389 -0.400842 0.595310
v 1.240451 -0.390169 0.592397
v 1.247553 -0.376720 0.588727
v 1.250000 -0.361811 0.584658
v -1.250000 -0.358240 0.596802
v -1.247553 -0.372982 0.601438
v -1.240451 -0.386281 0.605620
v -1.229389 -0.396835 0.608939
v -1.215451 -0.403611 0.611070
v -1.200000 -0.405946 0.611804
v 1.200000 -0.405946 0.611804
v 1.215451 -0.403611 0.611070
v 1.229389 -0.396835 0.608939
v 1.240451 -0.386281 0.605620
v 1.247553 -0.372982 0.601438
v 1.250000 -0.358240 0.596802
v -1.250000 -0.354158 0.608982
v -1.247553 -0.368721 0.614153
v -1.240451 -0.381858 0.618818
v -1.229389 -0.392283 0.622520
v -1.215451 -0.398977 0.624897
v -1.200000 -0.401284 0.625716
v 1.200000 -0.401284 0.625715
v 1.215451 -0.398977 0.624896
v 1.229389 -0.392283 0.622520
v 1.240451 -0.381858 0.618818
v 1.247553 -0.368721 0.614153
v 1.250000 -0.354158 0.608982
v -1.250000 -0.349577 0.621189
v -1.247553 -0.363950 0.626865
v -1.240451 -0.376916 0.631985
v -1.229389 -0.387206 0.636048
v -1.215451 -0.393812 0.638657
v -1.200000 -0.396089 0.639556
v 1.200000 -0.396089 0.639556
v 1.215451 -0.393813 0.638657
v 1.229389 -0.387206 0.636048
v 1.240451 -0.376916 0.631985
v 1.247553 -0.363950 0.626865
v 1.250000 -0.349577 0.621189
v -1.250000 -0.344506 0.633417
v -1.247553 -0.358681 0.639568
v -1.240451 -0.371470 0.645117
v -1.229389 -0.381619 0.649521
v -1.215451 -0.388134 0.652348
v -1.200000 -0.390380 0.653322
v 1.200000 -0.390380 0.653322
v 1.215451 -0.388135 0.652348
v 1.229389 -0.381619 0.649521
v 1.240451 -0.371470 0.645117
v 1.247553 -0.358682 0.639568
v 1.250000 -0.344506 0.633417
v -1.250000 -0.338955 0.645659
v -1.247553 -0.352928 0.652258
v -1.240451 -0.365533 0.658210
v -1.229389 -0.375537 0.662935
v -1.215451 -0.381959 0.665968
v -1.200000 -0.384173 0.667013
v 1.200000 -0.384173 0.667013
v 1.215451 -0.381960 0.665968
v 1.229389 -0.375537 0.662935
v 1.240451 -0.365533 0.658210
v 1.247553 -0.352928 0.652258
v 1.250000 -0.338955 0.645659
v -1.250000 -0.332936 0.657908
v -1.247553 -0.342559 0.673359
v -1.240451 -0.351240 0.687297
v -1.229389 -0.358130 0.698359
v -1.215451 -0.362553 0.705460
v -1.200000 -0.364077 0.707908
v 1.200000 -0.364077 0.707908
v 1.215451 -0.362553 0.705460
v 1.229389 -0.358130 0.698358
v 1.240451 -0.351240 0.687297
v 1.247553 -0.342559 0.673358
v 1.250000 -0.332936 0.657908
v -1.250000 -0.226936 0.657908
v -1.247553 -0.198554 0.673359
v -1.240451 -0.172949 0.687297
v -1.229389 -0.152630 0.698359
v -1.215451 -0.139584 0.705460
v -1.200000 -0.135088 0.707908
v 1.200000 -0.135088 0.707908
v 1.215451 -0.139584 0.705460
v 1.229389 -0.152630 0.698358
v 1.240451 -0.172949 0.687297
v 1.247553 -0.198554 0.673358
v 1.250000 -0.226936 0.657908
v -1.250000 -0.235312 0.644948
v -1.247553 -0.222171 0.636815
v -1.240451 -0.210317 0.629479
v -1.229389 -0.200909 0.623656
v -1.215451 -0.194869 0.619918
v -1.200000 -0.192788 0.618630
v 1.200000 -0.192788 0.618630
v 1.215451 -0.194869 0.619918
v 1.229389 -0.200909 0.623656
v 1.240451 -0.210317 0.629479
v 1.247553 -0.222171 0.636815
v 1.250000 -0.235312 0.644948
v -1.250000 -0.242941 0.632065
v -1.247553 -0.229483 0.624468
v -1.240451 -0.217342 0.617615
v -1.229389 -0.207707 0.612177
v -1.215451 -0.201521 0.608685
v -1.200000 -0.199389 0.607482
v 1.200000 -0.199389 0.607482
v 1.215451 -0.201521 0.608685
v 1.229389 -0.207707 0.612177
v 1.240451 -0.217342 0.617615
v 1.247553 -0.229483 0.624468
v 1.250000 -0.242941 0.632065
v -1.250000 -0.249827 0.619251
v -1.247553 -0.236056 0.612237
v -1.240451 -0.223633 0.605908
v -1.229389 -0.213774 0.600886
v -1.215451 -0.207445 0.597662
v -1.200000 -0.205263 0.596551
v 1.200000 -0.205264 0.596551
v 1.215451 -0.207445 0.597662
v 1.229389 -0.213774 0.600886
v 1.240451 -0.223633 0.605908
v 1.247553 -0.236056 0.612236
v 1.250000 -0.249827 0.619251
v -1.250000 -0.255973 0.606500
v -1.247553 -0.241900 0.600114
v -1.240451 -0.229203 0.594352
v -1.229389 -0.219128 0.589780
v -1.215451 -0.212659 0.586844
v -1.200000 -0.210430 0.585833
v 1.200000 -0.210430 0.585833
v 1.215451 -0.212659 0.586844
v 1.229389 -0.219128 0.589780
v 1.240451 -0.229204 0.594352
v 1.247553 -0.241900 0.600114
v 1.250000 -0.255973 0.606500
v -1.250000 -0.261384 0.593805
v -1.247553 -0.247022 0.588093
v -1.240451 -0.234067 0.582940
v -1.229389 -0.223785 0.578851
v -1.215451 -0.217184 0.576225
v -1.200000 -0.214910 0.575320
v 1.200000 -0.214910 0.575320
v 1.215451 -0.217184 0.576225
v 1.229389 -0.223786 0.578850
v 1.240451 -0.234067 0.582940
v 1.247553 -0.247022 0.588093
v 1.250000 -0.261384 0.593805
v -1.250000 -0.266061 0.581158
v -1.247553 -0.251434 0.576165
v -1.240451 -0.238238 0.571662
v -1.229389 -0.227766 0.568087
v -1.215451 -0.221043 0.565793
v -1.200000 -0.218726 0.565002
v 1.200000 -0.218726 0.565002
v 1.215451 -0.221043 0.565793
v 1.229389 -0.227766 0.568087
v 1.240451 -0.238238 0.571661
v 1.247553 -0.251434 0.576165
v 1.250000 -0.266061 0.581158
v -1.250000 -0.270010 0.568552
v -1.247553 -0.255144 0.564322
v -1.240451 -0.241733 0.560505
v -1.229389 -0.231090 0.557476
v -1.215451 -0.224257 0.555531
v -1.200000 -0.221903 0.554861
v 1.200000 -0.221903 0.554861
v 1.215451 -0.224257 0.555531
v 1.229389 -0.231090 0.557476
v 1.240451 -0.241733 0.560505
v 1.247553 -0.255144 0.564322
v 1.250000 -0.270010 0.568552
v -1.250000 -0.273232 0.555982
v -1.247553 -0.258162 0.552550
v -1.240451 -0.244566 0.549455
v -1.229389 -0.233777 0.546998
v -1.215451 -0.226849 0.545421
v -1.200000 -0.224462 0.544877
v 1.200000 -0.224462 0.544877
v 1.215451 -0.226849 0.545421
v 1.229389 -0.233777 0.546998
v 1.240451 -0.244566 0.549455
v 1.247553 -0.258162 0.552550
v 1.250000 -0.273233 0.555982
v -1.250000 -0.275733 0.543439
v -1.247553 -0.260497 0.540838
v -1.240451 -0.246752 0.538492
v -1.229389 -0.235844 0.536630
v -1.215451 -0.228840 0.535435
v -1.200000 -0.226427 0.535023
v 1.200000 -0.226427 0.535022
v 1.215451 -0.228840 0.535434
v 1.229389 -0.235844 0.536630
v 1.240451 -0.246752 0.538492
v 1.247553 -0.260497 0.540838
v 1.250000 -0.275733 0.543439
v -1.250000 -0.277515 0.530917
v -1.247553 -0.262157 0.529171
v -1.240451 -0.248302 0.527596
v -1.229389 -0.237307 0.526346
v -1.215451 -0.230248 0.525543
v -1.200000 -0.227815 0.525267
v 1.200000 -0.227815 0.525266
v 1.215451 -0.230248 0.525543
v 1.229389 -0.237307 0.526346
v 1.240451 -0.248302 0.527596
v 1.247553 -0.262157 0.529171
v 1.250000 -0.277515 0.530917
v -1.250000 -0.278581 0.518409
v -1.247553 -0.263149 0.517533
v -1.240451 -0.249228 0.516742
v -1.229389 -0.238179 0.516115
v -1.215451 -0.231086 0.515712
v -1.200000 -0.228642 0.515573
v 1.200000 -0.228642 0.515573
v 1.215451 -0.231086 0.515712
v 1.229389 -0.238180 0.516115
v 1.240451 -0.249228 0.516742
v 1.247553 -0.263149 0.517533
v 1.250000 -0.278582 0.518409
v -1.250000 -0.278936 0.505908
v -1.247553 -0.263473 0.506109
v -1.240451 -0.249524 0.506290
v -1.229389 -0.238454 0.506435
v -1.215451 -0.231347 0.506527
v -1.200000 -0.228898 0.506559
v 1.200000 -0.228898 0.506559
v 1.215451 -0.231347 0.506527
v 1.229389 -0.238454 0.506434
v 1.240451 -0.249524 0.506290
v 1.247553 -0.263474 0.506109
v 1.250000 -0.278936 0.505908
v -1.250000 -0.278052 0.489669
v -1.247553 -0.262673 0.491402
v -1.240451 -0.248799 0.492966
v -1.229389 -0.237788 0.494208
v -1.215451 -0.230719 0.495005
v -1.200000 -0.228283 0.495279
v 1.200000 -0.228283 0.495279
v 1.215451 -0.230719 0.495005
v 1.229389 -0.237788 0.494208
v 1.240451 -0.248799 0.492966
v 1.247553 -0.262673 0.491402
v 1.250000 -0.278052 0.489668
v -1.250000 -0.275445 0.474496
v -1.247553 -0.260381 0.478060
v -1.240451 -0.246790 0.481275
v -1.229389 -0.236005 0.483827
v -1.215451 -0.229080 0.485465
v -1.200000 -0.226694 0.486030
v 1.200000 -0.226695 0.486030
v 1.215451 -0.229081 0.485465
v 1.229389 -0.236005 0.483827
v 1.240451 -0.246790 0.481275
v 1.247553 -0.260381 0.478060
v 1.250000 -0.275446 0.474495
v -1.250000 -0.271186 0.460454
v -1.247553 -0.256698 0.465920
v -1.240451 -0.243628 0.470850
v -1.229389 -0.233256 0.474763
v -1.215451 -0.226596 0.477275
v -1.200000 -0.224301 0.478141
v 1.200000 -0.224302 0.478141
v 1.215451 -0.226596 0.477275
v 1.229389 -0.233256 0.474763
v 1.240451 -0.243628 0.470850
v 1.247553 -0.256698 0.465920
v 1.250000 -0.271186 0.460454
v -1.250000 -0.265344 0.447611
v -1.247553 -0.251725 0.454989
v -1.240451 -0.239440 0.461644
v -1.229389 -0.229690 0.466925
v -1.215451 -0.223430 0.470316
v -1.200000 -0.221273 0.471485
v 1.200000 -0.221273 0.471485
v 1.215451 -0.223430 0.470316
v 1.229389 -0.229690 0.466925
v 1.240451 -0.239440 0.461644
v 1.247553 -0.251725 0.454989
v 1.250000 -0.265344 0.447611
v -1.250000 -0.257987 0.436032
v -1.247553 -0.245541 0.445255
v -1.240451 -0.234314 0.453575
v -1.229389 -0.225403 0.460178
v -1.215451 -0.219683 0.464417
v -1.200000 -0.217711 0.465878
v 1.200000 -0.217712 0.465878
v 1.215451 -0.219683 0.464417
v 1.229389 -0.225404 0.460178
v 1.240451 -0.234314 0.453575
v 1.247553 -0.245541 0.445255
v 1.250000 -0.257987 0.436032
v -1.250000 -0.249186 0.425783
v -1.247553 -0.238196 0.436701
v -1.240451 -0.228282 0.446551
v -1.229389 -0.220414 0.454368
v -1.215451 -0.215363 0.459387
v -1.200000 -0.213622 0.461116
v 1.200000 -0.213622 0.461116
v 1.215451 -0.215363 0.459386
v 1.229389 -0.220414 0.454368
v 1.240451 -0.228282 0.446551
v 1.247553 -0.238196 0.436701
v 1.250000 -0.249186 0.425783
v -1.250000 -0.239010 0.416929
v -1.247553 -0.229709 0.429317
v -1.240451 -0.221319 0.440493
v -1.229389 -0.214660 0.449361
v -1.215451 -0.210385 0.455056
v -1.200000 -0.208912 0.457018
v 1.200000 -0.208912 0.457017
v 1.215451 -0.210385 0.455055
v 1.229389 -0.214660 0.449361
v 1.240451 -0.221319 0.440492
v 1.247553 -0.229709 0.429317
v 1.250000 -0.239010 0.416929
v -1.250000 -0.227529 0.409537
v -1.247553 -0.220076 0.423115
v -1.240451 -0.213352 0.435363
v -1.229389 -0.208016 0.445084
v -1.215451 -0.204590 0.451325
v -1.200000 -0.203410 0.453475
v 1.200000 -0.203410 0.453475
v 1.215451 -0.204590 0.451325
v 1.229389 -0.208016 0.445084
v 1.240451 -0.213352 0.435363
v 1.247553 -0.220076 0.423115
v 1.250000 -0.227529 0.409537
v -1.250000 -0.214811 0.403673
v -1.247553 -0.209281 0.418137
v -1.240451 -0.204291 0.431186
v -1.229389 -0.200332 0.441541
v -1.215451 -0.197790 0.448189
v -1.200000 -0.196914 0.450480
v 1.200000 -0.196914 0.450480
v 1.215451 -0.197790 0.448189
v 1.229389 -0.200332 0.441541
v 1.240451 -0.204292 0.431186
v 1.247553 -0.209281 0.418137
v 1.250000 -0.214811 0.403673
v -1.250000 -0.200927 0.399403
v -1.247553 -0.197315 0.414457
v -1.240451 -0.194057 0.428038
v -1.229389 -0.191472 0.438816
v -1.215451 -0.189812 0.445736
v -1.200000 -0.189240 0.448120
v 1.200000 -0.189240 0.448120
v 1.215451 -0.189812 0.445735
v 1.229389 -0.191472 0.438816
v 1.240451 -0.194058 0.428038
v 1.247553 -0.197315 0.414457
v 1.250000 -0.200927 0.399403
v -1.250000 -0.185945 0.396793
v -1.247553 -0.184187 0.412170
v -1.240451 -0.182600 0.426042
v -1.229389 -0.181341 0.437051
v -1.215451 -0.180533 0.444119
v -1.200000 -0.180255 0.446554
v 1.200000 -0.180255 0.446554
v 1.215451 -0.180533 0.444119
v 1.229389 -0.181342 0.437051
v 1.240451 -0.182601 0.426042
v 1.247553 -0.184187 0.412170
v 1.250000 -0.185946 0.396792
v -1.250000 -0.169936 0.395908
v -1.247553 -0.169989 0.411385
v -1.240451 -0.170037 0.425347
v -1.229389 -0.170075 0.436428
v -1.215451 -0.170100 0.443542
v -1.200000 -0.170108 0.445993
v 1.200000 -0.170108 0.445993
v 1.215451 -0.170100 0.443542
v 1.229389 -0.170075 0.436428
v 1.240451 -0.170037 0.425347
v 1.247553 -0.169989 0.411385
v 1.250000 -0.169936 0.395908
v -1.250000 -0.153523 0.396928
v -1.247553 -0.155493 0.412286
v -1.240451 -0.157270 0.426141
v -1.229389 -0.158681 0.437136
v -1.215451 -0.159587 0.444196
v -1.200000 -0.159899 0.446628
v 1.200000 -0.159899 0.446628
v 1.215451 -0.159587 0.444196
v 1.229389 -0.158681 0.437136
v 1.240451 -0.157271 0.426141
v 1.247553 -0.155493 0.412286
v 1.250000 -0.153523 0.396928
v -1.250000 -0.137881 0.399986
v -1.247553 -0.141908 0.414942
v -1.240451 -0.145541 0.428434
v -1.229389 -0.148424 0.439142
v -1.215451 -0.150275 0.446016
v -1.200000 -0.150913 0.448385
v 1.200000 -0.150913 0.448385
v 1.215451 -0.150275 0.446016
v 1.229389 -0.148424 0.439142
v 1.240451 -0.145541 0.428434
v 1.247553 -0.141908 0.414942
v 1.250000 -0.137881 0.399986
v -1.250000 -0.123155 0.405080
v -1.247553 -0.129285 0.419308
v -1.240451 -0.134816 0.432144
v -1.229389 -0.139205 0.442330
v -1.215451 -0.142022 0.448871
v -1.200000 -0.142993 0.451124
v 1.200000 -0.142993 0.451124
v 1.215451 -0.142023 0.448871
v 1.229389 -0.139205 0.442330
v 1.240451 -0.134816 0.432144
v 1.247553 -0.129285 0.419308
v 1.250000 -0.123155 0.405079
v -1.250000 -0.109492 0.412204
v -1.247553 -0.117686 0.425356
v -1.240451 -0.125078 0.437221
v -1.229389 -0.130945 0.446637
v -1.215451 -0.134711 0.452683
v -1.200000 -0.136009 0.454766
v 1.200000 -0.136009 0.454766
v 1.215451 -0.134711 0.452683
v 1.229389 -0.130945 0.446637
v 1.240451 -0.125078 0.437221
v 1.247553 -0.117686 0.425356
v 1.250000 -0.109492 0.412204
v -1.250000 -0.097037 0.421356
v -1.247553 -0.107153 0.433096
v -1.240451 -0.116280 0.443687
v -1.229389 -0.123522 0.452092
v -1.215451 -0.128172 0.457488
v -1.200000 -0.129775 0.459347
v 1.200000 -0.129775 0.459347
v 1.215451 -0.128173 0.457488
v 1.229389 -0.123522 0.452092
v 1.240451 -0.116280 0.443687
v 1.247553 -0.107154 0.433096
v 1.250000 -0.097037 0.421356
v -1.250000 -0.085936 0.432533
v -1.247553 -0.097734 0.442580
v -1.240451 -0.108376 0.451644
v -1.229389 -0.116822 0.458837
v -1.215451 -0.122245 0.463456
v -1.200000 -0.124114 0.465047
v 1.200000 -0.124114 0.465047
v 1.215451 -0.122245 0.463456
v 1.229389 -0.116822 0.458837
v 1.240451 -0.108376 0.451644
v 1.247553 -0.097734 0.442580
v 1.250000 -0.085936 0.432533
v -1.250000 -0.076335 0.445730
v -1.247553 -0.089500 0.453898
v -1.240451 -0.101376 0.461267
v -1.229389 -0.110801 0.467115
v -1.215451 -0.116852 0.470869
v -1.200000 -0.118937 0.472163
v 1.200000 -0.118937 0.472163
v 1.215451 -0.116852 0.470869
v 1.229389 -0.110801 0.467115
v 1.240451 -0.101376 0.461267
v 1.247553 -0.089500 0.453898
v 1.250000 -0.076336 0.445730
v -1.250000 -0.068381 0.460945
v -1.247553 -0.082568 0.467156
v -1.240451 -0.095367 0.472759
v -1.229389 -0.105525 0.477206
v -1.215451 -0.112046 0.480061
v -1.200000 -0.114293 0.481045
v 1.200000 -0.114293 0.481044
v 1.215451 -0.112046 0.480061
v 1.229389 -0.105525 0.477206
v 1.240451 -0.095367 0.472759
v 1.247553 -0.082568 0.467156
v 1.250000 -0.068381 0.460945
v -1.250000 -0.062217 0.478173
v -1.247553 -0.077097 0.482450
v -1.240451 -0.090520 0.486308
v -1.229389 -0.101173 0.489370
v -1.215451 -0.108013 0.491336
v -1.200000 -0.110369 0.492013
v 1.200000 -0.110370 0.492013
v 1.215451 -0.108013 0.491336
v 1.229389 -0.101173 0.489370
v 1.240451 -0.090521 0.486308
v 1.247553 -0.077097 0.482450
v 1.250000 -0.062218 0.478173
v -1.250000 -0.057992 0.497412
v -1.247553 -0.073275 0.499853
v -1.240451 -0.087062 0.502055
v -1.229389 -0.098003 0.503802
v -1.215451 -0.105028 0.504924
v -1.200000 -0.107449 0.505310
v 1.200000 -0.107449 0.505310
v 1.215451 -0.105028 0.504923
v 1.229389 -0.098004 0.503802
v 1.240451 -0.087062 0.502054
v 1.247553 -0.073275 0.499853
v 1.250000 -0.057992 0.497412
v -1.250000 -0.055849 0.518658
v -1.247553 -0.071303 0.519406
v -1.240451 -0.085244 0.520082
v -1.229389 -0.096308 0.520617
v -1.215451 -0.103411 0.520961
v -1.200000 -0.105859 0.521080
v 1.200000 -0.105859 0.521080
v 1.215451 -0.103411 0.520961
v 1.229389 -0.096308 0.520617
v 1.240451 -0.085244 0.520081
v 1.247553 -0.071303 0.519406
v 1.250000 -0.055849 0.518658
v -1.250000 -0.055936 0.541908
v -1.247553 -0.071445 0.557359
v -1.240451 -0.085435 0.571297
v -1.229389 -0.096538 0.582359
v -1.215451 -0.103667 0.589460
v -1.200000 -0.106123 0.591908
v 1.200000 -0.106123 0.591908
v 1.215451 -0.103667 0.589460
v 1.229389 -0.096538 0.582358
v 1.240451 -0.085435 0.571297
v 1.247553 -0.071445 0.557358
v 1.250000 -0.055936 0.541908
v -1.250000 0.034064 0.541908
v -1.247553 0.048977 0.557359
v -1.240451 0.062430 0.571297
v -1.229389 0.073107 0.582358
v -1.215451 0.079962 0.589460
v -1.200000 0.082324 0.591908
v 1.200000 0.082324 0.591908
v 1.215451 0.079962 0.589460
v 1.229389 0.073107 0.582358
v 1.240451 0.062430 0.571297
v 1.247553 0.048977 0.557358
v 1.250000 0.034064 0.541908
v -1.250000 0.034828 0.520345
v -1.247553 0.050247 0.521503
v -1.240451 0.064157 0.522548
v -1.229389 0.075197 0.523377
v -1.215451 0.082284 0.523909
v -1.200000 0.084726 0.524092
v 1.200000 0.084726 0.524092
v 1.215451 0.082284 0.523909
v 1.229389 0.075197 0.523376
v 1.240451 0.064157 0.522547
v 1.247553 0.050247 0.521503
v 1.250000 0.034828 0.520345
v -1.250000 0.037092 0.500658
v -1.247553 0.052361 0.503126
v -1.240451 0.066135 0.505352
v -1.229389 0.077066 0.507119
v -1.215451 0.084084 0.508253
v -1.200000 0.086503 0.508644
v 1.200000 0.086503 0.508644
v 1.215451 0.084084 0.508253
v 1.229389 0.077066 0.507119
v 1.240451 0.066135 0.505352
v 1.247553 0.052360 0.503125
v 1.250000 0.037092 0.500658
v -1.250000 0.040814 0.482845
v -1.247553 0.055771 0.486807
v -1.240451 0.069263 0.490382
v -1.229389 0.079971 0.493218
v -1.215451 0.086846 0.495039
v -1.200000 0.089215 0.495667
v 1.200000 0.089214 0.495667
v 1.215451 0.086846 0.495039
v 1.229389 0.079971 0.493218
v 1.240451 0.069263 0.490381
v 1.247553 0.055770 0.486807
v 1.250000 0.040814 0.482845
v -1.250000 0.045953 0.466908
v -1.247553 0.060369 0.472546
v -1.240451 0.073374 0.477633
v -1.229389 0.083694 0.481670
v -1.215451 0.090321 0.484262
v -1.200000 0.092604 0.485155
v 1.200000 0.092604 0.485155
v 1.215451 0.090321 0.484262
v 1.229389 0.083694 0.481670
v 1.240451 0.073374 0.477633
v 1.247553 0.060369 0.472546
v 1.250000 0.045953 0.466908
v -1.250000 0.052467 0.452845
v -1.247553 0.066037 0.460310
v -1.240451 0.078279 0.467044
v -1.229389 0.087994 0.472389
v -1.215451 0.094231 0.475820
v -1.200000 0.096380 0.477002
v 1.200000 0.096380 0.477002
v 1.215451 0.094231 0.475820
v 1.229389 0.087994 0.472389
v 1.240451 0.078278 0.467044
v 1.247553 0.066037 0.460310
v 1.250000 0.052467 0.452845
v -1.250000 0.060314 0.440658
v -1.247553 0.072663 0.450018
v -1.240451 0.083804 0.458463
v -1.229389 0.092645 0.465164
v -1.215451 0.098322 0.469467
v -1.200000 0.100278 0.470950
v 1.200000 0.100277 0.470950
v 1.215451 0.098321 0.469467
v 1.229389 0.092645 0.465164
v 1.240451 0.083804 0.458463
v 1.247553 0.072663 0.450018
v 1.250000 0.060314 0.440658
v -1.250000 0.069453 0.430345
v -1.247553 0.080176 0.441540
v -1.240451 0.089850 0.451640
v -1.229389 0.097528 0.459655
v -1.215451 0.102457 0.464801
v -1.200000 0.104155 0.466574
v 1.200000 0.104155 0.466574
v 1.215451 0.102457 0.464801
v 1.229389 0.097528 0.459655
v 1.240451 0.089850 0.451640
v 1.247553 0.080176 0.441540
v 1.250000 0.069453 0.430345
v -1.250000 0.079842 0.421908
v -1.247553 0.088578 0.434717
v -1.240451 0.096458 0.446273
v -1.229389 0.102713 0.455444
v -1.215451 0.106728 0.461332
v -1.200000 0.108112 0.463361
v 1.200000 0.108112 0.463360
v 1.215451 0.106728 0.461332
v 1.229389 0.102713 0.455444
v 1.240451 0.096458 0.446273
v 1.247553 0.088577 0.434717
v 1.250000 0.079842 0.421908
v -1.250000 0.091439 0.415345
v -1.247553 0.097950 0.429414
v -1.240451 0.103824 0.442105
v -1.229389 0.108485 0.452177
v -1.215451 0.111478 0.458644
v -1.200000 0.112509 0.460872
v 1.200000 0.112509 0.460872
v 1.215451 0.111478 0.458644
v 1.229389 0.108485 0.452177
v 1.240451 0.103823 0.442105
v 1.247553 0.097950 0.429414
v 1.250000 0.091439 0.415345
v -1.250000 0.104203 0.410658
v -1.247553 0.108424 0.425567
v -1.240451 0.112231 0.439018
v -1.229389 0.115253 0.449692
v -1.215451 0.117193 0.456545
v -1.200000 0.117862 0.458907
v 1.200000 0.117862 0.458906
v 1.215451 0.117193 0.456545
v 1.229389 0.115253 0.449692
v 1.240451 0.112231 0.439018
v 1.247553 0.108424 0.425567
v 1.250000 0.104203 0.410658
v -1.250000 0.118092 0.407845
v -1.247553 0.120117 0.423199
v -1.240451 0.121945 0.437051
v -1.229389 0.123395 0.448043
v -1.215451 0.124326 0.455101
v -1.200000 0.124647 0.457533
v 1.200000 0.124646 0.457532
v 1.215451 0.124326 0.455101
v 1.229389 0.123395 0.448043
v 1.240451 0.121944 0.437051
v 1.247553 0.120117 0.423199
v 1.250000 0.118092 0.407845
v -1.250000 0.133064 0.406908
v -1.247553 0.133068 0.422389
v -1.240451 0.133071 0.436354
v -1.229389 0.133074 0.447437
v -1.215451 0.133076 0.454553
v -1.200000 0.133076 0.457005
v 1.200000 0.133076 0.457005
v 1.215451 0.133076 0.454553
v 1.229389 0.133074 0.447437
v 1.240451 0.133071 0.436354
v 1.247553 0.133068 0.422388
v 1.250000 0.133064 0.406908
v -1.250000 0.148305 0.407854
v -1.247553 0.146325 0.423212
v -1.240451 0.144539 0.437066
v -1.229389 0.143121 0.448061
v -1.215451 0.142211 0.455120
v -1.200000 0.141897 0.457553
v 1.200000 0.141897 0.457553
v 1.215451 0.142211 0.455120
v 1.229389 0.143121 0.448061
v 1.240451 0.144539 0.437066
v 1.247553 0.146325 0.423212
v 1.250000 0.148305 0.407854
v -1.250000 0.162494 0.410648
v -1.247553 0.158433 0.425596
v -1.240451 0.154770 0.439081
v -1.229389 0.151862 0.449782
v -1.215451 0.149996 0.456653
v -1.200000 0.149353 0.459021
v 1.200000 0.149353 0.459021
v 1.215451 0.149996 0.456653
v 1.229389 0.151862 0.449782
v 1.240451 0.154770 0.439081
v 1.247553 0.158433 0.425596
v 1.250000 0.162494 0.410648
v -1.250000 0.175579 0.415220
v -1.247553 0.169398 0.429427
v -1.240451 0.163823 0.442244
v -1.229389 0.159397 0.452415
v -1.215451 0.156556 0.458945
v -1.200000 0.155577 0.461196
v 1.200000 0.155577 0.461195
v 1.215451 0.156556 0.458945
v 1.229389 0.159397 0.452415
v 1.240451 0.163822 0.442244
v 1.247553 0.169398 0.429427
v 1.250000 0.175579 0.415220
v -1.250000 0.187508 0.421500
v -1.247553 0.179272 0.434625
v -1.240451 0.171842 0.446466
v -1.229389 0.165946 0.455862
v -1.215451 0.162160 0.461895
v -1.200000 0.160855 0.463974
v 1.200000 0.160855 0.463974
v 1.215451 0.162160 0.461895
v 1.229389 0.165945 0.455862
v 1.240451 0.171842 0.446466
v 1.247553 0.179272 0.434625
v 1.250000 0.187508 0.421500
v -1.250000 0.198229 0.429419
v -1.247553 0.188110 0.441154
v -1.240451 0.178983 0.451740
v -1.229389 0.171739 0.460142
v -1.215451 0.167088 0.465536
v -1.200000 0.165485 0.467394
v 1.200000 0.165485 0.467394
v 1.215451 0.167088 0.465536
v 1.229389 0.171739 0.460142
v 1.240451 0.178982 0.451740
v 1.247553 0.188110 0.441154
v 1.250000 0.198229 0.429419
v -1.250000 0.207689 0.438908
v -1.247553 0.195950 0.449017
v -1.240451 0.185360 0.458137
v -1.229389 0.176956 0.465375
v -1.215451 0.171560 0.470022
v -1.200000 0.169701 0.471623
v 1.200000 0.169701 0.471623
v 1.215451 0.171560 0.470021
v 1.229389 0.176956 0.465375
v 1.240451 0.185360 0.458137
v 1.247553 0.195950 0.449017
v 1.250000 0.207689 0.438908
v -1.250000 0.215836 0.449896
v -1.247553 0.202789 0.458240
v -1.240451 0.191018 0.465768
v -1.229389 0.181677 0.471741
v -1.215451 0.175679 0.475577
v -1.200000 0.173613 0.476898
v 1.200000 0.173613 0.476898
v 1.215451 0.175679 0.475577
v 1.229389 0.181677 0.471741
v 1.240451 0.191018 0.465768
v 1.247553 0.202789 0.458240
v 1.250000 0.215836 0.449896
v -1.250000 0.222619 0.462315
v -1.247553 0.208583 0.468849
v -1.240451 0.195920 0.474742
v -1.229389 0.185871 0.479420
v -1.215451 0.179419 0.482423
v -1.200000 0.177195 0.483458
v 1.200000 0.177195 0.483458
v 1.215451 0.179419 0.482423
v 1.229389 0.185871 0.479420
v 1.240451 0.195920 0.474742
v 1.247553 0.208583 0.468848
v 1.250000 0.222619 0.462315
v -1.250000 0.227986 0.476095
v -1.247553 0.213256 0.480849
v -1.240451 0.199968 0.485138
v -1.229389 0.189423 0.488542
v -1.215451 0.182652 0.490727
v -1.200000 0.180320 0.491480
v 1.200000 0.180319 0.491480
v 1.215451 0.182652 0.490727
v 1.229389 0.189423 0.488542
v 1.240451 0.199968 0.485138
v 1.247553 0.213256 0.480849
v 1.250000 0.227986 0.476095
v -1.250000 0.231883 0.491167
v -1.247553 0.216715 0.494225
v -1.240451 0.203032 0.496984
v -1.229389 0.192172 0.499173
v -1.215451 0.185200 0.500579
v -1.200000 0.182798 0.501063
v 1.200000 0.182798 0.501063
v 1.215451 0.185200 0.500579
v 1.229389 0.192172 0.499173
v 1.240451 0.203031 0.496984
v 1.247553 0.216715 0.494225
v 1.250000 0.231883 0.491167
v -1.250000 0.234260 0.507461
v -1.247553 0.218861 0.508935
v -1.240451 0.204969 0.510265
v -1.229389 0.193944 0.511320
v -1.215451 0.186866 0.511998
v -1.200000 0.184427 0.512232
v 1.200000 0.184427 0.512231
v 1.215451 0.186866 0.511998
v 1.229389 0.193944 0.511320
v 1.240451 0.204969 0.510265
v 1.247553 0.218861 0.508935
v 1.250000 0.234260 0.507461
v -1.250000 0.235064 0.524908
v -1.247553 0.219606 0.525120
v -1.240451 0.205662 0.525312
v -1.229389 0.194596 0.525465
v -1.215451 0.187491 0.525562
v -1.200000 0.185043 0.525596
v 1.200000 0.185042 0.525596
v 1.215451 0.187491 0.525562
v 1.229389 0.194596 0.525465
v 1.240451 0.205662 0.525312
v 1.247553 0.219606 0.525120
v 1.250000 0.235064 0.524908
v -1.250000 0.234894 0.534065
v -1.247553 0.219452 0.533477
v -1.240451 0.205521 0.532946
v -1.229389 0.194465 0.532525
v -1.215451 0.187367 0.532255
v -1.200000 0.184921 0.532162
v 1.200000 0.184921 0.532162
v 1.215451 0.187367 0.532255
v 1.229389 0.194465 0.532525
v 1.240451 0.205521 0.532946
v 1.247553 0.219452 0.533477
v 1.250000 0.234894 0.534065
v -1.250000 0.234374 0.543084
v -1.247553 0.218967 0.541875
v -1.240451 0.205069 0.540785
v -1.229389 0.194038 0.539920
v -1.215451 0.186957 0.539364
v -1.200000 0.184517 0.539173
v 1.200000 0.184516 0.539173
v 1.215451 0.186957 0.539364
v 1.229389 0.194038 0.539920
v 1.240451 0.205068 0.540785
v 1.247553 0.218967 0.541875
v 1.250000 0.234374 0.543083
v -1.250000 0.233486 0.552033
v -1.247553 0.218143 0.550180
v -1.240451 0.204302 0.548509
v -1.229389 0.193318 0.547183
v -1.215451 0.186265 0.546331
v -1.200000 0.183835 0.546038
v 1.200000 0.183835 0.546038
v 1.215451 0.186265 0.546331
v 1.229389 0.193317 0.547183
v 1.240451 0.204302 0.548509
v 1.247553 0.218143 0.550180
v 1.250000 0.233486 0.552033
v -1.250000 0.232212 0.560982
v -1.247553 0.216962 0.558480
v -1.240451 0.203204 0.556223
v -1.229389 0.192286 0.554432
v -1.215451 0.185276 0.553282
v -1.200000 0.182860 0.552886
v 1.200000 0.182860 0.552886
v 1.215451 0.185276 0.553282
v 1.229389 0.192286 0.554432
v 1.240451 0.203204 0.556223
v 1.247553 0.216961 0.558480
v 1.250000 0.232212 0.560982
v -1.250000 0.230536 0.570000
v -1.247553 0.215403 0.566863
v -1.240451 0.201752 0.564032
v -1.229389 0.190919 0.561786
v -1.215451 0.183963 0.560344
v -1.200000 0.181566 0.559847
v 1.200000 0.181566 0.559847
v 1.215451 0.183963 0.560344
v 1.229389 0.190919 0.561786
v 1.240451 0.201752 0.564032
v 1.247553 0.215403 0.566863
v 1.250000 0.230535 0.570000
v -1.250000 0.228439 0.579158
v -1.247553 0.213445 0.575414
v -1.240451 0.199919 0.572037
v -1.229389 0.189185 0.569357
v -1.215451 0.182293 0.567637
v -1.200000 0.179919 0.567044
v 1.200000 0.179918 0.567044
v 1.215451 0.182293 0.567637
v 1.229389 0.189185 0.569357
v 1.240451 0.199919 0.572037
v 1.247553 0.213445 0.575414
v 1.250000 0.228439 0.579158
v -1.250000 0.225905 0.588523
v -1.247553 0.211063 0.584217
v -1.240451 0.197675 0.580332
v -1.229389 0.187050 0.577249
v -1.215451 0.180228 0.575270
v -1.200000 0.177877 0.574588
v 1.200000 0.177877 0.574588
v 1.215451 0.180228 0.575270
v 1.229389 0.187050 0.577249
v 1.240451 0.197675 0.580332
v 1.247553 0.211063 0.584217
v 1.250000 0.225905 0.588523
v -1.250000 0.222916 0.598167
v -1.247553 0.208233 0.593350
v -1.240451 0.194987 0.589004
v -1.229389 0.184476 0.585555
v -1.215451 0.177727 0.583340
v -1.200000 0.175401 0.582577
v 1.200000 0.175401 0.582577
v 1.215451 0.177726 0.583340
v 1.229389 0.184475 0.585555
v 1.240451 0.194987 0.589004
v 1.247553 0.208233 0.593349
v 1.250000 0.222916 0.598167
v -1.250000 0.219454 0.608158
v -1.247553 0.204929 0.602886
v -1.240451 0.191826 0.598130
v -1.229389 0.181426 0.594356
v -1.215451 0.174750 0.591932
v -1.200000 0.172449 0.591097
v 1.200000 0.172449 0.591097
v 1.215451 0.174750 0.591932
v 1.229389 0.181426 0.594356
v 1.240451 0.191825 0.598130
v 1.247553 0.204929 0.602886
v 1.250000 0.219454 0.608158
v -1.250000 0.215504 0.618565
v -1.247553 0.201129 0.612897
v -1.240451 0.188161 0.607783
v -1.229389 0.177870 0.603725
v -1.215451 0.171263 0.601119
v -1.200000 0.168986 0.600221
v 1.200000 0.168986 0.600221
v 1.215451 0.171262 0.601119
v 1.229389 0.177870 0.603724
v 1.240451 0.188161 0.607783
v 1.247553 0.201129 0.612896
v 1.250000 0.215504 0.618565
v -1.250000 0.211046 0.629459
v -1.247553 0.196810 0.623450
v -1.240451 0.183968 0.618029
v -1.229389 0.173777 0.613727
v -1.215451 0.167234 0.610965
v -1.200000 0.164979 0.610013
v 1.200000 0.164979 0.610013
v 1.215451 0.167233 0.610964
v 1.229389 0.173777 0.613726
v 1.240451 0.183968 0.618029
v 1.247553 0.196810 0.623449
v 1.250000 0.211046 0.629458
v -1.250000 0.206064 0.640908
v -1.247553 0.182490 0.656359
v -1.240451 0.161224 0.670297
v -1.229389 0.144347 0.681359
v -1.215451 0.133511 0.688460
v -1.200000 0.129778 0.690908
v 1.200000 0.129777 0.690908
v 1.215451 0.133511 0.688460
v 1.229389 0.144347 0.681358
v 1.240451 0.161224 0.670297
v 1.247553 0.182490 0.656358
v 1.250000 0.206064 0.640908
v -1.250000 0.299064 0.640908
v -1.247553 0.308900 0.656359
v -1.240451 0.317774 0.670297
v -1.229389 0.324816 0.681359
v -1.215451 0.329337 0.688460
v -1.200000 0.330895 0.690908
v 1.200000 0.330895 0.690908
v 1.215451 0.329337 0.688460
v 1.229389 0.324816 0.681358
v 1.240451 0.317774 0.670297
v 1.247553 0.308900 0.656358
v 1.250000 0.299064 0.640908
v -1.250000 -0.016936 0.063908
v -1.247553 -0.001485 0.048457
v -1.240451 0.012453 0.034518
v -1.229389 0.023515 0.023457
v -1.215451 0.030617 0.016355
v -1.200000 0.033064 0.013908
v 1.200000 0.033064 0.013908
v 1.215451 0.030617 0.016355
v 1.229389 0.023515 0.023457
v 1.240451 0.012453 0.034518
v 1.247553 -0.001485 0.048457
v 1.250000 -0.016936 0.063908
v -1.250000 -0.016936 0.061908
v -1.247553 -0.001485 0.070684
v -1.240451 0.012453 0.078601
v -1.229389 0.023515 0.084885
v -1.215451 0.030617 0.088919
v -1.200000 0.033064 0.090309
v 1.200000 0.033064 0.090308
v 1.215451 0.030617 0.088918
v 1.229389 0.023515 0.084884
v 1.240451 0.012453 0.078601
v 1.247553 -0.001485 0.070684
v 1.250000 -0.016936 0.061908
v -1.250000 0.001863 0.050699
v -1.247553 0.010067 0.063796
v -1.240451 0.017469 0.075611
v -1.229389 0.023342 0.084987
v -1.215451 0.027113 0.091007
v -1.200000 0.028413 0.093082
v 1.200000 0.028413 0.093082
v 1.215451 0.027113 0.091007
v 1.229389 0.023342 0.084987
v 1.240451 0.017468 0.075611
v 1.247553 0.010067 0.063796
v 1.250000 0.001863 0.050699
v -1.250000 0.018791 0.039570
v -1.247553 0.027603 0.052267
v -1.240451 0.035553 0.063722
v -1.229389 0.041862 0.072812
v -1.215451 0.045912 0.078648
v -1.200000 0.047308 0.080659
v 1.200000 0.047308 0.080659
v 1.215451 0.045912 0.078648
v 1.229389 0.041861 0.072812
v 1.240451 0.035553 0.063721
v 1.247553 0.027603 0.052267
v 1.250000 0.018791 0.039570
v -1.250000 0.033892 0.028517
v -1.247553 0.043376 0.040722
v -1.240451 0.051932 0.051733
v -1.229389 0.058723 0.060471
v -1.215451 0.063082 0.066081
v -1.200000 0.064584 0.068015
v 1.200000 0.064584 0.068014
v 1.215451 0.063082 0.066081
v 1.229389 0.058722 0.060471
v 1.240451 0.051932 0.051733
v 1.247553 0.043376 0.040722
v 1.250000 0.033892 0.028517
v -1.250000 0.047212 0.017537
v -1.247553 0.057434 0.029135
v -1.240451 0.066655 0.039597
v -1.229389 0.073973 0.047900
v -1.215451 0.078671 0.053231
v -1.200000 0.080290 0.055068
v 1.200000 0.080290 0.055068
v 1.215451 0.078671 0.053231
v 1.229389 0.073973 0.047900
v 1.240451 0.066655 0.039597
v 1.247553 0.057434 0.029135
v 1.250000 0.047212 0.017537
v -1.250000 0.058796 0.006627
v -1.247553 0.069816 0.017473
v -1.240451 0.079757 0.027257
v -1.229389 0.087646 0.035022
v -1.215451 0.092712 0.040007
v -1.200000 0.094457 0.041725
v 1.200000 0.094457 0.041725
v 1.215451 0.092711 0.040007
v 1.229389 0.087646 0.035022
v 1.240451 0.079757 0.027257
v 1.247553 0.069816 0.017473
v 1.250000 0.058796 0.006627
v -1.250000 0.068689 -0.004217
v -1.247553 0.080555 0.005701
v -1.240451 0.091259 0.014649
v -1.229389 0.099754 0.021750
v -1.215451 0.105208 0.026309
v -1.200000 0.107087 0.027880
v 1.200000 0.107087 0.027880
v 1.215451 0.105208 0.026309
v 1.229389 0.099753 0.021750
v 1.240451 0.091259 0.014649
v 1.247553 0.080554 0.005701
v 1.250000 0.068689 -0.004217
v -1.250000 0.076936 -0.014999
v -1.247553 0.089669 -0.006214
v -1.240451 0.101156 0.001710
v -1.229389 0.110272 0.008000
v -1.215451 0.116124 0.012038
v -1.200000 0.118141 0.013429
v 1.200000 0.118141 0.013429
v 1.215451 0.116124 0.012038
v 1.229389 0.110271 0.008000
v 1.240451 0.101156 0.001710
v 1.247553 0.089669 -0.006214
v 1.250000 0.076936 -0.014999
v -1.250000 0.083582 -0.025722
v -1.247553 0.097162 -0.018302
v -1.240451 0.109412 -0.011609
v -1.229389 0.119133 -0.006297
v -1.215451 0.125375 -0.002886
v -1.200000 0.127526 -0.001711
v 1.200000 0.127525 -0.001711
v 1.215451 0.125375 -0.002887
v 1.229389 0.119133 -0.006297
v 1.240451 0.109411 -0.011609
v 1.247553 0.097161 -0.018302
v 1.250000 0.083582 -0.025722
v -1.250000 0.088673 -0.036389
v -1.247553 0.103017 -0.030572
v -1.240451 0.115957 -0.025324
v -1.229389 0.126226 -0.021159
v -1.215451 0.132819 -0.018485
v -1.200000 0.135091 -0.017564
v 1.200000 0.135091 -0.017564
v 1.215451 0.132819 -0.018485
v 1.229389 0.126226 -0.021159
v 1.240451 0.115957 -0.025324
v 1.247553 0.103017 -0.030572
v 1.250000 0.088673 -0.036389
v -1.250000 0.092254 -0.047004
v -1.247553 0.107210 -0.043003
v -1.240451 0.120702 -0.039393
v -1.229389 0.131410 -0.036528
v -1.215451 0.138284 -0.034688
v -1.200000 0.140653 -0.034054
v 1.200000 0.140653 -0.034055
v 1.215451 0.138284 -0.034688
v 1.229389 0.131410 -0.036528
v 1.240451 0.120702 -0.039393
v 1.247553 0.107210 -0.043003
v 1.250000 0.092254 -0.047005
v -1.250000 0.094369 -0.057571
v -1.247553 0.109719 -0.055537
v -1.240451 0.123567 -0.053701
v -1.229389 0.134556 -0.052245
v -1.215451 0.141612 -0.051310
v -1.200000 0.144043 -0.050988
v 1.200000 0.144043 -0.050988
v 1.215451 0.141612 -0.051310
v 1.229389 0.134556 -0.052245
v 1.240451 0.123566 -0.053701
v 1.247553 0.109719 -0.055537
v 1.250000 0.094369 -0.057571
v -1.250000 0.095064 -0.068092
v -1.247553 0.110535 -0.067888
v -1.240451 0.124492 -0.067704
v -1.229389 0.135568 -0.067558
v -1.215451 0.142679 -0.067464
v -1.200000 0.145129 -0.067432
v 1.200000 0.145129 -0.067432
v 1.215451 0.142679 -0.067464
v 1.229389 0.135567 -0.067558
v 1.240451 0.124491 -0.067704
v 1.247553 0.110535 -0.067888
v 1.250000 0.095064 -0.068092
v -1.250000 0.094709 -0.077054
v -1.247553 0.110123 -0.078281
v -1.240451 0.124029 -0.079388
v -1.229389 0.135064 -0.080267
v -1.215451 0.142150 -0.080831
v -1.200000 0.144591 -0.081025
v 1.200000 0.144591 -0.081025
v 1.215451 0.142150 -0.080831
v 1.229389 0.135064 -0.080267
v 1.240451 0.124029 -0.079388
v 1.247553 0.110123 -0.078281
v 1.250000 0.094709 -0.077054
v -1.250000 0.093643 -0.085949
v -1.247553 0.108910 -0.088398
v -1.240451 0.122684 -0.090607
v -1.229389 0.133614 -0.092360
v -1.215451 0.140632 -0.093486
v -1.200000 0.143050 -0.093874
v 1.200000 0.143050 -0.093874
v 1.215451 0.140632 -0.093486
v 1.229389 0.133614 -0.092360
v 1.240451 0.122684 -0.090607
v 1.247553 0.108910 -0.088398
v 1.250000 0.093642 -0.085949
v -1.250000 0.091861 -0.094795
v -1.247553 0.106889 -0.098435
v -1.240451 0.120446 -0.101717
v -1.229389 0.131205 -0.104323
v -1.215451 0.138113 -0.105995
v -1.200000 0.140493 -0.106572
v 1.200000 0.140493 -0.106572
v 1.215451 0.138113 -0.105995
v 1.229389 0.131205 -0.104323
v 1.240451 0.120446 -0.101718
v 1.247553 0.106889 -0.098435
v 1.250000 0.091861 -0.094796
v -1.250000 0.089360 -0.103611
v -1.247553 0.104067 -0.108382
v -1.240451 0.117335 -0.112686
v -1.229389 0.127864 -0.116102
v -1.215451 0.134624 -0.118295
v -1.200000 0.136953 -0.119051
v 1.200000 0.136953 -0.119051
v 1.215451 0.134624 -0.118295
v 1.229389 0.127864 -0.116102
v 1.240451 0.117334 -0.112686
v 1.247553 0.104067 -0.108382
v 1.250000 0.089360 -0.103611
v -1.250000 0.086137 -0.112412
v -1.247553 0.100459 -0.118237
v -1.240451 0.113378 -0.123492
v -1.229389 0.123631 -0.127661
v -1.215451 0.130214 -0.130339
v -1.200000 0.132482 -0.131261
v 1.200000 0.132482 -0.131261
v 1.215451 0.130214 -0.130339
v 1.229389 0.123631 -0.127662
v 1.240451 0.113378 -0.123492
v 1.247553 0.100459 -0.118237
v 1.250000 0.086137 -0.112413
v -1.250000 0.082189 -0.121217
v -1.247553 0.096079 -0.128004
v -1.240451 0.108609 -0.134125
v -1.229389 0.118554 -0.138984
v -1.215451 0.124938 -0.142103
v -1.200000 0.127138 -0.143178
v 1.200000 0.127138 -0.143178
v 1.215451 0.124938 -0.142103
v 1.229389 0.118553 -0.138984
v 1.240451 0.108609 -0.134126
v 1.247553 0.096079 -0.128004
v 1.250000 0.082189 -0.121217
v -1.250000 0.077511 -0.130043
v -1.247553 0.090944 -0.137693
v -1.240451 0.103061 -0.144594
v -1.229389 0.112678 -0.150070
v -1.215451 0.118852 -0.153586
v -1.200000 0.120980 -0.154798
v 1.200000 0.120979 -0.154798
v 1.215451 0.118852 -0.153587
v 1.229389 0.112678 -0.150070
v 1.240451 0.103061 -0.144594
v 1.247553 0.090944 -0.137693
v 1.250000 0.077511 -0.130043
v -1.250000 0.072101 -0.138907
v -1.247553 0.085066 -0.147322
v -1.240451 0.096763 -0.154913
v -1.229389 0.106045 -0.160938
v -1.215451 0.112004 -0.164805
v -1.200000 0.114058 -0.166138
v 1.200000 0.114058 -0.166138
v 1.215451 0.112004 -0.164806
v 1.229389 0.106045 -0.160938
v 1.240451 0.096762 -0.154913
v 1.247553 0.085066 -0.147322
v 1.250000 0.072101 -0.138907
v -1.250000 0.065954 -0.147827
v -1.247553 0.078457 -0.156913
v -1.240451 0.089736 -0.165110
v -1.229389 0.098687 -0.171615
v -1.215451 0.104434 -0.175791
v -1.200000 0.106415 -0.177230
v 1.200000 0.106414 -0.177230
v 1.215451 0.104434 -0.175791
v 1.229389 0.098687 -0.171615
v 1.240451 0.089736 -0.165110
v 1.247553 0.078457 -0.156913
v 1.250000 0.065954 -0.147827
v -1.250000 0.059068 -0.156819
v -1.247553 0.071124 -0.166490
v -1.240451 0.081999 -0.175214
v -1.229389 0.090630 -0.182137
v -1.215451 0.096171 -0.186582
v -1.200000 0.098080 -0.188114
v 1.200000 0.098080 -0.188114
v 1.215451 0.096171 -0.186582
v 1.229389 0.090630 -0.182137
v 1.240451 0.081999 -0.175214
v 1.247553 0.071124 -0.166490
v 1.250000 0.059068 -0.156819
v -1.250000 0.051439 -0.165902
v -1.247553 0.063070 -0.176079
v -1.240451 0.073561 -0.185259
v -1.229389 0.081888 -0.192545
v -1.215451 0.087234 -0.197222
v -1.200000 0.089076 -0.198834
v 1.200000 0.089076 -0.198834
v 1.215451 0.087234 -0.197223
v 1.229389 0.081888 -0.192545
v 1.240451 0.073561 -0.185259
v 1.247553 0.063070 -0.176079
v 1.250000 0.051439 -0.165902
v -1.250000 0.043064 -0.175092
v -1.247553 0.045896 -0.194923
v -1.240451 0.048451 -0.212812
v -1.229389 0.050479 -0.227009
v -1.215451 0.051781 -0.236124
v -1.200000 0.052229 -0.239265
v 1.200000 0.052229 -0.239265
v 1.215451 0.051780 -0.236125
v 1.229389 0.050479 -0.227009
v 1.240451 0.048451 -0.212812
v 1.247553 0.045896 -0.194923
v 1.250000 0.043064 -0.175092
v -1.250000 -0.033936 -0.128092
v -1.247553 -0.058015 -0.131497
v -1.240451 -0.079737 -0.134568
v -1.229389 -0.096975 -0.137005
v -1.215451 -0.108043 -0.138570
v -1.200000 -0.111857 -0.139109
v 1.200000 -0.111857 -0.139109
v 1.215451 -0.108043 -0.138570
v 1.229389 -0.096975 -0.137005
v 1.240451 -0.079737 -0.134568
v 1.247553 -0.058015 -0.131497
v 1.250000 -0.033936 -0.128092
v -1.250000 -0.027609 -0.121189
v -1.247553 -0.039248 -0.111021
v -1.240451 -0.049749 -0.101849
v -1.229389 -0.058082 -0.094570
v -1.215451 -0.063433 -0.089896
v -1.200000 -0.065276 -0.088286
v 1.200000 -0.065276 -0.088286
v 1.215451 -0.063433 -0.089896
v 1.229389 -0.058082 -0.094570
v 1.240451 -0.049749 -0.101849
v 1.247553 -0.039249 -0.111021
v 1.250000 -0.027609 -0.121189
v -1.250000 -0.021649 -0.114028
v -1.247553 -0.033754 -0.104418
v -1.240451 -0.044673 -0.095750
v -1.229389 -0.053339 -0.088870
v -1.215451 -0.058903 -0.084453
v -1.200000 -0.060820 -0.082931
v 1.200000 -0.060820 -0.082931
v 1.215451 -0.058903 -0.084453
v 1.229389 -0.053339 -0.088870
v 1.240451 -0.044673 -0.095750
v 1.247553 -0.033754 -0.104418
v 1.250000 -0.021649 -0.114028
v -1.250000 -0.016092 -0.106686
v -1.247553 -0.028625 -0.097642
v -1.240451 -0.039930 -0.089484
v -1.229389 -0.048902 -0.083009
v -1.215451 -0.054663 -0.078852
v -1.200000 -0.056648 -0.077419
v 1.200000 -0.056648 -0.077419
v 1.215451 -0.054663 -0.078852
v 1.229389 -0.048903 -0.083009
v 1.240451 -0.039930 -0.089484
v 1.247553 -0.028625 -0.097642
v 1.250000 -0.016093 -0.106686
v -1.250000 -0.010973 -0.099241
v -1.247553 -0.023907 -0.090780
v -1.240451 -0.035574 -0.083147
v -1.229389 -0.044833 -0.077090
v -1.215451 -0.050778 -0.073201
v -1.200000 -0.052826 -0.071861
v 1.200000 -0.052826 -0.071861
v 1.215451 -0.050778 -0.073201
v 1.229389 -0.044833 -0.077090
v 1.240451 -0.035574 -0.083147
v 1.247553 -0.023907 -0.090780
v 1.250000 -0.010973 -0.099241
v -1.250000 -0.006326 -0.091767
v -1.247553 -0.019642 -0.083921
v -1.240451 -0.031654 -0.076843
v -1.229389 -0.041187 -0.071226
v -1.215451 -0.047307 -0.067619
v -1.200000 -0.049416 -0.066376
v 1.200000 -0.049416 -0.066377
v 1.215451 -0.047307 -0.067619
v 1.229389 -0.041187 -0.071226
v 1.240451 -0.031654 -0.076843
v 1.247553 -0.019642 -0.083921
v 1.250000 -0.006326 -0.091767
v -1.250000 -0.002186 -0.084342
v -1.247553 -0.015872 -0.077160
v -1.240451 -0.028217 -0.070680
v -1.229389 -0.038015 -0.065538
v -1.215451 -0.044306 -0.062236
v -1.200000 -0.046473 -0.061099
v 1.200000 -0.046473 -0.061099
v 1.215451 -0.044306 -0.062236
v 1.229389 -0.038015 -0.065538
v 1.240451 -0.028217 -0.070680
v 1.247553 -0.015872 -0.077160
v 1.250000 -0.002186 -0.084342
v -1.250000 0.001412 -0.077043
v -1.247553 -0.012636 -0.070596
v -1.240451 -0.025309 -0.064780
v -1.229389 -0.035366 -0.060165
v -1.215451 -0.041824 -0.057201
v -1.200000 -0.044049 -0.056180
v 1.200000 -0.044049 -0.056180
v 1.215451 -0.041824 -0.057201
v 1.229389 -0.035366 -0.060165
v 1.240451 -0.025309 -0.064780
v 1.247553 -0.012636 -0.070596
v 1.250000 0.001412 -0.077043
v -1.250000 0.004434 -0.069944
v -1.247553 -0.009972 -0.064338
v -1.240451 -0.022968 -0.059281
v -1.229389 -0.033281 -0.055267
v -1.215451 -0.039903 -0.052690
v -1.200000 -0.042185 -0.051802
v 1.200000 -0.042185 -0.051802
v 1.215451 -0.039903 -0.052690
v 1.229389 -0.033281 -0.055267
v 1.240451 -0.022968 -0.059281
v 1.247553 -0.009972 -0.064338
v 1.250000 0.004434 -0.069944
v -1.250000 0.006845 -0.063124
v -1.247553 -0.007911 -0.058509
v -1.240451 -0.021223 -0.054345
v -1.229389 -0.031788 -0.051041
v -1.215451 -0.038570 -0.048920
v -1.200000 -0.040908 -0.048189
v 1.200000 -0.040908 -0.048189
v 1.215451 -0.038570 -0.048920
v 1.229389 -0.031788 -0.051041
v 1.240451 -0.021223 -0.054345
v 1.247553 -0.007911 -0.058509
v 1.250000 0.006845 -0.063124
v -1.250000 0.008610 -0.056657
v -1.247553 -0.006476 -0.053250
v -1.240451 -0.020085 -0.050176
v -1.229389 -0.030886 -0.047737
v -1.215451 -0.037820 -0.046171
v -1.200000 -0.040209 -0.045631
v 1.200000 -0.040210 -0.045632
v 1.215451 -0.037820 -0.046171
v 1.229389 -0.030886 -0.047737
v 1.240451 -0.020085 -0.050177
v 1.247553 -0.006476 -0.053250
v 1.250000 0.008610 -0.056657
v -1.250000 0.009695 -0.050621
v -1.247553 -0.005665 -0.048735
v -1.240451 -0.019520 -0.047032
v -1.229389 -0.030516 -0.045682
v -1.215451 -0.037576 -0.044814
v -1.200000 -0.040009 -0.044516
v 1.200000 -0.040009 -0.044516
v 1.215451 -0.037576 -0.044815
v 1.229389 -0.030517 -0.045682
v 1.240451 -0.019521 -0.047033
v 1.247553 -0.005665 -0.048735
v 1.250000 0.009695 -0.050621
v -1.250000 0.010064 -0.045092
v -1.247553 -0.005430 -0.045219
v -1.240451 -0.019407 -0.045333
v -1.229389 -0.030499 -0.045424
v -1.215451 -0.037621 -0.045482
v -1.200000 -0.040075 -0.045502
v 1.200000 -0.040075 -0.045502
v 1.215451 -0.037621 -0.045482
v 1.229389 -0.030499 -0.045424
v 1.240451 -0.019407 -0.045333
v 1.247553 -0.005430 -0.045219
v 1.250000 0.010064 -0.045092
v -1.250000 0.008819 -0.030133
v -1.247553 -0.006472 -0.032693
v -1.240451 -0.020267 -0.035002
v -1.229389 -0.031214 -0.036834
v -1.215451 -0.038243 -0.038011
v -1.200000 -0.040664 -0.038416
v 1.200000 -0.040665 -0.038417
v 1.215451 -0.038243 -0.038011
v 1.229389 -0.031214 -0.036835
v 1.240451 -0.020267 -0.035002
v 1.247553 -0.006472 -0.032693
v 1.250000 0.008819 -0.030133
v -1.250000 0.005189 -0.015838
v -1.247553 -0.009481 -0.020845
v -1.240451 -0.022715 -0.025362
v -1.229389 -0.033217 -0.028947
v -1.215451 -0.039960 -0.031249
v -1.200000 -0.042283 -0.032042
v 1.200000 -0.042283 -0.032042
v 1.215451 -0.039960 -0.031249
v 1.229389 -0.033217 -0.028947
v 1.240451 -0.022715 -0.025362
v 1.247553 -0.009481 -0.020845
v 1.250000 0.005189 -0.015838
v -1.250000 -0.000671 -0.002327
v -1.247553 -0.014376 -0.009557
v -1.240451 -0.026740 -0.016080
v -1.229389 -0.036552 -0.021256
v -1.215451 -0.042852 -0.024580
v -1.200000 -0.045023 -0.025725
v 1.200000 -0.045023 -0.025725
v 1.215451 -0.042852 -0.024580
v 1.229389 -0.036552 -0.021256
v 1.240451 -0.026740 -0.016080
v 1.247553 -0.014376 -0.009557
v 1.250000 -0.000671 -0.002327
v -1.250000 -0.008603 0.010278
v -1.247553 -0.021089 0.001111
v -1.240451 -0.032354 -0.007160
v -1.229389 -0.041293 -0.013723
v -1.215451 -0.047032 -0.017937
v -1.200000 -0.049010 -0.019389
v 1.200000 -0.049010 -0.019389
v 1.215451 -0.047033 -0.017937
v 1.229389 -0.041293 -0.013723
v 1.240451 -0.032354 -0.007160
v 1.247553 -0.021089 0.001110
v 1.250000 -0.008603 0.010278
v -1.250000 -0.018452 0.021855
v -1.247553 -0.029548 0.011053
v -1.240451 -0.039558 0.001309
v -1.229389 -0.047502 -0.006424
v -1.215451 -0.052603 -0.011389
v -1.200000 -0.054360 -0.013100
v 1.200000 -0.054360 -0.013100
v 1.215451 -0.052603 -0.011389
v 1.229389 -0.047502 -0.006424
v 1.240451 -0.039558 0.001309
v 1.247553 -0.029548 0.011053
v 1.250000 -0.018452 0.021855
v -1.250000 -0.030061 0.032283
v -1.247553 -0.039662 0.020138
v -1.240451 -0.048323 0.009181
v -1.229389 -0.055196 0.000486
v -1.215451 -0.059609 -0.005096
v -1.200000 -0.061129 -0.007020
v 1.200000 -0.061129 -0.007020
v 1.215451 -0.059609 -0.005096
v 1.229389 -0.055196 0.000486
v 1.240451 -0.048323 0.009181
v 1.247553 -0.039662 0.020137
v 1.250000 -0.030061 0.032283
v -1.250000 -0.043275 0.041440
v -1.247553 -0.051319 0.028216
v -1.240451 -0.058576 0.016287
v -1.229389 -0.064335 0.006820
v -1.215451 -0.068032 0.000741
v -1.200000 -0.069307 -0.001353
v 1.200000 -0.069307 -0.001353
v 1.215451 -0.068033 0.000741
v 1.229389 -0.064335 0.006819
v 1.240451 -0.058576 0.016287
v 1.247553 -0.051319 0.028216
v 1.250000 -0.043275 0.041439
v -1.250000 -0.057936 0.049204
v -1.247553 -0.064391 0.035138
v -1.240451 -0.070214 0.022450
v -1.229389 -0.074835 0.012380
v -1.215451 -0.077801 0.005915
v -1.200000 -0.078824 0.003687
v 1.200000 -0.078824 0.003687
v 1.215451 -0.077802 0.005915
v 1.229389 -0.074835 0.012380
v 1.240451 -0.070214 0.022450
v 1.247553 -0.064391 0.035138
v 1.250000 -0.057936 0.049204
v -1.250000 -0.073889 0.055455
v -1.247553 -0.078736 0.040759
v -1.240451 -0.083109 0.027502
v -1.229389 -0.086579 0.016982
v -1.215451 -0.088807 0.010227
v -1.200000 -0.089575 0.007899
v 1.200000 -0.089575 0.007899
v 1.215451 -0.088807 0.010227
v 1.229389 -0.086579 0.016982
v 1.240451 -0.083109 0.027502
v 1.247553 -0.078737 0.040759
v 1.250000 -0.073889 0.055454
v -1.250000 -0.090978 0.060070
v -1.247553 -0.094208 0.044938
v -1.240451 -0.097123 0.031287
v -1.229389 -0.099436 0.020454
v -1.215451 -0.100921 0.013498
v -1.200000 -0.101432 0.011102
v 1.200000 -0.101432 0.011102
v 1.215451 -0.100921 0.013498
v 1.229389 -0.099436 0.020454
v 1.240451 -0.097123 0.031287
v 1.247553 -0.094209 0.044938
v 1.250000 -0.090978 0.060070
v -1.250000 -0.109046 0.062928
v -1.247553 -0.110657 0.047540
v -1.240451 -0.112111 0.033658
v -1.229389 -0.113265 0.022642
v -1.215451 -0.114006 0.015568
v -1.200000 -0.114261 0.013131
v 1.200000 -0.114261 0.013131
v 1.215451 -0.114006 0.015568
v 1.229389 -0.113265 0.022641
v 1.240451 -0.112111 0.033658
v 1.247553 -0.110657 0.047540
v 1.250000 -0.109046 0.062928
v -1.250000 -0.127936 0.063908
v -1.247553 -0.128337 0.048457
v -1.240451 -0.128698 0.034518
v -1.229389 -0.128984 0.023457
v -1.215451 -0.129168 0.016355
v -1.200000 -0.129232 0.013908
v 1.200000 -0.129232 0.013908
v 1.215451 -0.129169 0.016355
v 1.229389 -0.128985 0.023457
v 1.240451 -0.128698 0.034518
v 1.247553 -0.128337 0.048457
v 1.250000 -0.127936 0.063908
v -1.250000 -0.362936 0.063908
v -1.247553 -0.378387 0.048457
v -1.240451 -0.392325 0.034518
v -1.229389 -0.403387 0.023457
v -1.215451 -0.410489 0.016355
v -1.200000 -0.412936 0.013908
v 1.200000 -0.412936 0.013908
v 1.215451 -0.410489 0.016355
v 1.229389 -0.403387 0.023457
v 1.240451 -0.392326 0.034518
v 1.247553 -0.378387 0.048457
v 1.250000 -0.362936 0.063908
v -1.250000 -0.362936 0.152908
v -1.247553 -0.378387 0.168359
v -1.240451 -0.392325 0.182297
v -1.229389 -0.403387 0.193359
v -1.215451 -0.410489 0.200460
v -1.200000 -0.412936 0.202908
v 1.200000 -0.412936 0.202908
v 1.215451 -0.410489 0.200460
v 1.229389 -0.403387 0.193358
v 1.240451 -0.392326 0.182297
v 1.247553 -0.378387 0.168358
v 1.250000 -0.362936 0.152908
v -1.250000 0.086064 0.152908
v -1.247553 0.101515 0.168359
v -1.240451 0.115453 0.182297
v -1.229389 0.126515 0.193359
v -1.215451 0.133617 0.200460
v -1.200000 0.136064 0.202908
v 1.200000 0.136064 0.202908
v 1.215451 0.133617 0.200460
v 1.229389 0.126515 0.193358
v 1.240451 0.115453 0.182297
v 1.247553 0.101515 0.168358
v 1.250000 0.086064 0.152908
v -1.250000 0.086064 0.063908
v -1.247553 0.101515 0.048457
v -1.240451 0.115453 0.034518
v -1.229389 0.126515 0.023457
v -1.215451 0.133617 0.016355
v -1.200000 0.136064 0.013908
v 1.200000 0.136064 0.013908
v 1.215451 0.133617 0.016355
v 1.229389 0.126515 0.023457
v 1.240451 0.115453 0.034518
v 1.247553 0.101515 0.048457
v 1.250000 0.086064 0.063908
v -1.250000 -0.362936 -0.436092
v -1.247553 -0.378387 -0.435647
v -1.240451 -0.392325 -0.435244
v -1.229389 -0.403387 -0.434925
v -1.215451 -0.410489 -0.434720
v -1.200000 -0.412936 -0.434649
v 1.200000 -0.412936 -0.434649
v 1.215451 -0.410489 -0.434720
v 1.229389 -0.403387 -0.434925
v 1.240451 -0.392326 -0.435244
v 1.247553 -0.378387 -0.435647
v 1.250000 -0.362936 -0.436092
v -1.250000 -0.361062 -0.403654
v -1.247553 -0.376432 -0.401811
v -1.240451 -0.390298 -0.400148
v -1.229389 -0.401302 -0.398828
v -1.215451 -0.408367 -0.397981
v -1.200000 -0.410801 -0.397689
v 1.200000 -0.410801 -0.397689
v 1.215451 -0.408367 -0.397981
v 1.229389 -0.401302 -0.398828
v 1.240451 -0.390298 -0.400148
v 1.247553 -0.376433 -0.401811
v 1.250000 -0.361062 -0.403654
v -1.250000 -0.355529 -0.373417
v -1.247553 -0.370542 -0.369624
v -1.240451 -0.384086 -0.366203
v -1.229389 -0.394834 -0.363488
v -1.215451 -0.401735 -0.361745
v -1.200000 -0.404113 -0.361144
v 1.200000 -0.404113 -0.361144
v 1.215451 -0.401735 -0.361745
v 1.229389 -0.394835 -0.363488
v 1.240451 -0.384086 -0.366203
v 1.247553 -0.370542 -0.369624
v 1.250000 -0.355529 -0.373417
v -1.250000 -0.346467 -0.345499
v -1.247553 -0.360827 -0.339692
v -1.240451 -0.373781 -0.334453
v -1.229389 -0.384061 -0.330296
v -1.215451 -0.390662 -0.327627
v -1.200000 -0.392936 -0.326707
v 1.200000 -0.392936 -0.326707
v 1.215451 -0.390662 -0.327627
v 1.229389 -0.384061 -0.330296
v 1.240451 -0.373781 -0.334453
v 1.247553 -0.360827 -0.339692
v 1.250000 -0.346468 -0.345499
v -1.250000 -0.334010 -0.320018
v -1.247553 -0.347393 -0.312214
v -1.240451 -0.359467 -0.305174
v -1.229389 -0.369048 -0.299587
v -1.215451 -0.375199 -0.296000
v -1.200000 -0.377319 -0.294764
v 1.200000 -0.377319 -0.294764
v 1.215451 -0.375200 -0.296000
v 1.229389 -0.369048 -0.299587
v 1.240451 -0.359467 -0.305174
v 1.247553 -0.347394 -0.312214
v 1.250000 -0.334010 -0.320018
v -1.250000 -0.318289 -0.297094
v -1.247553 -0.330381 -0.287407
v -1.240451 -0.341290 -0.278669
v -1.229389 -0.349947 -0.271734
v -1.215451 -0.355505 -0.267281
v -1.200000 -0.357420 -0.265747
v 1.200000 -0.357421 -0.265747
v 1.215451 -0.355505 -0.267282
v 1.229389 -0.349947 -0.271734
v 1.240451 -0.341290 -0.278669
v 1.247553 -0.330382 -0.287407
v 1.250000 -0.318289 -0.297094
v -1.250000 -0.299436 -0.276842
v -1.247553 -0.309970 -0.265482
v -1.240451 -0.319472 -0.255233
v -1.229389 -0.327013 -0.247099
v -1.215451 -0.331855 -0.241877
v -1.200000 -0.333523 -0.240078
v 1.200000 -0.333523 -0.240078
v 1.215451 -0.331855 -0.241877
v 1.229389 -0.327013 -0.247099
v 1.240451 -0.319472 -0.255233
v 1.247553 -0.309970 -0.265482
v 1.250000 -0.299436 -0.276843
v -1.250000 -0.277583 -0.259383
v -1.247553 -0.286368 -0.246625
v -1.240451 -0.294293 -0.235116
v -1.229389 -0.300583 -0.225983
v -1.215451 -0.304621 -0.220118
v -1.200000 -0.306012 -0.218098
v 1.200000 -0.306012 -0.218098
v 1.215451 -0.304621 -0.220119
v 1.229389 -0.300583 -0.225983
v 1.240451 -0.294293 -0.235116
v 1.247553 -0.286368 -0.246625
v 1.250000 -0.277583 -0.259383
v -1.250000 -0.252862 -0.244833
v -1.247553 -0.259801 -0.230989
v -1.240451 -0.266061 -0.218500
v -1.229389 -0.271029 -0.208589
v -1.215451 -0.274219 -0.202225
v -1.200000 -0.275318 -0.200033
v 1.200000 -0.275318 -0.200033
v 1.215451 -0.274219 -0.202225
v 1.229389 -0.271029 -0.208589
v 1.240451 -0.266061 -0.218500
v 1.247553 -0.259801 -0.230989
v 1.250000 -0.252862 -0.244833
v -1.250000 -0.225405 -0.233311
v -1.247553 -0.230488 -0.218688
v -1.240451 -0.235073 -0.205496
v -1.229389 -0.238712 -0.195027
v -1.215451 -0.241049 -0.188306
v -1.200000 -0.241854 -0.185990
v 1.200000 -0.241854 -0.185990
v 1.215451 -0.241049 -0.188306
v 1.229389 -0.238712 -0.195027
v 1.240451 -0.235073 -0.205496
v 1.247553 -0.230488 -0.218688
v 1.250000 -0.225405 -0.233311
v -1.250000 -0.195344 -0.224935
v -1.247553 -0.198627 -0.209811
v -1.240451 -0.201590 -0.196167
v -1.229389 -0.203941 -0.185339
v -1.215451 -0.205450 -0.178387
v -1.200000 -0.205970 -0.175991
v 1.200000 -0.205970 -0.175991
v 1.215451 -0.205450 -0.178387
v 1.229389 -0.203941 -0.185339
v 1.240451 -0.201590 -0.196167
v 1.247553 -0.198628 -0.209811
v 1.250000 -0.195344 -0.224935
v -1.250000 -0.162810 -0.219823
v -1.247553 -0.164397 -0.204432
v -1.240451 -0.165828 -0.190547
v -1.229389 -0.166964 -0.179528
v -1.215451 -0.167693 -0.172454
v -1.200000 -0.167944 -0.170016
v 1.200000 -0.167944 -0.170016
v 1.215451 -0.167693 -0.172454
v 1.229389 -0.166964 -0.179528
v 1.240451 -0.165828 -0.190547
v 1.247553 -0.164397 -0.204432
v 1.250000 -0.162810 -0.219823
v -1.250000 -0.127936 -0.218092
v -1.247553 -0.127855 -0.202618
v -1.240451 -0.127782 -0.188659
v -1.229389 -0.127724 -0.177581
v -1.215451 -0.127687 -0.170469
v -1.200000 -0.127674 -0.168018
v 1.200000 -0.127674 -0.168018
v 1.215451 -0.127687 -0.170469
v 1.229389 -0.127724 -0.177581
v 1.240451 -0.127782 -0.188659
v 1.247553 -0.127855 -0.202619
v 1.250000 -0.127936 -0.218093
v -1.250000 -0.096239 -0.219998
v -1.247553 -0.094352 -0.204633
v -1.240451 -0.092649 -0.190772
v -1.229389 -0.091297 -0.179771
v -1.215451 -0.090429 -0.172709
v -1.200000 -0.090130 -0.170275
v 1.200000 -0.090130 -0.170275
v 1.215451 -0.090429 -0.172709
v 1.229389 -0.091297 -0.179771
v 1.240451 -0.092649 -0.190772
v 1.247553 -0.094352 -0.204633
v 1.250000 -0.096240 -0.219998
v -1.250000 -0.066279 -0.225588
v -1.247553 -0.062465 -0.210582
v -1.240451 -0.059024 -0.197045
v -1.229389 -0.056293 -0.186302
v -1.215451 -0.054540 -0.179404
v -1.200000 -0.053936 -0.177028
v 1.200000 -0.053936 -0.177028
v 1.215451 -0.054540 -0.179405
v 1.229389 -0.056293 -0.186302
v 1.240451 -0.059024 -0.197045
v 1.247553 -0.062465 -0.210582
v 1.250000 -0.066279 -0.225588
v -1.250000 -0.038249 -0.234671
v -1.247553 -0.032510 -0.220288
v -1.240451 -0.027333 -0.207314
v -1.229389 -0.023224 -0.197017
v -1.215451 -0.020587 -0.190407
v -1.200000 -0.019678 -0.188129
v 1.200000 -0.019678 -0.188129
v 1.215451 -0.020587 -0.190407
v 1.229389 -0.023224 -0.197018
v 1.240451 -0.027333 -0.207314
v 1.247553 -0.032510 -0.220288
v 1.250000 -0.038249 -0.234671
v -1.250000 -0.012344 -0.247055
v -1.247553 -0.004735 -0.233567
v -1.240451 0.002130 -0.221399
v -1.229389 0.007577 -0.211743
v -1.215451 0.011074 -0.205543
v -1.200000 0.012280 -0.203407
v 1.200000 0.012280 -0.203407
v 1.215451 0.011074 -0.205543
v 1.229389 0.007577 -0.211743
v 1.240451 0.002129 -0.221400
v 1.247553 -0.004735 -0.233567
v 1.250000 -0.012344 -0.247055
v -1.250000 0.011242 -0.262551
v -1.247553 0.020612 -0.250220
v -1.240451 0.029064 -0.239096
v -1.229389 0.035772 -0.230268
v -1.215451 0.040079 -0.224600
v -1.200000 0.041563 -0.222647
v 1.200000 0.041563 -0.222647
v 1.215451 0.040079 -0.224600
v 1.229389 0.035772 -0.230268
v 1.240451 0.029064 -0.239096
v 1.247553 0.020612 -0.250220
v 1.250000 0.011242 -0.262551
v -1.250000 0.032314 -0.280967
v -1.247553 0.043282 -0.270033
v -1.240451 0.053177 -0.260170
v -1.229389 0.061030 -0.252342
v -1.215451 0.066071 -0.247316
v -1.200000 0.067808 -0.245584
v 1.200000 0.067808 -0.245584
v 1.215451 0.066071 -0.247316
v 1.229389 0.061029 -0.252342
v 1.240451 0.053177 -0.260170
v 1.247553 0.043282 -0.270033
v 1.250000 0.032314 -0.280967
v -1.250000 0.050677 -0.302113
v -1.247553 0.063037 -0.292781
v -1.240451 0.074187 -0.284362
v -1.229389 0.083035 -0.277681
v -1.215451 0.088716 -0.273391
v -1.200000 0.090674 -0.271913
v 1.200000 0.090674 -0.271913
v 1.215451 0.088716 -0.273391
v 1.229389 0.083035 -0.277681
v 1.240451 0.074187 -0.284362
v 1.247553 0.063037 -0.292781
v 1.250000 0.050677 -0.302113
v -1.250000 0.066138 -0.325796
v -1.247553 0.079647 -0.318224
v -1.240451 0.091833 -0.311394
v -1.229389 0.101504 -0.305973
v -1.215451 0.107714 -0.302492
v -1.200000 0.109853 -0.301293
v 1.200000 0.109853 -0.301293
v 1.215451 0.107713 -0.302492
v 1.229389 0.101504 -0.305973
v 1.240451 0.091833 -0.311394
v 1.247553 0.079647 -0.318224
v 1.250000 0.066138 -0.325796
v -1.250000 0.078501 -0.351827
v -1.247553 0.092896 -0.346121
v -1.240451 0.105882 -0.340973
v -1.229389 0.116188 -0.336888
v -1.215451 0.122804 -0.334265
v -1.200000 0.125084 -0.333362
v 1.200000 0.125084 -0.333362
v 1.215451 0.122804 -0.334265
v 1.229389 0.116188 -0.336888
v 1.240451 0.105882 -0.340973
v 1.247553 0.092896 -0.346121
v 1.250000 0.078501 -0.351827
v -1.250000 0.087573 -0.380014
v -1.247553 0.102585 -0.376224
v -1.240451 0.116127 -0.372806
v -1.229389 0.126874 -0.370093
v -1.215451 0.133774 -0.368351
v -1.200000 0.136152 -0.367751
v 1.200000 0.136152 -0.367751
v 1.215451 0.133774 -0.368351
v 1.229389 0.126874 -0.370093
v 1.240451 0.116127 -0.372806
v 1.247553 0.102585 -0.376224
v 1.250000 0.087573 -0.380014
v -1.250000 0.093159 -0.410166
v -1.247553 0.108525 -0.408291
v -1.240451 0.122388 -0.406600
v -1.229389 0.133389 -0.405258
v -1.215451 0.140452 -0.404397
v -1.200000 0.142886 -0.404100
v 1.200000 0.142886 -0.404100
v 1.215451 0.140452 -0.404397
v 1.229389 0.133389 -0.405258
v 1.240451 0.122387 -0.406600
v 1.247553 0.108525 -0.408291
v 1.250000 0.093159 -0.410166
v -1.250000 0.095064 -0.442092
v -1.247553 0.110521 -0.441741
v -1.240451 0.124466 -0.441425
v -1.229389 0.135532 -0.441173
v -1.215451 0.142637 -0.441012
v -1.200000 0.145085 -0.440956
v 1.200000 0.145085 -0.440956
v 1.215451 0.142637 -0.441012
v 1.229389 0.135532 -0.441173
v 1.240451 0.124465 -0.441425
v 1.247553 0.110521 -0.441741
v 1.250000 0.095064 -0.442092
v -1.250000 0.094958 -0.449557
v -1.247553 0.110404 -0.450004
v -1.240451 0.124338 -0.450408
v -1.229389 0.135396 -0.450728
v -1.215451 0.142496 -0.450934
v -1.200000 0.144942 -0.451005
v 1.200000 0.144942 -0.451005
v 1.215451 0.142496 -0.450934
v 1.229389 0.135396 -0.450728
v 1.240451 0.124338 -0.450408
v 1.247553 0.110404 -0.450004
v 1.250000 0.094958 -0.449557
v -1.250000 0.094633 -0.456972
v -1.247553 0.110059 -0.457887
v -1.240451 0.123975 -0.458712
v -1.229389 0.135018 -0.459366
v -1.215451 0.142108 -0.459787
v -1.200000 0.144552 -0.459932
v 1.200000 0.144551 -0.459932
v 1.215451 0.142108 -0.459787
v 1.229389 0.135018 -0.459366
v 1.240451 0.123974 -0.458712
v 1.247553 0.110059 -0.457887
v 1.250000 0.094633 -0.456972
v -1.250000 0.094079 -0.464374
v -1.247553 0.109469 -0.465772
v -1.240451 0.123352 -0.467033
v -1.229389 0.134370 -0.468033
v -1.215451 0.141443 -0.468676
v -1.200000 0.143881 -0.468897
v 1.200000 0.143881 -0.468897
v 1.215451 0.141443 -0.468676
v 1.229389 0.134369 -0.468033
v 1.240451 0.123352 -0.467033
v 1.247553 0.109469 -0.465772
v 1.250000 0.094079 -0.464374
v -1.250000 0.093286 -0.471796
v -1.247553 0.108623 -0.473685
v -1.240451 0.122459 -0.475390
v -1.229389 0.133439 -0.476742
v -1.215451 0.140488 -0.477610
v -1.200000 0.142917 -0.477910
v 1.200000 0.142917 -0.477910
v 1.215451 0.140488 -0.477610
v 1.229389 0.133439 -0.476742
v 1.240451 0.122459 -0.475390
v 1.247553 0.108623 -0.473685
v 1.250000 0.093286 -0.471796
v -1.250000 0.092243 -0.479274
v -1.247553 0.107511 -0.481654
v -1.240451 0.121285 -0.483801
v -1.229389 0.132216 -0.485505
v -1.215451 0.139234 -0.486598
v -1.200000 0.141652 -0.486975
v 1.200000 0.141652 -0.486975
v 1.215451 0.139234 -0.486598
v 1.229389 0.132216 -0.485505
v 1.240451 0.121285 -0.483801
v 1.247553 0.107511 -0.481654
v 1.250000 0.092243 -0.479274
v -1.250000 0.090939 -0.486842
v -1.247553 0.106124 -0.489704
v -1.240451 0.119823 -0.492285
v -1.229389 0.130695 -0.494334
v -1.215451 0.137675 -0.495649
v -1.200000 0.140080 -0.496102
v 1.200000 0.140080 -0.496102
v 1.215451 0.137675 -0.495649
v 1.229389 0.130695 -0.494334
v 1.240451 0.119823 -0.492285
v 1.247553 0.106124 -0.489704
v 1.250000 0.090939 -0.486842
v -1.250000 0.089364 -0.494536
v -1.247553 0.104454 -0.497862
v -1.240451 0.118068 -0.500863
v -1.229389 0.128871 -0.503245
v -1.215451 0.135807 -0.504774
v -1.200000 0.138197 -0.505301
v 1.200000 0.138197 -0.505301
v 1.215451 0.135807 -0.504774
v 1.229389 0.128871 -0.503245
v 1.240451 0.118067 -0.500863
v 1.247553 0.104454 -0.497862
v 1.250000 0.089364 -0.494536
v -1.250000 0.087508 -0.502389
v -1.247553 0.102494 -0.506158
v -1.240451 0.116013 -0.509559
v -1.229389 0.126741 -0.512257
v -1.215451 0.133629 -0.513990
v -1.200000 0.136003 -0.514587
v 1.200000 0.136003 -0.514587
v 1.215451 0.133629 -0.513990
v 1.229389 0.126741 -0.512257
v 1.240451 0.116013 -0.509559
v 1.247553 0.102494 -0.506158
v 1.250000 0.087508 -0.502389
v -1.250000 0.085361 -0.510436
v -1.247553 0.100235 -0.514621
v -1.240451 0.113654 -0.518397
v -1.229389 0.124303 -0.521393
v -1.215451 0.131140 -0.523317
v -1.200000 0.133496 -0.523980
v 1.200000 0.133496 -0.523980
v 1.215451 0.131140 -0.523317
v 1.229389 0.124303 -0.521393
v 1.240451 0.113654 -0.518397
v 1.247553 0.100235 -0.514621
v 1.250000 0.085361 -0.510436
v -1.250000 0.082911 -0.518713
v -1.247553 0.097672 -0.523283
v -1.240451 0.110987 -0.527406
v -1.229389 0.121555 -0.530679
v -1.215451 0.128340 -0.532779
v -1.200000 0.130678 -0.533503
v 1.200000 0.130677 -0.533503
v 1.215451 0.128340 -0.532779
v 1.229389 0.121555 -0.530679
v 1.240451 0.110987 -0.527406
v 1.247553 0.097672 -0.523283
v 1.250000 0.082911 -0.518713
v -1.250000 0.080149 -0.527253
v -1.247553 0.094795 -0.532177
v -1.240451 0.108008 -0.536619
v -1.229389 0.118494 -0.540144
v -1.215451 0.125226 -0.542407
v -1.200000 0.127546 -0.543187
v 1.200000 0.127546 -0.543187
v 1.215451 0.125226 -0.542407
v 1.229389 0.118494 -0.540144
v 1.240451 0.108008 -0.536619
v 1.247553 0.094795 -0.532177
v 1.250000 0.080149 -0.527253
v -1.250000 0.077064 -0.536092
v -1.247553 0.098821 -0.520642
v -1.240451 0.118449 -0.506703
v -1.229389 0.134026 -0.495642
v -1.215451 0.144027 -0.488540
v -1.200000 0.147473 -0.486092
v 1.200000 0.147473 -0.486092
v 1.215451 0.144027 -0.488540
v 1.229389 0.134026 -0.495642
v 1.240451 0.118449 -0.506703
v 1.247553 0.098821 -0.520642
v 1.250000 0.077064 -0.536092
v -1.250000 0.319064 -0.536092
v -1.247553 0.334515 -0.520642
v -1.240451 0.348453 -0.506703
v -1.229389 0.359515 -0.495642
v -1.215451 0.366617 -0.488540
v -1.200000 0.369064 -0.486092
v 1.200000 0.369064 -0.486092
v 1.215451 0.366617 -0.488540
v 1.229389 0.359515 -0.495642
v 1.240451 0.348453 -0.506703
v 1.247553 0.334515 -0.520642
v 1.250000 0.319064 -0.536092
v -1.250000 0.319064 -0.625093
v -1.247553 0.334515 -0.640543
v -1.240451 0.348453 -0.654482
v -1.229389 0.359515 -0.665543
v -1.215451 0.366617 -0.672645
v -1.200000 0.369064 -0.675092
v 1.200000 0.369064 -0.675092
v 1.215451 0.366617 -0.672645
v 1.229389 0.359515 -0.665543
v 1.240451 0.348453 -0.654482
v 1.247553 0.334515 -0.640543
v 1.250000 0.319064 -0.625093
v -1.250000 -0.362936 -0.625093
v -1.247553 -0.378387 -0.640543
v -1.240451 -0.392325 -0.654482
v -1.229389 -0.403387 -0.665543
v -1.215451 -0.410489 -0.672645
v -1.200000 -0.412936 -0.675092
v 1.200000 -0.412936 -0.675092
v 1.215451 -0.410489 -0.672645
v 1.229389 -0.403387 -0.665543
v 1.240451 -0.392326 -0.654482
v 1.247553 -0.378387 -0.640543
v 1.250000 -0.362936 -0.625093
v -1.250000 0.000919 -0.528730
v -1.247553 -0.013552 -0.523312
v -1.240451 -0.026606 -0.518425
v -1.229389 -0.036966 -0.514546
v -1.215451 -0.043618 -0.512056
v -1.200000 -0.045910 -0.511197
v 1.200000 -0.045910 -0.511197
v 1.215451 -0.043618 -0.512056
v 1.229389 -0.036966 -0.514546
v 1.240451 -0.026606 -0.518425
v 1.247553 -0.013552 -0.523312
v 1.250000 0.000919 -0.528730
v -1.250000 0.003490 -0.521611
v -1.247553 -0.011113 -0.516558
v -1.240451 -0.024286 -0.512000
v -1.229389 -0.034741 -0.508382
v -1.215451 -0.041453 -0.506060
v -1.200000 -0.043766 -0.505259
v 1.200000 -0.043766 -0.505259
v 1.215451 -0.041453 -0.506060
v 1.229389 -0.034741 -0.508382
v 1.240451 -0.024286 -0.512000
v 1.247553 -0.011113 -0.516558
v 1.250000 0.003490 -0.521611
v -1.250000 0.005783 -0.514686
v -1.247553 -0.008958 -0.510049
v -1.240451 -0.022255 -0.505865
v -1.229389 -0.032808 -0.502545
v -1.215451 -0.039583 -0.500413
v -1.200000 -0.041918 -0.499679
v 1.200000 -0.041918 -0.499679
v 1.215451 -0.039583 -0.500413
v 1.229389 -0.032808 -0.502545
v 1.240451 -0.022255 -0.505865
v 1.247553 -0.008958 -0.510049
v 1.250000 0.005782 -0.514686
v -1.250000 0.007805 -0.507907
v -1.247553 -0.007074 -0.503732
v -1.240451 -0.020495 -0.499966
v -1.229389 -0.031147 -0.496976
v -1.215451 -0.037986 -0.495057
v -1.200000 -0.040342 -0.494396
v 1.200000 -0.040342 -0.494396
v 1.215451 -0.037986 -0.495057
v 1.229389 -0.031147 -0.496976
v 1.240451 -0.020496 -0.499966
v 1.247553 -0.007074 -0.503732
v 1.250000 0.007804 -0.507907
v -1.250000 0.009563 -0.501225
v -1.247553 -0.005448 -0.497553
v -1.240451 -0.018989 -0.494241
v -1.229389 -0.029735 -0.491611
v -1.215451 -0.036635 -0.489924
v -1.200000 -0.039012 -0.489342
v 1.200000 -0.039013 -0.489342
v 1.215451 -0.036635 -0.489924
v 1.229389 -0.029735 -0.491611
v 1.240451 -0.018989 -0.494241
v 1.247553 -0.005448 -0.497553
v 1.250000 0.009563 -0.501225
v -1.250000 0.011064 -0.494592
v -1.247553 -0.004068 -0.491454
v -1.240451 -0.017718 -0.488623
v -1.229389 -0.028551 -0.486376
v -1.215451 -0.035506 -0.484934
v -1.200000 -0.037902 -0.484437
v 1.200000 -0.037902 -0.484437
v 1.215451 -0.035506 -0.484934
v 1.229389 -0.028551 -0.486376
v 1.240451 -0.017718 -0.488623
v 1.247553 -0.004068 -0.491454
v 1.250000 0.011064 -0.494592
v -1.250000 0.012315 -0.487959
v -1.247553 -0.002921 -0.485374
v -1.240451 -0.016665 -0.483042
v -1.229389 -0.027572 -0.481191
v -1.215451 -0.034575 -0.480002
v -1.200000 -0.036989 -0.479593
v 1.200000 -0.036989 -0.479593
v 1.215451 -0.034576 -0.480002
v 1.229389 -0.027573 -0.481191
v 1.240451 -0.016665 -0.483042
v 1.247553 -0.002921 -0.485374
v 1.250000 0.012315 -0.487959
v -1.250000 0.013323 -0.481278
v -1.247553 -0.001997 -0.479250
v -1.240451 -0.015817 -0.477421
v -1.229389 -0.026785 -0.475970
v -1.215451 -0.033827 -0.475038
v -1.200000 -0.036253 -0.474717
v 1.200000 -0.036253 -0.474717
v 1.215451 -0.033827 -0.475038
v 1.229389 -0.026785 -0.475970
v 1.240451 -0.015817 -0.477421
v 1.247553 -0.001997 -0.479250
v 1.250000 0.013323 -0.481278
v -1.250000 0.014095 -0.474499
v -1.247553 -0.001287 -0.473020
v -1.240451 -0.015164 -0.471687
v -1.229389 -0.026176 -0.470628
v -1.215451 -0.033247 -0.469949
v -1.200000 -0.035683 -0.469715
v 1.200000 -0.035683 -0.469715
v 1.215451 -0.033247 -0.469949
v 1.229389 -0.026177 -0.470628
v 1.240451 -0.015164 -0.471687
v 1.247553 -0.001287 -0.473020
v 1.250000 0.014095 -0.474499
v -1.250000 0.014638 -0.467574
v -1.247553 -0.000786 -0.466622
v -1.240451 -0.014700 -0.465764
v -1.229389 -0.025742 -0.465083
v -1.215451 -0.032831 -0.464645
v -1.200000 -0.035274 -0.464495
v 1.200000 -0.035274 -0.464495
v 1.215451 -0.032831 -0.464645
v 1.229389 -0.025742 -0.465083
v 1.240451 -0.014700 -0.465764
v 1.247553 -0.000786 -0.466622
v 1.250000 0.014638 -0.467574
v -1.250000 0.014959 -0.460455
v -1.247553 -0.000487 -0.459997
v -1.240451 -0.014421 -0.459583
v -1.229389 -0.025479 -0.459255
v -1.215451 -0.032579 -0.459045
v -1.200000 -0.035025 -0.458972
v 1.200000 -0.035026 -0.458972
v 1.215451 -0.032579 -0.459045
v 1.229389 -0.025479 -0.459255
v 1.240451 -0.014421 -0.459583
v 1.247553 -0.000487 -0.459997
v 1.250000 0.014958 -0.460455
v -1.250000 0.015064 -0.453092
v -1.247553 -0.000394 -0.453453
v -1.240451 -0.014338 -0.453778
v -1.229389 -0.025405 -0.454035
v -1.215451 -0.032510 -0.454201
v -1.200000 -0.034958 -0.454258
v 1.200000 -0.034958 -0.454258
v 1.215451 -0.032510 -0.454201
v 1.229389 -0.025405 -0.454035
v 1.240451 -0.014338 -0.453778
v 1.247553 -0.000394 -0.453453
v 1.250000 0.015064 -0.453092
v -1.250000 0.013790 -0.432193
v -1.247553 -0.001572 -0.434122
v -1.240451 -0.015431 -0.435862
v -1.229389 -0.026428 -0.437243
v -1.215451 -0.033490 -0.438130
v -1.200000 -0.035923 -0.438436
v 1.200000 -0.035923 -0.438436
v 1.215451 -0.033490 -0.438130
v 1.229389 -0.026429 -0.437243
v 1.240451 -0.015431 -0.435862
v 1.247553 -0.001572 -0.434122
v 1.250000 0.013789 -0.432193
v -1.250000 0.010036 -0.412565
v -1.247553 -0.004944 -0.416492
v -1.240451 -0.018457 -0.420035
v -1.229389 -0.029181 -0.422848
v -1.215451 -0.036067 -0.424653
v -1.200000 -0.038439 -0.425275
v 1.200000 -0.038439 -0.425275
v 1.215451 -0.036067 -0.424653
v 1.229389 -0.029182 -0.422848
v 1.240451 -0.018457 -0.420035
v 1.247553 -0.004944 -0.416492
v 1.250000 0.010036 -0.412565
v -1.250000 0.003908 -0.394311
v -1.247553 -0.010394 -0.400258
v -1.240451 -0.023296 -0.405623
v -1.229389 -0.033535 -0.409881
v -1.215451 -0.040109 -0.412614
v -1.200000 -0.042374 -0.413556
v 1.200000 -0.042374 -0.413556
v 1.215451 -0.040109 -0.412614
v 1.229389 -0.033535 -0.409881
v 1.240451 -0.023296 -0.405623
v 1.247553 -0.010394 -0.400258
v 1.250000 0.003907 -0.394311
v -1.250000 -0.004492 -0.377537
v -1.247553 -0.017810 -0.385448
v -1.240451 -0.029825 -0.392584
v -1.229389 -0.039360 -0.398248
v -1.215451 -0.045482 -0.401884
v -1.200000 -0.047591 -0.403137
v 1.200000 -0.047591 -0.403137
v 1.215451 -0.045482 -0.401884
v 1.229389 -0.039360 -0.398248
v 1.240451 -0.029825 -0.392584
v 1.247553 -0.017810 -0.385448
v 1.250000 -0.004492 -0.377537
v -1.250000 -0.015058 -0.362346
v -1.247553 -0.027105 -0.372084
v -1.240451 -0.037973 -0.380870
v -1.229389 -0.046597 -0.387842
v -1.215451 -0.052135 -0.392318
v -1.200000 -0.054043 -0.393861
v 1.200000 -0.054043 -0.393861
v 1.215451 -0.052135 -0.392318
v 1.229389 -0.046598 -0.387842
v 1.240451 -0.037973 -0.380870
v 1.247553 -0.027105 -0.372084
v 1.250000 -0.015058 -0.362346
v -1.250000 -0.027686 -0.348842
v -1.247553 -0.038219 -0.360201
v -1.240451 -0.047720 -0.370447
v -1.229389 -0.055260 -0.378579
v -1.215451 -0.060102 -0.383800
v -1.200000 -0.061770 -0.385599
v 1.200000 -0.061770 -0.385599
v 1.215451 -0.060102 -0.383800
v 1.229389 -0.055261 -0.378579
v 1.240451 -0.047720 -0.370447
v 1.247553 -0.038219 -0.360201
v 1.250000 -0.027686 -0.348842
v -1.250000 -0.042273 -0.337131
v -1.247553 -0.051112 -0.349848
v -1.240451 -0.059086 -0.361321
v -1.229389 -0.065414 -0.370426
v -1.215451 -0.069477 -0.376272
v -1.200000 -0.070877 -0.378286
v 1.200000 -0.070877 -0.378286
v 1.215451 -0.069477 -0.376272
v 1.229389 -0.065414 -0.370426
v 1.240451 -0.059086 -0.361321
v 1.247553 -0.051112 -0.349848
v 1.250000 -0.042273 -0.337131
v -1.250000 -0.058714 -0.327315
v -1.247553 -0.065755 -0.341106
v -1.240451 -0.072106 -0.353548
v -1.229389 -0.077147 -0.363421
v -1.215451 -0.080383 -0.369761
v -1.200000 -0.081498 -0.371945
v 1.200000 -0.081499 -0.371945
v 1.215451 -0.080383 -0.369761
v 1.229389 -0.077147 -0.363421
v 1.240451 -0.072106 -0.353548
v 1.247553 -0.065755 -0.341106
v 1.250000 -0.058714 -0.327315
v -1.250000 -0.076905 -0.319499
v -1.247553 -0.082113 -0.334078
v -1.240451 -0.086811 -0.347230
v -1.229389 -0.090539 -0.357667
v -1.215451 -0.092933 -0.364368
v -1.200000 -0.093758 -0.366678
v 1.200000 -0.093758 -0.366678
v 1.215451 -0.092933 -0.364368
v 1.229389 -0.090539 -0.357667
v 1.240451 -0.086811 -0.347230
v 1.247553 -0.082113 -0.334078
v 1.250000 -0.076905 -0.319499
v -1.250000 -0.096742 -0.313787
v -1.247553 -0.100140 -0.328887
v -1.240451 -0.103207 -0.342509
v -1.229389 -0.105640 -0.353319
v -1.215451 -0.107202 -0.360260
v -1.200000 -0.107740 -0.362651
v 1.200000 -0.107740 -0.362651
v 1.215451 -0.107202 -0.360260
v 1.229389 -0.105640 -0.353319
v 1.240451 -0.103207 -0.342509
v 1.247553 -0.100141 -0.328887
v 1.250000 -0.096742 -0.313787
v -1.250000 -0.118120 -0.310283
v -1.247553 -0.119777 -0.325669
v -1.240451 -0.121272 -0.339548
v -1.229389 -0.122459 -0.350563
v -1.215451 -0.123220 -0.357635
v -1.200000 -0.123483 -0.360072
v 1.200000 -0.123483 -0.360072
v 1.215451 -0.123220 -0.357635
v 1.229389 -0.122459 -0.350563
v 1.240451 -0.121272 -0.339548
v 1.247553 -0.119777 -0.325669
v 1.250000 -0.118120 -0.310283
v -1.250000 -0.140936 -0.309092
v -1.247553 -0.141065 -0.324558
v -1.240451 -0.141182 -0.338509
v -1.229389 -0.141274 -0.349581
v -1.215451 -0.141333 -0.356689
v -1.200000 -0.141354 -0.359139
v 1.200000 -0.141354 -0.359139
v 1.215451 -0.141334 -0.356689
v 1.229389 -0.141274 -0.349581
v 1.240451 -0.141182 -0.338509
v 1.247553 -0.141065 -0.324558
v 1.250000 -0.140936 -0.309092
v -1.250000 -0.161474 -0.309821
v -1.247553 -0.160307 -0.325240
v -1.240451 -0.159255 -0.339150
v -1.229389 -0.158419 -0.350189
v -1.215451 -0.157883 -0.357276
v -1.200000 -0.157698 -0.359718
v 1.200000 -0.157698 -0.359718
v 1.215451 -0.157883 -0.357276
v 1.229389 -0.158419 -0.350189
v 1.240451 -0.159255 -0.339150
v 1.247553 -0.160307 -0.325240
v 1.250000 -0.161474 -0.309821
v -1.250000 -0.180992 -0.312088
v -1.247553 -0.178478 -0.327351
v -1.240451 -0.176211 -0.341119
v -1.229389 -0.174412 -0.352046
v -1.215451 -0.173256 -0.359062
v -1.200000 -0.172858 -0.361479
v 1.200000 -0.172858 -0.361479
v 1.215451 -0.173257 -0.359062
v 1.229389 -0.174412 -0.352046
v 1.240451 -0.176211 -0.341119
v 1.247553 -0.178478 -0.327351
v 1.250000 -0.180992 -0.312088
v -1.250000 -0.199342 -0.316014
v -1.247553 -0.195259 -0.330941
v -1.240451 -0.191576 -0.344407
v -1.229389 -0.188652 -0.355093
v -1.215451 -0.186775 -0.361955
v -1.200000 -0.186129 -0.364319
v 1.200000 -0.186129 -0.364319
v 1.215451 -0.186775 -0.361955
v 1.229389 -0.188652 -0.355093
v 1.240451 -0.191576 -0.344407
v 1.247553 -0.195259 -0.330941
v 1.250000 -0.199343 -0.316014
v -1.250000 -0.216381 -0.321722
v -1.247553 -0.210511 -0.336050
v -1.240451 -0.205215 -0.348976
v -1.229389 -0.201013 -0.359234
v -1.215451 -0.198315 -0.365820
v -1.200000 -0.197385 -0.368090
v 1.200000 -0.197385 -0.368090
v 1.215451 -0.198315 -0.365820
v 1.229389 -0.201013 -0.359234
v 1.240451 -0.205215 -0.348976
v 1.247553 -0.210511 -0.336050
v 1.250000 -0.216381 -0.321722
v -1.250000 -0.231960 -0.329333
v -1.247553 -0.224141 -0.342709
v -1.240451 -0.217088 -0.354776
v -1.229389 -0.211490 -0.364352
v -1.215451 -0.207896 -0.370500
v -1.200000 -0.206657 -0.372619
v 1.200000 -0.206657 -0.372619
v 1.215451 -0.207896 -0.370500
v 1.229389 -0.211490 -0.364352
v 1.240451 -0.217088 -0.354776
v 1.247553 -0.224141 -0.342709
v 1.250000 -0.231961 -0.329333
v -1.250000 -0.245936 -0.338967
v -1.247553 -0.236126 -0.350971
v -1.240451 -0.227275 -0.361799
v -1.229389 -0.220252 -0.370392
v -1.215451 -0.215742 -0.375910
v -1.200000 -0.214188 -0.377811
v 1.200000 -0.214188 -0.377811
v 1.215451 -0.215742 -0.375910
v 1.229389 -0.220252 -0.370392
v 1.240451 -0.227275 -0.361799
v 1.247553 -0.236126 -0.350971
v 1.250000 -0.245936 -0.338967
v -1.250000 -0.258162 -0.350748
v -1.247553 -0.246493 -0.360961
v -1.240451 -0.235967 -0.370175
v -1.229389 -0.227614 -0.377486
v -1.215451 -0.222250 -0.382181
v -1.200000 -0.220402 -0.383798
v 1.200000 -0.220402 -0.383798
v 1.215451 -0.222250 -0.382181
v 1.229389 -0.227614 -0.377486
v 1.240451 -0.235967 -0.370175
v 1.247553 -0.246494 -0.360961
v 1.250000 -0.258162 -0.350748
v -1.250000 -0.268492 -0.364796
v -1.247553 -0.255278 -0.372907
v -1.240451 -0.243357 -0.380225
v -1.229389 -0.233897 -0.386032
v -1.215451 -0.227823 -0.389760
v -1.200000 -0.225731 -0.391045
v 1.200000 -0.225731 -0.391045
v 1.215451 -0.227824 -0.389760
v 1.229389 -0.233897 -0.386032
v 1.240451 -0.243357 -0.380225
v 1.247553 -0.255278 -0.372907
v 1.250000 -0.268492 -0.364796
v -1.250000 -0.276780 -0.381233
v -1.247553 -0.262442 -0.387115
v -1.240451 -0.249507 -0.392420
v -1.229389 -0.239242 -0.396631
v -1.215451 -0.232651 -0.399334
v -1.200000 -0.230380 -0.400266
v 1.200000 -0.230380 -0.400266
v 1.215451 -0.232651 -0.399334
v 1.229389 -0.239242 -0.396631
v 1.240451 -0.249507 -0.392420
v 1.247553 -0.262442 -0.387115
v 1.250000 -0.276780 -0.381233
v -1.250000 -0.282881 -0.400180
v -1.247553 -0.267844 -0.403895
v -1.240451 -0.254280 -0.407245
v -1.229389 -0.243516 -0.409904
v -1.215451 -0.236604 -0.411611
v -1.200000 -0.234223 -0.412200
v 1.200000 -0.234223 -0.412200
v 1.215451 -0.236604 -0.411611
v 1.229389 -0.243516 -0.409904
v 1.240451 -0.254280 -0.407245
v 1.247553 -0.267845 -0.403895
v 1.250000 -0.282881 -0.400180
v -1.250000 -0.286648 -0.421760
v -1.247553 -0.271268 -0.423503
v -1.240451 -0.257393 -0.425076
v -1.229389 -0.246382 -0.426324
v -1.215451 -0.239313 -0.427125
v -1.200000 -0.236877 -0.427401
v 1.200000 -0.236877 -0.427401
v 1.215451 -0.239313 -0.427125
v 1.229389 -0.246382 -0.426324
v 1.240451 -0.257393 -0.425076
v 1.247553 -0.271268 -0.423503
v 1.250000 -0.286648 -0.421760
v -1.250000 -0.287936 -0.446092
v -1.247553 -0.272485 -0.446501
v -1.240451 -0.258547 -0.446870
v -1.229389 -0.247485 -0.447162
v -1.215451 -0.240383 -0.447350
v -1.200000 -0.237936 -0.447415
v 1.200000 -0.237936 -0.447415
v 1.215451 -0.240383 -0.447350
v 1.229389 -0.247485 -0.447162
v 1.240451 -0.258547 -0.446870
v 1.247553 -0.272485 -0.446501
v 1.250000 -0.287936 -0.446092
v -1.250000 -0.287936 -0.536092
v -1.247553 -0.272485 -0.520642
v -1.240451 -0.258547 -0.506703
v -1.229389 -0.247485 -0.495642
v -1.215451 -0.240383 -0.488540
v -1.200000 -0.237936 -0.486092
v 1.200000 -0.237936 -0.486092
v 1.215451 -0.240383 -0.488540
v 1.229389 -0.247485 -0.495642
v 1.240451 -0.258547 -0.506703
v 1.247553 -0.272485 -0.520642
v 1.250000 -0.287936 -0.536092
v -1.250000 -0.001936 -0.536092
v -1.247553 -0.012516 -0.520642
v -1.240451 -0.022060 -0.506703
v -1.229389 -0.029635 -0.495642
v -1.215451 -0.034498 -0.488540
v -1.200000 -0.036174 -0.486092
v 1.200000 -0.036174 -0.486092
v 1.215451 -0.034498 -0.488540
v 1.229389 -0.029635 -0.495642
v 1.240451 -0.022060 -0.506703
v 1.247553 -0.012516 -0.520642
v 1.250000 -0.001936 -0.536092
vn 1.0000 -0.0000 -0.0000
vn -1.0000 -0.0000 -0.0000
vn -0.9505 0.2837 0.1264
vn -0.9505 0.2882 0.1159
vn -0.9877 0.1451 0.0583
vn -0.9877 0.1429 0.0637
vn -0.8082 0.5379 0.2397
vn -0.8082 0.5464 0.2197
vn -0.5870 0.7395 0.3295
vn -0.5870 0.7512 0.3020
vn -0.3085 0.8689 0.3871
vn -0.3085 0.8825 0.3549
vn -0.0784 0.9106 0.4057
vn -0.0784 0.9249 0.3719
vn 0.0784 0.9106 0.4057
vn 0.0784 0.9249 0.3719
vn 0.3085 0.8689 0.3871
vn 0.3085 0.8825 0.3549
vn 0.5870 0.7395 0.3295
vn 0.5870 0.7512 0.3020
vn 0.8082 0.5379 0.2397
vn 0.8082 0.5464 0.2197
vn 0.9505 0.2837 0.1264
vn 0.9505 0.2882 0.1159
vn 0.9877 0.1429 0.0637
vn 0.9877 0.1451 0.0583
vn -0.9505 0.2926 0.1046
vn -0.9877 0.1473 0.0527
vn -0.8081 0.5546 0.1983
vn -0.5869 0.7624 0.2726
vn -0.3085 0.8957 0.3202
vn -0.0784 0.9387 0.3356
vn 0.0784 0.9387 0.3356
vn 0.3085 0.8957 0.3202
vn 0.5869 0.7624 0.2726
vn 0.8081 0.5546 0.1983
vn 0.9505 0.2926 0.1046
vn 0.9877 0.1473 0.0527
vn -0.9505 0.2967 0.0927
vn -0.9877 0.1493 0.0466
vn -0.8081 0.5622 0.1757
vn -0.5869 0.7728 0.2415
vn -0.3085 0.9079 0.2837
vn -0.0784 0.9515 0.2974
vn 0.0784 0.9515 0.2974
vn 0.3085 0.9079 0.2837
vn 0.5869 0.7728 0.2415
vn 0.8081 0.5622 0.1757
vn 0.9505 0.2967 0.0927
vn 0.9877 0.1493 0.0467
vn -0.9505 0.3003 0.0804
vn -0.9877 0.1511 0.0404
vn -0.8081 0.5690 0.1523
vn -0.5869 0.7821 0.2093
vn -0.3085 0.9189 0.2459
vn -0.0784 0.9630 0.2578
vn 0.0784 0.9630 0.2578
vn 0.3085 0.9189 0.2459
vn 0.5869 0.7821 0.2093
vn 0.8081 0.5690 0.1523
vn 0.9505 0.3003 0.0804
vn 0.9877 0.1511 0.0404
vn -0.9505 0.3033 0.0678
vn -0.9877 0.1526 0.0341
vn -0.8081 0.5749 0.1285
vn -0.5869 0.7902 0.1767
vn -0.3085 0.9283 0.2076
vn -0.0784 0.9729 0.2175
vn 0.0784 0.9729 0.2175
vn 0.3085 0.9283 0.2076
vn 0.5869 0.7902 0.1767
vn 0.8081 0.5749 0.1285
vn 0.9505 0.3033 0.0678
vn 0.9877 0.1526 0.0341
vn -0.9505 0.3058 0.0553
vn -0.9877 0.1539 0.0278
vn -0.8081 0.5796 0.1048
vn -0.5869 0.7967 0.1441
vn -0.3085 0.9361 0.1693
vn -0.0784 0.9810 0.1774
vn 0.0784 0.9810 0.1774
vn 0.3085 0.9361 0.1693
vn 0.5869 0.7967 0.1441
vn 0.8081 0.5796 0.1048
vn 0.9505 0.3058 0.0553
vn 0.9877 0.1539 0.0278
vn -0.9505 0.3077 0.0430
vn -0.9877 0.1549 0.0217
vn -0.8081 0.5833 0.0816
vn -0.5869 0.8018 0.1122
vn -0.3085 0.9421 0.1318
vn -0.0784 0.9873 0.1381
vn 0.0784 0.9873 0.1381
vn 0.3085 0.9421 0.1318
vn 0.5869 0.8018 0.1122
vn 0.8081 0.5833 0.0816
vn 0.9505 0.3077 0.0430
vn 0.9877 0.1549 0.0217
vn -0.9505 0.3091 0.0313
vn -0.9877 0.1556 0.0157
vn -0.8082 0.5859 0.0592
vn -0.5870 0.8055 0.0814
vn -0.3085 0.9464 0.0957
vn -0.0784 0.9919 0.1003
vn 0.0784 0.9919 0.1003
vn 0.3085 0.9464 0.0957
vn 0.5870 0.8055 0.0814
vn 0.8082 0.5859 0.0592
vn 0.9505 0.3091 0.0313
vn 0.9877 0.1556 0.0157
vn -0.9506 0.3099 0.0201
vn -0.9877 0.1561 0.0101
vn -0.8082 0.5876 0.0381
vn -0.5870 0.8079 0.0524
vn -0.3085 0.9492 0.0615
vn -0.0784 0.9948 0.0645
vn 0.0784 0.9948 0.0645
vn 0.3086 0.9492 0.0615
vn 0.5870 0.8079 0.0524
vn 0.8082 0.5876 0.0381
vn 0.9506 0.3099 0.0201
vn 0.9877 0.1561 0.0101
vn -0.9506 0.3103 0.0097
vn -0.9877 0.1563 0.0049
vn -0.8083 0.5885 0.0184
vn -0.5871 0.8091 0.0252
vn -0.3086 0.9507 0.0297
vn -0.0784 0.9964 0.0311
vn 0.0784 0.9964 0.0311
vn 0.3086 0.9507 0.0297
vn 0.5871 0.8091 0.0252
vn 0.8083 0.5885 0.0184
vn 0.9506 0.3103 0.0097
vn 0.9877 0.1563 0.0049
vn -0.9502 0.3117 -0.0052
vn -0.9877 0.1563 -0.0026
vn -0.8076 0.5896 -0.0099
vn -0.5865 0.8099 -0.0136
vn -0.3082 0.9512 -0.0160
vn -0.0784 0.9968 -0.0167
vn 0.0784 0.9968 -0.0167
vn 0.3082 0.9512 -0.0160
vn 0.5865 0.8099 -0.0136
vn 0.8076 0.5896 -0.0099
vn 0.9502 0.3117 -0.0052
vn 0.9877 0.1563 -0.0026
vn -0.9497 0.3117 -0.0314
vn -0.9877 0.1554 -0.0157
vn -0.8069 0.5877 -0.0592
vn -0.5858 0.8063 -0.0813
vn -0.3079 0.9466 -0.0954
vn -0.0784 0.9919 -0.1000
vn 0.0784 0.9919 -0.1000
vn 0.3079 0.9466 -0.0954
vn 0.5858 0.8063 -0.0813
vn 0.8069 0.5877 -0.0592
vn 0.9497 0.3117 -0.0314
vn 0.9877 0.1554 -0.0157
vn -0.9495 0.3068 -0.0649
vn -0.9877 0.1528 -0.0323
vn -0.8068 0.5781 -0.1222
vn -0.5857 0.7930 -0.1677
vn -0.3078 0.9309 -0.1968
vn -0.0784 0.9754 -0.2062
vn 0.0784 0.9754 -0.2062
vn 0.3078 0.9309 -0.1968
vn 0.5857 0.7930 -0.1677
vn 0.8068 0.5781 -0.1222
vn 0.9495 0.3068 -0.0649
vn 0.9877 0.1528 -0.0323
vn -0.9494 0.2975 -0.1003
vn -0.9877 0.1480 -0.0499
vn -0.8066 0.5601 -0.1888
vn -0.5856 0.7681 -0.2589
vn -0.3077 0.9016 -0.3039
vn -0.0784 0.9447 -0.3184
vn 0.0784 0.9447 -0.3184
vn 0.3077 0.9016 -0.3039
vn 0.5856 0.7681 -0.2589
vn 0.8066 0.5601 -0.1888
vn 0.9494 0.2975 -0.1003
vn 0.9877 0.1480 -0.0499
vn -0.9493 0.2829 -0.1369
vn -0.9877 0.1405 -0.0680
vn -0.8065 0.5322 -0.2575
vn -0.5855 0.7298 -0.3531
vn -0.3077 0.8565 -0.4144
vn -0.0784 0.8974 -0.4342
vn 0.0784 0.8974 -0.4342
vn 0.3077 0.8565 -0.4144
vn 0.5855 0.7298 -0.3531
vn 0.8065 0.5322 -0.2575
vn 0.9493 0.2829 -0.1369
vn 0.9877 0.1405 -0.0680
vn -0.9492 0.2623 -0.1736
vn -0.9877 0.1302 -0.0861
vn -0.8064 0.4932 -0.3263
vn -0.5854 0.6761 -0.4474
vn -0.3076 0.7935 -0.5250
vn -0.0784 0.8314 -0.5501
vn 0.0784 0.8314 -0.5501
vn 0.3076 0.7935 -0.5250
vn 0.5854 0.6761 -0.4474
vn 0.8064 0.4932 -0.3263
vn 0.9492 0.2623 -0.1736
vn 0.9877 0.1302 -0.0861
vn -0.9492 0.2355 -0.2089
vn -0.9878 0.1167 -0.1035
vn -0.8063 0.4425 -0.3925
vn -0.5853 0.6066 -0.5380
vn -0.3076 0.7119 -0.6313
vn -0.0784 0.7459 -0.6615
vn 0.0784 0.7459 -0.6615
vn 0.3076 0.7119 -0.6313
vn 0.5853 0.6066 -0.5380
vn 0.8063 0.4425 -0.3925
vn 0.9492 0.2355 -0.2089
vn 0.9878 0.1167 -0.1035
vn -0.9491 0.2027 -0.2410
vn -0.9878 0.1004 -0.1194
vn -0.8063 0.3808 -0.4527
vn -0.5853 0.5220 -0.6204
vn -0.3076 0.6126 -0.7281
vn -0.0784 0.6418 -0.7629
vn 0.0784 0.6418 -0.7629
vn 0.3076 0.6126 -0.7281
vn 0.5853 0.5220 -0.6204
vn 0.8063 0.3808 -0.4527
vn 0.9491 0.2027 -0.2410
vn 0.9878 0.1004 -0.1194
vn -0.9491 0.1650 -0.2682
vn -0.9878 0.0818 -0.1329
vn -0.8063 0.3100 -0.5038
vn -0.5853 0.4249 -0.6906
vn -0.3076 0.4986 -0.8104
vn -0.0784 0.5224 -0.8491
vn 0.0784 0.5224 -0.8491
vn 0.3076 0.4986 -0.8104
vn 0.5853 0.4249 -0.6906
vn 0.8063 0.3100 -0.5038
vn 0.9491 0.1650 -0.2682
vn 0.9878 0.0818 -0.1329
vn -0.9492 0.1240 -0.2893
vn -0.9878 0.0615 -0.1434
vn -0.8063 0.2331 -0.5437
vn -0.5853 0.3195 -0.7452
vn -0.3076 0.3749 -0.8745
vn -0.0784 0.3928 -0.9163
vn 0.0784 0.3928 -0.9163
vn 0.3076 0.3749 -0.8745
vn 0.5853 0.3195 -0.7452
vn 0.8063 0.2331 -0.5437
vn 0.9492 0.1240 -0.2893
vn 0.9878 0.0615 -0.1434
vn -0.9492 0.0817 -0.3038
vn -0.9877 0.0405 -0.1507
vn -0.8064 0.1536 -0.5711
vn -0.5854 0.2106 -0.7829
vn -0.3076 0.2472 -0.9188
vn -0.0784 0.2590 -0.9627
vn 0.0784 0.2590 -0.9627
vn 0.3076 0.2472 -0.9188
vn 0.5854 0.2106 -0.7829
vn 0.8064 0.1536 -0.5711
vn 0.9492 0.0817 -0.3038
vn 0.9877 0.0405 -0.1507
vn -0.9493 0.0400 -0.3118
vn -0.9877 0.0199 -0.1548
vn -0.8065 0.0752 -0.5864
vn -0.5855 0.1031 -0.8041
vn -0.3077 0.1211 -0.9438
vn -0.0784 0.1268 -0.9888
vn 0.0784 0.1268 -0.9888
vn 0.3077 0.1211 -0.9438
vn 0.5855 0.1031 -0.8041
vn 0.8065 0.0752 -0.5864
vn 0.9493 0.0400 -0.3118
vn 0.9877 0.0199 -0.1548
vn -0.9498 0.0052 -0.3128
vn -0.9877 0.0026 -0.1562
vn -0.8071 0.0098 -0.5903
vn -0.5860 0.0134 -0.8102
vn -0.3080 0.0158 -0.9513
vn -0.0784 0.0165 -0.9968
vn 0.0784 0.0165 -0.9968
vn 0.3080 0.0158 -0.9513
vn 0.5860 0.0134 -0.8102
vn 0.8071 0.0098 -0.5903
vn 0.9498 0.0052 -0.3128
vn 0.9877 0.0026 -0.1562
vn -0.9501 -0.0192 -0.3112
vn -0.9877 -0.0096 -0.1561
vn -0.8076 -0.0363 -0.5886
vn -0.5864 -0.0498 -0.8085
vn -0.3082 -0.0585 -0.9495
vn -0.0784 -0.0613 -0.9950
vn 0.0784 -0.0613 -0.9950
vn 0.3082 -0.0585 -0.9495
vn 0.5864 -0.0498 -0.8085
vn 0.8076 -0.0363 -0.5886
vn 0.9501 -0.0192 -0.3112
vn 0.9877 -0.0096 -0.1561
vn -0.9500 -0.0413 -0.3095
vn -0.9877 -0.0207 -0.1550
vn -0.8074 -0.0781 -0.5848
vn -0.5862 -0.1072 -0.8030
vn -0.3081 -0.1259 -0.9430
vn -0.0784 -0.1319 -0.9882
vn 0.0784 -0.1319 -0.9882
vn 0.3081 -0.1259 -0.9430
vn 0.5862 -0.1072 -0.8030
vn 0.8074 -0.0781 -0.5848
vn 0.9500 -0.0413 -0.3095
vn 0.9877 -0.0207 -0.1550
vn -0.9498 -0.0668 -0.3055
vn -0.9877 -0.0334 -0.1527
vn -0.8072 -0.1261 -0.5767
vn -0.5861 -0.1731 -0.7916
vn -0.3080 -0.2033 -0.9294
vn -0.0784 -0.2130 -0.9739
vn 0.0784 -0.2130 -0.9739
vn 0.3080 -0.2033 -0.9294
vn 0.5861 -0.1731 -0.7916
vn 0.8072 -0.1261 -0.5767
vn 0.9498 -0.0668 -0.3055
vn 0.9877 -0.0334 -0.1527
vn -0.9497 -0.0951 -0.2983
vn -0.9877 -0.0475 -0.1489
vn -0.8070 -0.1795 -0.5626
vn -0.5859 -0.2463 -0.7721
vn -0.3079 -0.2891 -0.9064
vn -0.0784 -0.3029 -0.9498
vn 0.0784 -0.3029 -0.9498
vn 0.3079 -0.2891 -0.9064
vn 0.5859 -0.2463 -0.7721
vn 0.8070 -0.1795 -0.5626
vn 0.9497 -0.0951 -0.2983
vn 0.9877 -0.0475 -0.1489
vn -0.9496 -0.1253 -0.2873
vn -0.9877 -0.0624 -0.1432
vn -0.8069 -0.2361 -0.5415
vn -0.5858 -0.3239 -0.7429
vn -0.3078 -0.3803 -0.8721
vn -0.0784 -0.3985 -0.9138
vn 0.0784 -0.3985 -0.9138
vn 0.3078 -0.3803 -0.8721
vn 0.5858 -0.3239 -0.7429
vn 0.8069 -0.2361 -0.5415
vn 0.9496 -0.1253 -0.2873
vn 0.9877 -0.0624 -0.1432
vn -0.9496 -0.1556 -0.2722
vn -0.9877 -0.0775 -0.1356
vn -0.8068 -0.2932 -0.5129
vn -0.5857 -0.4022 -0.7036
vn -0.3078 -0.4722 -0.8260
vn -0.0784 -0.4948 -0.8655
vn 0.0784 -0.4948 -0.8655
vn 0.3078 -0.4722 -0.8260
vn 0.5857 -0.4022 -0.7036
vn 0.8068 -0.2932 -0.5129
vn 0.9496 -0.1556 -0.2722
vn 0.9877 -0.0775 -0.1356
vn -0.9496 -0.1844 -0.2535
vn -0.9877 -0.0919 -0.1263
vn -0.8068 -0.3475 -0.4778
vn -0.5858 -0.4768 -0.6554
vn -0.3078 -0.5597 -0.7694
vn -0.0784 -0.5864 -0.8062
vn 0.0784 -0.5864 -0.8062
vn 0.3078 -0.5597 -0.7694
vn 0.5858 -0.4768 -0.6554
vn 0.8068 -0.3475 -0.4778
vn 0.9496 -0.1844 -0.2535
vn 0.9877 -0.0919 -0.1263
vn -0.9497 -0.2102 -0.2324
vn -0.9877 -0.1048 -0.1159
vn -0.8069 -0.3962 -0.4381
vn -0.5858 -0.5436 -0.6011
vn -0.3079 -0.6382 -0.7056
vn -0.0784 -0.6687 -0.7394
vn 0.0784 -0.6687 -0.7394
vn 0.3079 -0.6382 -0.7056
vn 0.5858 -0.5436 -0.6011
vn 0.8069 -0.3962 -0.4381
vn 0.9497 -0.2102 -0.2324
vn 0.9877 -0.1048 -0.1159
vn -0.9498 -0.2319 -0.2102
vn -0.9877 -0.1158 -0.1049
vn -0.8071 -0.4375 -0.3965
vn -0.5860 -0.6004 -0.5442
vn -0.3079 -0.7049 -0.6390
vn -0.0784 -0.7386 -0.6695
vn 0.0784 -0.7386 -0.6695
vn 0.3079 -0.7049 -0.6390
vn 0.5860 -0.6004 -0.5442
vn 0.8071 -0.4375 -0.3965
vn 0.9498 -0.2319 -0.2102
vn 0.9877 -0.1158 -0.1049
vn -0.9499 -0.2493 -0.1884
vn -0.9877 -0.1247 -0.0942
vn -0.8073 -0.4708 -0.3558
vn -0.5861 -0.6464 -0.4885
vn -0.3080 -0.7590 -0.5736
vn -0.0784 -0.7953 -0.6011
vn 0.0784 -0.7953 -0.6011
vn 0.3080 -0.7590 -0.5736
vn 0.5861 -0.6464 -0.4885
vn 0.8073 -0.4708 -0.3558
vn 0.9499 -0.2493 -0.1884
vn 0.9877 -0.1247 -0.0942
vn -0.9866 -0.1282 -0.1010
vn -0.9877 -0.1317 -0.0843
vn 0.1588 0.4881 -0.8582
vn 0.1161 0.5668 -0.8156
vn 0.0612 0.6071 -0.7923
vn 0.0078 0.5800 -0.8146
vn -0.0078 0.5800 -0.8146
vn -0.0612 0.6071 -0.7923
vn -0.1161 0.5668 -0.8156
vn -0.1587 0.4881 -0.8582
vn 0.9866 -0.1282 -0.1010
vn 0.9877 -0.1317 -0.0843
vn 0.9682 -0.0206 0.2492
vn -0.9976 0.0057 -0.0687
vn 0.9305 -0.0301 0.3650
vn 0.8058 -0.0487 0.5902
vn 0.5082 -0.0709 0.8583
vn 0.1585 -0.0813 0.9840
vn -0.1585 -0.0813 0.9840
vn -0.5082 -0.0709 0.8583
vn -0.8058 -0.0487 0.5902
vn -0.9305 -0.0301 0.3650
vn -0.9682 -0.0206 0.2492
vn 0.9976 0.0057 -0.0687
vn -0.9854 0.1390 -0.0984
vn -0.9877 0.1413 -0.0663
vn 0.1588 -0.3719 -0.9146
vn 0.1163 -0.4555 -0.8826
vn 0.0613 -0.4985 -0.8647
vn 0.0078 -0.4688 -0.8833
vn -0.0078 -0.4688 -0.8833
vn -0.0613 -0.4985 -0.8647
vn -0.1163 -0.4555 -0.8826
vn -0.1588 -0.3719 -0.9146
vn 0.9854 0.1390 -0.0984
vn 0.9877 0.1413 -0.0663
vn -0.9492 0.2636 -0.1716
vn -0.9877 0.1308 -0.0852
vn -0.8064 0.4956 -0.3227
vn -0.5854 0.6794 -0.4424
vn -0.3076 0.7974 -0.5192
vn -0.0784 0.8354 -0.5440
vn 0.0784 0.8354 -0.5440
vn 0.3076 0.7974 -0.5192
vn 0.5854 0.6794 -0.4424
vn 0.8064 0.4956 -0.3227
vn 0.9492 0.2636 -0.1716
vn 0.9877 0.1308 -0.0852
vn -0.9493 0.2380 -0.2053
vn -0.9877 0.1182 -0.1020
vn -0.8065 0.4477 -0.3862
vn -0.5855 0.6139 -0.5295
vn -0.3077 0.7205 -0.6215
vn -0.0784 0.7549 -0.6512
vn 0.0784 0.7549 -0.6512
vn 0.3077 0.7205 -0.6215
vn 0.5855 0.6139 -0.5295
vn 0.8065 0.4477 -0.3862
vn 0.9493 0.2380 -0.2053
vn 0.9877 0.1182 -0.1020
vn -0.9494 0.2098 -0.2337
vn -0.9877 0.1043 -0.1162
vn -0.8066 0.3948 -0.4399
vn -0.5856 0.5415 -0.6032
vn -0.3077 0.6356 -0.7080
vn -0.0784 0.6660 -0.7419
vn 0.0784 0.6660 -0.7419
vn 0.3077 0.6356 -0.7080
vn 0.5856 0.5415 -0.6032
vn 0.8066 0.3948 -0.4399
vn 0.9494 0.2098 -0.2337
vn 0.9877 0.1043 -0.1162
vn -0.9495 0.1805 -0.2566
vn -0.9877 0.0898 -0.1278
vn -0.8068 0.3399 -0.4833
vn -0.5857 0.4663 -0.6630
vn -0.3078 0.5473 -0.7783
vn -0.0784 0.5735 -0.8155
vn 0.0784 0.5735 -0.8155
vn 0.3078 0.5473 -0.7783
vn 0.5857 0.4663 -0.6630
vn 0.8068 0.3399 -0.4833
vn 0.9495 0.1805 -0.2566
vn 0.9877 0.0898 -0.1278
vn -0.9496 0.1513 -0.2744
vn -0.9877 0.0754 -0.1368
vn -0.8069 0.2851 -0.5173
vn -0.5858 0.3912 -0.7098
vn -0.3079 0.4593 -0.8332
vn -0.0784 0.4813 -0.8731
vn 0.0784 0.4813 -0.8731
vn 0.3079 0.4593 -0.8332
vn 0.5858 0.3912 -0.7098
vn 0.8069 0.2851 -0.5173
vn 0.9496 0.1513 -0.2744
vn 0.9877 0.0754 -0.1368
vn -0.9498 0.1230 -0.2878
vn -0.9877 0.0614 -0.1437
vn -0.8071 0.2320 -0.5430
vn -0.5860 0.3184 -0.7452
vn -0.3079 0.3738 -0.8749
vn -0.0784 0.3917 -0.9168
vn 0.0784 0.3917 -0.9168
vn 0.3079 0.3738 -0.8749
vn 0.5860 0.3184 -0.7452
vn 0.8071 0.2320 -0.5430
vn 0.9498 0.1230 -0.2878
vn 0.9877 0.0614 -0.1437
vn -0.9499 0.0960 -0.2976
vn -0.9877 0.0480 -0.1487
vn -0.8072 0.1812 -0.5618
vn -0.5861 0.2487 -0.7711
vn -0.3080 0.2921 -0.9055
vn -0.0784 0.3060 -0.9488
vn 0.0784 0.3060 -0.9488
vn 0.3080 0.2921 -0.9055
vn 0.5861 0.2487 -0.7711
vn 0.8072 0.1812 -0.5618
vn 0.9498 0.0960 -0.2976
vn 0.9877 0.0480 -0.1487
vn -0.9499 0.0704 -0.3044
vn -0.9877 0.0352 -0.1523
vn -0.8073 0.1329 -0.5750
vn -0.5862 0.1825 -0.7894
vn -0.3080 0.2143 -0.9269
vn -0.0784 0.2245 -0.9713
vn 0.0784 0.2245 -0.9713
vn 0.3080 0.2143 -0.9269
vn 0.5862 0.1825 -0.7894
vn 0.8073 0.1329 -0.5750
vn 0.9499 0.0704 -0.3044
vn 0.9877 0.0352 -0.1523
vn -0.9500 0.0460 -0.3089
vn -0.9877 0.0230 -0.1546
vn -0.8074 0.0869 -0.5836
vn -0.5862 0.1194 -0.8013
vn -0.3081 0.1402 -0.9410
vn -0.0784 0.1469 -0.9860
vn 0.0784 0.1469 -0.9860
vn 0.3081 0.1402 -0.9410
vn 0.5862 0.1194 -0.8013
vn 0.8074 0.0869 -0.5836
vn 0.9500 0.0460 -0.3089
vn 0.9877 0.0230 -0.1546
vn -0.9500 0.0227 -0.3113
vn -0.9877 0.0114 -0.1559
vn -0.8075 0.0429 -0.5884
vn -0.5863 0.0589 -0.8080
vn -0.3081 0.0691 -0.9488
vn -0.0784 0.0724 -0.9943
vn 0.0784 0.0724 -0.9943
vn 0.3081 0.0691 -0.9488
vn 0.5863 0.0589 -0.8080
vn 0.8075 0.0429 -0.5884
vn 0.9500 0.0227 -0.3113
vn 0.9877 0.0114 -0.1559
vn -0.9497 -0.0040 -0.3130
vn -0.9877 -0.0020 -0.1562
vn -0.8070 -0.0075 -0.5905
vn -0.5859 -0.0103 -0.8103
vn -0.3079 -0.0121 -0.9513
vn -0.0784 -0.0126 -0.9968
vn 0.0784 -0.0126 -0.9968
vn 0.3079 -0.0121 -0.9513
vn 0.5859 -0.0103 -0.8103
vn 0.8070 -0.0075 -0.5905
vn 0.9497 -0.0040 -0.3130
vn 0.9877 -0.0020 -0.1562
vn -0.9494 -0.0392 -0.3117
vn -0.9877 -0.0195 -0.1549
vn -0.8065 -0.0738 -0.5865
vn -0.5855 -0.1012 -0.8043
vn -0.3077 -0.1187 -0.9440
vn -0.0784 -0.1244 -0.9891
vn 0.0784 -0.1244 -0.9891
vn 0.3077 -0.1187 -0.9440
vn 0.5855 -0.1012 -0.8043
vn 0.8065 -0.0738 -0.5865
vn 0.9494 -0.0392 -0.3117
vn 0.9877 -0.0195 -0.1549
vn -0.9493 -0.0794 -0.3042
vn -0.9877 -0.0394 -0.1510
vn -0.8065 -0.1493 -0.5721
vn -0.5855 -0.2047 -0.7844
vn -0.3077 -0.2402 -0.9207
vn -0.0784 -0.2517 -0.9646
vn 0.0784 -0.2517 -0.9646
vn 0.3077 -0.2402 -0.9207
vn 0.5855 -0.2047 -0.7844
vn 0.8065 -0.1493 -0.5721
vn 0.9493 -0.0794 -0.3042
vn 0.9877 -0.0394 -0.1510
vn -0.9493 -0.1195 -0.2909
vn -0.9877 -0.0593 -0.1444
vn -0.8064 -0.2247 -0.5470
vn -0.5854 -0.3080 -0.7499
vn -0.3077 -0.3615 -0.8802
vn -0.0784 -0.3787 -0.9222
vn 0.0784 -0.3787 -0.9222
vn 0.3077 -0.3615 -0.8802
vn 0.5854 -0.3080 -0.7499
vn 0.8064 -0.2247 -0.5470
vn 0.9493 -0.1195 -0.2909
vn 0.9877 -0.0593 -0.1444
vn -0.9492 -0.1583 -0.2719
vn -0.9877 -0.0785 -0.1349
vn -0.8064 -0.2976 -0.5111
vn -0.5854 -0.4079 -0.7006
vn -0.3076 -0.4788 -0.8223
vn -0.0784 -0.5016 -0.8615
vn 0.0784 -0.5016 -0.8615
vn 0.3076 -0.4788 -0.8223
vn 0.5854 -0.4079 -0.7006
vn 0.8064 -0.2976 -0.5111
vn 0.9492 -0.1583 -0.2719
vn 0.9877 -0.0785 -0.1349
vn -0.9492 -0.1945 -0.2473
vn -0.9877 -0.0965 -0.1227
vn -0.8064 -0.3655 -0.4649
vn -0.5854 -0.5011 -0.6373
vn -0.3076 -0.5881 -0.7480
vn -0.0784 -0.6162 -0.7837
vn 0.0784 -0.6162 -0.7837
vn 0.3076 -0.5881 -0.7480
vn 0.5854 -0.5011 -0.6373
vn 0.8064 -0.3655 -0.4649
vn 0.9492 -0.1945 -0.2473
vn 0.9877 -0.0965 -0.1227
vn -0.9492 -0.2268 -0.2180
vn -0.9877 -0.1125 -0.1081
vn -0.8064 -0.4264 -0.4098
vn -0.5854 -0.5846 -0.5617
vn -0.3076 -0.6861 -0.6593
vn -0.0784 -0.7188 -0.6907
vn 0.0784 -0.7188 -0.6907
vn 0.3076 -0.6861 -0.6593
vn 0.5854 -0.5846 -0.5617
vn 0.8064 -0.4264 -0.4098
vn 0.9492 -0.2268 -0.2180
vn 0.9877 -0.1125 -0.1081
vn -0.9493 -0.2545 -0.1848
vn -0.9877 -0.1263 -0.0917
vn -0.8064 -0.4785 -0.3474
vn -0.5854 -0.6560 -0.4763
vn -0.3077 -0.7700 -0.5590
vn -0.0784 -0.8067 -0.5857
vn 0.0784 -0.8067 -0.5857
vn 0.3077 -0.7700 -0.5590
vn 0.5854 -0.6560 -0.4763
vn 0.8064 -0.4785 -0.3474
vn 0.9493 -0.2545 -0.1848
vn 0.9877 -0.1263 -0.0917
vn -0.9493 -0.2769 -0.1489
vn -0.9877 -0.1375 -0.0739
vn -0.8065 -0.5208 -0.2800
vn -0.5855 -0.7140 -0.3839
vn -0.3077 -0.8380 -0.4506
vn -0.0784 -0.8780 -0.4721
vn 0.0784 -0.8780 -0.4721
vn 0.3077 -0.8380 -0.4506
vn 0.5855 -0.7140 -0.3839
vn 0.8065 -0.5208 -0.2800
vn 0.9493 -0.2769 -0.1489
vn 0.9877 -0.1375 -0.0739
vn -0.9493 -0.2938 -0.1115
vn -0.9877 -0.1460 -0.0554
vn -0.8065 -0.5527 -0.2097
vn -0.5855 -0.7579 -0.2876
vn -0.3077 -0.8896 -0.3375
vn -0.0784 -0.9321 -0.3537
vn 0.0784 -0.9321 -0.3537
vn 0.3077 -0.8896 -0.3375
vn 0.5855 -0.7579 -0.2876
vn 0.8065 -0.5527 -0.2097
vn 0.9493 -0.2938 -0.1115
vn 0.9877 -0.1460 -0.0554
vn -0.9494 -0.3053 -0.0736
vn -0.9877 -0.1518 -0.0366
vn -0.8066 -0.5746 -0.1385
vn -0.5856 -0.7880 -0.1900
vn -0.3077 -0.9250 -0.2230
vn -0.0784 -0.9692 -0.2337
vn 0.0784 -0.9692 -0.2337
vn 0.3077 -0.9250 -0.2230
vn 0.5856 -0.7880 -0.1900
vn 0.8066 -0.5746 -0.1385
vn 0.9494 -0.3053 -0.0736
vn 0.9877 -0.1518 -0.0366
vn -0.9495 -0.3117 -0.0363
vn -0.9877 -0.1551 -0.0180
vn -0.8067 -0.5870 -0.0683
vn -0.5856 -0.8051 -0.0936
vn -0.3078 -0.9451 -0.1099
vn -0.0784 -0.9903 -0.1152
vn 0.0784 -0.9903 -0.1152
vn 0.3078 -0.9451 -0.1099
vn 0.5856 -0.8051 -0.0936
vn 0.8067 -0.5870 -0.0683
vn 0.9495 -0.3117 -0.0363
vn 0.9877 -0.1551 -0.0180
vn -0.9499 -0.3124 -0.0050
vn -0.9877 -0.1563 -0.0025
vn -0.8073 -0.5900 -0.0095
vn -0.5862 -0.8101 -0.0130
vn -0.3081 -0.9512 -0.0153
vn -0.0784 -0.9968 -0.0160
vn 0.0784 -0.9968 -0.0160
vn 0.3081 -0.9512 -0.0153
vn 0.5862 -0.8101 -0.0130
vn 0.8073 -0.5900 -0.0095
vn 0.9499 -0.3124 -0.0050
vn 0.9877 -0.1563 -0.0025
vn -0.9504 -0.3107 0.0151
vn -0.9877 -0.1562 0.0076
vn -0.8080 -0.5885 0.0286
vn -0.5868 -0.8088 0.0393
vn -0.3084 -0.9501 0.0462
vn -0.0784 -0.9957 0.0484
vn 0.0784 -0.9957 0.0484
vn 0.3084 -0.9501 0.0462
vn 0.5868 -0.8088 0.0393
vn 0.8080 -0.5885 0.0286
vn 0.9504 -0.3107 0.0151
vn 0.9877 -0.1562 0.0076
vn -0.9504 -0.3096 0.0297
vn -0.9877 -0.1557 0.0149
vn -0.8080 -0.5865 0.0563
vn -0.5868 -0.8060 0.0774
vn -0.3084 -0.9469 0.0909
vn -0.0784 -0.9924 0.0953
vn 0.0784 -0.9924 0.0953
vn 0.3084 -0.9469 0.0909
vn 0.5868 -0.8060 0.0774
vn 0.8080 -0.5865 0.0563
vn 0.9504 -0.3096 0.0297
vn 0.9877 -0.1557 0.0149
vn -0.9504 -0.3079 0.0437
vn -0.9877 -0.1548 0.0220
vn -0.8080 -0.5833 0.0828
vn -0.5868 -0.8017 0.1139
vn -0.3084 -0.9418 0.1338
vn -0.0784 -0.9870 0.1402
vn 0.0784 -0.9870 0.1402
vn 0.3084 -0.9418 0.1338
vn 0.5868 -0.8017 0.1139
vn 0.8080 -0.5833 0.0828
vn 0.9504 -0.3079 0.0437
vn 0.9877 -0.1548 0.0220
vn -0.9505 -0.3056 0.0571
vn -0.9877 -0.1537 0.0287
vn -0.8081 -0.5791 0.1082
vn -0.5869 -0.7959 0.1487
vn -0.3085 -0.9351 0.1747
vn -0.0784 -0.9800 0.1831
vn 0.0784 -0.9800 0.1831
vn 0.3085 -0.9351 0.1747
vn 0.5869 -0.7959 0.1487
vn 0.8081 -0.5791 0.1082
vn 0.9505 -0.3056 0.0571
vn 0.9877 -0.1537 0.0287
vn -0.9505 -0.3029 0.0698
vn -0.9877 -0.1524 0.0351
vn -0.8081 -0.5740 0.1322
vn -0.5869 -0.7890 0.1818
vn -0.3085 -0.9269 0.2136
vn -0.0784 -0.9715 0.2238
vn 0.0784 -0.9715 0.2238
vn 0.3085 -0.9269 0.2136
vn 0.5869 -0.7890 0.1818
vn 0.8081 -0.5740 0.1323
vn 0.9505 -0.3029 0.0698
vn 0.9877 -0.1524 0.0351
vn -0.9505 -0.2998 0.0818
vn -0.9877 -0.1509 0.0412
vn -0.8081 -0.5682 0.1551
vn -0.5869 -0.7811 0.2132
vn -0.3085 -0.9177 0.2505
vn -0.0784 -0.9617 0.2625
vn 0.0784 -0.9617 0.2625
vn 0.3085 -0.9177 0.2505
vn 0.5869 -0.7811 0.2132
vn 0.8081 -0.5682 0.1551
vn 0.9505 -0.2998 0.0818
vn 0.9877 -0.1509 0.0412
vn -0.9505 -0.2963 0.0932
vn -0.9877 -0.1492 0.0469
vn -0.8082 -0.5618 0.1767
vn -0.5870 -0.7723 0.2429
vn -0.3085 -0.9074 0.2854
vn -0.0784 -0.9510 0.2991
vn 0.0784 -0.9510 0.2991
vn 0.3085 -0.9074 0.2853
vn 0.5870 -0.7723 0.2429
vn 0.8082 -0.5618 0.1767
vn 0.9505 -0.2963 0.0932
vn 0.9877 -0.1492 0.0469
vn -0.9505 -0.2927 0.1039
vn -0.9877 -0.1474 0.0523
vn -0.8082 -0.5549 0.1971
vn -0.5870 -0.7629 0.2709
vn -0.3085 -0.8964 0.3183
vn -0.0784 -0.9395 0.3336
vn 0.0784 -0.9395 0.3336
vn 0.3085 -0.8964 0.3183
vn 0.5870 -0.7629 0.2709
vn 0.8082 -0.5549 0.1971
vn 0.9505 -0.2927 0.1039
vn 0.9877 -0.1474 0.0523
vn -0.9506 -0.2888 0.1140
vn -0.9877 -0.1455 0.0574
vn -0.8083 -0.5477 0.2163
vn -0.5870 -0.7530 0.2973
vn -0.3086 -0.8847 0.3494
vn -0.0784 -0.9272 0.3662
vn 0.0784 -0.9272 0.3662
vn 0.3086 -0.8847 0.3494
vn 0.5870 -0.7530 0.2973
vn 0.8083 -0.5477 0.2163
vn 0.9506 -0.2888 0.1140
vn 0.9877 -0.1455 0.0574
vn -0.9506 -0.2848 0.1236
vn -0.9877 -0.1435 0.0623
vn -0.8083 -0.5401 0.2344
vn -0.5871 -0.7426 0.3222
vn -0.3086 -0.8726 0.3786
vn -0.0784 -0.9145 0.3968
vn 0.0784 -0.9145 0.3968
vn 0.3086 -0.8726 0.3786
vn 0.5871 -0.7426 0.3222
vn 0.8083 -0.5401 0.2344
vn 0.9506 -0.2848 0.1236
vn 0.9877 -0.1435 0.0623
vn -0.9506 -0.2807 0.1325
vn -0.9877 -0.1414 0.0668
vn -0.8083 -0.5324 0.2514
vn -0.5871 -0.7320 0.3457
vn -0.3086 -0.8601 0.4062
vn -0.0784 -0.9015 0.4257
vn 0.0784 -0.9015 0.4257
vn 0.3086 -0.8601 0.4062
vn 0.5871 -0.7320 0.3457
vn 0.8083 -0.5324 0.2514
vn 0.9506 -0.2807 0.1325
vn 0.9877 -0.1414 0.0668
vn -0.9503 -0.1645 0.2642
vn -0.9911 -0.0704 0.1131
vn -0.8265 -0.2976 0.4778
vn -0.6209 -0.4144 0.6654
vn -0.3362 -0.4979 0.7994
vn -0.0894 -0.5265 0.8454
vn 0.0894 -0.5265 0.8454
vn 0.3362 -0.4979 0.7994
vn 0.6209 -0.4144 0.6654
vn 0.8265 -0.2976 0.4778
vn 0.9503 -0.1645 0.2642
vn 0.9911 -0.0704 0.1131
vn -0.9779 0.1837 0.1000
vn -0.9971 0.0663 0.0361
vn -0.9196 0.3450 0.1878
vn -0.7827 0.5467 0.2976
vn -0.4826 0.7693 0.4188
vn -0.1468 0.8688 0.4729
vn 0.1468 0.8688 0.4729
vn 0.4826 0.7693 0.4188
vn 0.7827 0.5467 0.2976
vn 0.9196 0.3450 0.1878
vn 0.9779 0.1837 0.1000
vn 0.9971 0.0663 0.0361
vn -0.9516 0.2612 -0.1617
vn -0.9877 0.1330 -0.0823
vn -0.8100 0.4987 -0.3086
vn -0.5888 0.6873 -0.4254
vn -0.3096 0.8085 -0.5004
vn -0.0785 0.8477 -0.5246
vn 0.0785 0.8477 -0.5246
vn 0.3096 0.8085 -0.5004
vn 0.5888 0.6873 -0.4254
vn 0.8100 0.4987 -0.3086
vn 0.9516 0.2612 -0.1617
vn 0.9877 0.1330 -0.0823
vn -0.9517 0.2674 -0.1510
vn -0.9877 0.1362 -0.0769
vn -0.8101 0.5106 -0.2882
vn -0.5888 0.7039 -0.3973
vn -0.3097 0.8280 -0.4674
vn -0.0786 0.8682 -0.4900
vn 0.0786 0.8682 -0.4900
vn 0.3097 0.8280 -0.4674
vn 0.5888 0.7039 -0.3973
vn 0.8101 0.5106 -0.2882
vn 0.9517 0.2674 -0.1510
vn 0.9877 0.1362 -0.0769
vn -0.9517 0.2735 -0.1393
vn -0.9877 0.1394 -0.0710
vn -0.8101 0.5224 -0.2661
vn -0.5889 0.7201 -0.3668
vn -0.3097 0.8472 -0.4316
vn -0.0786 0.8883 -0.4525
vn 0.0786 0.8883 -0.4525
vn 0.3097 0.8472 -0.4316
vn 0.5889 0.7201 -0.3668
vn 0.8101 0.5224 -0.2661
vn 0.9517 0.2735 -0.1393
vn 0.9877 0.1394 -0.0710
vn -0.9518 0.2794 -0.1268
vn -0.9877 0.1424 -0.0646
vn -0.8102 0.5338 -0.2422
vn -0.5890 0.7359 -0.3340
vn -0.3098 0.8658 -0.3929
vn -0.0786 0.9078 -0.4120
vn 0.0786 0.9078 -0.4120
vn 0.3098 0.8658 -0.3929
vn 0.5890 0.7359 -0.3340
vn 0.8102 0.5338 -0.2422
vn 0.9518 0.2794 -0.1268
vn 0.9877 0.1424 -0.0646
vn -0.9518 0.2850 -0.1134
vn -0.9877 0.1453 -0.0578
vn -0.8102 0.5446 -0.2166
vn -0.5890 0.7509 -0.2987
vn -0.3098 0.8835 -0.3514
vn -0.0786 0.9263 -0.3684
vn 0.0786 0.9263 -0.3684
vn 0.3098 0.8835 -0.3514
vn 0.5890 0.7509 -0.2987
vn 0.8102 0.5446 -0.2166
vn 0.9518 0.2850 -0.1134
vn 0.9877 0.1453 -0.0578
vn -0.9518 0.2902 -0.0990
vn -0.9877 0.1480 -0.0505
vn -0.8103 0.5546 -0.1893
vn -0.5891 0.7647 -0.2610
vn -0.3098 0.8998 -0.3071
vn -0.0786 0.9435 -0.3220
vn 0.0786 0.9435 -0.3220
vn 0.3098 0.8998 -0.3071
vn 0.5891 0.7647 -0.2610
vn 0.8103 0.5546 -0.1893
vn 0.9518 0.2902 -0.0991
vn 0.9877 0.1480 -0.0505
vn -0.9519 0.2948 -0.0839
vn -0.9877 0.1504 -0.0428
vn -0.8104 0.5636 -0.1604
vn -0.5892 0.7772 -0.2212
vn -0.3099 0.9145 -0.2602
vn -0.0786 0.9588 -0.2729
vn 0.0786 0.9588 -0.2729
vn 0.3099 0.9145 -0.2602
vn 0.5892 0.7772 -0.2212
vn 0.8104 0.5636 -0.1604
vn 0.9519 0.2948 -0.0839
vn 0.9877 0.1504 -0.0428
vn -0.9519 0.2988 -0.0680
vn -0.9877 0.1525 -0.0347
vn -0.8104 0.5713 -0.1301
vn -0.5892 0.7878 -0.1794
vn -0.3099 0.9270 -0.2111
vn -0.0786 0.9720 -0.2213
vn 0.0786 0.9720 -0.2213
vn 0.3099 0.9270 -0.2111
vn 0.5892 0.7878 -0.1794
vn 0.8104 0.5713 -0.1301
vn 0.9519 0.2988 -0.0680
vn 0.9877 0.1525 -0.0347
vn -0.9519 0.3020 -0.0516
vn -0.9877 0.1541 -0.0263
vn -0.8104 0.5775 -0.0986
vn -0.5892 0.7964 -0.1359
vn -0.3099 0.9372 -0.1600
vn -0.0786 0.9827 -0.1677
vn 0.0786 0.9827 -0.1677
vn 0.3099 0.9372 -0.1600
vn 0.5892 0.7964 -0.1359
vn 0.8104 0.5775 -0.0986
vn 0.9519 0.3020 -0.0516
vn 0.9877 0.1541 -0.0263
vn -0.9519 0.3044 -0.0346
vn -0.9877 0.1554 -0.0177
vn -0.8105 0.5821 -0.0662
vn -0.5893 0.8028 -0.0913
vn -0.3099 0.9447 -0.1074
vn -0.0786 0.9905 -0.1126
vn 0.0786 0.9905 -0.1126
vn 0.3099 0.9447 -0.1074
vn 0.5893 0.8028 -0.0913
vn 0.8105 0.5821 -0.0662
vn 0.9519 0.3044 -0.0346
vn 0.9877 0.1554 -0.0177
vn -0.9519 0.3059 -0.0174
vn -0.9877 0.1561 -0.0089
vn -0.8105 0.5848 -0.0332
vn -0.5893 0.8066 -0.0458
vn -0.3100 0.9492 -0.0539
vn -0.0786 0.9953 -0.0565
vn 0.0786 0.9953 -0.0565
vn 0.3100 0.9492 -0.0539
vn 0.5893 0.8066 -0.0458
vn 0.8105 0.5848 -0.0332
vn 0.9519 0.3059 -0.0174
vn 0.9877 0.1561 -0.0089
vn -0.9523 0.3050 0.0040
vn -0.9877 0.1563 0.0020
vn -0.8112 0.5847 0.0076
vn -0.5901 0.8073 0.0105
vn -0.3105 0.9505 0.0124
vn -0.0787 0.9968 0.0130
vn 0.0787 0.9968 0.0130
vn 0.3105 0.9505 0.0124
vn 0.5901 0.8073 0.0105
vn 0.8112 0.5847 0.0076
vn 0.9523 0.3050 0.0040
vn 0.9877 0.1563 0.0020
vn -0.9529 0.3014 0.0340
vn -0.9877 0.1552 0.0175
vn -0.8122 0.5797 0.0654
vn -0.5912 0.8015 0.0904
vn -0.3112 0.9444 0.1065
vn -0.0788 0.9906 0.1117
vn 0.0788 0.9906 0.1117
vn 0.3112 0.9444 0.1065
vn 0.5912 0.8015 0.0904
vn 0.8122 0.5797 0.0654
vn 0.9529 0.3014 0.0340
vn 0.9877 0.1552 0.0175
vn -0.9530 0.2948 0.0697
vn -0.9877 0.1519 0.0359
vn -0.8125 0.5673 0.1342
vn -0.5915 0.7847 0.1856
vn -0.3114 0.9248 0.2188
vn -0.0789 0.9701 0.2295
vn 0.0789 0.9701 0.2295
vn 0.3114 0.9248 0.2188
vn 0.5915 0.7847 0.1856
vn 0.8125 0.5673 0.1342
vn 0.9530 0.2948 0.0697
vn 0.9877 0.1519 0.0360
vn -0.9532 0.2830 0.1068
vn -0.9877 0.1461 0.0551
vn -0.8127 0.5451 0.2056
vn -0.5917 0.7542 0.2845
vn -0.3116 0.8891 0.3354
vn -0.0789 0.9327 0.3519
vn 0.0789 0.9327 0.3519
vn 0.3116 0.8891 0.3354
vn 0.5917 0.7542 0.2845
vn 0.8127 0.5451 0.2056
vn 0.9532 0.2830 0.1068
vn 0.9877 0.1461 0.0551
vn -0.9533 0.2656 0.1439
vn -0.9877 0.1372 0.0743
vn -0.8130 0.5120 0.2774
vn -0.5920 0.7087 0.3839
vn -0.3117 0.8355 0.4526
vn -0.0789 0.8765 0.4748
vn 0.0789 0.8765 0.4748
vn 0.3117 0.8355 0.4526
vn 0.5920 0.7086 0.3839
vn 0.8130 0.5120 0.2774
vn 0.9533 0.2656 0.1439
vn 0.9877 0.1372 0.0743
vn -0.9534 0.2425 0.1797
vn -0.9878 0.1254 0.0929
vn -0.8131 0.4677 0.3466
vn -0.5922 0.6474 0.4798
vn -0.3118 0.7634 0.5657
vn -0.0789 0.8009 0.5935
vn 0.0789 0.8009 0.5935
vn 0.3118 0.7634 0.5657
vn 0.5922 0.6474 0.4798
vn 0.8131 0.4677 0.3466
vn 0.9534 0.2425 0.1797
vn 0.9878 0.1254 0.0929
vn -0.9534 0.2141 0.2127
vn -0.9878 0.1107 0.1100
vn -0.8132 0.4129 0.4102
vn -0.5922 0.5716 0.5679
vn -0.3119 0.6740 0.6696
vn -0.0789 0.7072 0.7026
vn 0.0789 0.7072 0.7026
vn 0.3119 0.6740 0.6696
vn 0.5922 0.5716 0.5679
vn 0.8132 0.4129 0.4102
vn 0.9534 0.2141 0.2127
vn 0.9878 0.1107 0.1100
vn -0.9534 0.1812 0.2414
vn -0.9878 0.0937 0.1248
vn -0.8131 0.3495 0.4655
vn -0.5922 0.4838 0.6444
vn -0.3118 0.5705 0.7598
vn -0.0789 0.5985 0.7972
vn 0.0789 0.5985 0.7972
vn 0.3118 0.5705 0.7598
vn 0.5922 0.4838 0.6444
vn 0.8131 0.3495 0.4655
vn 0.9534 0.1812 0.2414
vn 0.9878 0.0937 0.1248
vn -0.9533 0.1453 0.2648
vn -0.9877 0.0751 0.1368
vn -0.8130 0.2802 0.5104
vn -0.5920 0.3878 0.7065
vn -0.3117 0.4572 0.8329
vn -0.0789 0.4797 0.8739
vn 0.0789 0.4797 0.8739
vn 0.3117 0.4572 0.8329
vn 0.5920 0.3878 0.7065
vn 0.8130 0.2802 0.5104
vn 0.9533 0.1453 0.2648
vn 0.9877 0.0751 0.1368
vn -0.9532 0.1080 0.2825
vn -0.9877 0.0557 0.1458
vn -0.8128 0.2081 0.5442
vn -0.5918 0.2879 0.7529
vn -0.3116 0.3394 0.8875
vn -0.0789 0.3560 0.9311
vn 0.0789 0.3560 0.9311
vn 0.3116 0.3394 0.8875
vn 0.5918 0.2879 0.7529
vn 0.8128 0.2081 0.5442
vn 0.9532 0.1080 0.2824
vn 0.9877 0.0557 0.1458
vn -0.9531 0.0706 0.2945
vn -0.9877 0.0364 0.1518
vn -0.8125 0.1360 0.5668
vn -0.5915 0.1881 0.7841
vn -0.3114 0.2217 0.9241
vn -0.0789 0.2326 0.9694
vn 0.0789 0.2326 0.9694
vn 0.3114 0.2217 0.9241
vn 0.5915 0.1881 0.7841
vn 0.8125 0.1360 0.5668
vn 0.9531 0.0706 0.2945
vn 0.9877 0.0364 0.1518
vn -0.9529 0.0345 0.3013
vn -0.9877 0.0177 0.1552
vn -0.8123 0.0663 0.5795
vn -0.5912 0.0916 0.8013
vn -0.3112 0.1080 0.9442
vn -0.0788 0.1133 0.9904
vn 0.0788 0.1133 0.9904
vn 0.3112 0.1080 0.9442
vn 0.5912 0.0916 0.8013
vn 0.8123 0.0663 0.5795
vn 0.9529 0.0345 0.3013
vn 0.9877 0.0177 0.1552
vn -0.9529 -0.0010 0.3033
vn -0.9877 -0.0005 0.1562
vn -0.8123 -0.0020 0.5833
vn -0.5912 -0.0028 0.8065
vn -0.3112 -0.0033 0.9503
vn -0.0788 -0.0034 0.9969
vn 0.0788 -0.0034 0.9969
vn 0.3112 -0.0033 0.9503
vn 0.5912 -0.0028 0.8065
vn 0.8123 -0.0020 0.5833
vn 0.9529 -0.0010 0.3033
vn 0.9877 -0.0005 0.1562
vn -0.9531 -0.0385 0.3001
vn -0.9877 -0.0199 0.1548
vn -0.8127 -0.0741 0.5780
vn -0.5917 -0.1026 0.7996
vn -0.3115 -0.1209 0.9425
vn -0.0789 -0.1268 0.9888
vn 0.0789 -0.1268 0.9888
vn 0.3115 -0.1209 0.9425
vn 0.5917 -0.1026 0.7996
vn 0.8127 -0.0741 0.5780
vn 0.9531 -0.0385 0.3001
vn 0.9877 -0.0199 0.1548
vn -0.9533 -0.0785 0.2917
vn -0.9877 -0.0406 0.1507
vn -0.8130 -0.1514 0.5623
vn -0.5920 -0.2096 0.7782
vn -0.3117 -0.2471 0.9175
vn -0.0789 -0.2592 0.9626
vn 0.0789 -0.2592 0.9626
vn 0.3117 -0.2471 0.9175
vn 0.5920 -0.2096 0.7782
vn 0.8130 -0.1514 0.5623
vn 0.9533 -0.0785 0.2917
vn 0.9877 -0.0406 0.1507
vn -0.9534 -0.1194 0.2770
vn -0.9878 -0.0617 0.1433
vn -0.8132 -0.2303 0.5344
vn -0.5923 -0.3188 0.7400
vn -0.3119 -0.3759 0.8726
vn -0.0790 -0.3945 0.9155
vn 0.0790 -0.3945 0.9155
vn 0.3119 -0.3759 0.8726
vn 0.5923 -0.3188 0.7400
vn 0.8132 -0.2303 0.5344
vn 0.9534 -0.1194 0.2770
vn 0.9878 -0.0617 0.1433
vn -0.9535 -0.1593 0.2557
vn -0.9878 -0.0825 0.1324
vn -0.8134 -0.3076 0.4937
vn -0.5925 -0.4260 0.6837
vn -0.3121 -0.5024 0.8064
vn -0.0790 -0.5271 0.8461
vn 0.0790 -0.5271 0.8461
vn 0.3121 -0.5024 0.8064
vn 0.5925 -0.4260 0.6837
vn 0.8134 -0.3076 0.4937
vn 0.9535 -0.1593 0.2558
vn 0.9878 -0.0825 0.1324
vn -0.9536 -0.1966 0.2282
vn -0.9878 -0.1018 0.1182
vn -0.8135 -0.3797 0.4406
vn -0.5926 -0.5258 0.6102
vn -0.3121 -0.6202 0.7197
vn -0.0790 -0.6508 0.7552
vn 0.0790 -0.6508 0.7552
vn 0.3121 -0.6202 0.7197
vn 0.5926 -0.5258 0.6102
vn 0.8135 -0.3797 0.4406
vn 0.9536 -0.1966 0.2282
vn 0.9878 -0.1018 0.1182
vn -0.9535 -0.2294 0.1954
vn -0.9878 -0.1188 0.1011
vn -0.8134 -0.4428 0.3772
vn -0.5925 -0.6133 0.5223
vn -0.3121 -0.7233 0.6160
vn -0.0790 -0.7589 0.6464
vn 0.0790 -0.7589 0.6464
vn 0.3121 -0.7233 0.6160
vn 0.5925 -0.6133 0.5223
vn 0.8134 -0.4428 0.3772
vn 0.9535 -0.2294 0.1954
vn 0.9878 -0.1188 0.1011
vn -0.9534 -0.2563 0.1590
vn -0.9878 -0.1326 0.0823
vn -0.8132 -0.4945 0.3068
vn -0.5923 -0.6846 0.4248
vn -0.3119 -0.8073 0.5009
vn -0.0790 -0.8471 0.5256
vn 0.0790 -0.8471 0.5256
vn 0.3119 -0.8073 0.5009
vn 0.5923 -0.6846 0.4248
vn 0.8132 -0.4945 0.3068
vn 0.9534 -0.2563 0.1590
vn 0.9878 -0.1326 0.0823
vn -0.9533 -0.2768 0.1212
vn -0.9877 -0.1430 0.0626
vn -0.8129 -0.5335 0.2336
vn -0.5920 -0.7383 0.3232
vn -0.3117 -0.8704 0.3811
vn -0.0789 -0.9132 0.3998
vn 0.0789 -0.9132 0.3998
vn 0.3117 -0.8704 0.3811
vn 0.5920 -0.7383 0.3232
vn 0.8129 -0.5335 0.2336
vn 0.9533 -0.2768 0.1212
vn 0.9877 -0.1430 0.0626
vn -0.9531 -0.2910 0.0836
vn -0.9877 -0.1500 0.0431
vn -0.8126 -0.5602 0.1610
vn -0.5916 -0.7749 0.2227
vn -0.3114 -0.9133 0.2625
vn -0.0789 -0.9581 0.2754
vn 0.0789 -0.9581 0.2754
vn 0.3114 -0.9133 0.2625
vn 0.5916 -0.7749 0.2227
vn 0.8126 -0.5602 0.1610
vn 0.9531 -0.2910 0.0836
vn 0.9877 -0.1500 0.0431
vn -0.9529 -0.2996 0.0478
vn -0.9877 -0.1542 0.0246
vn -0.8122 -0.5761 0.0920
vn -0.5912 -0.7965 0.1272
vn -0.3112 -0.9385 0.1499
vn -0.0788 -0.9844 0.1572
vn 0.0788 -0.9844 0.1572
vn 0.3112 -0.9385 0.1499
vn 0.5912 -0.7965 0.1272
vn 0.8122 -0.5761 0.0920
vn 0.9529 -0.2996 0.0478
vn 0.9877 -0.1542 0.0246
vn -0.9527 -0.3036 0.0147
vn -0.9877 -0.1560 0.0076
vn -0.8118 -0.5832 0.0282
vn -0.5908 -0.8059 0.0390
vn -0.3109 -0.9493 0.0460
vn -0.0788 -0.9957 0.0482
vn 0.0788 -0.9957 0.0482
vn 0.3109 -0.9493 0.0460
vn 0.5908 -0.8059 0.0390
vn 0.8118 -0.5832 0.0282
vn 0.9527 -0.3036 0.0147
vn 0.9877 -0.1560 0.0076
vn -0.9601 -0.1981 0.1974
vn -0.9938 -0.0787 0.0784
vn -0.8602 -0.3613 0.3599
vn -0.6742 -0.5232 0.5213
vn -0.3797 -0.6554 0.6529
vn -0.1051 -0.7045 0.7019
vn 0.1051 -0.7045 0.7019
vn 0.3797 -0.6554 0.6529
vn 0.6742 -0.5232 0.5213
vn 0.8602 -0.3613 0.3599
vn 0.9601 -0.1981 0.1974
vn 0.9938 -0.0787 0.0784
vn -0.9591 0.1967 0.2038
vn -0.9936 0.0786 0.0815
vn -0.8568 0.3581 0.3711
vn -0.6685 0.5165 0.5351
vn -0.3750 0.6438 0.6670
vn -0.1033 0.6908 0.7157
vn 0.1033 0.6908 0.7157
vn 0.3750 0.6438 0.6670
vn 0.6685 0.5165 0.5351
vn 0.8568 0.3581 0.3711
vn 0.9591 0.1967 0.2038
vn 0.9936 0.0786 0.0815
vn -0.9523 0.3044 0.0229
vn -0.9877 0.1559 0.0117
vn -0.8111 0.5833 0.0438
vn -0.5900 0.8052 0.0605
vn -0.3104 0.9479 0.0712
vn -0.0787 0.9941 0.0746
vn 0.0787 0.9941 0.0746
vn 0.3104 0.9479 0.0712
vn 0.5899 0.8052 0.0605
vn 0.8111 0.5833 0.0438
vn 0.9523 0.3044 0.0229
vn 0.9877 0.1559 0.0117
vn -0.9525 0.3007 0.0486
vn -0.9877 0.1543 0.0249
vn -0.8115 0.5769 0.0932
vn -0.5903 0.7968 0.1288
vn -0.3106 0.9383 0.1517
vn -0.0787 0.9841 0.1591
vn 0.0787 0.9841 0.1591
vn 0.3106 0.9383 0.1517
vn 0.5903 0.7968 0.1288
vn 0.8115 0.5769 0.0932
vn 0.9525 0.3007 0.0486
vn 0.9877 0.1543 0.0249
vn -0.9527 0.2937 0.0778
vn -0.9877 0.1510 0.0400
vn -0.8119 0.5643 0.1495
vn -0.5908 0.7799 0.2066
vn -0.3110 0.9187 0.2434
vn -0.0788 0.9637 0.2553
vn 0.0788 0.9637 0.2553
vn 0.3110 0.9187 0.2434
vn 0.5908 0.7799 0.2066
vn 0.8119 0.5643 0.1495
vn 0.9527 0.2937 0.0778
vn 0.9877 0.1510 0.0400
vn -0.9530 0.2822 0.1104
vn -0.9877 0.1454 0.0569
vn -0.8124 0.5430 0.2124
vn -0.5914 0.7510 0.2937
vn -0.3113 0.8850 0.3462
vn -0.0788 0.9284 0.3631
vn 0.0788 0.9284 0.3631
vn 0.3113 0.8850 0.3462
vn 0.5914 0.7510 0.2937
vn 0.8124 0.5430 0.2124
vn 0.9530 0.2822 0.1104
vn 0.9877 0.1454 0.0569
vn -0.9533 0.2647 0.1456
vn -0.9877 0.1367 0.0752
vn -0.8129 0.5103 0.2807
vn -0.5920 0.7062 0.3885
vn -0.3117 0.8325 0.4580
vn -0.0789 0.8734 0.4805
vn 0.0789 0.8734 0.4805
vn 0.3117 0.8325 0.4580
vn 0.5920 0.7062 0.3885
vn 0.8129 0.5103 0.2807
vn 0.9533 0.2647 0.1456
vn 0.9877 0.1367 0.0752
vn -0.9535 0.2401 0.1820
vn -0.9878 0.1243 0.0942
vn -0.8134 0.4636 0.3514
vn -0.5925 0.6420 0.4866
vn -0.3121 0.7571 0.5739
vn -0.0790 0.7944 0.6022
vn 0.0790 0.7944 0.6022
vn 0.3121 0.7571 0.5739
vn 0.5925 0.6420 0.4866
vn 0.8134 0.4636 0.3514
vn 0.9535 0.2401 0.1820
vn 0.9878 0.1243 0.0942
vn -0.9537 0.2080 0.2172
vn -0.9878 0.1079 0.1126
vn -0.8138 0.4020 0.4197
vn -0.5929 0.5570 0.5815
vn -0.3123 0.6571 0.6860
vn -0.0790 0.6896 0.7199
vn 0.0790 0.6896 0.7199
vn 0.3123 0.6571 0.6860
vn 0.5929 0.5570 0.5815
vn 0.8138 0.4020 0.4197
vn 0.9537 0.2080 0.2172
vn 0.9878 0.1079 0.1126
vn -0.9538 0.1693 0.2483
vn -0.9878 0.0878 0.1288
vn -0.8139 0.3274 0.4800
vn -0.5931 0.4537 0.6652
vn -0.3124 0.5352 0.7848
vn -0.0791 0.5617 0.8236
vn 0.0791 0.5617 0.8236
vn 0.3124 0.5352 0.7848
vn 0.5931 0.4537 0.6652
vn 0.8139 0.3274 0.4800
vn 0.9538 0.1693 0.2483
vn 0.9878 0.0878 0.1288
vn -0.9537 0.1263 0.2730
vn -0.9878 0.0655 0.1415
vn -0.8138 0.2441 0.5275
vn -0.5929 0.3382 0.7308
vn -0.3123 0.3990 0.8621
vn -0.0790 0.4187 0.9047
vn 0.0790 0.4187 0.9047
vn 0.3123 0.3990 0.8621
vn 0.5929 0.3382 0.7308
vn 0.8138 0.2441 0.5275
vn 0.9537 0.1263 0.2730
vn 0.9878 0.0655 0.1415
vn -0.9535 0.0821 0.2900
vn -0.9878 0.0425 0.1501
vn -0.8134 0.1585 0.5597
vn -0.5925 0.2194 0.7751
vn -0.3120 0.2588 0.9141
vn -0.0790 0.2715 0.9592
vn 0.0790 0.2715 0.9592
vn 0.3120 0.2588 0.9141
vn 0.5925 0.2194 0.7751
vn 0.8134 0.1585 0.5597
vn 0.9535 0.0821 0.2900
vn 0.9878 0.0425 0.1501
vn -0.9532 0.0395 0.2996
vn -0.9877 0.0204 0.1547
vn -0.8129 0.0762 0.5774
vn -0.5919 0.1054 0.7991
vn -0.3117 0.1243 0.9420
vn -0.0789 0.1304 0.9883
vn 0.0789 0.1304 0.9883
vn 0.3117 0.1243 0.9420
vn 0.5919 0.1054 0.7991
vn 0.8129 0.0762 0.5774
vn 0.9532 0.0395 0.2996
vn 0.9877 0.0204 0.1547
vn -0.9530 0.0001 0.3029
vn -0.9877 -0.0000 0.1561
vn -0.8125 0.0001 0.5830
vn -0.5915 0.0002 0.8063
vn -0.3114 0.0002 0.9503
vn -0.0789 0.0002 0.9969
vn 0.0789 0.0002 0.9969
vn 0.3114 0.0002 0.9503
vn 0.5915 0.0002 0.8063
vn 0.8125 0.0001 0.5830
vn 0.9530 0.0001 0.3029
vn 0.9877 -0.0000 0.1561
vn -0.9532 -0.0387 0.3000
vn -0.9877 -0.0200 0.1548
vn -0.8127 -0.0745 0.5779
vn -0.5917 -0.1031 0.7995
vn -0.3116 -0.1215 0.9424
vn -0.0789 -0.1275 0.9887
vn 0.0789 -0.1275 0.9887
vn 0.3116 -0.1215 0.9424
vn 0.5917 -0.1031 0.7995
vn 0.8127 -0.0745 0.5779
vn 0.9532 -0.0387 0.3000
vn 0.9877 -0.0200 0.1548
vn -0.9533 -0.0792 0.2914
vn -0.9877 -0.0409 0.1506
vn -0.8130 -0.1526 0.5618
vn -0.5921 -0.2113 0.7777
vn -0.3118 -0.2491 0.9169
vn -0.0789 -0.2614 0.9620
vn 0.0789 -0.2614 0.9620
vn 0.3118 -0.2491 0.9169
vn 0.5921 -0.2113 0.7777
vn 0.8130 -0.1526 0.5618
vn 0.9533 -0.0792 0.2914
vn 0.9877 -0.0409 0.1506
vn -0.9534 -0.1203 0.2765
vn -0.9878 -0.0622 0.1431
vn -0.8133 -0.2321 0.5336
vn -0.5923 -0.3214 0.7388
vn -0.3119 -0.3790 0.8712
vn -0.0790 -0.3977 0.9141
vn 0.0790 -0.3977 0.9141
vn 0.3119 -0.3790 0.8712
vn 0.5923 -0.3214 0.7388
vn 0.8133 -0.2321 0.5336
vn 0.9534 -0.1203 0.2765
vn 0.9878 -0.0622 0.1431
vn -0.9535 -0.1602 0.2553
vn -0.9878 -0.0829 0.1321
vn -0.8134 -0.3092 0.4928
vn -0.5925 -0.4282 0.6824
vn -0.3120 -0.5050 0.8047
vn -0.0790 -0.5299 0.8444
vn 0.0790 -0.5299 0.8444
vn 0.3120 -0.5050 0.8047
vn 0.5925 -0.4282 0.6824
vn 0.8134 -0.3092 0.4928
vn 0.9535 -0.1602 0.2553
vn 0.9878 -0.0829 0.1321
vn -0.9535 -0.1969 0.2283
vn -0.9878 -0.1019 0.1181
vn -0.8133 -0.3799 0.4406
vn -0.5924 -0.5261 0.6101
vn -0.3120 -0.6204 0.7195
vn -0.0790 -0.6510 0.7550
vn 0.0790 -0.6510 0.7550
vn 0.3120 -0.6204 0.7195
vn 0.5924 -0.5261 0.6101
vn 0.8133 -0.3799 0.4406
vn 0.9535 -0.1969 0.2283
vn 0.9878 -0.1019 0.1181
vn -0.9534 -0.2286 0.1969
vn -0.9878 -0.1182 0.1018
vn -0.8132 -0.4410 0.3798
vn -0.5922 -0.6106 0.5258
vn -0.3119 -0.7199 0.6200
vn -0.0790 -0.7554 0.6505
vn 0.0790 -0.7554 0.6505
vn 0.3119 -0.7199 0.6200
vn 0.5922 -0.6106 0.5258
vn 0.8132 -0.4410 0.3798
vn 0.9534 -0.2286 0.1969
vn 0.9878 -0.1182 0.1018
vn -0.9533 -0.2545 0.1628
vn -0.9877 -0.1315 0.0841
vn -0.8129 -0.4906 0.3138
vn -0.5920 -0.6790 0.4342
vn -0.3117 -0.8005 0.5119
vn -0.0789 -0.8398 0.5371
vn 0.0789 -0.8398 0.5371
vn 0.3117 -0.8005 0.5119
vn 0.5920 -0.6790 0.4342
vn 0.8129 -0.4906 0.3138
vn 0.9533 -0.2545 0.1628
vn 0.9877 -0.1315 0.0841
vn -0.9531 -0.2744 0.1277
vn -0.9877 -0.1415 0.0659
vn -0.8126 -0.5284 0.2459
vn -0.5916 -0.7309 0.3402
vn -0.3115 -0.8615 0.4010
vn -0.0789 -0.9038 0.4207
vn 0.0789 -0.9038 0.4207
vn 0.3115 -0.8615 0.4010
vn 0.5916 -0.7309 0.3402
vn 0.8126 -0.5284 0.2459
vn 0.9531 -0.2744 0.1277
vn 0.9877 -0.1415 0.0659
vn -0.9529 -0.2886 0.0931
vn -0.9877 -0.1486 0.0480
vn -0.8123 -0.5551 0.1792
vn -0.5912 -0.7675 0.2477
vn -0.3112 -0.9044 0.2919
vn -0.0788 -0.9487 0.3062
vn 0.0788 -0.9487 0.3062
vn 0.3112 -0.9044 0.2919
vn 0.5912 -0.7675 0.2477
vn 0.8123 -0.5551 0.1792
vn 0.9529 -0.2886 0.0931
vn 0.9877 -0.1486 0.0480
vn -0.9528 -0.2978 0.0600
vn -0.9877 -0.1531 0.0309
vn -0.8120 -0.5722 0.1154
vn -0.5909 -0.7908 0.1594
vn -0.3110 -0.9317 0.1878
vn -0.0788 -0.9772 0.1970
vn 0.0788 -0.9772 0.1970
vn 0.3110 -0.9317 0.1878
vn 0.5909 -0.7908 0.1594
vn 0.8120 -0.5722 0.1154
vn 0.9528 -0.2978 0.0600
vn 0.9877 -0.1531 0.0309
vn -0.9526 -0.3029 0.0290
vn -0.9877 -0.1555 0.0149
vn -0.8117 -0.5814 0.0557
vn -0.5906 -0.8033 0.0769
vn -0.3108 -0.9462 0.0906
vn -0.0787 -0.9924 0.0950
vn 0.0787 -0.9924 0.0950
vn 0.3108 -0.9462 0.0906
vn 0.5906 -0.8033 0.0769
vn 0.8117 -0.5814 0.0557
vn 0.9526 -0.3029 0.0290
vn 0.9877 -0.1555 0.0149
vn -0.9520 -0.3059 0.0042
vn -0.9877 -0.1563 0.0022
vn -0.8107 -0.5854 0.0081
vn -0.5895 -0.8077 0.0111
vn -0.3101 -0.9506 0.0131
vn -0.0786 -0.9968 0.0137
vn 0.0786 -0.9968 0.0137
vn 0.3101 -0.9506 0.0131
vn 0.5895 -0.8077 0.0111
vn 0.8107 -0.5854 0.0081
vn 0.9520 -0.3059 0.0042
vn 0.9877 -0.1563 0.0021
vn -0.9516 -0.3070 -0.0117
vn -0.9877 -0.1563 -0.0060
vn -0.8100 -0.5860 -0.0223
vn -0.5888 -0.8077 -0.0308
vn -0.3096 -0.9502 -0.0362
vn -0.0786 -0.9962 -0.0379
vn 0.0786 -0.9962 -0.0379
vn 0.3096 -0.9502 -0.0362
vn 0.5888 -0.8077 -0.0308
vn 0.8100 -0.5860 -0.0223
vn 0.9516 -0.3070 -0.0117
vn 0.9877 -0.1563 -0.0060
vn -0.9517 -0.3062 -0.0240
vn -0.9877 -0.1559 -0.0122
vn -0.8101 -0.5846 -0.0459
vn -0.5888 -0.8058 -0.0632
vn -0.3097 -0.9479 -0.0744
vn -0.0786 -0.9939 -0.0780
vn 0.0786 -0.9939 -0.0780
vn 0.3097 -0.9479 -0.0744
vn 0.5888 -0.8058 -0.0632
vn 0.8101 -0.5846 -0.0459
vn 0.9517 -0.3062 -0.0240
vn 0.9877 -0.1559 -0.0122
vn -0.9517 -0.3048 -0.0368
vn -0.9877 -0.1553 -0.0187
vn -0.8101 -0.5821 -0.0703
vn -0.5889 -0.8024 -0.0969
vn -0.3097 -0.9440 -0.1140
vn -0.0786 -0.9897 -0.1195
vn 0.0786 -0.9897 -0.1195
vn 0.3097 -0.9440 -0.1140
vn 0.5889 -0.8024 -0.0969
vn 0.8101 -0.5821 -0.0703
vn 0.9517 -0.3048 -0.0368
vn 0.9877 -0.1553 -0.0188
vn -0.9517 -0.3030 -0.0497
vn -0.9877 -0.1543 -0.0253
vn -0.8101 -0.5786 -0.0949
vn -0.5889 -0.7976 -0.1308
vn -0.3097 -0.9383 -0.1539
vn -0.0786 -0.9838 -0.1614
vn 0.0786 -0.9838 -0.1614
vn 0.3097 -0.9383 -0.1539
vn 0.5889 -0.7976 -0.1308
vn 0.8101 -0.5786 -0.0949
vn 0.9517 -0.3030 -0.0497
vn 0.9877 -0.1543 -0.0253
vn -0.9517 -0.3007 -0.0624
vn -0.9877 -0.1531 -0.0318
vn -0.8100 -0.5742 -0.1190
vn -0.5888 -0.7914 -0.1641
vn -0.3097 -0.9310 -0.1930
vn -0.0786 -0.9761 -0.2024
vn 0.0786 -0.9761 -0.2024
vn 0.3097 -0.9310 -0.1930
vn 0.5888 -0.7914 -0.1641
vn 0.8100 -0.5742 -0.1190
vn 0.9517 -0.3007 -0.0624
vn 0.9877 -0.1531 -0.0318
vn -0.9516 -0.2981 -0.0744
vn -0.9877 -0.1517 -0.0379
vn -0.8100 -0.5690 -0.1421
vn -0.5888 -0.7842 -0.1958
vn -0.3096 -0.9225 -0.2303
vn -0.0786 -0.9672 -0.2415
vn 0.0786 -0.9672 -0.2415
vn 0.3096 -0.9225 -0.2303
vn 0.5888 -0.7842 -0.1958
vn 0.8100 -0.5690 -0.1421
vn 0.9516 -0.2981 -0.0744
vn 0.9877 -0.1517 -0.0379
vn -0.9516 -0.2952 -0.0856
vn -0.9877 -0.1502 -0.0436
vn -0.8099 -0.5633 -0.1634
vn -0.5887 -0.7763 -0.2253
vn -0.3096 -0.9132 -0.2650
vn -0.0785 -0.9574 -0.2778
vn 0.0785 -0.9574 -0.2778
vn 0.3096 -0.9132 -0.2650
vn 0.5887 -0.7763 -0.2253
vn 0.8099 -0.5633 -0.1634
vn 0.9516 -0.2952 -0.0856
vn 0.9877 -0.1502 -0.0436
vn -0.9515 -0.2922 -0.0959
vn -0.9877 -0.1486 -0.0488
vn -0.8098 -0.5574 -0.1829
vn -0.5886 -0.7681 -0.2520
vn -0.3095 -0.9035 -0.2964
vn -0.0785 -0.9472 -0.3108
vn 0.0785 -0.9472 -0.3108
vn 0.3095 -0.9035 -0.2964
vn 0.5886 -0.7681 -0.2520
vn 0.8098 -0.5574 -0.1829
vn 0.9515 -0.2922 -0.0959
vn 0.9877 -0.1486 -0.0488
vn -0.9515 -0.2892 -0.1050
vn -0.9877 -0.1470 -0.0534
vn -0.8097 -0.5516 -0.2002
vn -0.5885 -0.7600 -0.2758
vn -0.3095 -0.8939 -0.3244
vn -0.0785 -0.9371 -0.3401
vn 0.0785 -0.9371 -0.3401
vn 0.3095 -0.8939 -0.3244
vn 0.5885 -0.7600 -0.2758
vn 0.8097 -0.5516 -0.2002
vn 0.9515 -0.2892 -0.1050
vn 0.9877 -0.1470 -0.0534
vn -0.9514 -0.2864 -0.1129
vn -0.9877 -0.1455 -0.0574
vn -0.8096 -0.5460 -0.2153
vn -0.5884 -0.7522 -0.2966
vn -0.3094 -0.8846 -0.3488
vn -0.0785 -0.9274 -0.3657
vn 0.0785 -0.9274 -0.3657
vn 0.3094 -0.8846 -0.3488
vn 0.5884 -0.7522 -0.2966
vn 0.8096 -0.5460 -0.2153
vn 0.9514 -0.2864 -0.1129
vn 0.9877 -0.1455 -0.0574
vn -0.9514 -0.2838 -0.1198
vn -0.9877 -0.1441 -0.0608
vn -0.8096 -0.5408 -0.2283
vn -0.5883 -0.7450 -0.3145
vn -0.3094 -0.8761 -0.3698
vn -0.0785 -0.9184 -0.3877
vn 0.0785 -0.9184 -0.3877
vn 0.3094 -0.8761 -0.3698
vn 0.5883 -0.7450 -0.3145
vn 0.8096 -0.5408 -0.2283
vn 0.9514 -0.2838 -0.1198
vn 0.9877 -0.1441 -0.0608
vn -0.9725 -0.1950 0.1278
vn -0.9963 -0.0723 0.0474
vn -0.9012 -0.3625 0.2376
vn -0.7463 -0.5567 0.3649
vn -0.4453 -0.7489 0.4908
vn -0.1308 -0.8292 0.5435
vn 0.1308 -0.8292 0.5435
vn 0.4453 -0.7489 0.4908
vn 0.7463 -0.5567 0.3649
vn 0.9012 -0.3625 0.2376
vn 0.9725 -0.1950 0.1278
vn 0.9963 -0.0723 0.0474
vn -0.9506 0.1666 0.2618
vn -0.9912 0.0711 0.1117
vn -0.8277 0.3014 0.4734
vn -0.6226 0.4202 0.6601
vn -0.3376 0.5055 0.7940
vn -0.0899 0.5349 0.8401
vn 0.0899 0.5349 0.8401
vn 0.3376 0.5055 0.7940
vn 0.6226 0.4202 0.6601
vn 0.8277 0.3014 0.4734
vn 0.9506 0.1666 0.2618
vn 0.9912 0.0711 0.1117
vn -0.1719 -0.8287 -0.5326
vn -0.1767 -0.6749 0.7164
vn -0.0000 -0.4939 0.8695
vn -0.0000 -0.7071 -0.7071
vn -0.1629 -0.7365 -0.6565
vn -0.1612 -0.5341 0.8299
vn -0.1349 -0.6850 -0.7159
vn 0.4901 -0.8486 -0.1993
vn -0.0806 -0.6488 -0.7567
vn 0.3310 -0.8205 -0.4661
vn -0.0110 -0.6716 -0.7409
vn 0.0875 -0.8662 -0.4920
vn 0.0110 -0.6716 -0.7409
vn -0.0875 -0.8662 -0.4920
vn 0.0806 -0.6488 -0.7567
vn -0.3310 -0.8205 -0.4661
vn 0.1349 -0.6850 -0.7159
vn -0.4901 -0.8486 -0.1993
vn 0.1629 -0.7365 -0.6565
vn 0.1612 -0.5342 0.8299
vn 0.1719 -0.8287 -0.5326
vn 0.1767 -0.6749 0.7164
vn -0.9504 0.1651 0.2635
vn -0.9877 0.0830 0.1325
vn -0.8080 0.3127 0.4993
vn -0.7057 0.3923 0.5900
vn 0.0612 0.7982 -0.5993
vn 0.0078 0.8202 -0.5720
vn -0.0078 0.8202 -0.5720
vn -0.0611 0.7982 -0.5993
vn 0.7057 0.3923 0.5900
vn 0.8080 0.3127 0.4993
vn 0.9504 0.1651 0.2635
vn 0.9877 0.0830 0.1325
vn -0.9503 0.1774 0.2557
vn -0.9877 0.0892 0.1285
vn -0.8079 0.3360 0.4841
vn -0.5867 0.4617 0.6653
vn -0.3084 0.5424 0.7815
vn -0.0784 0.5684 0.8190
vn 0.0784 0.5684 0.8190
vn 0.3084 0.5424 0.7815
vn 0.5867 0.4617 0.6653
vn 0.8079 0.3360 0.4841
vn 0.9503 0.1774 0.2557
vn 0.9877 0.0892 0.1285
vn -0.9502 0.1911 0.2460
vn -0.9877 0.0959 0.1235
vn -0.8078 0.3617 0.4655
vn -0.5866 0.4969 0.6395
vn -0.3083 0.5837 0.7512
vn -0.0784 0.6117 0.7872
vn 0.0784 0.6117 0.7872
vn 0.3083 0.5837 0.7512
vn 0.5866 0.4969 0.6395
vn 0.8078 0.3617 0.4655
vn 0.9502 0.1911 0.2460
vn 0.9877 0.0959 0.1235
vn -0.9501 0.2062 0.2339
vn -0.9877 0.1034 0.1173
vn -0.8076 0.3899 0.4424
vn -0.5864 0.5356 0.6077
vn -0.3082 0.6290 0.7137
vn -0.0784 0.6592 0.7479
vn 0.0784 0.6592 0.7479
vn 0.3082 0.6290 0.7137
vn 0.5864 0.5356 0.6077
vn 0.8076 0.3899 0.4424
vn 0.9501 0.2062 0.2339
vn 0.9877 0.1034 0.1173
vn -0.9500 0.2225 0.2190
vn -0.9877 0.1114 0.1097
vn -0.8074 0.4205 0.4138
vn -0.5863 0.5774 0.5683
vn -0.3081 0.6780 0.6673
vn -0.0784 0.7105 0.6993
vn 0.0784 0.7105 0.6993
vn 0.3081 0.6780 0.6673
vn 0.5863 0.5774 0.5683
vn 0.8074 0.4205 0.4138
vn 0.9500 0.2225 0.2190
vn 0.9877 0.1114 0.1097
vn -0.9499 0.2399 0.2005
vn -0.9877 0.1199 0.1002
vn -0.8072 0.4529 0.3786
vn -0.5861 0.6217 0.5197
vn -0.3080 0.7299 0.6102
vn -0.0784 0.7649 0.6394
vn 0.0784 0.7649 0.6394
vn 0.3080 0.7299 0.6102
vn 0.5861 0.6217 0.5197
vn 0.8072 0.4529 0.3786
vn 0.9499 0.2399 0.2005
vn 0.9877 0.1199 0.1002
vn -0.9497 0.2577 0.1778
vn -0.9877 0.1286 0.0887
vn -0.8070 0.4861 0.3353
vn -0.5859 0.6670 0.4602
vn -0.3079 0.7831 0.5403
vn -0.0784 0.8206 0.5661
vn 0.0784 0.8206 0.5661
vn 0.3079 0.7831 0.5403
vn 0.5859 0.6670 0.4602
vn 0.8070 0.4861 0.3353
vn 0.9497 0.2577 0.1778
vn 0.9877 0.1286 0.0887
vn -0.9496 0.2751 0.1503
vn -0.9877 0.1371 0.0749
vn -0.8068 0.5184 0.2833
vn -0.5858 0.7112 0.3886
vn -0.3078 0.8349 0.4562
vn -0.0784 0.8748 0.4780
vn 0.0784 0.8748 0.4780
vn 0.3078 0.8349 0.4562
vn 0.5858 0.7112 0.3886
vn 0.8068 0.5184 0.2833
vn 0.9496 0.2751 0.1503
vn 0.9877 0.1371 0.0749
vn -0.9495 0.2909 0.1180
vn -0.9877 0.1447 0.0587
vn -0.8067 0.5477 0.2221
vn -0.5856 0.7512 0.3046
vn -0.3078 0.8817 0.3576
vn -0.0784 0.9238 0.3747
vn 0.0784 0.9238 0.3747
vn 0.3078 0.8817 0.3576
vn 0.5856 0.7512 0.3046
vn 0.8067 0.5477 0.2221
vn 0.9495 0.2909 0.1180
vn 0.9877 0.1447 0.0587
vn -0.9494 0.3035 0.0812
vn -0.9877 0.1508 0.0404
vn -0.8065 0.5711 0.1528
vn -0.5855 0.7831 0.2095
vn -0.3077 0.9192 0.2459
vn -0.0784 0.9630 0.2577
vn 0.0784 0.9630 0.2577
vn 0.3077 0.9192 0.2459
vn 0.5855 0.7831 0.2095
vn 0.8065 0.5711 0.1528
vn 0.9494 0.3035 0.0812
vn 0.9877 0.1508 0.0404
vn -0.9493 0.3116 0.0413
vn -0.9877 0.1547 0.0205
vn -0.8065 0.5861 0.0777
vn -0.5855 0.8037 0.1065
vn -0.3077 0.9432 0.1250
vn -0.0784 0.9883 0.1310
vn 0.0784 0.9883 0.1310
vn 0.3077 0.9432 0.1250
vn 0.5855 0.8037 0.1065
vn 0.8065 0.5861 0.0777
vn 0.9493 0.3116 0.0413
vn 0.9877 0.1547 0.0205
vn -0.9496 0.3133 0.0041
vn -0.9877 0.1562 0.0021
vn -0.8069 0.5906 0.0078
vn -0.5858 0.8104 0.0107
vn -0.3079 0.9514 0.0126
vn -0.0784 0.9968 0.0132
vn 0.0784 0.9968 0.0132
vn 0.3079 0.9514 0.0126
vn 0.5858 0.8104 0.0107
vn 0.8069 0.5906 0.0078
vn 0.9496 0.3133 0.0041
vn 0.9877 0.1562 0.0021
vn -0.9500 0.3114 -0.0248
vn -0.9877 0.1558 -0.0124
vn -0.8073 0.5882 -0.0468
vn -0.5862 0.8076 -0.0643
vn -0.3081 0.9484 -0.0755
vn -0.0784 0.9938 -0.0791
vn 0.0784 0.9938 -0.0791
vn 0.3081 0.9484 -0.0755
vn 0.5862 0.8076 -0.0643
vn 0.8073 0.5882 -0.0468
vn 0.9500 0.3114 -0.0248
vn 0.9877 0.1558 -0.0124
vn -0.9500 0.3084 -0.0495
vn -0.9877 0.1543 -0.0248
vn -0.8074 0.5826 -0.0935
vn -0.5862 0.7999 -0.1283
vn -0.3081 0.9394 -0.1507
vn -0.0784 0.9843 -0.1579
vn 0.0784 0.9843 -0.1579
vn 0.3081 0.9394 -0.1507
vn 0.5862 0.7999 -0.1283
vn 0.8074 0.5826 -0.0935
vn 0.9500 0.3084 -0.0495
vn 0.9877 0.1543 -0.0248
vn -0.9500 0.3035 -0.0735
vn -0.9877 0.1519 -0.0368
vn -0.8074 0.5735 -0.1389
vn -0.5862 0.7874 -0.1907
vn -0.3081 0.9246 -0.2239
vn -0.0784 0.9689 -0.2346
vn 0.0784 0.9689 -0.2346
vn 0.3081 0.9246 -0.2239
vn 0.5862 0.7874 -0.1907
vn 0.8074 0.5735 -0.1389
vn 0.9500 0.3035 -0.0735
vn 0.9877 0.1519 -0.0368
vn -0.9500 0.2969 -0.0963
vn -0.9877 0.1487 -0.0482
vn -0.8074 0.5612 -0.1820
vn -0.5863 0.7706 -0.2500
vn -0.3081 0.9049 -0.2936
vn -0.0784 0.9483 -0.3076
vn 0.0784 0.9483 -0.3076
vn 0.3081 0.9049 -0.2936
vn 0.5863 0.7706 -0.2500
vn 0.8074 0.5612 -0.1820
vn 0.9500 0.2969 -0.0963
vn 0.9877 0.1487 -0.0482
vn -0.9501 0.2890 -0.1175
vn -0.9877 0.1448 -0.0589
vn -0.8075 0.5464 -0.2222
vn -0.5863 0.7504 -0.3052
vn -0.3082 0.8812 -0.3584
vn -0.0784 0.9235 -0.3756
vn 0.0784 0.9235 -0.3756
vn 0.3082 0.8812 -0.3584
vn 0.5864 0.7504 -0.3052
vn 0.8075 0.5464 -0.2222
vn 0.9501 0.2890 -0.1176
vn 0.9877 0.1448 -0.0589
vn -0.9501 0.2802 -0.1369
vn -0.9877 0.1405 -0.0686
vn -0.8076 0.5299 -0.2589
vn -0.5864 0.7278 -0.3556
vn -0.3082 0.8548 -0.4176
vn -0.0784 0.8957 -0.4376
vn 0.0784 0.8957 -0.4376
vn 0.3082 0.8548 -0.4176
vn 0.5864 0.7278 -0.3556
vn 0.8076 0.5299 -0.2589
vn 0.9501 0.2802 -0.1369
vn 0.9877 0.1405 -0.0686
vn -0.9502 0.2708 -0.1542
vn -0.9877 0.1359 -0.0774
vn -0.8077 0.5123 -0.2918
vn -0.5865 0.7038 -0.4008
vn -0.3083 0.8267 -0.4708
vn -0.0784 0.8663 -0.4933
vn 0.0784 0.8663 -0.4933
vn 0.3083 0.8267 -0.4708
vn 0.5865 0.7038 -0.4008
vn 0.8077 0.5123 -0.2918
vn 0.9502 0.2708 -0.1542
vn 0.9877 0.1359 -0.0774
vn -0.9503 0.2612 -0.1695
vn -0.9877 0.1312 -0.0851
vn -0.8078 0.4944 -0.3209
vn -0.5866 0.6793 -0.4409
vn -0.3083 0.7980 -0.5179
vn -0.0784 0.8362 -0.5427
vn 0.0784 0.8362 -0.5427
vn 0.3083 0.7980 -0.5179
vn 0.5866 0.6793 -0.4409
vn 0.8078 0.4944 -0.3209
vn 0.9503 0.2612 -0.1695
vn 0.9877 0.1312 -0.0851
vn -0.9503 0.2517 -0.1829
vn -0.9877 0.1265 -0.0919
vn -0.8079 0.4767 -0.3464
vn -0.5867 0.6551 -0.4761
vn -0.3084 0.7695 -0.5592
vn -0.0784 0.8065 -0.5861
vn 0.0784 0.8065 -0.5861
vn 0.3084 0.7695 -0.5592
vn 0.5867 0.6551 -0.4761
vn 0.8079 0.4767 -0.3464
vn 0.9503 0.2517 -0.1829
vn 0.9877 0.1265 -0.0919
vn -0.9504 0.2426 -0.1946
vn -0.9877 0.1220 -0.0979
vn -0.8080 0.4596 -0.3687
vn -0.5868 0.6316 -0.5067
vn -0.3084 0.7420 -0.5952
vn -0.0784 0.7776 -0.6238
vn 0.0784 0.7776 -0.6238
vn 0.3084 0.7420 -0.5952
vn 0.5868 0.6316 -0.5067
vn 0.8080 0.4596 -0.3687
vn 0.9504 0.2426 -0.1946
vn 0.9877 0.1220 -0.0979
vn -0.9505 0.2339 -0.2047
vn -0.9877 0.1177 -0.1030
vn -0.8081 0.4433 -0.3879
vn -0.5869 0.6093 -0.5332
vn -0.3085 0.7159 -0.6264
vn -0.0784 0.7503 -0.6565
vn 0.0784 0.7503 -0.6565
vn 0.3085 0.7159 -0.6264
vn 0.5869 0.6093 -0.5332
vn 0.8081 0.4433 -0.3879
vn 0.9505 0.2339 -0.2047
vn 0.9877 0.1177 -0.1030
vn -0.9553 0.0418 -0.2927
vn -0.9926 0.0171 -0.1200
vn -0.8441 0.0758 -0.5308
vn -0.6483 0.1077 -0.7537
vn -0.3582 0.1320 -0.9243
vn -0.0972 0.1407 -0.9853
vn 0.0972 0.1407 -0.9853
vn 0.3582 0.1320 -0.9243
vn 0.6483 0.1077 -0.7537
vn 0.8441 0.0758 -0.5308
vn 0.9553 0.0418 -0.2927
vn 0.9926 0.0171 -0.1200
vn -0.9656 -0.2576 -0.0364
vn -0.9950 -0.0991 -0.0140
vn -0.8783 -0.4735 -0.0669
vn -0.7047 -0.7025 -0.0993
vn -0.4063 -0.9047 -0.1279
vn -0.1152 -0.9836 -0.1391
vn 0.1152 -0.9836 -0.1391
vn 0.4063 -0.9047 -0.1279
vn 0.7047 -0.7025 -0.0993
vn 0.8783 -0.4735 -0.0669
vn 0.9656 -0.2576 -0.0364
vn 0.9950 -0.0991 -0.0140
vn -0.9518 -0.2311 0.2018
vn -0.9877 -0.1178 0.1029
vn -0.8102 -0.4414 0.3856
vn -0.5890 -0.6086 0.5316
vn -0.3098 -0.7161 0.6255
vn -0.0786 -0.7508 0.6558
vn 0.0786 -0.7508 0.6558
vn 0.3098 -0.7161 0.6255
vn 0.5890 -0.6086 0.5316
vn 0.8102 -0.4414 0.3856
vn 0.9518 -0.2311 0.2018
vn 0.9877 -0.1178 0.1029
vn -0.9518 -0.2403 0.1908
vn -0.9877 -0.1225 0.0972
vn -0.8102 -0.4591 0.3645
vn -0.5890 -0.6329 0.5025
vn -0.3098 -0.7447 0.5912
vn -0.0786 -0.7808 0.6198
vn 0.0786 -0.7808 0.6198
vn 0.3098 -0.7447 0.5912
vn 0.5890 -0.6329 0.5025
vn 0.8102 -0.4591 0.3645
vn 0.9518 -0.2403 0.1908
vn 0.9877 -0.1225 0.0972
vn -0.9517 -0.2489 0.1796
vn -0.9877 -0.1268 0.0915
vn -0.8102 -0.4754 0.3430
vn -0.5890 -0.6553 0.4729
vn -0.3098 -0.7710 0.5564
vn -0.0786 -0.8084 0.5834
vn 0.0786 -0.8084 0.5834
vn 0.3098 -0.7710 0.5564
vn 0.5890 -0.6553 0.4729
vn 0.8102 -0.4754 0.3430
vn 0.9517 -0.2489 0.1796
vn 0.9877 -0.1268 0.0915
vn -0.9518 -0.2568 0.1680
vn -0.9877 -0.1309 0.0856
vn -0.8102 -0.4905 0.3209
vn -0.5890 -0.6763 0.4424
vn -0.3098 -0.7957 0.5205
vn -0.0786 -0.8343 0.5458
vn 0.0786 -0.8343 0.5458
vn 0.3098 -0.7957 0.5205
vn 0.5890 -0.6763 0.4424
vn 0.8102 -0.4905 0.3209
vn 0.9518 -0.2568 0.1680
vn 0.9877 -0.1309 0.0856
vn -0.9518 -0.2643 0.1557
vn -0.9877 -0.1347 0.0794
vn -0.8102 -0.5050 0.2976
vn -0.5890 -0.6962 0.4103
vn -0.3098 -0.8192 0.4827
vn -0.0786 -0.8589 0.5061
vn 0.0786 -0.8589 0.5061
vn 0.3098 -0.8192 0.4827
vn 0.5890 -0.6962 0.4103
vn 0.8102 -0.5050 0.2976
vn 0.9518 -0.2643 0.1558
vn 0.9877 -0.1347 0.0794
vn -0.9518 -0.2715 0.1425
vn -0.9877 -0.1385 0.0727
vn -0.8103 -0.5189 0.2723
vn -0.5891 -0.7155 0.3755
vn -0.3098 -0.8419 0.4419
vn -0.0786 -0.8827 0.4633
vn 0.0786 -0.8827 0.4633
vn 0.3098 -0.8419 0.4419
vn 0.5891 -0.7155 0.3755
vn 0.8103 -0.5189 0.2723
vn 0.9518 -0.2715 0.1425
vn 0.9877 -0.1385 0.0727
vn -0.9519 -0.2785 0.1278
vn -0.9877 -0.1421 0.0652
vn -0.8104 -0.5324 0.2443
vn -0.5892 -0.7343 0.3370
vn -0.3099 -0.8641 0.3965
vn -0.0786 -0.9061 0.4158
vn 0.0786 -0.9061 0.4158
vn 0.3099 -0.8641 0.3965
vn 0.5892 -0.7343 0.3370
vn 0.8104 -0.5324 0.2443
vn 0.9519 -0.2785 0.1278
vn 0.9877 -0.1421 0.0652
vn -0.9520 -0.2852 0.1110
vn -0.9877 -0.1457 0.0567
vn -0.8106 -0.5457 0.2124
vn -0.5895 -0.7528 0.2930
vn -0.3101 -0.8860 0.3448
vn -0.0786 -0.9290 0.3615
vn 0.0786 -0.9290 0.3615
vn 0.3101 -0.8860 0.3448
vn 0.5895 -0.7528 0.2930
vn 0.8106 -0.5457 0.2124
vn 0.9520 -0.2852 0.1110
vn 0.9877 -0.1457 0.0567
vn -0.9522 -0.2916 0.0912
vn -0.9877 -0.1492 0.0467
vn -0.8109 -0.5585 0.1747
vn -0.5898 -0.7708 0.2411
vn -0.3103 -0.9073 0.2838
vn -0.0787 -0.9515 0.2976
vn 0.0787 -0.9515 0.2976
vn 0.3103 -0.9073 0.2838
vn 0.5898 -0.7708 0.2411
vn 0.8109 -0.5585 0.1747
vn 0.9522 -0.2916 0.0912
vn 0.9877 -0.1492 0.0467
vn -0.9524 -0.2973 0.0671
vn -0.9877 -0.1524 0.0344
vn -0.8114 -0.5702 0.1288
vn -0.5903 -0.7874 0.1778
vn -0.3106 -0.9272 0.2094
vn -0.0787 -0.9724 0.2196
vn 0.0787 -0.9724 0.2196
vn 0.3106 -0.9272 0.2094
vn 0.5903 -0.7874 0.1778
vn 0.8114 -0.5702 0.1288
vn 0.9524 -0.2973 0.0671
vn 0.9877 -0.1524 0.0344
vn -0.9528 -0.3013 0.0370
vn -0.9877 -0.1550 0.0190
vn -0.8121 -0.5792 0.0712
vn -0.7069 -0.6947 0.1331
vn -0.0613 0.0377 0.9974
vn -0.0078 0.0728 0.9973
vn 0.0078 0.0728 0.9973
vn 0.0612 0.0377 0.9974
vn 0.7069 -0.6947 0.1331
vn 0.8121 -0.5792 0.0712
vn 0.9528 -0.3013 0.0370
vn 0.9877 -0.1550 0.0190
vn -0.9535 -0.3015 -0.0025
vn -0.9878 -0.1560 -0.0013
vn -0.8133 -0.5818 -0.0048
vn -0.7067 -0.7042 -0.0689
vn -0.0612 -0.0760 -0.9952
vn -0.0078 -0.0412 -0.9991
vn 0.0078 -0.0412 -0.9991
vn 0.0612 -0.0760 -0.9952
vn 0.7067 -0.7042 -0.0688
vn 0.8133 -0.5818 -0.0048
vn 0.9535 -0.3015 -0.0025
vn 0.9878 -0.1560 -0.0013
vn -0.9537 -0.2965 -0.0496
vn -0.9878 -0.1538 -0.0257
vn -0.8138 -0.5731 -0.0959
vn -0.5930 -0.7942 -0.1329
vn -0.3124 -0.9369 -0.1568
vn -0.0791 -0.9832 -0.1646
vn 0.0791 -0.9832 -0.1646
vn 0.3124 -0.9369 -0.1568
vn 0.5930 -0.7942 -0.1329
vn 0.8138 -0.5731 -0.0959
vn 0.9537 -0.2965 -0.0496
vn 0.9878 -0.1538 -0.0257
vn -0.9537 -0.2848 -0.0972
vn -0.9878 -0.1476 -0.0504
vn -0.8137 -0.5502 -0.1878
vn -0.5928 -0.7622 -0.2602
vn -0.3123 -0.8991 -0.3069
vn -0.0790 -0.9434 -0.3220
vn 0.0790 -0.9434 -0.3220
vn 0.3123 -0.8991 -0.3069
vn 0.5928 -0.7622 -0.2602
vn 0.8137 -0.5502 -0.1878
vn 0.9537 -0.2848 -0.0972
vn 0.9878 -0.1476 -0.0504
vn -0.9535 -0.2665 -0.1406
vn -0.9878 -0.1380 -0.0728
vn -0.8134 -0.5145 -0.2714
vn -0.5925 -0.7125 -0.3759
vn -0.3121 -0.8403 -0.4433
vn -0.0790 -0.8817 -0.4651
vn 0.0790 -0.8817 -0.4651
vn 0.3121 -0.8403 -0.4433
vn 0.5925 -0.7125 -0.3759
vn 0.8134 -0.5145 -0.2714
vn 0.9535 -0.2665 -0.1406
vn 0.9878 -0.1380 -0.0728
vn -0.9533 -0.2433 -0.1786
vn -0.9878 -0.1258 -0.0923
vn -0.8131 -0.4692 -0.3445
vn -0.5921 -0.6496 -0.4769
vn -0.3118 -0.7659 -0.5623
vn -0.0789 -0.8036 -0.5900
vn 0.0789 -0.8036 -0.5900
vn 0.3118 -0.7659 -0.5623
vn 0.5921 -0.6496 -0.4769
vn 0.8131 -0.4692 -0.3445
vn 0.9533 -0.2433 -0.1787
vn 0.9878 -0.1258 -0.0923
vn -0.9532 -0.2167 -0.2109
vn -0.9877 -0.1118 -0.1089
vn -0.8128 -0.4174 -0.4064
vn -0.5918 -0.5776 -0.5623
vn -0.3116 -0.6809 -0.6628
vn -0.0789 -0.7143 -0.6954
vn 0.0789 -0.7143 -0.6954
vn 0.3116 -0.6809 -0.6628
vn 0.5918 -0.5776 -0.5623
vn 0.8128 -0.4174 -0.4064
vn 0.9532 -0.2167 -0.2109
vn 0.9877 -0.1118 -0.1089
vn -0.9530 -0.1878 -0.2376
vn -0.9877 -0.0968 -0.1225
vn -0.8125 -0.3615 -0.4573
vn -0.5915 -0.5000 -0.6325
vn -0.3114 -0.5893 -0.7455
vn -0.0789 -0.6182 -0.7821
vn 0.0789 -0.6182 -0.7821
vn 0.3114 -0.5893 -0.7455
vn 0.5915 -0.5000 -0.6325
vn 0.8125 -0.3615 -0.4573
vn 0.9530 -0.1878 -0.2376
vn 0.9877 -0.0968 -0.1225
vn -0.9529 -0.1576 -0.2590
vn -0.9877 -0.0812 -0.1334
vn -0.8123 -0.3031 -0.4983
vn -0.5913 -0.4191 -0.6890
vn -0.3112 -0.4939 -0.8119
vn -0.0788 -0.5181 -0.8517
vn 0.0788 -0.5181 -0.8517
vn 0.3112 -0.4939 -0.8119
vn 0.5913 -0.4191 -0.6890
vn 0.8123 -0.3031 -0.4983
vn 0.9529 -0.1576 -0.2590
vn 0.9877 -0.0812 -0.1334
vn -0.9528 -0.1266 -0.2758
vn -0.9877 -0.0651 -0.1419
vn -0.8121 -0.2434 -0.5303
vn -0.5911 -0.3364 -0.7331
vn -0.3111 -0.3964 -0.8638
vn -0.0788 -0.4158 -0.9060
vn 0.0788 -0.4158 -0.9060
vn 0.3111 -0.3964 -0.8638
vn 0.5911 -0.3364 -0.7331
vn 0.8121 -0.2434 -0.5303
vn 0.9528 -0.1266 -0.2758
vn 0.9877 -0.0651 -0.1420
vn -0.9528 -0.0951 -0.2884
vn -0.9877 -0.0489 -0.1483
vn -0.8120 -0.1828 -0.5543
vn -0.5909 -0.2527 -0.7661
vn -0.3110 -0.2977 -0.9026
vn -0.0788 -0.3123 -0.9467
vn 0.0788 -0.3123 -0.9467
vn 0.3110 -0.2977 -0.9026
vn 0.5909 -0.2527 -0.7661
vn 0.8120 -0.1828 -0.5543
vn 0.9528 -0.0951 -0.2884
vn 0.9877 -0.0489 -0.1483
vn -0.9527 -0.0634 -0.2971
vn -0.9877 -0.0326 -0.1528
vn -0.8119 -0.1219 -0.5709
vn -0.5909 -0.1684 -0.7890
vn -0.3110 -0.1984 -0.9295
vn -0.0788 -0.2081 -0.9749
vn 0.0788 -0.2081 -0.9749
vn 0.3110 -0.1984 -0.9295
vn 0.5909 -0.1684 -0.7890
vn 0.8119 -0.1219 -0.5709
vn 0.9527 -0.0634 -0.2971
vn 0.9877 -0.0326 -0.1528
vn -0.9527 -0.0317 -0.3023
vn -0.9877 -0.0163 -0.1554
vn -0.8119 -0.0608 -0.5807
vn -0.5908 -0.0840 -0.8024
vn -0.3109 -0.0990 -0.9453
vn -0.0788 -0.1038 -0.9915
vn 0.0788 -0.1038 -0.9915
vn 0.3109 -0.0990 -0.9453
vn 0.5908 -0.0840 -0.8024
vn 0.8119 -0.0608 -0.5807
vn 0.9527 -0.0317 -0.3023
vn 0.9877 -0.0163 -0.1554
vn -0.9518 -0.0079 -0.3065
vn -0.9877 -0.0041 -0.1563
vn -0.8103 -0.0152 -0.5858
vn -0.5891 -0.0209 -0.8078
vn -0.3099 -0.0246 -0.9505
vn -0.0786 -0.0258 -0.9966
vn 0.0786 -0.0258 -0.9966
vn 0.3099 -0.0246 -0.9505
vn 0.5891 -0.0209 -0.8078
vn 0.8103 -0.0152 -0.5858
vn 0.9518 -0.0079 -0.3065
vn 0.9877 -0.0041 -0.1563
vn -0.9600 -0.1980 -0.1980
vn -0.9938 -0.0787 -0.0787
vn -0.8599 -0.3610 -0.3610
vn -0.6736 -0.5226 -0.5226
vn -0.3793 -0.6543 -0.6543
vn -0.1049 -0.7032 -0.7032
vn 0.1049 -0.7032 -0.7032
vn 0.3793 -0.6543 -0.6543
vn 0.6736 -0.5226 -0.5226
vn 0.8599 -0.3610 -0.3610
vn 0.9600 -0.1980 -0.1980
vn 0.9938 -0.0787 -0.0787
vn -0.9600 -0.1980 0.1980
vn -0.9938 -0.0787 0.0787
vn -0.8599 -0.3610 0.3610
vn -0.6736 -0.5226 0.5226
vn -0.3793 -0.6543 0.6543
vn -0.1049 -0.7032 0.7032
vn 0.1049 -0.7032 0.7032
vn 0.3793 -0.6543 0.6543
vn 0.6736 -0.5226 0.5226
vn 0.8599 -0.3610 0.3610
vn 0.9600 -0.1980 0.1980
vn 0.9938 -0.0787 0.0787
vn -0.9600 0.1980 0.1980
vn -0.9938 0.0787 0.0787
vn -0.8599 0.3610 0.3610
vn -0.6736 0.5226 0.5226
vn -0.3792 0.6543 0.6543
vn -0.1049 0.7032 0.7032
vn 0.1049 0.7032 0.7032
vn 0.3792 0.6543 0.6543
vn 0.6736 0.5226 0.5226
vn 0.8599 0.3610 0.3610
vn 0.9600 0.1980 0.1980
vn 0.9938 0.0787 0.0787
vn -0.9600 0.1980 -0.1980
vn -0.9938 0.0787 -0.0787
vn -0.8599 0.3610 -0.3610
vn -0.6736 0.5226 -0.5226
vn -0.3792 0.6543 -0.6543
vn -0.1049 0.7032 -0.7032
vn 0.1049 0.7032 -0.7032
vn 0.3792 0.6543 -0.6543
vn 0.6736 0.5226 -0.5226
vn 0.8599 0.3610 -0.3610
vn 0.9600 0.1980 -0.1980
vn 0.9938 0.0787 -0.0787
vn -0.9502 -0.3114 0.0090
vn -0.9494 -0.3118 0.0374
vn -0.9877 -0.1550 0.0186
vn -0.9877 -0.1563 0.0045
vn -0.8078 -0.5893 0.0170
vn -0.8066 -0.5869 0.0704
vn -0.5866 -0.8096 0.0234
vn -0.5856 -0.8048 0.0965
vn -0.3083 -0.9509 0.0274
vn -0.3077 -0.9447 0.1133
vn -0.0784 -0.9965 0.0288
vn -0.0784 -0.9898 0.1187
vn 0.0784 -0.9965 0.0288
vn 0.0784 -0.9898 0.1187
vn 0.3083 -0.9509 0.0274
vn 0.3077 -0.9447 0.1133
vn 0.5866 -0.8096 0.0234
vn 0.5856 -0.8048 0.0965
vn 0.8078 -0.5893 0.0170
vn 0.8066 -0.5869 0.0704
vn 0.9502 -0.3114 0.0090
vn 0.9494 -0.3118 0.0374
vn 0.9877 -0.1563 0.0045
vn 0.9877 -0.1550 0.0186
vn -0.9493 -0.3048 0.0770
vn -0.9877 -0.1513 0.0382
vn -0.8065 -0.5733 0.1448
vn -0.5855 -0.7860 0.1985
vn -0.3077 -0.9225 0.2330
vn -0.0784 -0.9666 0.2442
vn 0.0784 -0.9666 0.2442
vn 0.3077 -0.9225 0.2330
vn 0.5855 -0.7860 0.1985
vn 0.8065 -0.5733 0.1448
vn 0.9493 -0.3048 0.0770
vn 0.9877 -0.1513 0.0382
vn -0.9492 -0.2917 0.1180
vn -0.9877 -0.1447 0.0585
vn -0.8064 -0.5483 0.2217
vn -0.5854 -0.7516 0.3039
vn -0.3076 -0.8821 0.3567
vn -0.0784 -0.9242 0.3737
vn 0.0784 -0.9242 0.3737
vn 0.3076 -0.8821 0.3567
vn 0.5854 -0.7516 0.3040
vn 0.8064 -0.5483 0.2217
vn 0.9492 -0.2917 0.1180
vn 0.9877 -0.1447 0.0585
vn -0.9491 -0.2720 0.1586
vn -0.9878 -0.1348 0.0786
vn -0.8063 -0.5110 0.2980
vn -0.5853 -0.7004 0.4084
vn -0.3076 -0.8220 0.4793
vn -0.0784 -0.8612 0.5022
vn 0.0784 -0.8612 0.5022
vn 0.3076 -0.8220 0.4793
vn 0.5853 -0.7004 0.4084
vn 0.8063 -0.5110 0.2980
vn 0.9491 -0.2720 0.1586
vn 0.9878 -0.1348 0.0786
vn -0.9491 -0.2458 0.1969
vn -0.9878 -0.1218 0.0975
vn -0.8062 -0.4617 0.3699
vn -0.5853 -0.6328 0.5069
vn -0.3076 -0.7426 0.5949
vn -0.0784 -0.7781 0.6233
vn 0.0784 -0.7781 0.6233
vn 0.3076 -0.7426 0.5949
vn 0.5853 -0.6328 0.5069
vn 0.8062 -0.4617 0.3699
vn 0.9491 -0.2458 0.1969
vn 0.9878 -0.1218 0.0975
vn -0.9491 -0.2141 0.2309
vn -0.9878 -0.1061 0.1144
vn -0.8063 -0.4022 0.4338
vn -0.5853 -0.5513 0.5946
vn -0.3076 -0.6469 0.6978
vn -0.0784 -0.6778 0.7311
vn 0.0784 -0.6778 0.7311
vn 0.3076 -0.6469 0.6978
vn 0.5853 -0.5513 0.5946
vn 0.8063 -0.4022 0.4338
vn 0.9491 -0.2141 0.2309
vn 0.9878 -0.1061 0.1144
vn -0.9492 -0.1785 0.2592
vn -0.9877 -0.0885 0.1285
vn -0.8063 -0.3354 0.4871
vn -0.5854 -0.4598 0.6678
vn -0.3076 -0.5396 0.7837
vn -0.0784 -0.5654 0.8211
vn 0.0784 -0.5654 0.8211
vn 0.3076 -0.5396 0.7837
vn 0.5854 -0.4598 0.6678
vn 0.8063 -0.3354 0.4871
vn 0.9492 -0.1785 0.2592
vn 0.9877 -0.0885 0.1285
vn -0.9493 -0.1409 0.2811
vn -0.9877 -0.0699 0.1395
vn -0.8064 -0.2650 0.5286
vn -0.5854 -0.3633 0.7248
vn -0.3077 -0.4264 0.8506
vn -0.0784 -0.4467 0.8912
vn 0.0784 -0.4467 0.8912
vn 0.3077 -0.4264 0.8506
vn 0.5854 -0.3633 0.7248
vn 0.8064 -0.2650 0.5286
vn 0.9493 -0.1409 0.2811
vn 0.9877 -0.0699 0.1395
vn -0.9494 -0.1031 0.2967
vn -0.9877 -0.0513 0.1475
vn -0.8066 -0.1941 0.5584
vn -0.5856 -0.2662 0.7657
vn -0.3077 -0.3124 0.8987
vn -0.0784 -0.3273 0.9417
vn 0.0784 -0.3273 0.9417
vn 0.3077 -0.3124 0.8987
vn 0.5856 -0.2662 0.7657
vn 0.8066 -0.1941 0.5584
vn 0.9494 -0.1031 0.2967
vn 0.9877 -0.0513 0.1475
vn -0.9495 -0.0666 0.3066
vn -0.9877 -0.0331 0.1526
vn -0.8067 -0.1254 0.5775
vn -0.5857 -0.1720 0.7921
vn -0.3078 -0.2019 0.9298
vn -0.0784 -0.2115 0.9742
vn 0.0784 -0.2115 0.9742
vn 0.3078 -0.2019 0.9298
vn 0.5857 -0.1720 0.7921
vn 0.8067 -0.1254 0.5775
vn 0.9495 -0.0666 0.3066
vn 0.9877 -0.0331 0.1526
vn -0.9496 -0.0321 0.3118
vn -0.9877 -0.0160 0.1554
vn -0.8069 -0.0606 0.5876
vn -0.5858 -0.0831 0.8062
vn -0.3078 -0.0976 0.9464
vn -0.0784 -0.1022 0.9917
vn 0.0784 -0.1022 0.9917
vn 0.3078 -0.0976 0.9464
vn 0.5858 -0.0831 0.8062
vn 0.8069 -0.0606 0.5876
vn 0.9496 -0.0321 0.3118
vn 0.9877 -0.0160 0.1554
vn -0.9496 0.0016 0.3135
vn -0.9877 0.0008 0.1562
vn -0.8068 0.0031 0.5908
vn -0.5858 0.0042 0.8105
vn -0.3078 0.0050 0.9514
vn -0.0784 0.0052 0.9969
vn 0.0784 0.0052 0.9969
vn 0.3078 0.0050 0.9514
vn 0.5858 0.0042 0.8105
vn 0.8068 0.0031 0.5908
vn 0.9496 0.0016 0.3135
vn 0.9877 0.0008 0.1562
vn -0.9494 0.0383 0.3117
vn -0.9877 0.0190 0.1550
vn -0.8066 0.0721 0.5867
vn -0.5856 0.0989 0.8046
vn -0.3077 0.1160 0.9444
vn -0.0784 0.1216 0.9895
vn 0.0784 0.1216 0.9895
vn 0.3077 0.1160 0.9444
vn 0.5856 0.0989 0.8046
vn 0.8066 0.0721 0.5867
vn 0.9494 0.0383 0.3117
vn 0.9877 0.0190 0.1550
vn -0.9493 0.0774 0.3046
vn -0.9877 0.0385 0.1513
vn -0.8065 0.1456 0.5730
vn -0.5855 0.1997 0.7857
vn -0.3077 0.2344 0.9222
vn -0.0784 0.2456 0.9662
vn 0.0784 0.2456 0.9662
vn 0.3077 0.2344 0.9222
vn 0.5855 0.1997 0.7857
vn 0.8065 0.1456 0.5730
vn 0.9493 0.0774 0.3046
vn 0.9877 0.0385 0.1513
vn -0.9493 0.1165 0.2920
vn -0.9877 0.0579 0.1450
vn -0.8065 0.2191 0.5492
vn -0.5855 0.3004 0.7530
vn -0.3077 0.3526 0.8837
vn -0.0784 0.3695 0.9259
vn 0.0784 0.3695 0.9259
vn 0.3077 0.3526 0.8837
vn 0.5855 0.3004 0.7530
vn 0.8065 0.2191 0.5492
vn 0.9493 0.1165 0.2920
vn 0.9877 0.0579 0.1450
vn -0.9493 0.1545 0.2739
vn -0.9877 0.0767 0.1359
vn -0.8064 0.2905 0.5150
vn -0.5854 0.3983 0.7061
vn -0.3077 0.4675 0.8287
vn -0.0784 0.4898 0.8683
vn 0.0784 0.4898 0.8683
vn 0.3077 0.4675 0.8287
vn 0.5854 0.3983 0.7061
vn 0.8064 0.2905 0.5150
vn 0.9493 0.1545 0.2739
vn 0.9877 0.0767 0.1359
vn -0.9493 0.1903 0.2504
vn -0.9877 0.0944 0.1243
vn -0.8064 0.3578 0.4708
vn -0.5854 0.4905 0.6455
vn -0.3077 0.5757 0.7576
vn -0.0784 0.6031 0.7938
vn 0.0784 0.6031 0.7938
vn 0.3077 0.5757 0.7576
vn 0.5854 0.4905 0.6455
vn 0.8064 0.3578 0.4708
vn 0.9492 0.1903 0.2504
vn 0.9877 0.0944 0.1243
vn -0.9492 0.2228 0.2221
vn -0.9877 0.1105 0.1102
vn -0.8064 0.4188 0.4175
vn -0.5854 0.5742 0.5724
vn -0.3076 0.6739 0.6718
vn -0.0784 0.7060 0.7038
vn 0.0784 0.7060 0.7038
vn 0.3076 0.6739 0.6718
vn 0.5854 0.5742 0.5724
vn 0.8064 0.4188 0.4175
vn 0.9492 0.2228 0.2221
vn 0.9877 0.1105 0.1102
vn -0.9493 0.2510 0.1895
vn -0.9877 0.1246 0.0940
vn -0.8064 0.4719 0.3563
vn -0.5854 0.6470 0.4885
vn -0.3077 0.7594 0.5733
vn -0.0784 0.7956 0.6007
vn 0.0784 0.7956 0.6007
vn 0.3077 0.7594 0.5733
vn 0.5854 0.6470 0.4885
vn 0.8064 0.4719 0.3563
vn 0.9493 0.2510 0.1895
vn 0.9877 0.1246 0.0940
vn -0.9493 0.2743 0.1538
vn -0.9877 0.1362 0.0763
vn -0.8064 0.5158 0.2891
vn -0.5854 0.7072 0.3964
vn -0.3077 0.8300 0.4652
vn -0.0784 0.8696 0.4874
vn 0.0784 0.8696 0.4874
vn 0.3077 0.8300 0.4652
vn 0.5854 0.7072 0.3964
vn 0.8064 0.5158 0.2891
vn 0.9493 0.2743 0.1537
vn 0.9877 0.1362 0.0763
vn -0.9493 0.2922 0.1158
vn -0.9877 0.1451 0.0575
vn -0.8065 0.5496 0.2179
vn -0.5855 0.7536 0.2987
vn -0.3077 0.8845 0.3506
vn -0.0784 0.9268 0.3674
vn 0.0784 0.9268 0.3674
vn 0.3077 0.8845 0.3506
vn 0.5855 0.7536 0.2987
vn 0.8065 0.5496 0.2179
vn 0.9493 0.2922 0.1158
vn 0.9877 0.1451 0.0575
vn -0.9494 0.3047 0.0769
vn -0.9877 0.1514 0.0382
vn -0.8065 0.5732 0.1447
vn -0.5855 0.7860 0.1984
vn -0.3077 0.9225 0.2329
vn -0.0784 0.9666 0.2440
vn 0.0784 0.9666 0.2440
vn 0.3077 0.9225 0.2329
vn 0.5855 0.7860 0.1984
vn 0.8065 0.5732 0.1447
vn 0.9494 0.3047 0.0769
vn 0.9877 0.1514 0.0382
vn -0.9494 0.3117 0.0380
vn -0.9877 0.1550 0.0189
vn -0.8066 0.5867 0.0716
vn -0.5856 0.8047 0.0982
vn -0.3077 0.9445 0.1152
vn -0.0784 0.9896 0.1207
vn 0.0784 0.9896 0.1207
vn 0.3077 0.9445 0.1152
vn 0.5856 0.8047 0.0982
vn 0.8066 0.5867 0.0716
vn 0.9494 0.3117 0.0380
vn 0.9877 0.1550 0.0189
vn -0.9500 0.3121 0.0071
vn -0.9877 0.1563 0.0036
vn -0.8075 0.5898 0.0134
vn -0.5863 0.8099 0.0184
vn -0.3081 0.9511 0.0216
vn -0.0784 0.9967 0.0226
vn 0.0784 0.9967 0.0226
vn 0.3081 0.9511 0.0216
vn 0.5863 0.8099 0.0184
vn 0.8075 0.5898 0.0134
vn 0.9500 0.3121 0.0071
vn 0.9877 0.1563 0.0036
vn -0.9506 0.3102 -0.0090
vn -0.9877 0.1563 -0.0045
vn -0.8083 0.5885 -0.0171
vn -0.5871 0.8092 -0.0235
vn -0.3086 0.9508 -0.0276
vn -0.0784 0.9965 -0.0289
vn 0.0784 0.9965 -0.0289
vn 0.3086 0.9508 -0.0276
vn 0.5871 0.8092 -0.0234
vn 0.8083 0.5885 -0.0171
vn 0.9506 0.3102 -0.0090
vn 0.9877 0.1563 -0.0045
vn -0.9506 0.3098 -0.0184
vn -0.9877 0.1561 -0.0093
vn -0.8083 0.5877 -0.0348
vn -0.5871 0.8081 -0.0479
vn -0.3086 0.9495 -0.0563
vn -0.0784 0.9952 -0.0590
vn 0.0784 0.9952 -0.0590
vn 0.3086 0.9495 -0.0563
vn 0.5871 0.8081 -0.0479
vn 0.8083 0.5877 -0.0348
vn 0.9506 0.3098 -0.0184
vn 0.9877 0.1561 -0.0093
vn -0.9506 0.3091 -0.0281
vn -0.9877 0.1558 -0.0141
vn -0.8083 0.5864 -0.0533
vn -0.5871 0.8062 -0.0732
vn -0.3086 0.9473 -0.0860
vn -0.0784 0.9928 -0.0902
vn 0.0784 0.9928 -0.0902
vn 0.3086 0.9473 -0.0860
vn 0.5871 0.8062 -0.0732
vn 0.8083 0.5864 -0.0533
vn 0.9506 0.3091 -0.0281
vn 0.9877 0.1558 -0.0142
vn -0.9506 0.3081 -0.0380
vn -0.9877 0.1552 -0.0191
vn -0.8083 0.5844 -0.0720
vn -0.5871 0.8035 -0.0990
vn -0.3086 0.9441 -0.1163
vn -0.0784 0.9894 -0.1219
vn 0.0784 0.9894 -0.1219
vn 0.3086 0.9441 -0.1163
vn 0.5871 0.8035 -0.0990
vn 0.8083 0.5844 -0.0720
vn 0.9506 0.3081 -0.0380
vn 0.9877 0.1552 -0.0191
vn -0.9506 0.3067 -0.0478
vn -0.9877 0.1545 -0.0241
vn -0.8083 0.5818 -0.0907
vn -0.5871 0.7999 -0.1247
vn -0.3086 0.9398 -0.1465
vn -0.0784 0.9850 -0.1535
vn 0.0784 0.9850 -0.1535
vn 0.3086 0.9398 -0.1465
vn 0.5871 0.7999 -0.1247
vn 0.8083 0.5818 -0.0907
vn 0.9506 0.3067 -0.0478
vn 0.9877 0.1545 -0.0241
vn -0.9506 0.3050 -0.0575
vn -0.9877 0.1537 -0.0290
vn -0.8083 0.5786 -0.1090
vn -0.5871 0.7955 -0.1499
vn -0.3086 0.9347 -0.1761
vn -0.0784 0.9797 -0.1846
vn 0.0784 0.9797 -0.1846
vn 0.3086 0.9347 -0.1761
vn 0.5871 0.7955 -0.1499
vn 0.8083 0.5786 -0.1090
vn 0.9506 0.3050 -0.0575
vn 0.9877 0.1537 -0.0290
vn -0.9506 0.3031 -0.0668
vn -0.9877 0.1527 -0.0337
vn -0.8083 0.5749 -0.1267
vn -0.5871 0.7905 -0.1743
vn -0.3086 0.9289 -0.2048
vn -0.0784 0.9735 -0.2146
vn 0.0784 0.9735 -0.2146
vn 0.3086 0.9289 -0.2048
vn 0.5871 0.7905 -0.1743
vn 0.8083 0.5749 -0.1267
vn 0.9506 0.3031 -0.0668
vn 0.9877 0.1527 -0.0337
vn -0.9506 0.3009 -0.0757
vn -0.9877 0.1517 -0.0382
vn -0.8084 0.5709 -0.1436
vn -0.5871 0.7850 -0.1975
vn -0.3086 0.9224 -0.2320
vn -0.0784 0.9668 -0.2432
vn 0.0784 0.9668 -0.2432
vn 0.3086 0.9224 -0.2320
vn 0.5871 0.7850 -0.1975
vn 0.8084 0.5709 -0.1436
vn 0.9506 0.3009 -0.0757
vn 0.9877 0.1517 -0.0382
vn -0.9507 0.2986 -0.0840
vn -0.9877 0.1506 -0.0424
vn -0.8084 0.5666 -0.1594
vn -0.5872 0.7792 -0.2192
vn -0.3086 0.9156 -0.2576
vn -0.0784 0.9597 -0.2700
vn 0.0784 0.9597 -0.2700
vn 0.3086 0.9156 -0.2576
vn 0.5872 0.7792 -0.2192
vn 0.8084 0.5666 -0.1594
vn 0.9507 0.2986 -0.0840
vn 0.9877 0.1506 -0.0424
vn -0.9507 0.2962 -0.0917
vn -0.9877 0.1494 -0.0463
vn -0.8084 0.5622 -0.1741
vn -0.5872 0.7732 -0.2394
vn -0.3087 0.9086 -0.2813
vn -0.0784 0.9523 -0.2949
vn 0.0784 0.9523 -0.2949
vn 0.3087 0.9086 -0.2813
vn 0.5872 0.7732 -0.2394
vn 0.8084 0.5622 -0.1741
vn 0.9507 0.2962 -0.0917
vn 0.9877 0.1494 -0.0463
vn 0.1800 0.5385 0.8232
vn 0.0003 0.3209 0.9471
vn 0.1585 0.3629 0.9182
vn 0.1158 0.2804 0.9529
vn 0.0611 0.2371 0.9696
vn 0.0079 0.2715 0.9624
vn -0.0079 0.2715 0.9624
vn -0.0611 0.2371 0.9696
vn -0.1159 0.2804 0.9529
vn -0.1586 0.3630 0.9182
vn -0.1806 0.5398 0.8222
vn -0.0009 0.3242 0.9460
vn -0.1681 -0.7121 0.6816
vn -0.0000 -0.5790 0.8154
vn -0.1631 -0.6160 0.7707
vn -0.1429 -0.5623 0.8145
vn -0.0926 -0.5181 0.8503
vn -0.0133 -0.5386 0.8425
vn 0.0133 -0.5386 0.8425
vn 0.0926 -0.5181 0.8503
vn 0.1429 -0.5623 0.8145
vn 0.1631 -0.6160 0.7707
vn 0.1681 -0.7121 0.6816
vn -0.0000 -0.5790 0.8153
vn -0.3793 0.6543 0.6543
vn 0.3793 0.6543 0.6543
vn -0.3792 -0.6543 -0.6543
vn 0.3792 -0.6543 -0.6543
vn -0.9880 -0.1465 0.0491
vn -0.9515 -0.2909 0.1006
vn -0.9877 -0.1478 0.0511
vn -0.9877 -0.1465 0.0549
vn -0.1586 -0.2975 -0.9415
vn -0.8097 -0.5546 0.1919
vn -0.1161 -0.3833 -0.9163
vn -0.5885 -0.7641 0.2644
vn -0.0612 -0.4275 -0.9019
vn -0.3094 -0.8986 0.3110
vn -0.0078 -0.3964 -0.9180
vn -0.0785 -0.9421 0.3260
vn 0.0078 -0.3964 -0.9180
vn 0.0785 -0.9421 0.3260
vn 0.0613 -0.4275 -0.9019
vn 0.3094 -0.8986 0.3110
vn 0.1162 -0.3832 -0.9163
vn 0.5885 -0.7641 0.2644
vn 0.1587 -0.2975 -0.9414
vn 0.8097 -0.5546 0.1919
vn 0.9880 -0.1465 0.0491
vn 0.9515 -0.2909 0.1006
vn 0.9877 -0.1465 0.0548
vn 0.9877 -0.1478 0.0512
vn -0.9515 -0.2935 0.0923
vn -0.8098 -0.5597 0.1761
vn -0.5885 -0.7712 0.2426
vn -0.3095 -0.9071 0.2854
vn -0.0785 -0.9510 0.2992
vn 0.0785 -0.9510 0.2992
vn 0.3095 -0.9071 0.2854
vn 0.5885 -0.7712 0.2426
vn 0.8098 -0.5597 0.1761
vn 0.9515 -0.2935 0.0923
vn -0.9515 -0.2961 0.0831
vn -0.9877 -0.1506 0.0423
vn -0.8098 -0.5649 0.1585
vn -0.5886 -0.7784 0.2184
vn -0.3095 -0.9155 0.2569
vn -0.0785 -0.9598 0.2693
vn 0.0785 -0.9598 0.2693
vn 0.3095 -0.9155 0.2569
vn 0.5886 -0.7784 0.2184
vn 0.8098 -0.5649 0.1585
vn 0.9515 -0.2961 0.0831
vn 0.9877 -0.1506 0.0423
vn -0.9516 -0.2986 0.0731
vn -0.9877 -0.1519 0.0372
vn -0.8099 -0.5698 0.1394
vn -0.5887 -0.7852 0.1921
vn -0.3096 -0.9236 0.2260
vn -0.0785 -0.9684 0.2369
vn 0.0785 -0.9684 0.2369
vn 0.3096 -0.9236 0.2260
vn 0.5887 -0.7852 0.1921
vn 0.8099 -0.5698 0.1394
vn 0.9516 -0.2986 0.0731
vn 0.9877 -0.1519 0.0372
vn -0.9516 -0.3009 0.0624
vn -0.9877 -0.1531 0.0318
vn -0.8099 -0.5743 0.1191
vn -0.5887 -0.7915 0.1642
vn -0.3096 -0.9311 0.1931
vn -0.0785 -0.9761 0.2025
vn 0.0785 -0.9761 0.2025
vn 0.3096 -0.9311 0.1931
vn 0.5887 -0.7915 0.1642
vn 0.8099 -0.5743 0.1191
vn 0.9516 -0.3009 0.0624
vn 0.9877 -0.1531 0.0318
vn -0.9516 -0.3030 0.0514
vn -0.9877 -0.1542 0.0262
vn -0.8099 -0.5783 0.0981
vn -0.5887 -0.7969 0.1352
vn -0.3096 -0.9375 0.1591
vn -0.0785 -0.9829 0.1668
vn 0.0785 -0.9829 0.1668
vn 0.3096 -0.9375 0.1591
vn 0.5887 -0.7969 0.1352
vn 0.8099 -0.5783 0.0981
vn 0.9516 -0.3030 0.0514
vn 0.9877 -0.1542 0.0262
vn -0.9516 -0.3047 0.0403
vn -0.9877 -0.1551 0.0205
vn -0.8099 -0.5815 0.0770
vn -0.5887 -0.8014 0.1060
vn -0.3096 -0.9427 0.1247
vn -0.0785 -0.9883 0.1308
vn 0.0785 -0.9883 0.1308
vn 0.3096 -0.9427 0.1247
vn 0.5887 -0.8014 0.1060
vn 0.8099 -0.5815 0.0770
vn 0.9516 -0.3047 0.0403
vn 0.9877 -0.1551 0.0205
vn -0.9516 -0.3060 0.0294
vn -0.9877 -0.1557 0.0150
vn -0.8099 -0.5839 0.0561
vn -0.5887 -0.8047 0.0773
vn -0.3096 -0.9465 0.0910
vn -0.0785 -0.9923 0.0954
vn 0.0785 -0.9923 0.0954
vn 0.3096 -0.9465 0.0910
vn 0.5887 -0.8047 0.0773
vn 0.8099 -0.5839 0.0561
vn 0.9516 -0.3060 0.0294
vn 0.9877 -0.1557 0.0150
vn -0.9516 -0.3069 0.0189
vn -0.9877 -0.1561 0.0096
vn -0.8098 -0.5855 0.0361
vn -0.5886 -0.8069 0.0498
vn -0.3095 -0.9491 0.0586
vn -0.0785 -0.9950 0.0614
vn 0.0785 -0.9950 0.0614
vn 0.3095 -0.9491 0.0586
vn 0.5886 -0.8069 0.0498
vn 0.8098 -0.5855 0.0361
vn 0.9516 -0.3069 0.0189
vn 0.9877 -0.1561 0.0096
vn -0.9515 -0.3075 0.0091
vn -0.9877 -0.1563 0.0046
vn -0.8098 -0.5865 0.0174
vn -0.5886 -0.8081 0.0240
vn -0.3095 -0.9505 0.0282
vn -0.0785 -0.9965 0.0296
vn 0.0785 -0.9965 0.0296
vn 0.3095 -0.9505 0.0282
vn 0.5886 -0.8081 0.0240
vn 0.8098 -0.5865 0.0174
vn 0.9515 -0.3075 0.0091
vn 0.9877 -0.1563 0.0046
vn -0.9522 -0.3054 -0.0071
vn -0.9877 -0.1563 -0.0036
vn -0.8110 -0.5849 -0.0136
vn -0.5898 -0.8073 -0.0188
vn -0.3103 -0.9504 -0.0221
vn -0.0787 -0.9966 -0.0232
vn 0.0787 -0.9966 -0.0232
vn 0.3103 -0.9504 -0.0221
vn 0.5898 -0.8073 -0.0188
vn 0.8110 -0.5849 -0.0136
vn 0.9522 -0.3054 -0.0071
vn 0.9877 -0.1563 -0.0036
vn -0.9531 -0.3003 -0.0377
vn -0.9877 -0.1549 -0.0195
vn -0.8126 -0.5783 -0.0726
vn -0.5916 -0.8000 -0.1005
vn -0.3115 -0.9429 -0.1184
vn -0.0789 -0.9891 -0.1242
vn 0.0789 -0.9891 -0.1242
vn 0.3115 -0.9429 -0.1184
vn 0.5916 -0.8000 -0.1005
vn 0.8126 -0.5783 -0.0726
vn 0.9531 -0.3003 -0.0377
vn 0.9877 -0.1549 -0.0195
vn -0.9532 -0.2924 -0.0767
vn -0.9877 -0.1510 -0.0396
vn -0.8128 -0.5635 -0.1477
vn -0.5918 -0.7797 -0.2044
vn -0.3116 -0.9191 -0.2410
vn -0.0789 -0.9643 -0.2528
vn 0.0789 -0.9643 -0.2528
vn 0.3116 -0.9191 -0.2410
vn 0.5918 -0.7797 -0.2044
vn 0.8128 -0.5635 -0.1477
vn 0.9532 -0.2924 -0.0767
vn 0.9877 -0.1510 -0.0396
vn -0.9533 -0.2789 -0.1160
vn -0.9877 -0.1441 -0.0599
vn -0.8130 -0.5376 -0.2236
vn -0.5920 -0.7441 -0.3094
vn -0.3117 -0.8773 -0.3648
vn -0.0789 -0.9205 -0.3828
vn 0.0789 -0.9205 -0.3828
vn 0.3117 -0.8773 -0.3648
vn 0.5920 -0.7441 -0.3094
vn 0.8130 -0.5376 -0.2236
vn 0.9533 -0.2789 -0.1160
vn 0.9877 -0.1441 -0.0599
vn -0.9534 -0.2595 -0.1542
vn -0.9878 -0.1342 -0.0797
vn -0.8131 -0.5005 -0.2973
vn -0.5922 -0.6928 -0.4115
vn -0.3118 -0.8169 -0.4852
vn -0.0789 -0.8571 -0.5091
vn 0.0789 -0.8571 -0.5091
vn 0.3118 -0.8169 -0.4852
vn 0.5922 -0.6928 -0.4115
vn 0.8131 -0.5005 -0.2973
vn 0.9534 -0.2595 -0.1542
vn 0.9878 -0.1342 -0.0797
vn -0.9534 -0.2347 -0.1897
vn -0.9878 -0.1213 -0.0981
vn -0.8131 -0.4527 -0.3659
vn -0.5922 -0.6267 -0.5066
vn -0.3118 -0.7389 -0.5973
vn -0.0789 -0.7753 -0.6267
vn 0.0789 -0.7753 -0.6267
vn 0.3118 -0.7389 -0.5973
vn 0.5922 -0.6267 -0.5066
vn 0.8131 -0.4527 -0.3659
vn 0.9534 -0.2347 -0.1897
vn 0.9878 -0.1213 -0.0981
vn -0.9533 -0.2053 -0.2214
vn -0.9878 -0.1061 -0.1144
vn -0.8131 -0.3959 -0.4269
vn -0.5921 -0.5479 -0.5909
vn -0.3118 -0.6461 -0.6967
vn -0.0789 -0.6778 -0.7310
vn 0.0789 -0.6778 -0.7310
vn 0.3118 -0.6461 -0.6967
vn 0.5921 -0.5479 -0.5909
vn 0.8131 -0.3959 -0.4269
vn 0.9533 -0.2053 -0.2214
vn 0.9877 -0.1061 -0.1144
vn -0.9533 -0.1724 -0.2481
vn -0.9877 -0.0891 -0.1282
vn -0.8129 -0.3324 -0.4782
vn -0.5920 -0.4600 -0.6618
vn -0.3117 -0.5423 -0.7802
vn -0.0789 -0.5689 -0.8186
vn 0.0789 -0.5689 -0.8186
vn 0.3117 -0.5423 -0.7802
vn 0.5920 -0.4600 -0.6618
vn 0.8129 -0.3324 -0.4782
vn 0.9533 -0.1724 -0.2481
vn 0.9877 -0.0891 -0.1282
vn -0.9532 -0.1375 -0.2694
vn -0.9877 -0.0710 -0.1390
vn -0.8127 -0.2649 -0.5189
vn -0.5917 -0.3665 -0.7180
vn -0.3116 -0.4321 -0.8463
vn -0.0789 -0.4533 -0.8879
vn 0.0789 -0.4533 -0.8879
vn 0.3116 -0.4321 -0.8463
vn 0.5917 -0.3665 -0.7180
vn 0.8127 -0.2649 -0.5189
vn 0.9532 -0.1375 -0.2694
vn 0.9877 -0.0710 -0.1390
vn -0.9530 -0.1019 -0.2852
vn -0.9877 -0.0525 -0.1470
vn -0.8125 -0.1961 -0.5490
vn -0.5915 -0.2712 -0.7593
vn -0.3114 -0.3197 -0.8949
vn -0.0789 -0.3353 -0.9388
vn 0.0789 -0.3353 -0.9388
vn 0.3114 -0.3197 -0.8949
vn 0.5915 -0.2712 -0.7593
vn 0.8125 -0.1961 -0.5490
vn 0.9530 -0.1019 -0.2852
vn 0.9877 -0.0525 -0.1470
vn -0.9529 -0.0666 -0.2958
vn -0.9877 -0.0343 -0.1524
vn -0.8123 -0.1281 -0.5690
vn -0.5912 -0.1771 -0.7868
vn -0.3112 -0.2087 -0.9271
vn -0.0788 -0.2189 -0.9726
vn 0.0788 -0.2189 -0.9726
vn 0.3112 -0.2087 -0.9271
vn 0.5912 -0.1771 -0.7868
vn 0.8123 -0.1281 -0.5690
vn 0.9529 -0.0666 -0.2958
vn 0.9877 -0.0343 -0.1524
vn -0.9528 -0.0325 -0.3019
vn -0.9877 -0.0167 -0.1553
vn -0.8120 -0.0625 -0.5803
vn -0.5910 -0.0864 -0.8021
vn -0.3110 -0.1018 -0.9449
vn -0.0788 -0.1068 -0.9912
vn 0.0788 -0.1068 -0.9912
vn 0.3110 -0.1018 -0.9449
vn 0.5910 -0.0864 -0.8021
vn 0.8120 -0.0625 -0.5803
vn 0.9528 -0.0325 -0.3019
vn 0.9877 -0.0167 -0.1553
vn -0.9524 -0.0025 -0.3048
vn -0.9877 -0.0013 -0.1563
vn -0.8113 -0.0049 -0.5845
vn -0.5902 -0.0067 -0.8072
vn -0.3106 -0.0079 -0.9505
vn -0.0787 -0.0083 -0.9969
vn 0.0787 -0.0083 -0.9969
vn 0.3106 -0.0079 -0.9505
vn 0.5902 -0.0067 -0.8072
vn 0.8113 -0.0049 -0.5845
vn 0.9524 -0.0025 -0.3048
vn 0.9877 -0.0013 -0.1563
vn -0.9523 0.0230 -0.3043
vn -0.9877 0.0118 -0.1559
vn -0.8111 0.0441 -0.5832
vn -0.5900 0.0609 -0.8051
vn -0.3104 0.0717 -0.9479
vn -0.0787 0.0752 -0.9941
vn 0.0787 0.0752 -0.9941
vn 0.3104 0.0717 -0.9479
vn 0.5900 0.0609 -0.8051
vn 0.8111 0.0441 -0.5832
vn 0.9523 0.0230 -0.3043
vn 0.9877 0.0118 -0.1559
vn -0.9525 0.0495 -0.3004
vn -0.9877 0.0254 -0.1542
vn -0.8116 0.0949 -0.5765
vn -0.5905 0.1311 -0.7963
vn -0.3107 0.1544 -0.9379
vn -0.0787 0.1620 -0.9836
vn 0.0787 0.1620 -0.9836
vn 0.3107 0.1544 -0.9379
vn 0.5905 0.1311 -0.7963
vn 0.8116 0.0949 -0.5765
vn 0.9525 0.0495 -0.3004
vn 0.9877 0.0254 -0.1542
vn -0.9528 0.0801 -0.2928
vn -0.9877 0.0412 -0.1507
vn -0.8121 0.1540 -0.5628
vn -0.5910 0.2128 -0.7781
vn -0.3111 0.2508 -0.9167
vn -0.0788 0.2630 -0.9616
vn 0.0788 0.2630 -0.9616
vn 0.3111 0.2508 -0.9167
vn 0.5910 0.2128 -0.7781
vn 0.8121 0.1540 -0.5628
vn 0.9528 0.0801 -0.2928
vn 0.9877 0.0412 -0.1507
vn -0.9531 0.1147 -0.2799
vn -0.9877 0.0592 -0.1445
vn -0.8127 0.2209 -0.5392
vn -0.5917 0.3056 -0.7460
vn -0.3115 0.3602 -0.8793
vn -0.0789 0.3779 -0.9225
vn 0.0789 0.3779 -0.9225
vn 0.3115 0.3602 -0.8793
vn 0.5917 0.3056 -0.7460
vn 0.8127 0.2209 -0.5392
vn 0.9531 0.1147 -0.2799
vn 0.9877 0.0592 -0.1445
vn -0.9535 0.1522 -0.2603
vn -0.9878 0.0787 -0.1347
vn -0.8133 0.2936 -0.5023
vn -0.5924 0.4066 -0.6956
vn -0.3120 0.4795 -0.8202
vn -0.0790 0.5031 -0.8606
vn 0.0790 0.5031 -0.8606
vn 0.3120 0.4795 -0.8202
vn 0.5924 0.4066 -0.6956
vn 0.8133 0.2936 -0.5023
vn 0.9535 0.1522 -0.2603
vn 0.9878 0.0787 -0.1347
vn -0.9537 0.1903 -0.2329
vn -0.9878 0.0987 -0.1207
vn -0.8138 0.3678 -0.4500
vn -0.5929 0.5096 -0.6235
vn -0.3123 0.6012 -0.7355
vn -0.0790 0.6309 -0.7719
vn 0.0790 0.6309 -0.7719
vn 0.3123 0.6012 -0.7355
vn 0.5929 0.5096 -0.6235
vn 0.8138 0.3678 -0.4500
vn 0.9537 0.1903 -0.2329
vn 0.9878 0.0987 -0.1207
vn -0.9538 0.2260 -0.1978
vn -0.9878 0.1173 -0.1027
vn -0.8140 0.4371 -0.3826
vn -0.5932 0.6058 -0.5302
vn -0.3125 0.7148 -0.6256
vn -0.0791 0.7501 -0.6566
vn 0.0791 0.7501 -0.6566
vn 0.3125 0.7148 -0.6256
vn 0.5932 0.6058 -0.5302
vn 0.8140 0.4371 -0.3826
vn 0.9538 0.2260 -0.1978
vn 0.9878 0.1173 -0.1027
vn -0.9538 0.2561 -0.1572
vn -0.9878 0.1329 -0.0816
vn -0.8139 0.4952 -0.3040
vn -0.5931 0.6862 -0.4212
vn -0.3124 0.8096 -0.4970
vn -0.0791 0.8496 -0.5215
vn 0.0791 0.8496 -0.5215
vn 0.3124 0.8096 -0.4970
vn 0.5931 0.6862 -0.4212
vn 0.8139 0.4952 -0.3040
vn 0.9538 0.2561 -0.1572
vn 0.9878 0.1329 -0.0816
vn -0.9536 0.2787 -0.1143
vn -0.9878 0.1443 -0.0592
vn -0.8135 0.5381 -0.2207
vn -0.5926 0.7452 -0.3057
vn -0.3121 0.8790 -0.3606
vn -0.0790 0.9223 -0.3783
vn 0.0790 0.9223 -0.3783
vn 0.3121 0.8790 -0.3606
vn 0.5926 0.7452 -0.3057
vn 0.8135 0.5381 -0.2207
vn 0.9536 0.2787 -0.1143
vn 0.9878 0.1443 -0.0592
vn -0.9533 0.2933 -0.0724
vn -0.9877 0.1515 -0.0374
vn -0.8129 0.5654 -0.1397
vn -0.5920 0.7824 -0.1933
vn -0.3117 0.9225 -0.2279
vn -0.0789 0.9678 -0.2391
vn 0.0789 0.9678 -0.2391
vn 0.3117 0.9225 -0.2279
vn 0.5920 0.7824 -0.1933
vn 0.8129 0.5654 -0.1397
vn 0.9533 0.2933 -0.0724
vn 0.9877 0.1515 -0.0374
vn -0.9530 0.3012 -0.0341
vn -0.9877 0.1552 -0.0176
vn -0.8123 0.5795 -0.0657
vn -0.5913 0.8013 -0.0908
vn -0.3113 0.9443 -0.1070
vn -0.0788 0.9905 -0.1123
vn 0.0788 0.9905 -0.1123
vn 0.3113 0.9443 -0.1070
vn 0.5913 0.8013 -0.0908
vn 0.8123 0.5795 -0.0657
vn 0.9530 0.3012 -0.0341
vn 0.9877 0.1552 -0.0176
vn -0.9519 0.3064 -0.0081
vn -0.9877 0.1563 -0.0041
vn -0.8104 0.5857 -0.0155
vn -0.5892 0.8077 -0.0214
vn -0.3099 0.9504 -0.0251
vn -0.0786 0.9966 -0.0264
vn 0.0786 0.9966 -0.0264
vn 0.3099 0.9504 -0.0251
vn 0.5892 0.8077 -0.0214
vn 0.8104 0.5857 -0.0155
vn 0.9519 0.3064 -0.0081
vn 0.9877 0.1563 -0.0041
vn -0.9854 0.1203 0.1203
vn -0.9132 0.2882 0.2882
vn -0.7513 0.4666 0.4666
vn -0.4487 0.6319 0.6319
vn -0.1158 0.7024 0.7024
vn 0.1158 0.7024 0.7024
vn 0.4487 0.6319 0.6319
vn 0.7513 0.4666 0.4666
vn 0.9132 0.2882 0.2882
vn 0.9854 0.1203 0.1203
vn -0.9192 0.3261 0.2207
vn -0.9916 -0.0732 0.1069
vn -0.1618 0.8442 0.5110
vn -0.1272 0.8017 0.5841
vn -0.0717 0.7749 0.6280
vn -0.0094 0.7963 0.6049
vn 0.0094 0.7963 0.6049
vn 0.0717 0.7749 0.6280
vn 0.1272 0.8017 0.5841
vn 0.1618 0.8442 0.5110
vn 0.9192 0.3261 0.2207
vn 0.9916 -0.0732 0.1069
vt 0.467532 0.000000
vt 0.493506 0.000000
vt 0.480519 0.000000
vt 0.506494 0.000000
vt 0.298701 0.000000
vt 0.324675 0.000000
vt 0.311688 0.000000
vt 0.337662 0.000000
vt 0.350649 0.000000
vt 0.363636 0.000000
vt 0.376623 0.000000
vt 0.285714 0.000000
vt 0.389610 0.000000
vt 0.402597 0.000000
vt 0.415584 0.000000
vt 0.272727 0.000000
vt 0.428571 0.000000
vt 0.441558 0.000000
vt 0.454545 0.000000
vt 0.259740 0.000000
vt 0.545455 0.000000
vt 0.532468 0.000000
vt 0.519481 0.000000
vt 1.000000 0.000000
vt 0.246753 0.000000
vt 0.584416 0.000000
vt 0.571429 0.000000
vt 0.558442 0.000000
vt 0.233766 0.000000
vt 0.623377 0.000000
vt 0.610390 0.000000
vt 0.597403 0.000000
vt 0.220779 0.000000
vt 0.662338 0.000000
vt 0.649351 0.000000
vt 0.636364 0.000000
vt 0.675325 0.000000
vt 0.688312 0.000000
vt 0.207792 0.000000
vt 0.701299 0.000000
vt 0.714286 0.000000
vt 0.987013 0.000000
vt 0.727273 0.000000
vt 0.194805 0.000000
vt 0.740260 0.000000
vt 0.753247 0.000000
vt 0.181818 0.000000
vt 0.766234 0.000000
vt 0.779221 0.000000
vt 0.168831 0.000000
vt 0.792208 0.000000
vt 0.155844 0.000000
vt 0.805195 0.000000
vt 0.818182 0.000000
vt 0.142857 0.000000
vt 0.831169 0.000000
vt 0.844156 0.000000
vt 0.129870 0.000000
vt 0.857143 0.000000
vt 0.116883 0.000000
vt 0.870130 0.000000
vt 0.883117 0.000000
vt 0.103896 0.000000
vt 0.896104 0.000000
vt 0.909091 0.000000
vt 0.090909 0.000000
vt 0.922078 0.000000
vt 0.935065 0.000000
vt 0.948052 0.000000
vt 0.077922 0.000000
vt 0.961039 0.000000
vt 0.974026 0.000000
vt 0.064935 0.000000
vt 0.051948 0.000000
vt 0.038961 0.000000
vt 0.025974 0.000000
vt 0.012987 0.000000
vt 0.000000 0.000000
vt 0.222222 0.000000
vt 0.259259 0.000000
vt 0.240741 0.000000
vt 0.277778 0.000000
vt 0.203704 0.000000
vt 0.296296 0.000000
vt 0.185185 0.000000
vt 0.314815 0.000000
vt 0.333333 0.000000
vt 0.166667 0.000000
vt 0.351852 0.000000
vt 0.962963 0.000000
vt 0.981481 0.000000
vt 0.148148 0.000000
vt 0.370370 0.000000
vt 0.388889 0.000000
vt 0.129630 0.000000
vt 0.407407 0.000000
vt 0.111111 0.000000
vt 0.425926 0.000000
vt 0.444444 0.000000
vt 0.092593 0.000000
vt 0.462963 0.000000
vt 0.074074 0.000000
vt 0.648148 0.000000
vt 0.629630 0.000000
vt 0.611111 0.000000
vt 0.592593 0.000000
vt 0.574074 0.000000
vt 0.555556 0.000000
vt 0.537037 0.000000
vt 0.518519 0.000000
vt 0.500000 0.000000
vt 0.481481 0.000000
vt 0.055556 0.000000
vt 0.685185 0.000000
vt 0.666667 0.000000
vt 0.037037 0.000000
vt 0.722222 0.000000
vt 0.703704 0.000000
vt 0.740741 0.000000
vt 0.759259 0.000000
vt 0.018519 0.000000
vt 0.777778 0.000000
vt 0.796296 0.000000
vt 0.870370 0.000000
vt 0.851852 0.000000
vt 0.833333 0.000000
vt 0.814815 0.000000
vt 0.888889 0.000000
vt 0.907407 0.000000
vt 0.925926 0.000000
vt 0.944444 0.000000
vt 0.068493 0.000000
vt 0.082192 0.000000
vt 0.075342 0.000000
vt 0.061644 0.000000
vt 0.054795 0.000000
vt 0.089041 0.000000
vt 0.047945 0.000000
vt 0.041096 0.000000
vt 0.034247 0.000000
vt 0.095890 0.000000
vt 0.027397 0.000000
vt 0.020548 0.000000
vt 0.013699 0.000000
vt 0.102740 0.000000
vt 0.006849 0.000000
vt 0.109589 0.000000
vt 0.993151 0.000000
vt 0.986301 0.000000
vt 0.979452 0.000000
vt 0.972603 0.000000
vt 0.965753 0.000000
vt 0.958904 0.000000
vt 0.952055 0.000000
vt 0.116438 0.000000
vt 0.945205 0.000000
vt 0.938356 0.000000
vt 0.123288 0.000000
vt 0.931507 0.000000
vt 0.924658 0.000000
vt 0.917808 0.000000
vt 0.130137 0.000000
vt 0.910959 0.000000
vt 0.904110 0.000000
vt 0.136986 0.000000
vt 0.897260 0.000000
vt 0.890411 0.000000
vt 0.883562 0.000000
vt 0.143836 0.000000
vt 0.876712 0.000000
vt 0.869863 0.000000
vt 0.863014 0.000000
vt 0.150685 0.000000
vt 0.856164 0.000000
vt 0.849315 0.000000
vt 0.157534 0.000000
vt 0.842466 0.000000
vt 0.835616 0.000000
vt 0.164384 0.000000
vt 0.828767 0.000000
vt 0.821918 0.000000
vt 0.171233 0.000000
vt 0.815068 0.000000
vt 0.178082 0.000000
vt 0.808219 0.000000
vt 0.184932 0.000000
vt 0.801370 0.000000
vt 0.191781 0.000000
vt 0.794521 0.000000
vt 0.198630 0.000000
vt 0.787671 0.000000
vt 0.780822 0.000000
vt 0.205479 0.000000
vt 0.773973 0.000000
vt 0.212329 0.000000
vt 0.767123 0.000000
vt 0.760274 0.000000
vt 0.753425 0.000000
vt 0.219178 0.000000
vt 0.746575 0.000000
vt 0.739726 0.000000
vt 0.226027 0.000000
vt 0.232877 0.000000
vt 0.239726 0.000000
vt 0.246575 0.000000
vt 0.253425 0.000000
vt 0.260274 0.000000
vt 0.267123 0.000000
vt 0.273973 0.000000
vt 0.732877 0.000000
vt 0.280822 0.000000
vt 0.726027 0.000000
vt 0.719178 0.000000
vt 0.712329 0.000000
vt 0.287671 0.000000
vt 0.705479 0.000000
vt 0.698630 0.000000
vt 0.294521 0.000000
vt 0.691781 0.000000
vt 0.301370 0.000000
vt 0.684932 0.000000
vt 0.678082 0.000000
vt 0.308219 0.000000
vt 0.671233 0.000000
vt 0.315068 0.000000
vt 0.664384 0.000000
vt 0.321918 0.000000
vt 0.657534 0.000000
vt 0.328767 0.000000
vt 0.650685 0.000000
vt 0.643836 0.000000
vt 0.335616 0.000000
vt 0.636986 0.000000
vt 0.630137 0.000000
vt 0.342466 0.000000
vt 0.486301 0.000000
vt 0.493151 0.000000
vt 0.623288 0.000000
vt 0.506849 0.000000
vt 0.616438 0.000000
vt 0.513699 0.000000
vt 0.349315 0.000000
vt 0.609589 0.000000
vt 0.520548 0.000000
vt 0.527397 0.000000
vt 0.602740 0.000000
vt 0.534247 0.000000
vt 0.595890 0.000000
vt 0.541096 0.000000
vt 0.547945 0.000000
vt 0.589041 0.000000
vt 0.356164 0.000000
vt 0.554795 0.000000
vt 0.582192 0.000000
vt 0.561644 0.000000
vt 0.568493 0.000000
vt 0.575342 0.000000
vt 0.363014 0.000000
vt 0.369863 0.000000
vt 0.376712 0.000000
vt 0.479452 0.000000
vt 0.472603 0.000000
vt 0.465753 0.000000
vt 0.383562 0.000000
vt 0.458904 0.000000
vt 0.452055 0.000000
vt 0.390411 0.000000
vt 0.445205 0.000000
vt 0.438356 0.000000
vt 0.431507 0.000000
vt 0.397260 0.000000
vt 0.424658 0.000000
vt 0.417808 0.000000
vt 0.404110 0.000000
vt 0.410959 0.000000
vt 0.000000 0.090909
vt 0.006803 0.090909
vt 0.006803 0.000000
vt 0.000000 0.181818
vt 0.006803 0.181818
vt 0.000000 0.272727
vt 0.006803 0.272727
vt 0.000000 0.363636
vt 0.006803 0.363636
vt 0.000000 0.454545
vt 0.006803 0.454545
vt 0.000000 0.545455
vt 0.006803 0.545455
vt 0.000000 0.636364
vt 0.006803 0.636364
vt 0.000000 0.727273
vt 0.006803 0.727273
vt 0.000000 0.818182
vt 0.006803 0.818182
vt 0.000000 0.909091
vt 0.006803 0.909091
vt 0.000000 1.000000
vt 0.006803 1.000000
vt 0.013605 0.090909
vt 0.013605 0.000000
vt 0.013605 0.181818
vt 0.013605 0.272727
vt 0.013605 0.363636
vt 0.013605 0.454545
vt 0.013605 0.545455
vt 0.013605 0.636364
vt 0.013605 0.727273
vt 0.013605 0.818182
vt 0.013605 0.909091
vt 0.013605 1.000000
vt 0.020408 0.090909
vt 0.020408 0.000000
vt 0.020408 0.181818
vt 0.020408 0.272727
vt 0.020408 0.363636
vt 0.020408 0.454545
vt 0.020408 0.545455
vt 0.020408 0.636364
vt 0.020408 0.727273
vt 0.020408 0.818182
vt 0.020408 0.909091
vt 0.020408 1.000000
vt 0.027211 0.090909
vt 0.027211 0.000000
vt 0.027211 0.181818
vt 0.027211 0.272727
vt 0.027211 0.363636
vt 0.027211 0.454545
vt 0.027211 0.545455
vt 0.027211 0.636364
vt 0.027211 0.727273
vt 0.027211 0.818182
vt 0.027211 0.909091
vt 0.027211 1.000000
vt 0.034014 0.090909
vt 0.034014 0.000000
vt 0.034014 0.181818
vt 0.034014 0.272727
vt 0.034014 0.363636
vt 0.034014 0.454545
vt 0.034014 0.545455
vt 0.034014 0.636364
vt 0.034014 0.727273
vt 0.034014 0.818182
vt 0.034014 0.909091
vt 0.034014 1.000000
vt 0.040816 0.090909
vt 0.040816 0.000000
vt 0.040816 0.181818
vt 0.040816 0.272727
vt 0.040816 0.363636
vt 0.040816 0.454545
vt 0.040816 0.545455
vt 0.040816 0.636364
vt 0.040816 0.727273
vt 0.040816 0.818182
vt 0.040816 0.909091
vt 0.040816 1.000000
vt 0.047619 0.090909
vt 0.047619 0.000000
vt 0.047619 0.181818
vt 0.047619 0.272727
vt 0.047619 0.363636
vt 0.047619 0.454545
vt 0.047619 0.545455
vt 0.047619 0.636364
vt 0.047619 0.727273
vt 0.047619 0.818182
vt 0.047619 0.909091
vt 0.047619 1.000000
vt 0.054422 0.090909
vt 0.054422 0.000000
vt 0.054422 0.181818
vt 0.054422 0.272727
vt 0.054422 0.363636
vt 0.054422 0.454545
vt 0.054422 0.545455
vt 0.054422 0.636364
vt 0.054422 0.727273
vt 0.054422 0.818182
vt 0.054422 0.909091
vt 0.054422 1.000000
vt 0.061224 0.090909
vt 0.061224 0.000000
vt 0.061224 0.181818
vt 0.061224 0.272727
vt 0.061224 0.363636
vt 0.061224 0.454545
vt 0.061224 0.545455
vt 0.061224 0.636364
vt 0.061224 0.727273
vt 0.061224 0.818182
vt 0.061224 0.909091
vt 0.061224 1.000000
vt 0.068027 0.090909
vt 0.068027 0.000000
vt 0.068027 0.181818
vt 0.068027 0.272727
vt 0.068027 0.363636
vt 0.068027 0.454545
vt 0.068027 0.545455
vt 0.068027 0.636364
vt 0.068027 0.727273
vt 0.068027 0.818182
vt 0.068027 0.909091
vt 0.068027 1.000000
vt 0.074830 0.090909
vt 0.074830 0.000000
vt 0.074830 0.181818
vt 0.074830 0.272727
vt 0.074830 0.363636
vt 0.074830 0.454545
vt 0.074830 0.545455
vt 0.074830 0.636364
vt 0.074830 0.727273
vt 0.074830 0.818182
vt 0.074830 0.909091
vt 0.074830 1.000000
vt 0.081633 0.090909
vt 0.081633 0.000000
vt 0.081633 0.181818
vt 0.081633 0.272727
vt 0.081633 0.363636
vt 0.081633 0.454545
vt 0.081633 0.545455
vt 0.081633 0.636364
vt 0.081633 0.727273
vt 0.081633 0.818182
vt 0.081633 0.909091
vt 0.081633 1.000000
vt 0.088435 0.090909
vt 0.088435 0.000000
vt 0.088435 0.181818
vt 0.088435 0.272727
vt 0.088435 0.363636
vt 0.088435 0.454545
vt 0.088435 0.545455
vt 0.088435 0.636364
vt 0.088435 0.727273
vt 0.088435 0.818182
vt 0.088435 0.909091
vt 0.088435 1.000000
vt 0.095238 0.090909
vt 0.095238 0.000000
vt 0.095238 0.181818
vt 0.095238 0.272727
vt 0.095238 0.363636
vt 0.095238 0.454545
vt 0.095238 0.545455
vt 0.095238 0.636364
vt 0.095238 0.727273
vt 0.095238 0.818182
vt 0.095238 0.909091
vt 0.095238 1.000000
vt 0.102041 0.090909
vt 0.102041 0.000000
vt 0.102041 0.181818
vt 0.102041 0.272727
vt 0.102041 0.363636
vt 0.102041 0.454545
vt 0.102041 0.545455
vt 0.102041 0.636364
vt 0.102041 0.727273
vt 0.102041 0.818182
vt 0.102041 0.909091
vt 0.102041 1.000000
vt 0.108844 0.090909
vt 0.108844 0.000000
vt 0.108844 0.181818
vt 0.108844 0.272727
vt 0.108844 0.363636
vt 0.108844 0.454545
vt 0.108844 0.545455
vt 0.108844 0.636364
vt 0.108844 0.727273
vt 0.108844 0.818182
vt 0.108844 0.909091
vt 0.108844 1.000000
vt 0.115646 0.090909
vt 0.115646 0.000000
vt 0.115646 0.181818
vt 0.115646 0.272727
vt 0.115646 0.363636
vt 0.115646 0.454545
vt 0.115646 0.545455
vt 0.115646 0.636364
vt 0.115646 0.727273
vt 0.115646 0.818182
vt 0.115646 0.909091
vt 0.115646 1.000000
vt 0.122449 0.090909
vt 0.122449 0.000000
vt 0.122449 0.181818
vt 0.122449 0.272727
vt 0.122449 0.363636
vt 0.122449 0.454545
vt 0.122449 0.545455
vt 0.122449 0.636364
vt 0.122449 0.727273
vt 0.122449 0.818182
vt 0.122449 0.909091
vt 0.122449 1.000000
vt 0.129252 0.090909
vt 0.129252 0.000000
vt 0.129252 0.181818
vt 0.129252 0.272727
vt 0.129252 0.363636
vt 0.129252 0.454545
vt 0.129252 0.545455
vt 0.129252 0.636364
vt 0.129252 0.727273
vt 0.129252 0.818182
vt 0.129252 0.909091
vt 0.129252 1.000000
vt 0.136054 0.090909
vt 0.136054 0.000000
vt 0.136054 0.181818
vt 0.136054 0.272727
vt 0.136054 0.363636
vt 0.136054 0.454545
vt 0.136054 0.545455
vt 0.136054 0.636364
vt 0.136054 0.727273
vt 0.136054 0.818182
vt 0.136054 0.909091
vt 0.136054 1.000000
vt 0.142857 0.090909
vt 0.142857 0.181818
vt 0.142857 0.272727
vt 0.142857 0.363636
vt 0.142857 0.454545
vt 0.142857 0.545455
vt 0.142857 0.636364
vt 0.142857 0.727273
vt 0.142857 0.818182
vt 0.142857 0.909091
vt 0.142857 1.000000
vt 0.149660 0.090909
vt 0.149660 0.000000
vt 0.149660 0.181818
vt 0.149660 0.272727
vt 0.149660 0.363636
vt 0.149660 0.454545
vt 0.149660 0.545455
vt 0.149660 0.636364
vt 0.149660 0.727273
vt 0.149660 0.818182
vt 0.149660 0.909091
vt 0.149660 1.000000
vt 0.156463 0.090909
vt 0.156463 0.000000
vt 0.156463 0.181818
vt 0.156463 0.272727
vt 0.156463 0.363636
vt 0.156463 0.454545
vt 0.156463 0.545455
vt 0.156463 0.636364
vt 0.156463 0.727273
vt 0.156463 0.818182
vt 0.156463 0.909091
vt 0.156463 1.000000
vt 0.163265 0.090909
vt 0.163265 0.000000
vt 0.163265 0.181818
vt 0.163265 0.272727
vt 0.163265 0.363636
vt 0.163265 0.454545
vt 0.163265 0.545455
vt 0.163265 0.636364
vt 0.163265 0.727273
vt 0.163265 0.818182
vt 0.163265 0.909091
vt 0.163265 1.000000
vt 0.170068 0.090909
vt 0.170068 0.000000
vt 0.170068 0.181818
vt 0.170068 0.272727
vt 0.170068 0.363636
vt 0.170068 0.454545
vt 0.170068 0.545455
vt 0.170068 0.636364
vt 0.170068 0.727273
vt 0.170068 0.818182
vt 0.170068 0.909091
vt 0.170068 1.000000
vt 0.176871 0.090909
vt 0.176871 0.000000
vt 0.176871 0.181818
vt 0.176871 0.272727
vt 0.176871 0.363636
vt 0.176871 0.454545
vt 0.176871 0.545455
vt 0.176871 0.636364
vt 0.176871 0.727273
vt 0.176871 0.818182
vt 0.176871 0.909091
vt 0.176871 1.000000
vt 0.183673 0.090909
vt 0.183673 0.000000
vt 0.183673 0.181818
vt 0.183673 0.272727
vt 0.183673 0.363636
vt 0.183673 0.454545
vt 0.183673 0.545455
vt 0.183673 0.636364
vt 0.183673 0.727273
vt 0.183673 0.818182
vt 0.183673 0.909091
vt 0.183673 1.000000
vt 0.190476 0.090909
vt 0.190476 0.000000
vt 0.190476 0.181818
vt 0.190476 0.272727
vt 0.190476 0.363636
vt 0.190476 0.454545
vt 0.190476 0.545455
vt 0.190476 0.636364
vt 0.190476 0.727273
vt 0.190476 0.818182
vt 0.190476 0.909091
vt 0.190476 1.000000
vt 0.197279 0.090909
vt 0.197279 0.000000
vt 0.197279 0.181818
vt 0.197279 0.272727
vt 0.197279 0.363636
vt 0.197279 0.454545
vt 0.197279 0.545455
vt 0.197279 0.636364
vt 0.197279 0.727273
vt 0.197279 0.818182
vt 0.197279 0.909091
vt 0.197279 1.000000
vt 0.204082 0.090909
vt 0.204082 0.000000
vt 0.204082 0.181818
vt 0.204082 0.272727
vt 0.204082 0.363636
vt 0.204082 0.454545
vt 0.204082 0.545455
vt 0.204082 0.636364
vt 0.204082 0.727273
vt 0.204082 0.818182
vt 0.204082 0.909091
vt 0.204082 1.000000
vt 0.210884 0.090909
vt 0.210884 0.000000
vt 0.210884 0.181818
vt 0.210884 0.272727
vt 0.210884 0.363636
vt 0.210884 0.454545
vt 0.210884 0.545455
vt 0.210884 0.636364
vt 0.210884 0.727273
vt 0.210884 0.818182
vt 0.210884 0.909091
vt 0.210884 1.000000
vt 0.217687 0.090909
vt 0.217687 0.000000
vt 0.217687 0.181818
vt 0.217687 0.272727
vt 0.217687 0.363636
vt 0.217687 0.454545
vt 0.217687 0.545455
vt 0.217687 0.636364
vt 0.217687 0.727273
vt 0.217687 0.818182
vt 0.217687 0.909091
vt 0.217687 1.000000
vt 0.224490 0.090909
vt 0.224490 0.000000
vt 0.224490 0.181818
vt 0.224490 0.272727
vt 0.224490 0.363636
vt 0.224490 0.454545
vt 0.224490 0.545455
vt 0.224490 0.636364
vt 0.224490 0.727273
vt 0.224490 0.818182
vt 0.224490 0.909091
vt 0.224490 1.000000
vt 0.231293 0.090909
vt 0.231293 0.000000
vt 0.231293 0.181818
vt 0.231293 0.272727
vt 0.231293 0.363636
vt 0.231293 0.454545
vt 0.231293 0.545455
vt 0.231293 0.636364
vt 0.231293 0.727273
vt 0.231293 0.818182
vt 0.231293 0.909091
vt 0.231293 1.000000
vt 0.238095 0.090909
vt 0.238095 0.000000
vt 0.238095 0.181818
vt 0.238095 0.272727
vt 0.238095 0.363636
vt 0.238095 0.454545
vt 0.238095 0.545455
vt 0.238095 0.636364
vt 0.238095 0.727273
vt 0.238095 0.818182
vt 0.238095 0.909091
vt 0.238095 1.000000
vt 0.244898 0.090909
vt 0.244898 0.000000
vt 0.244898 0.181818
vt 0.244898 0.272727
vt 0.244898 0.363636
vt 0.244898 0.454545
vt 0.244898 0.545455
vt 0.244898 0.636364
vt 0.244898 0.727273
vt 0.244898 0.818182
vt 0.244898 0.909091
vt 0.244898 1.000000
vt 0.251701 0.090909
vt 0.251701 0.000000
vt 0.251701 0.181818
vt 0.251701 0.272727
vt 0.251701 0.363636
vt 0.251701 0.454545
vt 0.251701 0.545455
vt 0.251701 0.636364
vt 0.251701 0.727273
vt 0.251701 0.818182
vt 0.251701 0.909091
vt 0.251701 1.000000
vt 0.258503 0.090909
vt 0.258503 0.000000
vt 0.258503 0.181818
vt 0.258503 0.272727
vt 0.258503 0.363636
vt 0.258503 0.454545
vt 0.258503 0.545455
vt 0.258503 0.636364
vt 0.258503 0.727273
vt 0.258503 0.818182
vt 0.258503 0.909091
vt 0.258503 1.000000
vt 0.265306 0.090909
vt 0.265306 0.000000
vt 0.265306 0.181818
vt 0.265306 0.272727
vt 0.265306 0.363636
vt 0.265306 0.454545
vt 0.265306 0.545455
vt 0.265306 0.636364
vt 0.265306 0.727273
vt 0.265306 0.818182
vt 0.265306 0.909091
vt 0.265306 1.000000
vt 0.272109 0.090909
vt 0.272109 0.000000
vt 0.272109 0.181818
vt 0.272109 0.272727
vt 0.272109 0.363636
vt 0.272109 0.454545
vt 0.272109 0.545455
vt 0.272109 0.636364
vt 0.272109 0.727273
vt 0.272109 0.818182
vt 0.272109 0.909091
vt 0.272109 1.000000
vt 0.278912 0.090909
vt 0.278912 0.000000
vt 0.278912 0.181818
vt 0.278912 0.272727
vt 0.278912 0.363636
vt 0.278912 0.454545
vt 0.278912 0.545455
vt 0.278912 0.636364
vt 0.278912 0.727273
vt 0.278912 0.818182
vt 0.278912 0.909091
vt 0.278912 1.000000
vt 0.285714 0.090909
vt 0.285714 0.181818
vt 0.285714 0.272727
vt 0.285714 0.363636
vt 0.285714 0.454545
vt 0.285714 0.545455
vt 0.285714 0.636364
vt 0.285714 0.727273
vt 0.285714 0.818182
vt 0.285714 0.909091
vt 0.285714 1.000000
vt 0.292517 0.090909
vt 0.292517 0.000000
vt 0.292517 0.181818
vt 0.292517 0.272727
vt 0.292517 0.363636
vt 0.292517 0.454545
vt 0.292517 0.545455
vt 0.292517 0.636364
vt 0.292517 0.727273
vt 0.292517 0.818182
vt 0.292517 0.909091
vt 0.292517 1.000000
vt 0.299320 0.090909
vt 0.299320 0.000000
vt 0.299320 0.181818
vt 0.299320 0.272727
vt 0.299320 0.363636
vt 0.299320 0.454545
vt 0.299320 0.545455
vt 0.299320 0.636364
vt 0.299320 0.727273
vt 0.299320 0.818182
vt 0.299320 0.909091
vt 0.299320 1.000000
vt 0.306122 0.090909
vt 0.306122 0.000000
vt 0.306122 0.181818
vt 0.306122 0.272727
vt 0.306122 0.363636
vt 0.306122 0.454545
vt 0.306122 0.545455
vt 0.306122 0.636364
vt 0.306122 0.727273
vt 0.306122 0.818182
vt 0.306122 0.909091
vt 0.306122 1.000000
vt 0.312925 0.090909
vt 0.312925 0.000000
vt 0.312925 0.181818
vt 0.312925 0.272727
vt 0.312925 0.363636
vt 0.312925 0.454545
vt 0.312925 0.545455
vt 0.312925 0.636364
vt 0.312925 0.727273
vt 0.312925 0.818182
vt 0.312925 0.909091
vt 0.312925 1.000000
vt 0.319728 0.090909
vt 0.319728 0.000000
vt 0.319728 0.181818
vt 0.319728 0.272727
vt 0.319728 0.363636
vt 0.319728 0.454545
vt 0.319728 0.545455
vt 0.319728 0.636364
vt 0.319728 0.727273
vt 0.319728 0.818182
vt 0.319728 0.909091
vt 0.319728 1.000000
vt 0.326531 0.090909
vt 0.326531 0.000000
vt 0.326531 0.181818
vt 0.326531 0.272727
vt 0.326531 0.363636
vt 0.326531 0.454545
vt 0.326531 0.545455
vt 0.326531 0.636364
vt 0.326531 0.727273
vt 0.326531 0.818182
vt 0.326531 0.909091
vt 0.326531 1.000000
vt 0.333333 0.090909
vt 0.333333 0.181818
vt 0.333333 0.272727
vt 0.333333 0.363636
vt 0.333333 0.454545
vt 0.333333 0.545455
vt 0.333333 0.636364
vt 0.333333 0.727273
vt 0.333333 0.818182
vt 0.333333 0.909091
vt 0.333333 1.000000
vt 0.340136 0.090909
vt 0.340136 0.000000
vt 0.340136 0.181818
vt 0.340136 0.272727
vt 0.340136 0.363636
vt 0.340136 0.454545
vt 0.340136 0.545455
vt 0.340136 0.636364
vt 0.340136 0.727273
vt 0.340136 0.818182
vt 0.340136 0.909091
vt 0.340136 1.000000
vt 0.346939 0.090909
vt 0.346939 0.000000
vt 0.346939 0.181818
vt 0.346939 0.272727
vt 0.346939 0.363636
vt 0.346939 0.454545
vt 0.346939 0.545455
vt 0.346939 0.636364
vt 0.346939 0.727273
vt 0.346939 0.818182
vt 0.346939 0.909091
vt 0.346939 1.000000
vt 0.353741 0.090909
vt 0.353741 0.000000
vt 0.353741 0.181818
vt 0.353741 0.272727
vt 0.353741 0.363636
vt 0.353741 0.454545
vt 0.353741 0.545455
vt 0.353741 0.636364
vt 0.353741 0.727273
vt 0.353741 0.818182
vt 0.353741 0.909091
vt 0.353741 1.000000
vt 0.360544 0.090909
vt 0.360544 0.000000
vt 0.360544 0.181818
vt 0.360544 0.272727
vt 0.360544 0.363636
vt 0.360544 0.454545
vt 0.360544 0.545455
vt 0.360544 0.636364
vt 0.360544 0.727273
vt 0.360544 0.818182
vt 0.360544 0.909091
vt 0.360544 1.000000
vt 0.367347 0.090909
vt 0.367347 0.000000
vt 0.367347 0.181818
vt 0.367347 0.272727
vt 0.367347 0.363636
vt 0.367347 0.454545
vt 0.367347 0.545455
vt 0.367347 0.636364
vt 0.367347 0.727273
vt 0.367347 0.818182
vt 0.367347 0.909091
vt 0.367347 1.000000
vt 0.374150 0.090909
vt 0.374150 0.000000
vt 0.374150 0.181818
vt 0.374150 0.272727
vt 0.374150 0.363636
vt 0.374150 0.454545
vt 0.374150 0.545455
vt 0.374150 0.636364
vt 0.374150 0.727273
vt 0.374150 0.818182
vt 0.374150 0.909091
vt 0.374150 1.000000
vt 0.380952 0.090909
vt 0.380952 0.000000
vt 0.380952 0.181818
vt 0.380952 0.272727
vt 0.380952 0.363636
vt 0.380952 0.454545
vt 0.380952 0.545455
vt 0.380952 0.636364
vt 0.380952 0.727273
vt 0.380952 0.818182
vt 0.380952 0.909091
vt 0.380952 1.000000
vt 0.387755 0.090909
vt 0.387755 0.000000
vt 0.387755 0.181818
vt 0.387755 0.272727
vt 0.387755 0.363636
vt 0.387755 0.454545
vt 0.387755 0.545455
vt 0.387755 0.636364
vt 0.387755 0.727273
vt 0.387755 0.818182
vt 0.387755 0.909091
vt 0.387755 1.000000
vt 0.394558 0.090909
vt 0.394558 0.000000
vt 0.394558 0.181818
vt 0.394558 0.272727
vt 0.394558 0.363636
vt 0.394558 0.454545
vt 0.394558 0.545455
vt 0.394558 0.636364
vt 0.394558 0.727273
vt 0.394558 0.818182
vt 0.394558 0.909091
vt 0.394558 1.000000
vt 0.401361 0.090909
vt 0.401361 0.000000
vt 0.401361 0.181818
vt 0.401361 0.272727
vt 0.401361 0.363636
vt 0.401361 0.454545
vt 0.401361 0.545455
vt 0.401361 0.636364
vt 0.401361 0.727273
vt 0.401361 0.818182
vt 0.401361 0.909091
vt 0.401361 1.000000
vt 0.408163 0.090909
vt 0.408163 0.000000
vt 0.408163 0.181818
vt 0.408163 0.272727
vt 0.408163 0.363636
vt 0.408163 0.454545
vt 0.408163 0.545455
vt 0.408163 0.636364
vt 0.408163 0.727273
vt 0.408163 0.818182
vt 0.408163 0.909091
vt 0.408163 1.000000
vt 0.414966 0.090909
vt 0.414966 0.000000
vt 0.414966 0.181818
vt 0.414966 0.272727
vt 0.414966 0.363636
vt 0.414966 0.454545
vt 0.414966 0.545455
vt 0.414966 0.636364
vt 0.414966 0.727273
vt 0.414966 0.818182
vt 0.414966 0.909091
vt 0.414966 1.000000
vt 0.421769 0.090909
vt 0.421769 0.000000
vt 0.421769 0.181818
vt 0.421769 0.272727
vt 0.421769 0.363636
vt 0.421769 0.454545
vt 0.421769 0.545455
vt 0.421769 0.636364
vt 0.421769 0.727273
vt 0.421769 0.818182
vt 0.421769 0.909091
vt 0.421769 1.000000
vt 0.428571 0.090909
vt 0.428571 0.181818
vt 0.428571 0.272727
vt 0.428571 0.363636
vt 0.428571 0.454545
vt 0.428571 0.545455
vt 0.428571 0.636364
vt 0.428571 0.727273
vt 0.428571 0.818182
vt 0.428571 0.909091
vt 0.428571 1.000000
vt 0.435374 0.090909
vt 0.435374 0.000000
vt 0.435374 0.181818
vt 0.435374 0.272727
vt 0.435374 0.363636
vt 0.435374 0.454545
vt 0.435374 0.545455
vt 0.435374 0.636364
vt 0.435374 0.727273
vt 0.435374 0.818182
vt 0.435374 0.909091
vt 0.435374 1.000000
vt 0.442177 0.090909
vt 0.442177 0.000000
vt 0.442177 0.181818
vt 0.442177 0.272727
vt 0.442177 0.363636
vt 0.442177 0.454545
vt 0.442177 0.545455
vt 0.442177 0.636364
vt 0.442177 0.727273
vt 0.442177 0.818182
vt 0.442177 0.909091
vt 0.442177 1.000000
vt 0.448980 0.090909
vt 0.448980 0.000000
vt 0.448980 0.181818
vt 0.448980 0.272727
vt 0.448980 0.363636
vt 0.448980 0.454545
vt 0.448980 0.545455
vt 0.448980 0.636364
vt 0.448980 0.727273
vt 0.448980 0.818182
vt 0.448980 0.909091
vt 0.448980 1.000000
vt 0.455782 0.090909
vt 0.455782 0.000000
vt 0.455782 0.181818
vt 0.455782 0.272727
vt 0.455782 0.363636
vt 0.455782 0.454545
vt 0.455782 0.545455
vt 0.455782 0.636364
vt 0.455782 0.727273
vt 0.455782 0.818182
vt 0.455782 0.909091
vt 0.455782 1.000000
vt 0.462585 0.090909
vt 0.462585 0.000000
vt 0.462585 0.181818
vt 0.462585 0.272727
vt 0.462585 0.363636
vt 0.462585 0.454545
vt 0.462585 0.545455
vt 0.462585 0.636364
vt 0.462585 0.727273
vt 0.462585 0.818182
vt 0.462585 0.909091
vt 0.462585 1.000000
vt 0.469388 0.090909
vt 0.469388 0.000000
vt 0.469388 0.181818
vt 0.469388 0.272727
vt 0.469388 0.363636
vt 0.469388 0.454545
vt 0.469388 0.545455
vt 0.469388 0.636364
vt 0.469388 0.727273
vt 0.469388 0.818182
vt 0.469388 0.909091
vt 0.469388 1.000000
vt 0.476190 0.090909
vt 0.476190 0.000000
vt 0.476190 0.181818
vt 0.476190 0.272727
vt 0.476190 0.363636
vt 0.476190 0.454545
vt 0.476190 0.545455
vt 0.476190 0.636364
vt 0.476190 0.727273
vt 0.476190 0.818182
vt 0.476190 0.909091
vt 0.476190 1.000000
vt 0.482993 0.090909
vt 0.482993 0.000000
vt 0.482993 0.181818
vt 0.482993 0.272727
vt 0.482993 0.363636
vt 0.482993 0.454545
vt 0.482993 0.545455
vt 0.482993 0.636364
vt 0.482993 0.727273
vt 0.482993 0.818182
vt 0.482993 0.909091
vt 0.482993 1.000000
vt 0.489796 0.090909
vt 0.489796 0.000000
vt 0.489796 0.181818
vt 0.489796 0.272727
vt 0.489796 0.363636
vt 0.489796 0.454545
vt 0.489796 0.545455
vt 0.489796 0.636364
vt 0.489796 0.727273
vt 0.489796 0.818182
vt 0.489796 0.909091
vt 0.489796 1.000000
vt 0.496599 0.090909
vt 0.496599 0.000000
vt 0.496599 0.181818
vt 0.496599 0.272727
vt 0.496599 0.363636
vt 0.496599 0.454545
vt 0.496599 0.545455
vt 0.496599 0.636364
vt 0.496599 0.727273
vt 0.496599 0.818182
vt 0.496599 0.909091
vt 0.496599 1.000000
vt 0.503401 0.090909
vt 0.503401 0.000000
vt 0.503401 0.181818
vt 0.503401 0.272727
vt 0.503401 0.363636
vt 0.503401 0.454545
vt 0.503401 0.545455
vt 0.503401 0.636364
vt 0.503401 0.727273
vt 0.503401 0.818182
vt 0.503401 0.909091
vt 0.503401 1.000000
vt 0.510204 0.090909
vt 0.510204 0.000000
vt 0.510204 0.181818
vt 0.510204 0.272727
vt 0.510204 0.363636
vt 0.510204 0.454545
vt 0.510204 0.545455
vt 0.510204 0.636364
vt 0.510204 0.727273
vt 0.510204 0.818182
vt 0.510204 0.909091
vt 0.510204 1.000000
vt 0.517007 0.090909
vt 0.517007 0.000000
vt 0.517007 0.181818
vt 0.517007 0.272727
vt 0.517007 0.363636
vt 0.517007 0.454545
vt 0.517007 0.545455
vt 0.517007 0.636364
vt 0.517007 0.727273
vt 0.517007 0.818182
vt 0.517007 0.909091
vt 0.517007 1.000000
vt 0.523810 0.090909
vt 0.523810 0.000000
vt 0.523810 0.181818
vt 0.523810 0.272727
vt 0.523810 0.363636
vt 0.523810 0.454545
vt 0.523810 0.545455
vt 0.523810 0.636364
vt 0.523810 0.727273
vt 0.523810 0.818182
vt 0.523810 0.909091
vt 0.523810 1.000000
vt 0.530612 0.090909
vt 0.530612 0.000000
vt 0.530612 0.181818
vt 0.530612 0.272727
vt 0.530612 0.363636
vt 0.530612 0.454545
vt 0.530612 0.545455
vt 0.530612 0.636364
vt 0.530612 0.727273
vt 0.530612 0.818182
vt 0.530612 0.909091
vt 0.530612 1.000000
vt 0.537415 0.090909
vt 0.537415 0.000000
vt 0.537415 0.181818
vt 0.537415 0.272727
vt 0.537415 0.363636
vt 0.537415 0.454545
vt 0.537415 0.545455
vt 0.537415 0.636364
vt 0.537415 0.727273
vt 0.537415 0.818182
vt 0.537415 0.909091
vt 0.537415 1.000000
vt 0.544218 0.090909
vt 0.544218 0.000000
vt 0.544218 0.181818
vt 0.544218 0.272727
vt 0.544218 0.363636
vt 0.544218 0.454545
vt 0.544218 0.545455
vt 0.544218 0.636364
vt 0.544218 0.727273
vt 0.544218 0.818182
vt 0.544218 0.909091
vt 0.544218 1.000000
vt 0.551020 0.090909
vt 0.551020 0.000000
vt 0.551020 0.181818
vt 0.551020 0.272727
vt 0.551020 0.363636
vt 0.551020 0.454545
vt 0.551020 0.545455
vt 0.551020 0.636364
vt 0.551020 0.727273
vt 0.551020 0.818182
vt 0.551020 0.909091
vt 0.551020 1.000000
vt 0.557823 0.090909
vt 0.557823 0.000000
vt 0.557823 0.181818
vt 0.557823 0.272727
vt 0.557823 0.363636
vt 0.557823 0.454545
vt 0.557823 0.545455
vt 0.557823 0.636364
vt 0.557823 0.727273
vt 0.557823 0.818182
vt 0.557823 0.909091
vt 0.557823 1.000000
vt 0.564626 0.090909
vt 0.564626 0.000000
vt 0.564626 0.181818
vt 0.564626 0.272727
vt 0.564626 0.363636
vt 0.564626 0.454545
vt 0.564626 0.545455
vt 0.564626 0.636364
vt 0.564626 0.727273
vt 0.564626 0.818182
vt 0.564626 0.909091
vt 0.564626 1.000000
vt 0.571429 0.090909
vt 0.571429 0.181818
vt 0.571429 0.272727
vt 0.571429 0.363636
vt 0.571429 0.454545
vt 0.571429 0.545455
vt 0.571429 0.636364
vt 0.571429 0.727273
vt 0.571429 0.818182
vt 0.571429 0.909091
vt 0.571429 1.000000
vt 0.578231 0.090909
vt 0.578231 0.000000
vt 0.578231 0.181818
vt 0.578231 0.272727
vt 0.578231 0.363636
vt 0.578231 0.454545
vt 0.578231 0.545455
vt 0.578231 0.636364
vt 0.578231 0.727273
vt 0.578231 0.818182
vt 0.578231 0.909091
vt 0.578231 1.000000
vt 0.585034 0.090909
vt 0.585034 0.000000
vt 0.585034 0.181818
vt 0.585034 0.272727
vt 0.585034 0.363636
vt 0.585034 0.454545
vt 0.585034 0.545455
vt 0.585034 0.636364
vt 0.585034 0.727273
vt 0.585034 0.818182
vt 0.585034 0.909091
vt 0.585034 1.000000
vt 0.591837 0.090909
vt 0.591837 0.000000
vt 0.591837 0.181818
vt 0.591837 0.272727
vt 0.591837 0.363636
vt 0.591837 0.454545
vt 0.591837 0.545455
vt 0.591837 0.636364
vt 0.591837 0.727273
vt 0.591837 0.818182
vt 0.591837 0.909091
vt 0.591837 1.000000
vt 0.598639 0.090909
vt 0.598639 0.000000
vt 0.598639 0.181818
vt 0.598639 0.272727
vt 0.598639 0.363636
vt 0.598639 0.454545
vt 0.598639 0.545455
vt 0.598639 0.636364
vt 0.598639 0.727273
vt 0.598639 0.818182
vt 0.598639 0.909091
vt 0.598639 1.000000
vt 0.605442 0.090909
vt 0.605442 0.000000
vt 0.605442 0.181818
vt 0.605442 0.272727
vt 0.605442 0.363636
vt 0.605442 0.454545
vt 0.605442 0.545455
vt 0.605442 0.636364
vt 0.605442 0.727273
vt 0.605442 0.818182
vt 0.605442 0.909091
vt 0.605442 1.000000
vt 0.612245 0.090909
vt 0.612245 0.000000
vt 0.612245 0.181818
vt 0.612245 0.272727
vt 0.612245 0.363636
vt 0.612245 0.454545
vt 0.612245 0.545455
vt 0.612245 0.636364
vt 0.612245 0.727273
vt 0.612245 0.818182
vt 0.612245 0.909091
vt 0.612245 1.000000
vt 0.619048 0.090909
vt 0.619048 0.000000
vt 0.619048 0.181818
vt 0.619048 0.272727
vt 0.619048 0.363636
vt 0.619048 0.454545
vt 0.619048 0.545455
vt 0.619048 0.636364
vt 0.619048 0.727273
vt 0.619048 0.818182
vt 0.619048 0.909091
vt 0.619048 1.000000
vt 0.625850 0.090909
vt 0.625850 0.000000
vt 0.625850 0.181818
vt 0.625850 0.272727
vt 0.625850 0.363636
vt 0.625850 0.454545
vt 0.625850 0.545455
vt 0.625850 0.636364
vt 0.625850 0.727273
vt 0.625850 0.818182
vt 0.625850 0.909091
vt 0.625850 1.000000
vt 0.632653 0.090909
vt 0.632653 0.000000
vt 0.632653 0.181818
vt 0.632653 0.272727
vt 0.632653 0.363636
vt 0.632653 0.454545
vt 0.632653 0.545455
vt 0.632653 0.636364
vt 0.632653 0.727273
vt 0.632653 0.818182
vt 0.632653 0.909091
vt 0.632653 1.000000
vt 0.639456 0.090909
vt 0.639456 0.000000
vt 0.639456 0.181818
vt 0.639456 0.272727
vt 0.639456 0.363636
vt 0.639456 0.454545
vt 0.639456 0.545455
vt 0.639456 0.636364
vt 0.639456 0.727273
vt 0.639456 0.818182
vt 0.639456 0.909091
vt 0.639456 1.000000
vt 0.646259 0.090909
vt 0.646259 0.000000
vt 0.646259 0.181818
vt 0.646259 0.272727
vt 0.646259 0.363636
vt 0.646259 0.454545
vt 0.646259 0.545455
vt 0.646259 0.636364
vt 0.646259 0.727273
vt 0.646259 0.818182
vt 0.646259 0.909091
vt 0.646259 1.000000
vt 0.653061 0.090909
vt 0.653061 0.000000
vt 0.653061 0.181818
vt 0.653061 0.272727
vt 0.653061 0.363636
vt 0.653061 0.454545
vt 0.653061 0.545455
vt 0.653061 0.636364
vt 0.653061 0.727273
vt 0.653061 0.818182
vt 0.653061 0.909091
vt 0.653061 1.000000
vt 0.659864 0.090909
vt 0.659864 0.000000
vt 0.659864 0.181818
vt 0.659864 0.272727
vt 0.659864 0.363636
vt 0.659864 0.454545
vt 0.659864 0.545455
vt 0.659864 0.636364
vt 0.659864 0.727273
vt 0.659864 0.818182
vt 0.659864 0.909091
vt 0.659864 1.000000
vt 0.666667 0.090909
vt 0.666667 0.181818
vt 0.666667 0.272727
vt 0.666667 0.363636
vt 0.666667 0.454545
vt 0.666667 0.545455
vt 0.666667 0.636364
vt 0.666667 0.727273
vt 0.666667 0.818182
vt 0.666667 0.909091
vt 0.666667 1.000000
vt 0.673469 0.090909
vt 0.673469 0.000000
vt 0.673469 0.181818
vt 0.673469 0.272727
vt 0.673469 0.363636
vt 0.673469 0.454545
vt 0.673469 0.545455
vt 0.673469 0.636364
vt 0.673469 0.727273
vt 0.673469 0.818182
vt 0.673469 0.909091
vt 0.673469 1.000000
vt 0.680272 0.090909
vt 0.680272 0.000000
vt 0.680272 0.181818
vt 0.680272 0.272727
vt 0.680272 0.363636
vt 0.680272 0.454545
vt 0.680272 0.545455
vt 0.680272 0.636364
vt 0.680272 0.727273
vt 0.680272 0.818182
vt 0.680272 0.909091
vt 0.680272 1.000000
vt 0.687075 0.090909
vt 0.687075 0.000000
vt 0.687075 0.181818
vt 0.687075 0.272727
vt 0.687075 0.363636
vt 0.687075 0.454545
vt 0.687075 0.545455
vt 0.687075 0.636364
vt 0.687075 0.727273
vt 0.687075 0.818182
vt 0.687075 0.909091
vt 0.687075 1.000000
vt 0.693878 0.090909
vt 0.693878 0.000000
vt 0.693878 0.181818
vt 0.693878 0.272727
vt 0.693878 0.363636
vt 0.693878 0.454545
vt 0.693878 0.545455
vt 0.693878 0.636364
vt 0.693878 0.727273
vt 0.693878 0.818182
vt 0.693878 0.909091
vt 0.693878 1.000000
vt 0.700680 0.090909
vt 0.700680 0.000000
vt 0.700680 0.181818
vt 0.700680 0.272727
vt 0.700680 0.363636
vt 0.700680 0.454545
vt 0.700680 0.545455
vt 0.700680 0.636364
vt 0.700680 0.727273
vt 0.700680 0.818182
vt 0.700680 0.909091
vt 0.700680 1.000000
vt 0.707483 0.090909
vt 0.707483 0.000000
vt 0.707483 0.181818
vt 0.707483 0.272727
vt 0.707483 0.363636
vt 0.707483 0.454545
vt 0.707483 0.545455
vt 0.707483 0.636364
vt 0.707483 0.727273
vt 0.707483 0.818182
vt 0.707483 0.909091
vt 0.707483 1.000000
vt 0.714286 0.090909
vt 0.714286 0.181818
vt 0.714286 0.272727
vt 0.714286 0.363636
vt 0.714286 0.454545
vt 0.714286 0.545455
vt 0.714286 0.636364
vt 0.714286 0.727273
vt 0.714286 0.818182
vt 0.714286 0.909091
vt 0.714286 1.000000
vt 0.721088 0.090909
vt 0.721088 0.000000
vt 0.721088 0.181818
vt 0.721088 0.272727
vt 0.721088 0.363636
vt 0.721088 0.454545
vt 0.721088 0.545455
vt 0.721088 0.636364
vt 0.721088 0.727273
vt 0.721088 0.818182
vt 0.721088 0.909091
vt 0.721088 1.000000
vt 0.727891 0.090909
vt 0.727891 0.000000
vt 0.727891 0.181818
vt 0.727891 0.272727
vt 0.727891 0.363636
vt 0.727891 0.454545
vt 0.727891 0.545455
vt 0.727891 0.636364
vt 0.727891 0.727273
vt 0.727891 0.818182
vt 0.727891 0.909091
vt 0.727891 1.000000
vt 0.734694 0.090909
vt 0.734694 0.000000
vt 0.734694 0.181818
vt 0.734694 0.272727
vt 0.734694 0.363636
vt 0.734694 0.454545
vt 0.734694 0.545455
vt 0.734694 0.636364
vt 0.734694 0.727273
vt 0.734694 0.818182
vt 0.734694 0.909091
vt 0.734694 1.000000
vt 0.741497 0.090909
vt 0.741497 0.000000
vt 0.741497 0.181818
vt 0.741497 0.272727
vt 0.741497 0.363636
vt 0.741497 0.454545
vt 0.741497 0.545455
vt 0.741497 0.636364
vt 0.741497 0.727273
vt 0.741497 0.818182
vt 0.741497 0.909091
vt 0.741497 1.000000
vt 0.748299 0.090909
vt 0.748299 0.000000
vt 0.748299 0.181818
vt 0.748299 0.272727
vt 0.748299 0.363636
vt 0.748299 0.454545
vt 0.748299 0.545455
vt 0.748299 0.636364
vt 0.748299 0.727273
vt 0.748299 0.818182
vt 0.748299 0.909091
vt 0.748299 1.000000
vt 0.755102 0.090909
vt 0.755102 0.000000
vt 0.755102 0.181818
vt 0.755102 0.272727
vt 0.755102 0.363636
vt 0.755102 0.454545
vt 0.755102 0.545455
vt 0.755102 0.636364
vt 0.755102 0.727273
vt 0.755102 0.818182
vt 0.755102 0.909091
vt 0.755102 1.000000
vt 0.761905 0.090909
vt 0.761905 0.000000
vt 0.761905 0.181818
vt 0.761905 0.272727
vt 0.761905 0.363636
vt 0.761905 0.454545
vt 0.761905 0.545455
vt 0.761905 0.636364
vt 0.761905 0.727273
vt 0.761905 0.818182
vt 0.761905 0.909091
vt 0.761905 1.000000
vt 0.768707 0.090909
vt 0.768707 0.000000
vt 0.768707 0.181818
vt 0.768707 0.272727
vt 0.768707 0.363636
vt 0.768707 0.454545
vt 0.768707 0.545455
vt 0.768707 0.636364
vt 0.768707 0.727273
vt 0.768707 0.818182
vt 0.768707 0.909091
vt 0.768707 1.000000
vt 0.775510 0.090909
vt 0.775510 0.000000
vt 0.775510 0.181818
vt 0.775510 0.272727
vt 0.775510 0.363636
vt 0.775510 0.454545
vt 0.775510 0.545455
vt 0.775510 0.636364
vt 0.775510 0.727273
vt 0.775510 0.818182
vt 0.775510 0.909091
vt 0.775510 1.000000
vt 0.782313 0.090909
vt 0.782313 0.000000
vt 0.782313 0.181818
vt 0.782313 0.272727
vt 0.782313 0.363636
vt 0.782313 0.454545
vt 0.782313 0.545455
vt 0.782313 0.636364
vt 0.782313 0.727273
vt 0.782313 0.818182
vt 0.782313 0.909091
vt 0.782313 1.000000
vt 0.789116 0.090909
vt 0.789116 0.000000
vt 0.789116 0.181818
vt 0.789116 0.272727
vt 0.789116 0.363636
vt 0.789116 0.454545
vt 0.789116 0.545455
vt 0.789116 0.636364
vt 0.789116 0.727273
vt 0.789116 0.818182
vt 0.789116 0.909091
vt 0.789116 1.000000
vt 0.795918 0.090909
vt 0.795918 0.000000
vt 0.795918 0.181818
vt 0.795918 0.272727
vt 0.795918 0.363636
vt 0.795918 0.454545
vt 0.795918 0.545455
vt 0.795918 0.636364
vt 0.795918 0.727273
vt 0.795918 0.818182
vt 0.795918 0.909091
vt 0.795918 1.000000
vt 0.802721 0.090909
vt 0.802721 0.000000
vt 0.802721 0.181818
vt 0.802721 0.272727
vt 0.802721 0.363636
vt 0.802721 0.454545
vt 0.802721 0.545455
vt 0.802721 0.636364
vt 0.802721 0.727273
vt 0.802721 0.818182
vt 0.802721 0.909091
vt 0.802721 1.000000
vt 0.809524 0.090909
vt 0.809524 0.000000
vt 0.809524 0.181818
vt 0.809524 0.272727
vt 0.809524 0.363636
vt 0.809524 0.454545
vt 0.809524 0.545455
vt 0.809524 0.636364
vt 0.809524 0.727273
vt 0.809524 0.818182
vt 0.809524 0.909091
vt 0.809524 1.000000
vt 0.816327 0.090909
vt 0.816327 0.000000
vt 0.816327 0.181818
vt 0.816327 0.272727
vt 0.816327 0.363636
vt 0.816327 0.454545
vt 0.816327 0.545455
vt 0.816327 0.636364
vt 0.816327 0.727273
vt 0.816327 0.818182
vt 0.816327 0.909091
vt 0.816327 1.000000
vt 0.823129 0.090909
vt 0.823129 0.000000
vt 0.823129 0.181818
vt 0.823129 0.272727
vt 0.823129 0.363636
vt 0.823129 0.454545
vt 0.823129 0.545455
vt 0.823129 0.636364
vt 0.823129 0.727273
vt 0.823129 0.818182
vt 0.823129 0.909091
vt 0.823129 1.000000
vt 0.829932 0.090909
vt 0.829932 0.000000
vt 0.829932 0.181818
vt 0.829932 0.272727
vt 0.829932 0.363636
vt 0.829932 0.454545
vt 0.829932 0.545455
vt 0.829932 0.636364
vt 0.829932 0.727273
vt 0.829932 0.818182
vt 0.829932 0.909091
vt 0.829932 1.000000
vt 0.836735 0.090909
vt 0.836735 0.000000
vt 0.836735 0.181818
vt 0.836735 0.272727
vt 0.836735 0.363636
vt 0.836735 0.454545
vt 0.836735 0.545455
vt 0.836735 0.636364
vt 0.836735 0.727273
vt 0.836735 0.818182
vt 0.836735 0.909091
vt 0.836735 1.000000
vt 0.843537 0.090909
vt 0.843537 0.000000
vt 0.843537 0.181818
vt 0.843537 0.272727
vt 0.843537 0.363636
vt 0.843537 0.454545
vt 0.843537 0.545455
vt 0.843537 0.636364
vt 0.843537 0.727273
vt 0.843537 0.818182
vt 0.843537 0.909091
vt 0.843537 1.000000
vt 0.850340 0.090909
vt 0.850340 0.000000
vt 0.850340 0.181818
vt 0.850340 0.272727
vt 0.850340 0.363636
vt 0.850340 0.454545
vt 0.850340 0.545455
vt 0.850340 0.636364
vt 0.850340 0.727273
vt 0.850340 0.818182
vt 0.850340 0.909091
vt 0.850340 1.000000
vt 0.857143 0.090909
vt 0.857143 0.181818
vt 0.857143 0.272727
vt 0.857143 0.363636
vt 0.857143 0.454545
vt 0.857143 0.545455
vt 0.857143 0.636364
vt 0.857143 0.727273
vt 0.857143 0.818182
vt 0.857143 0.909091
vt 0.857143 1.000000
vt 0.863946 0.090909
vt 0.863946 0.000000
vt 0.863946 0.181818
vt 0.863946 0.272727
vt 0.863946 0.363636
vt 0.863946 0.454545
vt 0.863946 0.545455
vt 0.863946 0.636364
vt 0.863946 0.727273
vt 0.863946 0.818182
vt 0.863946 0.909091
vt 0.863946 1.000000
vt 0.870748 0.090909
vt 0.870748 0.000000
vt 0.870748 0.181818
vt 0.870748 0.272727
vt 0.870748 0.363636
vt 0.870748 0.454545
vt 0.870748 0.545455
vt 0.870748 0.636364
vt 0.870748 0.727273
vt 0.870748 0.818182
vt 0.870748 0.909091
vt 0.870748 1.000000
vt 0.877551 0.090909
vt 0.877551 0.000000
vt 0.877551 0.181818
vt 0.877551 0.272727
vt 0.877551 0.363636
vt 0.877551 0.454545
vt 0.877551 0.545455
vt 0.877551 0.636364
vt 0.877551 0.727273
vt 0.877551 0.818182
vt 0.877551 0.909091
vt 0.877551 1.000000
vt 0.884354 0.090909
vt 0.884354 0.000000
vt 0.884354 0.181818
vt 0.884354 0.272727
vt 0.884354 0.363636
vt 0.884354 0.454545
vt 0.884354 0.545455
vt 0.884354 0.636364
vt 0.884354 0.727273
vt 0.884354 0.818182
vt 0.884354 0.909091
vt 0.884354 1.000000
vt 0.891156 0.090909
vt 0.891156 0.000000
vt 0.891156 0.181818
vt 0.891156 0.272727
vt 0.891156 0.363636
vt 0.891156 0.454545
vt 0.891156 0.545455
vt 0.891156 0.636364
vt 0.891156 0.727273
vt 0.891156 0.818182
vt 0.891156 0.909091
vt 0.891156 1.000000
vt 0.897959 0.090909
vt 0.897959 0.000000
vt 0.897959 0.181818
vt 0.897959 0.272727
vt 0.897959 0.363636
vt 0.897959 0.454545
vt 0.897959 0.545455
vt 0.897959 0.636364
vt 0.897959 0.727273
vt 0.897959 0.818182
vt 0.897959 0.909091
vt 0.897959 1.000000
vt 0.904762 0.090909
vt 0.904762 0.000000
vt 0.904762 0.181818
vt 0.904762 0.272727
vt 0.904762 0.363636
vt 0.904762 0.454545
vt 0.904762 0.545455
vt 0.904762 0.636364
vt 0.904762 0.727273
vt 0.904762 0.818182
vt 0.904762 0.909091
vt 0.904762 1.000000
vt 0.911565 0.090909
vt 0.911565 0.000000
vt 0.911565 0.181818
vt 0.911565 0.272727
vt 0.911565 0.363636
vt 0.911565 0.454545
vt 0.911565 0.545455
vt 0.911565 0.636364
vt 0.911565 0.727273
vt 0.911565 0.818182
vt 0.911565 0.909091
vt 0.911565 1.000000
vt 0.918367 0.090909
vt 0.918367 0.000000
vt 0.918367 0.181818
vt 0.918367 0.272727
vt 0.918367 0.363636
vt 0.918367 0.454545
vt 0.918367 0.545455
vt 0.918367 0.636364
vt 0.918367 0.727273
vt 0.918367 0.818182
vt 0.918367 0.909091
vt 0.918367 1.000000
vt 0.925170 0.090909
vt 0.925170 0.000000
vt 0.925170 0.181818
vt 0.925170 0.272727
vt 0.925170 0.363636
vt 0.925170 0.454545
vt 0.925170 0.545455
vt 0.925170 0.636364
vt 0.925170 0.727273
vt 0.925170 0.818182
vt 0.925170 0.909091
vt 0.925170 1.000000
vt 0.931973 0.090909
vt 0.931973 0.000000
vt 0.931973 0.181818
vt 0.931973 0.272727
vt 0.931973 0.363636
vt 0.931973 0.454545
vt 0.931973 0.545455
vt 0.931973 0.636364
vt 0.931973 0.727273
vt 0.931973 0.818182
vt 0.931973 0.909091
vt 0.931973 1.000000
vt 0.938776 0.090909
vt 0.938776 0.000000
vt 0.938776 0.181818
vt 0.938776 0.272727
vt 0.938776 0.363636
vt 0.938776 0.454545
vt 0.938776 0.545455
vt 0.938776 0.636364
vt 0.938776 0.727273
vt 0.938776 0.818182
vt 0.938776 0.909091
vt 0.938776 1.000000
vt 0.945578 0.090909
vt 0.945578 0.000000
vt 0.945578 0.181818
vt 0.945578 0.272727
vt 0.945578 0.363636
vt 0.945578 0.454545
vt 0.945578 0.545455
vt 0.945578 0.636364
vt 0.945578 0.727273
vt 0.945578 0.818182
vt 0.945578 0.909091
vt 0.945578 1.000000
vt 0.952381 0.090909
vt 0.952381 0.000000
vt 0.952381 0.181818
vt 0.952381 0.272727
vt 0.952381 0.363636
vt 0.952381 0.454545
vt 0.952381 0.545455
vt 0.952381 0.636364
vt 0.952381 0.727273
vt 0.952381 0.818182
vt 0.952381 0.909091
vt 0.952381 1.000000
vt 0.959184 0.090909
vt 0.959184 0.000000
vt 0.959184 0.181818
vt 0.959184 0.272727
vt 0.959184 0.363636
vt 0.959184 0.454545
vt 0.959184 0.545455
vt 0.959184 0.636364
vt 0.959184 0.727273
vt 0.959184 0.818182
vt 0.959184 0.909091
vt 0.959184 1.000000
vt 0.965986 0.090909
vt 0.965986 0.000000
vt 0.965986 0.181818
vt 0.965986 0.272727
vt 0.965986 0.363636
vt 0.965986 0.454545
vt 0.965986 0.545455
vt 0.965986 0.636364
vt 0.965986 0.727273
vt 0.965986 0.818182
vt 0.965986 0.909091
vt 0.965986 1.000000
vt 0.972789 0.090909
vt 0.972789 0.000000
vt 0.972789 0.181818
vt 0.972789 0.272727
vt 0.972789 0.363636
vt 0.972789 0.454545
vt 0.972789 0.545455
vt 0.972789 0.636364
vt 0.972789 0.727273
vt 0.972789 0.818182
vt 0.972789 0.909091
vt 0.972789 1.000000
vt 0.979592 0.090909
vt 0.979592 0.000000
vt 0.979592 0.181818
vt 0.979592 0.272727
vt 0.979592 0.363636
vt 0.979592 0.454545
vt 0.979592 0.545455
vt 0.979592 0.636364
vt 0.979592 0.727273
vt 0.979592 0.818182
vt 0.979592 0.909091
vt 0.979592 1.000000
vt 0.986395 0.090909
vt 0.986395 0.000000
vt 0.986395 0.181818
vt 0.986395 0.272727
vt 0.986395 0.363636
vt 0.986395 0.454545
vt 0.986395 0.545455
vt 0.986395 0.636364
vt 0.986395 0.727273
vt 0.986395 0.818182
vt 0.986395 0.909091
vt 0.986395 1.000000
vt 0.993197 0.090909
vt 0.993197 0.000000
vt 0.993197 0.181818
vt 0.993197 0.272727
vt 0.993197 0.363636
vt 0.993197 0.454545
vt 0.993197 0.545455
vt 0.993197 0.636364
vt 0.993197 0.727273
vt 0.993197 0.818182
vt 0.993197 0.909091
vt 0.993197 1.000000
vt 1.000000 0.090909
vt 1.000000 0.181818
vt 1.000000 0.272727
vt 1.000000 0.363636
vt 1.000000 0.454545
vt 1.000000 0.545455
vt 1.000000 0.636364
vt 1.000000 0.727273
vt 1.000000 0.818182
vt 1.000000 0.909091
vt 1.000000 1.000000
vt 0.018182 0.090909
vt 0.018182 0.000000
vt 0.018182 0.181818
vt 0.018182 0.272727
vt 0.018182 0.363636
vt 0.018182 0.454545
vt 0.018182 0.545455
vt 0.018182 0.636364
vt 0.018182 0.727273
vt 0.018182 0.818182
vt 0.018182 0.909091
vt 0.018182 1.000000
vt 0.036364 0.090909
vt 0.036364 0.000000
vt 0.036364 0.181818
vt 0.036364 0.272727
vt 0.036364 0.363636
vt 0.036364 0.454545
vt 0.036364 0.545455
vt 0.036364 0.636364
vt 0.036364 0.727273
vt 0.036364 0.818182
vt 0.036364 0.909091
vt 0.036364 1.000000
vt 0.054545 0.090909
vt 0.054545 0.000000
vt 0.054545 0.181818
vt 0.054545 0.272727
vt 0.054545 0.363636
vt 0.054545 0.454545
vt 0.054545 0.545455
vt 0.054545 0.636364
vt 0.054545 0.727273
vt 0.054545 0.818182
vt 0.054545 0.909091
vt 0.054545 1.000000
vt 0.072727 0.090909
vt 0.072727 0.000000
vt 0.072727 0.181818
vt 0.072727 0.272727
vt 0.072727 0.363636
vt 0.072727 0.454545
vt 0.072727 0.545455
vt 0.072727 0.636364
vt 0.072727 0.727273
vt 0.072727 0.818182
vt 0.072727 0.909091
vt 0.072727 1.000000
vt 0.090909 0.090909
vt 0.090909 0.181818
vt 0.090909 0.272727
vt 0.090909 0.363636
vt 0.090909 0.454545
vt 0.090909 0.545455
vt 0.090909 0.636364
vt 0.090909 0.727273
vt 0.090909 0.818182
vt 0.090909 0.909091
vt 0.090909 1.000000
vt 0.109091 0.090909
vt 0.109091 0.000000
vt 0.109091 0.181818
vt 0.109091 0.272727
vt 0.109091 0.363636
vt 0.109091 0.454545
vt 0.109091 0.545455
vt 0.109091 0.636364
vt 0.109091 0.727273
vt 0.109091 0.818182
vt 0.109091 0.909091
vt 0.109091 1.000000
vt 0.127273 0.090909
vt 0.127273 0.000000
vt 0.127273 0.181818
vt 0.127273 0.272727
vt 0.127273 0.363636
vt 0.127273 0.454545
vt 0.127273 0.545455
vt 0.127273 0.636364
vt 0.127273 0.727273
vt 0.127273 0.818182
vt 0.127273 0.909091
vt 0.127273 1.000000
vt 0.145455 0.090909
vt 0.145455 0.000000
vt 0.145455 0.181818
vt 0.145455 0.272727
vt 0.145455 0.363636
vt 0.145455 0.454545
vt 0.145455 0.545455
vt 0.145455 0.636364
vt 0.145455 0.727273
vt 0.145455 0.818182
vt 0.145455 0.909091
vt 0.145455 1.000000
vt 0.163636 0.090909
vt 0.163636 0.000000
vt 0.163636 0.181818
vt 0.163636 0.272727
vt 0.163636 0.363636
vt 0.163636 0.454545
vt 0.163636 0.545455
vt 0.163636 0.636364
vt 0.163636 0.727273
vt 0.163636 0.818182
vt 0.163636 0.909091
vt 0.163636 1.000000
vt 0.181818 0.090909
vt 0.181818 0.181818
vt 0.181818 0.272727
vt 0.181818 0.363636
vt 0.181818 0.454545
vt 0.181818 0.545455
vt 0.181818 0.636364
vt 0.181818 0.727273
vt 0.181818 0.818182
vt 0.181818 0.909091
vt 0.181818 1.000000
vt 0.200000 0.090909
vt 0.200000 0.000000
vt 0.200000 0.181818
vt 0.200000 0.272727
vt 0.200000 0.363636
vt 0.200000 0.454545
vt 0.200000 0.545455
vt 0.200000 0.636364
vt 0.200000 0.727273
vt 0.200000 0.818182
vt 0.200000 0.909091
vt 0.200000 1.000000
vt 0.218182 0.090909
vt 0.218182 0.000000
vt 0.218182 0.181818
vt 0.218182 0.272727
vt 0.218182 0.363636
vt 0.218182 0.454545
vt 0.218182 0.545455
vt 0.218182 0.636364
vt 0.218182 0.727273
vt 0.218182 0.818182
vt 0.218182 0.909091
vt 0.218182 1.000000
vt 0.236364 0.090909
vt 0.236364 0.000000
vt 0.236364 0.181818
vt 0.236364 0.272727
vt 0.236364 0.363636
vt 0.236364 0.454545
vt 0.236364 0.545455
vt 0.236364 0.636364
vt 0.236364 0.727273
vt 0.236364 0.818182
vt 0.236364 0.909091
vt 0.236364 1.000000
vt 0.254545 0.090909
vt 0.254545 0.000000
vt 0.254545 0.181818
vt 0.254545 0.272727
vt 0.254545 0.363636
vt 0.254545 0.454545
vt 0.254545 0.545455
vt 0.254545 0.636364
vt 0.254545 0.727273
vt 0.254545 0.818182
vt 0.254545 0.909091
vt 0.254545 1.000000
vt 0.272727 0.090909
vt 0.272727 0.181818
vt 0.272727 0.272727
vt 0.272727 0.363636
vt 0.272727 0.454545
vt 0.272727 0.545455
vt 0.272727 0.636364
vt 0.272727 0.727273
vt 0.272727 0.818182
vt 0.272727 0.909091
vt 0.272727 1.000000
vt 0.290909 0.090909
vt 0.290909 0.000000
vt 0.290909 0.181818
vt 0.290909 0.272727
vt 0.290909 0.363636
vt 0.290909 0.454545
vt 0.290909 0.545455
vt 0.290909 0.636364
vt 0.290909 0.727273
vt 0.290909 0.818182
vt 0.290909 0.909091
vt 0.290909 1.000000
vt 0.309091 0.090909
vt 0.309091 0.000000
vt 0.309091 0.181818
vt 0.309091 0.272727
vt 0.309091 0.363636
vt 0.309091 0.454545
vt 0.309091 0.545455
vt 0.309091 0.636364
vt 0.309091 0.727273
vt 0.309091 0.818182
vt 0.309091 0.909091
vt 0.309091 1.000000
vt 0.327273 0.090909
vt 0.327273 0.000000
vt 0.327273 0.181818
vt 0.327273 0.272727
vt 0.327273 0.363636
vt 0.327273 0.454545
vt 0.327273 0.545455
vt 0.327273 0.636364
vt 0.327273 0.727273
vt 0.327273 0.818182
vt 0.327273 0.909091
vt 0.327273 1.000000
vt 0.345455 0.090909
vt 0.345455 0.000000
vt 0.345455 0.181818
vt 0.345455 0.272727
vt 0.345455 0.363636
vt 0.345455 0.454545
vt 0.345455 0.545455
vt 0.345455 0.636364
vt 0.345455 0.727273
vt 0.345455 0.818182
vt 0.345455 0.909091
vt 0.345455 1.000000
vt 0.363636 0.090909
vt 0.363636 0.181818
vt 0.363636 0.272727
vt 0.363636 0.363636
vt 0.363636 0.454545
vt 0.363636 0.545455
vt 0.363636 0.636364
vt 0.363636 0.727273
vt 0.363636 0.818182
vt 0.363636 0.909091
vt 0.363636 1.000000
vt 0.381818 0.090909
vt 0.381818 0.000000
vt 0.381818 0.181818
vt 0.381818 0.272727
vt 0.381818 0.363636
vt 0.381818 0.454545
vt 0.381818 0.545455
vt 0.381818 0.636364
vt 0.381818 0.727273
vt 0.381818 0.818182
vt 0.381818 0.909091
vt 0.381818 1.000000
vt 0.400000 0.090909
vt 0.400000 0.000000
vt 0.400000 0.181818
vt 0.400000 0.272727
vt 0.400000 0.363636
vt 0.400000 0.454545
vt 0.400000 0.545455
vt 0.400000 0.636364
vt 0.400000 0.727273
vt 0.400000 0.818182
vt 0.400000 0.909091
vt 0.400000 1.000000
vt 0.418182 0.090909
vt 0.418182 0.000000
vt 0.418182 0.181818
vt 0.418182 0.272727
vt 0.418182 0.363636
vt 0.418182 0.454545
vt 0.418182 0.545455
vt 0.418182 0.636364
vt 0.418182 0.727273
vt 0.418182 0.818182
vt 0.418182 0.909091
vt 0.418182 1.000000
vt 0.436364 0.090909
vt 0.436364 0.000000
vt 0.436364 0.181818
vt 0.436364 0.272727
vt 0.436364 0.363636
vt 0.436364 0.454545
vt 0.436364 0.545455
vt 0.436364 0.636364
vt 0.436364 0.727273
vt 0.436364 0.818182
vt 0.436364 0.909091
vt 0.436364 1.000000
vt 0.454545 0.090909
vt 0.454545 0.181818
vt 0.454545 0.272727
vt 0.454545 0.363636
vt 0.454545 0.454545
vt 0.454545 0.545455
vt 0.454545 0.636364
vt 0.454545 0.727273
vt 0.454545 0.818182
vt 0.454545 0.909091
vt 0.454545 1.000000
vt 0.472727 0.090909
vt 0.472727 0.000000
vt 0.472727 0.181818
vt 0.472727 0.272727
vt 0.472727 0.363636
vt 0.472727 0.454545
vt 0.472727 0.545455
vt 0.472727 0.636364
vt 0.472727 0.727273
vt 0.472727 0.818182
vt 0.472727 0.909091
vt 0.472727 1.000000
vt 0.490909 0.090909
vt 0.490909 0.000000
vt 0.490909 0.181818
vt 0.490909 0.272727
vt 0.490909 0.363636
vt 0.490909 0.454545
vt 0.490909 0.545455
vt 0.490909 0.636364
vt 0.490909 0.727273
vt 0.490909 0.818182
vt 0.490909 0.909091
vt 0.490909 1.000000
vt 0.509091 0.090909
vt 0.509091 0.000000
vt 0.509091 0.181818
vt 0.509091 0.272727
vt 0.509091 0.363636
vt 0.509091 0.454545
vt 0.509091 0.545455
vt 0.509091 0.636364
vt 0.509091 0.727273
vt 0.509091 0.818182
vt 0.509091 0.909091
vt 0.509091 1.000000
vt 0.527273 0.090909
vt 0.527273 0.000000
vt 0.527273 0.181818
vt 0.527273 0.272727
vt 0.527273 0.363636
vt 0.527273 0.454545
vt 0.527273 0.545455
vt 0.527273 0.636364
vt 0.527273 0.727273
vt 0.527273 0.818182
vt 0.527273 0.909091
vt 0.527273 1.000000
vt 0.545455 0.090909
vt 0.545455 0.181818
vt 0.545455 0.272727
vt 0.545455 0.363636
vt 0.545455 0.454545
vt 0.545455 0.545455
vt 0.545455 0.636364
vt 0.545455 0.727273
vt 0.545455 0.818182
vt 0.545455 0.909091
vt 0.545455 1.000000
vt 0.563636 0.090909
vt 0.563636 0.000000
vt 0.563636 0.181818
vt 0.563636 0.272727
vt 0.563636 0.363636
vt 0.563636 0.454545
vt 0.563636 0.545455
vt 0.563636 0.636364
vt 0.563636 0.727273
vt 0.563636 0.818182
vt 0.563636 0.909091
vt 0.563636 1.000000
vt 0.581818 0.090909
vt 0.581818 0.000000
vt 0.581818 0.181818
vt 0.581818 0.272727
vt 0.581818 0.363636
vt 0.581818 0.454545
vt 0.581818 0.545455
vt 0.581818 0.636364
vt 0.581818 0.727273
vt 0.581818 0.818182
vt 0.581818 0.909091
vt 0.581818 1.000000
vt 0.600000 0.090909
vt 0.600000 0.000000
vt 0.600000 0.181818
vt 0.600000 0.272727
vt 0.600000 0.363636
vt 0.600000 0.454545
vt 0.600000 0.545455
vt 0.600000 0.636364
vt 0.600000 0.727273
vt 0.600000 0.818182
vt 0.600000 0.909091
vt 0.600000 1.000000
vt 0.618182 0.090909
vt 0.618182 0.000000
vt 0.618182 0.181818
vt 0.618182 0.272727
vt 0.618182 0.363636
vt 0.618182 0.454545
vt 0.618182 0.545455
vt 0.618182 0.636364
vt 0.618182 0.727273
vt 0.618182 0.818182
vt 0.618182 0.909091
vt 0.618182 1.000000
vt 0.636364 0.090909
vt 0.636364 0.181818
vt 0.636364 0.272727
vt 0.636364 0.363636
vt 0.636364 0.454545
vt 0.636364 0.545455
vt 0.636364 0.636364
vt 0.636364 0.727273
vt 0.636364 0.818182
vt 0.636364 0.909091
vt 0.636364 1.000000
vt 0.654545 0.090909
vt 0.654545 0.000000
vt 0.654545 0.181818
vt 0.654545 0.272727
vt 0.654545 0.363636
vt 0.654545 0.454545
vt 0.654545 0.545455
vt 0.654545 0.636364
vt 0.654545 0.727273
vt 0.654545 0.818182
vt 0.654545 0.909091
vt 0.654545 1.000000
vt 0.672727 0.090909
vt 0.672727 0.000000
vt 0.672727 0.181818
vt 0.672727 0.272727
vt 0.672727 0.363636
vt 0.672727 0.454545
vt 0.672727 0.545455
vt 0.672727 0.636364
vt 0.672727 0.727273
vt 0.672727 0.818182
vt 0.672727 0.909091
vt 0.672727 1.000000
vt 0.690909 0.090909
vt 0.690909 0.000000
vt 0.690909 0.181818
vt 0.690909 0.272727
vt 0.690909 0.363636
vt 0.690909 0.454545
vt 0.690909 0.545455
vt 0.690909 0.636364
vt 0.690909 0.727273
vt 0.690909 0.818182
vt 0.690909 0.909091
vt 0.690909 1.000000
vt 0.709091 0.090909
vt 0.709091 0.000000
vt 0.709091 0.181818
vt 0.709091 0.272727
vt 0.709091 0.363636
vt 0.709091 0.454545
vt 0.709091 0.545455
vt 0.709091 0.636364
vt 0.709091 0.727273
vt 0.709091 0.818182
vt 0.709091 0.909091
vt 0.709091 1.000000
vt 0.727273 0.090909
vt 0.727273 0.181818
vt 0.727273 0.272727
vt 0.727273 0.363636
vt 0.727273 0.454545
vt 0.727273 0.545455
vt 0.727273 0.636364
vt 0.727273 0.727273
vt 0.727273 0.818182
vt 0.727273 0.909091
vt 0.727273 1.000000
vt 0.745455 0.090909
vt 0.745455 0.000000
vt 0.745455 0.181818
vt 0.745455 0.272727
vt 0.745455 0.363636
vt 0.745455 0.454545
vt 0.745455 0.545455
vt 0.745455 0.636364
vt 0.745455 0.727273
vt 0.745455 0.818182
vt 0.745455 0.909091
vt 0.745455 1.000000
vt 0.763636 0.090909
vt 0.763636 0.000000
vt 0.763636 0.181818
vt 0.763636 0.272727
vt 0.763636 0.363636
vt 0.763636 0.454545
vt 0.763636 0.545455
vt 0.763636 0.636364
vt 0.763636 0.727273
vt 0.763636 0.818182
vt 0.763636 0.909091
vt 0.763636 1.000000
vt 0.781818 0.090909
vt 0.781818 0.000000
vt 0.781818 0.181818
vt 0.781818 0.272727
vt 0.781818 0.363636
vt 0.781818 0.454545
vt 0.781818 0.545455
vt 0.781818 0.636364
vt 0.781818 0.727273
vt 0.781818 0.818182
vt 0.781818 0.909091
vt 0.781818 1.000000
vt 0.800000 0.090909
vt 0.800000 0.000000
vt 0.800000 0.181818
vt 0.800000 0.272727
vt 0.800000 0.363636
vt 0.800000 0.454545
vt 0.800000 0.545455
vt 0.800000 0.636364
vt 0.800000 0.727273
vt 0.800000 0.818182
vt 0.800000 0.909091
vt 0.800000 1.000000
vt 0.818182 0.090909
vt 0.818182 0.181818
vt 0.818182 0.272727
vt 0.818182 0.363636
vt 0.818182 0.454545
vt 0.818182 0.545455
vt 0.818182 0.636364
vt 0.818182 0.727273
vt 0.818182 0.818182
vt 0.818182 0.909091
vt 0.818182 1.000000
vt 0.836364 0.090909
vt 0.836364 0.000000
vt 0.836364 0.181818
vt 0.836364 0.272727
vt 0.836364 0.363636
vt 0.836364 0.454545
vt 0.836364 0.545455
vt 0.836364 0.636364
vt 0.836364 0.727273
vt 0.836364 0.818182
vt 0.836364 0.909091
vt 0.836364 1.000000
vt 0.854545 0.090909
vt 0.854545 0.000000
vt 0.854545 0.181818
vt 0.854545 0.272727
vt 0.854545 0.363636
vt 0.854545 0.454545
vt 0.854545 0.545455
vt 0.854545 0.636364
vt 0.854545 0.727273
vt 0.854545 0.818182
vt 0.854545 0.909091
vt 0.854545 1.000000
vt 0.872727 0.090909
vt 0.872727 0.000000
vt 0.872727 0.181818
vt 0.872727 0.272727
vt 0.872727 0.363636
vt 0.872727 0.454545
vt 0.872727 0.545455
vt 0.872727 0.636364
vt 0.872727 0.727273
vt 0.872727 0.818182
vt 0.872727 0.909091
vt 0.872727 1.000000
vt 0.890909 0.090909
vt 0.890909 0.000000
vt 0.890909 0.181818
vt 0.890909 0.272727
vt 0.890909 0.363636
vt 0.890909 0.454545
vt 0.890909 0.545455
vt 0.890909 0.636364
vt 0.890909 0.727273
vt 0.890909 0.818182
vt 0.890909 0.909091
vt 0.890909 1.000000
vt 0.909091 0.090909
vt 0.909091 0.181818
vt 0.909091 0.272727
vt 0.909091 0.363636
vt 0.909091 0.454545
vt 0.909091 0.545455
vt 0.909091 0.636364
vt 0.909091 0.727273
vt 0.909091 0.818182
vt 0.909091 0.909091
vt 0.909091 1.000000
vt 0.927273 0.090909
vt 0.927273 0.000000
vt 0.927273 0.181818
vt 0.927273 0.272727
vt 0.927273 0.363636
vt 0.927273 0.454545
vt 0.927273 0.545455
vt 0.927273 0.636364
vt 0.927273 0.727273
vt 0.927273 0.818182
vt 0.927273 0.909091
vt 0.927273 1.000000
vt 0.945455 0.090909
vt 0.945455 0.000000
vt 0.945455 0.181818
vt 0.945455 0.272727
vt 0.945455 0.363636
vt 0.945455 0.454545
vt 0.945455 0.545455
vt 0.945455 0.636364
vt 0.945455 0.727273
vt 0.945455 0.818182
vt 0.945455 0.909091
vt 0.945455 1.000000
vt 0.963636 0.090909
vt 0.963636 0.000000
vt 0.963636 0.181818
vt 0.963636 0.272727
vt 0.963636 0.363636
vt 0.963636 0.454545
vt 0.963636 0.545455
vt 0.963636 0.636364
vt 0.963636 0.727273
vt 0.963636 0.818182
vt 0.963636 0.909091
vt 0.963636 1.000000
vt 0.981818 0.090909
vt 0.981818 0.000000
vt 0.981818 0.181818
vt 0.981818 0.272727
vt 0.981818 0.363636
vt 0.981818 0.454545
vt 0.981818 0.545455
vt 0.981818 0.636364
vt 0.981818 0.727273
vt 0.981818 0.818182
vt 0.981818 0.909091
vt 0.981818 1.000000
vt 0.025000 0.090909
vt 0.025000 0.000000
vt 0.025000 0.181818
vt 0.025000 0.272727
vt 0.025000 0.363636
vt 0.025000 0.454545
vt 0.025000 0.545455
vt 0.025000 0.636364
vt 0.025000 0.727273
vt 0.025000 0.818182
vt 0.025000 0.909091
vt 0.025000 1.000000
vt 0.050000 0.090909
vt 0.050000 0.000000
vt 0.050000 0.181818
vt 0.050000 0.272727
vt 0.050000 0.363636
vt 0.050000 0.454545
vt 0.050000 0.545455
vt 0.050000 0.636364
vt 0.050000 0.727273
vt 0.050000 0.818182
vt 0.050000 0.909091
vt 0.050000 1.000000
vt 0.075000 0.090909
vt 0.075000 0.000000
vt 0.075000 0.181818
vt 0.075000 0.272727
vt 0.075000 0.363636
vt 0.075000 0.454545
vt 0.075000 0.545455
vt 0.075000 0.636364
vt 0.075000 0.727273
vt 0.075000 0.818182
vt 0.075000 0.909091
vt 0.075000 1.000000
vt 0.100000 0.090909
vt 0.100000 0.000000
vt 0.100000 0.181818
vt 0.100000 0.272727
vt 0.100000 0.363636
vt 0.100000 0.454545
vt 0.100000 0.545455
vt 0.100000 0.636364
vt 0.100000 0.727273
vt 0.100000 0.818182
vt 0.100000 0.909091
vt 0.100000 1.000000
vt 0.125000 0.090909
vt 0.125000 0.000000
vt 0.125000 0.181818
vt 0.125000 0.272727
vt 0.125000 0.363636
vt 0.125000 0.454545
vt 0.125000 0.545455
vt 0.125000 0.636364
vt 0.125000 0.727273
vt 0.125000 0.818182
vt 0.125000 0.909091
vt 0.125000 1.000000
vt 0.150000 0.090909
vt 0.150000 0.000000
vt 0.150000 0.181818
vt 0.150000 0.272727
vt 0.150000 0.363636
vt 0.150000 0.454545
vt 0.150000 0.545455
vt 0.150000 0.636364
vt 0.150000 0.727273
vt 0.150000 0.818182
vt 0.150000 0.909091
vt 0.150000 1.000000
vt 0.175000 0.090909
vt 0.175000 0.000000
vt 0.175000 0.181818
vt 0.175000 0.272727
vt 0.175000 0.363636
vt 0.175000 0.454545
vt 0.175000 0.545455
vt 0.175000 0.636364
vt 0.175000 0.727273
vt 0.175000 0.818182
vt 0.175000 0.909091
vt 0.175000 1.000000
vt 0.225000 0.090909
vt 0.225000 0.000000
vt 0.225000 0.181818
vt 0.225000 0.272727
vt 0.225000 0.363636
vt 0.225000 0.454545
vt 0.225000 0.545455
vt 0.225000 0.636364
vt 0.225000 0.727273
vt 0.225000 0.818182
vt 0.225000 0.909091
vt 0.225000 1.000000
vt 0.250000 0.090909
vt 0.250000 0.000000
vt 0.250000 0.181818
vt 0.250000 0.272727
vt 0.250000 0.363636
vt 0.250000 0.454545
vt 0.250000 0.545455
vt 0.250000 0.636364
vt 0.250000 0.727273
vt 0.250000 0.818182
vt 0.250000 0.909091
vt 0.250000 1.000000
vt 0.275000 0.090909
vt 0.275000 0.000000
vt 0.275000 0.181818
vt 0.275000 0.272727
vt 0.275000 0.363636
vt 0.275000 0.454545
vt 0.275000 0.545455
vt 0.275000 0.636364
vt 0.275000 0.727273
vt 0.275000 0.818182
vt 0.275000 0.909091
vt 0.275000 1.000000
vt 0.300000 0.090909
vt 0.300000 0.000000
vt 0.300000 0.181818
vt 0.300000 0.272727
vt 0.300000 0.363636
vt 0.300000 0.454545
vt 0.300000 0.545455
vt 0.300000 0.636364
vt 0.300000 0.727273
vt 0.300000 0.818182
vt 0.300000 0.909091
vt 0.300000 1.000000
vt 0.325000 0.090909
vt 0.325000 0.000000
vt 0.325000 0.181818
vt 0.325000 0.272727
vt 0.325000 0.363636
vt 0.325000 0.454545
vt 0.325000 0.545455
vt 0.325000 0.636364
vt 0.325000 0.727273
vt 0.325000 0.818182
vt 0.325000 0.909091
vt 0.325000 1.000000
vt 0.350000 0.090909
vt 0.350000 0.000000
vt 0.350000 0.181818
vt 0.350000 0.272727
vt 0.350000 0.363636
vt 0.350000 0.454545
vt 0.350000 0.545455
vt 0.350000 0.636364
vt 0.350000 0.727273
vt 0.350000 0.818182
vt 0.350000 0.909091
vt 0.350000 1.000000
vt 0.375000 0.090909
vt 0.375000 0.000000
vt 0.375000 0.181818
vt 0.375000 0.272727
vt 0.375000 0.363636
vt 0.375000 0.454545
vt 0.375000 0.545455
vt 0.375000 0.636364
vt 0.375000 0.727273
vt 0.375000 0.818182
vt 0.375000 0.909091
vt 0.375000 1.000000
vt 0.425000 0.090909
vt 0.425000 0.000000
vt 0.425000 0.181818
vt 0.425000 0.272727
vt 0.425000 0.363636
vt 0.425000 0.454545
vt 0.425000 0.545455
vt 0.425000 0.636364
vt 0.425000 0.727273
vt 0.425000 0.818182
vt 0.425000 0.909091
vt 0.425000 1.000000
vt 0.450000 0.090909
vt 0.450000 0.000000
vt 0.450000 0.181818
vt 0.450000 0.272727
vt 0.450000 0.363636
vt 0.450000 0.454545
vt 0.450000 0.545455
vt 0.450000 0.636364
vt 0.450000 0.727273
vt 0.450000 0.818182
vt 0.450000 0.909091
vt 0.450000 1.000000
vt 0.475000 0.090909
vt 0.475000 0.000000
vt 0.475000 0.181818
vt 0.475000 0.272727
vt 0.475000 0.363636
vt 0.475000 0.454545
vt 0.475000 0.545455
vt 0.475000 0.636364
vt 0.475000 0.727273
vt 0.475000 0.818182
vt 0.475000 0.909091
vt 0.475000 1.000000
vt 0.500000 0.090909
vt 0.500000 0.181818
vt 0.500000 0.272727
vt 0.500000 0.363636
vt 0.500000 0.454545
vt 0.500000 0.545455
vt 0.500000 0.636364
vt 0.500000 0.727273
vt 0.500000 0.818182
vt 0.500000 0.909091
vt 0.500000 1.000000
vt 0.525000 0.090909
vt 0.525000 0.000000
vt 0.525000 0.181818
vt 0.525000 0.272727
vt 0.525000 0.363636
vt 0.525000 0.454545
vt 0.525000 0.545455
vt 0.525000 0.636364
vt 0.525000 0.727273
vt 0.525000 0.818182
vt 0.525000 0.909091
vt 0.525000 1.000000
vt 0.550000 0.090909
vt 0.550000 0.000000
vt 0.550000 0.181818
vt 0.550000 0.272727
vt 0.550000 0.363636
vt 0.550000 0.454545
vt 0.550000 0.545455
vt 0.550000 0.636364
vt 0.550000 0.727273
vt 0.550000 0.818182
vt 0.550000 0.909091
vt 0.550000 1.000000
vt 0.575000 0.090909
vt 0.575000 0.000000
vt 0.575000 0.181818
vt 0.575000 0.272727
vt 0.575000 0.363636
vt 0.575000 0.454545
vt 0.575000 0.545455
vt 0.575000 0.636364
vt 0.575000 0.727273
vt 0.575000 0.818182
vt 0.575000 0.909091
vt 0.575000 1.000000
vt 0.625000 0.090909
vt 0.625000 0.000000
vt 0.625000 0.181818
vt 0.625000 0.272727
vt 0.625000 0.363636
vt 0.625000 0.454545
vt 0.625000 0.545455
vt 0.625000 0.636364
vt 0.625000 0.727273
vt 0.625000 0.818182
vt 0.625000 0.909091
vt 0.625000 1.000000
vt 0.650000 0.090909
vt 0.650000 0.000000
vt 0.650000 0.181818
vt 0.650000 0.272727
vt 0.650000 0.363636
vt 0.650000 0.454545
vt 0.650000 0.545455
vt 0.650000 0.636364
vt 0.650000 0.727273
vt 0.650000 0.818182
vt 0.650000 0.909091
vt 0.650000 1.000000
vt 0.675000 0.090909
vt 0.675000 0.000000
vt 0.675000 0.181818
vt 0.675000 0.272727
vt 0.675000 0.363636
vt 0.675000 0.454545
vt 0.675000 0.545455
vt 0.675000 0.636364
vt 0.675000 0.727273
vt 0.675000 0.818182
vt 0.675000 0.909091
vt 0.675000 1.000000
vt 0.700000 0.090909
vt 0.700000 0.000000
vt 0.700000 0.181818
vt 0.700000 0.272727
vt 0.700000 0.363636
vt 0.700000 0.454545
vt 0.700000 0.545455
vt 0.700000 0.636364
vt 0.700000 0.727273
vt 0.700000 0.818182
vt 0.700000 0.909091
vt 0.700000 1.000000
vt 0.725000 0.090909
vt 0.725000 0.000000
vt 0.725000 0.181818
vt 0.725000 0.272727
vt 0.725000 0.363636
vt 0.725000 0.454545
vt 0.725000 0.545455
vt 0.725000 0.636364
vt 0.725000 0.727273
vt 0.725000 0.818182
vt 0.725000 0.909091
vt 0.725000 1.000000
vt 0.750000 0.090909
vt 0.750000 0.000000
vt 0.750000 0.181818
vt 0.750000 0.272727
vt 0.750000 0.363636
vt 0.750000 0.454545
vt 0.750000 0.545455
vt 0.750000 0.636364
vt 0.750000 0.727273
vt 0.750000 0.818182
vt 0.750000 0.909091
vt 0.750000 1.000000
vt 0.775000 0.090909
vt 0.775000 0.000000
vt 0.775000 0.181818
vt 0.775000 0.272727
vt 0.775000 0.363636
vt 0.775000 0.454545
vt 0.775000 0.545455
vt 0.775000 0.636364
vt 0.775000 0.727273
vt 0.775000 0.818182
vt 0.775000 0.909091
vt 0.775000 1.000000
vt 0.825000 0.090909
vt 0.825000 0.000000
vt 0.825000 0.181818
vt 0.825000 0.272727
vt 0.825000 0.363636
vt 0.825000 0.454545
vt 0.825000 0.545455
vt 0.825000 0.636364
vt 0.825000 0.727273
vt 0.825000 0.818182
vt 0.825000 0.909091
vt 0.825000 1.000000
vt 0.850000 0.090909
vt 0.850000 0.000000
vt 0.850000 0.181818
vt 0.850000 0.272727
vt 0.850000 0.363636
vt 0.850000 0.454545
vt 0.850000 0.545455
vt 0.850000 0.636364
vt 0.850000 0.727273
vt 0.850000 0.818182
vt 0.850000 0.909091
vt 0.850000 1.000000
vt 0.875000 0.090909
vt 0.875000 0.000000
vt 0.875000 0.181818
vt 0.875000 0.272727
vt 0.875000 0.363636
vt 0.875000 0.454545
vt 0.875000 0.545455
vt 0.875000 0.636364
vt 0.875000 0.727273
vt 0.875000 0.818182
vt 0.875000 0.909091
vt 0.875000 1.000000
vt 0.900000 0.090909
vt 0.900000 0.000000
vt 0.900000 0.181818
vt 0.900000 0.272727
vt 0.900000 0.363636
vt 0.900000 0.454545
vt 0.900000 0.545455
vt 0.900000 0.636364
vt 0.900000 0.727273
vt 0.900000 0.818182
vt 0.900000 0.909091
vt 0.900000 1.000000
vt 0.925000 0.090909
vt 0.925000 0.000000
vt 0.925000 0.181818
vt 0.925000 0.272727
vt 0.925000 0.363636
vt 0.925000 0.454545
vt 0.925000 0.545455
vt 0.925000 0.636364
vt 0.925000 0.727273
vt 0.925000 0.818182
vt 0.925000 0.909091
vt 0.925000 1.000000
vt 0.950000 0.090909
vt 0.950000 0.000000
vt 0.950000 0.181818
vt 0.950000 0.272727
vt 0.950000 0.363636
vt 0.950000 0.454545
vt 0.950000 0.545455
vt 0.950000 0.636364
vt 0.950000 0.727273
vt 0.950000 0.818182
vt 0.950000 0.909091
vt 0.950000 1.000000
vt 0.975000 0.090909
vt 0.975000 0.000000
vt 0.975000 0.181818
vt 0.975000 0.272727
vt 0.975000 0.363636
vt 0.975000 0.454545
vt 0.975000 0.545455
vt 0.975000 0.636364
vt 0.975000 0.727273
vt 0.975000 0.818182
vt 0.975000 0.909091
vt 0.975000 1.000000
vt 0.026316 0.090909
vt 0.026316 0.000000
vt 0.026316 0.181818
vt 0.026316 0.272727
vt 0.026316 0.363636
vt 0.026316 0.454545
vt 0.026316 0.545455
vt 0.026316 0.636364
vt 0.026316 0.727273
vt 0.026316 0.818182
vt 0.026316 0.909091
vt 0.026316 1.000000
vt 0.052632 0.090909
vt 0.052632 0.000000
vt 0.052632 0.181818
vt 0.052632 0.272727
vt 0.052632 0.363636
vt 0.052632 0.454545
vt 0.052632 0.545455
vt 0.052632 0.636364
vt 0.052632 0.727273
vt 0.052632 0.818182
vt 0.052632 0.909091
vt 0.052632 1.000000
vt 0.078947 0.090909
vt 0.078947 0.000000
vt 0.078947 0.181818
vt 0.078947 0.272727
vt 0.078947 0.363636
vt 0.078947 0.454545
vt 0.078947 0.545455
vt 0.078947 0.636364
vt 0.078947 0.727273
vt 0.078947 0.818182
vt 0.078947 0.909091
vt 0.078947 1.000000
vt 0.105263 0.090909
vt 0.105263 0.000000
vt 0.105263 0.181818
vt 0.105263 0.272727
vt 0.105263 0.363636
vt 0.105263 0.454545
vt 0.105263 0.545455
vt 0.105263 0.636364
vt 0.105263 0.727273
vt 0.105263 0.818182
vt 0.105263 0.909091
vt 0.105263 1.000000
vt 0.131579 0.090909
vt 0.131579 0.000000
vt 0.131579 0.181818
vt 0.131579 0.272727
vt 0.131579 0.363636
vt 0.131579 0.454545
vt 0.131579 0.545455
vt 0.131579 0.636364
vt 0.131579 0.727273
vt 0.131579 0.818182
vt 0.131579 0.909091
vt 0.131579 1.000000
vt 0.157895 0.090909
vt 0.157895 0.000000
vt 0.157895 0.181818
vt 0.157895 0.272727
vt 0.157895 0.363636
vt 0.157895 0.454545
vt 0.157895 0.545455
vt 0.157895 0.636364
vt 0.157895 0.727273
vt 0.157895 0.818182
vt 0.157895 0.909091
vt 0.157895 1.000000
vt 0.184211 0.090909
vt 0.184211 0.000000
vt 0.184211 0.181818
vt 0.184211 0.272727
vt 0.184211 0.363636
vt 0.184211 0.454545
vt 0.184211 0.545455
vt 0.184211 0.636364
vt 0.184211 0.727273
vt 0.184211 0.818182
vt 0.184211 0.909091
vt 0.184211 1.000000
vt 0.210526 0.090909
vt 0.210526 0.000000
vt 0.210526 0.181818
vt 0.210526 0.272727
vt 0.210526 0.363636
vt 0.210526 0.454545
vt 0.210526 0.545455
vt 0.210526 0.636364
vt 0.210526 0.727273
vt 0.210526 0.818182
vt 0.210526 0.909091
vt 0.210526 1.000000
vt 0.236842 0.090909
vt 0.236842 0.000000
vt 0.236842 0.181818
vt 0.236842 0.272727
vt 0.236842 0.363636
vt 0.236842 0.454545
vt 0.236842 0.545455
vt 0.236842 0.636364
vt 0.236842 0.727273
vt 0.236842 0.818182
vt 0.236842 0.909091
vt 0.236842 1.000000
vt 0.263158 0.090909
vt 0.263158 0.000000
vt 0.263158 0.181818
vt 0.263158 0.272727
vt 0.263158 0.363636
vt 0.263158 0.454545
vt 0.263158 0.545455
vt 0.263158 0.636364
vt 0.263158 0.727273
vt 0.263158 0.818182
vt 0.263158 0.909091
vt 0.263158 1.000000
vt 0.289474 0.090909
vt 0.289474 0.000000
vt 0.289474 0.181818
vt 0.289474 0.272727
vt 0.289474 0.363636
vt 0.289474 0.454545
vt 0.289474 0.545455
vt 0.289474 0.636364
vt 0.289474 0.727273
vt 0.289474 0.818182
vt 0.289474 0.909091
vt 0.289474 1.000000
vt 0.315789 0.090909
vt 0.315789 0.000000
vt 0.315789 0.181818
vt 0.315789 0.272727
vt 0.315789 0.363636
vt 0.315789 0.454545
vt 0.315789 0.545455
vt 0.315789 0.636364
vt 0.315789 0.727273
vt 0.315789 0.818182
vt 0.315789 0.909091
vt 0.315789 1.000000
vt 0.342105 0.090909
vt 0.342105 0.000000
vt 0.342105 0.181818
vt 0.342105 0.272727
vt 0.342105 0.363636
vt 0.342105 0.454545
vt 0.342105 0.545455
vt 0.342105 0.636364
vt 0.342105 0.727273
vt 0.342105 0.818182
vt 0.342105 0.909091
vt 0.342105 1.000000
vt 0.368421 0.090909
vt 0.368421 0.000000
vt 0.368421 0.181818
vt 0.368421 0.272727
vt 0.368421 0.363636
vt 0.368421 0.454545
vt 0.368421 0.545455
vt 0.368421 0.636364
vt 0.368421 0.727273
vt 0.368421 0.818182
vt 0.368421 0.909091
vt 0.368421 1.000000
vt 0.394737 0.090909
vt 0.394737 0.000000
vt 0.394737 0.181818
vt 0.394737 0.272727
vt 0.394737 0.363636
vt 0.394737 0.454545
vt 0.394737 0.545455
vt 0.394737 0.636364
vt 0.394737 0.727273
vt 0.394737 0.818182
vt 0.394737 0.909091
vt 0.394737 1.000000
vt 0.421053 0.090909
vt 0.421053 0.000000
vt 0.421053 0.181818
vt 0.421053 0.272727
vt 0.421053 0.363636
vt 0.421053 0.454545
vt 0.421053 0.545455
vt 0.421053 0.636364
vt 0.421053 0.727273
vt 0.421053 0.818182
vt 0.421053 0.909091
vt 0.421053 1.000000
vt 0.447368 0.090909
vt 0.447368 0.000000
vt 0.447368 0.181818
vt 0.447368 0.272727
vt 0.447368 0.363636
vt 0.447368 0.454545
vt 0.447368 0.545455
vt 0.447368 0.636364
vt 0.447368 0.727273
vt 0.447368 0.818182
vt 0.447368 0.909091
vt 0.447368 1.000000
vt 0.473684 0.090909
vt 0.473684 0.000000
vt 0.473684 0.181818
vt 0.473684 0.272727
vt 0.473684 0.363636
vt 0.473684 0.454545
vt 0.473684 0.545455
vt 0.473684 0.636364
vt 0.473684 0.727273
vt 0.473684 0.818182
vt 0.473684 0.909091
vt 0.473684 1.000000
vt 0.526316 0.090909
vt 0.526316 0.000000
vt 0.526316 0.181818
vt 0.526316 0.272727
vt 0.526316 0.363636
vt 0.526316 0.454545
vt 0.526316 0.545455
vt 0.526316 0.636364
vt 0.526316 0.727273
vt 0.526316 0.818182
vt 0.526316 0.909091
vt 0.526316 1.000000
vt 0.552632 0.090909
vt 0.552632 0.000000
vt 0.552632 0.181818
vt 0.552632 0.272727
vt 0.552632 0.363636
vt 0.552632 0.454545
vt 0.552632 0.545455
vt 0.552632 0.636364
vt 0.552632 0.727273
vt 0.552632 0.818182
vt 0.552632 0.909091
vt 0.552632 1.000000
vt 0.578947 0.090909
vt 0.578947 0.000000
vt 0.578947 0.181818
vt 0.578947 0.272727
vt 0.578947 0.363636
vt 0.578947 0.454545
vt 0.578947 0.545455
vt 0.578947 0.636364
vt 0.578947 0.727273
vt 0.578947 0.818182
vt 0.578947 0.909091
vt 0.578947 1.000000
vt 0.605263 0.090909
vt 0.605263 0.000000
vt 0.605263 0.181818
vt 0.605263 0.272727
vt 0.605263 0.363636
vt 0.605263 0.454545
vt 0.605263 0.545455
vt 0.605263 0.636364
vt 0.605263 0.727273
vt 0.605263 0.818182
vt 0.605263 0.909091
vt 0.605263 1.000000
vt 0.631579 0.090909
vt 0.631579 0.000000
vt 0.631579 0.181818
vt 0.631579 0.272727
vt 0.631579 0.363636
vt 0.631579 0.454545
vt 0.631579 0.545455
vt 0.631579 0.636364
vt 0.631579 0.727273
vt 0.631579 0.818182
vt 0.631579 0.909091
vt 0.631579 1.000000
vt 0.657895 0.090909
vt 0.657895 0.000000
vt 0.657895 0.181818
vt 0.657895 0.272727
vt 0.657895 0.363636
vt 0.657895 0.454545
vt 0.657895 0.545455
vt 0.657895 0.636364
vt 0.657895 0.727273
vt 0.657895 0.818182
vt 0.657895 0.909091
vt 0.657895 1.000000
vt 0.684211 0.090909
vt 0.684211 0.000000
vt 0.684211 0.181818
vt 0.684211 0.272727
vt 0.684211 0.363636
vt 0.684211 0.454545
vt 0.684211 0.545455
vt 0.684211 0.636364
vt 0.684211 0.727273
vt 0.684211 0.818182
vt 0.684211 0.909091
vt 0.684211 1.000000
vt 0.710526 0.090909
vt 0.710526 0.000000
vt 0.710526 0.181818
vt 0.710526 0.272727
vt 0.710526 0.363636
vt 0.710526 0.454545
vt 0.710526 0.545455
vt 0.710526 0.636364
vt 0.710526 0.727273
vt 0.710526 0.818182
vt 0.710526 0.909091
vt 0.710526 1.000000
vt 0.736842 0.090909
vt 0.736842 0.000000
vt 0.736842 0.181818
vt 0.736842 0.272727
vt 0.736842 0.363636
vt 0.736842 0.454545
vt 0.736842 0.545455
vt 0.736842 0.636364
vt 0.736842 0.727273
vt 0.736842 0.818182
vt 0.736842 0.909091
vt 0.736842 1.000000
vt 0.763158 0.090909
vt 0.763158 0.000000
vt 0.763158 0.181818
vt 0.763158 0.272727
vt 0.763158 0.363636
vt 0.763158 0.454545
vt 0.763158 0.545455
vt 0.763158 0.636364
vt 0.763158 0.727273
vt 0.763158 0.818182
vt 0.763158 0.909091
vt 0.763158 1.000000
vt 0.789474 0.090909
vt 0.789474 0.000000
vt 0.789474 0.181818
vt 0.789474 0.272727
vt 0.789474 0.363636
vt 0.789474 0.454545
vt 0.789474 0.545455
vt 0.789474 0.636364
vt 0.789474 0.727273
vt 0.789474 0.818182
vt 0.789474 0.909091
vt 0.789474 1.000000
vt 0.815789 0.090909
vt 0.815789 0.000000
vt 0.815789 0.181818
vt 0.815789 0.272727
vt 0.815789 0.363636
vt 0.815789 0.454545
vt 0.815789 0.545455
vt 0.815789 0.636364
vt 0.815789 0.727273
vt 0.815789 0.818182
vt 0.815789 0.909091
vt 0.815789 1.000000
vt 0.842105 0.090909
vt 0.842105 0.000000
vt 0.842105 0.181818
vt 0.842105 0.272727
vt 0.842105 0.363636
vt 0.842105 0.454545
vt 0.842105 0.545455
vt 0.842105 0.636364
vt 0.842105 0.727273
vt 0.842105 0.818182
vt 0.842105 0.909091
vt 0.842105 1.000000
vt 0.868421 0.090909
vt 0.868421 0.000000
vt 0.868421 0.181818
vt 0.868421 0.272727
vt 0.868421 0.363636
vt 0.868421 0.454545
vt 0.868421 0.545455
vt 0.868421 0.636364
vt 0.868421 0.727273
vt 0.868421 0.818182
vt 0.868421 0.909091
vt 0.868421 1.000000
vt 0.894737 0.090909
vt 0.894737 0.000000
vt 0.894737 0.181818
vt 0.894737 0.272727
vt 0.894737 0.363636
vt 0.894737 0.454545
vt 0.894737 0.545455
vt 0.894737 0.636364
vt 0.894737 0.727273
vt 0.894737 0.818182
vt 0.894737 0.909091
vt 0.894737 1.000000
vt 0.921053 0.090909
vt 0.921053 0.000000
vt 0.921053 0.181818
vt 0.921053 0.272727
vt 0.921053 0.363636
vt 0.921053 0.454545
vt 0.921053 0.545455
vt 0.921053 0.636364
vt 0.921053 0.727273
vt 0.921053 0.818182
vt 0.921053 0.909091
vt 0.921053 1.000000
vt 0.947368 0.090909
vt 0.947368 0.000000
vt 0.947368 0.181818
vt 0.947368 0.272727
vt 0.947368 0.363636
vt 0.947368 0.454545
vt 0.947368 0.545455
vt 0.947368 0.636364
vt 0.947368 0.727273
vt 0.947368 0.818182
vt 0.947368 0.909091
vt 0.947368 1.000000
vt 0.973684 0.090909
vt 0.973684 0.000000
vt 0.973684 0.181818
vt 0.973684 0.272727
vt 0.973684 0.363636
vt 0.973684 0.454545
vt 0.973684 0.545455
vt 0.973684 0.636364
vt 0.973684 0.727273
vt 0.973684 0.818182
vt 0.973684 0.909091
vt 0.973684 1.000000
s 0
usemtl マテリアル
f 45/15/7 47/16/7 46/17/7
f 45/15/7 48/18/7 47/16/7
f 32/19/7 34/20/7 33/21/7
f 32/19/7 35/22/7 34/20/7
f 32/19/7 36/23/7 35/22/7
f 32/19/7 37/24/7 36/23/7
f 32/19/7 38/25/7 37/24/7
f 31/26/7 38/25/7 32/19/7
f 31/26/7 39/27/7 38/25/7
f 31/26/7 40/28/7 39/27/7
f 31/26/7 41/29/7 40/28/7
f 30/30/7 41/29/7 31/26/7
f 30/30/7 42/31/7 41/29/7
f 30/30/7 43/32/7 42/31/7
f 30/30/7 44/33/7 43/32/7
f 30/30/7 45/15/7 44/33/7
f 29/34/7 45/15/7 30/30/7
f 29/34/7 51/35/7 45/15/7
f 51/35/7 50/36/7 45/15/7
f 50/36/7 49/37/7 45/15/7
f 49/37/7 86/38/7 45/15/7
f 86/38/7 48/18/7 45/15/7
f 28/39/7 54/40/7 29/34/7
f 54/40/7 53/41/7 29/34/7
f 53/41/7 52/42/7 29/34/7
f 52/42/7 51/35/7 29/34/7
f 27/43/7 57/44/7 28/39/7
f 57/44/7 56/45/7 28/39/7
f 56/45/7 55/46/7 28/39/7
f 55/46/7 54/40/7 28/39/7
f 26/47/7 60/48/7 27/43/7
f 60/48/7 59/49/7 27/43/7
f 59/49/7 58/50/7 27/43/7
f 58/50/7 57/44/7 27/43/7
f 26/47/7 61/51/7 60/48/7
f 26/47/7 62/52/7 61/51/7
f 25/53/7 62/52/7 26/47/7
f 25/53/7 63/54/7 62/52/7
f 25/53/7 64/55/7 63/54/7
f 85/56/7 48/18/7 86/38/7
f 25/53/7 65/57/7 64/55/7
f 24/58/7 65/57/7 25/53/7
f 24/58/7 66/59/7 65/57/7
f 24/58/7 67/60/7 66/59/7
f 23/61/7 67/60/7 24/58/7
f 23/61/7 68/62/7 67/60/7
f 23/61/7 69/63/7 68/62/7
f 22/64/7 69/63/7 23/61/7
f 22/64/7 70/65/7 69/63/7
f 21/66/7 70/65/7 22/64/7
f 21/66/7 71/67/7 70/65/7
f 21/66/7 72/68/7 71/67/7
f 20/69/7 72/68/7 21/66/7
f 20/69/7 73/70/7 72/68/7
f 20/69/7 74/71/7 73/70/7
f 19/72/7 74/71/7 20/69/7
f 19/72/7 75/73/7 74/71/7
f 18/74/7 75/73/7 19/72/7
f 18/74/7 76/75/7 75/73/7
f 18/74/7 77/76/7 76/75/7
f 17/77/7 77/76/7 18/74/7
f 17/77/7 78/78/7 77/76/7
f 17/77/7 79/79/7 78/78/7
f 16/80/7 79/79/7 17/77/7
f 16/80/7 80/81/7 79/79/7
f 16/80/7 81/82/7 80/81/7
f 16/80/7 82/83/7 81/82/7
f 15/84/7 82/83/7 16/80/7
f 15/84/7 83/85/7 82/83/7
f 15/84/7 84/86/7 83/85/7
f 15/84/7 85/56/7 84/86/7
f 15/84/7 48/18/7 85/56/7
f 14/87/7 48/18/7 15/84/7
f 13/88/7 48/18/7 14/87/7
f 12/89/7 48/18/7 13/88/7
f 11/90/7 48/18/7 12/89/7
f 10/91/7 48/18/7 11/90/7
f 9/92/7 48/18/7 10/91/7
f 99/93/7 101/94/7 100/95/7
f 99/93/7 102/96/7 101/94/7
f 98/97/7 102/96/7 99/93/7
f 98/97/7 103/98/7 102/96/7
f 97/99/7 103/98/7 98/97/7
f 97/99/7 104/100/7 103/98/7
f 97/99/7 105/101/7 104/100/7
f 96/102/7 105/101/7 97/99/7
f 96/102/7 106/103/7 105/101/7
f 139/104/7 141/38/7 140/105/7
f 139/104/7 87/92/7 141/38/7
f 95/106/7 106/103/7 96/102/7
f 95/106/7 107/107/7 106/103/7
f 95/106/7 108/108/7 107/107/7
f 94/109/7 108/108/7 95/106/7
f 94/109/7 109/110/7 108/108/7
f 93/111/7 109/110/7 94/109/7
f 93/111/7 110/112/7 109/110/7
f 93/111/7 111/113/7 110/112/7
f 92/114/7 111/113/7 93/111/7
f 92/114/7 112/115/7 111/113/7
f 91/116/7 112/115/7 92/114/7
f 91/116/7 122/117/7 112/115/7
f 122/117/7 121/118/7 112/115/7
f 121/118/7 120/119/7 112/115/7
f 120/119/7 119/120/7 112/115/7
f 119/120/7 118/121/7 112/115/7
f 118/121/7 117/122/7 112/115/7
f 117/122/7 116/123/7 112/115/7
f 116/123/7 115/124/7 112/115/7
f 115/124/7 114/125/7 112/115/7
f 114/125/7 113/126/7 112/115/7
f 90/127/7 124/128/7 91/116/7
f 124/128/7 123/129/7 91/116/7
f 123/129/7 122/117/7 91/116/7
f 89/130/7 126/131/7 90/127/7
f 126/131/7 125/132/7 90/127/7
f 125/132/7 124/128/7 90/127/7
f 89/130/7 127/133/7 126/131/7
f 89/130/7 128/134/7 127/133/7
f 88/135/7 128/134/7 89/130/7
f 88/135/7 129/136/7 128/134/7
f 88/135/7 130/137/7 129/136/7
f 139/104/7 88/135/7 87/92/7
f 139/104/7 134/138/7 88/135/7
f 134/138/7 133/139/7 88/135/7
f 133/139/7 132/140/7 88/135/7
f 132/140/7 131/141/7 88/135/7
f 131/141/7 130/137/7 88/135/7
f 139/104/7 135/142/7 134/138/7
f 139/104/7 136/143/7 135/142/7
f 139/104/7 137/144/7 136/143/7
f 139/104/7 138/145/7 137/144/7
f 152/146/7 154/147/7 153/148/7
f 151/149/7 154/147/7 152/146/7
f 150/150/7 154/147/7 151/149/7
f 150/150/7 155/151/7 154/147/7
f 149/152/7 155/151/7 150/150/7
f 148/153/7 155/151/7 149/152/7
f 147/154/7 155/151/7 148/153/7
f 147/154/7 156/155/7 155/151/7
f 146/156/7 156/155/7 147/154/7
f 145/157/7 156/155/7 146/156/7
f 144/158/7 156/155/7 145/157/7
f 144/158/7 157/159/7 156/155/7
f 143/160/7 157/159/7 144/158/7
f 142/92/7 157/159/7 143/160/7
f 142/92/7 158/161/7 157/159/7
f 288/38/7 158/161/7 142/92/7
f 287/162/7 286/163/7 288/38/7
f 286/163/7 285/164/7 288/38/7
f 285/164/7 284/165/7 288/38/7
f 284/165/7 283/166/7 288/38/7
f 283/166/7 158/161/7 288/38/7
f 283/166/7 282/167/7 158/161/7
f 282/167/7 281/168/7 158/161/7
f 281/168/7 159/169/7 158/161/7
f 281/168/7 280/170/7 159/169/7
f 280/170/7 279/171/7 159/169/7
f 279/171/7 160/172/7 159/169/7
f 279/171/7 278/173/7 160/172/7
f 278/173/7 277/174/7 160/172/7
f 277/174/7 276/175/7 160/172/7
f 276/175/7 161/176/7 160/172/7
f 276/175/7 275/177/7 161/176/7
f 275/177/7 274/178/7 161/176/7
f 274/178/7 162/179/7 161/176/7
f 273/180/7 162/179/7 274/178/7
f 272/181/7 162/179/7 273/180/7
f 271/182/7 162/179/7 272/181/7
f 271/182/7 163/183/7 162/179/7
f 270/184/7 163/183/7 271/182/7
f 269/185/7 163/183/7 270/184/7
f 268/186/7 163/183/7 269/185/7
f 268/186/7 164/187/7 163/183/7
f 267/188/7 164/187/7 268/186/7
f 266/189/7 164/187/7 267/188/7
f 266/189/7 165/190/7 164/187/7
f 265/191/7 165/190/7 266/189/7
f 264/192/7 165/190/7 265/191/7
f 264/192/7 166/193/7 165/190/7
f 263/194/7 166/193/7 264/192/7
f 262/195/7 166/193/7 263/194/7
f 262/195/7 167/196/7 166/193/7
f 261/197/7 167/196/7 262/195/7
f 261/197/7 168/198/7 167/196/7
f 260/199/7 168/198/7 261/197/7
f 260/199/7 169/200/7 168/198/7
f 259/201/7 169/200/7 260/199/7
f 259/201/7 170/202/7 169/200/7
f 258/203/7 170/202/7 259/201/7
f 258/203/7 171/204/7 170/202/7
f 257/205/7 171/204/7 258/203/7
f 256/206/7 171/204/7 257/205/7
f 256/206/7 172/207/7 171/204/7
f 255/208/7 172/207/7 256/206/7
f 255/208/7 173/209/7 172/207/7
f 254/210/7 173/209/7 255/208/7
f 253/211/7 173/209/7 254/210/7
f 252/212/7 173/209/7 253/211/7
f 252/212/7 174/213/7 173/209/7
f 251/214/7 174/213/7 252/212/7
f 250/215/7 174/213/7 251/214/7
f 250/215/7 175/216/7 174/213/7
f 250/215/7 176/217/7 175/216/7
f 250/215/7 177/218/7 176/217/7
f 250/215/7 178/219/7 177/218/7
f 250/215/7 179/220/7 178/219/7
f 250/215/7 180/221/7 179/220/7
f 250/215/7 181/222/7 180/221/7
f 250/215/7 182/223/7 181/222/7
f 250/215/7 249/224/7 182/223/7
f 249/224/7 183/225/7 182/223/7
f 248/226/7 183/225/7 249/224/7
f 247/227/7 183/225/7 248/226/7
f 246/228/7 183/225/7 247/227/7
f 246/228/7 184/229/7 183/225/7
f 245/230/7 184/229/7 246/228/7
f 244/231/7 184/229/7 245/230/7
f 244/231/7 185/232/7 184/229/7
f 243/233/7 185/232/7 244/231/7
f 243/233/7 186/234/7 185/232/7
f 242/235/7 186/234/7 243/233/7
f 241/236/7 186/234/7 242/235/7
f 241/236/7 187/237/7 186/234/7
f 240/238/7 187/237/7 241/236/7
f 240/238/7 188/239/7 187/237/7
f 239/240/7 188/239/7 240/238/7
f 239/240/7 189/241/7 188/239/7
f 238/242/7 189/241/7 239/240/7
f 238/242/7 190/243/7 189/241/7
f 237/244/7 190/243/7 238/242/7
f 236/245/7 190/243/7 237/244/7
f 236/245/7 191/246/7 190/243/7
f 235/247/7 191/246/7 236/245/7
f 234/248/7 191/246/7 235/247/7
f 234/248/7 192/249/7 191/246/7
f 213/250/7 215/125/7 214/251/7
f 233/252/7 192/249/7 234/248/7
f 213/250/7 216/253/7 215/125/7
f 232/254/7 192/249/7 233/252/7
f 213/250/7 217/255/7 216/253/7
f 232/254/7 193/256/7 192/249/7
f 231/257/7 193/256/7 232/254/7
f 213/250/7 218/258/7 217/255/7
f 213/250/7 219/259/7 218/258/7
f 230/260/7 193/256/7 231/257/7
f 213/250/7 220/261/7 219/259/7
f 229/262/7 193/256/7 230/260/7
f 213/250/7 221/263/7 220/261/7
f 213/250/7 222/264/7 221/263/7
f 228/265/7 193/256/7 229/262/7
f 228/265/7 194/266/7 193/256/7
f 213/250/7 223/267/7 222/264/7
f 227/268/7 194/266/7 228/265/7
f 213/250/7 224/269/7 223/267/7
f 213/250/7 225/270/7 224/269/7
f 226/271/7 194/266/7 227/268/7
f 213/250/7 226/271/7 225/270/7
f 213/250/7 194/266/7 226/271/7
f 213/250/7 195/272/7 194/266/7
f 213/250/7 196/273/7 195/272/7
f 213/250/7 197/274/7 196/273/7
f 212/275/7 197/274/7 213/250/7
f 211/276/7 197/274/7 212/275/7
f 210/277/7 197/274/7 211/276/7
f 210/277/7 198/278/7 197/274/7
f 209/279/7 198/278/7 210/277/7
f 208/280/7 198/278/7 209/279/7
f 208/280/7 199/281/7 198/278/7
f 207/282/7 199/281/7 208/280/7
f 206/283/7 199/281/7 207/282/7
f 205/284/7 199/281/7 206/283/7
f 205/284/7 200/285/7 199/281/7
f 204/286/7 200/285/7 205/284/7
f 203/287/7 200/285/7 204/286/7
f 203/287/7 201/288/7 200/285/7
f 202/289/7 201/288/7 203/287/7
f 325/15/8 326/17/8 327/16/8
f 325/15/8 327/16/8 328/18/8
f 312/19/8 313/21/8 314/20/8
f 312/19/8 314/20/8 315/22/8
f 312/19/8 315/22/8 316/23/8
f 312/19/8 316/23/8 317/24/8
f 312/19/8 317/24/8 318/25/8
f 311/26/8 312/19/8 318/25/8
f 311/26/8 318/25/8 319/27/8
f 311/26/8 319/27/8 320/28/8
f 311/26/8 320/28/8 321/29/8
f 310/30/8 311/26/8 321/29/8
f 310/30/8 321/29/8 322/31/8
f 310/30/8 322/31/8 323/32/8
f 310/30/8 323/32/8 324/33/8
f 310/30/8 324/33/8 325/15/8
f 309/34/8 310/30/8 325/15/8
f 309/34/8 325/15/8 331/35/8
f 331/35/8 325/15/8 330/36/8
f 330/36/8 325/15/8 329/37/8
f 329/37/8 325/15/8 366/38/8
f 366/38/8 325/15/8 328/18/8
f 308/39/8 309/34/8 334/40/8
f 334/40/8 309/34/8 333/41/8
f 333/41/8 309/34/8 332/42/8
f 332/42/8 309/34/8 331/35/8
f 307/43/8 308/39/8 337/44/8
f 337/44/8 308/39/8 336/45/8
f 336/45/8 308/39/8 335/46/8
f 335/46/8 308/39/8 334/40/8
f 306/47/8 307/43/8 340/48/8
f 340/48/8 307/43/8 339/49/8
f 339/49/8 307/43/8 338/50/8
f 338/50/8 307/43/8 337/44/8
f 306/47/8 340/48/8 341/51/8
f 306/47/8 341/51/8 342/52/8
f 305/53/8 306/47/8 342/52/8
f 305/53/8 342/52/8 343/54/8
f 305/53/8 343/54/8 344/55/8
f 365/56/8 366/38/8 328/18/8
f 305/53/8 344/55/8 345/57/8
f 304/58/8 305/53/8 345/57/8
f 304/58/8 345/57/8 346/59/8
f 304/58/8 346/59/8 347/60/8
f 303/61/8 304/58/8 347/60/8
f 303/61/8 347/60/8 348/62/8
f 303/61/8 348/62/8 349/63/8
f 302/64/8 303/61/8 349/63/8
f 302/64/8 349/63/8 350/65/8
f 301/66/8 302/64/8 350/65/8
f 301/66/8 350/65/8 351/67/8
f 301/66/8 351/67/8 352/68/8
f 300/69/8 301/66/8 352/68/8
f 300/69/8 352/68/8 353/70/8
f 300/69/8 353/70/8 354/71/8
f 299/72/8 300/69/8 354/71/8
f 299/72/8 354/71/8 355/73/8
f 298/74/8 299/72/8 355/73/8
f 298/74/8 355/73/8 356/75/8
f 298/74/8 356/75/8 357/76/8
f 297/77/8 298/74/8 357/76/8
f 297/77/8 357/76/8 358/78/8
f 297/77/8 358/78/8 359/79/8
f 296/80/8 297/77/8 359/79/8
f 296/80/8 359/79/8 360/81/8
f 296/80/8 360/81/8 361/82/8
f 296/80/8 361/82/8 362/83/8
f 295/84/8 296/80/8 362/83/8
f 295/84/8 362/83/8 363/85/8
f 295/84/8 363/85/8 364/86/8
f 295/84/8 364/86/8 365/56/8
f 295/84/8 365/56/8 328/18/8
f 294/87/8 295/84/8 328/18/8
f 293/88/8 294/87/8 328/18/8
f 292/89/8 293/88/8 328/18/8
f 291/90/8 292/89/8 328/18/8
f 290/91/8 291/90/8 328/18/8
f 289/92/8 290/91/8 328/18/8
f 379/93/8 380/95/8 381/94/8
f 379/93/8 381/94/8 382/96/8
f 378/97/8 379/93/8 382/96/8
f 378/97/8 382/96/8 383/98/8
f 377/99/8 378/97/8 383/98/8
f 377/99/8 383/98/8 384/100/8
f 377/99/8 384/100/8 385/101/8
f 376/102/8 377/99/8 385/101/8
f 376/102/8 385/101/8 386/103/8
f 419/104/8 420/105/8 421/38/8
f 419/104/8 421/38/8 367/92/8
f 375/106/8 376/102/8 386/103/8
f 375/106/8 386/103/8 387/107/8
f 375/106/8 387/107/8 388/108/8
f 374/109/8 375/106/8 388/108/8
f 374/109/8 388/108/8 389/110/8
f 373/111/8 374/109/8 389/110/8
f 373/111/8 389/110/8 390/112/8
f 373/111/8 390/112/8 391/113/8
f 372/114/8 373/111/8 391/113/8
f 372/114/8 391/113/8 392/115/8
f 371/116/8 372/114/8 392/115/8
f 371/116/8 392/115/8 402/117/8
f 402/117/8 392/115/8 401/118/8
f 401/118/8 392/115/8 400/119/8
f 400/119/8 392/115/8 399/120/8
f 399/120/8 392/115/8 398/121/8
f 398/121/8 392/115/8 397/122/8
f 397/122/8 392/115/8 396/123/8
f 396/123/8 392/115/8 395/124/8
f 395/124/8 392/115/8 394/125/8
f 394/125/8 392/115/8 393/126/8
f 370/127/8 371/116/8 404/128/8
f 404/128/8 371/116/8 403/129/8
f 403/129/8 371/116/8 402/117/8
f 369/130/8 370/127/8 406/131/8
f 406/131/8 370/127/8 405/132/8
f 405/132/8 370/127/8 404/128/8
f 369/130/8 406/131/8 407/133/8
f 369/130/8 407/133/8 408/134/8
f 368/135/8 369/130/8 408/134/8
f 368/135/8 408/134/8 409/136/8
f 368/135/8 409/136/8 410/137/8
f 419/104/8 367/92/8 368/135/8
f 419/104/8 368/135/8 414/138/8
f 414/138/8 368/135/8 413/139/8
f 413/139/8 368/135/8 412/140/8
f 412/140/8 368/135/8 411/141/8
f 411/141/8 368/135/8 410/137/8
f 419/104/8 414/138/8 415/142/8
f 419/104/8 415/142/8 416/143/8
f 419/104/8 416/143/8 417/144/8
f 419/104/8 417/144/8 418/145/8
f 432/146/8 433/148/8 434/147/8
f 431/149/8 432/146/8 434/147/8
f 430/150/8 431/149/8 434/147/8
f 430/150/8 434/147/8 435/151/8
f 429/152/8 430/150/8 435/151/8
f 428/153/8 429/152/8 435/151/8
f 427/154/8 428/153/8 435/151/8
f 427/154/8 435/151/8 436/155/8
f 426/156/8 427/154/8 436/155/8
f 425/157/8 426/156/8 436/155/8
f 424/158/8 425/157/8 436/155/8
f 424/158/8 436/155/8 437/159/8
f 423/160/8 424/158/8 437/159/8
f 422/92/8 423/160/8 437/159/8
f 422/92/8 437/159/8 438/161/8
f 568/38/8 422/92/8 438/161/8
f 567/162/8 568/38/8 566/163/8
f 566/163/8 568/38/8 565/164/8
f 565/164/8 568/38/8 564/165/8
f 564/165/8 568/38/8 563/166/8
f 563/166/8 568/38/8 438/161/8
f 563/166/8 438/161/8 562/167/8
f 562/167/8 438/161/8 561/168/8
f 561/168/8 438/161/8 439/169/8
f 561/168/8 439/169/8 560/170/8
f 560/170/8 439/169/8 559/171/8
f 559/171/8 439/169/8 440/172/8
f 559/171/8 440/172/8 558/173/8
f 558/173/8 440/172/8 557/174/8
f 557/174/8 440/172/8 556/175/8
f 556/175/8 440/172/8 441/176/8
f 556/175/8 441/176/8 555/177/8
f 555/177/8 441/176/8 554/178/8
f 554/178/8 441/176/8 442/179/8
f 553/180/8 554/178/8 442/179/8
f 552/181/8 553/180/8 442/179/8
f 551/182/8 552/181/8 442/179/8
f 551/182/8 442/179/8 443/183/8
f 550/184/8 551/182/8 443/183/8
f 549/185/8 550/184/8 443/183/8
f 548/186/8 549/185/8 443/183/8
f 548/186/8 443/183/8 444/187/8
f 547/188/8 548/186/8 444/187/8
f 546/189/8 547/188/8 444/187/8
f 546/189/8 444/187/8 445/190/8
f 545/191/8 546/189/8 445/190/8
f 544/192/8 545/191/8 445/190/8
f 544/192/8 445/190/8 446/193/8
f 543/194/8 544/192/8 446/193/8
f 542/195/8 543/194/8 446/193/8
f 542/195/8 446/193/8 447/196/8
f 541/197/8 542/195/8 447/196/8
f 541/197/8 447/196/8 448/198/8
f 540/199/8 541/197/8 448/198/8
f 540/199/8 448/198/8 449/200/8
f 539/201/8 540/199/8 449/200/8
f 539/201/8 449/200/8 450/202/8
f 538/203/8 539/201/8 450/202/8
f 538/203/8 450/202/8 451/204/8
f 537/205/8 538/203/8 451/204/8
f 536/206/8 537/205/8 451/204/8
f 536/206/8 451/204/8 452/207/8
f 535/208/8 536/206/8 452/207/8
f 535/208/8 452/207/8 453/209/8
f 534/210/8 535/208/8 453/209/8
f 533/211/8 534/210/8 453/209/8
f 532/212/8 533/211/8 453/209/8
f 532/212/8 453/209/8 454/213/8
f 531/214/8 532/212/8 454/213/8
f 530/215/8 531/214/8 454/213/8
f 530/215/8 454/213/8 455/216/8
f 530/215/8 455/216/8 456/217/8
f 530/215/8 456/217/8 457/218/8
f 530/215/8 457/218/8 458/219/8
f 530/215/8 458/219/8 459/220/8
f 530/215/8 459/220/8 460/221/8
f 530/215/8 460/221/8 461/222/8
f 530/215/8 461/222/8 462/223/8
f 530/215/8 462/223/8 529/224/8
f 529/224/8 462/223/8 463/225/8
f 528/226/8 529/224/8 463/225/8
f 527/227/8 528/226/8 463/225/8
f 526/228/8 527/227/8 463/225/8
f 526/228/8 463/225/8 464/229/8
f 525/230/8 526/228/8 464/229/8
f 524/231/8 525/230/8 464/229/8
f 524/231/8 464/229/8 465/232/8
f 523/233/8 524/231/8 465/232/8
f 523/233/8 465/232/8 466/234/8
f 522/235/8 523/233/8 466/234/8
f 521/236/8 522/235/8 466/234/8
f 521/236/8 466/234/8 467/237/8
f 520/238/8 521/236/8 467/237/8
f 520/238/8 467/237/8 468/239/8
f 519/240/8 520/238/8 468/239/8
f 519/240/8 468/239/8 469/241/8
f 518/242/8 519/240/8 469/241/8
f 518/242/8 469/241/8 470/243/8
f 517/244/8 518/242/8 470/243/8
f 516/245/8 517/244/8 470/243/8
f 516/245/8 470/243/8 471/246/8
f 515/247/8 516/245/8 471/246/8
f 514/248/8 515/247/8 471/246/8
f 514/248/8 471/246/8 472/249/8
f 493/250/8 494/251/8 495/125/8
f 513/252/8 514/248/8 472/249/8
f 493/250/8 495/125/8 496/253/8
f 512/254/8 513/252/8 472/249/8
f 493/250/8 496/253/8 497/255/8
f 512/254/8 472/249/8 473/256/8
f 511/257/8 512/254/8 473/256/8
f 493/250/8 497/255/8 498/258/8
f 493/250/8 498/258/8 499/259/8
f 510/260/8 511/257/8 473/256/8
f 493/250/8 499/259/8 500/261/8
f 509/262/8 510/260/8 473/256/8
f 493/250/8 500/261/8 501/263/8
f 493/250/8 501/263/8 502/264/8
f 508/265/8 509/262/8 473/256/8
f 508/265/8 473/256/8 474/266/8
f 493/250/8 502/264/8 503/267/8
f 507/268/8 508/265/8 474/266/8
f 493/250/8 503/267/8 504/269/8
f 493/250/8 504/269/8 505/270/8
f 506/271/8 507/268/8 474/266/8
f 493/250/8 505/270/8 506/271/8
f 493/250/8 506/271/8 474/266/8
f 493/250/8 474/266/8 475/272/8
f 493/250/8 475/272/8 476/273/8
f 493/250/8 476/273/8 477/274/8
f 492/275/8 493/250/8 477/274/8
f 491/276/8 492/275/8 477/274/8
f 490/277/8 491/276/8 477/274/8
f 490/277/8 477/274/8 478/278/8
f 489/279/8 490/277/8 478/278/8
f 488/280/8 489/279/8 478/278/8
f 488/280/8 478/278/8 479/281/8
f 487/282/8 488/280/8 479/281/8
f 486/283/8 487/282/8 479/281/8
f 485/284/8 486/283/8 479/281/8
f 485/284/8 479/281/8 480/285/8
f 484/286/8 485/284/8 480/285/8
f 483/287/8 484/286/8 480/285/8
f 483/287/8 480/285/8 481/288/8
f 482/289/8 483/287/8 481/288/8
s 1
f 570/290/9 582/291/10 581/292/11 569/92/12
f 571/293/13 583/294/14 582/291/10 570/290/9
f 572/295/15 584/296/16 583/294/14 571/293/13
f 573/297/17 585/298/18 584/296/16 572/295/15
f 574/299/19 586/300/20 585/298/18 573/297/17
f 575/301/21 587/302/22 586/300/20 574/299/19
f 576/303/23 588/304/24 587/302/22 575/301/21
f 577/305/25 589/306/26 588/304/24 576/303/23
f 578/307/27 590/308/28 589/306/26 577/305/25
f 579/309/29 591/310/30 590/308/28 578/307/27
f 580/311/31 592/312/32 591/310/30 579/309/29
f 582/291/10 594/313/33 593/314/34 581/292/11
f 583/294/14 595/315/35 594/313/33 582/291/10
f 584/296/16 596/316/36 595/315/35 583/294/14
f 585/298/18 597/317/37 596/316/36 584/296/16
f 586/300/20 598/318/38 597/317/37 585/298/18
f 587/302/22 599/319/39 598/318/38 586/300/20
f 588/304/24 600/320/40 599/319/39 587/302/22
f 589/306/26 601/321/41 600/320/40 588/304/24
f 590/308/28 602/322/42 601/321/41 589/306/26
f 591/310/30 603/323/43 602/322/42 590/308/28
f 592/312/32 604/324/44 603/323/43 591/310/30
f 594/313/33 606/325/45 605/326/46 593/314/34
f 595/315/35 607/327/47 606/325/45 594/313/33
f 596/316/36 608/328/48 607/327/47 595/315/35
f 597/317/37 609/329/49 608/328/48 596/316/36
f 598/318/38 610/330/50 609/329/49 597/317/37
f 599/319/39 611/331/51 610/330/50 598/318/38
f 600/320/40 612/332/52 611/331/51 599/319/39
f 601/321/41 613/333/53 612/332/52 600/320/40
f 602/322/42 614/334/54 613/333/53 601/321/41
f 603/323/43 615/335/55 614/334/54 602/322/42
f 604/324/44 616/336/56 615/335/55 603/323/43
f 606/325/45 618/337/57 617/338/58 605/326/46
f 607/327/47 619/339/59 618/337/57 606/325/45
f 608/328/48 620/340/60 619/339/59 607/327/47
f 609/329/49 621/341/61 620/340/60 608/328/48
f 610/330/50 622/342/62 621/341/61 609/329/49
f 611/331/51 623/343/63 622/342/62 610/330/50
f 612/332/52 624/344/64 623/343/63 611/331/51
f 613/333/53 625/345/65 624/344/64 612/332/52
f 614/334/54 626/346/66 625/345/65 613/333/53
f 615/335/55 627/347/67 626/346/66 614/334/54
f 616/336/56 628/348/68 627/347/67 615/335/55
f 618/337/57 630/349/69 629/350/70 617/338/58
f 619/339/59 631/351/71 630/349/69 618/337/57
f 620/340/60 632/352/72 631/351/71 619/339/59
f 621/341/61 633/353/73 632/352/72 620/340/60
f 622/342/62 634/354/74 633/353/73 621/341/61
f 623/343/63 635/355/75 634/354/74 622/342/62
f 624/344/64 636/356/76 635/355/75 623/343/63
f 625/345/65 637/357/77 636/356/76 624/344/64
f 626/346/66 638/358/78 637/357/77 625/345/65
f 627/347/67 639/359/79 638/358/78 626/346/66
f 628/348/68 640/360/80 639/359/79 627/347/67
f 630/349/69 642/361/81 641/362/82 629/350/70
f 631/351/71 643/363/83 642/361/81 630/349/69
f 632/352/72 644/364/84 643/363/83 631/351/71
f 633/353/73 645/365/85 644/364/84 632/352/72
f 634/354/74 646/366/86 645/365/85 633/353/73
f 635/355/75 647/367/87 646/366/86 634/354/74
f 636/356/76 648/368/88 647/367/87 635/355/75
f 637/357/77 649/369/89 648/368/88 636/356/76
f 638/358/78 650/370/90 649/369/89 637/357/77
f 639/359/79 651/371/91 650/370/90 638/358/78
f 640/360/80 652/372/92 651/371/91 639/359/79
f 642/361/81 654/373/93 653/374/94 641/362/82
f 643/363/83 655/375/95 654/373/93 642/361/81
f 644/364/84 656/376/96 655/375/95 643/363/83
f 645/365/85 657/377/97 656/376/96 644/364/84
f 646/366/86 658/378/98 657/377/97 645/365/85
f 647/367/87 659/379/99 658/378/98 646/366/86
f 648/368/88 660/380/100 659/379/99 647/367/87
f 649/369/89 661/381/101 660/380/100 648/368/88
f 650/370/90 662/382/102 661/381/101 649/369/89
f 651/371/91 663/383/103 662/382/102 650/370/90
f 652/372/92 664/384/104 663/383/103 651/371/91
f 654/373/93 666/385/105 665/386/106 653/374/94
f 655/375/95 667/387/107 666/385/105 654/373/93
f 656/376/96 668/388/108 667/387/107 655/375/95
f 657/377/97 669/389/109 668/388/108 656/376/96
f 658/378/98 670/390/110 669/389/109 657/377/97
f 659/379/99 671/391/111 670/390/110 658/378/98
f 660/380/100 672/392/112 671/391/111 659/379/99
f 661/381/101 673/393/113 672/392/112 660/380/100
f 662/382/102 674/394/114 673/393/113 661/381/101
f 663/383/103 675/395/115 674/394/114 662/382/102
f 664/384/104 676/396/116 675/395/115 663/383/103
f 666/385/105 678/397/117 677/398/118 665/386/106
f 667/387/107 679/399/119 678/397/117 666/385/105
f 668/388/108 680/400/120 679/399/119 667/387/107
f 669/389/109 681/401/121 680/400/120 668/388/108
f 670/390/110 682/402/122 681/401/121 669/389/109
f 671/391/111 683/403/123 682/402/122 670/390/110
f 672/392/112 684/404/124 683/403/123 671/391/111
f 673/393/113 685/405/125 684/404/124 672/392/112
f 674/394/114 686/406/126 685/405/125 673/393/113
f 675/395/115 687/407/127 686/406/126 674/394/114
f 676/396/116 688/408/128 687/407/127 675/395/115
f 678/397/117 690/409/129 689/410/130 677/398/118
f 679/399/119 691/411/131 690/409/129 678/397/117
f 680/400/120 692/412/132 691/411/131 679/399/119
f 681/401/121 693/413/133 692/412/132 680/400/120
f 682/402/122 694/414/134 693/413/133 681/401/121
f 683/403/123 695/415/135 694/414/134 682/402/122
f 684/404/124 696/416/136 695/415/135 683/403/123
f 685/405/125 697/417/137 696/416/136 684/404/124
f 686/406/126 698/418/138 697/417/137 685/405/125
f 687/407/127 699/419/139 698/418/138 686/406/126
f 688/408/128 700/420/140 699/419/139 687/407/127
f 690/409/129 702/421/141 701/422/142 689/410/130
f 691/411/131 703/423/143 702/421/141 690/409/129
f 692/412/132 704/424/144 703/423/143 691/411/131
f 693/413/133 705/425/145 704/424/144 692/412/132
f 694/414/134 706/426/146 705/425/145 693/413/133
f 695/415/135 707/427/147 706/426/146 694/414/134
f 696/416/136 708/428/148 707/427/147 695/415/135
f 697/417/137 709/429/149 708/428/148 696/416/136
f 698/418/138 710/430/150 709/429/149 697/417/137
f 699/419/139 711/431/151 710/430/150 698/418/138
f 700/420/140 712/432/152 711/431/151 699/419/139
f 702/421/141 714/433/153 713/434/154 701/422/142
f 703/423/143 715/435/155 714/433/153 702/421/141
f 704/424/144 716/436/156 715/435/155 703/423/143
f 705/425/145 717/437/157 716/436/156 704/424/144
f 706/426/146 718/438/158 717/437/157 705/425/145
f 707/427/147 719/439/159 718/438/158 706/426/146
f 708/428/148 720/440/160 719/439/159 707/427/147
f 709/429/149 721/441/161 720/440/160 708/428/148
f 710/430/150 722/442/162 721/441/161 709/429/149
f 711/431/151 723/443/163 722/442/162 710/430/150
f 712/432/152 724/444/164 723/443/163 711/431/151
f 714/433/153 726/445/165 725/446/166 713/434/154
f 715/435/155 727/447/167 726/445/165 714/433/153
f 716/436/156 728/448/168 727/447/167 715/435/155
f 717/437/157 729/449/169 728/448/168 716/436/156
f 718/438/158 730/450/170 729/449/169 717/437/157
f 719/439/159 731/451/171 730/450/170 718/438/158
f 720/440/160 732/452/172 731/451/171 719/439/159
f 721/441/161 733/453/173 732/452/172 720/440/160
f 722/442/162 734/454/174 733/453/173 721/441/161
f 723/443/163 735/455/175 734/454/174 722/442/162
f 724/444/164 736/456/176 735/455/175 723/443/163
f 726/445/165 738/457/177 737/458/178 725/446/166
f 727/447/167 739/459/179 738/457/177 726/445/165
f 728/448/168 740/460/180 739/459/179 727/447/167
f 729/449/169 741/461/181 740/460/180 728/448/168
f 730/450/170 742/462/182 741/461/181 729/449/169
f 731/451/171 743/463/183 742/462/182 730/450/170
f 732/452/172 744/464/184 743/463/183 731/451/171
f 733/453/173 745/465/185 744/464/184 732/452/172
f 734/454/174 746/466/186 745/465/185 733/453/173
f 735/455/175 747/467/187 746/466/186 734/454/174
f 736/456/176 748/468/188 747/467/187 735/455/175
f 738/457/177 750/469/189 749/470/190 737/458/178
f 739/459/179 751/471/191 750/469/189 738/457/177
f 740/460/180 752/472/192 751/471/191 739/459/179
f 741/461/181 753/473/193 752/472/192 740/460/180
f 742/462/182 754/474/194 753/473/193 741/461/181
f 743/463/183 755/475/195 754/474/194 742/462/182
f 744/464/184 756/476/196 755/475/195 743/463/183
f 745/465/185 757/477/197 756/476/196 744/464/184
f 746/466/186 758/478/198 757/477/197 745/465/185
f 747/467/187 759/479/199 758/478/198 746/466/186
f 748/468/188 760/480/200 759/479/199 747/467/187
f 750/469/189 762/481/201 761/482/202 749/470/190
f 751/471/191 763/483/203 762/481/201 750/469/189
f 752/472/192 764/484/204 763/483/203 751/471/191
f 753/473/193 765/485/205 764/484/204 752/472/192
f 754/474/194 766/486/206 765/485/205 753/473/193
f 755/475/195 767/487/207 766/486/206 754/474/194
f 756/476/196 768/488/208 767/487/207 755/475/195
f 757/477/197 769/489/209 768/488/208 756/476/196
f 758/478/198 770/490/210 769/489/209 757/477/197
f 759/479/199 771/491/211 770/490/210 758/478/198
f 760/480/200 772/492/212 771/491/211 759/479/199
f 762/481/201 774/493/213 773/494/214 761/482/202
f 763/483/203 775/495/215 774/493/213 762/481/201
f 764/484/204 776/496/216 775/495/215 763/483/203
f 765/485/205 777/497/217 776/496/216 764/484/204
f 766/486/206 778/498/218 777/497/217 765/485/205
f 767/487/207 779/499/219 778/498/218 766/486/206
f 768/488/208 780/500/220 779/499/219 767/487/207
f 769/489/209 781/501/221 780/500/220 768/488/208
f 770/490/210 782/502/222 781/501/221 769/489/209
f 771/491/211 783/503/223 782/502/222 770/490/210
f 772/492/212 784/504/224 783/503/223 771/491/211
f 774/493/213 786/505/225 785/506/226 773/494/214
f 775/495/215 787/507/227 786/505/225 774/493/213
f 776/496/216 788/508/228 787/507/227 775/495/215
f 777/497/217 789/509/229 788/508/228 776/496/216
f 778/498/218 790/510/230 789/509/229 777/497/217
f 779/499/219 791/511/231 790/510/230 778/498/218
f 780/500/220 792/512/232 791/511/231 779/499/219
f 781/501/221 793/513/233 792/512/232 780/500/220
f 782/502/222 794/514/234 793/513/233 781/501/221
f 783/503/223 795/515/235 794/514/234 782/502/222
f 784/504/224 796/516/236 795/515/235 783/503/223
f 786/505/225 798/517/237 797/518/238 785/506/226
f 787/507/227 799/519/239 798/517/237 786/505/225
f 788/508/228 800/520/240 799/519/239 787/507/227
f 789/509/229 801/521/241 800/520/240 788/508/228
f 790/510/230 802/522/242 801/521/241 789/509/229
f 791/511/231 803/523/243 802/522/242 790/510/230
f 792/512/232 804/524/244 803/523/243 791/511/231
f 793/513/233 805/525/245 804/524/244 792/512/232
f 794/514/234 806/526/246 805/525/245 793/513/233
f 795/515/235 807/527/247 806/526/246 794/514/234
f 796/516/236 808/528/248 807/527/247 795/515/235
f 798/517/237 810/529/249 809/530/250 797/518/238
f 799/519/239 811/531/251 810/529/249 798/517/237
f 800/520/240 812/532/252 811/531/251 799/519/239
f 801/521/241 813/533/253 812/532/252 800/520/240
f 802/522/242 814/534/254 813/533/253 801/521/241
f 803/523/243 815/535/255 814/534/254 802/522/242
f 804/524/244 816/536/256 815/535/255 803/523/243
f 805/525/245 817/537/257 816/536/256 804/524/244
f 806/526/246 818/538/258 817/537/257 805/525/245
f 807/527/247 819/539/259 818/538/258 806/526/246
f 808/528/248 820/540/260 819/539/259 807/527/247
f 810/529/249 822/541/261 821/69/262 809/530/250
f 811/531/251 823/542/263 822/541/261 810/529/249
f 812/532/252 824/543/264 823/542/263 811/531/251
f 813/533/253 825/544/265 824/543/264 812/532/252
f 814/534/254 826/545/266 825/544/265 813/533/253
f 815/535/255 827/546/267 826/545/266 814/534/254
f 816/536/256 828/547/268 827/546/267 815/535/255
f 817/537/257 829/548/269 828/547/268 816/536/256
f 818/538/258 830/549/270 829/548/269 817/537/257
f 819/539/259 831/550/271 830/549/270 818/538/258
f 820/540/260 832/551/272 831/550/271 819/539/259
f 822/541/261 834/552/273 833/553/274 821/69/262
f 823/542/263 835/554/275 834/552/273 822/541/261
f 824/543/264 836/555/276 835/554/275 823/542/263
f 825/544/265 837/556/277 836/555/276 824/543/264
f 826/545/266 838/557/278 837/556/277 825/544/265
f 827/546/267 839/558/279 838/557/278 826/545/266
f 828/547/268 840/559/280 839/558/279 827/546/267
f 829/548/269 841/560/281 840/559/280 828/547/268
f 830/549/270 842/561/282 841/560/281 829/548/269
f 831/550/271 843/562/283 842/561/282 830/549/270
f 832/551/272 844/563/284 843/562/283 831/550/271
f 834/552/273 846/564/285 845/565/286 833/553/274
f 835/554/275 847/566/287 846/564/285 834/552/273
f 836/555/276 848/567/288 847/566/287 835/554/275
f 837/556/277 849/568/289 848/567/288 836/555/276
f 838/557/278 850/569/290 849/568/289 837/556/277
f 839/558/279 851/570/291 850/569/290 838/557/278
f 840/559/280 852/571/292 851/570/291 839/558/279
f 841/560/281 853/572/293 852/571/292 840/559/280
f 842/561/282 854/573/294 853/572/293 841/560/281
f 843/562/283 855/574/295 854/573/294 842/561/282
f 844/563/284 856/575/296 855/574/295 843/562/283
f 846/564/285 858/576/297 857/577/298 845/565/286
f 847/566/287 859/578/299 858/576/297 846/564/285
f 848/567/288 860/579/300 859/578/299 847/566/287
f 849/568/289 861/580/301 860/579/300 848/567/288
f 850/569/290 862/581/302 861/580/301 849/568/289
f 851/570/291 863/582/303 862/581/302 850/569/290
f 852/571/292 864/583/304 863/582/303 851/570/291
f 853/572/293 865/584/305 864/583/304 852/571/292
f 854/573/294 866/585/306 865/584/305 853/572/293
f 855/574/295 867/586/307 866/585/306 854/573/294
f 856/575/296 868/587/308 867/586/307 855/574/295
f 858/576/297 870/588/309 869/589/310 857/577/298
f 859/578/299 871/590/311 870/588/309 858/576/297
f 860/579/300 872/591/312 871/590/311 859/578/299
f 861/580/301 873/592/313 872/591/312 860/579/300
f 862/581/302 874/593/314 873/592/313 861/580/301
f 863/582/303 875/594/315 874/593/314 862/581/302
f 864/583/304 876/595/316 875/594/315 863/582/303
f 865/584/305 877/596/317 876/595/316 864/583/304
f 866/585/306 878/597/318 877/596/317 865/584/305
f 867/586/307 879/598/319 878/597/318 866/585/306
f 868/587/308 880/599/320 879/598/319 867/586/307
f 870/588/309 882/600/321 881/601/322 869/589/310
f 871/590/311 883/602/323 882/600/321 870/588/309
f 872/591/312 884/603/324 883/602/323 871/590/311
f 873/592/313 885/604/325 884/603/324 872/591/312
f 874/593/314 886/605/326 885/604/325 873/592/313
f 875/594/315 887/606/327 886/605/326 874/593/314
f 876/595/316 888/607/328 887/606/327 875/594/315
f 877/596/317 889/608/329 888/607/328 876/595/316
f 878/597/318 890/609/330 889/608/329 877/596/317
f 879/598/319 891/610/331 890/609/330 878/597/318
f 880/599/320 892/611/332 891/610/331 879/598/319
f 882/600/321 894/612/333 893/613/334 881/601/322
f 883/602/323 895/614/335 894/612/333 882/600/321
f 884/603/324 896/615/336 895/614/335 883/602/323
f 885/604/325 897/616/337 896/615/336 884/603/324
f 886/605/326 898/617/338 897/616/337 885/604/325
f 887/606/327 899/618/339 898/617/338 886/605/326
f 888/607/328 900/619/340 899/618/339 887/606/327
f 889/608/329 901/620/341 900/619/340 888/607/328
f 890/609/330 902/621/342 901/620/341 889/608/329
f 891/610/331 903/622/343 902/621/342 890/609/330
f 892/611/332 904/623/344 903/622/343 891/610/331
f 894/612/333 906/624/345 905/625/346 893/613/334
f 895/614/335 907/626/347 906/624/345 894/612/333
f 896/615/336 908/627/348 907/626/347 895/614/335
f 897/616/337 909/628/349 908/627/348 896/615/336
f 898/617/338 910/629/350 909/628/349 897/616/337
f 899/618/339 911/630/351 910/629/350 898/617/338
f 900/619/340 912/631/352 911/630/351 899/618/339
f 901/620/341 913/632/353 912/631/352 900/619/340
f 902/621/342 914/633/354 913/632/353 901/620/341
f 903/622/343 915/634/355 914/633/354 902/621/342
f 904/623/344 916/635/356 915/634/355 903/622/343
f 906/624/345 918/636/357 917/637/358 905/625/346
f 907/626/347 919/638/359 918/636/357 906/624/345
f 908/627/348 920/639/360 919/638/359 907/626/347
f 909/628/349 921/640/361 920/639/360 908/627/348
f 910/629/350 922/641/362 921/640/361 909/628/349
f 911/630/351 923/642/363 922/641/362 910/629/350
f 912/631/352 924/643/364 923/642/363 911/630/351
f 913/632/353 925/644/365 924/643/364 912/631/352
f 914/633/354 926/645/366 925/644/365 913/632/353
f 915/634/355 927/646/367 926/645/366 914/633/354
f 916/635/356 928/647/368 927/646/367 915/634/355
f 918/636/357 930/648/369 929/649/370 917/637/358
f 919/638/359 931/650/371 930/648/369 918/636/357
f 920/639/360 932/651/372 931/650/371 919/638/359
f 921/640/361 933/652/373 932/651/372 920/639/360
f 922/641/362 934/653/374 933/652/373 921/640/361
f 923/642/363 935/654/375 934/653/374 922/641/362
f 924/643/364 936/655/376 935/654/375 923/642/363
f 925/644/365 937/656/377 936/655/376 924/643/364
f 926/645/366 938/657/378 937/656/377 925/644/365
f 927/646/367 939/658/379 938/657/378 926/645/366
f 928/647/368 940/659/380 939/658/379 927/646/367
f 930/648/369 942/660/381 941/661/382 929/649/370
f 931/650/371 943/662/383 942/660/381 930/648/369
f 932/651/372 944/663/384 943/662/383 931/650/371
f 933/652/373 945/664/385 944/663/384 932/651/372
f 934/653/374 946/665/386 945/664/385 933/652/373
f 935/654/375 947/666/387 946/665/386 934/653/374
f 936/655/376 948/667/388 947/666/387 935/654/375
f 937/656/377 949/668/389 948/667/388 936/655/376
f 938/657/378 950/669/390 949/668/389 937/656/377
f 939/658/379 951/670/391 950/669/390 938/657/378
f 940/659/380 952/671/392 951/670/391 939/658/379
f 942/660/381 954/672/393 953/673/394 941/661/382
f 943/662/383 955/674/395 954/672/393 942/660/381
f 944/663/384 956/675/396 955/674/395 943/662/383
f 945/664/385 957/676/397 956/675/396 944/663/384
f 946/665/386 958/677/398 957/676/397 945/664/385
f 947/666/387 959/678/399 958/677/398 946/665/386
f 948/667/388 960/679/400 959/678/399 947/666/387
f 949/668/389 961/680/401 960/679/400 948/667/388
f 950/669/390 962/681/402 961/680/401 949/668/389
f 951/670/391 963/682/403 962/681/402 950/669/390
f 952/671/392 964/683/404 963/682/403 951/670/391
f 954/672/393 966/684/405 965/685/406 953/673/394
f 955/674/395 967/686/407 966/684/405 954/672/393
f 956/675/396 968/687/408 967/686/407 955/674/395
f 957/676/397 969/688/409 968/687/408 956/675/396
f 958/677/398 970/689/410 969/688/409 957/676/397
f 959/678/399 971/690/411 970/689/410 958/677/398
f 960/679/400 972/691/412 971/690/411 959/678/399
f 961/680/401 973/692/413 972/691/412 960/679/400
f 962/681/402 974/693/414 973/692/413 961/680/401
f 963/682/403 975/694/415 974/693/414 962/681/402
f 964/683/404 976/695/416 975/694/415 963/682/403
f 966/684/405 978/696/417 977/697/418 965/685/406
f 967/686/407 979/698/419 978/696/417 966/684/405
f 968/687/408 980/699/420 979/698/419 967/686/407
f 969/688/409 981/700/421 980/699/420 968/687/408
f 970/689/410 982/701/422 981/700/421 969/688/409
f 971/690/411 983/702/423 982/701/422 970/689/410
f 972/691/412 984/703/424 983/702/423 971/690/411
f 973/692/413 985/704/425 984/703/424 972/691/412
f 974/693/414 986/705/426 985/704/425 973/692/413
f 975/694/415 987/706/427 986/705/426 974/693/414
f 976/695/416 988/707/428 987/706/427 975/694/415
f 978/696/417 990/708/429 989/709/430 977/697/418
f 979/698/419 991/710/431 990/708/429 978/696/417
f 980/699/420 992/711/432 991/710/431 979/698/419
f 981/700/421 993/712/433 992/711/432 980/699/420
f 982/701/422 994/713/434 993/712/433 981/700/421
f 983/702/423 995/714/435 994/713/434 982/701/422
f 984/703/424 996/715/436 995/714/435 983/702/423
f 985/704/425 997/716/437 996/715/436 984/703/424
f 986/705/426 998/717/438 997/716/437 985/704/425
f 987/706/427 999/718/439 998/717/438 986/705/426
f 988/707/428 1000/719/440 999/718/439 987/706/427
f 990/708/429 1002/720/441 1001/721/442 989/709/430
f 991/710/431 1003/722/443 1002/720/441 990/708/429
f 992/711/432 1004/723/444 1003/722/443 991/710/431
f 993/712/433 1005/724/445 1004/723/444 992/711/432
f 994/713/434 1006/725/446 1005/724/445 993/712/433
f 995/714/435 1007/726/447 1006/725/446 994/713/434
f 996/715/436 1008/727/448 1007/726/447 995/714/435
f 997/716/437 1009/728/449 1008/727/448 996/715/436
f 998/717/438 1010/729/450 1009/728/449 997/716/437
f 999/718/439 1011/730/451 1010/729/450 998/717/438
f 1000/719/440 1012/731/452 1011/730/451 999/718/439
f 1002/720/441 1014/732/453 1013/733/454 1001/721/442
f 1003/722/443 1015/734/455 1014/732/453 1002/720/441
f 1004/723/444 1016/735/456 1015/734/455 1003/722/443
f 1005/724/445 1017/736/457 1016/735/456 1004/723/444
f 1006/725/446 1018/737/458 1017/736/457 1005/724/445
f 1007/726/447 1019/738/459 1018/737/458 1006/725/446
f 1008/727/448 1020/739/460 1019/738/459 1007/726/447
f 1009/728/449 1021/740/461 1020/739/460 1008/727/448
f 1010/729/450 1022/741/462 1021/740/461 1009/728/449
f 1011/730/451 1023/742/463 1022/741/462 1010/729/450
f 1012/731/452 1024/743/464 1023/742/463 1011/730/451
f 1014/732/453 1026/744/465 1025/745/466 1013/733/454
f 1015/734/455 1027/746/467 1026/744/465 1014/732/453
f 1016/735/456 1028/747/468 1027/746/467 1015/734/455
f 1017/736/457 1029/748/469 1028/747/468 1016/735/456
f 1018/737/458 1030/749/470 1029/748/469 1017/736/457
f 1019/738/459 1031/750/471 1030/749/470 1018/737/458
f 1020/739/460 1032/751/472 1031/750/471 1019/738/459
f 1021/740/461 1033/752/473 1032/751/472 1020/739/460
f 1022/741/462 1034/753/474 1033/752/473 1021/740/461
f 1023/742/463 1035/754/475 1034/753/474 1022/741/462
f 1024/743/464 1036/755/476 1035/754/475 1023/742/463
f 1026/744/465 1038/756/477 1037/757/478 1025/745/466
f 1027/746/467 1039/758/479 1038/756/477 1026/744/465
f 1028/747/468 1040/759/480 1039/758/479 1027/746/467
f 1029/748/469 1041/760/481 1040/759/480 1028/747/468
f 1030/749/470 1042/761/482 1041/760/481 1029/748/469
f 1031/750/471 1043/762/483 1042/761/482 1030/749/470
f 1032/751/472 1044/763/484 1043/762/483 1031/750/471
f 1033/752/473 1045/764/485 1044/763/484 1032/751/472
f 1034/753/474 1046/765/486 1045/764/485 1033/752/473
f 1035/754/475 1047/766/487 1046/765/486 1034/753/474
f 1036/755/476 1048/767/488 1047/766/487 1035/754/475
f 1038/756/477 1050/768/489 1049/769/490 1037/757/478
f 1039/758/479 1051/770/491 1050/768/489 1038/756/477
f 1040/759/480 1052/771/492 1051/770/491 1039/758/479
f 1041/760/481 1053/772/493 1052/771/492 1040/759/480
f 1042/761/482 1054/773/494 1053/772/493 1041/760/481
f 1043/762/483 1055/774/495 1054/773/494 1042/761/482
f 1044/763/484 1056/775/496 1055/774/495 1043/762/483
f 1045/764/485 1057/776/497 1056/775/496 1044/763/484
f 1046/765/486 1058/777/498 1057/776/497 1045/764/485
f 1047/766/487 1059/778/499 1058/777/498 1046/765/486
f 1048/767/488 1060/779/500 1059/778/499 1047/766/487
f 1050/768/489 1062/780/501 1061/781/502 1049/769/490
f 1051/770/491 1063/782/503 1062/780/501 1050/768/489
f 1052/771/492 1064/783/504 1063/782/503 1051/770/491
f 1053/772/493 1065/784/505 1064/783/504 1052/771/492
f 1054/773/494 1066/785/506 1065/784/505 1053/772/493
f 1055/774/495 1067/786/507 1066/785/506 1054/773/494
f 1056/775/496 1068/787/508 1067/786/507 1055/774/495
f 1057/776/497 1069/788/509 1068/787/508 1056/775/496
f 1058/777/498 1070/789/510 1069/788/509 1057/776/497
f 1059/778/499 1071/790/511 1070/789/510 1058/777/498
f 1060/779/500 1072/791/512 1071/790/511 1059/778/499
f 1062/780/501 1074/792/513 1073/26/514 1061/781/502
f 1063/782/503 1075/793/515 1074/792/513 1062/780/501
f 1064/783/504 1076/794/516 1075/793/515 1063/782/503
f 1065/784/505 1077/795/517 1076/794/516 1064/783/504
f 1066/785/506 1078/796/518 1077/795/517 1065/784/505
f 1067/786/507 1079/797/519 1078/796/518 1066/785/506
f 1068/787/508 1080/798/520 1079/797/519 1067/786/507
f 1069/788/509 1081/799/521 1080/798/520 1068/787/508
f 1070/789/510 1082/800/522 1081/799/521 1069/788/509
f 1071/790/511 1083/801/523 1082/800/522 1070/789/510
f 1072/791/512 1084/802/524 1083/801/523 1071/790/511
f 1074/792/513 1086/803/525 1085/804/526 1073/26/514
f 1075/793/515 1087/805/527 1086/803/525 1074/792/513
f 1076/794/516 1088/806/528 1087/805/527 1075/793/515
f 1077/795/517 1089/807/529 1088/806/528 1076/794/516
f 1078/796/518 1090/808/530 1089/807/529 1077/795/517
f 1079/797/519 1091/809/531 1090/808/530 1078/796/518
f 1080/798/520 1092/810/532 1091/809/531 1079/797/519
f 1081/799/521 1093/811/533 1092/810/532 1080/798/520
f 1082/800/522 1094/812/534 1093/811/533 1081/799/521
f 1083/801/523 1095/813/535 1094/812/534 1082/800/522
f 1084/802/524 1096/814/536 1095/813/535 1083/801/523
f 1086/803/525 1098/815/537 1097/816/538 1085/804/526
f 1087/805/527 1099/817/539 1098/815/537 1086/803/525
f 1088/806/528 1100/818/540 1099/817/539 1087/805/527
f 1089/807/529 1101/819/541 1100/818/540 1088/806/528
f 1090/808/530 1102/820/542 1101/819/541 1089/807/529
f 1091/809/531 1103/821/543 1102/820/542 1090/808/530
f 1092/810/532 1104/822/544 1103/821/543 1091/809/531
f 1093/811/533 1105/823/545 1104/822/544 1092/810/532
f 1094/812/534 1106/824/546 1105/823/545 1093/811/533
f 1095/813/535 1107/825/547 1106/824/546 1094/812/534
f 1096/814/536 1108/826/548 1107/825/547 1095/813/535
f 1098/815/537 1110/827/549 1109/828/550 1097/816/538
f 1099/817/539 1111/829/551 1110/827/549 1098/815/537
f 1100/818/540 1112/830/552 1111/829/551 1099/817/539
f 1101/819/541 1113/831/553 1112/830/552 1100/818/540
f 1102/820/542 1114/832/554 1113/831/553 1101/819/541
f 1103/821/543 1115/833/555 1114/832/554 1102/820/542
f 1104/822/544 1116/834/556 1115/833/555 1103/821/543
f 1105/823/545 1117/835/557 1116/834/556 1104/822/544
f 1106/824/546 1118/836/558 1117/835/557 1105/823/545
f 1107/825/547 1119/837/559 1118/836/558 1106/824/546
f 1108/826/548 1120/838/560 1119/837/559 1107/825/547
f 1110/827/549 1122/839/561 1121/840/562 1109/828/550
f 1111/829/551 1123/841/563 1122/839/561 1110/827/549
f 1112/830/552 1124/842/564 1123/841/563 1111/829/551
f 1113/831/553 1125/843/565 1124/842/564 1112/830/552
f 1114/832/554 1126/844/566 1125/843/565 1113/831/553
f 1115/833/555 1127/845/567 1126/844/566 1114/832/554
f 1116/834/556 1128/846/568 1127/845/567 1115/833/555
f 1117/835/557 1129/847/569 1128/846/568 1116/834/556
f 1118/836/558 1130/848/570 1129/847/569 1117/835/557
f 1119/837/559 1131/849/571 1130/848/570 1118/836/558
f 1120/838/560 1132/850/572 1131/849/571 1119/837/559
f 1122/839/561 1134/851/573 1133/852/574 1121/840/562
f 1123/841/563 1135/853/575 1134/851/573 1122/839/561
f 1124/842/564 1136/854/576 1135/853/575 1123/841/563
f 1125/843/565 1137/855/577 1136/854/576 1124/842/564
f 1126/844/566 1138/856/578 1137/855/577 1125/843/565
f 1127/845/567 1139/857/579 1138/856/578 1126/844/566
f 1128/846/568 1140/858/580 1139/857/579 1127/845/567
f 1129/847/569 1141/859/581 1140/858/580 1128/846/568
f 1130/848/570 1142/860/582 1141/859/581 1129/847/569
f 1131/849/571 1143/861/583 1142/860/582 1130/848/570
f 1132/850/572 1144/862/584 1143/861/583 1131/849/571
f 1134/851/573 1146/863/585 1145/864/586 1133/852/574
f 1135/853/575 1147/865/587 1146/863/585 1134/851/573
f 1136/854/576 1148/866/588 1147/865/587 1135/853/575
f 1137/855/577 1149/867/589 1148/866/588 1136/854/576
f 1138/856/578 1150/868/590 1149/867/589 1137/855/577
f 1139/857/579 1151/869/591 1150/868/590 1138/856/578
f 1140/858/580 1152/870/592 1151/869/591 1139/857/579
f 1141/859/581 1153/871/593 1152/870/592 1140/858/580
f 1142/860/582 1154/872/594 1153/871/593 1141/859/581
f 1143/861/583 1155/873/595 1154/872/594 1142/860/582
f 1144/862/584 1156/874/596 1155/873/595 1143/861/583
f 1146/863/585 1158/875/597 1157/101/598 1145/864/586
f 1147/865/587 1159/876/599 1158/875/597 1146/863/585
f 1148/866/588 1160/877/600 1159/876/599 1147/865/587
f 1149/867/589 1161/878/601 1160/877/600 1148/866/588
f 1150/868/590 1162/879/602 1161/878/601 1149/867/589
f 1151/869/591 1163/880/603 1162/879/602 1150/868/590
f 1152/870/592 1164/881/604 1163/880/603 1151/869/591
f 1153/871/593 1165/882/605 1164/881/604 1152/870/592
f 1154/872/594 1166/883/606 1165/882/605 1153/871/593
f 1155/873/595 1167/884/607 1166/883/606 1154/872/594
f 1156/874/596 1168/885/608 1167/884/607 1155/873/595
f 1158/875/597 1170/886/609 1169/887/610 1157/101/598
f 1159/876/599 1171/888/611 1170/886/609 1158/875/597
f 1160/877/600 1172/889/612 1171/888/611 1159/876/599
f 1161/878/601 1173/890/613 1172/889/612 1160/877/600
f 1162/879/602 1174/891/614 1173/890/613 1161/878/601
f 1163/880/603 1175/892/615 1174/891/614 1162/879/602
f 1164/881/604 1176/893/616 1175/892/615 1163/880/603
f 1165/882/605 1177/894/617 1176/893/616 1164/881/604
f 1166/883/606 1178/895/618 1177/894/617 1165/882/605
f 1167/884/607 1179/896/619 1178/895/618 1166/883/606
f 1168/885/608 1180/897/620 1179/896/619 1167/884/607
f 1170/886/609 1182/898/621 1181/899/622 1169/887/610
f 1171/888/611 1183/900/623 1182/898/621 1170/886/609
f 1172/889/612 1184/901/624 1183/900/623 1171/888/611
f 1173/890/613 1185/902/625 1184/901/624 1172/889/612
f 1174/891/614 1186/903/626 1185/902/625 1173/890/613
f 1175/892/615 1187/904/627 1186/903/626 1174/891/614
f 1176/893/616 1188/905/628 1187/904/627 1175/892/615
f 1177/894/617 1189/906/629 1188/905/628 1176/893/616
f 1178/895/618 1190/907/630 1189/906/629 1177/894/617
f 1179/896/619 1191/908/631 1190/907/630 1178/895/618
f 1180/897/620 1192/909/632 1191/908/631 1179/896/619
f 1182/898/621 1194/910/633 1193/911/634 1181/899/622
f 1183/900/623 1195/912/635 1194/910/633 1182/898/621
f 1184/901/624 1196/913/636 1195/912/635 1183/900/623
f 1185/902/625 1197/914/637 1196/913/636 1184/901/624
f 1186/903/626 1198/915/638 1197/914/637 1185/902/625
f 1187/904/627 1199/916/639 1198/915/638 1186/903/626
f 1188/905/628 1200/917/640 1199/916/639 1187/904/627
f 1189/906/629 1201/918/641 1200/917/640 1188/905/628
f 1190/907/630 1202/919/642 1201/918/641 1189/906/629
f 1191/908/631 1203/920/643 1202/919/642 1190/907/630
f 1192/909/632 1204/921/644 1203/920/643 1191/908/631
f 1194/910/633 1206/922/645 1205/923/646 1193/911/634
f 1195/912/635 1207/924/647 1206/922/645 1194/910/633
f 1196/913/636 1208/925/648 1207/924/647 1195/912/635
f 1197/914/637 1209/926/649 1208/925/648 1196/913/636
f 1198/915/638 1210/927/650 1209/926/649 1197/914/637
f 1199/916/639 1211/928/651 1210/927/650 1198/915/638
f 1200/917/640 1212/929/652 1211/928/651 1199/916/639
f 1201/918/641 1213/930/653 1212/929/652 1200/917/640
f 1202/919/642 1214/931/654 1213/930/653 1201/918/641
f 1203/920/643 1215/932/655 1214/931/654 1202/919/642
f 1204/921/644 1216/933/656 1215/932/655 1203/920/643
f 1206/922/645 1218/934/657 1217/935/658 1205/923/646
f 1207/924/647 1219/936/659 1218/934/657 1206/922/645
f 1208/925/648 1220/937/660 1219/936/659 1207/924/647
f 1209/926/649 1221/938/661 1220/937/660 1208/925/648
f 1210/927/650 1222/939/662 1221/938/661 1209/926/649
f 1211/928/651 1223/940/663 1222/939/662 1210/927/650
f 1212/929/652 1224/941/664 1223/940/663 1211/928/651
f 1213/930/653 1225/942/665 1224/941/664 1212/929/652
f 1214/931/654 1226/943/666 1225/942/665 1213/930/653
f 1215/932/655 1227/944/667 1226/943/666 1214/931/654
f 1216/933/656 1228/945/668 1227/944/667 1215/932/655
f 1218/934/657 1230/946/669 1229/947/670 1217/935/658
f 1219/936/659 1231/948/671 1230/946/669 1218/934/657
f 1220/937/660 1232/949/672 1231/948/671 1219/936/659
f 1221/938/661 1233/950/673 1232/949/672 1220/937/660
f 1222/939/662 1234/951/674 1233/950/673 1221/938/661
f 1223/940/663 1235/952/675 1234/951/674 1222/939/662
f 1224/941/664 1236/953/676 1235/952/675 1223/940/663
f 1225/942/665 1237/954/677 1236/953/676 1224/941/664
f 1226/943/666 1238/955/678 1237/954/677 1225/942/665
f 1227/944/667 1239/956/679 1238/955/678 1226/943/666
f 1228/945/668 1240/957/680 1239/956/679 1227/944/667
f 1230/946/669 1242/958/681 1241/959/682 1229/947/670
f 1231/948/671 1243/960/683 1242/958/681 1230/946/669
f 1232/949/672 1244/961/684 1243/960/683 1231/948/671
f 1233/950/673 1245/962/685 1244/961/684 1232/949/672
f 1234/951/674 1246/963/686 1245/962/685 1233/950/673
f 1235/952/675 1247/964/687 1246/963/686 1234/951/674
f 1236/953/676 1248/965/688 1247/964/687 1235/952/675
f 1237/954/677 1249/966/689 1248/965/688 1236/953/676
f 1238/955/678 1250/967/690 1249/966/689 1237/954/677
f 1239/956/679 1251/968/691 1250/967/690 1238/955/678
f 1240/957/680 1252/969/692 1251/968/691 1239/956/679
f 1242/958/681 1254/970/693 1253/971/694 1241/959/682
f 1243/960/683 1255/972/695 1254/970/693 1242/958/681
f 1244/961/684 1256/973/696 1255/972/695 1243/960/683
f 1245/962/685 1257/974/697 1256/973/696 1244/961/684
f 1246/963/686 1258/975/698 1257/974/697 1245/962/685
f 1247/964/687 1259/976/699 1258/975/698 1246/963/686
f 1248/965/688 1260/977/700 1259/976/699 1247/964/687
f 1249/966/689 1261/978/701 1260/977/700 1248/965/688
f 1250/967/690 1262/979/702 1261/978/701 1249/966/689
f 1251/968/691 1263/980/703 1262/979/702 1250/967/690
f 1252/969/692 1264/981/704 1263/980/703 1251/968/691
f 1254/970/693 1266/982/705 1265/983/706 1253/971/694
f 1255/972/695 1267/984/707 1266/982/705 1254/970/693
f 1256/973/696 1268/985/708 1267/984/707 1255/972/695
f 1257/974/697 1269/986/709 1268/985/708 1256/973/696
f 1258/975/698 1270/987/710 1269/986/709 1257/974/697
f 1259/976/699 1271/988/711 1270/987/710 1258/975/698
f 1260/977/700 1272/989/712 1271/988/711 1259/976/699
f 1261/978/701 1273/990/713 1272/989/712 1260/977/700
f 1262/979/702 1274/991/714 1273/990/713 1261/978/701
f 1263/980/703 1275/992/715 1274/991/714 1262/979/702
f 1264/981/704 1276/993/716 1275/992/715 1263/980/703
f 1266/982/705 1278/994/717 1277/995/718 1265/983/706
f 1267/984/707 1279/996/719 1278/994/717 1266/982/705
f 1268/985/708 1280/997/720 1279/996/719 1267/984/707
f 1269/986/709 1281/998/721 1280/997/720 1268/985/708
f 1270/987/710 1282/999/722 1281/998/721 1269/986/709
f 1271/988/711 1283/1000/723 1282/999/722 1270/987/710
f 1272/989/712 1284/1001/724 1283/1000/723 1271/988/711
f 1273/990/713 1285/1002/725 1284/1001/724 1272/989/712
f 1274/991/714 1286/1003/726 1285/1002/725 1273/990/713
f 1275/992/715 1287/1004/727 1286/1003/726 1274/991/714
f 1276/993/716 1288/1005/728 1287/1004/727 1275/992/715
f 1278/994/717 1290/1006/729 1289/1007/730 1277/995/718
f 1279/996/719 1291/1008/731 1290/1006/729 1278/994/717
f 1280/997/720 1292/1009/732 1291/1008/731 1279/996/719
f 1281/998/721 1293/1010/733 1292/1009/732 1280/997/720
f 1282/999/722 1294/1011/734 1293/1010/733 1281/998/721
f 1283/1000/723 1295/1012/735 1294/1011/734 1282/999/722
f 1284/1001/724 1296/1013/736 1295/1012/735 1283/1000/723
f 1285/1002/725 1297/1014/737 1296/1013/736 1284/1001/724
f 1286/1003/726 1298/1015/738 1297/1014/737 1285/1002/725
f 1287/1004/727 1299/1016/739 1298/1015/738 1286/1003/726
f 1288/1005/728 1300/1017/740 1299/1016/739 1287/1004/727
f 1290/1006/729 1302/1018/741 1301/1019/742 1289/1007/730
f 1291/1008/731 1303/1020/743 1302/1018/741 1290/1006/729
f 1292/1009/732 1304/1021/744 1303/1020/743 1291/1008/731
f 1293/1010/733 1305/1022/745 1304/1021/744 1292/1009/732
f 1294/1011/734 1306/1023/746 1305/1022/745 1293/1010/733
f 1295/1012/735 1307/1024/747 1306/1023/746 1294/1011/734
f 1296/1013/736 1308/1025/748 1307/1024/747 1295/1012/735
f 1297/1014/737 1309/1026/749 1308/1025/748 1296/1013/736
f 1298/1015/738 1310/1027/750 1309/1026/749 1297/1014/737
f 1299/1016/739 1311/1028/751 1310/1027/750 1298/1015/738
f 1300/1017/740 1312/1029/752 1311/1028/751 1299/1016/739
f 1302/1018/741 1314/1030/753 1313/1031/754 1301/1019/742
f 1303/1020/743 1315/1032/755 1314/1030/753 1302/1018/741
f 1304/1021/744 1316/1033/756 1315/1032/755 1303/1020/743
f 1305/1022/745 1317/1034/757 1316/1033/756 1304/1021/744
f 1306/1023/746 1318/1035/758 1317/1034/757 1305/1022/745
f 1307/1024/747 1319/1036/759 1318/1035/758 1306/1023/746
f 1308/1025/748 1320/1037/760 1319/1036/759 1307/1024/747
f 1309/1026/749 1321/1038/761 1320/1037/760 1308/1025/748
f 1310/1027/750 1322/1039/762 1321/1038/761 1309/1026/749
f 1311/1028/751 1323/1040/763 1322/1039/762 1310/1027/750
f 1312/1029/752 1324/1041/764 1323/1040/763 1311/1028/751
f 1314/1030/753 1326/1042/765 1325/31/766 1313/1031/754
f 1315/1032/755 1327/1043/767 1326/1042/765 1314/1030/753
f 1316/1033/756 1328/1044/768 1327/1043/767 1315/1032/755
f 1317/1034/757 1329/1045/769 1328/1044/768 1316/1033/756
f 1318/1035/758 1330/1046/770 1329/1045/769 1317/1034/757
f 1319/1036/759 1331/1047/771 1330/1046/770 1318/1035/758
f 1320/1037/760 1332/1048/772 1331/1047/771 1319/1036/759
f 1321/1038/761 1333/1049/773 1332/1048/772 1320/1037/760
f 1322/1039/762 1334/1050/774 1333/1049/773 1321/1038/761
f 1323/1040/763 1335/1051/775 1334/1050/774 1322/1039/762
f 1324/1041/764 1336/1052/776 1335/1051/775 1323/1040/763
f 1326/1042/765 1338/1053/777 1337/1054/778 1325/31/766
f 1327/1043/767 1339/1055/779 1338/1053/777 1326/1042/765
f 1328/1044/768 1340/1056/780 1339/1055/779 1327/1043/767
f 1329/1045/769 1341/1057/781 1340/1056/780 1328/1044/768
f 1330/1046/770 1342/1058/782 1341/1057/781 1329/1045/769
f 1331/1047/771 1343/1059/783 1342/1058/782 1330/1046/770
f 1332/1048/772 1344/1060/784 1343/1059/783 1331/1047/771
f 1333/1049/773 1345/1061/785 1344/1060/784 1332/1048/772
f 1334/1050/774 1346/1062/786 1345/1061/785 1333/1049/773
f 1335/1051/775 1347/1063/787 1346/1062/786 1334/1050/774
f 1336/1052/776 1348/1064/788 1347/1063/787 1335/1051/775
f 1338/1053/777 1350/1065/789 1349/1066/790 1337/1054/778
f 1339/1055/779 1351/1067/791 1350/1065/789 1338/1053/777
f 1340/1056/780 1352/1068/792 1351/1067/791 1339/1055/779
f 1341/1057/781 1353/1069/793 1352/1068/792 1340/1056/780
f 1342/1058/782 1354/1070/794 1353/1069/793 1341/1057/781
f 1343/1059/783 1355/1071/795 1354/1070/794 1342/1058/782
f 1344/1060/784 1356/1072/796 1355/1071/795 1343/1059/783
f 1345/1061/785 1357/1073/797 1356/1072/796 1344/1060/784
f 1346/1062/786 1358/1074/798 1357/1073/797 1345/1061/785
f 1347/1063/787 1359/1075/799 1358/1074/798 1346/1062/786
f 1348/1064/788 1360/1076/800 1359/1075/799 1347/1063/787
f 1350/1065/789 1362/1077/801 1361/1078/802 1349/1066/790
f 1351/1067/791 1363/1079/803 1362/1077/801 1350/1065/789
f 1352/1068/792 1364/1080/804 1363/1079/803 1351/1067/791
f 1353/1069/793 1365/1081/805 1364/1080/804 1352/1068/792
f 1354/1070/794 1366/1082/806 1365/1081/805 1353/1069/793
f 1355/1071/795 1367/1083/807 1366/1082/806 1354/1070/794
f 1356/1072/796 1368/1084/808 1367/1083/807 1355/1071/795
f 1357/1073/797 1369/1085/809 1368/1084/808 1356/1072/796
f 1358/1074/798 1370/1086/810 1369/1085/809 1357/1073/797
f 1359/1075/799 1371/1087/811 1370/1086/810 1358/1074/798
f 1360/1076/800 1372/1088/812 1371/1087/811 1359/1075/799
f 1362/1077/801 1374/1089/813 1373/1090/814 1361/1078/802
f 1363/1079/803 1375/1091/815 1374/1089/813 1362/1077/801
f 1364/1080/804 1376/1092/816 1375/1091/815 1363/1079/803
f 1365/1081/805 1377/1093/817 1376/1092/816 1364/1080/804
f 1366/1082/806 1378/1094/818 1377/1093/817 1365/1081/805
f 1367/1083/807 1379/1095/819 1378/1094/818 1366/1082/806
f 1368/1084/808 1380/1096/820 1379/1095/819 1367/1083/807
f 1369/1085/809 1381/1097/821 1380/1096/820 1368/1084/808
f 1370/1086/810 1382/1098/822 1381/1097/821 1369/1085/809
f 1371/1087/811 1383/1099/823 1382/1098/822 1370/1086/810
f 1372/1088/812 1384/1100/824 1383/1099/823 1371/1087/811
f 1374/1089/813 1386/1101/825 1385/1102/826 1373/1090/814
f 1375/1091/815 1387/1103/827 1386/1101/825 1374/1089/813
f 1376/1092/816 1388/1104/828 1387/1103/827 1375/1091/815
f 1377/1093/817 1389/1105/829 1388/1104/828 1376/1092/816
f 1378/1094/818 1390/1106/830 1389/1105/829 1377/1093/817
f 1379/1095/819 1391/1107/831 1390/1106/830 1378/1094/818
f 1380/1096/820 1392/1108/832 1391/1107/831 1379/1095/819
f 1381/1097/821 1393/1109/833 1392/1108/832 1380/1096/820
f 1382/1098/822 1394/1110/834 1393/1109/833 1381/1097/821
f 1383/1099/823 1395/1111/835 1394/1110/834 1382/1098/822
f 1384/1100/824 1396/1112/836 1395/1111/835 1383/1099/823
f 1386/1101/825 1398/1113/837 1397/1114/838 1385/1102/826
f 1387/1103/827 1399/1115/839 1398/1113/837 1386/1101/825
f 1388/1104/828 1400/1116/840 1399/1115/839 1387/1103/827
f 1389/1105/829 1401/1117/841 1400/1116/840 1388/1104/828
f 1390/1106/830 1402/1118/842 1401/1117/841 1389/1105/829
f 1391/1107/831 1403/1119/843 1402/1118/842 1390/1106/830
f 1392/1108/832 1404/1120/844 1403/1119/843 1391/1107/831
f 1393/1109/833 1405/1121/845 1404/1120/844 1392/1108/832
f 1394/1110/834 1406/1122/846 1405/1121/845 1393/1109/833
f 1395/1111/835 1407/1123/847 1406/1122/846 1394/1110/834
f 1396/1112/836 1408/1124/848 1407/1123/847 1395/1111/835
f 1398/1113/837 1410/1125/849 1409/1126/850 1397/1114/838
f 1399/1115/839 1411/1127/851 1410/1125/849 1398/1113/837
f 1400/1116/840 1412/1128/852 1411/1127/851 1399/1115/839
f 1401/1117/841 1413/1129/853 1412/1128/852 1400/1116/840
f 1402/1118/842 1414/1130/854 1413/1129/853 1401/1117/841
f 1403/1119/843 1415/1131/855 1414/1130/854 1402/1118/842
f 1404/1120/844 1416/1132/856 1415/1131/855 1403/1119/843
f 1405/1121/845 1417/1133/857 1416/1132/856 1404/1120/844
f 1406/1122/846 1418/1134/858 1417/1133/857 1405/1121/845
f 1407/1123/847 1419/1135/859 1418/1134/858 1406/1122/846
f 1408/1124/848 1420/1136/860 1419/1135/859 1407/1123/847
f 1410/1125/849 1422/1137/861 1421/1138/862 1409/1126/850
f 1411/1127/851 1423/1139/863 1422/1137/861 1410/1125/849
f 1412/1128/852 1424/1140/864 1423/1139/863 1411/1127/851
f 1413/1129/853 1425/1141/865 1424/1140/864 1412/1128/852
f 1414/1130/854 1426/1142/866 1425/1141/865 1413/1129/853
f 1415/1131/855 1427/1143/867 1426/1142/866 1414/1130/854
f 1416/1132/856 1428/1144/868 1427/1143/867 1415/1131/855
f 1417/1133/857 1429/1145/869 1428/1144/868 1416/1132/856
f 1418/1134/858 1430/1146/870 1429/1145/869 1417/1133/857
f 1419/1135/859 1431/1147/871 1430/1146/870 1418/1134/858
f 1420/1136/860 1432/1148/872 1431/1147/871 1419/1135/859
f 1422/1137/861 1434/1149/873 1433/1150/874 1421/1138/862
f 1423/1139/863 1435/1151/875 1434/1149/873 1422/1137/861
f 1424/1140/864 1436/1152/876 1435/1151/875 1423/1139/863
f 1425/1141/865 1437/1153/877 1436/1152/876 1424/1140/864
f 1426/1142/866 1438/1154/878 1437/1153/877 1425/1141/865
f 1427/1143/867 1439/1155/879 1438/1154/878 1426/1142/866
f 1428/1144/868 1440/1156/880 1439/1155/879 1427/1143/867
f 1429/1145/869 1441/1157/881 1440/1156/880 1428/1144/868
f 1430/1146/870 1442/1158/882 1441/1157/881 1429/1145/869
f 1431/1147/871 1443/1159/883 1442/1158/882 1430/1146/870
f 1432/1148/872 1444/1160/884 1443/1159/883 1431/1147/871
f 1434/1149/873 1446/1161/885 1445/1162/886 1433/1150/874
f 1435/1151/875 1447/1163/887 1446/1161/885 1434/1149/873
f 1436/1152/876 1448/1164/888 1447/1163/887 1435/1151/875
f 1437/1153/877 1449/1165/889 1448/1164/888 1436/1152/876
f 1438/1154/878 1450/1166/890 1449/1165/889 1437/1153/877
f 1439/1155/879 1451/1167/891 1450/1166/890 1438/1154/878
f 1440/1156/880 1452/1168/892 1451/1167/891 1439/1155/879
f 1441/1157/881 1453/1169/893 1452/1168/892 1440/1156/880
f 1442/1158/882 1454/1170/894 1453/1169/893 1441/1157/881
f 1443/1159/883 1455/1171/895 1454/1170/894 1442/1158/882
f 1444/1160/884 1456/1172/896 1455/1171/895 1443/1159/883
f 1446/1161/885 1458/1173/897 1457/1174/898 1445/1162/886
f 1447/1163/887 1459/1175/899 1458/1173/897 1446/1161/885
f 1448/1164/888 1460/1176/900 1459/1175/899 1447/1163/887
f 1449/1165/889 1461/1177/901 1460/1176/900 1448/1164/888
f 1450/1166/890 1462/1178/902 1461/1177/901 1449/1165/889
f 1451/1167/891 1463/1179/903 1462/1178/902 1450/1166/890
f 1452/1168/892 1464/1180/904 1463/1179/903 1451/1167/891
f 1453/1169/893 1465/1181/905 1464/1180/904 1452/1168/892
f 1454/1170/894 1466/1182/906 1465/1181/905 1453/1169/893
f 1455/1171/895 1467/1183/907 1466/1182/906 1454/1170/894
f 1456/1172/896 1468/1184/908 1467/1183/907 1455/1171/895
f 1458/1173/897 1470/1185/909 1469/1186/910 1457/1174/898
f 1459/1175/899 1471/1187/911 1470/1185/909 1458/1173/897
f 1460/1176/900 1472/1188/912 1471/1187/911 1459/1175/899
f 1461/1177/901 1473/1189/913 1472/1188/912 1460/1176/900
f 1462/1178/902 1474/1190/914 1473/1189/913 1461/1177/901
f 1463/1179/903 1475/1191/915 1474/1190/914 1462/1178/902
f 1464/1180/904 1476/1192/916 1475/1191/915 1463/1179/903
f 1465/1181/905 1477/1193/917 1476/1192/916 1464/1180/904
f 1466/1182/906 1478/1194/918 1477/1193/917 1465/1181/905
f 1467/1183/907 1479/1195/919 1478/1194/918 1466/1182/906
f 1468/1184/908 1480/1196/920 1479/1195/919 1467/1183/907
f 1470/1185/909 1482/1197/921 1481/1198/922 1469/1186/910
f 1471/1187/911 1483/1199/923 1482/1197/921 1470/1185/909
f 1472/1188/912 1484/1200/924 1483/1199/923 1471/1187/911
f 1473/1189/913 1485/1201/925 1484/1200/924 1472/1188/912
f 1474/1190/914 1486/1202/926 1485/1201/925 1473/1189/913
f 1475/1191/915 1487/1203/927 1486/1202/926 1474/1190/914
f 1476/1192/916 1488/1204/928 1487/1203/927 1475/1191/915
f 1477/1193/917 1489/1205/929 1488/1204/928 1476/1192/916
f 1478/1194/918 1490/1206/930 1489/1205/929 1477/1193/917
f 1479/1195/919 1491/1207/931 1490/1206/930 1478/1194/918
f 1480/1196/920 1492/1208/932 1491/1207/931 1479/1195/919
f 1482/1197/921 1494/1209/933 1493/1210/934 1481/1198/922
f 1483/1199/923 1495/1211/935 1494/1209/933 1482/1197/921
f 1484/1200/924 1496/1212/936 1495/1211/935 1483/1199/923
f 1485/1201/925 1497/1213/937 1496/1212/936 1484/1200/924
f 1486/1202/926 1498/1214/938 1497/1213/937 1485/1201/925
f 1487/1203/927 1499/1215/939 1498/1214/938 1486/1202/926
f 1488/1204/928 1500/1216/940 1499/1215/939 1487/1203/927
f 1489/1205/929 1501/1217/941 1500/1216/940 1488/1204/928
f 1490/1206/930 1502/1218/942 1501/1217/941 1489/1205/929
f 1491/1207/931 1503/1219/943 1502/1218/942 1490/1206/930
f 1492/1208/932 1504/1220/944 1503/1219/943 1491/1207/931
f 1494/1209/933 1506/1221/945 1505/1222/946 1493/1210/934
f 1495/1211/935 1507/1223/947 1506/1221/945 1494/1209/933
f 1496/1212/936 1508/1224/948 1507/1223/947 1495/1211/935
f 1497/1213/937 1509/1225/949 1508/1224/948 1496/1212/936
f 1498/1214/938 1510/1226/950 1509/1225/949 1497/1213/937
f 1499/1215/939 1511/1227/951 1510/1226/950 1498/1214/938
f 1500/1216/940 1512/1228/952 1511/1227/951 1499/1215/939
f 1501/1217/941 1513/1229/953 1512/1228/952 1500/1216/940
f 1502/1218/942 1514/1230/954 1513/1229/953 1501/1217/941
f 1503/1219/943 1515/1231/955 1514/1230/954 1502/1218/942
f 1504/1220/944 1516/1232/956 1515/1231/955 1503/1219/943
f 1506/1221/945 1518/1233/957 1517/1234/958 1505/1222/946
f 1507/1223/947 1519/1235/959 1518/1233/957 1506/1221/945
f 1508/1224/948 1520/1236/960 1519/1235/959 1507/1223/947
f 1509/1225/949 1521/1237/961 1520/1236/960 1508/1224/948
f 1510/1226/950 1522/1238/962 1521/1237/961 1509/1225/949
f 1511/1227/951 1523/1239/963 1522/1238/962 1510/1226/950
f 1512/1228/952 1524/1240/964 1523/1239/963 1511/1227/951
f 1513/1229/953 1525/1241/965 1524/1240/964 1512/1228/952
f 1514/1230/954 1526/1242/966 1525/1241/965 1513/1229/953
f 1515/1231/955 1527/1243/967 1526/1242/966 1514/1230/954
f 1516/1232/956 1528/1244/968 1527/1243/967 1515/1231/955
f 1518/1233/957 1530/1245/969 1529/1246/970 1517/1234/958
f 1519/1235/959 1531/1247/971 1530/1245/969 1518/1233/957
f 1520/1236/960 1532/1248/972 1531/1247/971 1519/1235/959
f 1521/1237/961 1533/1249/973 1532/1248/972 1520/1236/960
f 1522/1238/962 1534/1250/974 1533/1249/973 1521/1237/961
f 1523/1239/963 1535/1251/975 1534/1250/974 1522/1238/962
f 1524/1240/964 1536/1252/976 1535/1251/975 1523/1239/963
f 1525/1241/965 1537/1253/977 1536/1252/976 1524/1240/964
f 1526/1242/966 1538/1254/978 1537/1253/977 1525/1241/965
f 1527/1243/967 1539/1255/979 1538/1254/978 1526/1242/966
f 1528/1244/968 1540/1256/980 1539/1255/979 1527/1243/967
f 1530/1245/969 1542/1257/981 1541/1258/982 1529/1246/970
f 1531/1247/971 1543/1259/983 1542/1257/981 1530/1245/969
f 1532/1248/972 1544/1260/984 1543/1259/983 1531/1247/971
f 1533/1249/973 1545/1261/985 1544/1260/984 1532/1248/972
f 1534/1250/974 1546/1262/986 1545/1261/985 1533/1249/973
f 1535/1251/975 1547/1263/987 1546/1262/986 1534/1250/974
f 1536/1252/976 1548/1264/988 1547/1263/987 1535/1251/975
f 1537/1253/977 1549/1265/989 1548/1264/988 1536/1252/976
f 1538/1254/978 1550/1266/990 1549/1265/989 1537/1253/977
f 1539/1255/979 1551/1267/991 1550/1266/990 1538/1254/978
f 1540/1256/980 1552/1268/992 1551/1267/991 1539/1255/979
f 1542/1257/981 1554/1269/993 1553/1270/994 1541/1258/982
f 1543/1259/983 1555/1271/995 1554/1269/993 1542/1257/981
f 1544/1260/984 1556/1272/996 1555/1271/995 1543/1259/983
f 1545/1261/985 1557/1273/997 1556/1272/996 1544/1260/984
f 1546/1262/986 1558/1274/998 1557/1273/997 1545/1261/985
f 1547/1263/987 1559/1275/999 1558/1274/998 1546/1262/986
f 1548/1264/988 1560/1276/1000 1559/1275/999 1547/1263/987
f 1549/1265/989 1561/1277/1001 1560/1276/1000 1548/1264/988
f 1550/1266/990 1562/1278/1002 1561/1277/1001 1549/1265/989
f 1551/1267/991 1563/1279/1003 1562/1278/1002 1550/1266/990
f 1552/1268/992 1564/1280/1004 1563/1279/1003 1551/1267/991
f 1554/1269/993 1566/1281/1005 1565/1282/1006 1553/1270/994
f 1555/1271/995 1567/1283/1007 1566/1281/1005 1554/1269/993
f 1556/1272/996 1568/1284/1008 1567/1283/1007 1555/1271/995
f 1557/1273/997 1569/1285/1009 1568/1284/1008 1556/1272/996
f 1558/1274/998 1570/1286/1010 1569/1285/1009 1557/1273/997
f 1559/1275/999 1571/1287/1011 1570/1286/1010 1558/1274/998
f 1560/1276/1000 1572/1288/1012 1571/1287/1011 1559/1275/999
f 1561/1277/1001 1573/1289/1013 1572/1288/1012 1560/1276/1000
f 1562/1278/1002 1574/1290/1014 1573/1289/1013 1561/1277/1001
f 1563/1279/1003 1575/1291/1015 1574/1290/1014 1562/1278/1002
f 1564/1280/1004 1576/1292/1016 1575/1291/1015 1563/1279/1003
f 1566/1281/1005 1578/1293/1017 1577/41/1018 1565/1282/1006
f 1567/1283/1007 1579/1294/1019 1578/1293/1017 1566/1281/1005
f 1568/1284/1008 1580/1295/1020 1579/1294/1019 1567/1283/1007
f 1569/1285/1009 1581/1296/1021 1580/1295/1020 1568/1284/1008
f 1570/1286/1010 1582/1297/1022 1581/1296/1021 1569/1285/1009
f 1571/1287/1011 1583/1298/1023 1582/1297/1022 1570/1286/1010
f 1572/1288/1012 1584/1299/1024 1583/1298/1023 1571/1287/1011
f 1573/1289/1013 1585/1300/1025 1584/1299/1024 1572/1288/1012
f 1574/1290/1014 1586/1301/1026 1585/1300/1025 1573/1289/1013
f 1575/1291/1015 1587/1302/1027 1586/1301/1026 1574/1290/1014
f 1576/1292/1016 1588/1303/1028 1587/1302/1027 1575/1291/1015
f 1578/1293/1017 1590/1304/1029 1589/1305/1030 1577/41/1018
f 1579/1294/1019 1591/1306/1031 1590/1304/1029 1578/1293/1017
f 1580/1295/1020 1592/1307/1032 1591/1306/1031 1579/1294/1019
f 1581/1296/1021 1593/1308/1033 1592/1307/1032 1580/1295/1020
f 1582/1297/1022 1594/1309/1034 1593/1308/1033 1581/1296/1021
f 1583/1298/1023 1595/1310/1035 1594/1309/1034 1582/1297/1022
f 1584/1299/1024 1596/1311/1036 1595/1310/1035 1583/1298/1023
f 1585/1300/1025 1597/1312/1037 1596/1311/1036 1584/1299/1024
f 1586/1301/1026 1598/1313/1038 1597/1312/1037 1585/1300/1025
f 1587/1302/1027 1599/1314/1039 1598/1313/1038 1586/1301/1026
f 1588/1303/1028 1600/1315/1040 1599/1314/1039 1587/1302/1027
f 1590/1304/1029 1602/1316/1041 1601/1317/1042 1589/1305/1030
f 1591/1306/1031 1603/1318/1043 1602/1316/1041 1590/1304/1029
f 1592/1307/1032 1604/1319/1044 1603/1318/1043 1591/1306/1031
f 1593/1308/1033 1605/1320/1045 1604/1319/1044 1592/1307/1032
f 1594/1309/1034 1606/1321/1046 1605/1320/1045 1593/1308/1033
f 1595/1310/1035 1607/1322/1047 1606/1321/1046 1594/1309/1034
f 1596/1311/1036 1608/1323/1048 1607/1322/1047 1595/1310/1035
f 1597/1312/1037 1609/1324/1049 1608/1323/1048 1596/1311/1036
f 1598/1313/1038 1610/1325/1050 1609/1324/1049 1597/1312/1037
f 1599/1314/1039 1611/1326/1051 1610/1325/1050 1598/1313/1038
f 1600/1315/1040 1612/1327/1052 1611/1326/1051 1599/1314/1039
f 1602/1316/1041 1614/1328/1053 1613/1329/1054 1601/1317/1042
f 1603/1318/1043 1615/1330/1055 1614/1328/1053 1602/1316/1041
f 1604/1319/1044 1616/1331/1056 1615/1330/1055 1603/1318/1043
f 1605/1320/1045 1617/1332/1057 1616/1331/1056 1604/1319/1044
f 1606/1321/1046 1618/1333/1058 1617/1332/1057 1605/1320/1045
f 1607/1322/1047 1619/1334/1059 1618/1333/1058 1606/1321/1046
f 1608/1323/1048 1620/1335/1060 1619/1334/1059 1607/1322/1047
f 1609/1324/1049 1621/1336/1061 1620/1335/1060 1608/1323/1048
f 1610/1325/1050 1622/1337/1062 1621/1336/1061 1609/1324/1049
f 1611/1326/1051 1623/1338/1063 1622/1337/1062 1610/1325/1050
f 1612/1327/1052 1624/1339/1064 1623/1338/1063 1611/1326/1051
f 1614/1328/1053 1626/1340/1065 1625/1341/1066 1613/1329/1054
f 1615/1330/1055 1627/1342/1067 1626/1340/1065 1614/1328/1053
f 1616/1331/1056 1628/1343/1068 1627/1342/1067 1615/1330/1055
f 1617/1332/1057 1629/1344/1069 1628/1343/1068 1616/1331/1056
f 1618/1333/1058 1630/1345/1070 1629/1344/1069 1617/1332/1057
f 1619/1334/1059 1631/1346/1071 1630/1345/1070 1618/1333/1058
f 1620/1335/1060 1632/1347/1072 1631/1346/1071 1619/1334/1059
f 1621/1336/1061 1633/1348/1073 1632/1347/1072 1620/1335/1060
f 1622/1337/1062 1634/1349/1074 1633/1348/1073 1621/1336/1061
f 1623/1338/1063 1635/1350/1075 1634/1349/1074 1622/1337/1062
f 1624/1339/1064 1636/1351/1076 1635/1350/1075 1623/1338/1063
f 1626/1340/1065 1638/1352/1077 1637/1353/1078 1625/1341/1066
f 1627/1342/1067 1639/1354/1079 1638/1352/1077 1626/1340/1065
f 1628/1343/1068 1640/1355/1080 1639/1354/1079 1627/1342/1067
f 1629/1344/1069 1641/1356/1081 1640/1355/1080 1628/1343/1068
f 1630/1345/1070 1642/1357/1082 1641/1356/1081 1629/1344/1069
f 1631/1346/1071 1643/1358/1083 1642/1357/1082 1630/1345/1070
f 1632/1347/1072 1644/1359/1084 1643/1358/1083 1631/1346/1071
f 1633/1348/1073 1645/1360/1085 1644/1359/1084 1632/1347/1072
f 1634/1349/1074 1646/1361/1086 1645/1360/1085 1633/1348/1073
f 1635/1350/1075 1647/1362/1087 1646/1361/1086 1634/1349/1074
f 1636/1351/1076 1648/1363/1088 1647/1362/1087 1635/1350/1075
f 1638/1352/1077 1650/1364/1089 1649/1365/1090 1637/1353/1078
f 1639/1354/1079 1651/1366/1091 1650/1364/1089 1638/1352/1077
f 1640/1355/1080 1652/1367/1092 1651/1366/1091 1639/1354/1079
f 1641/1356/1081 1653/1368/1093 1652/1367/1092 1640/1355/1080
f 1642/1357/1082 1654/1369/1094 1653/1368/1093 1641/1356/1081
f 1643/1358/1083 1655/1370/1095 1654/1369/1094 1642/1357/1082
f 1644/1359/1084 1656/1371/1096 1655/1370/1095 1643/1358/1083
f 1645/1360/1085 1657/1372/1097 1656/1371/1096 1644/1359/1084
f 1646/1361/1086 1658/1373/1098 1657/1372/1097 1645/1360/1085
f 1647/1362/1087 1659/1374/1099 1658/1373/1098 1646/1361/1086
f 1648/1363/1088 1660/1375/1100 1659/1374/1099 1647/1362/1087
f 1650/1364/1089 1662/1376/1101 1661/1377/1102 1649/1365/1090
f 1651/1366/1091 1663/1378/1103 1662/1376/1101 1650/1364/1089
f 1652/1367/1092 1664/1379/1104 1663/1378/1103 1651/1366/1091
f 1653/1368/1093 1665/1380/1105 1664/1379/1104 1652/1367/1092
f 1654/1369/1094 1666/1381/1106 1665/1380/1105 1653/1368/1093
f 1655/1370/1095 1667/1382/1107 1666/1381/1106 1654/1369/1094
f 1656/1371/1096 1668/1383/1108 1667/1382/1107 1655/1370/1095
f 1657/1372/1097 1669/1384/1109 1668/1383/1108 1656/1371/1096
f 1658/1373/1098 1670/1385/1110 1669/1384/1109 1657/1372/1097
f 1659/1374/1099 1671/1386/1111 1670/1385/1110 1658/1373/1098
f 1660/1375/1100 1672/1387/1112 1671/1386/1111 1659/1374/1099
f 1662/1376/1101 1674/1388/1113 1673/1389/1114 1661/1377/1102
f 1663/1378/1103 1675/1390/1115 1674/1388/1113 1662/1376/1101
f 1664/1379/1104 1676/1391/1116 1675/1390/1115 1663/1378/1103
f 1665/1380/1105 1677/1392/1117 1676/1391/1116 1664/1379/1104
f 1666/1381/1106 1678/1393/1118 1677/1392/1117 1665/1380/1105
f 1667/1382/1107 1679/1394/1119 1678/1393/1118 1666/1381/1106
f 1668/1383/1108 1680/1395/1120 1679/1394/1119 1667/1382/1107
f 1669/1384/1109 1681/1396/1121 1680/1395/1120 1668/1383/1108
f 1670/1385/1110 1682/1397/1122 1681/1396/1121 1669/1384/1109
f 1671/1386/1111 1683/1398/1123 1682/1397/1122 1670/1385/1110
f 1672/1387/1112 1684/1399/1124 1683/1398/1123 1671/1386/1111
f 1674/1388/1113 1686/1400/1125 1685/1401/1126 1673/1389/1114
f 1675/1390/1115 1687/1402/1127 1686/1400/1125 1674/1388/1113
f 1676/1391/1116 1688/1403/1128 1687/1402/1127 1675/1390/1115
f 1677/1392/1117 1689/1404/1129 1688/1403/1128 1676/1391/1116
f 1678/1393/1118 1690/1405/1130 1689/1404/1129 1677/1392/1117
f 1679/1394/1119 1691/1406/1131 1690/1405/1130 1678/1393/1118
f 1680/1395/1120 1692/1407/1132 1691/1406/1131 1679/1394/1119
f 1681/1396/1121 1693/1408/1133 1692/1407/1132 1680/1395/1120
f 1682/1397/1122 1694/1409/1134 1693/1408/1133 1681/1396/1121
f 1683/1398/1123 1695/1410/1135 1694/1409/1134 1682/1397/1122
f 1684/1399/1124 1696/1411/1136 1695/1410/1135 1683/1398/1123
f 1686/1400/1125 1698/1412/1137 1697/1413/1138 1685/1401/1126
f 1687/1402/1127 1699/1414/1139 1698/1412/1137 1686/1400/1125
f 1688/1403/1128 1700/1415/1140 1699/1414/1139 1687/1402/1127
f 1689/1404/1129 1701/1416/1141 1700/1415/1140 1688/1403/1128
f 1690/1405/1130 1702/1417/1142 1701/1416/1141 1689/1404/1129
f 1691/1406/1131 1703/1418/1143 1702/1417/1142 1690/1405/1130
f 1692/1407/1132 1704/1419/1144 1703/1418/1143 1691/1406/1131
f 1693/1408/1133 1705/1420/1145 1704/1419/1144 1692/1407/1132
f 1694/1409/1134 1706/1421/1146 1705/1420/1145 1693/1408/1133
f 1695/1410/1135 1707/1422/1147 1706/1421/1146 1694/1409/1134
f 1696/1411/1136 1708/1423/1148 1707/1422/1147 1695/1410/1135
f 1698/1412/1137 1710/1424/1149 1709/1425/1150 1697/1413/1138
f 1699/1414/1139 1711/1426/1151 1710/1424/1149 1698/1412/1137
f 1700/1415/1140 1712/1427/1152 1711/1426/1151 1699/1414/1139
f 1701/1416/1141 1713/1428/1153 1712/1427/1152 1700/1415/1140
f 1702/1417/1142 1714/1429/1154 1713/1428/1153 1701/1416/1141
f 1703/1418/1143 1715/1430/1155 1714/1429/1154 1702/1417/1142
f 1704/1419/1144 1716/1431/1156 1715/1430/1155 1703/1418/1143
f 1705/1420/1145 1717/1432/1157 1716/1431/1156 1704/1419/1144
f 1706/1421/1146 1718/1433/1158 1717/1432/1157 1705/1420/1145
f 1707/1422/1147 1719/1434/1159 1718/1433/1158 1706/1421/1146
f 1708/1423/1148 1720/1435/1160 1719/1434/1159 1707/1422/1147
f 1710/1424/1149 1722/1436/1161 1721/1437/1162 1709/1425/1150
f 1711/1426/1151 1723/1438/1163 1722/1436/1161 1710/1424/1149
f 1712/1427/1152 1724/1439/1164 1723/1438/1163 1711/1426/1151
f 1713/1428/1153 1725/1440/1165 1724/1439/1164 1712/1427/1152
f 1714/1429/1154 1726/1441/1166 1725/1440/1165 1713/1428/1153
f 1715/1430/1155 1727/1442/1167 1726/1441/1166 1714/1429/1154
f 1716/1431/1156 1728/1443/1168 1727/1442/1167 1715/1430/1155
f 1717/1432/1157 1729/1444/1169 1728/1443/1168 1716/1431/1156
f 1718/1433/1158 1730/1445/1170 1729/1444/1169 1717/1432/1157
f 1719/1434/1159 1731/1446/1171 1730/1445/1170 1718/1433/1158
f 1720/1435/1160 1732/1447/1172 1731/1446/1171 1719/1434/1159
f 1722/1436/1161 1734/1448/1173 1733/1449/1174 1721/1437/1162
f 1723/1438/1163 1735/1450/1175 1734/1448/1173 1722/1436/1161
f 1724/1439/1164 1736/1451/1176 1735/1450/1175 1723/1438/1163
f 1725/1440/1165 1737/1452/1177 1736/1451/1176 1724/1439/1164
f 1726/1441/1166 1738/1453/1178 1737/1452/1177 1725/1440/1165
f 1727/1442/1167 1739/1454/1179 1738/1453/1178 1726/1441/1166
f 1728/1443/1168 1740/1455/1180 1739/1454/1179 1727/1442/1167
f 1729/1444/1169 1741/1456/1181 1740/1455/1180 1728/1443/1168
f 1730/1445/1170 1742/1457/1182 1741/1456/1181 1729/1444/1169
f 1731/1446/1171 1743/1458/1183 1742/1457/1182 1730/1445/1170
f 1732/1447/1172 1744/1459/1184 1743/1458/1183 1731/1446/1171
f 1734/1448/1173 1746/1460/1185 1745/129/1186 1733/1449/1174
f 1735/1450/1175 1747/1461/1187 1746/1460/1185 1734/1448/1173
f 1736/1451/1176 1748/1462/1188 1747/1461/1187 1735/1450/1175
f 1737/1452/1177 1749/1463/1189 1748/1462/1188 1736/1451/1176
f 1738/1453/1178 1750/1464/1190 1749/1463/1189 1737/1452/1177
f 1739/1454/1179 1751/1465/1191 1750/1464/1190 1738/1453/1178
f 1740/1455/1180 1752/1466/1192 1751/1465/1191 1739/1454/1179
f 1741/1456/1181 1753/1467/1193 1752/1466/1192 1740/1455/1180
f 1742/1457/1182 1754/1468/1194 1753/1467/1193 1741/1456/1181
f 1743/1458/1183 1755/1469/1195 1754/1468/1194 1742/1457/1182
f 1744/1459/1184 1756/1470/1196 1755/1469/1195 1743/1458/1183
f 1746/1460/1185 1758/1471/1197 1757/1472/1198 1745/129/1186
f 1747/1461/1187 1759/1473/1199 1758/1471/1197 1746/1460/1185
f 1748/1462/1188 1760/1474/1200 1759/1473/1199 1747/1461/1187
f 1749/1463/1189 1761/1475/1201 1760/1474/1200 1748/1462/1188
f 1750/1464/1190 1762/1476/1202 1761/1475/1201 1749/1463/1189
f 1751/1465/1191 1763/1477/1203 1762/1476/1202 1750/1464/1190
f 1752/1466/1192 1764/1478/1204 1763/1477/1203 1751/1465/1191
f 1753/1467/1193 1765/1479/1205 1764/1478/1204 1752/1466/1192
f 1754/1468/1194 1766/1480/1206 1765/1479/1205 1753/1467/1193
f 1755/1469/1195 1767/1481/1207 1766/1480/1206 1754/1468/1194
f 1756/1470/1196 1768/1482/1208 1767/1481/1207 1755/1469/1195
f 1758/1471/1197 1770/1483/1209 1769/1484/1210 1757/1472/1198
f 1759/1473/1199 1771/1485/1211 1770/1483/1209 1758/1471/1197
f 1760/1474/1200 1772/1486/1212 1771/1485/1211 1759/1473/1199
f 1761/1475/1201 1773/1487/1213 1772/1486/1212 1760/1474/1200
f 1762/1476/1202 1774/1488/1214 1773/1487/1213 1761/1475/1201
f 1763/1477/1203 1775/1489/1215 1774/1488/1214 1762/1476/1202
f 1764/1478/1204 1776/1490/1216 1775/1489/1215 1763/1477/1203
f 1765/1479/1205 1777/1491/1217 1776/1490/1216 1764/1478/1204
f 1766/1480/1206 1778/1492/1218 1777/1491/1217 1765/1479/1205
f 1767/1481/1207 1779/1493/1219 1778/1492/1218 1766/1480/1206
f 1768/1482/1208 1780/1494/1220 1779/1493/1219 1767/1481/1207
f 1770/1483/1209 1782/1495/1221 1781/1496/1222 1769/1484/1210
f 1771/1485/1211 1783/1497/1223 1782/1495/1221 1770/1483/1209
f 1772/1486/1212 1784/1498/1224 1783/1497/1223 1771/1485/1211
f 1773/1487/1213 1785/1499/1225 1784/1498/1224 1772/1486/1212
f 1774/1488/1214 1786/1500/1226 1785/1499/1225 1773/1487/1213
f 1775/1489/1215 1787/1501/1227 1786/1500/1226 1774/1488/1214
f 1776/1490/1216 1788/1502/1228 1787/1501/1227 1775/1489/1215
f 1777/1491/1217 1789/1503/1229 1788/1502/1228 1776/1490/1216
f 1778/1492/1218 1790/1504/1230 1789/1503/1229 1777/1491/1217
f 1779/1493/1219 1791/1505/1231 1790/1504/1230 1778/1492/1218
f 1780/1494/1220 1792/1506/1232 1791/1505/1231 1779/1493/1219
f 1782/1495/1221 1794/1507/1233 1793/1508/1234 1781/1496/1222
f 1783/1497/1223 1795/1509/1235 1794/1507/1233 1782/1495/1221
f 1784/1498/1224 1796/1510/1236 1795/1509/1235 1783/1497/1223
f 1785/1499/1225 1797/1511/1237 1796/1510/1236 1784/1498/1224
f 1786/1500/1226 1798/1512/1238 1797/1511/1237 1785/1499/1225
f 1787/1501/1227 1799/1513/1239 1798/1512/1238 1786/1500/1226
f 1788/1502/1228 1800/1514/1240 1799/1513/1239 1787/1501/1227
f 1789/1503/1229 1801/1515/1241 1800/1514/1240 1788/1502/1228
f 1790/1504/1230 1802/1516/1242 1801/1515/1241 1789/1503/1229
f 1791/1505/1231 1803/1517/1243 1802/1516/1242 1790/1504/1230
f 1792/1506/1232 1804/1518/1244 1803/1517/1243 1791/1505/1231
f 1794/1507/1233 1806/1519/1245 1805/1520/1246 1793/1508/1234
f 1795/1509/1235 1807/1521/1247 1806/1519/1245 1794/1507/1233
f 1796/1510/1236 1808/1522/1248 1807/1521/1247 1795/1509/1235
f 1797/1511/1237 1809/1523/1249 1808/1522/1248 1796/1510/1236
f 1798/1512/1238 1810/1524/1250 1809/1523/1249 1797/1511/1237
f 1799/1513/1239 1811/1525/1251 1810/1524/1250 1798/1512/1238
f 1800/1514/1240 1812/1526/1252 1811/1525/1251 1799/1513/1239
f 1801/1515/1241 1813/1527/1253 1812/1526/1252 1800/1514/1240
f 1802/1516/1242 1814/1528/1254 1813/1527/1253 1801/1515/1241
f 1803/1517/1243 1815/1529/1255 1814/1528/1254 1802/1516/1242
f 1804/1518/1244 1816/1530/1256 1815/1529/1255 1803/1517/1243
f 1806/1519/1245 1818/1531/1257 1817/1532/1258 1805/1520/1246
f 1807/1521/1247 1819/1533/1259 1818/1531/1257 1806/1519/1245
f 1808/1522/1248 1820/1534/1260 1819/1533/1259 1807/1521/1247
f 1809/1523/1249 1821/1535/1261 1820/1534/1260 1808/1522/1248
f 1810/1524/1250 1822/1536/1262 1821/1535/1261 1809/1523/1249
f 1811/1525/1251 1823/1537/1263 1822/1536/1262 1810/1524/1250
f 1812/1526/1252 1824/1538/1264 1823/1537/1263 1811/1525/1251
f 1813/1527/1253 1825/1539/1265 1824/1538/1264 1812/1526/1252
f 1814/1528/1254 1826/1540/1266 1825/1539/1265 1813/1527/1253
f 1815/1529/1255 1827/1541/1267 1826/1540/1266 1814/1528/1254
f 1816/1530/1256 1828/1542/1268 1827/1541/1267 1815/1529/1255
f 1818/1531/1257 1830/1543/1269 1829/55/1270 1817/1532/1258
f 1819/1533/1259 1831/1544/1271 1830/1543/1269 1818/1531/1257
f 1820/1534/1260 1832/1545/1272 1831/1544/1271 1819/1533/1259
f 1821/1535/1261 1833/1546/1273 1832/1545/1272 1820/1534/1260
f 1822/1536/1262 1834/1547/1274 1833/1546/1273 1821/1535/1261
f 1823/1537/1263 1835/1548/1275 1834/1547/1274 1822/1536/1262
f 1824/1538/1264 1836/1549/1276 1835/1548/1275 1823/1537/1263
f 1825/1539/1265 1837/1550/1277 1836/1549/1276 1824/1538/1264
f 1826/1540/1266 1838/1551/1278 1837/1550/1277 1825/1539/1265
f 1827/1541/1267 1839/1552/1279 1838/1551/1278 1826/1540/1266
f 1828/1542/1268 1840/1553/1280 1839/1552/1279 1827/1541/1267
f 1830/1543/1269 1842/1554/1281 1841/1555/1282 1829/55/1270
f 1831/1544/1271 1843/1556/1283 1842/1554/1281 1830/1543/1269
f 1832/1545/1272 1844/1557/1284 1843/1556/1283 1831/1544/1271
f 1833/1546/1273 1845/1558/1285 1844/1557/1284 1832/1545/1272
f 1834/1547/1274 1846/1559/1286 1845/1558/1285 1833/1546/1273
f 1835/1548/1275 1847/1560/1287 1846/1559/1286 1834/1547/1274
f 1836/1549/1276 1848/1561/1288 1847/1560/1287 1835/1548/1275
f 1837/1550/1277 1849/1562/1289 1848/1561/1288 1836/1549/1276
f 1838/1551/1278 1850/1563/1290 1849/1562/1289 1837/1550/1277
f 1839/1552/1279 1851/1564/1291 1850/1563/1290 1838/1551/1278
f 1840/1553/1280 1852/1565/1292 1851/1564/1291 1839/1552/1279
f 1842/1554/1281 1854/1566/1293 1853/1567/1294 1841/1555/1282
f 1843/1556/1283 1855/1568/1295 1854/1566/1293 1842/1554/1281
f 1844/1557/1284 1856/1569/1296 1855/1568/1295 1843/1556/1283
f 1845/1558/1285 1857/1570/1297 1856/1569/1296 1844/1557/1284
f 1846/1559/1286 1858/1571/1298 1857/1570/1297 1845/1558/1285
f 1847/1560/1287 1859/1572/1299 1858/1571/1298 1846/1559/1286
f 1848/1561/1288 1860/1573/1300 1859/1572/1299 1847/1560/1287
f 1849/1562/1289 1861/1574/1301 1860/1573/1300 1848/1561/1288
f 1850/1563/1290 1862/1575/1302 1861/1574/1301 1849/1562/1289
f 1851/1564/1291 1863/1576/1303 1862/1575/1302 1850/1563/1290
f 1852/1565/1292 1864/1577/1304 1863/1576/1303 1851/1564/1291
f 1854/1566/1293 1866/1578/1305 1865/1579/1306 1853/1567/1294
f 1855/1568/1295 1867/1580/1307 1866/1578/1305 1854/1566/1293
f 1856/1569/1296 1868/1581/1308 1867/1580/1307 1855/1568/1295
f 1857/1570/1297 1869/1582/1309 1868/1581/1308 1856/1569/1296
f 1858/1571/1298 1870/1583/1310 1869/1582/1309 1857/1570/1297
f 1859/1572/1299 1871/1584/1311 1870/1583/1310 1858/1571/1298
f 1860/1573/1300 1872/1585/1312 1871/1584/1311 1859/1572/1299
f 1861/1574/1301 1873/1586/1313 1872/1585/1312 1860/1573/1300
f 1862/1575/1302 1874/1587/1314 1873/1586/1313 1861/1574/1301
f 1863/1576/1303 1875/1588/1315 1874/1587/1314 1862/1575/1302
f 1864/1577/1304 1876/1589/1316 1875/1588/1315 1863/1576/1303
f 1866/1578/1305 1878/1590/1317 1877/1591/1318 1865/1579/1306
f 1867/1580/1307 1879/1592/1319 1878/1590/1317 1866/1578/1305
f 1868/1581/1308 1880/1593/1320 1879/1592/1319 1867/1580/1307
f 1869/1582/1309 1881/1594/1321 1880/1593/1320 1868/1581/1308
f 1870/1583/1310 1882/1595/1322 1881/1594/1321 1869/1582/1309
f 1871/1584/1311 1883/1596/1323 1882/1595/1322 1870/1583/1310
f 1872/1585/1312 1884/1597/1324 1883/1596/1323 1871/1584/1311
f 1873/1586/1313 1885/1598/1325 1884/1597/1324 1872/1585/1312
f 1874/1587/1314 1886/1599/1326 1885/1598/1325 1873/1586/1313
f 1875/1588/1315 1887/1600/1327 1886/1599/1326 1874/1587/1314
f 1876/1589/1316 1888/1601/1328 1887/1600/1327 1875/1588/1315
f 1878/1590/1317 1890/1602/1329 1889/1603/1330 1877/1591/1318
f 1879/1592/1319 1891/1604/1331 1890/1602/1329 1878/1590/1317
f 1880/1593/1320 1892/1605/1332 1891/1604/1331 1879/1592/1319
f 1881/1594/1321 1893/1606/1333 1892/1605/1332 1880/1593/1320
f 1882/1595/1322 1894/1607/1334 1893/1606/1333 1881/1594/1321
f 1883/1596/1323 1895/1608/1335 1894/1607/1334 1882/1595/1322
f 1884/1597/1324 1896/1609/1336 1895/1608/1335 1883/1596/1323
f 1885/1598/1325 1897/1610/1337 1896/1609/1336 1884/1597/1324
f 1886/1599/1326 1898/1611/1338 1897/1610/1337 1885/1598/1325
f 1887/1600/1327 1899/1612/1339 1898/1611/1338 1886/1599/1326
f 1888/1601/1328 1900/1613/1340 1899/1612/1339 1887/1600/1327
f 1890/1602/1329 1902/1614/1341 1901/1615/1342 1889/1603/1330
f 1891/1604/1331 1903/1616/1343 1902/1614/1341 1890/1602/1329
f 1892/1605/1332 1904/1617/1344 1903/1616/1343 1891/1604/1331
f 1893/1606/1333 1905/1618/1345 1904/1617/1344 1892/1605/1332
f 1894/1607/1334 1906/1619/1346 1905/1618/1345 1893/1606/1333
f 1895/1608/1335 1907/1620/1347 1906/1619/1346 1894/1607/1334
f 1896/1609/1336 1908/1621/1348 1907/1620/1347 1895/1608/1335
f 1897/1610/1337 1909/1622/1349 1908/1621/1348 1896/1609/1336
f 1898/1611/1338 1910/1623/1350 1909/1622/1349 1897/1610/1337
f 1899/1612/1339 1911/1624/1351 1910/1623/1350 1898/1611/1338
f 1900/1613/1340 1912/1625/1352 1911/1624/1351 1899/1612/1339
f 1902/1614/1341 1914/1626/1353 1913/1627/1354 1901/1615/1342
f 1903/1616/1343 1915/1628/1355 1914/1626/1353 1902/1614/1341
f 1904/1617/1344 1916/1629/1356 1915/1628/1355 1903/1616/1343
f 1905/1618/1345 1917/1630/1357 1916/1629/1356 1904/1617/1344
f 1906/1619/1346 1918/1631/1358 1917/1630/1357 1905/1618/1345
f 1907/1620/1347 1919/1632/1359 1918/1631/1358 1906/1619/1346
f 1908/1621/1348 1920/1633/1360 1919/1632/1359 1907/1620/1347
f 1909/1622/1349 1921/1634/1361 1920/1633/1360 1908/1621/1348
f 1910/1623/1350 1922/1635/1362 1921/1634/1361 1909/1622/1349
f 1911/1624/1351 1923/1636/1363 1922/1635/1362 1910/1623/1350
f 1912/1625/1352 1924/1637/1364 1923/1636/1363 1911/1624/1351
f 1914/1626/1353 1926/1638/1365 1925/1639/1366 1913/1627/1354
f 1915/1628/1355 1927/1640/1367 1926/1638/1365 1914/1626/1353
f 1916/1629/1356 1928/1641/1368 1927/1640/1367 1915/1628/1355
f 1917/1630/1357 1929/1642/1369 1928/1641/1368 1916/1629/1356
f 1918/1631/1358 1930/1643/1370 1929/1642/1369 1917/1630/1357
f 1919/1632/1359 1931/1644/1371 1930/1643/1370 1918/1631/1358
f 1920/1633/1360 1932/1645/1372 1931/1644/1371 1919/1632/1359
f 1921/1634/1361 1933/1646/1373 1932/1645/1372 1920/1633/1360
f 1922/1635/1362 1934/1647/1374 1933/1646/1373 1921/1634/1361
f 1923/1636/1363 1935/1648/1375 1934/1647/1374 1922/1635/1362
f 1924/1637/1364 1936/1649/1376 1935/1648/1375 1923/1636/1363
f 1926/1638/1365 1938/1650/1377 1937/1651/1378 1925/1639/1366
f 1927/1640/1367 1939/1652/1379 1938/1650/1377 1926/1638/1365
f 1928/1641/1368 1940/1653/1380 1939/1652/1379 1927/1640/1367
f 1929/1642/1369 1941/1654/1381 1940/1653/1380 1928/1641/1368
f 1930/1643/1370 1942/1655/1382 1941/1654/1381 1929/1642/1369
f 1931/1644/1371 1943/1656/1383 1942/1655/1382 1930/1643/1370
f 1932/1645/1372 1944/1657/1384 1943/1656/1383 1931/1644/1371
f 1933/1646/1373 1945/1658/1385 1944/1657/1384 1932/1645/1372
f 1934/1647/1374 1946/1659/1386 1945/1658/1385 1933/1646/1373
f 1935/1648/1375 1947/1660/1387 1946/1659/1386 1934/1647/1374
f 1936/1649/1376 1948/1661/1388 1947/1660/1387 1935/1648/1375
f 1938/1650/1377 1950/1662/1389 1949/1663/1390 1937/1651/1378
f 1939/1652/1379 1951/1664/1391 1950/1662/1389 1938/1650/1377
f 1940/1653/1380 1952/1665/1392 1951/1664/1391 1939/1652/1379
f 1941/1654/1381 1953/1666/1393 1952/1665/1392 1940/1653/1380
f 1942/1655/1382 1954/1667/1394 1953/1666/1393 1941/1654/1381
f 1943/1656/1383 1955/1668/1395 1954/1667/1394 1942/1655/1382
f 1944/1657/1384 1956/1669/1396 1955/1668/1395 1943/1656/1383
f 1945/1658/1385 1957/1670/1397 1956/1669/1396 1944/1657/1384
f 1946/1659/1386 1958/1671/1398 1957/1670/1397 1945/1658/1385
f 1947/1660/1387 1959/1672/1399 1958/1671/1398 1946/1659/1386
f 1948/1661/1388 1960/1673/1400 1959/1672/1399 1947/1660/1387
f 1950/1662/1389 1962/1674/1401 1961/1675/1402 1949/1663/1390
f 1951/1664/1391 1963/1676/1403 1962/1674/1401 1950/1662/1389
f 1952/1665/1392 1964/1677/1404 1963/1676/1403 1951/1664/1391
f 1953/1666/1393 1965/1678/1405 1964/1677/1404 1952/1665/1392
f 1954/1667/1394 1966/1679/1406 1965/1678/1405 1953/1666/1393
f 1955/1668/1395 1967/1680/1407 1966/1679/1406 1954/1667/1394
f 1956/1669/1396 1968/1681/1408 1967/1680/1407 1955/1668/1395
f 1957/1670/1397 1969/1682/1409 1968/1681/1408 1956/1669/1396
f 1958/1671/1398 1970/1683/1410 1969/1682/1409 1957/1670/1397
f 1959/1672/1399 1971/1684/1411 1970/1683/1410 1958/1671/1398
f 1960/1673/1400 1972/1685/1412 1971/1684/1411 1959/1672/1399
f 1962/1674/1401 1974/1686/1413 1973/1687/1414 1961/1675/1402
f 1963/1676/1403 1975/1688/1415 1974/1686/1413 1962/1674/1401
f 1964/1677/1404 1976/1689/1416 1975/1688/1415 1963/1676/1403
f 1965/1678/1405 1977/1690/1417 1976/1689/1416 1964/1677/1404
f 1966/1679/1406 1978/1691/1418 1977/1690/1417 1965/1678/1405
f 1967/1680/1407 1979/1692/1419 1978/1691/1418 1966/1679/1406
f 1968/1681/1408 1980/1693/1420 1979/1692/1419 1967/1680/1407
f 1969/1682/1409 1981/1694/1421 1980/1693/1420 1968/1681/1408
f 1970/1683/1410 1982/1695/1422 1981/1694/1421 1969/1682/1409
f 1971/1684/1411 1983/1696/1423 1982/1695/1422 1970/1683/1410
f 1972/1685/1412 1984/1697/1424 1983/1696/1423 1971/1684/1411
f 1974/1686/1413 1986/1698/1425 1985/1699/1426 1973/1687/1414
f 1975/1688/1415 1987/1700/1427 1986/1698/1425 1974/1686/1413
f 1976/1689/1416 1988/1701/1428 1987/1700/1427 1975/1688/1415
f 1977/1690/1417 1989/1702/1429 1988/1701/1428 1976/1689/1416
f 1978/1691/1418 1990/1703/1430 1989/1702/1429 1977/1690/1417
f 1979/1692/1419 1991/1704/1431 1990/1703/1430 1978/1691/1418
f 1980/1693/1420 1992/1705/1432 1991/1704/1431 1979/1692/1419
f 1981/1694/1421 1993/1706/1433 1992/1705/1432 1980/1693/1420
f 1982/1695/1422 1994/1707/1434 1993/1706/1433 1981/1694/1421
f 1983/1696/1423 1995/1708/1435 1994/1707/1434 1982/1695/1422
f 1984/1697/1424 1996/1709/1436 1995/1708/1435 1983/1696/1423
f 1986/1698/1425 1998/1710/1437 1997/1711/1438 1985/1699/1426
f 1987/1700/1427 1999/1712/1439 1998/1710/1437 1986/1698/1425
f 1988/1701/1428 2000/1713/1440 1999/1712/1439 1987/1700/1427
f 1989/1702/1429 2001/1714/1441 2000/1713/1440 1988/1701/1428
f 1990/1703/1430 2002/1715/1442 2001/1714/1441 1989/1702/1429
f 1991/1704/1431 2003/1716/1443 2002/1715/1442 1990/1703/1430
f 1992/1705/1432 2004/1717/1444 2003/1716/1443 1991/1704/1431
f 1993/1706/1433 2005/1718/1445 2004/1717/1444 1992/1705/1432
f 1994/1707/1434 2006/1719/1446 2005/1718/1445 1993/1706/1433
f 1995/1708/1435 2007/1720/1447 2006/1719/1446 1994/1707/1434
f 1996/1709/1436 2008/1721/1448 2007/1720/1447 1995/1708/1435
f 1998/1710/1437 2010/1722/1449 2009/1723/1450 1997/1711/1438
f 1999/1712/1439 2011/1724/1451 2010/1722/1449 1998/1710/1437
f 2000/1713/1440 2012/1725/1452 2011/1724/1451 1999/1712/1439
f 2001/1714/1441 2013/1726/1453 2012/1725/1452 2000/1713/1440
f 2002/1715/1442 2014/1727/1454 2013/1726/1453 2001/1714/1441
f 2003/1716/1443 2015/1728/1455 2014/1727/1454 2002/1715/1442
f 2004/1717/1444 2016/1729/1456 2015/1728/1455 2003/1716/1443
f 2005/1718/1445 2017/1730/1457 2016/1729/1456 2004/1717/1444
f 2006/1719/1446 2018/1731/1458 2017/1730/1457 2005/1718/1445
f 2007/1720/1447 2019/1732/1459 2018/1731/1458 2006/1719/1446
f 2008/1721/1448 2020/1733/1460 2019/1732/1459 2007/1720/1447
f 2010/1722/1449 2022/1734/1461 2021/1735/1462 2009/1723/1450
f 2011/1724/1451 2023/1736/1463 2022/1734/1461 2010/1722/1449
f 2012/1725/1452 2024/1737/1464 2023/1736/1463 2011/1724/1451
f 2013/1726/1453 2025/1738/1465 2024/1737/1464 2012/1725/1452
f 2014/1727/1454 2026/1739/1466 2025/1738/1465 2013/1726/1453
f 2015/1728/1455 2027/1740/1467 2026/1739/1466 2014/1727/1454
f 2016/1729/1456 2028/1741/1468 2027/1740/1467 2015/1728/1455
f 2017/1730/1457 2029/1742/1469 2028/1741/1468 2016/1729/1456
f 2018/1731/1458 2030/1743/1470 2029/1742/1469 2017/1730/1457
f 2019/1732/1459 2031/1744/1471 2030/1743/1470 2018/1731/1458
f 2020/1733/1460 2032/1745/1472 2031/1744/1471 2019/1732/1459
f 2022/1734/1461 2034/1746/1473 2033/1747/1474 2021/1735/1462
f 2023/1736/1463 2035/1748/1475 2034/1746/1473 2022/1734/1461
f 2024/1737/1464 2036/1749/1476 2035/1748/1475 2023/1736/1463
f 2025/1738/1465 2037/1750/1477 2036/1749/1476 2024/1737/1464
f 2026/1739/1466 2038/1751/1478 2037/1750/1477 2025/1738/1465
f 2027/1740/1467 2039/1752/1479 2038/1751/1478 2026/1739/1466
f 2028/1741/1468 2040/1753/1480 2039/1752/1479 2027/1740/1467
f 2029/1742/1469 2041/1754/1481 2040/1753/1480 2028/1741/1468
f 2030/1743/1470 2042/1755/1482 2041/1754/1481 2029/1742/1469
f 2031/1744/1471 2043/1756/1483 2042/1755/1482 2030/1743/1470
f 2032/1745/1472 2044/1757/1484 2043/1756/1483 2031/1744/1471
f 2034/1746/1473 2046/1758/1485 2045/1759/1486 2033/1747/1474
f 2035/1748/1475 2047/1760/1487 2046/1758/1485 2034/1746/1473
f 2036/1749/1476 2048/1761/1488 2047/1760/1487 2035/1748/1475
f 2037/1750/1477 2049/1762/1489 2048/1761/1488 2036/1749/1476
f 2038/1751/1478 2050/1763/1490 2049/1762/1489 2037/1750/1477
f 2039/1752/1479 2051/1764/1491 2050/1763/1490 2038/1751/1478
f 2040/1753/1480 2052/1765/1492 2051/1764/1491 2039/1752/1479
f 2041/1754/1481 2053/1766/1493 2052/1765/1492 2040/1753/1480
f 2042/1755/1482 2054/1767/1494 2053/1766/1493 2041/1754/1481
f 2043/1756/1483 2055/1768/1495 2054/1767/1494 2042/1755/1482
f 2044/1757/1484 2056/1769/1496 2055/1768/1495 2043/1756/1483
f 2046/1758/1485 2058/1770/1497 2057/1771/1498 2045/1759/1486
f 2047/1760/1487 2059/1772/1499 2058/1770/1497 2046/1758/1485
f 2048/1761/1488 2060/1773/1500 2059/1772/1499 2047/1760/1487
f 2049/1762/1489 2061/1774/1501 2060/1773/1500 2048/1761/1488
f 2050/1763/1490 2062/1775/1502 2061/1774/1501 2049/1762/1489
f 2051/1764/1491 2063/1776/1503 2062/1775/1502 2050/1763/1490
f 2052/1765/1492 2064/1777/1504 2063/1776/1503 2051/1764/1491
f 2053/1766/1493 2065/1778/1505 2064/1777/1504 2052/1765/1492
f 2054/1767/1494 2066/1779/1506 2065/1778/1505 2053/1766/1493
f 2055/1768/1495 2067/1780/1507 2066/1779/1506 2054/1767/1494
f 2056/1769/1496 2068/1781/1508 2067/1780/1507 2055/1768/1495
f 2058/1770/1497 2070/1782/1509 2069/1783/1510 2057/1771/1498
f 2059/1772/1499 2071/1784/1511 2070/1782/1509 2058/1770/1497
f 2060/1773/1500 2072/1785/1512 2071/1784/1511 2059/1772/1499
f 2061/1774/1501 2073/1786/1513 2072/1785/1512 2060/1773/1500
f 2062/1775/1502 2074/1787/1514 2073/1786/1513 2061/1774/1501
f 2063/1776/1503 2075/1788/1515 2074/1787/1514 2062/1775/1502
f 2064/1777/1504 2076/1789/1516 2075/1788/1515 2063/1776/1503
f 2065/1778/1505 2077/1790/1517 2076/1789/1516 2064/1777/1504
f 2066/1779/1506 2078/1791/1518 2077/1790/1517 2065/1778/1505
f 2067/1780/1507 2079/1792/1519 2078/1791/1518 2066/1779/1506
f 2068/1781/1508 2080/1793/1520 2079/1792/1519 2067/1780/1507
f 2070/1782/1509 2082/1794/1521 2081/73/1522 2069/1783/1510
f 2071/1784/1511 2083/1795/1523 2082/1794/1521 2070/1782/1509
f 2072/1785/1512 2084/1796/1524 2083/1795/1523 2071/1784/1511
f 2073/1786/1513 2085/1797/1525 2084/1796/1524 2072/1785/1512
f 2074/1787/1514 2086/1798/1526 2085/1797/1525 2073/1786/1513
f 2075/1788/1515 2087/1799/1527 2086/1798/1526 2074/1787/1514
f 2076/1789/1516 2088/1800/1528 2087/1799/1527 2075/1788/1515
f 2077/1790/1517 2089/1801/1529 2088/1800/1528 2076/1789/1516
f 2078/1791/1518 2090/1802/1530 2089/1801/1529 2077/1790/1517
f 2079/1792/1519 2091/1803/1531 2090/1802/1530 2078/1791/1518
f 2080/1793/1520 2092/1804/1532 2091/1803/1531 2079/1792/1519
f 2082/1794/1521 2094/1805/1533 2093/1806/1534 2081/73/1522
f 2083/1795/1523 2095/1807/1535 2094/1805/1533 2082/1794/1521
f 2084/1796/1524 2096/1808/1536 2095/1807/1535 2083/1795/1523
f 2085/1797/1525 2097/1809/1537 2096/1808/1536 2084/1796/1524
f 2086/1798/1526 2098/1810/1538 2097/1809/1537 2085/1797/1525
f 2087/1799/1527 2099/1811/1539 2098/1810/1538 2086/1798/1526
f 2088/1800/1528 2100/1812/1540 2099/1811/1539 2087/1799/1527
f 2089/1801/1529 2101/1813/1541 2100/1812/1540 2088/1800/1528
f 2090/1802/1530 2102/1814/1542 2101/1813/1541 2089/1801/1529
f 2091/1803/1531 2103/1815/1543 2102/1814/1542 2090/1802/1530
f 2092/1804/1532 2104/1816/1544 2103/1815/1543 2091/1803/1531
f 2094/1805/1533 2106/1817/1545 2105/1818/1546 2093/1806/1534
f 2095/1807/1535 2107/1819/1547 2106/1817/1545 2094/1805/1533
f 2096/1808/1536 2108/1820/1548 2107/1819/1547 2095/1807/1535
f 2097/1809/1537 2109/1821/1549 2108/1820/1548 2096/1808/1536
f 2098/1810/1538 2110/1822/1550 2109/1821/1549 2097/1809/1537
f 2099/1811/1539 2111/1823/1551 2110/1822/1550 2098/1810/1538
f 2100/1812/1540 2112/1824/1552 2111/1823/1551 2099/1811/1539
f 2101/1813/1541 2113/1825/1553 2112/1824/1552 2100/1812/1540
f 2102/1814/1542 2114/1826/1554 2113/1825/1553 2101/1813/1541
f 2103/1815/1543 2115/1827/1555 2114/1826/1554 2102/1814/1542
f 2104/1816/1544 2116/1828/1556 2115/1827/1555 2103/1815/1543
f 2106/1817/1545 2118/1829/1557 2117/1830/1558 2105/1818/1546
f 2107/1819/1547 2119/1831/1559 2118/1829/1557 2106/1817/1545
f 2108/1820/1548 2120/1832/1560 2119/1831/1559 2107/1819/1547
f 2109/1821/1549 2121/1833/1561 2120/1832/1560 2108/1820/1548
f 2110/1822/1550 2122/1834/1562 2121/1833/1561 2109/1821/1549
f 2111/1823/1551 2123/1835/1563 2122/1834/1562 2110/1822/1550
f 2112/1824/1552 2124/1836/1564 2123/1835/1563 2111/1823/1551
f 2113/1825/1553 2125/1837/1565 2124/1836/1564 2112/1824/1552
f 2114/1826/1554 2126/1838/1566 2125/1837/1565 2113/1825/1553
f 2115/1827/1555 2127/1839/1567 2126/1838/1566 2114/1826/1554
f 2116/1828/1556 2128/1840/1568 2127/1839/1567 2115/1827/1555
f 2118/1829/1557 2130/1841/1569 2129/1842/1570 2117/1830/1558
f 2119/1831/1559 2131/1843/1571 2130/1841/1569 2118/1829/1557
f 2120/1832/1560 2132/1844/1572 2131/1843/1571 2119/1831/1559
f 2121/1833/1561 2133/1845/1573 2132/1844/1572 2120/1832/1560
f 2122/1834/1562 2134/1846/1574 2133/1845/1573 2121/1833/1561
f 2123/1835/1563 2135/1847/1575 2134/1846/1574 2122/1834/1562
f 2124/1836/1564 2136/1848/1576 2135/1847/1575 2123/1835/1563
f 2125/1837/1565 2137/1849/1577 2136/1848/1576 2124/1836/1564
f 2126/1838/1566 2138/1850/1578 2137/1849/1577 2125/1837/1565
f 2127/1839/1567 2139/1851/1579 2138/1850/1578 2126/1838/1566
f 2128/1840/1568 2140/1852/1580 2139/1851/1579 2127/1839/1567
f 2130/1841/1569 2142/1853/1581 2141/1854/1582 2129/1842/1570
f 2131/1843/1571 2143/1855/1583 2142/1853/1581 2130/1841/1569
f 2132/1844/1572 2144/1856/1584 2143/1855/1583 2131/1843/1571
f 2133/1845/1573 2145/1857/1585 2144/1856/1584 2132/1844/1572
f 2134/1846/1574 2146/1858/1586 2145/1857/1585 2133/1845/1573
f 2135/1847/1575 2147/1859/1587 2146/1858/1586 2134/1846/1574
f 2136/1848/1576 2148/1860/1588 2147/1859/1587 2135/1847/1575
f 2137/1849/1577 2149/1861/1589 2148/1860/1588 2136/1848/1576
f 2138/1850/1578 2150/1862/1590 2149/1861/1589 2137/1849/1577
f 2139/1851/1579 2151/1863/1591 2150/1862/1590 2138/1850/1578
f 2140/1852/1580 2152/1864/1592 2151/1863/1591 2139/1851/1579
f 2142/1853/1581 2154/1865/1593 2153/1866/1594 2141/1854/1582
f 2143/1855/1583 2155/1867/1595 2154/1865/1593 2142/1853/1581
f 2144/1856/1584 2156/1868/1596 2155/1867/1595 2143/1855/1583
f 2145/1857/1585 2157/1869/1597 2156/1868/1596 2144/1856/1584
f 2146/1858/1586 2158/1870/1598 2157/1869/1597 2145/1857/1585
f 2147/1859/1587 2159/1871/1599 2158/1870/1598 2146/1858/1586
f 2148/1860/1588 2160/1872/1600 2159/1871/1599 2147/1859/1587
f 2149/1861/1589 2161/1873/1601 2160/1872/1600 2148/1860/1588
f 2150/1862/1590 2162/1874/1602 2161/1873/1601 2149/1861/1589
f 2151/1863/1591 2163/1875/1603 2162/1874/1602 2150/1862/1590
f 2152/1864/1592 2164/1876/1604 2163/1875/1603 2151/1863/1591
f 2154/1865/1593 2166/1877/1605 2165/1878/1606 2153/1866/1594
f 2155/1867/1595 2167/1879/1607 2166/1877/1605 2154/1865/1593
f 2156/1868/1596 2168/1880/1608 2167/1879/1607 2155/1867/1595
f 2157/1869/1597 2169/1881/1609 2168/1880/1608 2156/1868/1596
f 2158/1870/1598 2170/1882/1610 2169/1881/1609 2157/1869/1597
f 2159/1871/1599 2171/1883/1611 2170/1882/1610 2158/1870/1598
f 2160/1872/1600 2172/1884/1612 2171/1883/1611 2159/1871/1599
f 2161/1873/1601 2173/1885/1613 2172/1884/1612 2160/1872/1600
f 2162/1874/1602 2174/1886/1614 2173/1885/1613 2161/1873/1601
f 2163/1875/1603 2175/1887/1615 2174/1886/1614 2162/1874/1602
f 2164/1876/1604 2176/1888/1616 2175/1887/1615 2163/1875/1603
f 2166/1877/1605 2178/1889/1617 2177/1890/1618 2165/1878/1606
f 2167/1879/1607 2179/1891/1619 2178/1889/1617 2166/1877/1605
f 2168/1880/1608 2180/1892/1620 2179/1891/1619 2167/1879/1607
f 2169/1881/1609 2181/1893/1621 2180/1892/1620 2168/1880/1608
f 2170/1882/1610 2182/1894/1622 2181/1893/1621 2169/1881/1609
f 2171/1883/1611 2183/1895/1623 2182/1894/1622 2170/1882/1610
f 2172/1884/1612 2184/1896/1624 2183/1895/1623 2171/1883/1611
f 2173/1885/1613 2185/1897/1625 2184/1896/1624 2172/1884/1612
f 2174/1886/1614 2186/1898/1626 2185/1897/1625 2173/1885/1613
f 2175/1887/1615 2187/1899/1627 2186/1898/1626 2174/1886/1614
f 2176/1888/1616 2188/1900/1628 2187/1899/1627 2175/1887/1615
f 2178/1889/1617 2190/1901/1629 2189/1902/1630 2177/1890/1618
f 2179/1891/1619 2191/1903/1631 2190/1901/1629 2178/1889/1617
f 2180/1892/1620 2192/1904/1632 2191/1903/1631 2179/1891/1619
f 2181/1893/1621 2193/1905/1633 2192/1904/1632 2180/1892/1620
f 2182/1894/1622 2194/1906/1634 2193/1905/1633 2181/1893/1621
f 2183/1895/1623 2195/1907/1635 2194/1906/1634 2182/1894/1622
f 2184/1896/1624 2196/1908/1636 2195/1907/1635 2183/1895/1623
f 2185/1897/1625 2197/1909/1637 2196/1908/1636 2184/1896/1624
f 2186/1898/1626 2198/1910/1638 2197/1909/1637 2185/1897/1625
f 2187/1899/1627 2199/1911/1639 2198/1910/1638 2186/1898/1626
f 2188/1900/1628 2200/1912/1640 2199/1911/1639 2187/1899/1627
f 2190/1901/1629 2202/1913/1641 2201/1914/1642 2189/1902/1630
f 2191/1903/1631 2203/1915/1643 2202/1913/1641 2190/1901/1629
f 2192/1904/1632 2204/1916/1644 2203/1915/1643 2191/1903/1631
f 2193/1905/1633 2205/1917/1645 2204/1916/1644 2192/1904/1632
f 2194/1906/1634 2206/1918/1646 2205/1917/1645 2193/1905/1633
f 2195/1907/1635 2207/1919/1647 2206/1918/1646 2194/1906/1634
f 2196/1908/1636 2208/1920/1648 2207/1919/1647 2195/1907/1635
f 2197/1909/1637 2209/1921/1649 2208/1920/1648 2196/1908/1636
f 2198/1910/1638 2210/1922/1650 2209/1921/1649 2197/1909/1637
f 2199/1911/1639 2211/1923/1651 2210/1922/1650 2198/1910/1638
f 2200/1912/1640 2212/1924/1652 2211/1923/1651 2199/1911/1639
f 2202/1913/1641 2214/1925/1653 2213/1926/1654 2201/1914/1642
f 2203/1915/1643 2215/1927/1655 2214/1925/1653 2202/1913/1641
f 2204/1916/1644 2216/1928/1656 2215/1927/1655 2203/1915/1643
f 2205/1917/1645 2217/1929/1657 2216/1928/1656 2204/1916/1644
f 2206/1918/1646 2218/1930/1658 2217/1929/1657 2205/1917/1645
f 2207/1919/1647 2219/1931/1659 2218/1930/1658 2206/1918/1646
f 2208/1920/1648 2220/1932/1660 2219/1931/1659 2207/1919/1647
f 2209/1921/1649 2221/1933/1661 2220/1932/1660 2208/1920/1648
f 2210/1922/1650 2222/1934/1662 2221/1933/1661 2209/1921/1649
f 2211/1923/1651 2223/1935/1663 2222/1934/1662 2210/1922/1650
f 2212/1924/1652 2224/1936/1664 2223/1935/1663 2211/1923/1651
f 2214/1925/1653 2226/1937/1665 2225/1938/1666 2213/1926/1654
f 2215/1927/1655 2227/1939/1667 2226/1937/1665 2214/1925/1653
f 2216/1928/1656 2228/1940/1668 2227/1939/1667 2215/1927/1655
f 2217/1929/1657 2229/1941/1669 2228/1940/1668 2216/1928/1656
f 2218/1930/1658 2230/1942/1670 2229/1941/1669 2217/1929/1657
f 2219/1931/1659 2231/1943/1671 2230/1942/1670 2218/1930/1658
f 2220/1932/1660 2232/1944/1672 2231/1943/1671 2219/1931/1659
f 2221/1933/1661 2233/1945/1673 2232/1944/1672 2220/1932/1660
f 2222/1934/1662 2234/1946/1674 2233/1945/1673 2221/1933/1661
f 2223/1935/1663 2235/1947/1675 2234/1946/1674 2222/1934/1662
f 2224/1936/1664 2236/1948/1676 2235/1947/1675 2223/1935/1663
f 2226/1937/1665 2238/1949/1677 2237/1950/1678 2225/1938/1666
f 2227/1939/1667 2239/1951/1679 2238/1949/1677 2226/1937/1665
f 2228/1940/1668 2240/1952/1680 2239/1951/1679 2227/1939/1667
f 2229/1941/1669 2241/1953/1681 2240/1952/1680 2228/1940/1668
f 2230/1942/1670 2242/1954/1682 2241/1953/1681 2229/1941/1669
f 2231/1943/1671 2243/1955/1683 2242/1954/1682 2230/1942/1670
f 2232/1944/1672 2244/1956/1684 2243/1955/1683 2231/1943/1671
f 2233/1945/1673 2245/1957/1685 2244/1956/1684 2232/1944/1672
f 2234/1946/1674 2246/1958/1686 2245/1957/1685 2233/1945/1673
f 2235/1947/1675 2247/1959/1687 2246/1958/1686 2234/1946/1674
f 2236/1948/1676 2248/1960/1688 2247/1959/1687 2235/1947/1675
f 2238/1949/1677 2250/1961/1689 2249/1962/1690 2237/1950/1678
f 2239/1951/1679 2251/1963/1691 2250/1961/1689 2238/1949/1677
f 2240/1952/1680 2252/1964/1692 2251/1963/1691 2239/1951/1679
f 2241/1953/1681 2253/1965/1693 2252/1964/1692 2240/1952/1680
f 2242/1954/1682 2254/1966/1694 2253/1965/1693 2241/1953/1681
f 2243/1955/1683 2255/1967/1695 2254/1966/1694 2242/1954/1682
f 2244/1956/1684 2256/1968/1696 2255/1967/1695 2243/1955/1683
f 2245/1957/1685 2257/1969/1697 2256/1968/1696 2244/1956/1684
f 2246/1958/1686 2258/1970/1698 2257/1969/1697 2245/1957/1685
f 2247/1959/1687 2259/1971/1699 2258/1970/1698 2246/1958/1686
f 2248/1960/1688 2260/1972/1700 2259/1971/1699 2247/1959/1687
f 2250/1961/1689 2262/1973/1701 2261/1974/1702 2249/1962/1690
f 2251/1963/1691 2263/1975/1703 2262/1973/1701 2250/1961/1689
f 2252/1964/1692 2264/1976/1704 2263/1975/1703 2251/1963/1691
f 2253/1965/1693 2265/1977/1705 2264/1976/1704 2252/1964/1692
f 2254/1966/1694 2266/1978/1706 2265/1977/1705 2253/1965/1693
f 2255/1967/1695 2267/1979/1707 2266/1978/1706 2254/1966/1694
f 2256/1968/1696 2268/1980/1708 2267/1979/1707 2255/1967/1695
f 2257/1969/1697 2269/1981/1709 2268/1980/1708 2256/1968/1696
f 2258/1970/1698 2270/1982/1710 2269/1981/1709 2257/1969/1697
f 2259/1971/1699 2271/1983/1711 2270/1982/1710 2258/1970/1698
f 2260/1972/1700 2272/1984/1712 2271/1983/1711 2259/1971/1699
f 2262/1973/1701 2274/1985/1713 2273/1986/1714 2261/1974/1702
f 2263/1975/1703 2275/1987/1715 2274/1985/1713 2262/1973/1701
f 2264/1976/1704 2276/1988/1716 2275/1987/1715 2263/1975/1703
f 2265/1977/1705 2277/1989/1717 2276/1988/1716 2264/1976/1704
f 2266/1978/1706 2278/1990/1718 2277/1989/1717 2265/1977/1705
f 2267/1979/1707 2279/1991/1719 2278/1990/1718 2266/1978/1706
f 2268/1980/1708 2280/1992/1720 2279/1991/1719 2267/1979/1707
f 2269/1981/1709 2281/1993/1721 2280/1992/1720 2268/1980/1708
f 2270/1982/1710 2282/1994/1722 2281/1993/1721 2269/1981/1709
f 2271/1983/1711 2283/1995/1723 2282/1994/1722 2270/1982/1710
f 2272/1984/1712 2284/1996/1724 2283/1995/1723 2271/1983/1711
f 2274/1985/1713 2286/1997/1725 2285/1998/1726 2273/1986/1714
f 2275/1987/1715 2287/1999/1727 2286/1997/1725 2274/1985/1713
f 2276/1988/1716 2288/2000/1728 2287/1999/1727 2275/1987/1715
f 2277/1989/1717 2289/2001/1729 2288/2000/1728 2276/1988/1716
f 2278/1990/1718 2290/2002/1730 2289/2001/1729 2277/1989/1717
f 2279/1991/1719 2291/2003/1731 2290/2002/1730 2278/1990/1718
f 2280/1992/1720 2292/2004/1732 2291/2003/1731 2279/1991/1719
f 2281/1993/1721 2293/2005/1733 2292/2004/1732 2280/1992/1720
f 2282/1994/1722 2294/2006/1734 2293/2005/1733 2281/1993/1721
f 2283/1995/1723 2295/2007/1735 2294/2006/1734 2282/1994/1722
f 2284/1996/1724 2296/2008/1736 2295/2007/1735 2283/1995/1723
f 2286/1997/1725 2298/2009/1737 2297/2010/1738 2285/1998/1726
f 2287/1999/1727 2299/2011/1739 2298/2009/1737 2286/1997/1725
f 2288/2000/1728 2300/2012/1740 2299/2011/1739 2287/1999/1727
f 2289/2001/1729 2301/2013/1741 2300/2012/1740 2288/2000/1728
f 2290/2002/1730 2302/2014/1742 2301/2013/1741 2289/2001/1729
f 2291/2003/1731 2303/2015/1743 2302/2014/1742 2290/2002/1730
f 2292/2004/1732 2304/2016/1744 2303/2015/1743 2291/2003/1731
f 2293/2005/1733 2305/2017/1745 2304/2016/1744 2292/2004/1732
f 2294/2006/1734 2306/2018/1746 2305/2017/1745 2293/2005/1733
f 2295/2007/1735 2307/2019/1747 2306/2018/1746 2294/2006/1734
f 2296/2008/1736 2308/2020/1748 2307/2019/1747 2295/2007/1735
f 2298/2009/1737 2310/2021/1749 2309/2022/1750 2297/2010/1738
f 2299/2011/1739 2311/2023/1751 2310/2021/1749 2298/2009/1737
f 2300/2012/1740 2312/2024/1752 2311/2023/1751 2299/2011/1739
f 2301/2013/1741 2313/2025/1753 2312/2024/1752 2300/2012/1740
f 2302/2014/1742 2314/2026/1754 2313/2025/1753 2301/2013/1741
f 2303/2015/1743 2315/2027/1755 2314/2026/1754 2302/2014/1742
f 2304/2016/1744 2316/2028/1756 2315/2027/1755 2303/2015/1743
f 2305/2017/1745 2317/2029/1757 2316/2028/1756 2304/2016/1744
f 2306/2018/1746 2318/2030/1758 2317/2029/1757 2305/2017/1745
f 2307/2019/1747 2319/2031/1759 2318/2030/1758 2306/2018/1746
f 2308/2020/1748 2320/2032/1760 2319/2031/1759 2307/2019/1747
f 2310/2021/1749 2322/2033/1761 2321/2034/1762 2309/2022/1750
f 2311/2023/1751 2323/2035/1763 2322/2033/1761 2310/2021/1749
f 2312/2024/1752 2324/2036/1764 2323/2035/1763 2311/2023/1751
f 2313/2025/1753 2325/2037/1765 2324/2036/1764 2312/2024/1752
f 2314/2026/1754 2326/2038/1766 2325/2037/1765 2313/2025/1753
f 2315/2027/1755 2327/2039/1767 2326/2038/1766 2314/2026/1754
f 2316/2028/1756 2328/2040/1768 2327/2039/1767 2315/2027/1755
f 2317/2029/1757 2329/2041/1769 2328/2040/1768 2316/2028/1756
f 2318/2030/1758 2330/2042/1770 2329/2041/1769 2317/2029/1757
f 2319/2031/1759 2331/2043/1771 2330/2042/1770 2318/2030/1758
f 2320/2032/1760 2332/2044/1772 2331/2043/1771 2319/2031/1759
f 2322/2033/1761 570/2045/9 569/38/12 2321/2034/1762
f 2323/2035/1763 571/2046/13 570/2045/9 2322/2033/1761
f 2324/2036/1764 572/2047/15 571/2046/13 2323/2035/1763
f 2325/2037/1765 573/2048/17 572/2047/15 2324/2036/1764
f 2326/2038/1766 574/2049/19 573/2048/17 2325/2037/1765
f 2327/2039/1767 575/2050/21 574/2049/19 2326/2038/1766
f 2328/2040/1768 576/2051/23 575/2050/21 2327/2039/1767
f 2329/2041/1769 577/2052/25 576/2051/23 2328/2040/1768
f 2330/2042/1770 578/2053/27 577/2052/25 2329/2041/1769
f 2331/2043/1771 579/2054/29 578/2053/27 2330/2042/1770
f 2332/2044/1772 580/2055/31 579/2054/29 2331/2043/1771
f 2334/290/1773 2346/2056/1774 2345/2057/1775 2333/92/1776
f 2335/293/1777 2347/2058/1778 2346/2056/1774 2334/290/1773
f 2336/295/1779 2348/2059/1780 2347/2058/1778 2335/293/1777
f 2337/297/1781 2349/2060/1782 2348/2059/1780 2336/295/1779
f 2338/299/1783 2350/2061/1784 2349/2060/1782 2337/297/1781
f 2339/301/1785 2351/2062/1786 2350/2061/1784 2338/299/1783
f 2340/303/1787 2352/2063/1788 2351/2062/1786 2339/301/1785
f 2341/305/1789 2353/2064/1790 2352/2063/1788 2340/303/1787
f 2342/307/1791 2354/2065/1792 2353/2064/1790 2341/305/1789
f 2343/309/1793 2355/2066/1794 2354/2065/1792 2342/307/1791
f 2344/311/1776 2356/2067/1775 2355/2066/1794 2343/309/1793
f 2346/2056/1774 2358/2068/1795 2357/2069/1796 2345/2057/1775
f 2347/2058/1778 2359/2070/1797 2358/2068/1795 2346/2056/1774
f 2348/2059/1780 2360/2071/1798 2359/2070/1797 2347/2058/1778
f 2349/2060/1782 2361/2072/1799 2360/2071/1798 2348/2059/1780
f 2350/2061/1784 2362/2073/1800 2361/2072/1799 2349/2060/1782
f 2351/2062/1786 2363/2074/1801 2362/2073/1800 2350/2061/1784
f 2352/2063/1788 2364/2075/1802 2363/2074/1801 2351/2062/1786
f 2353/2064/1790 2365/2076/1803 2364/2075/1802 2352/2063/1788
f 2354/2065/1792 2366/2077/1804 2365/2076/1803 2353/2064/1790
f 2355/2066/1794 2367/2078/1805 2366/2077/1804 2354/2065/1792
f 2356/2067/1775 2368/2079/1806 2367/2078/1805 2355/2066/1794
f 2358/2068/1795 2370/2080/1807 2369/2081/1808 2357/2069/1796
f 2359/2070/1797 2371/2082/1809 2370/2080/1807 2358/2068/1795
f 2360/2071/1798 2372/2083/1810 2371/2082/1809 2359/2070/1797
f 2361/2072/1799 2373/2084/1811 2372/2083/1810 2360/2071/1798
f 2362/2073/1800 2374/2085/1812 2373/2084/1811 2361/2072/1799
f 2363/2074/1801 2375/2086/1813 2374/2085/1812 2362/2073/1800
f 2364/2075/1802 2376/2087/1814 2375/2086/1813 2363/2074/1801
f 2365/2076/1803 2377/2088/1815 2376/2087/1814 2364/2075/1802
f 2366/2077/1804 2378/2089/1816 2377/2088/1815 2365/2076/1803
f 2367/2078/1805 2379/2090/1817 2378/2089/1816 2366/2077/1804
f 2368/2079/1806 2380/2091/1818 2379/2090/1817 2367/2078/1805
f 2370/2080/1807 2382/2092/1819 2381/2093/1820 2369/2081/1808
f 2371/2082/1809 2383/2094/1821 2382/2092/1819 2370/2080/1807
f 2372/2083/1810 2384/2095/1822 2383/2094/1821 2371/2082/1809
f 2373/2084/1811 2385/2096/1823 2384/2095/1822 2372/2083/1810
f 2374/2085/1812 2386/2097/1824 2385/2096/1823 2373/2084/1811
f 2375/2086/1813 2387/2098/1825 2386/2097/1824 2374/2085/1812
f 2376/2087/1814 2388/2099/1826 2387/2098/1825 2375/2086/1813
f 2377/2088/1815 2389/2100/1827 2388/2099/1826 2376/2087/1814
f 2378/2089/1816 2390/2101/1828 2389/2100/1827 2377/2088/1815
f 2379/2090/1817 2391/2102/1829 2390/2101/1828 2378/2089/1816
f 2380/2091/1818 2392/2103/1830 2391/2102/1829 2379/2090/1817
f 2382/2092/1819 2394/2104/1831 2393/80/1832 2381/2093/1820
f 2383/2094/1821 2395/2105/1833 2394/2104/1831 2382/2092/1819
f 2384/2095/1822 2396/2106/1834 2395/2105/1833 2383/2094/1821
f 2385/2096/1823 2397/2107/1835 2396/2106/1834 2384/2095/1822
f 2386/2097/1824 2398/2108/1836 2397/2107/1835 2385/2096/1823
f 2387/2098/1825 2399/2109/1837 2398/2108/1836 2386/2097/1824
f 2388/2099/1826 2400/2110/1838 2399/2109/1837 2387/2098/1825
f 2389/2100/1827 2401/2111/1839 2400/2110/1838 2388/2099/1826
f 2390/2101/1828 2402/2112/1840 2401/2111/1839 2389/2100/1827
f 2391/2102/1829 2403/2113/1841 2402/2112/1840 2390/2101/1828
f 2392/2103/1830 2404/2114/1842 2403/2113/1841 2391/2102/1829
f 2394/2104/1831 2406/2115/1843 2405/2116/1844 2393/80/1832
f 2395/2105/1833 2407/2117/1845 2406/2115/1843 2394/2104/1831
f 2396/2106/1834 2408/2118/1846 2407/2117/1845 2395/2105/1833
f 2397/2107/1835 2409/2119/1847 2408/2118/1846 2396/2106/1834
f 2398/2108/1836 2410/2120/1848 2409/2119/1847 2397/2107/1835
f 2399/2109/1837 2411/2121/1849 2410/2120/1848 2398/2108/1836
f 2400/2110/1838 2412/2122/1850 2411/2121/1849 2399/2109/1837
f 2401/2111/1839 2413/2123/1851 2412/2122/1850 2400/2110/1838
f 2402/2112/1840 2414/2124/1852 2413/2123/1851 2401/2111/1839
f 2403/2113/1841 2415/2125/1853 2414/2124/1852 2402/2112/1840
f 2404/2114/1842 2416/2126/1854 2415/2125/1853 2403/2113/1841
f 2406/2115/1843 2418/2127/1855 2417/2128/1856 2405/2116/1844
f 2407/2117/1845 2419/2129/1857 2418/2127/1855 2406/2115/1843
f 2408/2118/1846 2420/2130/1858 2419/2129/1857 2407/2117/1845
f 2409/2119/1847 2421/2131/1859 2420/2130/1858 2408/2118/1846
f 2410/2120/1848 2422/2132/1860 2421/2131/1859 2409/2119/1847
f 2411/2121/1849 2423/2133/1861 2422/2132/1860 2410/2120/1848
f 2412/2122/1850 2424/2134/1862 2423/2133/1861 2411/2121/1849
f 2413/2123/1851 2425/2135/1863 2424/2134/1862 2412/2122/1850
f 2414/2124/1852 2426/2136/1864 2425/2135/1863 2413/2123/1851
f 2415/2125/1853 2427/2137/1865 2426/2136/1864 2414/2124/1852
f 2416/2126/1854 2428/2138/1866 2427/2137/1865 2415/2125/1853
f 2418/2127/1855 2430/2139/1867 2429/2140/1868 2417/2128/1856
f 2419/2129/1857 2431/2141/1869 2430/2139/1867 2418/2127/1855
f 2420/2130/1858 2432/2142/1870 2431/2141/1869 2419/2129/1857
f 2421/2131/1859 2433/2143/1871 2432/2142/1870 2420/2130/1858
f 2422/2132/1860 2434/2144/1872 2433/2143/1871 2421/2131/1859
f 2423/2133/1861 2435/2145/1873 2434/2144/1872 2422/2132/1860
f 2424/2134/1862 2436/2146/1874 2435/2145/1873 2423/2133/1861
f 2425/2135/1863 2437/2147/1875 2436/2146/1874 2424/2134/1862
f 2426/2136/1864 2438/2148/1876 2437/2147/1875 2425/2135/1863
f 2427/2137/1865 2439/2149/1877 2438/2148/1876 2426/2136/1864
f 2428/2138/1866 2440/2150/1878 2439/2149/1877 2427/2137/1865
f 2430/2139/1867 2442/2151/1879 2441/2152/1880 2429/2140/1868
f 2431/2141/1869 2443/2153/1881 2442/2151/1879 2430/2139/1867
f 2432/2142/1870 2444/2154/1882 2443/2153/1881 2431/2141/1869
f 2433/2143/1871 2445/2155/1883 2444/2154/1882 2432/2142/1870
f 2434/2144/1872 2446/2156/1884 2445/2155/1883 2433/2143/1871
f 2435/2145/1873 2447/2157/1885 2446/2156/1884 2434/2144/1872
f 2436/2146/1874 2448/2158/1886 2447/2157/1885 2435/2145/1873
f 2437/2147/1875 2449/2159/1887 2448/2158/1886 2436/2146/1874
f 2438/2148/1876 2450/2160/1888 2449/2159/1887 2437/2147/1875
f 2439/2149/1877 2451/2161/1889 2450/2160/1888 2438/2148/1876
f 2440/2150/1878 2452/2162/1890 2451/2161/1889 2439/2149/1877
f 2442/2151/1879 2454/2163/1891 2453/61/1892 2441/2152/1880
f 2443/2153/1881 2455/2164/1893 2454/2163/1891 2442/2151/1879
f 2444/2154/1882 2456/2165/1894 2455/2164/1893 2443/2153/1881
f 2445/2155/1883 2457/2166/1895 2456/2165/1894 2444/2154/1882
f 2446/2156/1884 2458/2167/1896 2457/2166/1895 2445/2155/1883
f 2447/2157/1885 2459/2168/1897 2458/2167/1896 2446/2156/1884
f 2448/2158/1886 2460/2169/1898 2459/2168/1897 2447/2157/1885
f 2449/2159/1887 2461/2170/1899 2460/2169/1898 2448/2158/1886
f 2450/2160/1888 2462/2171/1900 2461/2170/1899 2449/2159/1887
f 2451/2161/1889 2463/2172/1901 2462/2171/1900 2450/2160/1888
f 2452/2162/1890 2464/2173/1902 2463/2172/1901 2451/2161/1889
f 2454/2163/1891 2466/2174/1903 2465/2175/1904 2453/61/1892
f 2455/2164/1893 2467/2176/1905 2466/2174/1903 2454/2163/1891
f 2456/2165/1894 2468/2177/1906 2467/2176/1905 2455/2164/1893
f 2457/2166/1895 2469/2178/1907 2468/2177/1906 2456/2165/1894
f 2458/2167/1896 2470/2179/1908 2469/2178/1907 2457/2166/1895
f 2459/2168/1897 2471/2180/1909 2470/2179/1908 2458/2167/1896
f 2460/2169/1898 2472/2181/1910 2471/2180/1909 2459/2168/1897
f 2461/2170/1899 2473/2182/1911 2472/2181/1910 2460/2169/1898
f 2462/2171/1900 2474/2183/1912 2473/2182/1911 2461/2170/1899
f 2463/2172/1901 2475/2184/1913 2474/2183/1912 2462/2171/1900
f 2464/2173/1902 2476/2185/1914 2475/2184/1913 2463/2172/1901
f 2466/2174/1903 2478/2186/1915 2477/2187/1916 2465/2175/1904
f 2467/2176/1905 2479/2188/1917 2478/2186/1915 2466/2174/1903
f 2468/2177/1906 2480/2189/1918 2479/2188/1917 2467/2176/1905
f 2469/2178/1907 2481/2190/1919 2480/2189/1918 2468/2177/1906
f 2470/2179/1908 2482/2191/1920 2481/2190/1919 2469/2178/1907
f 2471/2180/1909 2483/2192/1921 2482/2191/1920 2470/2179/1908
f 2472/2181/1910 2484/2193/1922 2483/2192/1921 2471/2180/1909
f 2473/2182/1911 2485/2194/1923 2484/2193/1922 2472/2181/1910
f 2474/2183/1912 2486/2195/1924 2485/2194/1923 2473/2182/1911
f 2475/2184/1913 2487/2196/1925 2486/2195/1924 2474/2183/1912
f 2476/2185/1914 2488/2197/1926 2487/2196/1925 2475/2184/1913
f 2478/2186/1915 2490/2198/1927 2489/2199/1928 2477/2187/1916
f 2479/2188/1917 2491/2200/1929 2490/2198/1927 2478/2186/1915
f 2480/2189/1918 2492/2201/1930 2491/2200/1929 2479/2188/1917
f 2481/2190/1919 2493/2202/1931 2492/2201/1930 2480/2189/1918
f 2482/2191/1920 2494/2203/1932 2493/2202/1931 2481/2190/1919
f 2483/2192/1921 2495/2204/1933 2494/2203/1932 2482/2191/1920
f 2484/2193/1922 2496/2205/1934 2495/2204/1933 2483/2192/1921
f 2485/2194/1923 2497/2206/1935 2496/2205/1934 2484/2193/1922
f 2486/2195/1924 2498/2207/1936 2497/2206/1935 2485/2194/1923
f 2487/2196/1925 2499/2208/1937 2498/2207/1936 2486/2195/1924
f 2488/2197/1926 2500/2209/1938 2499/2208/1937 2487/2196/1925
f 2490/2198/1927 2502/2210/1939 2501/2211/1940 2489/2199/1928
f 2491/2200/1929 2503/2212/1941 2502/2210/1939 2490/2198/1927
f 2492/2201/1930 2504/2213/1942 2503/2212/1941 2491/2200/1929
f 2493/2202/1931 2505/2214/1943 2504/2213/1942 2492/2201/1930
f 2494/2203/1932 2506/2215/1944 2505/2214/1943 2493/2202/1931
f 2495/2204/1933 2507/2216/1945 2506/2215/1944 2494/2203/1932
f 2496/2205/1934 2508/2217/1946 2507/2216/1945 2495/2204/1933
f 2497/2206/1935 2509/2218/1947 2508/2217/1946 2496/2205/1934
f 2498/2207/1936 2510/2219/1948 2509/2218/1947 2497/2206/1935
f 2499/2208/1937 2511/2220/1949 2510/2219/1948 2498/2207/1936
f 2500/2209/1938 2512/2221/1950 2511/2220/1949 2499/2208/1937
f 2502/2210/1939 2514/2222/1951 2513/30/1952 2501/2211/1940
f 2503/2212/1941 2515/2223/1953 2514/2222/1951 2502/2210/1939
f 2504/2213/1942 2516/2224/1954 2515/2223/1953 2503/2212/1941
f 2505/2214/1943 2517/2225/1955 2516/2224/1954 2504/2213/1942
f 2506/2215/1944 2518/2226/1956 2517/2225/1955 2505/2214/1943
f 2507/2216/1945 2519/2227/1957 2518/2226/1956 2506/2215/1944
f 2508/2217/1946 2520/2228/1958 2519/2227/1957 2507/2216/1945
f 2509/2218/1947 2521/2229/1959 2520/2228/1958 2508/2217/1946
f 2510/2219/1948 2522/2230/1960 2521/2229/1959 2509/2218/1947
f 2511/2220/1949 2523/2231/1961 2522/2230/1960 2510/2219/1948
f 2512/2221/1950 2524/2232/1962 2523/2231/1961 2511/2220/1949
f 2514/2222/1951 2526/2233/1963 2525/2234/1964 2513/30/1952
f 2515/2223/1953 2527/2235/1965 2526/2233/1963 2514/2222/1951
f 2516/2224/1954 2528/2236/1966 2527/2235/1965 2515/2223/1953
f 2517/2225/1955 2529/2237/1967 2528/2236/1966 2516/2224/1954
f 2518/2226/1956 2530/2238/1968 2529/2237/1967 2517/2225/1955
f 2519/2227/1957 2531/2239/1969 2530/2238/1968 2518/2226/1956
f 2520/2228/1958 2532/2240/1970 2531/2239/1969 2519/2227/1957
f 2521/2229/1959 2533/2241/1971 2532/2240/1970 2520/2228/1958
f 2522/2230/1960 2534/2242/1972 2533/2241/1971 2521/2229/1959
f 2523/2231/1961 2535/2243/1973 2534/2242/1972 2522/2230/1960
f 2524/2232/1962 2536/2244/1974 2535/2243/1973 2523/2231/1961
f 2526/2233/1963 2538/2245/1975 2537/2246/1976 2525/2234/1964
f 2527/2235/1965 2539/2247/1977 2538/2245/1975 2526/2233/1963
f 2528/2236/1966 2540/2248/1978 2539/2247/1977 2527/2235/1965
f 2529/2237/1967 2541/2249/1979 2540/2248/1978 2528/2236/1966
f 2530/2238/1968 2542/2250/1980 2541/2249/1979 2529/2237/1967
f 2531/2239/1969 2543/2251/1981 2542/2250/1980 2530/2238/1968
f 2532/2240/1970 2544/2252/1982 2543/2251/1981 2531/2239/1969
f 2533/2241/1971 2545/2253/1983 2544/2252/1982 2532/2240/1970
f 2534/2242/1972 2546/2254/1984 2545/2253/1983 2533/2241/1971
f 2535/2243/1973 2547/2255/1985 2546/2254/1984 2534/2242/1972
f 2536/2244/1974 2548/2256/1986 2547/2255/1985 2535/2243/1973
f 2538/2245/1975 2550/2257/1987 2549/2258/1988 2537/2246/1976
f 2539/2247/1977 2551/2259/1989 2550/2257/1987 2538/2245/1975
f 2540/2248/1978 2552/2260/1990 2551/2259/1989 2539/2247/1977
f 2541/2249/1979 2553/2261/1991 2552/2260/1990 2540/2248/1978
f 2542/2250/1980 2554/2262/1992 2553/2261/1991 2541/2249/1979
f 2543/2251/1981 2555/2263/1993 2554/2262/1992 2542/2250/1980
f 2544/2252/1982 2556/2264/1994 2555/2263/1993 2543/2251/1981
f 2545/2253/1983 2557/2265/1995 2556/2264/1994 2544/2252/1982
f 2546/2254/1984 2558/2266/1996 2557/2265/1995 2545/2253/1983
f 2547/2255/1985 2559/2267/1997 2558/2266/1996 2546/2254/1984
f 2548/2256/1986 2560/2268/1998 2559/2267/1997 2547/2255/1985
f 2550/2257/1987 2562/2269/1999 2561/2270/2000 2549/2258/1988
f 2551/2259/1989 2563/2271/2001 2562/2269/1999 2550/2257/1987
f 2552/2260/1990 2564/2272/2002 2563/2271/2001 2551/2259/1989
f 2553/2261/1991 2565/2273/2003 2564/2272/2002 2552/2260/1990
f 2554/2262/1992 2566/2274/2004 2565/2273/2003 2553/2261/1991
f 2555/2263/1993 2567/2275/2005 2566/2274/2004 2554/2262/1992
f 2556/2264/1994 2568/2276/2006 2567/2275/2005 2555/2263/1993
f 2557/2265/1995 2569/2277/2007 2568/2276/2006 2556/2264/1994
f 2558/2266/1996 2570/2278/2008 2569/2277/2007 2557/2265/1995
f 2559/2267/1997 2571/2279/2009 2570/2278/2008 2558/2266/1996
f 2560/2268/1998 2572/2280/2010 2571/2279/2009 2559/2267/1997
f 2562/2269/1999 2574/2281/2011 2573/24/2012 2561/2270/2000
f 2563/2271/2001 2575/2282/2013 2574/2281/2011 2562/2269/1999
f 2564/2272/2002 2576/2283/2014 2575/2282/2013 2563/2271/2001
f 2565/2273/2003 2577/2284/2015 2576/2283/2014 2564/2272/2002
f 2566/2274/2004 2578/2285/2016 2577/2284/2015 2565/2273/2003
f 2567/2275/2005 2579/2286/2017 2578/2285/2016 2566/2274/2004
f 2568/2276/2006 2580/2287/2018 2579/2286/2017 2567/2275/2005
f 2569/2277/2007 2581/2288/2019 2580/2287/2018 2568/2276/2006
f 2570/2278/2008 2582/2289/2020 2581/2288/2019 2569/2277/2007
f 2571/2279/2009 2583/2290/2021 2582/2289/2020 2570/2278/2008
f 2572/2280/2010 2584/2291/2022 2583/2290/2021 2571/2279/2009
f 2574/2281/2011 2586/2292/2023 2585/2293/2024 2573/24/2012
f 2575/2282/2013 2587/2294/2025 2586/2292/2023 2574/2281/2011
f 2576/2283/2014 2588/2295/2026 2587/2294/2025 2575/2282/2013
f 2577/2284/2015 2589/2296/2027 2588/2295/2026 2576/2283/2014
f 2578/2285/2016 2590/2297/2028 2589/2296/2027 2577/2284/2015
f 2579/2286/2017 2591/2298/2029 2590/2297/2028 2578/2285/2016
f 2580/2287/2018 2592/2299/2030 2591/2298/2029 2579/2286/2017
f 2581/2288/2019 2593/2300/2031 2592/2299/2030 2580/2287/2018
f 2582/2289/2020 2594/2301/2032 2593/2300/2031 2581/2288/2019
f 2583/2290/2021 2595/2302/2033 2594/2301/2032 2582/2289/2020
f 2584/2291/2022 2596/2303/2034 2595/2302/2033 2583/2290/2021
f 2586/2292/2023 2598/2304/2035 2597/2305/2036 2585/2293/2024
f 2587/2294/2025 2599/2306/2037 2598/2304/2035 2586/2292/2023
f 2588/2295/2026 2600/2307/2038 2599/2306/2037 2587/2294/2025
f 2589/2296/2027 2601/2308/2039 2600/2307/2038 2588/2295/2026
f 2590/2297/2028 2602/2309/2040 2601/2308/2039 2589/2296/2027
f 2591/2298/2029 2603/2310/2041 2602/2309/2040 2590/2297/2028
f 2592/2299/2030 2604/2311/2042 2603/2310/2041 2591/2298/2029
f 2593/2300/2031 2605/2312/2043 2604/2311/2042 2592/2299/2030
f 2594/2301/2032 2606/2313/2044 2605/2312/2043 2593/2300/2031
f 2595/2302/2033 2607/2314/2045 2606/2313/2044 2594/2301/2032
f 2596/2303/2034 2608/2315/2046 2607/2314/2045 2595/2302/2033
f 2598/2304/2035 2610/2316/2047 2609/2317/2048 2597/2305/2036
f 2599/2306/2037 2611/2318/2049 2610/2316/2047 2598/2304/2035
f 2600/2307/2038 2612/2319/2050 2611/2318/2049 2599/2306/2037
f 2601/2308/2039 2613/2320/2051 2612/2319/2050 2600/2307/2038
f 2602/2309/2040 2614/2321/2052 2613/2320/2051 2601/2308/2039
f 2603/2310/2041 2615/2322/2053 2614/2321/2052 2602/2309/2040
f 2604/2311/2042 2616/2323/2054 2615/2322/2053 2603/2310/2041
f 2605/2312/2043 2617/2324/2055 2616/2323/2054 2604/2311/2042
f 2606/2313/2044 2618/2325/2056 2617/2324/2055 2605/2312/2043
f 2607/2314/2045 2619/2326/2057 2618/2325/2056 2606/2313/2044
f 2608/2315/2046 2620/2327/2058 2619/2326/2057 2607/2314/2045
f 2610/2316/2047 2622/2328/2059 2621/2329/2060 2609/2317/2048
f 2611/2318/2049 2623/2330/2061 2622/2328/2059 2610/2316/2047
f 2612/2319/2050 2624/2331/2062 2623/2330/2061 2611/2318/2049
f 2613/2320/2051 2625/2332/2063 2624/2331/2062 2612/2319/2050
f 2614/2321/2052 2626/2333/2064 2625/2332/2063 2613/2320/2051
f 2615/2322/2053 2627/2334/2065 2626/2333/2064 2614/2321/2052
f 2616/2323/2054 2628/2335/2066 2627/2334/2065 2615/2322/2053
f 2617/2324/2055 2629/2336/2067 2628/2335/2066 2616/2323/2054
f 2618/2325/2056 2630/2337/2068 2629/2336/2067 2617/2324/2055
f 2619/2326/2057 2631/2338/2069 2630/2337/2068 2618/2325/2056
f 2620/2327/2058 2632/2339/2070 2631/2338/2069 2619/2326/2057
f 2622/2328/2059 2634/2340/2071 2633/33/2072 2621/2329/2060
f 2623/2330/2061 2635/2341/2073 2634/2340/2071 2622/2328/2059
f 2624/2331/2062 2636/2342/2074 2635/2341/2073 2623/2330/2061
f 2625/2332/2063 2637/2343/2075 2636/2342/2074 2624/2331/2062
f 2626/2333/2064 2638/2344/2076 2637/2343/2075 2625/2332/2063
f 2627/2334/2065 2639/2345/2077 2638/2344/2076 2626/2333/2064
f 2628/2335/2066 2640/2346/2078 2639/2345/2077 2627/2334/2065
f 2629/2336/2067 2641/2347/2079 2640/2346/2078 2628/2335/2066
f 2630/2337/2068 2642/2348/2080 2641/2347/2079 2629/2336/2067
f 2631/2338/2069 2643/2349/2081 2642/2348/2080 2630/2337/2068
f 2632/2339/2070 2644/2350/2082 2643/2349/2081 2631/2338/2069
f 2634/2340/2071 2646/2351/2083 2645/2352/2084 2633/33/2072
f 2635/2341/2073 2647/2353/2085 2646/2351/2083 2634/2340/2071
f 2636/2342/2074 2648/2354/2086 2647/2353/2085 2635/2341/2073
f 2637/2343/2075 2649/2355/2087 2648/2354/2086 2636/2342/2074
f 2638/2344/2076 2650/2356/2088 2649/2355/2087 2637/2343/2075
f 2639/2345/2077 2651/2357/2089 2650/2356/2088 2638/2344/2076
f 2640/2346/2078 2652/2358/2090 2651/2357/2089 2639/2345/2077
f 2641/2347/2079 2653/2359/2091 2652/2358/2090 2640/2346/2078
f 2642/2348/2080 2654/2360/2092 2653/2359/2091 2641/2347/2079
f 2643/2349/2081 2655/2361/2093 2654/2360/2092 2642/2348/2080
f 2644/2350/2082 2656/2362/2094 2655/2361/2093 2643/2349/2081
f 2646/2351/2083 2658/2363/2095 2657/2364/2096 2645/2352/2084
f 2647/2353/2085 2659/2365/2097 2658/2363/2095 2646/2351/2083
f 2648/2354/2086 2660/2366/2098 2659/2365/2097 2647/2353/2085
f 2649/2355/2087 2661/2367/2099 2660/2366/2098 2648/2354/2086
f 2650/2356/2088 2662/2368/2100 2661/2367/2099 2649/2355/2087
f 2651/2357/2089 2663/2369/2101 2662/2368/2100 2650/2356/2088
f 2652/2358/2090 2664/2370/2102 2663/2369/2101 2651/2357/2089
f 2653/2359/2091 2665/2371/2103 2664/2370/2102 2652/2358/2090
f 2654/2360/2092 2666/2372/2104 2665/2371/2103 2653/2359/2091
f 2655/2361/2093 2667/2373/2105 2666/2372/2104 2654/2360/2092
f 2656/2362/2094 2668/2374/2106 2667/2373/2105 2655/2361/2093
f 2658/2363/2095 2670/2375/2107 2669/2376/2108 2657/2364/2096
f 2659/2365/2097 2671/2377/2109 2670/2375/2107 2658/2363/2095
f 2660/2366/2098 2672/2378/2110 2671/2377/2109 2659/2365/2097
f 2661/2367/2099 2673/2379/2111 2672/2378/2110 2660/2366/2098
f 2662/2368/2100 2674/2380/2112 2673/2379/2111 2661/2367/2099
f 2663/2369/2101 2675/2381/2113 2674/2380/2112 2662/2368/2100
f 2664/2370/2102 2676/2382/2114 2675/2381/2113 2663/2369/2101
f 2665/2371/2103 2677/2383/2115 2676/2382/2114 2664/2370/2102
f 2666/2372/2104 2678/2384/2116 2677/2383/2115 2665/2371/2103
f 2667/2373/2105 2679/2385/2117 2678/2384/2116 2666/2372/2104
f 2668/2374/2106 2680/2386/2118 2679/2385/2117 2667/2373/2105
f 2670/2375/2107 2682/2387/2119 2681/2388/2120 2669/2376/2108
f 2671/2377/2109 2683/2389/2121 2682/2387/2119 2670/2375/2107
f 2672/2378/2110 2684/2390/2122 2683/2389/2121 2671/2377/2109
f 2673/2379/2111 2685/2391/2123 2684/2390/2122 2672/2378/2110
f 2674/2380/2112 2686/2392/2124 2685/2391/2123 2673/2379/2111
f 2675/2381/2113 2687/2393/2125 2686/2392/2124 2674/2380/2112
f 2676/2382/2114 2688/2394/2126 2687/2393/2125 2675/2381/2113
f 2677/2383/2115 2689/2395/2127 2688/2394/2126 2676/2382/2114
f 2678/2384/2116 2690/2396/2128 2689/2395/2127 2677/2383/2115
f 2679/2385/2117 2691/2397/2129 2690/2396/2128 2678/2384/2116
f 2680/2386/2118 2692/2398/2130 2691/2397/2129 2679/2385/2117
f 2682/2387/2119 2694/2399/2131 2693/35/2132 2681/2388/2120
f 2683/2389/2121 2695/2400/2133 2694/2399/2131 2682/2387/2119
f 2684/2390/2122 2696/2401/2134 2695/2400/2133 2683/2389/2121
f 2685/2391/2123 2697/2402/2135 2696/2401/2134 2684/2390/2122
f 2686/2392/2124 2698/2403/2136 2697/2402/2135 2685/2391/2123
f 2687/2393/2125 2699/2404/2137 2698/2403/2136 2686/2392/2124
f 2688/2394/2126 2700/2405/2138 2699/2404/2137 2687/2393/2125
f 2689/2395/2127 2701/2406/2139 2700/2405/2138 2688/2394/2126
f 2690/2396/2128 2702/2407/2140 2701/2406/2139 2689/2395/2127
f 2691/2397/2129 2703/2408/2141 2702/2407/2140 2690/2396/2128
f 2692/2398/2130 2704/2409/2142 2703/2408/2141 2691/2397/2129
f 2694/2399/2131 2706/2410/2143 2705/2411/2144 2693/35/2132
f 2695/2400/2133 2707/2412/2145 2706/2410/2143 2694/2399/2131
f 2696/2401/2134 2708/2413/2146 2707/2412/2145 2695/2400/2133
f 2697/2402/2135 2709/2414/2147 2708/2413/2146 2696/2401/2134
f 2698/2403/2136 2710/2415/2148 2709/2414/2147 2697/2402/2135
f 2699/2404/2137 2711/2416/2149 2710/2415/2148 2698/2403/2136
f 2700/2405/2138 2712/2417/2150 2711/2416/2149 2699/2404/2137
f 2701/2406/2139 2713/2418/2151 2712/2417/2150 2700/2405/2138
f 2702/2407/2140 2714/2419/2152 2713/2418/2151 2701/2406/2139
f 2703/2408/2141 2715/2420/2153 2714/2419/2152 2702/2407/2140
f 2704/2409/2142 2716/2421/2154 2715/2420/2153 2703/2408/2141
f 2706/2410/2143 2718/2422/2155 2717/2423/2156 2705/2411/2144
f 2707/2412/2145 2719/2424/2157 2718/2422/2155 2706/2410/2143
f 2708/2413/2146 2720/2425/2158 2719/2424/2157 2707/2412/2145
f 2709/2414/2147 2721/2426/2159 2720/2425/2158 2708/2413/2146
f 2710/2415/2148 2722/2427/2160 2721/2426/2159 2709/2414/2147
f 2711/2416/2149 2723/2428/2161 2722/2427/2160 2710/2415/2148
f 2712/2417/2150 2724/2429/2162 2723/2428/2161 2711/2416/2149
f 2713/2418/2151 2725/2430/2163 2724/2429/2162 2712/2417/2150
f 2714/2419/2152 2726/2431/2164 2725/2430/2163 2713/2418/2151
f 2715/2420/2153 2727/2432/2165 2726/2431/2164 2714/2419/2152
f 2716/2421/2154 2728/2433/2166 2727/2432/2165 2715/2420/2153
f 2718/2422/2155 2730/2434/2167 2729/2435/2168 2717/2423/2156
f 2719/2424/2157 2731/2436/2169 2730/2434/2167 2718/2422/2155
f 2720/2425/2158 2732/2437/2170 2731/2436/2169 2719/2424/2157
f 2721/2426/2159 2733/2438/2171 2732/2437/2170 2720/2425/2158
f 2722/2427/2160 2734/2439/2172 2733/2438/2171 2721/2426/2159
f 2723/2428/2161 2735/2440/2173 2734/2439/2172 2722/2427/2160
f 2724/2429/2162 2736/2441/2174 2735/2440/2173 2723/2428/2161
f 2725/2430/2163 2737/2442/2175 2736/2441/2174 2724/2429/2162
f 2726/2431/2164 2738/2443/2176 2737/2442/2175 2725/2430/2163
f 2727/2432/2165 2739/2444/2177 2738/2443/2176 2726/2431/2164
f 2728/2433/2166 2740/2445/2178 2739/2444/2177 2727/2432/2165
f 2730/2434/2167 2742/2446/2179 2741/2447/2180 2729/2435/2168
f 2731/2436/2169 2743/2448/2181 2742/2446/2179 2730/2434/2167
f 2732/2437/2170 2744/2449/2182 2743/2448/2181 2731/2436/2169
f 2733/2438/2171 2745/2450/2183 2744/2449/2182 2732/2437/2170
f 2734/2439/2172 2746/2451/2184 2745/2450/2183 2733/2438/2171
f 2735/2440/2173 2747/2452/2185 2746/2451/2184 2734/2439/2172
f 2736/2441/2174 2748/2453/2186 2747/2452/2185 2735/2440/2173
f 2737/2442/2175 2749/2454/2187 2748/2453/2186 2736/2441/2174
f 2738/2443/2176 2750/2455/2188 2749/2454/2187 2737/2442/2175
f 2739/2444/2177 2751/2456/2189 2750/2455/2188 2738/2443/2176
f 2740/2445/2178 2752/2457/2190 2751/2456/2189 2739/2444/2177
f 2742/2446/2179 2754/2458/2191 2753/50/2192 2741/2447/2180
f 2743/2448/2181 2755/2459/2193 2754/2458/2191 2742/2446/2179
f 2744/2449/2182 2756/2460/2194 2755/2459/2193 2743/2448/2181
f 2745/2450/2183 2757/2461/2195 2756/2460/2194 2744/2449/2182
f 2746/2451/2184 2758/2462/2196 2757/2461/2195 2745/2450/2183
f 2747/2452/2185 2759/2463/2197 2758/2462/2196 2746/2451/2184
f 2748/2453/2186 2760/2464/2198 2759/2463/2197 2747/2452/2185
f 2749/2454/2187 2761/2465/2199 2760/2464/2198 2748/2453/2186
f 2750/2455/2188 2762/2466/2200 2761/2465/2199 2749/2454/2187
f 2751/2456/2189 2763/2467/2201 2762/2466/2200 2750/2455/2188
f 2752/2457/2190 2764/2468/2202 2763/2467/2201 2751/2456/2189
f 2754/2458/2191 2766/2469/2203 2765/2470/2204 2753/50/2192
f 2755/2459/2193 2767/2471/2205 2766/2469/2203 2754/2458/2191
f 2756/2460/2194 2768/2472/2206 2767/2471/2205 2755/2459/2193
f 2757/2461/2195 2769/2473/2207 2768/2472/2206 2756/2460/2194
f 2758/2462/2196 2770/2474/2208 2769/2473/2207 2757/2461/2195
f 2759/2463/2197 2771/2475/2209 2770/2474/2208 2758/2462/2196
f 2760/2464/2198 2772/2476/2210 2771/2475/2209 2759/2463/2197
f 2761/2465/2199 2773/2477/2211 2772/2476/2210 2760/2464/2198
f 2762/2466/2200 2774/2478/2212 2773/2477/2211 2761/2465/2199
f 2763/2467/2201 2775/2479/2213 2774/2478/2212 2762/2466/2200
f 2764/2468/2202 2776/2480/2214 2775/2479/2213 2763/2467/2201
f 2766/2469/2203 2778/2481/2215 2777/2482/2216 2765/2470/2204
f 2767/2471/2205 2779/2483/2217 2778/2481/2215 2766/2469/2203
f 2768/2472/2206 2780/2484/2218 2779/2483/2217 2767/2471/2205
f 2769/2473/2207 2781/2485/2219 2780/2484/2218 2768/2472/2206
f 2770/2474/2208 2782/2486/2220 2781/2485/2219 2769/2473/2207
f 2771/2475/2209 2783/2487/2221 2782/2486/2220 2770/2474/2208
f 2772/2476/2210 2784/2488/2222 2783/2487/2221 2771/2475/2209
f 2773/2477/2211 2785/2489/2223 2784/2488/2222 2772/2476/2210
f 2774/2478/2212 2786/2490/2224 2785/2489/2223 2773/2477/2211
f 2775/2479/2213 2787/2491/2225 2786/2490/2224 2774/2478/2212
f 2776/2480/2214 2788/2492/2226 2787/2491/2225 2775/2479/2213
f 2778/2481/2215 2790/2493/2227 2789/2494/2228 2777/2482/2216
f 2779/2483/2217 2791/2495/2229 2790/2493/2227 2778/2481/2215
f 2780/2484/2218 2792/2496/2230 2791/2495/2229 2779/2483/2217
f 2781/2485/2219 2793/2497/2231 2792/2496/2230 2780/2484/2218
f 2782/2486/2220 2794/2498/2232 2793/2497/2231 2781/2485/2219
f 2783/2487/2221 2795/2499/2233 2794/2498/2232 2782/2486/2220
f 2784/2488/2222 2796/2500/2234 2795/2499/2233 2783/2487/2221
f 2785/2489/2223 2797/2501/2235 2796/2500/2234 2784/2488/2222
f 2786/2490/2224 2798/2502/2236 2797/2501/2235 2785/2489/2223
f 2787/2491/2225 2799/2503/2237 2798/2502/2236 2786/2490/2224
f 2788/2492/2226 2800/2504/2238 2799/2503/2237 2787/2491/2225
f 2790/2493/2227 2802/2505/2239 2801/2506/2240 2789/2494/2228
f 2791/2495/2229 2803/2507/2241 2802/2505/2239 2790/2493/2227
f 2792/2496/2230 2804/2508/2242 2803/2507/2241 2791/2495/2229
f 2793/2497/2231 2805/2509/2243 2804/2508/2242 2792/2496/2230
f 2794/2498/2232 2806/2510/2244 2805/2509/2243 2793/2497/2231
f 2795/2499/2233 2807/2511/2245 2806/2510/2244 2794/2498/2232
f 2796/2500/2234 2808/2512/2246 2807/2511/2245 2795/2499/2233
f 2797/2501/2235 2809/2513/2247 2808/2512/2246 2796/2500/2234
f 2798/2502/2236 2810/2514/2248 2809/2513/2247 2797/2501/2235
f 2799/2503/2237 2811/2515/2249 2810/2514/2248 2798/2502/2236
f 2800/2504/2238 2812/2516/2250 2811/2515/2249 2799/2503/2237
f 2802/2505/2239 2814/2517/2251 2813/57/2252 2801/2506/2240
f 2803/2507/2241 2815/2518/2253 2814/2517/2251 2802/2505/2239
f 2804/2508/2242 2816/2519/2254 2815/2518/2253 2803/2507/2241
f 2805/2509/2243 2817/2520/2255 2816/2519/2254 2804/2508/2242
f 2806/2510/2244 2818/2521/2256 2817/2520/2255 2805/2509/2243
f 2807/2511/2245 2819/2522/2257 2818/2521/2256 2806/2510/2244
f 2808/2512/2246 2820/2523/2258 2819/2522/2257 2807/2511/2245
f 2809/2513/2247 2821/2524/2259 2820/2523/2258 2808/2512/2246
f 2810/2514/2248 2822/2525/2260 2821/2524/2259 2809/2513/2247
f 2811/2515/2249 2823/2526/2261 2822/2525/2260 2810/2514/2248
f 2812/2516/2250 2824/2527/2262 2823/2526/2261 2811/2515/2249
f 2814/2517/2251 2826/2528/2263 2825/2529/2264 2813/57/2252
f 2815/2518/2253 2827/2530/2265 2826/2528/2263 2814/2517/2251
f 2816/2519/2254 2828/2531/2266 2827/2530/2265 2815/2518/2253
f 2817/2520/2255 2829/2532/2267 2828/2531/2266 2816/2519/2254
f 2818/2521/2256 2830/2533/2268 2829/2532/2267 2817/2520/2255
f 2819/2522/2257 2831/2534/2269 2830/2533/2268 2818/2521/2256
f 2820/2523/2258 2832/2535/2270 2831/2534/2269 2819/2522/2257
f 2821/2524/2259 2833/2536/2271 2832/2535/2270 2820/2523/2258
f 2822/2525/2260 2834/2537/2272 2833/2536/2271 2821/2524/2259
f 2823/2526/2261 2835/2538/2273 2834/2537/2272 2822/2525/2260
f 2824/2527/2262 2836/2539/2274 2835/2538/2273 2823/2526/2261
f 2826/2528/2263 2838/2540/2275 2837/2541/2276 2825/2529/2264
f 2827/2530/2265 2839/2542/2277 2838/2540/2275 2826/2528/2263
f 2828/2531/2266 2840/2543/2278 2839/2542/2277 2827/2530/2265
f 2829/2532/2267 2841/2544/2279 2840/2543/2278 2828/2531/2266
f 2830/2533/2268 2842/2545/2280 2841/2544/2279 2829/2532/2267
f 2831/2534/2269 2843/2546/2281 2842/2545/2280 2830/2533/2268
f 2832/2535/2270 2844/2547/2282 2843/2546/2281 2831/2534/2269
f 2833/2536/2271 2845/2548/2283 2844/2547/2282 2832/2535/2270
f 2834/2537/2272 2846/2549/2284 2845/2548/2283 2833/2536/2271
f 2835/2538/2273 2847/2550/2285 2846/2549/2284 2834/2537/2272
f 2836/2539/2274 2848/2551/2286 2847/2550/2285 2835/2538/2273
f 2838/2540/2275 2850/2552/2287 2849/2553/2288 2837/2541/2276
f 2839/2542/2277 2851/2554/2289 2850/2552/2287 2838/2540/2275
f 2840/2543/2278 2852/2555/2290 2851/2554/2289 2839/2542/2277
f 2841/2544/2279 2853/2556/2291 2852/2555/2290 2840/2543/2278
f 2842/2545/2280 2854/2557/2292 2853/2556/2291 2841/2544/2279
f 2843/2546/2281 2855/2558/2293 2854/2557/2292 2842/2545/2280
f 2844/2547/2282 2856/2559/2294 2855/2558/2293 2843/2546/2281
f 2845/2548/2283 2857/2560/2295 2856/2559/2294 2844/2547/2282
f 2846/2549/2284 2858/2561/2296 2857/2560/2295 2845/2548/2283
f 2847/2550/2285 2859/2562/2297 2858/2561/2296 2846/2549/2284
f 2848/2551/2286 2860/2563/2298 2859/2562/2297 2847/2550/2285
f 2850/2552/2287 2862/2564/2299 2861/2565/2300 2849/2553/2288
f 2851/2554/2289 2863/2566/2301 2862/2564/2299 2850/2552/2287
f 2852/2555/2290 2864/2567/2302 2863/2566/2301 2851/2554/2289
f 2853/2556/2291 2865/2568/2303 2864/2567/2302 2852/2555/2290
f 2854/2557/2292 2866/2569/2304 2865/2568/2303 2853/2556/2291
f 2855/2558/2293 2867/2570/2305 2866/2569/2304 2854/2557/2292
f 2856/2559/2294 2868/2571/2306 2867/2570/2305 2855/2558/2293
f 2857/2560/2295 2869/2572/2307 2868/2571/2306 2856/2559/2294
f 2858/2561/2296 2870/2573/2308 2869/2572/2307 2857/2560/2295
f 2859/2562/2297 2871/2574/2309 2870/2573/2308 2858/2561/2296
f 2860/2563/2298 2872/2575/2310 2871/2574/2309 2859/2562/2297
f 2862/2564/2299 2874/2576/2311 2873/68/2312 2861/2565/2300
f 2863/2566/2301 2875/2577/2313 2874/2576/2311 2862/2564/2299
f 2864/2567/2302 2876/2578/2314 2875/2577/2313 2863/2566/2301
f 2865/2568/2303 2877/2579/2315 2876/2578/2314 2864/2567/2302
f 2866/2569/2304 2878/2580/2316 2877/2579/2315 2865/2568/2303
f 2867/2570/2305 2879/2581/2317 2878/2580/2316 2866/2569/2304
f 2868/2571/2306 2880/2582/2318 2879/2581/2317 2867/2570/2305
f 2869/2572/2307 2881/2583/2319 2880/2582/2318 2868/2571/2306
f 2870/2573/2308 2882/2584/2320 2881/2583/2319 2869/2572/2307
f 2871/2574/2309 2883/2585/2321 2882/2584/2320 2870/2573/2308
f 2872/2575/2310 2884/2586/2322 2883/2585/2321 2871/2574/2309
f 2874/2576/2311 2886/2587/2323 2885/2588/2324 2873/68/2312
f 2875/2577/2313 2887/2589/2325 2886/2587/2323 2874/2576/2311
f 2876/2578/2314 2888/2590/2326 2887/2589/2325 2875/2577/2313
f 2877/2579/2315 2889/2591/2327 2888/2590/2326 2876/2578/2314
f 2878/2580/2316 2890/2592/2328 2889/2591/2327 2877/2579/2315
f 2879/2581/2317 2891/2593/2329 2890/2592/2328 2878/2580/2316
f 2880/2582/2318 2892/2594/2330 2891/2593/2329 2879/2581/2317
f 2881/2583/2319 2893/2595/2331 2892/2594/2330 2880/2582/2318
f 2882/2584/2320 2894/2596/2332 2893/2595/2331 2881/2583/2319
f 2883/2585/2321 2895/2597/2333 2894/2596/2332 2882/2584/2320
f 2884/2586/2322 2896/2598/2334 2895/2597/2333 2883/2585/2321
f 2886/2587/2323 2898/2599/2335 2897/2600/2336 2885/2588/2324
f 2887/2589/2325 2899/2601/2337 2898/2599/2335 2886/2587/2323
f 2888/2590/2326 2900/2602/2338 2899/2601/2337 2887/2589/2325
f 2889/2591/2327 2901/2603/2339 2900/2602/2338 2888/2590/2326
f 2890/2592/2328 2902/2604/2340 2901/2603/2339 2889/2591/2327
f 2891/2593/2329 2903/2605/2341 2902/2604/2340 2890/2592/2328
f 2892/2594/2330 2904/2606/2342 2903/2605/2341 2891/2593/2329
f 2893/2595/2331 2905/2607/2343 2904/2606/2342 2892/2594/2330
f 2894/2596/2332 2906/2608/2344 2905/2607/2343 2893/2595/2331
f 2895/2597/2333 2907/2609/2345 2906/2608/2344 2894/2596/2332
f 2896/2598/2334 2908/2610/2346 2907/2609/2345 2895/2597/2333
f 2898/2599/2335 2910/2611/2347 2909/2612/2348 2897/2600/2336
f 2899/2601/2337 2911/2613/2349 2910/2611/2347 2898/2599/2335
f 2900/2602/2338 2912/2614/2350 2911/2613/2349 2899/2601/2337
f 2901/2603/2339 2913/2615/2351 2912/2614/2350 2900/2602/2338
f 2902/2604/2340 2914/2616/2352 2913/2615/2351 2901/2603/2339
f 2903/2605/2341 2915/2617/2353 2914/2616/2352 2902/2604/2340
f 2904/2606/2342 2916/2618/2354 2915/2617/2353 2903/2605/2341
f 2905/2607/2343 2917/2619/2355 2916/2618/2354 2904/2606/2342
f 2906/2608/2344 2918/2620/2356 2917/2619/2355 2905/2607/2343
f 2907/2609/2345 2919/2621/2357 2918/2620/2356 2906/2608/2344
f 2908/2610/2346 2920/2622/2358 2919/2621/2357 2907/2609/2345
f 2910/2611/2347 2922/2623/2359 2921/2624/2360 2909/2612/2348
f 2911/2613/2349 2923/2625/2361 2922/2623/2359 2910/2611/2347
f 2912/2614/2350 2924/2626/2362 2923/2625/2361 2911/2613/2349
f 2913/2615/2351 2925/2627/2363 2924/2626/2362 2912/2614/2350
f 2914/2616/2352 2926/2628/2364 2925/2627/2363 2913/2615/2351
f 2915/2617/2353 2927/2629/2365 2926/2628/2364 2914/2616/2352
f 2916/2618/2354 2928/2630/2366 2927/2629/2365 2915/2617/2353
f 2917/2619/2355 2929/2631/2367 2928/2630/2366 2916/2618/2354
f 2918/2620/2356 2930/2632/2368 2929/2631/2367 2917/2619/2355
f 2919/2621/2357 2931/2633/2369 2930/2632/2368 2918/2620/2356
f 2920/2622/2358 2932/2634/2370 2931/2633/2369 2919/2621/2357
f 2922/2623/2359 2934/2635/2371 2933/79/2372 2921/2624/2360
f 2923/2625/2361 2935/2636/2373 2934/2635/2371 2922/2623/2359
f 2924/2626/2362 2936/2637/2374 2935/2636/2373 2923/2625/2361
f 2925/2627/2363 2937/2638/2375 2936/2637/2374 2924/2626/2362
f 2926/2628/2364 2938/2639/2376 2937/2638/2375 2925/2627/2363
f 2927/2629/2365 2939/2640/2377 2938/2639/2376 2926/2628/2364
f 2928/2630/2366 2940/2641/2378 2939/2640/2377 2927/2629/2365
f 2929/2631/2367 2941/2642/2379 2940/2641/2378 2928/2630/2366
f 2930/2632/2368 2942/2643/2380 2941/2642/2379 2929/2631/2367
f 2931/2633/2369 2943/2644/2381 2942/2643/2380 2930/2632/2368
f 2932/2634/2370 2944/2645/2382 2943/2644/2381 2931/2633/2369
f 2934/2635/2371 2946/2646/2383 2945/2647/2384 2933/79/2372
f 2935/2636/2373 2947/2648/2385 2946/2646/2383 2934/2635/2371
f 2936/2637/2374 2948/2649/2386 2947/2648/2385 2935/2636/2373
f 2937/2638/2375 2949/2650/2387 2948/2649/2386 2936/2637/2374
f 2938/2639/2376 2950/2651/2388 2949/2650/2387 2937/2638/2375
f 2939/2640/2377 2951/2652/2389 2950/2651/2388 2938/2639/2376
f 2940/2641/2378 2952/2653/2390 2951/2652/2389 2939/2640/2377
f 2941/2642/2379 2953/2654/2391 2952/2653/2390 2940/2641/2378
f 2942/2643/2380 2954/2655/2392 2953/2654/2391 2941/2642/2379
f 2943/2644/2381 2955/2656/2393 2954/2655/2392 2942/2643/2380
f 2944/2645/2382 2956/2657/2394 2955/2656/2393 2943/2644/2381
f 2946/2646/2383 2958/2658/2395 2957/2659/2396 2945/2647/2384
f 2947/2648/2385 2959/2660/2397 2958/2658/2395 2946/2646/2383
f 2948/2649/2386 2960/2661/2398 2959/2660/2397 2947/2648/2385
f 2949/2650/2387 2961/2662/2399 2960/2661/2398 2948/2649/2386
f 2950/2651/2388 2962/2663/2400 2961/2662/2399 2949/2650/2387
f 2951/2652/2389 2963/2664/2401 2962/2663/2400 2950/2651/2388
f 2952/2653/2390 2964/2665/2402 2963/2664/2401 2951/2652/2389
f 2953/2654/2391 2965/2666/2403 2964/2665/2402 2952/2653/2390
f 2954/2655/2392 2966/2667/2404 2965/2666/2403 2953/2654/2391
f 2955/2656/2393 2967/2668/2405 2966/2667/2404 2954/2655/2392
f 2956/2657/2394 2968/2669/2406 2967/2668/2405 2955/2656/2393
f 2958/2658/2395 2970/2670/2407 2969/2671/2408 2957/2659/2396
f 2959/2660/2397 2971/2672/2409 2970/2670/2407 2958/2658/2395
f 2960/2661/2398 2972/2673/2410 2971/2672/2409 2959/2660/2397
f 2961/2662/2399 2973/2674/2411 2972/2673/2410 2960/2661/2398
f 2962/2663/2400 2974/2675/2412 2973/2674/2411 2961/2662/2399
f 2963/2664/2401 2975/2676/2413 2974/2675/2412 2962/2663/2400
f 2964/2665/2402 2976/2677/2414 2975/2676/2413 2963/2664/2401
f 2965/2666/2403 2977/2678/2415 2976/2677/2414 2964/2665/2402
f 2966/2667/2404 2978/2679/2416 2977/2678/2415 2965/2666/2403
f 2967/2668/2405 2979/2680/2417 2978/2679/2416 2966/2667/2404
f 2968/2669/2406 2980/2681/2418 2979/2680/2417 2967/2668/2405
f 2970/2670/2407 2982/2682/2419 2981/2683/2420 2969/2671/2408
f 2971/2672/2409 2983/2684/2421 2982/2682/2419 2970/2670/2407
f 2972/2673/2410 2984/2685/2422 2983/2684/2421 2971/2672/2409
f 2973/2674/2411 2985/2686/2423 2984/2685/2422 2972/2673/2410
f 2974/2675/2412 2986/2687/2424 2985/2686/2423 2973/2674/2411
f 2975/2676/2413 2987/2688/2425 2986/2687/2424 2974/2675/2412
f 2976/2677/2414 2988/2689/2426 2987/2688/2425 2975/2676/2413
f 2977/2678/2415 2989/2690/2427 2988/2689/2426 2976/2677/2414
f 2978/2679/2416 2990/2691/2428 2989/2690/2427 2977/2678/2415
f 2979/2680/2417 2991/2692/2429 2990/2691/2428 2978/2679/2416
f 2980/2681/2418 2992/2693/2430 2991/2692/2429 2979/2680/2417
f 2982/2682/2419 2334/2045/1773 2333/38/1776 2981/2683/2420
f 2983/2684/2421 2335/2046/1777 2334/2045/1773 2982/2682/2419
f 2984/2685/2422 2336/2047/1779 2335/2046/1777 2983/2684/2421
f 2985/2686/2423 2337/2048/1781 2336/2047/1779 2984/2685/2422
f 2986/2687/2424 2338/2049/1783 2337/2048/1781 2985/2686/2423
f 2987/2688/2425 2339/2050/1785 2338/2049/1783 2986/2687/2424
f 2988/2689/2426 2340/2051/1787 2339/2050/1785 2987/2688/2425
f 2989/2690/2427 2341/2052/1789 2340/2051/1787 2988/2689/2426
f 2990/2691/2428 2342/2053/1791 2341/2052/1789 2989/2690/2427
f 2991/2692/2429 2343/2054/1793 2342/2053/1791 2990/2691/2428
f 2992/2693/2430 2344/2055/1776 2343/2054/1793 2991/2692/2429
f 2994/290/2431 3006/2694/2432 3005/2695/2433 2993/92/2434
f 2995/293/2435 3007/2696/2436 3006/2694/2432 2994/290/2431
f 2996/295/2437 3008/2697/2438 3007/2696/2436 2995/293/2435
f 2997/297/2439 3009/2698/2440 3008/2697/2438 2996/295/2437
f 2998/299/2441 3010/2699/2442 3009/2698/2440 2997/297/2439
f 2999/301/2443 3011/2700/2444 3010/2699/2442 2998/299/2441
f 3000/303/2445 3012/2701/2446 3011/2700/2444 2999/301/2443
f 3001/305/2447 3013/2702/2448 3012/2701/2446 3000/303/2445
f 3002/307/2449 3014/2703/2450 3013/2702/2448 3001/305/2447
f 3003/309/2451 3015/2704/2452 3014/2703/2450 3002/307/2449
f 3004/311/2453 3016/2705/2454 3015/2704/2452 3003/309/2451
f 3006/2694/2432 3018/2706/2455 3017/2707/2456 3005/2695/2433
f 3007/2696/2436 3019/2708/2457 3018/2706/2455 3006/2694/2432
f 3008/2697/2438 3020/2709/2458 3019/2708/2457 3007/2696/2436
f 3009/2698/2440 3021/2710/2459 3020/2709/2458 3008/2697/2438
f 3010/2699/2442 3022/2711/2460 3021/2710/2459 3009/2698/2440
f 3011/2700/2444 3023/2712/2461 3022/2711/2460 3010/2699/2442
f 3012/2701/2446 3024/2713/2462 3023/2712/2461 3011/2700/2444
f 3013/2702/2448 3025/2714/2463 3024/2713/2462 3012/2701/2446
f 3014/2703/2450 3026/2715/2464 3025/2714/2463 3013/2702/2448
f 3015/2704/2452 3027/2716/2465 3026/2715/2464 3014/2703/2450
f 3016/2705/2454 3028/2717/2466 3027/2716/2465 3015/2704/2452
f 3018/2706/2455 3030/2718/2467 3029/2719/2468 3017/2707/2456
f 3019/2708/2457 3031/2720/2469 3030/2718/2467 3018/2706/2455
f 3020/2709/2458 3032/2721/2470 3031/2720/2469 3019/2708/2457
f 3021/2710/2459 3033/2722/2471 3032/2721/2470 3020/2709/2458
f 3022/2711/2460 3034/2723/2472 3033/2722/2471 3021/2710/2459
f 3023/2712/2461 3035/2724/2473 3034/2723/2472 3022/2711/2460
f 3024/2713/2462 3036/2725/2474 3035/2724/2473 3023/2712/2461
f 3025/2714/2463 3037/2726/2475 3036/2725/2474 3024/2713/2462
f 3026/2715/2464 3038/2727/2476 3037/2726/2475 3025/2714/2463
f 3027/2716/2465 3039/2728/2477 3038/2727/2476 3026/2715/2464
f 3028/2717/2466 3040/2729/2478 3039/2728/2477 3027/2716/2465
f 3030/2718/2467 3042/2730/2479 3041/2731/2480 3029/2719/2468
f 3031/2720/2469 3043/2732/2481 3042/2730/2479 3030/2718/2467
f 3032/2721/2470 3044/2733/2482 3043/2732/2481 3031/2720/2469
f 3033/2722/2471 3045/2734/2483 3044/2733/2482 3032/2721/2470
f 3034/2723/2472 3046/2735/2484 3045/2734/2483 3033/2722/2471
f 3035/2724/2473 3047/2736/2485 3046/2735/2484 3034/2723/2472
f 3036/2725/2474 3048/2737/2486 3047/2736/2485 3035/2724/2473
f 3037/2726/2475 3049/2738/2487 3048/2737/2486 3036/2725/2474
f 3038/2727/2476 3050/2739/2488 3049/2738/2487 3037/2726/2475
f 3039/2728/2477 3051/2740/2489 3050/2739/2488 3038/2727/2476
f 3040/2729/2478 3052/2741/2490 3051/2740/2489 3039/2728/2477
f 3042/2730/2479 3054/2742/2491 3053/2743/2492 3041/2731/2480
f 3043/2732/2481 3055/2744/2493 3054/2742/2491 3042/2730/2479
f 3044/2733/2482 3056/2745/2494 3055/2744/2493 3043/2732/2481
f 3045/2734/2483 3057/2746/2495 3056/2745/2494 3044/2733/2482
f 3046/2735/2484 3058/2747/2496 3057/2746/2495 3045/2734/2483
f 3047/2736/2485 3059/2748/2497 3058/2747/2496 3046/2735/2484
f 3048/2737/2486 3060/2749/2498 3059/2748/2497 3047/2736/2485
f 3049/2738/2487 3061/2750/2499 3060/2749/2498 3048/2737/2486
f 3050/2739/2488 3062/2751/2500 3061/2750/2499 3049/2738/2487
f 3051/2740/2489 3063/2752/2501 3062/2751/2500 3050/2739/2488
f 3052/2741/2490 3064/2753/2502 3063/2752/2501 3051/2740/2489
f 3054/2742/2491 3066/2754/2503 3065/2755/2504 3053/2743/2492
f 3055/2744/2493 3067/2756/2505 3066/2754/2503 3054/2742/2491
f 3056/2745/2494 3068/2757/2506 3067/2756/2505 3055/2744/2493
f 3057/2746/2495 3069/2758/2507 3068/2757/2506 3056/2745/2494
f 3058/2747/2496 3070/2759/2508 3069/2758/2507 3057/2746/2495
f 3059/2748/2497 3071/2760/2509 3070/2759/2508 3058/2747/2496
f 3060/2749/2498 3072/2761/2510 3071/2760/2509 3059/2748/2497
f 3061/2750/2499 3073/2762/2511 3072/2761/2510 3060/2749/2498
f 3062/2751/2500 3074/2763/2512 3073/2762/2511 3061/2750/2499
f 3063/2752/2501 3075/2764/2513 3074/2763/2512 3062/2751/2500
f 3064/2753/2502 3076/2765/2514 3075/2764/2513 3063/2752/2501
f 3066/2754/2503 3078/2766/2515 3077/2767/2516 3065/2755/2504
f 3067/2756/2505 3079/2768/2517 3078/2766/2515 3066/2754/2503
f 3068/2757/2506 3080/2769/2518 3079/2768/2517 3067/2756/2505
f 3069/2758/2507 3081/2770/2519 3080/2769/2518 3068/2757/2506
f 3070/2759/2508 3082/2771/2520 3081/2770/2519 3069/2758/2507
f 3071/2760/2509 3083/2772/2521 3082/2771/2520 3070/2759/2508
f 3072/2761/2510 3084/2773/2522 3083/2772/2521 3071/2760/2509
f 3073/2762/2511 3085/2774/2523 3084/2773/2522 3072/2761/2510
f 3074/2763/2512 3086/2775/2524 3085/2774/2523 3073/2762/2511
f 3075/2764/2513 3087/2776/2525 3086/2775/2524 3074/2763/2512
f 3076/2765/2514 3088/2777/2526 3087/2776/2525 3075/2764/2513
f 3078/2766/2515 3090/2174/2527 3089/2175/2528 3077/2767/2516
f 3079/2768/2517 3091/2176/2529 3090/2174/2527 3078/2766/2515
f 3080/2769/2518 3092/2177/2530 3091/2176/2529 3079/2768/2517
f 3081/2770/2519 3093/2178/2531 3092/2177/2530 3080/2769/2518
f 3082/2771/2520 3094/2179/2532 3093/2178/2531 3081/2770/2519
f 3083/2772/2521 3095/2180/2533 3094/2179/2532 3082/2771/2520
f 3084/2773/2522 3096/2181/2534 3095/2180/2533 3083/2772/2521
f 3085/2774/2523 3097/2182/2535 3096/2181/2534 3084/2773/2522
f 3086/2775/2524 3098/2183/2536 3097/2182/2535 3085/2774/2523
f 3087/2776/2525 3099/2184/2537 3098/2183/2536 3086/2775/2524
f 3088/2777/2526 3100/2185/2538 3099/2184/2537 3087/2776/2525
f 3090/2174/2527 3102/2778/2539 3101/2779/2540 3089/2175/2528
f 3091/2176/2529 3103/2780/2541 3102/2778/2539 3090/2174/2527
f 3092/2177/2530 3104/2781/2542 3103/2780/2541 3091/2176/2529
f 3093/2178/2531 3105/2782/2543 3104/2781/2542 3092/2177/2530
f 3094/2179/2532 3106/2783/2544 3105/2782/2543 3093/2178/2531
f 3095/2180/2533 3107/2784/2545 3106/2783/2544 3094/2179/2532
f 3096/2181/2534 3108/2785/2546 3107/2784/2545 3095/2180/2533
f 3097/2182/2535 3109/2786/2547 3108/2785/2546 3096/2181/2534
f 3098/2183/2536 3110/2787/2548 3109/2786/2547 3097/2182/2535
f 3099/2184/2537 3111/2788/2549 3110/2787/2548 3098/2183/2536
f 3100/2185/2538 3112/2789/2550 3111/2788/2549 3099/2184/2537
f 3102/2778/2539 3114/2790/2551 3113/2791/2552 3101/2779/2540
f 3103/2780/2541 3115/2792/2553 3114/2790/2551 3102/2778/2539
f 3104/2781/2542 3116/2793/2554 3115/2792/2553 3103/2780/2541
f 3105/2782/2543 3117/2794/2555 3116/2793/2554 3104/2781/2542
f 3106/2783/2544 3118/2795/2556 3117/2794/2555 3105/2782/2543
f 3107/2784/2545 3119/2796/2557 3118/2795/2556 3106/2783/2544
f 3108/2785/2546 3120/2797/2558 3119/2796/2557 3107/2784/2545
f 3109/2786/2547 3121/2798/2559 3120/2797/2558 3108/2785/2546
f 3110/2787/2548 3122/2799/2560 3121/2798/2559 3109/2786/2547
f 3111/2788/2549 3123/2800/2561 3122/2799/2560 3110/2787/2548
f 3112/2789/2550 3124/2801/2562 3123/2800/2561 3111/2788/2549
f 3114/2790/2551 3126/2802/2563 3125/2803/2564 3113/2791/2552
f 3115/2792/2553 3127/2804/2565 3126/2802/2563 3114/2790/2551
f 3116/2793/2554 3128/2805/2566 3127/2804/2565 3115/2792/2553
f 3117/2794/2555 3129/2806/2567 3128/2805/2566 3116/2793/2554
f 3118/2795/2556 3130/2807/2568 3129/2806/2567 3117/2794/2555
f 3119/2796/2557 3131/2808/2569 3130/2807/2568 3118/2795/2556
f 3120/2797/2558 3132/2809/2570 3131/2808/2569 3119/2796/2557
f 3121/2798/2559 3133/2810/2571 3132/2809/2570 3120/2797/2558
f 3122/2799/2560 3134/2811/2572 3133/2810/2571 3121/2798/2559
f 3123/2800/2561 3135/2812/2573 3134/2811/2572 3122/2799/2560
f 3124/2801/2562 3136/2813/2574 3135/2812/2573 3123/2800/2561
f 3126/2802/2563 3138/2814/2575 3137/2815/2576 3125/2803/2564
f 3127/2804/2565 3139/2816/2577 3138/2814/2575 3126/2802/2563
f 3128/2805/2566 3140/2817/2578 3139/2816/2577 3127/2804/2565
f 3129/2806/2567 3141/2818/2579 3140/2817/2578 3128/2805/2566
f 3130/2807/2568 3142/2819/2580 3141/2818/2579 3129/2806/2567
f 3131/2808/2569 3143/2820/2581 3142/2819/2580 3130/2807/2568
f 3132/2809/2570 3144/2821/2582 3143/2820/2581 3131/2808/2569
f 3133/2810/2571 3145/2822/2583 3144/2821/2582 3132/2809/2570
f 3134/2811/2572 3146/2823/2584 3145/2822/2583 3133/2810/2571
f 3135/2812/2573 3147/2824/2585 3146/2823/2584 3134/2811/2572
f 3136/2813/2574 3148/2825/2586 3147/2824/2585 3135/2812/2573
f 3138/2814/2575 3150/2826/2587 3149/2827/2588 3137/2815/2576
f 3139/2816/2577 3151/2828/2589 3150/2826/2587 3138/2814/2575
f 3140/2817/2578 3152/2829/2590 3151/2828/2589 3139/2816/2577
f 3141/2818/2579 3153/2830/2591 3152/2829/2590 3140/2817/2578
f 3142/2819/2580 3154/2831/2592 3153/2830/2591 3141/2818/2579
f 3143/2820/2581 3155/2832/2593 3154/2831/2592 3142/2819/2580
f 3144/2821/2582 3156/2833/2594 3155/2832/2593 3143/2820/2581
f 3145/2822/2583 3157/2834/2595 3156/2833/2594 3144/2821/2582
f 3146/2823/2584 3158/2835/2596 3157/2834/2595 3145/2822/2583
f 3147/2824/2585 3159/2836/2597 3158/2835/2596 3146/2823/2584
f 3148/2825/2586 3160/2837/2598 3159/2836/2597 3147/2824/2585
f 3150/2826/2587 3162/2838/2599 3161/2839/2600 3149/2827/2588
f 3151/2828/2589 3163/2840/2601 3162/2838/2599 3150/2826/2587
f 3152/2829/2590 3164/2841/2602 3163/2840/2601 3151/2828/2589
f 3153/2830/2591 3165/2842/2603 3164/2841/2602 3152/2829/2590
f 3154/2831/2592 3166/2843/2604 3165/2842/2603 3153/2830/2591
f 3155/2832/2593 3167/2844/2605 3166/2843/2604 3154/2831/2592
f 3156/2833/2594 3168/2845/2606 3167/2844/2605 3155/2832/2593
f 3157/2834/2595 3169/2846/2607 3168/2845/2606 3156/2833/2594
f 3158/2835/2596 3170/2847/2608 3169/2846/2607 3157/2834/2595
f 3159/2836/2597 3171/2848/2609 3170/2847/2608 3158/2835/2596
f 3160/2837/2598 3172/2849/2610 3171/2848/2609 3159/2836/2597
f 3162/2838/2599 3174/2850/2611 3173/2851/2612 3161/2839/2600
f 3163/2840/2601 3175/2852/2613 3174/2850/2611 3162/2838/2599
f 3164/2841/2602 3176/2853/2614 3175/2852/2613 3163/2840/2601
f 3165/2842/2603 3177/2854/2615 3176/2853/2614 3164/2841/2602
f 3166/2843/2604 3178/2855/2616 3177/2854/2615 3165/2842/2603
f 3167/2844/2605 3179/2856/2617 3178/2855/2616 3166/2843/2604
f 3168/2845/2606 3180/2857/2618 3179/2856/2617 3167/2844/2605
f 3169/2846/2607 3181/2858/2619 3180/2857/2618 3168/2845/2606
f 3170/2847/2608 3182/2859/2620 3181/2858/2619 3169/2846/2607
f 3171/2848/2609 3183/2860/2621 3182/2859/2620 3170/2847/2608
f 3172/2849/2610 3184/2861/2622 3183/2860/2621 3171/2848/2609
f 3174/2850/2611 3186/2304/2623 3185/2305/2624 3173/2851/2612
f 3175/2852/2613 3187/2306/2625 3186/2304/2623 3174/2850/2611
f 3176/2853/2614 3188/2307/2626 3187/2306/2625 3175/2852/2613
f 3177/2854/2615 3189/2308/2627 3188/2307/2626 3176/2853/2614
f 3178/2855/2616 3190/2309/2628 3189/2308/2627 3177/2854/2615
f 3179/2856/2617 3191/2310/2629 3190/2309/2628 3178/2855/2616
f 3180/2857/2618 3192/2311/2630 3191/2310/2629 3179/2856/2617
f 3181/2858/2619 3193/2312/2631 3192/2311/2630 3180/2857/2618
f 3182/2859/2620 3194/2313/2632 3193/2312/2631 3181/2858/2619
f 3183/2860/2621 3195/2314/2633 3194/2313/2632 3182/2859/2620
f 3184/2861/2622 3196/2315/2634 3195/2314/2633 3183/2860/2621
f 3186/2304/2623 3198/2862/2635 3197/2863/2636 3185/2305/2624
f 3187/2306/2625 3199/2864/2637 3198/2862/2635 3186/2304/2623
f 3188/2307/2626 3200/2865/2638 3199/2864/2637 3187/2306/2625
f 3189/2308/2627 3201/2866/2639 3200/2865/2638 3188/2307/2626
f 3190/2309/2628 3202/2867/2640 3201/2866/2639 3189/2308/2627
f 3191/2310/2629 3203/2868/2641 3202/2867/2640 3190/2309/2628
f 3192/2311/2630 3204/2869/2642 3203/2868/2641 3191/2310/2629
f 3193/2312/2631 3205/2870/2643 3204/2869/2642 3192/2311/2630
f 3194/2313/2632 3206/2871/2644 3205/2870/2643 3193/2312/2631
f 3195/2314/2633 3207/2872/2645 3206/2871/2644 3194/2313/2632
f 3196/2315/2634 3208/2873/2646 3207/2872/2645 3195/2314/2633
f 3198/2862/2635 3210/2874/2647 3209/2875/2648 3197/2863/2636
f 3199/2864/2637 3211/2876/2649 3210/2874/2647 3198/2862/2635
f 3200/2865/2638 3212/2877/2650 3211/2876/2649 3199/2864/2637
f 3201/2866/2639 3213/2878/2651 3212/2877/2650 3200/2865/2638
f 3202/2867/2640 3214/2879/2652 3213/2878/2651 3201/2866/2639
f 3203/2868/2641 3215/2880/2653 3214/2879/2652 3202/2867/2640
f 3204/2869/2642 3216/2881/2654 3215/2880/2653 3203/2868/2641
f 3205/2870/2643 3217/2882/2655 3216/2881/2654 3204/2869/2642
f 3206/2871/2644 3218/2883/2656 3217/2882/2655 3205/2870/2643
f 3207/2872/2645 3219/2884/2657 3218/2883/2656 3206/2871/2644
f 3208/2873/2646 3220/2885/2658 3219/2884/2657 3207/2872/2645
f 3210/2874/2647 3222/2886/2659 3221/2887/2660 3209/2875/2648
f 3211/2876/2649 3223/2888/2661 3222/2886/2659 3210/2874/2647
f 3212/2877/2650 3224/2889/2662 3223/2888/2661 3211/2876/2649
f 3213/2878/2651 3225/2890/2663 3224/2889/2662 3212/2877/2650
f 3214/2879/2652 3226/2891/2664 3225/2890/2663 3213/2878/2651
f 3215/2880/2653 3227/2892/2665 3226/2891/2664 3214/2879/2652
f 3216/2881/2654 3228/2893/2666 3227/2892/2665 3215/2880/2653
f 3217/2882/2655 3229/2894/2667 3228/2893/2666 3216/2881/2654
f 3218/2883/2656 3230/2895/2668 3229/2894/2667 3217/2882/2655
f 3219/2884/2657 3231/2896/2669 3230/2895/2668 3218/2883/2656
f 3220/2885/2658 3232/2897/2670 3231/2896/2669 3219/2884/2657
f 3222/2886/2659 3234/2898/2671 3233/125/2672 3221/2887/2660
f 3223/2888/2661 3235/2899/2673 3234/2898/2671 3222/2886/2659
f 3224/2889/2662 3236/2900/2674 3235/2899/2673 3223/2888/2661
f 3225/2890/2663 3237/2901/2675 3236/2900/2674 3224/2889/2662
f 3226/2891/2664 3238/2902/2676 3237/2901/2675 3225/2890/2663
f 3227/2892/2665 3239/2903/2677 3238/2902/2676 3226/2891/2664
f 3228/2893/2666 3240/2904/2678 3239/2903/2677 3227/2892/2665
f 3229/2894/2667 3241/2905/2679 3240/2904/2678 3228/2893/2666
f 3230/2895/2668 3242/2906/2680 3241/2905/2679 3229/2894/2667
f 3231/2896/2669 3243/2907/2681 3242/2906/2680 3230/2895/2668
f 3232/2897/2670 3244/2908/2682 3243/2907/2681 3231/2896/2669
f 3234/2898/2671 3246/2909/2683 3245/2910/2684 3233/125/2672
f 3235/2899/2673 3247/2911/2685 3246/2909/2683 3234/2898/2671
f 3236/2900/2674 3248/2912/2686 3247/2911/2685 3235/2899/2673
f 3237/2901/2675 3249/2913/2687 3248/2912/2686 3236/2900/2674
f 3238/2902/2676 3250/2914/2688 3249/2913/2687 3237/2901/2675
f 3239/2903/2677 3251/2915/2689 3250/2914/2688 3238/2902/2676
f 3240/2904/2678 3252/2916/2690 3251/2915/2689 3239/2903/2677
f 3241/2905/2679 3253/2917/2691 3252/2916/2690 3240/2904/2678
f 3242/2906/2680 3254/2918/2692 3253/2917/2691 3241/2905/2679
f 3243/2907/2681 3255/2919/2693 3254/2918/2692 3242/2906/2680
f 3244/2908/2682 3256/2920/2694 3255/2919/2693 3243/2907/2681
f 3246/2909/2683 3258/2921/2695 3257/2922/2696 3245/2910/2684
f 3247/2911/2685 3259/2923/2697 3258/2921/2695 3246/2909/2683
f 3248/2912/2686 3260/2924/2698 3259/2923/2697 3247/2911/2685
f 3249/2913/2687 3261/2925/2699 3260/2924/2698 3248/2912/2686
f 3250/2914/2688 3262/2926/2700 3261/2925/2699 3249/2913/2687
f 3251/2915/2689 3263/2927/2701 3262/2926/2700 3250/2914/2688
f 3252/2916/2690 3264/2928/2702 3263/2927/2701 3251/2915/2689
f 3253/2917/2691 3265/2929/2703 3264/2928/2702 3252/2916/2690
f 3254/2918/2692 3266/2930/2704 3265/2929/2703 3253/2917/2691
f 3255/2919/2693 3267/2931/2705 3266/2930/2704 3254/2918/2692
f 3256/2920/2694 3268/2932/2706 3267/2931/2705 3255/2919/2693
f 3258/2921/2695 3270/2933/2707 3269/2934/2708 3257/2922/2696
f 3259/2923/2697 3271/2935/2709 3270/2933/2707 3258/2921/2695
f 3260/2924/2698 3272/2936/2710 3271/2935/2709 3259/2923/2697
f 3261/2925/2699 3273/2937/2711 3272/2936/2710 3260/2924/2698
f 3262/2926/2700 3274/2938/2712 3273/2937/2711 3261/2925/2699
f 3263/2927/2701 3275/2939/2713 3274/2938/2712 3262/2926/2700
f 3264/2928/2702 3276/2940/2714 3275/2939/2713 3263/2927/2701
f 3265/2929/2703 3277/2941/2715 3276/2940/2714 3264/2928/2702
f 3266/2930/2704 3278/2942/2716 3277/2941/2715 3265/2929/2703
f 3267/2931/2705 3279/2943/2717 3278/2942/2716 3266/2930/2704
f 3268/2932/2706 3280/2944/2718 3279/2943/2717 3267/2931/2705
f 3270/2933/2707 3282/2434/2719 3281/2435/2720 3269/2934/2708
f 3271/2935/2709 3283/2436/2721 3282/2434/2719 3270/2933/2707
f 3272/2936/2710 3284/2437/2722 3283/2436/2721 3271/2935/2709
f 3273/2937/2711 3285/2438/2723 3284/2437/2722 3272/2936/2710
f 3274/2938/2712 3286/2439/2724 3285/2438/2723 3273/2937/2711
f 3275/2939/2713 3287/2440/2725 3286/2439/2724 3274/2938/2712
f 3276/2940/2714 3288/2441/2726 3287/2440/2725 3275/2939/2713
f 3277/2941/2715 3289/2442/2727 3288/2441/2726 3276/2940/2714
f 3278/2942/2716 3290/2443/2728 3289/2442/2727 3277/2941/2715
f 3279/2943/2717 3291/2444/2729 3290/2443/2728 3278/2942/2716
f 3280/2944/2718 3292/2445/2730 3291/2444/2729 3279/2943/2717
f 3282/2434/2719 3294/2945/2731 3293/2946/2732 3281/2435/2720
f 3283/2436/2721 3295/2947/2733 3294/2945/2731 3282/2434/2719
f 3284/2437/2722 3296/2948/2734 3295/2947/2733 3283/2436/2721
f 3285/2438/2723 3297/2949/2735 3296/2948/2734 3284/2437/2722
f 3286/2439/2724 3298/2950/2736 3297/2949/2735 3285/2438/2723
f 3287/2440/2725 3299/2951/2737 3298/2950/2736 3286/2439/2724
f 3288/2441/2726 3300/2952/2738 3299/2951/2737 3287/2440/2725
f 3289/2442/2727 3301/2953/2739 3300/2952/2738 3288/2441/2726
f 3290/2443/2728 3302/2954/2740 3301/2953/2739 3289/2442/2727
f 3291/2444/2729 3303/2955/2741 3302/2954/2740 3290/2443/2728
f 3292/2445/2730 3304/2956/2742 3303/2955/2741 3291/2444/2729
f 3294/2945/2731 3306/2957/2743 3305/2958/2744 3293/2946/2732
f 3295/2947/2733 3307/2959/2745 3306/2957/2743 3294/2945/2731
f 3296/2948/2734 3308/2960/2746 3307/2959/2745 3295/2947/2733
f 3297/2949/2735 3309/2961/2747 3308/2960/2746 3296/2948/2734
f 3298/2950/2736 3310/2962/2748 3309/2961/2747 3297/2949/2735
f 3299/2951/2737 3311/2963/2749 3310/2962/2748 3298/2950/2736
f 3300/2952/2738 3312/2964/2750 3311/2963/2749 3299/2951/2737
f 3301/2953/2739 3313/2965/2751 3312/2964/2750 3300/2952/2738
f 3302/2954/2740 3314/2966/2752 3313/2965/2751 3301/2953/2739
f 3303/2955/2741 3315/2967/2753 3314/2966/2752 3302/2954/2740
f 3304/2956/2742 3316/2968/2754 3315/2967/2753 3303/2955/2741
f 3306/2957/2743 3318/2969/2755 3317/2970/2756 3305/2958/2744
f 3307/2959/2745 3319/2971/2757 3318/2969/2755 3306/2957/2743
f 3308/2960/2746 3320/2972/2758 3319/2971/2757 3307/2959/2745
f 3309/2961/2747 3321/2973/2759 3320/2972/2758 3308/2960/2746
f 3310/2962/2748 3322/2974/2760 3321/2973/2759 3309/2961/2747
f 3311/2963/2749 3323/2975/2761 3322/2974/2760 3310/2962/2748
f 3312/2964/2750 3324/2976/2762 3323/2975/2761 3311/2963/2749
f 3313/2965/2751 3325/2977/2763 3324/2976/2762 3312/2964/2750
f 3314/2966/2752 3326/2978/2764 3325/2977/2763 3313/2965/2751
f 3315/2967/2753 3327/2979/2765 3326/2978/2764 3314/2966/2752
f 3316/2968/2754 3328/2980/2766 3327/2979/2765 3315/2967/2753
f 3318/2969/2755 3330/2981/2767 3329/2982/2768 3317/2970/2756
f 3319/2971/2757 3331/2983/2769 3330/2981/2767 3318/2969/2755
f 3320/2972/2758 3332/2984/2770 3331/2983/2769 3319/2971/2757
f 3321/2973/2759 3333/2985/2771 3332/2984/2770 3320/2972/2758
f 3322/2974/2760 3334/2986/2772 3333/2985/2771 3321/2973/2759
f 3323/2975/2761 3335/2987/2773 3334/2986/2772 3322/2974/2760
f 3324/2976/2762 3336/2988/2774 3335/2987/2773 3323/2975/2761
f 3325/2977/2763 3337/2989/2775 3336/2988/2774 3324/2976/2762
f 3326/2978/2764 3338/2990/2776 3337/2989/2775 3325/2977/2763
f 3327/2979/2765 3339/2991/2777 3338/2990/2776 3326/2978/2764
f 3328/2980/2766 3340/2992/2778 3339/2991/2777 3327/2979/2765
f 3330/2981/2767 3342/2993/2779 3341/2994/2780 3329/2982/2768
f 3331/2983/2769 3343/2995/2781 3342/2993/2779 3330/2981/2767
f 3332/2984/2770 3344/2996/2782 3343/2995/2781 3331/2983/2769
f 3333/2985/2771 3345/2997/2783 3344/2996/2782 3332/2984/2770
f 3334/2986/2772 3346/2998/2784 3345/2997/2783 3333/2985/2771
f 3335/2987/2773 3347/2999/2785 3346/2998/2784 3334/2986/2772
f 3336/2988/2774 3348/3000/2786 3347/2999/2785 3335/2987/2773
f 3337/2989/2775 3349/3001/2787 3348/3000/2786 3336/2988/2774
f 3338/2990/2776 3350/3002/2788 3349/3001/2787 3337/2989/2775
f 3339/2991/2777 3351/3003/2789 3350/3002/2788 3338/2990/2776
f 3340/2992/2778 3352/3004/2790 3351/3003/2789 3339/2991/2777
f 3342/2993/2779 3354/3005/2791 3353/3006/2792 3341/2994/2780
f 3343/2995/2781 3355/3007/2793 3354/3005/2791 3342/2993/2779
f 3344/2996/2782 3356/3008/2794 3355/3007/2793 3343/2995/2781
f 3345/2997/2783 3357/3009/2795 3356/3008/2794 3344/2996/2782
f 3346/2998/2784 3358/3010/2796 3357/3009/2795 3345/2997/2783
f 3347/2999/2785 3359/3011/2797 3358/3010/2796 3346/2998/2784
f 3348/3000/2786 3360/3012/2798 3359/3011/2797 3347/2999/2785
f 3349/3001/2787 3361/3013/2799 3360/3012/2798 3348/3000/2786
f 3350/3002/2788 3362/3014/2800 3361/3013/2799 3349/3001/2787
f 3351/3003/2789 3363/3015/2801 3362/3014/2800 3350/3002/2788
f 3352/3004/2790 3364/3016/2802 3363/3015/2801 3351/3003/2789
f 3354/3005/2791 3366/3017/2803 3365/3018/2804 3353/3006/2792
f 3355/3007/2793 3367/3019/2805 3366/3017/2803 3354/3005/2791
f 3356/3008/2794 3368/3020/2806 3367/3019/2805 3355/3007/2793
f 3357/3009/2795 3369/3021/2807 3368/3020/2806 3356/3008/2794
f 3358/3010/2796 3370/3022/2808 3369/3021/2807 3357/3009/2795
f 3359/3011/2797 3371/3023/2809 3370/3022/2808 3358/3010/2796
f 3360/3012/2798 3372/3024/2810 3371/3023/2809 3359/3011/2797
f 3361/3013/2799 3373/3025/2811 3372/3024/2810 3360/3012/2798
f 3362/3014/2800 3374/3026/2812 3373/3025/2811 3361/3013/2799
f 3363/3015/2801 3375/3027/2813 3374/3026/2812 3362/3014/2800
f 3364/3016/2802 3376/3028/2814 3375/3027/2813 3363/3015/2801
f 3366/3017/2803 3378/2564/2815 3377/2565/2816 3365/3018/2804
f 3367/3019/2805 3379/2566/2817 3378/2564/2815 3366/3017/2803
f 3368/3020/2806 3380/2567/2818 3379/2566/2817 3367/3019/2805
f 3369/3021/2807 3381/2568/2819 3380/2567/2818 3368/3020/2806
f 3370/3022/2808 3382/2569/2820 3381/2568/2819 3369/3021/2807
f 3371/3023/2809 3383/2570/2821 3382/2569/2820 3370/3022/2808
f 3372/3024/2810 3384/2571/2822 3383/2570/2821 3371/3023/2809
f 3373/3025/2811 3385/2572/2823 3384/2571/2822 3372/3024/2810
f 3374/3026/2812 3386/2573/2824 3385/2572/2823 3373/3025/2811
f 3375/3027/2813 3387/2574/2825 3386/2573/2824 3374/3026/2812
f 3376/3028/2814 3388/2575/2826 3387/2574/2825 3375/3027/2813
f 3378/2564/2815 3390/3029/2827 3389/3030/2828 3377/2565/2816
f 3379/2566/2817 3391/3031/2829 3390/3029/2827 3378/2564/2815
f 3380/2567/2818 3392/3032/2830 3391/3031/2829 3379/2566/2817
f 3381/2568/2819 3393/3033/2831 3392/3032/2830 3380/2567/2818
f 3382/2569/2820 3394/3034/2832 3393/3033/2831 3381/2568/2819
f 3383/2570/2821 3395/3035/2833 3394/3034/2832 3382/2569/2820
f 3384/2571/2822 3396/3036/2834 3395/3035/2833 3383/2570/2821
f 3385/2572/2823 3397/3037/2835 3396/3036/2834 3384/2571/2822
f 3386/2573/2824 3398/3038/2836 3397/3037/2835 3385/2572/2823
f 3387/2574/2825 3399/3039/2837 3398/3038/2836 3386/2573/2824
f 3388/2575/2826 3400/3040/2838 3399/3039/2837 3387/2574/2825
f 3390/3029/2827 3402/3041/2839 3401/3042/2840 3389/3030/2828
f 3391/3031/2829 3403/3043/2841 3402/3041/2839 3390/3029/2827
f 3392/3032/2830 3404/3044/2842 3403/3043/2841 3391/3031/2829
f 3393/3033/2831 3405/3045/2843 3404/3044/2842 3392/3032/2830
f 3394/3034/2832 3406/3046/2844 3405/3045/2843 3393/3033/2831
f 3395/3035/2833 3407/3047/2845 3406/3046/2844 3394/3034/2832
f 3396/3036/2834 3408/3048/2846 3407/3047/2845 3395/3035/2833
f 3397/3037/2835 3409/3049/2847 3408/3048/2846 3396/3036/2834
f 3398/3038/2836 3410/3050/2848 3409/3049/2847 3397/3037/2835
f 3399/3039/2837 3411/3051/2849 3410/3050/2848 3398/3038/2836
f 3400/3040/2838 3412/3052/2850 3411/3051/2849 3399/3039/2837
f 3402/3041/2839 3414/3053/2851 3413/3054/2852 3401/3042/2840
f 3403/3043/2841 3415/3055/2853 3414/3053/2851 3402/3041/2839
f 3404/3044/2842 3416/3056/2854 3415/3055/2853 3403/3043/2841
f 3405/3045/2843 3417/3057/2855 3416/3056/2854 3404/3044/2842
f 3406/3046/2844 3418/3058/2856 3417/3057/2855 3405/3045/2843
f 3407/3047/2845 3419/3059/2857 3418/3058/2856 3406/3046/2844
f 3408/3048/2846 3420/3060/2858 3419/3059/2857 3407/3047/2845
f 3409/3049/2847 3421/3061/2859 3420/3060/2858 3408/3048/2846
f 3410/3050/2848 3422/3062/2860 3421/3061/2859 3409/3049/2847
f 3411/3051/2849 3423/3063/2861 3422/3062/2860 3410/3050/2848
f 3412/3052/2850 3424/3064/2862 3423/3063/2861 3411/3051/2849
f 3414/3053/2851 3426/3065/2863 3425/3066/2864 3413/3054/2852
f 3415/3055/2853 3427/3067/2865 3426/3065/2863 3414/3053/2851
f 3416/3056/2854 3428/3068/2866 3427/3067/2865 3415/3055/2853
f 3417/3057/2855 3429/3069/2867 3428/3068/2866 3416/3056/2854
f 3418/3058/2856 3430/3070/2868 3429/3069/2867 3417/3057/2855
f 3419/3059/2857 3431/3071/2869 3430/3070/2868 3418/3058/2856
f 3420/3060/2858 3432/3072/2870 3431/3071/2869 3419/3059/2857
f 3421/3061/2859 3433/3073/2871 3432/3072/2870 3420/3060/2858
f 3422/3062/2860 3434/3074/2872 3433/3073/2871 3421/3061/2859
f 3423/3063/2861 3435/3075/2873 3434/3074/2872 3422/3062/2860
f 3424/3064/2862 3436/3076/2874 3435/3075/2873 3423/3063/2861
f 3426/3065/2863 3438/3077/2407 3437/3078/2408 3425/3066/2864
f 3427/3067/2865 3439/3079/2409 3438/3077/2407 3426/3065/2863
f 3428/3068/2866 3440/3080/2410 3439/3079/2409 3427/3067/2865
f 3429/3069/2867 3441/3081/2875 3440/3080/2410 3428/3068/2866
f 3430/3070/2868 3442/3082/2412 3441/3081/2875 3429/3069/2867
f 3431/3071/2869 3443/3083/2413 3442/3082/2412 3430/3070/2868
f 3432/3072/2870 3444/3084/2876 3443/3083/2413 3431/3071/2869
f 3433/3073/2871 3445/3085/2415 3444/3084/2876 3432/3072/2870
f 3434/3074/2872 3446/3086/2416 3445/3085/2415 3433/3073/2871
f 3435/3075/2873 3447/3087/2417 3446/3086/2416 3434/3074/2872
f 3436/3076/2874 3448/3088/2418 3447/3087/2417 3435/3075/2873
f 3438/3077/2407 3450/3089/2419 3449/3090/2420 3437/3078/2408
f 3439/3079/2409 3451/3091/2421 3450/3089/2419 3438/3077/2407
f 3440/3080/2410 3452/3092/2422 3451/3091/2421 3439/3079/2409
f 3441/3081/2875 3453/3093/2423 3452/3092/2422 3440/3080/2410
f 3442/3082/2412 3454/3094/2424 3453/3093/2423 3441/3081/2875
f 3443/3083/2413 3455/3095/2425 3454/3094/2424 3442/3082/2412
f 3444/3084/2876 3456/3096/2426 3455/3095/2425 3443/3083/2413
f 3445/3085/2415 3457/3097/2427 3456/3096/2426 3444/3084/2876
f 3446/3086/2416 3458/3098/2428 3457/3097/2427 3445/3085/2415
f 3447/3087/2417 3459/3099/2429 3458/3098/2428 3446/3086/2416
f 3448/3088/2418 3460/3100/2430 3459/3099/2429 3447/3087/2417
f 3450/3089/2419 3462/3101/2383 3461/3102/2384 3449/3090/2420
f 3451/3091/2421 3463/3103/2385 3462/3101/2383 3450/3089/2419
f 3452/3092/2422 3464/3104/2386 3463/3103/2385 3451/3091/2421
f 3453/3093/2423 3465/3105/2877 3464/3104/2386 3452/3092/2422
f 3454/3094/2424 3466/3106/2388 3465/3105/2877 3453/3093/2423
f 3455/3095/2425 3467/3107/2389 3466/3106/2388 3454/3094/2424
f 3456/3096/2426 3468/3108/2878 3467/3107/2389 3455/3095/2425
f 3457/3097/2427 3469/3109/2391 3468/3108/2878 3456/3096/2426
f 3458/3098/2428 3470/3110/2392 3469/3109/2391 3457/3097/2427
f 3459/3099/2429 3471/3111/2393 3470/3110/2392 3458/3098/2428
f 3460/3100/2430 3472/3112/2394 3471/3111/2393 3459/3099/2429
f 3462/3101/2383 2994/2045/2431 2993/38/2434 3461/3102/2384
f 3463/3103/2385 2995/2046/2435 2994/2045/2431 3462/3101/2383
f 3464/3104/2386 2996/2047/2437 2995/2046/2435 3463/3103/2385
f 3465/3105/2877 2997/2048/2439 2996/2047/2437 3464/3104/2386
f 3466/3106/2388 2998/2049/2441 2997/2048/2439 3465/3105/2877
f 3467/3107/2389 2999/2050/2443 2998/2049/2441 3466/3106/2388
f 3468/3108/2878 3000/2051/2445 2999/2050/2443 3467/3107/2389
f 3469/3109/2391 3001/2052/2447 3000/2051/2445 3468/3108/2878
f 3470/3110/2392 3002/2053/2449 3001/2052/2447 3469/3109/2391
f 3471/3111/2393 3003/2054/2451 3002/2053/2449 3470/3110/2392
f 3472/3112/2394 3004/2055/2453 3003/2054/2451 3471/3111/2393
f 3474/290/2879 3486/3113/2880 3485/3114/2881 3473/92/2882
f 3475/293/2883 3487/3115/2884 3486/3113/2880 3474/290/2879
f 3476/295/2885 3488/3116/2886 3487/3115/2884 3475/293/2883
f 3477/297/2887 3489/3117/2888 3488/3116/2886 3476/295/2885
f 3478/299/2889 3490/3118/2890 3489/3117/2888 3477/297/2887
f 3479/301/2891 3491/3119/2892 3490/3118/2890 3478/299/2889
f 3480/303/2893 3492/3120/2894 3491/3119/2892 3479/301/2891
f 3481/305/2895 3493/3121/2896 3492/3120/2894 3480/303/2893
f 3482/307/2897 3494/3122/2898 3493/3121/2896 3481/305/2895
f 3483/309/2899 3495/3123/2900 3494/3122/2898 3482/307/2897
f 3484/311/2901 3496/3124/2902 3495/3123/2900 3483/309/2899
f 3486/3113/2880 3498/3125/2903 3497/3126/802 3485/3114/2881
f 3487/3115/2884 3499/3127/2904 3498/3125/2903 3486/3113/2880
f 3488/3116/2886 3500/3128/2905 3499/3127/2904 3487/3115/2884
f 3489/3117/2888 3501/3129/2906 3500/3128/2905 3488/3116/2886
f 3490/3118/2890 3502/3130/2907 3501/3129/2906 3489/3117/2888
f 3491/3119/2892 3503/3131/2908 3502/3130/2907 3490/3118/2890
f 3492/3120/2894 3504/3132/2909 3503/3131/2908 3491/3119/2892
f 3493/3121/2896 3505/3133/2910 3504/3132/2909 3492/3120/2894
f 3494/3122/2898 3506/3134/2911 3505/3133/2910 3493/3121/2896
f 3495/3123/2900 3507/3135/2912 3506/3134/2911 3494/3122/2898
f 3496/3124/2902 3508/3136/812 3507/3135/2912 3495/3123/2900
f 3498/3125/2903 3510/3137/2913 3509/3138/2914 3497/3126/802
f 3499/3127/2904 3511/3139/2915 3510/3137/2913 3498/3125/2903
f 3500/3128/2905 3512/3140/2916 3511/3139/2915 3499/3127/2904
f 3501/3129/2906 3513/3141/2917 3512/3140/2916 3500/3128/2905
f 3502/3130/2907 3514/3142/2918 3513/3141/2917 3501/3129/2906
f 3503/3131/2908 3515/3143/2919 3514/3142/2918 3502/3130/2907
f 3504/3132/2909 3516/3144/2920 3515/3143/2919 3503/3131/2908
f 3505/3133/2910 3517/3145/2921 3516/3144/2920 3504/3132/2909
f 3506/3134/2911 3518/3146/2922 3517/3145/2921 3505/3133/2910
f 3507/3135/2912 3519/3147/2923 3518/3146/2922 3506/3134/2911
f 3508/3136/812 3520/3148/2924 3519/3147/2923 3507/3135/2912
f 3510/3137/2913 3522/3149/2925 3521/3150/2926 3509/3138/2914
f 3511/3139/2915 3523/3151/2927 3522/3149/2925 3510/3137/2913
f 3512/3140/2916 3524/3152/2928 3523/3151/2927 3511/3139/2915
f 3513/3141/2917 3525/3153/2929 3524/3152/2928 3512/3140/2916
f 3514/3142/2918 3526/3154/2930 3525/3153/2929 3513/3141/2917
f 3515/3143/2919 3527/3155/2931 3526/3154/2930 3514/3142/2918
f 3516/3144/2920 3528/3156/2932 3527/3155/2931 3515/3143/2919
f 3517/3145/2921 3529/3157/2933 3528/3156/2932 3516/3144/2920
f 3518/3146/2922 3530/3158/2934 3529/3157/2933 3517/3145/2921
f 3519/3147/2923 3531/3159/2935 3530/3158/2934 3518/3146/2922
f 3520/3148/2924 3532/3160/2936 3531/3159/2935 3519/3147/2923
f 3522/3149/2925 3534/3161/2937 3533/3162/2938 3521/3150/2926
f 3523/3151/2927 3535/3163/2939 3534/3161/2937 3522/3149/2925
f 3524/3152/2928 3536/3164/2940 3535/3163/2939 3523/3151/2927
f 3525/3153/2929 3537/3165/2941 3536/3164/2940 3524/3152/2928
f 3526/3154/2930 3538/3166/2942 3537/3165/2941 3525/3153/2929
f 3527/3155/2931 3539/3167/2943 3538/3166/2942 3526/3154/2930
f 3528/3156/2932 3540/3168/2944 3539/3167/2943 3527/3155/2931
f 3529/3157/2933 3541/3169/2945 3540/3168/2944 3528/3156/2932
f 3530/3158/2934 3542/3170/2946 3541/3169/2945 3529/3157/2933
f 3531/3159/2935 3543/3171/2947 3542/3170/2946 3530/3158/2934
f 3532/3160/2936 3544/3172/2948 3543/3171/2947 3531/3159/2935
f 3534/3161/2937 3546/3173/2949 3545/3174/2950 3533/3162/2938
f 3535/3163/2939 3547/3175/2951 3546/3173/2949 3534/3161/2937
f 3536/3164/2940 3548/3176/2952 3547/3175/2951 3535/3163/2939
f 3537/3165/2941 3549/3177/2953 3548/3176/2952 3536/3164/2940
f 3538/3166/2942 3550/3178/2954 3549/3177/2953 3537/3165/2941
f 3539/3167/2943 3551/3179/2955 3550/3178/2954 3538/3166/2942
f 3540/3168/2944 3552/3180/2956 3551/3179/2955 3539/3167/2943
f 3541/3169/2945 3553/3181/2957 3552/3180/2956 3540/3168/2944
f 3542/3170/2946 3554/3182/2958 3553/3181/2957 3541/3169/2945
f 3543/3171/2947 3555/3183/2959 3554/3182/2958 3542/3170/2946
f 3544/3172/2948 3556/3184/2960 3555/3183/2959 3543/3171/2947
f 3546/3173/2949 3558/3185/2961 3557/3186/2962 3545/3174/2950
f 3547/3175/2951 3559/3187/2963 3558/3185/2961 3546/3173/2949
f 3548/3176/2952 3560/3188/2964 3559/3187/2963 3547/3175/2951
f 3549/3177/2953 3561/3189/2965 3560/3188/2964 3548/3176/2952
f 3550/3178/2954 3562/3190/2966 3561/3189/2965 3549/3177/2953
f 3551/3179/2955 3563/3191/2967 3562/3190/2966 3550/3178/2954
f 3552/3180/2956 3564/3192/2968 3563/3191/2967 3551/3179/2955
f 3553/3181/2957 3565/3193/2969 3564/3192/2968 3552/3180/2956
f 3554/3182/2958 3566/3194/2970 3565/3193/2969 3553/3181/2957
f 3555/3183/2959 3567/3195/2971 3566/3194/2970 3554/3182/2958
f 3556/3184/2960 3568/3196/2972 3567/3195/2971 3555/3183/2959
f 3558/3185/2961 3570/3197/2973 3569/3198/2974 3557/3186/2962
f 3559/3187/2963 3571/3199/2975 3570/3197/2973 3558/3185/2961
f 3560/3188/2964 3572/3200/2976 3571/3199/2975 3559/3187/2963
f 3561/3189/2965 3573/3201/2977 3572/3200/2976 3560/3188/2964
f 3562/3190/2966 3574/3202/2978 3573/3201/2977 3561/3189/2965
f 3563/3191/2967 3575/3203/2979 3574/3202/2978 3562/3190/2966
f 3564/3192/2968 3576/3204/2980 3575/3203/2979 3563/3191/2967
f 3565/3193/2969 3577/3205/2981 3576/3204/2980 3564/3192/2968
f 3566/3194/2970 3578/3206/2982 3577/3205/2981 3565/3193/2969
f 3567/3195/2971 3579/3207/2983 3578/3206/2982 3566/3194/2970
f 3568/3196/2972 3580/3208/2984 3579/3207/2983 3567/3195/2971
f 3570/3197/2973 3582/3209/2985 3581/3210/2986 3569/3198/2974
f 3571/3199/2975 3583/3211/2987 3582/3209/2985 3570/3197/2973
f 3572/3200/2976 3584/3212/2988 3583/3211/2987 3571/3199/2975
f 3573/3201/2977 3585/3213/2989 3584/3212/2988 3572/3200/2976
f 3574/3202/2978 3586/3214/2990 3585/3213/2989 3573/3201/2977
f 3575/3203/2979 3587/3215/2991 3586/3214/2990 3574/3202/2978
f 3576/3204/2980 3588/3216/2992 3587/3215/2991 3575/3203/2979
f 3577/3205/2981 3589/3217/2993 3588/3216/2992 3576/3204/2980
f 3578/3206/2982 3590/3218/2994 3589/3217/2993 3577/3205/2981
f 3579/3207/2983 3591/3219/2995 3590/3218/2994 3578/3206/2982
f 3580/3208/2984 3592/3220/2996 3591/3219/2995 3579/3207/2983
f 3582/3209/2985 3594/3221/2997 3593/3222/2998 3581/3210/2986
f 3583/3211/2987 3595/3223/2999 3594/3221/2997 3582/3209/2985
f 3584/3212/2988 3596/3224/3000 3595/3223/2999 3583/3211/2987
f 3585/3213/2989 3597/3225/3001 3596/3224/3000 3584/3212/2988
f 3586/3214/2990 3598/3226/3002 3597/3225/3001 3585/3213/2989
f 3587/3215/2991 3599/3227/3003 3598/3226/3002 3586/3214/2990
f 3588/3216/2992 3600/3228/3004 3599/3227/3003 3587/3215/2991
f 3589/3217/2993 3601/3229/3005 3600/3228/3004 3588/3216/2992
f 3590/3218/2994 3602/3230/3006 3601/3229/3005 3589/3217/2993
f 3591/3219/2995 3603/3231/3007 3602/3230/3006 3590/3218/2994
f 3592/3220/2996 3604/3232/3008 3603/3231/3007 3591/3219/2995
f 3594/3221/2997 3606/3233/3009 3605/3234/3010 3593/3222/2998
f 3595/3223/2999 3607/3235/3011 3606/3233/3009 3594/3221/2997
f 3596/3224/3000 3608/3236/3012 3607/3235/3011 3595/3223/2999
f 3597/3225/3001 3609/3237/3013 3608/3236/3012 3596/3224/3000
f 3598/3226/3002 3610/3238/3014 3609/3237/3013 3597/3225/3001
f 3599/3227/3003 3611/3239/3015 3610/3238/3014 3598/3226/3002
f 3600/3228/3004 3612/3240/3016 3611/3239/3015 3599/3227/3003
f 3601/3229/3005 3613/3241/3017 3612/3240/3016 3600/3228/3004
f 3602/3230/3006 3614/3242/3018 3613/3241/3017 3601/3229/3005
f 3603/3231/3007 3615/3243/3019 3614/3242/3018 3602/3230/3006
f 3604/3232/3008 3616/3244/3020 3615/3243/3019 3603/3231/3007
f 3606/3233/3009 3618/3245/3021 3617/3246/3022 3605/3234/3010
f 3607/3235/3011 3619/3247/3023 3618/3245/3021 3606/3233/3009
f 3608/3236/3012 3620/3248/3024 3619/3247/3023 3607/3235/3011
f 3609/3237/3013 3621/3249/3025 3620/3248/3024 3608/3236/3012
f 3610/3238/3014 3622/3250/3026 3621/3249/3025 3609/3237/3013
f 3611/3239/3015 3623/3251/3027 3622/3250/3026 3610/3238/3014
f 3612/3240/3016 3624/3252/3028 3623/3251/3027 3611/3239/3015
f 3613/3241/3017 3625/3253/3029 3624/3252/3028 3612/3240/3016
f 3614/3242/3018 3626/3254/3030 3625/3253/3029 3613/3241/3017
f 3615/3243/3019 3627/3255/3031 3626/3254/3030 3614/3242/3018
f 3616/3244/3020 3628/3256/3032 3627/3255/3031 3615/3243/3019
f 3618/3245/3021 3630/3257/3033 3629/3258/3034 3617/3246/3022
f 3619/3247/3023 3631/3259/3035 3630/3257/3033 3618/3245/3021
f 3620/3248/3024 3632/3260/3036 3631/3259/3035 3619/3247/3023
f 3621/3249/3025 3633/3261/3037 3632/3260/3036 3620/3248/3024
f 3622/3250/3026 3634/3262/3038 3633/3261/3037 3621/3249/3025
f 3623/3251/3027 3635/3263/3039 3634/3262/3038 3622/3250/3026
f 3624/3252/3028 3636/3264/3040 3635/3263/3039 3623/3251/3027
f 3625/3253/3029 3637/3265/3041 3636/3264/3040 3624/3252/3028
f 3626/3254/3030 3638/3266/3042 3637/3265/3041 3625/3253/3029
f 3627/3255/3031 3639/3267/3043 3638/3266/3042 3626/3254/3030
f 3628/3256/3032 3640/3268/3044 3639/3267/3043 3627/3255/3031
f 3630/3257/3033 3642/3269/3045 3641/3270/3046 3629/3258/3034
f 3631/3259/3035 3643/3271/3047 3642/3269/3045 3630/3257/3033
f 3632/3260/3036 3644/3272/3048 3643/3271/3047 3631/3259/3035
f 3633/3261/3037 3645/3273/3049 3644/3272/3048 3632/3260/3036
f 3634/3262/3038 3646/3274/3050 3645/3273/3049 3633/3261/3037
f 3635/3263/3039 3647/3275/3051 3646/3274/3050 3634/3262/3038
f 3636/3264/3040 3648/3276/3052 3647/3275/3051 3635/3263/3039
f 3637/3265/3041 3649/3277/3053 3648/3276/3052 3636/3264/3040
f 3638/3266/3042 3650/3278/3054 3649/3277/3053 3637/3265/3041
f 3639/3267/3043 3651/3279/3055 3650/3278/3054 3638/3266/3042
f 3640/3268/3044 3652/3280/3056 3651/3279/3055 3639/3267/3043
f 3642/3269/3045 3654/3281/3057 3653/3282/3058 3641/3270/3046
f 3643/3271/3047 3655/3283/3059 3654/3281/3057 3642/3269/3045
f 3644/3272/3048 3656/3284/3060 3655/3283/3059 3643/3271/3047
f 3645/3273/3049 3657/3285/3061 3656/3284/3060 3644/3272/3048
f 3646/3274/3050 3658/3286/3062 3657/3285/3061 3645/3273/3049
f 3647/3275/3051 3659/3287/3063 3658/3286/3062 3646/3274/3050
f 3648/3276/3052 3660/3288/3064 3659/3287/3063 3647/3275/3051
f 3649/3277/3053 3661/3289/3065 3660/3288/3064 3648/3276/3052
f 3650/3278/3054 3662/3290/3066 3661/3289/3065 3649/3277/3053
f 3651/3279/3055 3663/3291/3067 3662/3290/3066 3650/3278/3054
f 3652/3280/3056 3664/3292/3068 3663/3291/3067 3651/3279/3055
f 3654/3281/3057 3666/3293/3069 3665/3294/3070 3653/3282/3058
f 3655/3283/3059 3667/3295/3071 3666/3293/3069 3654/3281/3057
f 3656/3284/3060 3668/3296/3072 3667/3295/3071 3655/3283/3059
f 3657/3285/3061 3669/3297/3073 3668/3296/3072 3656/3284/3060
f 3658/3286/3062 3670/3298/3074 3669/3297/3073 3657/3285/3061
f 3659/3287/3063 3671/3299/3075 3670/3298/3074 3658/3286/3062
f 3660/3288/3064 3672/3300/3076 3671/3299/3075 3659/3287/3063
f 3661/3289/3065 3673/3301/3077 3672/3300/3076 3660/3288/3064
f 3662/3290/3066 3674/3302/3078 3673/3301/3077 3661/3289/3065
f 3663/3291/3067 3675/3303/3079 3674/3302/3078 3662/3290/3066
f 3664/3292/3068 3676/3304/3080 3675/3303/3079 3663/3291/3067
f 3666/3293/3069 3678/3305/3081 3677/3306/3082 3665/3294/3070
f 3667/3295/3071 3679/3307/3083 3678/3305/3081 3666/3293/3069
f 3668/3296/3072 3680/3308/3084 3679/3307/3083 3667/3295/3071
f 3669/3297/3073 3681/3309/3085 3680/3308/3084 3668/3296/3072
f 3670/3298/3074 3682/3310/3086 3681/3309/3085 3669/3297/3073
f 3671/3299/3075 3683/3311/3087 3682/3310/3086 3670/3298/3074
f 3672/3300/3076 3684/3312/3088 3683/3311/3087 3671/3299/3075
f 3673/3301/3077 3685/3313/3089 3684/3312/3088 3672/3300/3076
f 3674/3302/3078 3686/3314/3090 3685/3313/3089 3673/3301/3077
f 3675/3303/3079 3687/3315/3091 3686/3314/3090 3674/3302/3078
f 3676/3304/3080 3688/3316/3092 3687/3315/3091 3675/3303/3079
f 3678/3305/3081 3690/3317/3093 3689/3318/3094 3677/3306/3082
f 3679/3307/3083 3691/3319/3095 3690/3317/3093 3678/3305/3081
f 3680/3308/3084 3692/3320/3096 3691/3319/3095 3679/3307/3083
f 3681/3309/3085 3693/3321/3097 3692/3320/3096 3680/3308/3084
f 3682/3310/3086 3694/3322/3098 3693/3321/3097 3681/3309/3085
f 3683/3311/3087 3695/3323/3099 3694/3322/3098 3682/3310/3086
f 3684/3312/3088 3696/3324/3100 3695/3323/3099 3683/3311/3087
f 3685/3313/3089 3697/3325/3101 3696/3324/3100 3684/3312/3088
f 3686/3314/3090 3698/3326/3102 3697/3325/3101 3685/3313/3089
f 3687/3315/3091 3699/3327/3103 3698/3326/3102 3686/3314/3090
f 3688/3316/3092 3700/3328/3104 3699/3327/3103 3687/3315/3091
f 3690/3317/3093 3702/2898/3105 3701/125/3106 3689/3318/3094
f 3691/3319/3095 3703/2899/3107 3702/2898/3105 3690/3317/3093
f 3692/3320/3096 3704/2900/3108 3703/2899/3107 3691/3319/3095
f 3693/3321/3097 3705/2901/3109 3704/2900/3108 3692/3320/3096
f 3694/3322/3098 3706/2902/3110 3705/2901/3109 3693/3321/3097
f 3695/3323/3099 3707/2903/3111 3706/2902/3110 3694/3322/3098
f 3696/3324/3100 3708/2904/3112 3707/2903/3111 3695/3323/3099
f 3697/3325/3101 3709/2905/3113 3708/2904/3112 3696/3324/3100
f 3698/3326/3102 3710/2906/3114 3709/2905/3113 3697/3325/3101
f 3699/3327/3103 3711/2907/3115 3710/2906/3114 3698/3326/3102
f 3700/3328/3104 3712/2908/3116 3711/2907/3115 3699/3327/3103
f 3702/2898/3105 3714/3329/3117 3713/3330/3118 3701/125/3106
f 3703/2899/3107 3715/3331/3119 3714/3329/3117 3702/2898/3105
f 3704/2900/3108 3716/3332/3120 3715/3331/3119 3703/2899/3107
f 3705/2901/3109 3717/3333/3121 3716/3332/3120 3704/2900/3108
f 3706/2902/3110 3718/3334/3122 3717/3333/3121 3705/2901/3109
f 3707/2903/3111 3719/3335/3123 3718/3334/3122 3706/2902/3110
f 3708/2904/3112 3720/3336/3124 3719/3335/3123 3707/2903/3111
f 3709/2905/3113 3721/3337/3125 3720/3336/3124 3708/2904/3112
f 3710/2906/3114 3722/3338/3126 3721/3337/3125 3709/2905/3113
f 3711/2907/3115 3723/3339/3127 3722/3338/3126 3710/2906/3114
f 3712/2908/3116 3724/3340/3128 3723/3339/3127 3711/2907/3115
f 3714/3329/3117 3726/3341/3129 3725/3342/3130 3713/3330/3118
f 3715/3331/3119 3727/3343/3131 3726/3341/3129 3714/3329/3117
f 3716/3332/3120 3728/3344/3132 3727/3343/3131 3715/3331/3119
f 3717/3333/3121 3729/3345/3133 3728/3344/3132 3716/3332/3120
f 3718/3334/3122 3730/3346/3134 3729/3345/3133 3717/3333/3121
f 3719/3335/3123 3731/3347/3135 3730/3346/3134 3718/3334/3122
f 3720/3336/3124 3732/3348/3136 3731/3347/3135 3719/3335/3123
f 3721/3337/3125 3733/3349/3137 3732/3348/3136 3720/3336/3124
f 3722/3338/3126 3734/3350/3138 3733/3349/3137 3721/3337/3125
f 3723/3339/3127 3735/3351/3139 3734/3350/3138 3722/3338/3126
f 3724/3340/3128 3736/3352/3140 3735/3351/3139 3723/3339/3127
f 3726/3341/3129 3738/3353/3141 3737/3354/3142 3725/3342/3130
f 3727/3343/3131 3739/3355/3143 3738/3353/3141 3726/3341/3129
f 3728/3344/3132 3740/3356/3144 3739/3355/3143 3727/3343/3131
f 3729/3345/3133 3741/3357/3145 3740/3356/3144 3728/3344/3132
f 3730/3346/3134 3742/3358/3146 3741/3357/3145 3729/3345/3133
f 3731/3347/3135 3743/3359/3147 3742/3358/3146 3730/3346/3134
f 3732/3348/3136 3744/3360/3148 3743/3359/3147 3731/3347/3135
f 3733/3349/3137 3745/3361/3149 3744/3360/3148 3732/3348/3136
f 3734/3350/3138 3746/3362/3150 3745/3361/3149 3733/3349/3137
f 3735/3351/3139 3747/3363/3151 3746/3362/3150 3734/3350/3138
f 3736/3352/3140 3748/3364/3152 3747/3363/3151 3735/3351/3139
f 3738/3353/3141 3750/3365/3153 3749/3366/3154 3737/3354/3142
f 3739/3355/3143 3751/3367/3155 3750/3365/3153 3738/3353/3141
f 3740/3356/3144 3752/3368/3156 3751/3367/3155 3739/3355/3143
f 3741/3357/3145 3753/3369/3157 3752/3368/3156 3740/3356/3144
f 3742/3358/3146 3754/3370/3158 3753/3369/3157 3741/3357/3145
f 3743/3359/3147 3755/3371/3159 3754/3370/3158 3742/3358/3146
f 3744/3360/3148 3756/3372/3160 3755/3371/3159 3743/3359/3147
f 3745/3361/3149 3757/3373/3161 3756/3372/3160 3744/3360/3148
f 3746/3362/3150 3758/3374/3162 3757/3373/3161 3745/3361/3149
f 3747/3363/3151 3759/3375/3163 3758/3374/3162 3746/3362/3150
f 3748/3364/3152 3760/3376/3164 3759/3375/3163 3747/3363/3151
f 3750/3365/3153 3762/3377/3165 3761/3378/3166 3749/3366/3154
f 3751/3367/3155 3763/3379/3167 3762/3377/3165 3750/3365/3153
f 3752/3368/3156 3764/3380/3168 3763/3379/3167 3751/3367/3155
f 3753/3369/3157 3765/3381/3169 3764/3380/3168 3752/3368/3156
f 3754/3370/3158 3766/3382/3170 3765/3381/3169 3753/3369/3157
f 3755/3371/3159 3767/3383/3171 3766/3382/3170 3754/3370/3158
f 3756/3372/3160 3768/3384/3172 3767/3383/3171 3755/3371/3159
f 3757/3373/3161 3769/3385/3173 3768/3384/3172 3756/3372/3160
f 3758/3374/3162 3770/3386/3174 3769/3385/3173 3757/3373/3161
f 3759/3375/3163 3771/3387/3175 3770/3386/3174 3758/3374/3162
f 3760/3376/3164 3772/3388/3176 3771/3387/3175 3759/3375/3163
f 3762/3377/3165 3774/3389/3177 3773/3390/3178 3761/3378/3166
f 3763/3379/3167 3775/3391/3179 3774/3389/3177 3762/3377/3165
f 3764/3380/3168 3776/3392/3180 3775/3391/3179 3763/3379/3167
f 3765/3381/3169 3777/3393/3181 3776/3392/3180 3764/3380/3168
f 3766/3382/3170 3778/3394/3182 3777/3393/3181 3765/3381/3169
f 3767/3383/3171 3779/3395/3183 3778/3394/3182 3766/3382/3170
f 3768/3384/3172 3780/3396/3184 3779/3395/3183 3767/3383/3171
f 3769/3385/3173 3781/3397/3185 3780/3396/3184 3768/3384/3172
f 3770/3386/3174 3782/3398/3186 3781/3397/3185 3769/3385/3173
f 3771/3387/3175 3783/3399/3187 3782/3398/3186 3770/3386/3174
f 3772/3388/3176 3784/3400/3188 3783/3399/3187 3771/3387/3175
f 3774/3389/3177 3786/3401/3189 3785/3402/3190 3773/3390/3178
f 3775/3391/3179 3787/3403/3191 3786/3401/3189 3774/3389/3177
f 3776/3392/3180 3788/3404/3192 3787/3403/3191 3775/3391/3179
f 3777/3393/3181 3789/3405/3193 3788/3404/3192 3776/3392/3180
f 3778/3394/3182 3790/3406/3194 3789/3405/3193 3777/3393/3181
f 3779/3395/3183 3791/3407/3195 3790/3406/3194 3778/3394/3182
f 3780/3396/3184 3792/3408/3196 3791/3407/3195 3779/3395/3183
f 3781/3397/3185 3793/3409/3197 3792/3408/3196 3780/3396/3184
f 3782/3398/3186 3794/3410/3198 3793/3409/3197 3781/3397/3185
f 3783/3399/3187 3795/3411/3199 3794/3410/3198 3782/3398/3186
f 3784/3400/3188 3796/3412/3200 3795/3411/3199 3783/3399/3187
f 3786/3401/3189 3798/3413/3201 3797/3414/3202 3785/3402/3190
f 3787/3403/3191 3799/3415/3203 3798/3413/3201 3786/3401/3189
f 3788/3404/3192 3800/3416/3204 3799/3415/3203 3787/3403/3191
f 3789/3405/3193 3801/3417/3205 3800/3416/3204 3788/3404/3192
f 3790/3406/3194 3802/3418/3206 3801/3417/3205 3789/3405/3193
f 3791/3407/3195 3803/3419/3207 3802/3418/3206 3790/3406/3194
f 3792/3408/3196 3804/3420/3208 3803/3419/3207 3791/3407/3195
f 3793/3409/3197 3805/3421/3209 3804/3420/3208 3792/3408/3196
f 3794/3410/3198 3806/3422/3210 3805/3421/3209 3793/3409/3197
f 3795/3411/3199 3807/3423/3211 3806/3422/3210 3794/3410/3198
f 3796/3412/3200 3808/3424/3212 3807/3423/3211 3795/3411/3199
f 3798/3413/3201 3810/3425/3213 3809/3426/3214 3797/3414/3202
f 3799/3415/3203 3811/3427/3215 3810/3425/3213 3798/3413/3201
f 3800/3416/3204 3812/3428/3216 3811/3427/3215 3799/3415/3203
f 3801/3417/3205 3813/3429/3217 3812/3428/3216 3800/3416/3204
f 3802/3418/3206 3814/3430/3218 3813/3429/3217 3801/3417/3205
f 3803/3419/3207 3815/3431/3219 3814/3430/3218 3802/3418/3206
f 3804/3420/3208 3816/3432/3220 3815/3431/3219 3803/3419/3207
f 3805/3421/3209 3817/3433/3221 3816/3432/3220 3804/3420/3208
f 3806/3422/3210 3818/3434/3222 3817/3433/3221 3805/3421/3209
f 3807/3423/3211 3819/3435/3223 3818/3434/3222 3806/3422/3210
f 3808/3424/3212 3820/3436/3224 3819/3435/3223 3807/3423/3211
f 3810/3425/3213 3822/3437/3225 3821/3438/3226 3809/3426/3214
f 3811/3427/3215 3823/3439/3227 3822/3437/3225 3810/3425/3213
f 3812/3428/3216 3824/3440/3228 3823/3439/3227 3811/3427/3215
f 3813/3429/3217 3825/3441/3229 3824/3440/3228 3812/3428/3216
f 3814/3430/3218 3826/3442/3230 3825/3441/3229 3813/3429/3217
f 3815/3431/3219 3827/3443/3231 3826/3442/3230 3814/3430/3218
f 3816/3432/3220 3828/3444/3232 3827/3443/3231 3815/3431/3219
f 3817/3433/3221 3829/3445/3233 3828/3444/3232 3816/3432/3220
f 3818/3434/3222 3830/3446/3234 3829/3445/3233 3817/3433/3221
f 3819/3435/3223 3831/3447/3235 3830/3446/3234 3818/3434/3222
f 3820/3436/3224 3832/3448/3236 3831/3447/3235 3819/3435/3223
f 3822/3437/3225 3834/3449/3237 3833/3450/3238 3821/3438/3226
f 3823/3439/3227 3835/3451/3239 3834/3449/3237 3822/3437/3225
f 3824/3440/3228 3836/3452/3240 3835/3451/3239 3823/3439/3227
f 3825/3441/3229 3837/3453/3241 3836/3452/3240 3824/3440/3228
f 3826/3442/3230 3838/3454/3242 3837/3453/3241 3825/3441/3229
f 3827/3443/3231 3839/3455/3243 3838/3454/3242 3826/3442/3230
f 3828/3444/3232 3840/3456/3244 3839/3455/3243 3827/3443/3231
f 3829/3445/3233 3841/3457/3245 3840/3456/3244 3828/3444/3232
f 3830/3446/3234 3842/3458/3246 3841/3457/3245 3829/3445/3233
f 3831/3447/3235 3843/3459/3247 3842/3458/3246 3830/3446/3234
f 3832/3448/3236 3844/3460/3248 3843/3459/3247 3831/3447/3235
f 3834/3449/3237 3846/3461/3249 3845/3462/3250 3833/3450/3238
f 3835/3451/3239 3847/3463/3251 3846/3461/3249 3834/3449/3237
f 3836/3452/3240 3848/3464/3252 3847/3463/3251 3835/3451/3239
f 3837/3453/3241 3849/3465/3253 3848/3464/3252 3836/3452/3240
f 3838/3454/3242 3850/3466/3254 3849/3465/3253 3837/3453/3241
f 3839/3455/3243 3851/3467/3255 3850/3466/3254 3838/3454/3242
f 3840/3456/3244 3852/3468/3256 3851/3467/3255 3839/3455/3243
f 3841/3457/3245 3853/3469/3257 3852/3468/3256 3840/3456/3244
f 3842/3458/3246 3854/3470/3258 3853/3469/3257 3841/3457/3245
f 3843/3459/3247 3855/3471/3259 3854/3470/3258 3842/3458/3246
f 3844/3460/3248 3856/3472/3260 3855/3471/3259 3843/3459/3247
f 3846/3461/3249 3858/3473/3261 3857/3474/3262 3845/3462/3250
f 3847/3463/3251 3859/3475/3263 3858/3473/3261 3846/3461/3249
f 3848/3464/3252 3860/3476/3264 3859/3475/3263 3847/3463/3251
f 3849/3465/3253 3861/3477/3265 3860/3476/3264 3848/3464/3252
f 3850/3466/3254 3862/3478/3266 3861/3477/3265 3849/3465/3253
f 3851/3467/3255 3863/3479/3267 3862/3478/3266 3850/3466/3254
f 3852/3468/3256 3864/3480/3268 3863/3479/3267 3851/3467/3255
f 3853/3469/3257 3865/3481/3269 3864/3480/3268 3852/3468/3256
f 3854/3470/3258 3866/3482/3270 3865/3481/3269 3853/3469/3257
f 3855/3471/3259 3867/3483/3271 3866/3482/3270 3854/3470/3258
f 3856/3472/3260 3868/3484/3272 3867/3483/3271 3855/3471/3259
f 3858/3473/3261 3870/3485/3273 3869/3486/3274 3857/3474/3262
f 3859/3475/3263 3871/3487/3275 3870/3485/3273 3858/3473/3261
f 3860/3476/3264 3872/3488/3276 3871/3487/3275 3859/3475/3263
f 3861/3477/3265 3873/3489/3277 3872/3488/3276 3860/3476/3264
f 3862/3478/3266 3874/3490/3278 3873/3489/3277 3861/3477/3265
f 3863/3479/3267 3875/3491/3279 3874/3490/3278 3862/3478/3266
f 3864/3480/3268 3876/3492/3280 3875/3491/3279 3863/3479/3267
f 3865/3481/3269 3877/3493/3281 3876/3492/3280 3864/3480/3268
f 3866/3482/3270 3878/3494/3282 3877/3493/3281 3865/3481/3269
f 3867/3483/3271 3879/3495/3283 3878/3494/3282 3866/3482/3270
f 3868/3484/3272 3880/3496/3284 3879/3495/3283 3867/3483/3271
f 3870/3485/3273 3882/3497/3285 3881/3498/3286 3869/3486/3274
f 3871/3487/3275 3883/3499/3287 3882/3497/3285 3870/3485/3273
f 3872/3488/3276 3884/3500/3288 3883/3499/3287 3871/3487/3275
f 3873/3489/3277 3885/3501/3289 3884/3500/3288 3872/3488/3276
f 3874/3490/3278 3886/3502/3290 3885/3501/3289 3873/3489/3277
f 3875/3491/3279 3887/3503/3291 3886/3502/3290 3874/3490/3278
f 3876/3492/3280 3888/3504/3292 3887/3503/3291 3875/3491/3279
f 3877/3493/3281 3889/3505/3293 3888/3504/3292 3876/3492/3280
f 3878/3494/3282 3890/3506/3294 3889/3505/3293 3877/3493/3281
f 3879/3495/3283 3891/3507/3295 3890/3506/3294 3878/3494/3282
f 3880/3496/3284 3892/3508/3296 3891/3507/3295 3879/3495/3283
f 3882/3497/3285 3894/3509/3297 3893/3510/3298 3881/3498/3286
f 3883/3499/3287 3895/3511/3299 3894/3509/3297 3882/3497/3285
f 3884/3500/3288 3896/3512/3300 3895/3511/3299 3883/3499/3287
f 3885/3501/3289 3897/3513/3301 3896/3512/3300 3884/3500/3288
f 3886/3502/3290 3898/3514/3302 3897/3513/3301 3885/3501/3289
f 3887/3503/3291 3899/3515/3303 3898/3514/3302 3886/3502/3290
f 3888/3504/3292 3900/3516/3304 3899/3515/3303 3887/3503/3291
f 3889/3505/3293 3901/3517/3305 3900/3516/3304 3888/3504/3292
f 3890/3506/3294 3902/3518/3306 3901/3517/3305 3889/3505/3293
f 3891/3507/3295 3903/3519/3307 3902/3518/3306 3890/3506/3294
f 3892/3508/3296 3904/3520/3308 3903/3519/3307 3891/3507/3295
f 3894/3509/3297 3906/3521/3309 3905/3522/2408 3893/3510/3298
f 3895/3511/3299 3907/3523/3310 3906/3521/3309 3894/3509/3297
f 3896/3512/3300 3908/3524/3311 3907/3523/3310 3895/3511/3299
f 3897/3513/3301 3909/3525/3312 3908/3524/3311 3896/3512/3300
f 3898/3514/3302 3910/3526/3313 3909/3525/3312 3897/3513/3301
f 3899/3515/3303 3911/3527/3314 3910/3526/3313 3898/3514/3302
f 3900/3516/3304 3912/3528/3315 3911/3527/3314 3899/3515/3303
f 3901/3517/3305 3913/3529/3316 3912/3528/3315 3900/3516/3304
f 3902/3518/3306 3914/3530/3317 3913/3529/3316 3901/3517/3305
f 3903/3519/3307 3915/3531/3318 3914/3530/3317 3902/3518/3306
f 3904/3520/3308 3916/3532/2418 3915/3531/3318 3903/3519/3307
f 3906/3521/3309 3918/3533/3319 3917/3534/3320 3905/3522/2408
f 3907/3523/3310 3919/3535/3321 3918/3533/3319 3906/3521/3309
f 3908/3524/3311 3920/3536/3322 3919/3535/3321 3907/3523/3310
f 3909/3525/3312 3921/3537/3323 3920/3536/3322 3908/3524/3311
f 3910/3526/3313 3922/3538/3324 3921/3537/3323 3909/3525/3312
f 3911/3527/3314 3923/3539/3325 3922/3538/3324 3910/3526/3313
f 3912/3528/3315 3924/3540/3326 3923/3539/3325 3911/3527/3314
f 3913/3529/3316 3925/3541/3327 3924/3540/3326 3912/3528/3315
f 3914/3530/3317 3926/3542/3328 3925/3541/3327 3913/3529/3316
f 3915/3531/3318 3927/3543/3329 3926/3542/3328 3914/3530/3317
f 3916/3532/2418 3928/3544/3330 3927/3543/3329 3915/3531/3318
f 3918/3533/3319 3474/2045/2879 3473/38/2882 3917/3534/3320
f 3919/3535/3321 3475/2046/2883 3474/2045/2879 3918/3533/3319
f 3920/3536/3322 3476/2047/2885 3475/2046/2883 3919/3535/3321
f 3921/3537/3323 3477/2048/2887 3476/2047/2885 3920/3536/3322
f 3922/3538/3324 3478/2049/2889 3477/2048/2887 3921/3537/3323
f 3923/3539/3325 3479/2050/2891 3478/2049/2889 3922/3538/3324
f 3924/3540/3326 3480/2051/2893 3479/2050/2891 3923/3539/3325
f 3925/3541/3327 3481/2052/2895 3480/2051/2893 3924/3540/3326
f 3926/3542/3328 3482/2053/2897 3481/2052/2895 3925/3541/3327
f 3927/3543/3329 3483/2054/2899 3482/2053/2897 3926/3542/3328
f 3928/3544/3330 3484/2055/2901 3483/2054/2899 3927/3543/3329
