# Blender 4.1.1
# www.blender.org
mtllib stage_3_Text.mtl
o テキスト
v 1.158000 0.391289 1.137166
v 1.125561 0.393162 1.137099
v 1.095324 0.398692 1.136900
v 1.067406 0.407747 1.136574
v 1.041926 0.420197 1.136126
v 1.019001 0.435907 1.135560
v 0.998750 0.454748 1.134882
v 0.981291 0.476587 1.134096
v 0.966741 0.501292 1.133206
v 0.955219 0.528732 1.132218
v 0.946843 0.558773 1.131137
v 0.941730 0.591286 1.129966
v 0.940000 0.626137 1.128712
v 0.941906 0.657813 1.127571
v 0.947495 0.687755 1.126494
v 0.956578 0.715767 1.125485
v 0.968963 0.741655 1.124553
v 0.984459 0.765225 1.123705
v 1.002875 0.786283 1.122947
v 1.024020 0.804635 1.122286
v 1.047704 0.820086 1.121730
v 1.073734 0.832441 1.121285
v 1.101921 0.841507 1.120959
v 1.132074 0.847089 1.120758
v 1.164000 0.848993 1.120689
v 1.171464 0.848887 1.120693
v 1.178880 0.848563 1.120705
v 1.186281 0.848009 1.120724
v 1.193704 0.847216 1.120753
v 1.201182 0.846174 1.120791
v 1.208750 0.844871 1.120837
v 1.216443 0.843297 1.120894
v 1.224296 0.841442 1.120961
v 1.232344 0.839296 1.121038
v 1.240620 0.836848 1.121126
v 1.249161 0.834088 1.121226
v 1.258000 0.831005 1.121337
v 1.258000 1.072848 1.112630
v 1.347000 1.072848 1.112630
v 1.347000 0.391289 1.137166
v 1.250638 0.754909 1.124076
v 1.243518 0.757478 1.123984
v 1.236594 0.759769 1.123901
v 1.229815 0.761790 1.123828
v 1.223133 0.763547 1.123765
v 1.216500 0.765047 1.123711
v 1.209867 0.766298 1.123666
v 1.203185 0.767305 1.123630
v 1.196406 0.768077 1.123602
v 1.189481 0.768619 1.123582
v 1.182362 0.768939 1.123571
v 1.175000 0.769045 1.123567
v 1.154101 0.767771 1.123613
v 1.134472 0.764020 1.123748
v 1.116219 0.757896 1.123969
v 1.099444 0.749502 1.124271
v 1.084253 0.738943 1.124651
v 1.070750 0.726322 1.125105
v 1.059038 0.711745 1.125630
v 1.049222 0.695315 1.126221
v 1.041406 0.677135 1.126876
v 1.035694 0.657311 1.127590
v 1.032191 0.635947 1.128359
v 1.031000 0.613146 1.129180
v 1.031729 0.592621 1.129918
v 1.033995 0.573116 1.130621
v 1.037922 0.554777 1.131281
v 1.043630 0.537750 1.131894
v 1.051240 0.522180 1.132454
v 1.060875 0.508214 1.132957
v 1.072656 0.495996 1.133397
v 1.086704 0.485673 1.133769
v 1.103141 0.477390 1.134067
v 1.122088 0.471293 1.134286
v 1.143667 0.467528 1.134422
v 1.168000 0.466241 1.134468
v 1.258000 0.466241 1.134468
v 1.258000 0.752056 1.124179
v 0.658000 0.737065 1.124718
v 0.660000 0.737065 1.124718
v 0.671209 0.755852 1.124042
v 0.682338 0.772769 1.123433
v 0.693391 0.787861 1.122890
v 0.704370 0.801172 1.122411
v 0.715281 0.812748 1.121994
v 0.726125 0.822635 1.121638
v 0.736907 0.830877 1.121341
v 0.747630 0.837519 1.121102
v 0.758297 0.842606 1.120919
v 0.768912 0.846184 1.120790
v 0.779479 0.848298 1.120714
v 0.790000 0.848993 1.120689
v 0.798961 0.848638 1.120702
v 0.807857 0.847572 1.120740
v 0.816703 0.845792 1.120804
v 0.825519 0.843293 1.120894
v 0.834320 0.840072 1.121010
v 0.843125 0.836126 1.121152
v 0.851951 0.831452 1.121320
v 0.860815 0.826045 1.121515
v 0.869734 0.819902 1.121736
v 0.878727 0.813021 1.121984
v 0.887810 0.805397 1.122259
v 0.897000 0.797027 1.122560
v 0.850000 0.720076 1.125330
v 0.843096 0.726400 1.125102
v 0.835935 0.732355 1.124888
v 0.828594 0.737909 1.124688
v 0.821148 0.743024 1.124504
v 0.813675 0.747668 1.124337
v 0.806250 0.751806 1.124188
v 0.798950 0.755402 1.124058
v 0.791852 0.758422 1.123950
v 0.785031 0.760831 1.123863
v 0.778565 0.762595 1.123799
v 0.772529 0.763679 1.123760
v 0.767000 0.764048 1.123747
v 0.752041 0.762804 1.123792
v 0.737745 0.759176 1.123922
v 0.724234 0.753320 1.124133
v 0.711630 0.745393 1.124419
v 0.700053 0.735551 1.124773
v 0.689625 0.723949 1.125191
v 0.680468 0.710744 1.125666
v 0.672704 0.696092 1.126194
v 0.666453 0.680149 1.126767
v 0.661838 0.663072 1.127382
v 0.658980 0.645016 1.128032
v 0.658000 0.626137 1.128712
v 0.658000 0.391289 1.137166
v 0.569000 0.391289 1.137166
v 0.569000 0.839999 1.121013
v 0.658000 0.839999 1.121013
v 0.091216 1.057630 1.113178
v 0.101398 1.061947 1.113023
v 0.111594 1.065821 1.112883
v 0.121852 1.069257 1.112759
v 0.132221 1.072264 1.112651
v 0.142750 1.074847 1.112558
v 0.153487 1.077013 1.112480
v 0.164482 1.078770 1.112417
v 0.175781 1.080124 1.112368
v 0.187435 1.081083 1.112334
v 0.199492 1.081653 1.112313
v 0.212000 1.081842 1.112306
v 0.241583 1.080403 1.112358
v 0.269250 1.076161 1.112511
v 0.294875 1.069225 1.112761
v 0.318333 1.059708 1.113103
v 0.339500 1.047721 1.113535
v 0.358250 1.033373 1.114051
v 0.374458 1.016778 1.114649
v 0.388000 0.998044 1.115323
v 0.398750 0.977285 1.116071
v 0.406583 0.954610 1.116887
v 0.411375 0.930130 1.117768
v 0.413000 0.903957 1.118710
v 0.412472 0.885643 1.119370
v 0.410861 0.868619 1.119982
v 0.408125 0.852803 1.120552
v 0.404222 0.838111 1.121081
v 0.399111 0.824460 1.121572
v 0.392750 0.811767 1.122029
v 0.385097 0.799948 1.122455
v 0.376111 0.788921 1.122852
v 0.365750 0.778601 1.123223
v 0.353972 0.768906 1.123572
v 0.340736 0.759752 1.123902
v 0.326000 0.751056 1.124215
v 0.342213 0.744798 1.124440
v 0.356870 0.736635 1.124734
v 0.370000 0.726744 1.125090
v 0.381630 0.715302 1.125502
v 0.391787 0.702485 1.125963
v 0.400500 0.688472 1.126468
v 0.407796 0.673438 1.127009
v 0.413704 0.657561 1.127581
v 0.418250 0.641018 1.128176
v 0.421463 0.623986 1.128789
v 0.423370 0.606641 1.129414
v 0.424000 0.589161 1.130043
v 0.422176 0.559479 1.131112
v 0.416824 0.531504 1.132119
v 0.408125 0.505403 1.133058
v 0.396259 0.481342 1.133924
v 0.381407 0.459488 1.134711
v 0.363750 0.440008 1.135413
v 0.343468 0.423067 1.136022
v 0.320741 0.408834 1.136535
v 0.295750 0.397473 1.136944
v 0.268676 0.389152 1.137243
v 0.239699 0.384037 1.137427
v 0.209000 0.382295 1.137490
v 0.197210 0.382585 1.137480
v 0.185343 0.383447 1.137449
v 0.173406 0.384872 1.137397
v 0.161407 0.386848 1.137326
v 0.149353 0.389365 1.137236
v 0.137250 0.392414 1.137126
v 0.125105 0.395982 1.136997
v 0.112926 0.400061 1.136851
v 0.100719 0.404640 1.136686
v 0.088491 0.409708 1.136503
v 0.076249 0.415255 1.136304
v 0.064000 0.421270 1.136087
v 0.064000 0.527201 1.132274
v 0.076959 0.518831 1.132575
v 0.089843 0.511207 1.132849
v 0.102656 0.504325 1.133097
v 0.115407 0.498183 1.133318
v 0.128103 0.492776 1.133513
v 0.140750 0.488102 1.133681
v 0.153355 0.484156 1.133823
v 0.165926 0.480935 1.133939
v 0.178469 0.478436 1.134029
v 0.190991 0.476655 1.134093
v 0.203499 0.475589 1.134132
v 0.216000 0.475235 1.134144
v 0.232239 0.476119 1.134112
v 0.247412 0.478723 1.134019
v 0.261453 0.482980 1.133865
v 0.274296 0.488819 1.133655
v 0.285876 0.496170 1.133391
v 0.296125 0.504966 1.133074
v 0.304979 0.515135 1.132708
v 0.312370 0.526609 1.132295
v 0.318234 0.539318 1.131837
v 0.322505 0.553194 1.131338
v 0.325115 0.568165 1.130799
v 0.326000 0.584164 1.130223
v 0.324980 0.600567 1.129632
v 0.321921 0.616199 1.129070
v 0.316828 0.630915 1.128540
v 0.309704 0.644570 1.128048
v 0.300552 0.657017 1.127600
v 0.289375 0.668110 1.127201
v 0.276178 0.677704 1.126855
v 0.260963 0.685654 1.126569
v 0.243734 0.691813 1.126348
v 0.224495 0.696036 1.126195
v 0.203249 0.698177 1.126118
v 0.180000 0.698091 1.126122
v 0.180000 0.788032 1.122884
v 0.201563 0.788796 1.122856
v 0.221250 0.791058 1.122775
v 0.239063 0.794778 1.122641
v 0.255000 0.799914 1.122456
v 0.269063 0.806423 1.122222
v 0.281250 0.814265 1.121939
v 0.291563 0.823398 1.121610
v 0.300000 0.833781 1.121237
v 0.306563 0.845370 1.120819
v 0.311250 0.858126 1.120360
v 0.314063 0.872006 1.119861
v 0.315000 0.886968 1.119322
v 0.314053 0.902200 1.118774
v 0.311259 0.916380 1.118263
v 0.306688 0.929456 1.117792
v 0.300407 0.941377 1.117363
v 0.292488 0.952091 1.116978
v 0.283000 0.961545 1.116637
v 0.272012 0.969687 1.116344
v 0.259593 0.976466 1.116100
v 0.245813 0.981829 1.115907
v 0.230741 0.985724 1.115767
v 0.214447 0.988099 1.115681
v 0.197000 0.988902 1.115652
v 0.187843 0.988733 1.115658
v 0.178824 0.988213 1.115677
v 0.169875 0.987325 1.115709
v 0.160926 0.986052 1.115755
v 0.151907 0.984377 1.115815
v 0.142750 0.982282 1.115891
v 0.133384 0.979749 1.115982
v 0.123741 0.976762 1.116089
v 0.113750 0.973303 1.116214
v 0.103343 0.969355 1.116356
v 0.092449 0.964900 1.116516
v 0.081000 0.959921 1.116696
v 0.081000 1.052861 1.113350
v 1.158000 0.299721 -1.406386
v 1.125561 0.301594 -1.406453
v 1.095324 0.307124 -1.406652
v 1.067406 0.316179 -1.406978
v 1.041926 0.328629 -1.407426
v 1.019001 0.344339 -1.407992
v 0.998750 0.363180 -1.408670
v 0.981291 0.385019 -1.409456
v 0.966741 0.409724 -1.410346
v 0.955219 0.437164 -1.411334
v 0.946843 0.467206 -1.412415
v 0.941730 0.499718 -1.413586
v 0.940000 0.534569 -1.414840
v 0.941906 0.566245 -1.415981
v 0.947495 0.596187 -1.417059
v 0.956578 0.624199 -1.418067
v 0.968963 0.650087 -1.418999
v 0.984459 0.673657 -1.419847
v 1.002875 0.694715 -1.420606
v 1.024020 0.713067 -1.421266
v 1.047704 0.728518 -1.421822
v 1.073734 0.740873 -1.422267
v 1.101921 0.749939 -1.422594
v 1.132074 0.755521 -1.422795
v 1.164000 0.757425 -1.422863
v 1.171464 0.757319 -1.422859
v 1.178880 0.756995 -1.422848
v 1.186281 0.756441 -1.422828
v 1.193704 0.755648 -1.422799
v 1.201182 0.754606 -1.422762
v 1.208750 0.753303 -1.422715
v 1.216443 0.751729 -1.422658
v 1.224296 0.749874 -1.422591
v 1.232344 0.747728 -1.422514
v 1.240620 0.745280 -1.422426
v 1.249161 0.742520 -1.422327
v 1.258000 0.739437 -1.422216
v 1.258000 0.981280 -1.430922
v 1.347000 0.981280 -1.430922
v 1.347000 0.299721 -1.406386
v 1.250638 0.663341 -1.419476
v 1.243518 0.665910 -1.419569
v 1.236594 0.668201 -1.419651
v 1.229815 0.670222 -1.419724
v 1.223133 0.671979 -1.419787
v 1.216500 0.673479 -1.419841
v 1.209867 0.674730 -1.419886
v 1.203185 0.675737 -1.419922
v 1.196406 0.676509 -1.419950
v 1.189481 0.677051 -1.419970
v 1.182362 0.677371 -1.419981
v 1.175000 0.677477 -1.419985
v 1.154101 0.676203 -1.419939
v 1.134472 0.672452 -1.419804
v 1.116219 0.666328 -1.419584
v 1.099444 0.657934 -1.419281
v 1.084253 0.647375 -1.418901
v 1.070750 0.634754 -1.418447
v 1.059038 0.620177 -1.417922
v 1.049222 0.603747 -1.417331
v 1.041406 0.585568 -1.416676
v 1.035694 0.565744 -1.415963
v 1.032191 0.544379 -1.415193
v 1.031000 0.521578 -1.414373
v 1.031729 0.501053 -1.413634
v 1.033995 0.481548 -1.412932
v 1.037922 0.463209 -1.412271
v 1.043630 0.446182 -1.411658
v 1.051240 0.430612 -1.411098
v 1.060875 0.416646 -1.410595
v 1.072656 0.404428 -1.410155
v 1.086704 0.394105 -1.409784
v 1.103141 0.385822 -1.409485
v 1.122088 0.379725 -1.409266
v 1.143667 0.375960 -1.409130
v 1.168000 0.374673 -1.409084
v 1.258000 0.374673 -1.409084
v 1.258000 0.660488 -1.419373
v 0.658000 0.645497 -1.418834
v 0.660000 0.645497 -1.418834
v 0.671209 0.664284 -1.419510
v 0.682338 0.681201 -1.420119
v 0.693391 0.696293 -1.420662
v 0.704370 0.709604 -1.421142
v 0.715281 0.721180 -1.421558
v 0.726125 0.731067 -1.421914
v 0.736907 0.739309 -1.422211
v 0.747630 0.745951 -1.422450
v 0.758297 0.751038 -1.422633
v 0.768912 0.754617 -1.422762
v 0.779479 0.756730 -1.422838
v 0.790000 0.757425 -1.422863
v 0.798961 0.757070 -1.422850
v 0.807857 0.756005 -1.422812
v 0.816703 0.754224 -1.422748
v 0.825519 0.751725 -1.422658
v 0.834320 0.748504 -1.422542
v 0.843125 0.744558 -1.422400
v 0.851951 0.739884 -1.422232
v 0.860815 0.734477 -1.422037
v 0.869734 0.728334 -1.421816
v 0.878727 0.721453 -1.421568
v 0.887810 0.713829 -1.421294
v 0.897000 0.705459 -1.420992
v 0.850000 0.628508 -1.418222
v 0.843096 0.634832 -1.418450
v 0.835935 0.640788 -1.418664
v 0.828594 0.646341 -1.418864
v 0.821148 0.651457 -1.419048
v 0.813675 0.656101 -1.419215
v 0.806250 0.660238 -1.419364
v 0.798950 0.663834 -1.419494
v 0.791852 0.666854 -1.419603
v 0.785031 0.669263 -1.419689
v 0.778565 0.671027 -1.419753
v 0.772529 0.672111 -1.419792
v 0.767000 0.672480 -1.419805
v 0.752041 0.671236 -1.419760
v 0.737745 0.667608 -1.419630
v 0.724234 0.661753 -1.419419
v 0.711630 0.653825 -1.419134
v 0.700053 0.643983 -1.418779
v 0.689625 0.632381 -1.418362
v 0.680468 0.619176 -1.417886
v 0.672704 0.604524 -1.417359
v 0.666453 0.588581 -1.416785
v 0.661838 0.571504 -1.416170
v 0.658980 0.553448 -1.415520
v 0.658000 0.534569 -1.414840
v 0.658000 0.299721 -1.406386
v 0.569000 0.299721 -1.406386
v 0.569000 0.748431 -1.422539
v 0.658000 0.748431 -1.422539
v 0.091216 0.966062 -1.430374
v 0.101398 0.970380 -1.430529
v 0.111594 0.974253 -1.430669
v 0.121852 0.977690 -1.430793
v 0.132221 0.980696 -1.430901
v 0.142750 0.983279 -1.430994
v 0.153487 0.985445 -1.431072
v 0.164482 0.987202 -1.431135
v 0.175781 0.988557 -1.431184
v 0.187435 0.989515 -1.431218
v 0.199492 0.990086 -1.431239
v 0.212000 0.990274 -1.431246
v 0.241583 0.988835 -1.431194
v 0.269250 0.984593 -1.431041
v 0.294875 0.977657 -1.430791
v 0.318333 0.968140 -1.430449
v 0.339500 0.956153 -1.430017
v 0.358250 0.941806 -1.429501
v 0.374458 0.925210 -1.428903
v 0.388000 0.906477 -1.428229
v 0.398750 0.885717 -1.427482
v 0.406583 0.863042 -1.426665
v 0.411375 0.838562 -1.425784
v 0.413000 0.812389 -1.424842
v 0.412472 0.794075 -1.424183
v 0.410861 0.777051 -1.423570
v 0.408125 0.761235 -1.423000
v 0.404222 0.746543 -1.422471
v 0.399111 0.732892 -1.421980
v 0.392750 0.720199 -1.421523
v 0.385097 0.708380 -1.421098
v 0.376111 0.697353 -1.420701
v 0.365750 0.687033 -1.420329
v 0.353972 0.677338 -1.419980
v 0.340736 0.668184 -1.419650
v 0.326000 0.659488 -1.419337
v 0.342213 0.653230 -1.419112
v 0.356870 0.645067 -1.418818
v 0.370000 0.635176 -1.418462
v 0.381630 0.623734 -1.418050
v 0.391787 0.610917 -1.417589
v 0.400500 0.596904 -1.417084
v 0.407796 0.581870 -1.416543
v 0.413704 0.565993 -1.415972
v 0.418250 0.549450 -1.415376
v 0.421463 0.532418 -1.414763
v 0.423370 0.515073 -1.414138
v 0.424000 0.497593 -1.413509
v 0.422176 0.467911 -1.412441
v 0.416824 0.439936 -1.411433
v 0.408125 0.413835 -1.410494
v 0.396259 0.389774 -1.409628
v 0.381407 0.367920 -1.408841
v 0.363750 0.348440 -1.408140
v 0.343468 0.331499 -1.407530
v 0.320741 0.317266 -1.407017
v 0.295750 0.305905 -1.406608
v 0.268676 0.297584 -1.406309
v 0.239699 0.292469 -1.406125
v 0.209000 0.290727 -1.406062
v 0.197210 0.291017 -1.406072
v 0.185343 0.291879 -1.406103
v 0.173406 0.293304 -1.406155
v 0.161407 0.295280 -1.406226
v 0.149353 0.297797 -1.406317
v 0.137250 0.300846 -1.406426
v 0.125105 0.304415 -1.406555
v 0.112926 0.308493 -1.406702
v 0.100719 0.313072 -1.406866
v 0.088491 0.318140 -1.407049
v 0.076249 0.323687 -1.407248
v 0.064000 0.329702 -1.407465
v 0.064000 0.435633 -1.411279
v 0.076959 0.427263 -1.410977
v 0.089843 0.419639 -1.410703
v 0.102656 0.412758 -1.410455
v 0.115407 0.406615 -1.410234
v 0.128103 0.401208 -1.410039
v 0.140750 0.396534 -1.409871
v 0.153355 0.392588 -1.409729
v 0.165926 0.389367 -1.409613
v 0.178469 0.386868 -1.409523
v 0.190991 0.385087 -1.409459
v 0.203499 0.384022 -1.409421
v 0.216000 0.383667 -1.409408
v 0.232239 0.384551 -1.409440
v 0.247412 0.387156 -1.409533
v 0.261453 0.391412 -1.409687
v 0.274296 0.397251 -1.409897
v 0.285876 0.404603 -1.410161
v 0.296125 0.413398 -1.410478
v 0.304979 0.423567 -1.410844
v 0.312370 0.435041 -1.411257
v 0.318234 0.447751 -1.411715
v 0.322505 0.461626 -1.412214
v 0.325115 0.476598 -1.412753
v 0.326000 0.492596 -1.413329
v 0.324980 0.508999 -1.413920
v 0.321921 0.524631 -1.414483
v 0.316828 0.539347 -1.415012
v 0.309704 0.553002 -1.415504
v 0.300552 0.565449 -1.415952
v 0.289375 0.576542 -1.416351
v 0.276178 0.586137 -1.416697
v 0.260963 0.594086 -1.416983
v 0.243734 0.600245 -1.417205
v 0.224495 0.604468 -1.417357
v 0.203249 0.606609 -1.417434
v 0.180000 0.606523 -1.417431
v 0.180000 0.696464 -1.420668
v 0.201563 0.697228 -1.420696
v 0.221250 0.699490 -1.420777
v 0.239063 0.703210 -1.420911
v 0.255000 0.708346 -1.421096
v 0.269063 0.714855 -1.421331
v 0.281250 0.722697 -1.421613
v 0.291563 0.731830 -1.421942
v 0.300000 0.742213 -1.422315
v 0.306563 0.753802 -1.422733
v 0.311250 0.766558 -1.423192
v 0.314063 0.780438 -1.423692
v 0.315000 0.795400 -1.424230
v 0.314053 0.810632 -1.424779
v 0.311259 0.824812 -1.425289
v 0.306688 0.837888 -1.425760
v 0.300407 0.849810 -1.426189
v 0.292488 0.860523 -1.426575
v 0.283000 0.869977 -1.426915
v 0.272012 0.878119 -1.427208
v 0.259593 0.884898 -1.427452
v 0.245813 0.890261 -1.427645
v 0.230741 0.894156 -1.427785
v 0.214447 0.896531 -1.427871
v 0.197000 0.897334 -1.427900
v 0.187843 0.897165 -1.427894
v 0.178824 0.896645 -1.427875
v 0.169875 0.895757 -1.427843
v 0.160926 0.894484 -1.427797
v 0.151907 0.892809 -1.427737
v 0.142750 0.890714 -1.427662
v 0.133384 0.888181 -1.427570
v 0.123741 0.885194 -1.427463
v 0.113750 0.881735 -1.427338
v 0.103343 0.877787 -1.427196
v 0.092449 0.873332 -1.427036
v 0.081000 0.868353 -1.426857
v 0.081000 0.961293 -1.430202
v 0.091216 0.966062 -1.430374
v 0.087443 0.974579 -1.429197
v 0.084039 0.982369 -1.425171
v 0.081337 0.988670 -1.418690
v 0.079603 0.992864 -1.410389
v 0.079005 0.994542 -1.401080
v 0.079005 1.083929 1.081912
v 0.079603 1.082926 1.091317
v 0.081337 1.079339 1.099898
v 0.084039 1.073521 1.106816
v 0.087443 1.066040 1.111391
v 0.091216 1.057630 1.113178
v 0.101398 0.970380 -1.430529
v 0.097939 0.979030 -1.429357
v 0.094818 0.986941 -1.425335
v 0.092342 0.993337 -1.418858
v 0.090752 0.997592 -1.410559
v 0.090204 0.999291 -1.401251
v 0.090204 1.088679 1.081741
v 0.090752 1.087654 1.091147
v 0.092342 1.084006 1.099730
v 0.094818 1.078092 1.106651
v 0.097939 1.070491 1.111231
v 0.101398 1.061947 1.113023
v 0.111594 0.974253 -1.430669
v 0.108472 0.983032 -1.429501
v 0.105656 0.991058 -1.425483
v 0.103421 0.997546 -1.419009
v 0.101986 1.001860 -1.410713
v 0.101492 1.003579 -1.401405
v 0.101492 1.092967 1.081586
v 0.101986 1.091922 1.090993
v 0.103421 1.088215 1.099579
v 0.105656 1.082210 1.106503
v 0.108472 1.074493 1.111087
v 0.111594 1.065821 1.112883
v 0.121852 0.977690 -1.430793
v 0.119086 0.986588 -1.429629
v 0.116591 0.994721 -1.425615
v 0.114611 1.001294 -1.419144
v 0.113339 1.005664 -1.410849
v 0.112901 1.007401 -1.401543
v 0.112901 1.096789 1.081449
v 0.113339 1.095725 1.090856
v 0.114611 1.091964 1.099444
v 0.116591 1.085873 1.106371
v 0.119086 1.078049 1.110959
v 0.121852 1.069257 1.112759
v 0.132221 0.980696 -1.430901
v 0.129824 0.989701 -1.429741
v 0.127661 0.997931 -1.425731
v 0.125944 1.004580 -1.419263
v 0.124842 1.008999 -1.410969
v 0.124463 1.010753 -1.401663
v 0.124463 1.100141 1.081328
v 0.124842 1.099060 1.090736
v 0.125944 1.095249 1.099326
v 0.127661 1.089082 1.106255
v 0.129824 1.081162 1.110847
v 0.132221 1.072264 1.112651
v 0.142750 0.983279 -1.430994
v 0.140727 0.992375 -1.429837
v 0.138902 1.000688 -1.425830
v 0.137453 1.007403 -1.419364
v 0.136523 1.011864 -1.411073
v 0.136203 1.013633 -1.401767
v 0.136203 1.103021 1.081224
v 0.136523 1.101925 1.090633
v 0.137453 1.098073 1.099224
v 0.138902 1.091840 1.106156
v 0.140727 1.083836 1.110751
v 0.142750 1.074847 1.112558
v 0.153487 0.985445 -1.431072
v 0.151837 0.994617 -1.429918
v 0.150349 1.002998 -1.425913
v 0.149168 1.009767 -1.419449
v 0.148409 1.014262 -1.411159
v 0.148148 1.016043 -1.401854
v 0.148148 1.105431 1.081138
v 0.148409 1.104324 1.090547
v 0.149168 1.100436 1.099139
v 0.150349 1.094149 1.106073
v 0.151837 1.086078 1.110670
v 0.153487 1.077013 1.112480
v 0.164482 0.987202 -1.431135
v 0.163197 0.996432 -1.429983
v 0.162038 1.004866 -1.425981
v 0.161119 1.011677 -1.419518
v 0.160528 1.016199 -1.411229
v 0.160325 1.017989 -1.401924
v 0.160325 1.107377 1.081068
v 0.160528 1.106260 1.090477
v 0.161119 1.102346 1.099070
v 0.162038 1.096017 1.106006
v 0.163197 1.087893 1.110605
v 0.164482 1.078770 1.112417
v 0.175781 0.988557 -1.431184
v 0.174849 0.997829 -1.430034
v 0.174007 1.006300 -1.426032
v 0.173339 1.013142 -1.419571
v 0.172911 1.017683 -1.411282
v 0.172763 1.019480 -1.401978
v 0.172763 1.108868 1.081014
v 0.172911 1.107745 1.090424
v 0.173339 1.103811 1.099018
v 0.174007 1.097452 1.105954
v 0.174849 1.089290 1.110554
v 0.175781 1.080124 1.112368
v 0.187435 0.989515 -1.431218
v 0.186836 0.998815 -1.430069
v 0.186295 1.007311 -1.426069
v 0.185865 1.014172 -1.419608
v 0.185590 1.018726 -1.411320
v 0.185495 1.020528 -1.402015
v 0.185495 1.109915 1.080976
v 0.185590 1.108788 1.090386
v 0.185865 1.104842 1.098980
v 0.186295 1.098463 1.105918
v 0.186836 1.090276 1.110519
v 0.187435 1.081083 1.112334
v 0.199492 0.990086 -1.431239
v 0.199203 0.999400 -1.430090
v 0.198942 1.007910 -1.426090
v 0.198735 1.014781 -1.419630
v 0.198602 1.019342 -1.411342
v 0.198556 1.021146 -1.402038
v 0.198556 1.110533 1.080954
v 0.198602 1.109403 1.090364
v 0.198735 1.105450 1.098958
v 0.198942 1.099061 1.105896
v 0.199203 1.090861 1.110498
v 0.199492 1.081653 1.112313
v 0.212000 0.990274 -1.431246
v 0.212156 0.999595 -1.430097
v 0.212296 1.008111 -1.426097
v 0.212407 1.014987 -1.419637
v 0.212479 1.019551 -1.411349
v 0.212503 1.021356 -1.402045
v 0.212503 1.110744 1.080946
v 0.212479 1.109612 1.090356
v 0.212407 1.105656 1.098951
v 0.212296 1.099262 1.105889
v 0.212156 1.091057 1.110491
v 0.212000 1.081842 1.112306
v 0.241583 0.988835 -1.431194
v 0.242514 0.998119 -1.430044
v 0.243354 1.006600 -1.426043
v 0.244020 1.013450 -1.419582
v 0.244448 1.017996 -1.411293
v 0.244596 1.019795 -1.401989
v 0.244596 1.109183 1.081003
v 0.244448 1.108057 1.090412
v 0.244020 1.104119 1.099006
v 0.243354 1.097752 1.105943
v 0.242514 1.089580 1.110544
v 0.241583 1.080403 1.112358
v 0.269250 0.984593 -1.431041
v 0.271171 0.993724 -1.429886
v 0.272904 1.002069 -1.425880
v 0.274279 1.008810 -1.419415
v 0.275162 1.013286 -1.411124
v 0.275466 1.015061 -1.401818
v 0.275466 1.104449 1.081173
v 0.275162 1.103348 1.090582
v 0.274279 1.099479 1.099173
v 0.272904 1.093220 1.106106
v 0.271171 1.085186 1.110702
v 0.269250 1.076161 1.112511
v 0.294875 0.977657 -1.430791
v 0.297841 0.986506 -1.429626
v 0.300517 0.994596 -1.425611
v 0.302640 1.001134 -1.419139
v 0.304004 1.005480 -1.410843
v 0.304473 1.007210 -1.401536
v 0.304473 1.096598 1.081456
v 0.304004 1.095542 1.090863
v 0.302640 1.091803 1.099450
v 0.300517 1.085747 1.106375
v 0.297841 1.077967 1.110962
v 0.294875 1.069225 1.112761
v 0.318333 0.968140 -1.430449
v 0.322379 0.976551 -1.429268
v 0.326029 0.984245 -1.425238
v 0.328926 0.990470 -1.418755
v 0.330786 0.994615 -1.410452
v 0.331426 0.996275 -1.401142
v 0.331426 1.085663 1.081849
v 0.330786 1.084676 1.091254
v 0.328926 1.081139 1.099834
v 0.326029 1.075397 1.106748
v 0.322379 1.068012 1.111320
v 0.318333 1.059708 1.113103
v 0.339500 0.956153 -1.430017
v 0.344628 0.963951 -1.428814
v 0.349253 0.971092 -1.424765
v 0.352924 0.976878 -1.418265
v 0.355281 0.980742 -1.409952
v 0.356093 0.982305 -1.400639
v 0.356093 1.071693 1.082352
v 0.355281 1.070803 1.091754
v 0.352924 1.067547 1.100323
v 0.349253 1.062244 1.107222
v 0.344628 1.055412 1.111774
v 0.339500 1.047721 1.113535
v 0.358250 0.941806 -1.429501
v 0.364417 0.948808 -1.428269
v 0.369980 0.955232 -1.424194
v 0.374396 0.960449 -1.417674
v 0.377230 0.963947 -1.409348
v 0.378207 0.965384 -1.400030
v 0.378207 1.054772 1.082961
v 0.377230 1.054008 1.092358
v 0.374396 1.051118 1.100914
v 0.369980 1.046384 1.107792
v 0.364417 1.040269 1.112319
v 0.358250 1.033373 1.114051
v 0.374458 0.925210 -1.428903
v 0.381572 0.931244 -1.427637
v 0.387989 0.936794 -1.423530
v 0.393081 0.941317 -1.416985
v 0.396351 0.944369 -1.408643
v 0.397477 0.945654 -1.399320
v 0.397477 1.035041 1.083672
v 0.396351 1.034431 1.093063
v 0.393081 1.031986 1.101603
v 0.387989 1.027945 1.108456
v 0.381572 1.022705 1.112952
v 0.374458 1.016778 1.114649
v 0.388000 0.906477 -1.428229
v 0.395917 0.911398 -1.426922
v 0.403060 0.915945 -1.422779
v 0.408728 0.919671 -1.416206
v 0.412367 0.922213 -1.407845
v 0.413621 0.923320 -1.398516
v 0.413621 1.012708 1.084476
v 0.412367 1.012274 1.093861
v 0.408728 1.010340 1.102382
v 0.403060 1.007096 1.109207
v 0.395917 1.002859 1.113666
v 0.388000 0.998044 1.115323
v 0.398750 0.885717 -1.427482
v 0.407293 0.889430 -1.426131
v 0.415000 0.892887 -1.421949
v 0.421116 0.895748 -1.415345
v 0.425043 0.897734 -1.406964
v 0.426396 0.898651 -1.397628
v 0.426396 0.988038 1.085364
v 0.425043 0.987795 1.094742
v 0.421116 0.986417 1.103244
v 0.415000 0.984038 1.110037
v 0.407293 0.980891 1.114457
v 0.398750 0.977285 1.116071
v 0.406583 0.863042 -1.426665
v 0.415557 0.865508 -1.425270
v 0.423653 0.867839 -1.421048
v 0.430077 0.869807 -1.414411
v 0.434202 0.871220 -1.406009
v 0.435624 0.871939 -1.396666
v 0.435624 0.961327 1.086325
v 0.434202 0.961282 1.095696
v 0.430077 0.960477 1.104177
v 0.423653 0.958990 1.110939
v 0.415557 0.956969 1.115318
v 0.406583 0.954610 1.116887
v 0.411375 0.838562 -1.425784
v 0.420590 0.839797 -1.424345
v 0.428903 0.841017 -1.420082
v 0.435500 0.842104 -1.413413
v 0.439736 0.842951 -1.404992
v 0.441195 0.843475 -1.395641
v 0.441195 0.932863 1.087350
v 0.439736 0.933012 1.096714
v 0.435500 0.932773 1.105175
v 0.428903 0.932169 1.111904
v 0.420590 0.931258 1.116244
v 0.411375 0.930130 1.117768
v 0.413000 0.812389 -1.424842
v 0.422279 0.812597 -1.423365
v 0.430649 0.812890 -1.419069
v 0.437292 0.813241 -1.412374
v 0.441557 0.813616 -1.403936
v 0.443027 0.813977 -1.394579
v 0.443027 0.903365 1.088412
v 0.441557 0.903677 1.097770
v 0.437292 0.903911 1.106214
v 0.430649 0.904042 1.112917
v 0.422279 0.904058 1.117223
v 0.413000 0.903957 1.118710
v 0.412472 0.794075 -1.424183
v 0.421730 0.793558 -1.422680
v 0.430082 0.793199 -1.418360
v 0.436710 0.793032 -1.411647
v 0.440965 0.793073 -1.403196
v 0.442432 0.793320 -1.393836
v 0.442432 0.882708 1.089156
v 0.440965 0.883135 1.098510
v 0.436710 0.883701 1.106941
v 0.430082 0.884350 1.113626
v 0.421730 0.885019 1.117908
v 0.412472 0.885643 1.119370
v 0.410861 0.777051 -1.423570
v 0.420057 0.775877 -1.422043
v 0.428353 0.774925 -1.417703
v 0.434936 0.774288 -1.410972
v 0.439163 0.774028 -1.402511
v 0.440619 0.774170 -1.393146
v 0.440619 0.863558 1.089845
v 0.439163 0.864089 1.099195
v 0.434936 0.864957 1.107616
v 0.428353 0.866077 1.114284
v 0.420057 0.867339 1.118545
v 0.410861 0.868619 1.119982
v 0.408125 0.761235 -1.423000
v 0.417190 0.759307 -1.421447
v 0.425368 0.757674 -1.417082
v 0.431858 0.756497 -1.410332
v 0.436025 0.755890 -1.401858
v 0.437461 0.755913 -1.392489
v 0.437461 0.845300 1.090502
v 0.436025 0.845951 1.099848
v 0.431858 0.847166 1.108257
v 0.425368 0.848826 1.114905
v 0.417190 0.850768 1.119141
v 0.408125 0.852803 1.120552
v 0.404222 0.746543 -1.422471
v 0.413065 0.743778 -1.420888
v 0.421042 0.741390 -1.416495
v 0.427373 0.739613 -1.409724
v 0.431438 0.738621 -1.401236
v 0.432838 0.738512 -1.391863
v 0.432838 0.827899 1.091129
v 0.431438 0.828683 1.100470
v 0.427373 0.830282 1.108865
v 0.421042 0.832541 1.115491
v 0.413065 0.835239 1.119700
v 0.404222 0.838111 1.121081
v 0.399111 0.732892 -1.421980
v 0.407621 0.729237 -1.420364
v 0.415298 0.726047 -1.415943
v 0.421390 0.723634 -1.409149
v 0.425302 0.722233 -1.400646
v 0.426650 0.721983 -1.391268
v 0.426650 0.811370 1.091724
v 0.425302 0.812294 1.101060
v 0.421390 0.814303 1.109440
v 0.415298 0.817199 1.116043
v 0.407621 0.820699 1.120224
v 0.399111 0.824460 1.121572
v 0.392750 0.720199 -1.421523
v 0.400810 0.715648 -1.419875
v 0.408082 0.711648 -1.415425
v 0.413853 0.708593 -1.408607
v 0.417558 0.706780 -1.400090
v 0.418834 0.706388 -1.390706
v 0.418834 0.795775 1.092285
v 0.417558 0.796842 1.101616
v 0.413853 0.799262 1.109981
v 0.408082 0.802800 1.116562
v 0.400810 0.807109 1.120713
v 0.392750 0.811767 1.122029
v 0.385097 0.708380 -1.421098
v 0.392605 0.702976 -1.419419
v 0.399379 0.698207 -1.414941
v 0.404754 0.694541 -1.408101
v 0.408205 0.692336 -1.399570
v 0.409394 0.691808 -1.390181
v 0.409394 0.781196 1.092810
v 0.408205 0.782397 1.102136
v 0.404754 0.785210 1.110487
v 0.399379 0.789359 1.117045
v 0.392605 0.794437 1.121169
v 0.385097 0.799948 1.122455
v 0.376111 0.697353 -1.420701
v 0.382996 0.691183 -1.418994
v 0.389207 0.685724 -1.414491
v 0.394136 0.681511 -1.407632
v 0.397300 0.678954 -1.399088
v 0.398391 0.678306 -1.389695
v 0.398391 0.767693 1.093296
v 0.397300 0.769016 1.102618
v 0.394136 0.772180 1.110956
v 0.389207 0.776876 1.117495
v 0.382996 0.782645 1.121594
v 0.376111 0.788921 1.122852
v 0.365750 0.687033 -1.420329
v 0.371983 0.680215 -1.418600
v 0.377606 0.674170 -1.414075
v 0.382069 0.669492 -1.407199
v 0.384934 0.666637 -1.398644
v 0.385921 0.665885 -1.389248
v 0.385921 0.755273 1.093743
v 0.384934 0.756698 1.103061
v 0.382069 0.760161 1.111389
v 0.377606 0.765322 1.117911
v 0.371983 0.771676 1.121989
v 0.365750 0.778601 1.123223
v 0.353972 0.677338 -1.419980
v 0.359567 0.669994 -1.418232
v 0.364614 0.663475 -1.413690
v 0.368619 0.658420 -1.406801
v 0.371190 0.655324 -1.398237
v 0.372076 0.654489 -1.388838
v 0.372076 0.743877 1.094154
v 0.371190 0.745385 1.103469
v 0.368619 0.749089 1.111787
v 0.364614 0.754627 1.118296
v 0.359567 0.761455 1.122357
v 0.353972 0.768906 1.123572
v 0.340736 0.668184 -1.419650
v 0.345737 0.660429 -1.417887
v 0.350249 0.653541 -1.413333
v 0.353829 0.648192 -1.406433
v 0.356128 0.644907 -1.397862
v 0.356920 0.644007 -1.388461
v 0.356920 0.733395 1.094531
v 0.356128 0.734968 1.103844
v 0.353829 0.738861 1.112156
v 0.350249 0.744692 1.118653
v 0.345737 0.751891 1.122701
v 0.340736 0.759752 1.123902
v 0.326000 0.659488 -1.419337
v 0.347197 0.661291 -1.417918
v 0.366320 0.663024 -1.413674
v 0.381496 0.664518 -1.407020
v 0.391239 0.665626 -1.398608
v 0.394596 0.666240 -1.389261
v 0.394596 0.755628 1.093731
v 0.391239 0.755687 1.103098
v 0.381496 0.755187 1.111568
v 0.366320 0.754176 1.118312
v 0.347197 0.752752 1.122670
v 0.326000 0.751056 1.124215
v 0.342213 0.653230 -1.419112
v 0.346159 0.661692 -1.417933
v 0.349718 0.669432 -1.413905
v 0.352543 0.675693 -1.407423
v 0.354357 0.679862 -1.399121
v 0.354982 0.681531 -1.389811
v 0.354982 0.770919 1.093180
v 0.354357 0.769924 1.102585
v 0.352543 0.766363 1.111166
v 0.349718 0.760584 1.118081
v 0.346159 0.753153 1.122655
v 0.342213 0.744798 1.124440
v 0.356870 0.645067 -1.418818
v 0.361941 0.652903 -1.417616
v 0.366515 0.660078 -1.413568
v 0.370145 0.665890 -1.407070
v 0.372476 0.669771 -1.398757
v 0.373279 0.671340 -1.389444
v 0.373279 0.760728 1.093547
v 0.372476 0.759833 1.102949
v 0.370145 0.756559 1.111519
v 0.366515 0.751229 1.118418
v 0.361941 0.744364 1.122972
v 0.356870 0.736635 1.124734
v 0.370000 0.635176 -1.418462
v 0.376068 0.642260 -1.417233
v 0.381543 0.648757 -1.413161
v 0.385887 0.654031 -1.406643
v 0.388677 0.657566 -1.398318
v 0.389638 0.659017 -1.389001
v 0.389638 0.748404 1.093991
v 0.388677 0.747628 1.103388
v 0.385887 0.744700 1.111946
v 0.381543 0.739908 1.118826
v 0.376068 0.733721 1.123355
v 0.370000 0.726744 1.125090
v 0.381630 0.623734 -1.418050
v 0.388541 0.629988 -1.416791
v 0.394777 0.635736 -1.412692
v 0.399725 0.640416 -1.406153
v 0.402902 0.643570 -1.397814
v 0.403997 0.644889 -1.388492
v 0.403997 0.734277 1.094499
v 0.402902 0.733632 1.103892
v 0.399725 0.731085 1.112436
v 0.394777 0.726888 1.119294
v 0.388541 0.721449 1.123797
v 0.381630 0.715302 1.125502
v 0.391787 0.610917 -1.417589
v 0.399382 0.616309 -1.416299
v 0.406234 0.621279 -1.412171
v 0.411672 0.625342 -1.405610
v 0.415163 0.628100 -1.397257
v 0.416366 0.629282 -1.387930
v 0.416366 0.718670 1.095061
v 0.415163 0.718161 1.104449
v 0.411672 0.716011 1.112978
v 0.406234 0.712431 1.119815
v 0.399382 0.707770 1.124289
v 0.391787 0.702485 1.125963
v 0.400500 0.596904 -1.417084
v 0.408630 0.601436 -1.415764
v 0.415964 0.605631 -1.411608
v 0.421784 0.609078 -1.405025
v 0.425521 0.611440 -1.396657
v 0.426809 0.612487 -1.387326
v 0.426809 0.701874 1.095666
v 0.425521 0.701502 1.105048
v 0.421784 0.699747 1.113564
v 0.415964 0.696782 1.120378
v 0.408630 0.692897 1.124825
v 0.400500 0.688472 1.126468
v 0.407796 0.581870 -1.416543
v 0.416331 0.585568 -1.415192
v 0.424030 0.589010 -1.411010
v 0.430140 0.591860 -1.404405
v 0.434063 0.593839 -1.396024
v 0.435415 0.594753 -1.386687
v 0.435415 0.684141 1.096304
v 0.434063 0.683901 1.105682
v 0.430140 0.682530 1.114184
v 0.424030 0.680162 1.120977
v 0.416331 0.677029 1.125396
v 0.407796 0.673438 1.127009
v 0.413704 0.565993 -1.415972
v 0.422535 0.568893 -1.414592
v 0.430502 0.571616 -1.410384
v 0.436825 0.573895 -1.403758
v 0.440884 0.575508 -1.395364
v 0.442283 0.576296 -1.386023
v 0.442283 0.665683 1.096969
v 0.440884 0.665569 1.106342
v 0.436825 0.664565 1.114830
v 0.430502 0.662768 1.121603
v 0.422535 0.660355 1.125996
v 0.413704 0.657561 1.127581
v 0.418250 0.549450 -1.415376
v 0.427290 0.551592 -1.413969
v 0.435445 0.553631 -1.409736
v 0.441917 0.555367 -1.403091
v 0.446072 0.556631 -1.394684
v 0.447504 0.557299 -1.385339
v 0.447504 0.646686 1.097652
v 0.446072 0.646692 1.107022
v 0.441917 0.646036 1.115497
v 0.435445 0.644782 1.122250
v 0.427290 0.643053 1.126619
v 0.418250 0.641018 1.128176
v 0.421463 0.532418 -1.414763
v 0.430639 0.533837 -1.413330
v 0.438917 0.535225 -1.409073
v 0.445486 0.536444 -1.402410
v 0.449704 0.537376 -1.393991
v 0.451157 0.537929 -1.384642
v 0.451157 0.627317 1.098350
v 0.449704 0.627437 1.107715
v 0.445486 0.627113 1.116179
v 0.438917 0.626376 1.122913
v 0.430639 0.625299 1.127258
v 0.421463 0.623986 1.128789
v 0.423370 0.515073 -1.414138
v 0.432623 0.515800 -1.412681
v 0.440969 0.516563 -1.408402
v 0.447593 0.517286 -1.401720
v 0.451846 0.517900 -1.393290
v 0.453311 0.518343 -1.383937
v 0.453311 0.607731 1.099055
v 0.451846 0.607961 1.108416
v 0.447593 0.607955 1.116868
v 0.440969 0.607714 1.123585
v 0.432623 0.607261 1.127907
v 0.423370 0.606641 1.129414
v 0.424000 0.497593 -1.413509
v 0.433281 0.497529 -1.412023
v 0.441653 0.497578 -1.407718
v 0.448297 0.497735 -1.401016
v 0.452563 0.497985 -1.392573
v 0.454033 0.498303 -1.383215
v 0.454033 0.587690 1.099776
v 0.452563 0.588046 1.109133
v 0.448297 0.588404 1.117572
v 0.441653 0.588729 1.124268
v 0.433281 0.588990 1.128565
v 0.424000 0.589161 1.130043
v 0.422176 0.467911 -1.412441
v 0.431393 0.466806 -1.410917
v 0.439707 0.465916 -1.406578
v 0.446306 0.465327 -1.399850
v 0.450542 0.465099 -1.391389
v 0.452002 0.465252 -1.382025
v 0.452002 0.554640 1.100966
v 0.450542 0.555160 1.110317
v 0.446306 0.555997 1.118739
v 0.439707 0.557067 1.125408
v 0.431393 0.558267 1.129671
v 0.422176 0.559479 1.131112
v 0.416824 0.439936 -1.411433
v 0.425814 0.437646 -1.409867
v 0.433924 0.435686 -1.405490
v 0.440360 0.434249 -1.398731
v 0.444492 0.433475 -1.390251
v 0.445916 0.433441 -1.380880
v 0.445916 0.522829 1.102111
v 0.444492 0.523537 1.111455
v 0.440360 0.524918 1.119858
v 0.433924 0.526837 1.126496
v 0.425814 0.529107 1.130721
v 0.416824 0.531504 1.132119
v 0.408125 0.413835 -1.410494
v 0.416720 0.410360 -1.408885
v 0.424474 0.407333 -1.404469
v 0.430628 0.405048 -1.397679
v 0.434579 0.403730 -1.389180
v 0.435940 0.403508 -1.379802
v 0.435940 0.492896 1.103189
v 0.434579 0.493792 1.112526
v 0.430628 0.495717 1.120909
v 0.424474 0.498484 1.127517
v 0.416720 0.501822 1.131703
v 0.408125 0.505403 1.133058
v 0.396259 0.389774 -1.409628
v 0.404290 0.385155 -1.407977
v 0.411535 0.381094 -1.403525
v 0.417284 0.377990 -1.396705
v 0.420976 0.376146 -1.388187
v 0.422248 0.375743 -1.378803
v 0.422248 0.465131 1.104188
v 0.420976 0.466208 1.113519
v 0.417284 0.468659 1.121883
v 0.411535 0.472246 1.128461
v 0.404290 0.476616 1.132611
v 0.396259 0.481342 1.133924
v 0.381407 0.367920 -1.408841
v 0.388713 0.362233 -1.407152
v 0.395303 0.357210 -1.402665
v 0.400533 0.353341 -1.395818
v 0.403891 0.351007 -1.387282
v 0.405048 0.350435 -1.377892
v 0.405048 0.439822 1.105100
v 0.403891 0.441068 1.114424
v 0.400533 0.444011 1.122770
v 0.395303 0.448361 1.129321
v 0.388713 0.453695 1.133436
v 0.381407 0.459488 1.134711
v 0.363750 0.348440 -1.408140
v 0.370189 0.341797 -1.406417
v 0.375997 0.335911 -1.401898
v 0.380607 0.331358 -1.395027
v 0.383567 0.328584 -1.386475
v 0.384586 0.327860 -1.377079
v 0.384586 0.417248 1.105912
v 0.383567 0.418645 1.115231
v 0.380607 0.422027 1.123562
v 0.375997 0.427062 1.130088
v 0.370189 0.433258 1.134172
v 0.363750 0.440008 1.135413
v 0.343468 0.331499 -1.407530
v 0.348927 0.324038 -1.405777
v 0.353852 0.317414 -1.401232
v 0.357760 0.312276 -1.394340
v 0.360270 0.309126 -1.385774
v 0.361134 0.308273 -1.376374
v 0.361134 0.397660 1.106617
v 0.360270 0.399187 1.115932
v 0.357760 0.402945 1.124249
v 0.353852 0.408566 1.130754
v 0.348927 0.415500 1.134811
v 0.343468 0.423067 1.136022
v 0.320741 0.317266 -1.407017
v 0.325141 0.309141 -1.405241
v 0.329110 0.301919 -1.400674
v 0.332261 0.296305 -1.393765
v 0.334283 0.292850 -1.385188
v 0.334980 0.291892 -1.375784
v 0.334980 0.381280 1.107207
v 0.334283 0.382912 1.116518
v 0.332261 0.386975 1.124824
v 0.329110 0.393070 1.131312
v 0.325141 0.400602 1.135347
v 0.320741 0.408834 1.136535
v 0.295750 0.305905 -1.406608
v 0.299045 0.297278 -1.404814
v 0.302018 0.289603 -1.400231
v 0.304378 0.283630 -1.393308
v 0.305892 0.279944 -1.384724
v 0.306414 0.278906 -1.375317
v 0.306414 0.368294 1.107675
v 0.305892 0.370006 1.116982
v 0.304378 0.374299 1.125280
v 0.302018 0.380754 1.131755
v 0.299045 0.388740 1.135774
v 0.295750 0.397473 1.136944
v 0.268676 0.297584 -1.406309
v 0.270853 0.288614 -1.404502
v 0.272817 0.280628 -1.399908
v 0.274376 0.274409 -1.392976
v 0.275376 0.270565 -1.384386
v 0.275721 0.269473 -1.374977
v 0.275721 0.358861 1.108014
v 0.275376 0.360627 1.117320
v 0.274376 0.365078 1.125612
v 0.272817 0.371780 1.132078
v 0.270853 0.380075 1.136086
v 0.268676 0.389152 1.137243
v 0.239699 0.292469 -1.406125
v 0.240772 0.283304 -1.404311
v 0.241740 0.275143 -1.399711
v 0.242508 0.268784 -1.392774
v 0.243001 0.264851 -1.384180
v 0.243170 0.263727 -1.374770
v 0.243170 0.353115 1.108221
v 0.243001 0.354912 1.117526
v 0.242508 0.359453 1.125814
v 0.241740 0.366294 1.132276
v 0.240772 0.374765 1.136277
v 0.239699 0.384037 1.137427
v 0.209000 0.290727 -1.406062
v 0.209149 0.281510 -1.404246
v 0.209284 0.273301 -1.399644
v 0.209390 0.266905 -1.392706
v 0.209459 0.262947 -1.384112
v 0.209482 0.261816 -1.374702
v 0.209482 0.351204 1.108290
v 0.209459 0.353009 1.117594
v 0.209390 0.357574 1.125882
v 0.209284 0.364453 1.132342
v 0.209149 0.372971 1.136342
v 0.209000 0.382295 1.137490
v 0.197210 0.291017 -1.406072
v 0.196759 0.281814 -1.404257
v 0.196353 0.273619 -1.399656
v 0.196030 0.267233 -1.392718
v 0.195824 0.263282 -1.384124
v 0.195752 0.262153 -1.374714
v 0.195752 0.351541 1.108278
v 0.195824 0.353344 1.117582
v 0.196030 0.357902 1.125870
v 0.196353 0.364770 1.132331
v 0.196759 0.373275 1.136331
v 0.197210 0.382585 1.137480
v 0.185343 0.291879 -1.406103
v 0.184456 0.282708 -1.404289
v 0.183657 0.274541 -1.399689
v 0.183022 0.268178 -1.392752
v 0.182615 0.264242 -1.384158
v 0.182475 0.263118 -1.374748
v 0.182475 0.352506 1.108243
v 0.182615 0.354304 1.117548
v 0.183022 0.358848 1.125836
v 0.183657 0.365693 1.132297
v 0.184456 0.374169 1.136299
v 0.185343 0.383447 1.137449
v 0.173406 0.293304 -1.406155
v 0.172102 0.284182 -1.404342
v 0.170926 0.276061 -1.399744
v 0.169992 0.269733 -1.392808
v 0.169393 0.265820 -1.384215
v 0.169187 0.264704 -1.374806
v 0.169187 0.354091 1.108186
v 0.169393 0.355881 1.117491
v 0.169992 0.360403 1.125780
v 0.170926 0.367212 1.132243
v 0.172102 0.375644 1.136246
v 0.173406 0.384872 1.137397
v 0.161407 0.295280 -1.406226
v 0.159705 0.286224 -1.404416
v 0.158169 0.278162 -1.399819
v 0.156950 0.271881 -1.392885
v 0.156167 0.267998 -1.384293
v 0.155897 0.266892 -1.374884
v 0.155897 0.356280 1.108107
v 0.156167 0.358060 1.117412
v 0.156950 0.362551 1.125703
v 0.158169 0.369313 1.132167
v 0.159705 0.377685 1.136172
v 0.161407 0.386848 1.137326
v 0.149353 0.297797 -1.406317
v 0.147271 0.288821 -1.404509
v 0.145393 0.280830 -1.399915
v 0.143903 0.274606 -1.392984
v 0.142946 0.270759 -1.384393
v 0.142616 0.269666 -1.374984
v 0.142616 0.359054 1.108007
v 0.142946 0.360821 1.117313
v 0.143903 0.365275 1.125605
v 0.145393 0.371981 1.132071
v 0.147271 0.380282 1.136079
v 0.149353 0.389365 1.137236
v 0.137250 0.300846 -1.406426
v 0.134809 0.291960 -1.404622
v 0.132606 0.284050 -1.400031
v 0.130858 0.277892 -1.393102
v 0.129736 0.274087 -1.384513
v 0.129350 0.273008 -1.375104
v 0.129350 0.362395 1.107887
v 0.129736 0.364148 1.117193
v 0.130858 0.368561 1.125486
v 0.132606 0.375202 1.131955
v 0.134809 0.383421 1.135966
v 0.137250 0.392414 1.137126
v 0.125105 0.304415 -1.406555
v 0.122324 0.295629 -1.404755
v 0.119815 0.287809 -1.400167
v 0.117823 0.281722 -1.393240
v 0.116545 0.277963 -1.384652
v 0.116104 0.276900 -1.375245
v 0.116104 0.366288 1.107747
v 0.116545 0.368024 1.117054
v 0.117823 0.372391 1.125349
v 0.119815 0.378961 1.131820
v 0.122324 0.387090 1.135834
v 0.125105 0.395982 1.136997
v 0.112926 0.308493 -1.406702
v 0.109823 0.299815 -1.404905
v 0.107024 0.292093 -1.400321
v 0.104803 0.286083 -1.393397
v 0.103377 0.282373 -1.384811
v 0.102886 0.281327 -1.375404
v 0.102886 0.370715 1.107587
v 0.103377 0.372434 1.116895
v 0.104803 0.376752 1.125192
v 0.107024 0.383244 1.131666
v 0.109823 0.391276 1.135683
v 0.112926 0.400061 1.136851
v 0.100719 0.313072 -1.406866
v 0.097313 0.304507 -1.405074
v 0.094241 0.296887 -1.400493
v 0.091803 0.290959 -1.393572
v 0.090238 0.287301 -1.384988
v 0.089699 0.286273 -1.375582
v 0.089699 0.375661 1.107409
v 0.090238 0.377363 1.116717
v 0.091803 0.381628 1.125016
v 0.094241 0.388039 1.131493
v 0.097313 0.395968 1.135514
v 0.100719 0.404640 1.136686
v 0.088491 0.318140 -1.407049
v 0.084800 0.309693 -1.405261
v 0.081471 0.302180 -1.400684
v 0.078828 0.296336 -1.393766
v 0.077132 0.292733 -1.385184
v 0.076547 0.291723 -1.375778
v 0.076547 0.381111 1.107213
v 0.077132 0.382794 1.116522
v 0.078828 0.387005 1.124822
v 0.081471 0.393332 1.131302
v 0.084800 0.401155 1.135327
v 0.088491 0.409708 1.136503
v 0.076249 0.323687 -1.407248
v 0.072290 0.315362 -1.405465
v 0.068718 0.307958 -1.400892
v 0.065883 0.302201 -1.393977
v 0.064063 0.298654 -1.385397
v 0.063436 0.297664 -1.375992
v 0.063436 0.387052 1.106999
v 0.064063 0.388716 1.116309
v 0.065883 0.392871 1.124611
v 0.068718 0.399110 1.131094
v 0.072290 0.406823 1.135123
v 0.076249 0.415255 1.136304
v 0.064000 0.329702 -1.407465
v 0.054729 0.323985 -1.405775
v 0.046366 0.318935 -1.401287
v 0.039729 0.315045 -1.394439
v 0.035468 0.312697 -1.385903
v 0.034000 0.312120 -1.376513
v 0.034000 0.401507 1.106479
v 0.035468 0.402758 1.115803
v 0.039729 0.405714 1.124149
v 0.046366 0.410086 1.130699
v 0.054729 0.415446 1.134813
v 0.064000 0.421270 1.136087
v 0.064000 0.435633 -1.411279
v 0.054729 0.452705 -1.410409
v 0.046366 0.468213 -1.406661
v 0.039729 0.480638 -1.400401
v 0.035468 0.488764 -1.392241
v 0.034000 0.491797 -1.382981
v 0.034000 0.581184 1.100011
v 0.035468 0.578826 1.109465
v 0.039729 0.571307 1.118188
v 0.046366 0.559364 1.125325
v 0.054729 0.544166 1.130179
v 0.064000 0.527201 1.132274
v 0.076959 0.427263 -1.410977
v 0.081839 0.435196 -1.409779
v 0.086241 0.442459 -1.405734
v 0.089735 0.448341 -1.399238
v 0.091978 0.452266 -1.390927
v 0.092751 0.453851 -1.381615
v 0.092751 0.543239 1.101377
v 0.091978 0.542328 1.110779
v 0.089735 0.539010 1.119350
v 0.086241 0.533610 1.126252
v 0.081839 0.526657 1.130809
v 0.076959 0.518831 1.132575
v 0.089843 0.419639 -1.410703
v 0.094401 0.427762 -1.409511
v 0.098512 0.435197 -1.405472
v 0.101776 0.441215 -1.398981
v 0.103871 0.445228 -1.390674
v 0.104593 0.446843 -1.381363
v 0.104593 0.536231 1.101629
v 0.103871 0.535290 1.111032
v 0.101776 0.531884 1.119607
v 0.098512 0.526348 1.126514
v 0.094401 0.519223 1.131077
v 0.089843 0.511207 1.132849
v 0.102656 0.412758 -1.410455
v 0.106865 0.421068 -1.409270
v 0.110662 0.428672 -1.405238
v 0.113675 0.434824 -1.398751
v 0.115610 0.438924 -1.390447
v 0.116277 0.440568 -1.381137
v 0.116277 0.529956 1.101855
v 0.115610 0.528985 1.111259
v 0.113675 0.525494 1.119837
v 0.110662 0.519823 1.126749
v 0.106865 0.512529 1.131318
v 0.102656 0.504325 1.133097
v 0.115407 0.406615 -1.410234
v 0.119239 0.415107 -1.409056
v 0.122696 0.422875 -1.405029
v 0.125440 0.429157 -1.398547
v 0.127201 0.433340 -1.390246
v 0.127808 0.435014 -1.380937
v 0.127808 0.524401 1.102055
v 0.127201 0.523402 1.111460
v 0.125440 0.519827 1.120041
v 0.122696 0.514026 1.126957
v 0.119239 0.506568 1.131532
v 0.115407 0.498183 1.133318
v 0.128103 0.401208 -1.410039
v 0.131530 0.409873 -1.408867
v 0.134622 0.417796 -1.404846
v 0.137075 0.424202 -1.398369
v 0.138651 0.428464 -1.390070
v 0.139194 0.430165 -1.380762
v 0.139194 0.519552 1.102229
v 0.138651 0.518525 1.111636
v 0.137075 0.514871 1.120219
v 0.134622 0.508947 1.127140
v 0.131530 0.501334 1.131721
v 0.128103 0.492776 1.133513
v 0.140750 0.396534 -1.409871
v 0.143745 0.405358 -1.408705
v 0.146448 0.413425 -1.404689
v 0.148592 0.419945 -1.398216
v 0.149969 0.424280 -1.389920
v 0.150443 0.426006 -1.380612
v 0.150443 0.515394 1.102379
v 0.149969 0.514342 1.111786
v 0.148592 0.510614 1.120373
v 0.146448 0.504576 1.127298
v 0.143745 0.496819 1.131883
v 0.140750 0.488102 1.133681
v 0.153355 0.392588 -1.409729
v 0.155894 0.401555 -1.408568
v 0.158184 0.409751 -1.404556
v 0.160001 0.416374 -1.398087
v 0.161168 0.420775 -1.389793
v 0.161570 0.422523 -1.380487
v 0.161570 0.511911 1.102504
v 0.161168 0.510836 1.111912
v 0.160001 0.507043 1.120501
v 0.158184 0.500902 1.127430
v 0.155894 0.493016 1.132020
v 0.153355 0.484156 1.133823
v 0.165926 0.389367 -1.409613
v 0.167985 0.398457 -1.408456
v 0.169842 0.406764 -1.404449
v 0.171316 0.413475 -1.397983
v 0.172263 0.417932 -1.389691
v 0.172589 0.419700 -1.380385
v 0.172589 0.509088 1.102606
v 0.172263 0.507994 1.112015
v 0.171316 0.504144 1.120605
v 0.169842 0.497915 1.127537
v 0.167985 0.489918 1.132132
v 0.165926 0.480935 1.133939
v 0.178469 0.386868 -1.409523
v 0.180029 0.396057 -1.408370
v 0.181437 0.404454 -1.404366
v 0.182554 0.411236 -1.397902
v 0.183271 0.415739 -1.389612
v 0.183519 0.417523 -1.380307
v 0.183519 0.506910 1.102684
v 0.183271 0.505800 1.112094
v 0.182554 0.501905 1.120686
v 0.181437 0.495605 1.127621
v 0.180029 0.487519 1.132218
v 0.178469 0.478436 1.134029
v 0.190991 0.385087 -1.409459
v 0.192038 0.394350 -1.408309
v 0.192983 0.402812 -1.404307
v 0.193734 0.409646 -1.397845
v 0.194215 0.414183 -1.389556
v 0.194381 0.415978 -1.380251
v 0.194381 0.505366 1.102740
v 0.194215 0.504244 1.112150
v 0.193734 0.500315 1.120743
v 0.192983 0.493963 1.127680
v 0.192038 0.485811 1.132280
v 0.190991 0.476655 1.134093
v 0.203499 0.384022 -1.409421
v 0.204025 0.393328 -1.408272
v 0.204499 0.401831 -1.404271
v 0.204875 0.408696 -1.397811
v 0.205117 0.413254 -1.389523
v 0.205200 0.415056 -1.380218
v 0.205200 0.504444 1.102773
v 0.205117 0.503315 1.112183
v 0.204875 0.499366 1.120777
v 0.204499 0.492982 1.127715
v 0.204025 0.484789 1.132316
v 0.203499 0.475589 1.134132
v 0.216000 0.383667 -1.409408
v 0.215879 0.392992 -1.408260
v 0.215770 0.401511 -1.404260
v 0.215684 0.408390 -1.397800
v 0.215628 0.412955 -1.389512
v 0.215609 0.414761 -1.380208
v 0.215609 0.504149 1.102784
v 0.215628 0.503017 1.112194
v 0.215684 0.499059 1.120789
v 0.215770 0.492662 1.127726
v 0.215879 0.484453 1.132329
v 0.216000 0.475235 1.134144
v 0.232239 0.384551 -1.409440
v 0.231199 0.393826 -1.408290
v 0.230260 0.402299 -1.404288
v 0.229516 0.409143 -1.397827
v 0.229037 0.413685 -1.389538
v 0.228873 0.415483 -1.380234
v 0.228873 0.504870 1.102758
v 0.229037 0.503747 1.112168
v 0.229516 0.499812 1.120762
v 0.230260 0.493451 1.127698
v 0.231199 0.485287 1.132299
v 0.232239 0.476119 1.134112
v 0.247412 0.387156 -1.409533
v 0.245274 0.396242 -1.408377
v 0.243344 0.404546 -1.404369
v 0.241813 0.411254 -1.397903
v 0.240830 0.415710 -1.389611
v 0.240492 0.417477 -1.380305
v 0.240492 0.506865 1.102686
v 0.240830 0.505771 1.112095
v 0.241813 0.501923 1.120685
v 0.243344 0.495697 1.127617
v 0.245274 0.487703 1.132212
v 0.247412 0.478723 1.134019
v 0.261453 0.391412 -1.409687
v 0.258174 0.400153 -1.408517
v 0.255216 0.408144 -1.404499
v 0.252868 0.414605 -1.398023
v 0.251361 0.418902 -1.389726
v 0.250841 0.420615 -1.380418
v 0.250841 0.510002 1.102573
v 0.251361 0.508963 1.111980
v 0.252868 0.505274 1.120565
v 0.255216 0.499296 1.127488
v 0.258174 0.491614 1.132071
v 0.261453 0.482980 1.133865
v 0.274296 0.397251 -1.409897
v 0.269870 0.405470 -1.408709
v 0.265877 0.412991 -1.404673
v 0.262708 0.419078 -1.398185
v 0.260673 0.423136 -1.389878
v 0.259972 0.424766 -1.380568
v 0.259972 0.514154 1.102424
v 0.260673 0.513197 1.111827
v 0.262708 0.509748 1.120404
v 0.265877 0.504143 1.127313
v 0.269870 0.496931 1.131879
v 0.274296 0.488819 1.133655
v 0.285876 0.404603 -1.410161
v 0.280342 0.412119 -1.408948
v 0.275350 0.419006 -1.404890
v 0.271388 0.424589 -1.398383
v 0.268844 0.428324 -1.390065
v 0.267968 0.429842 -1.380751
v 0.267968 0.519230 1.102241
v 0.268844 0.518385 1.111641
v 0.271388 0.515259 1.120205
v 0.275350 0.510157 1.127097
v 0.280342 0.503580 1.131640
v 0.285876 0.496170 1.133391
v 0.296125 0.413398 -1.410478
v 0.289574 0.420041 -1.409233
v 0.283664 0.426140 -1.405146
v 0.278974 0.431099 -1.398617
v 0.275963 0.434432 -1.390285
v 0.274925 0.435812 -1.380965
v 0.274925 0.525200 1.102026
v 0.275963 0.524493 1.111421
v 0.278974 0.521768 1.119971
v 0.283664 0.517292 1.126840
v 0.289574 0.511502 1.131355
v 0.296125 0.504966 1.133074
v 0.304979 0.423567 -1.410844
v 0.297546 0.429197 -1.409563
v 0.290841 0.434383 -1.405443
v 0.285519 0.438617 -1.398888
v 0.282103 0.441484 -1.390539
v 0.280925 0.442705 -1.381214
v 0.280925 0.532092 1.101778
v 0.282103 0.531546 1.111167
v 0.285519 0.529286 1.119700
v 0.290841 0.525535 1.126543
v 0.297546 0.520659 1.131025
v 0.304979 0.515135 1.132708
v 0.312370 0.435041 -1.411257
v 0.304224 0.439564 -1.409936
v 0.296875 0.443750 -1.405780
v 0.291042 0.447191 -1.399197
v 0.287298 0.449549 -1.390829
v 0.286008 0.450593 -1.381498
v 0.286008 0.539981 1.101494
v 0.287298 0.539610 1.110877
v 0.291042 0.537860 1.119392
v 0.296875 0.534901 1.126206
v 0.304224 0.531025 1.130652
v 0.312370 0.526609 1.132295
v 0.318234 0.447751 -1.411715
v 0.309556 0.451120 -1.410352
v 0.301727 0.454266 -1.406159
v 0.295514 0.456882 -1.399545
v 0.291525 0.458710 -1.391159
v 0.290150 0.459572 -1.381821
v 0.290150 0.548960 1.101171
v 0.291525 0.548771 1.110547
v 0.295514 0.547551 1.119043
v 0.301727 0.545418 1.125827
v 0.309556 0.542581 1.130236
v 0.318234 0.539318 1.131837
v 0.322505 0.461626 -1.412214
v 0.313472 0.463845 -1.410810
v 0.305324 0.465953 -1.406580
v 0.298857 0.467744 -1.399937
v 0.294705 0.469044 -1.391531
v 0.293274 0.469724 -1.382186
v 0.293274 0.559111 1.100805
v 0.294705 0.559105 1.110175
v 0.298857 0.558414 1.118652
v 0.305324 0.557105 1.125407
v 0.313472 0.555306 1.129778
v 0.322505 0.553194 1.131338
v 0.325115 0.476598 -1.412753
v 0.315889 0.477705 -1.411309
v 0.307566 0.478811 -1.407043
v 0.300960 0.479807 -1.400371
v 0.296719 0.480596 -1.391947
v 0.295258 0.481100 -1.382596
v 0.295258 0.570488 1.100396
v 0.296719 0.570657 1.109759
v 0.300960 0.570477 1.118217
v 0.307566 0.569963 1.124944
v 0.315889 0.569167 1.129279
v 0.325115 0.568165 1.130799
v 0.326000 0.492596 -1.413329
v 0.316714 0.492618 -1.411846
v 0.308336 0.492744 -1.407544
v 0.301688 0.492962 -1.400844
v 0.297419 0.493252 -1.392403
v 0.295949 0.493583 -1.383045
v 0.295949 0.582971 1.099946
v 0.297419 0.583313 1.109303
v 0.301688 0.583632 1.117744
v 0.308336 0.583896 1.124442
v 0.316714 0.584079 1.128742
v 0.326000 0.584164 1.130223
v 0.324980 0.508999 -1.413920
v 0.315765 0.507871 -1.412395
v 0.307452 0.506960 -1.408056
v 0.300855 0.506356 -1.401327
v 0.296619 0.506117 -1.392866
v 0.295160 0.506266 -1.383502
v 0.295160 0.595654 1.099490
v 0.296619 0.596178 1.108840
v 0.300855 0.597025 1.117262
v 0.307452 0.598112 1.123930
v 0.315765 0.599332 1.128193
v 0.324980 0.600567 1.129632
v 0.321921 0.524631 -1.414483
v 0.312948 0.522270 -1.412914
v 0.304853 0.520246 -1.408534
v 0.298428 0.518759 -1.401773
v 0.294303 0.517952 -1.393292
v 0.292882 0.517907 -1.383921
v 0.292882 0.607295 1.099071
v 0.294303 0.608014 1.108414
v 0.298428 0.609428 1.116815
v 0.304853 0.611398 1.123452
v 0.312948 0.613731 1.127675
v 0.321921 0.616199 1.129070
v 0.316828 0.539347 -1.415012
v 0.308291 0.535725 -1.413398
v 0.300590 0.532564 -1.408978
v 0.294478 0.530173 -1.402184
v 0.290553 0.528787 -1.393682
v 0.289201 0.528542 -1.384304
v 0.289201 0.617930 1.098688
v 0.290553 0.618849 1.108024
v 0.294478 0.620842 1.116404
v 0.300590 0.623715 1.123009
v 0.308291 0.627186 1.127190
v 0.316828 0.630915 1.128540
v 0.309704 0.553002 -1.415504
v 0.301812 0.548142 -1.413845
v 0.294693 0.543864 -1.409384
v 0.289044 0.540588 -1.402559
v 0.285416 0.538633 -1.394036
v 0.284167 0.538192 -1.384651
v 0.284167 0.627579 1.098340
v 0.285416 0.628694 1.107670
v 0.289044 0.631257 1.116030
v 0.294693 0.635016 1.122602
v 0.301812 0.639603 1.126743
v 0.309704 0.644570 1.128048
v 0.300552 0.565449 -1.415952
v 0.293508 0.559436 -1.414252
v 0.287153 0.554119 -1.409754
v 0.282110 0.550017 -1.402898
v 0.278872 0.547533 -1.394357
v 0.277757 0.546909 -1.384965
v 0.277757 0.636296 1.098027
v 0.278872 0.637594 1.107349
v 0.282110 0.640686 1.115690
v 0.287153 0.645270 1.122233
v 0.293508 0.650897 1.126337
v 0.300552 0.657017 1.127600
v 0.289375 0.576542 -1.416351
v 0.283347 0.569522 -1.414615
v 0.277908 0.563295 -1.410084
v 0.273592 0.558472 -1.403203
v 0.270821 0.555524 -1.394644
v 0.269866 0.554741 -1.385247
v 0.269866 0.644128 1.097745
v 0.270821 0.645586 1.107062
v 0.273592 0.649141 1.115386
v 0.277908 0.654446 1.121902
v 0.283347 0.660983 1.125973
v 0.289375 0.668110 1.127201
v 0.276178 0.586137 -1.416697
v 0.271277 0.578296 -1.414931
v 0.266855 0.571330 -1.410373
v 0.263347 0.565920 -1.403471
v 0.261094 0.562596 -1.394899
v 0.260318 0.561682 -1.385497
v 0.260318 0.651070 1.097495
v 0.261094 0.652657 1.106807
v 0.263347 0.656589 1.115117
v 0.266855 0.662482 1.121613
v 0.271277 0.669758 1.125658
v 0.276178 0.677704 1.126855
v 0.260963 0.594086 -1.416983
v 0.257236 0.585633 -1.415195
v 0.253874 0.578113 -1.410617
v 0.251206 0.572264 -1.403699
v 0.249493 0.568657 -1.395117
v 0.248903 0.567647 -1.385712
v 0.248903 0.657034 1.097280
v 0.249493 0.658719 1.106589
v 0.251206 0.662933 1.114889
v 0.253874 0.669264 1.121369
v 0.257236 0.677094 1.125394
v 0.260963 0.685654 1.126569
v 0.243734 0.600245 -1.417205
v 0.241168 0.591377 -1.415401
v 0.238853 0.583483 -1.410811
v 0.237016 0.577336 -1.403882
v 0.235837 0.573539 -1.395293
v 0.235430 0.572463 -1.385885
v 0.235430 0.661851 1.097107
v 0.235837 0.663601 1.106413
v 0.237016 0.668006 1.114707
v 0.238853 0.674634 1.121176
v 0.241168 0.682838 1.125187
v 0.243734 0.691813 1.126348
v 0.224495 0.604468 -1.417357
v 0.223031 0.595358 -1.415545
v 0.221710 0.587246 -1.410946
v 0.220662 0.580926 -1.404011
v 0.219989 0.577018 -1.395418
v 0.219757 0.575903 -1.386009
v 0.219757 0.665291 1.096983
v 0.219989 0.667079 1.106288
v 0.220662 0.671596 1.114577
v 0.221710 0.678397 1.121040
v 0.223031 0.686819 1.125043
v 0.224495 0.696036 1.126195
v 0.203249 0.606609 -1.417434
v 0.202800 0.597397 -1.415618
v 0.202395 0.589192 -1.411016
v 0.202074 0.582799 -1.404078
v 0.201868 0.578844 -1.395484
v 0.201797 0.577713 -1.386074
v 0.201797 0.667101 1.096918
v 0.201868 0.668905 1.106222
v 0.202074 0.673469 1.114510
v 0.202395 0.680344 1.120970
v 0.202800 0.688858 1.124970
v 0.203249 0.698177 1.126118
v 0.180000 0.606523 -1.417431
v 0.170730 0.597277 -1.415614
v 0.162366 0.589043 -1.411011
v 0.155729 0.582626 -1.404072
v 0.151468 0.578656 -1.395477
v 0.150000 0.577520 -1.386067
v 0.150000 0.666908 1.096925
v 0.151468 0.668717 1.106229
v 0.155729 0.673296 1.114516
v 0.162366 0.680194 1.120975
v 0.170730 0.688738 1.124974
v 0.180000 0.698091 1.126122
v 0.180000 0.696464 -1.420668
v 0.170730 0.705460 -1.419508
v 0.162366 0.713681 -1.415498
v 0.155730 0.720324 -1.409029
v 0.151468 0.724739 -1.400736
v 0.150000 0.726492 -1.391430
v 0.150000 0.815879 1.091562
v 0.151468 0.814800 1.100970
v 0.155730 0.810994 1.109559
v 0.162366 0.804833 1.116488
v 0.170730 0.796921 1.121080
v 0.180000 0.788032 1.122884
v 0.201563 0.697228 -1.420696
v 0.200868 0.706527 -1.419547
v 0.200241 0.715022 -1.415546
v 0.199744 0.721883 -1.409086
v 0.199424 0.726436 -1.400797
v 0.199314 0.728238 -1.391493
v 0.199314 0.817625 1.091499
v 0.199424 0.816498 1.100909
v 0.199744 0.812552 1.109503
v 0.200241 0.806174 1.116440
v 0.200868 0.797988 1.121041
v 0.201563 0.788796 1.122856
v 0.221250 0.699490 -1.420777
v 0.219769 0.708699 -1.419625
v 0.218433 0.717113 -1.415621
v 0.217373 0.723909 -1.409158
v 0.216693 0.728421 -1.400869
v 0.216458 0.730208 -1.391564
v 0.216458 0.819596 1.091428
v 0.216693 0.818482 1.100837
v 0.217373 0.814578 1.109430
v 0.218433 0.808265 1.116365
v 0.219769 0.800160 1.120963
v 0.221250 0.791058 1.122775
v 0.239063 0.703210 -1.420911
v 0.236685 0.712232 -1.419752
v 0.234541 0.720477 -1.415743
v 0.232839 0.727138 -1.409275
v 0.231746 0.731565 -1.400982
v 0.231370 0.733322 -1.391676
v 0.231370 0.822710 1.091316
v 0.231746 0.821626 1.100724
v 0.232839 0.817808 1.109314
v 0.234541 0.811628 1.116244
v 0.236685 0.803693 1.120836
v 0.239063 0.794778 1.122641
v 0.255000 0.708346 -1.421096
v 0.251617 0.717043 -1.419925
v 0.248565 0.724996 -1.415905
v 0.246143 0.731425 -1.409429
v 0.244587 0.735702 -1.401131
v 0.244052 0.737408 -1.391823
v 0.244052 0.826796 1.091169
v 0.244587 0.825764 1.100575
v 0.246143 0.822095 1.109159
v 0.248565 0.816147 1.116081
v 0.251617 0.808504 1.120663
v 0.255000 0.799914 1.122456
v 0.269063 0.714855 -1.421331
v 0.264584 0.723045 -1.420142
v 0.260543 0.730541 -1.416105
v 0.257336 0.736607 -1.409616
v 0.255278 0.740651 -1.401309
v 0.254568 0.742277 -1.391998
v 0.254568 0.831664 1.090993
v 0.255278 0.830712 1.100397
v 0.257336 0.827276 1.108973
v 0.260543 0.821692 1.115881
v 0.264584 0.814507 1.120447
v 0.269063 0.806423 1.122222
v 0.281250 0.722697 -1.421613
v 0.275634 0.730156 -1.420398
v 0.270567 0.736991 -1.416337
v 0.266546 0.742533 -1.409829
v 0.263964 0.746241 -1.401510
v 0.263075 0.747750 -1.392195
v 0.263075 0.837138 1.090796
v 0.263964 0.836302 1.100196
v 0.266546 0.833202 1.108759
v 0.270567 0.828142 1.115649
v 0.275634 0.821617 1.120191
v 0.281250 0.814265 1.121939
v 0.291563 0.731830 -1.421942
v 0.284845 0.738314 -1.420691
v 0.278786 0.744269 -1.416599
v 0.273977 0.749114 -1.410066
v 0.270889 0.752373 -1.401731
v 0.269825 0.753729 -1.392410
v 0.269825 0.843116 1.090581
v 0.270889 0.842435 1.099975
v 0.273977 0.839783 1.108523
v 0.278786 0.835421 1.115387
v 0.284845 0.829775 1.119897
v 0.291563 0.823398 1.121610
v 0.300000 0.742213 -1.422315
v 0.292314 0.747504 -1.421022
v 0.285381 0.752384 -1.416891
v 0.279878 0.756376 -1.410327
v 0.276346 0.759087 -1.401973
v 0.275128 0.760254 -1.392645
v 0.275128 0.849642 1.090346
v 0.276346 0.849149 1.099733
v 0.279878 0.847045 1.108261
v 0.285381 0.843536 1.115095
v 0.292314 0.838965 1.119566
v 0.300000 0.833781 1.121237
v 0.306563 0.753802 -1.422733
v 0.298121 0.757760 -1.421391
v 0.290506 0.761436 -1.417217
v 0.284463 0.764473 -1.410619
v 0.280583 0.766571 -1.402242
v 0.279246 0.767526 -1.392907
v 0.279246 0.856914 1.090084
v 0.280583 0.856633 1.099464
v 0.284463 0.855142 1.107970
v 0.290506 0.852588 1.114769
v 0.298121 0.849221 1.119197
v 0.306563 0.845370 1.120819
v 0.311250 0.766558 -1.423192
v 0.302304 0.769142 -1.421801
v 0.294234 0.771580 -1.417582
v 0.287830 0.773633 -1.410949
v 0.283718 0.775100 -1.402549
v 0.282301 0.775838 -1.393206
v 0.282301 0.865226 1.089785
v 0.283718 0.865162 1.099157
v 0.287830 0.864302 1.107640
v 0.294234 0.862732 1.114404
v 0.302304 0.860603 1.118787
v 0.311250 0.858126 1.120360
v 0.314063 0.780438 -1.423692
v 0.304850 0.781706 -1.422253
v 0.296539 0.782956 -1.417992
v 0.289944 0.784067 -1.411324
v 0.285709 0.784929 -1.402903
v 0.284250 0.785458 -1.393553
v 0.284250 0.874846 1.089439
v 0.285709 0.874991 1.098803
v 0.289944 0.874736 1.107264
v 0.296539 0.874108 1.113994
v 0.304850 0.873167 1.118335
v 0.314063 0.872006 1.119861
v 0.315000 0.795400 -1.424230
v 0.305712 0.795456 -1.422748
v 0.297332 0.795613 -1.418447
v 0.290682 0.795856 -1.411749
v 0.286413 0.796161 -1.403307
v 0.284942 0.796498 -1.393950
v 0.284942 0.885886 1.089041
v 0.286413 0.886222 1.098399
v 0.290682 0.886525 1.106840
v 0.297332 0.886764 1.113539
v 0.305712 0.886917 1.117840
v 0.315000 0.886968 1.119322
v 0.314053 0.810632 -1.424779
v 0.304839 0.809498 -1.423254
v 0.296526 0.808582 -1.418914
v 0.289929 0.807973 -1.412185
v 0.285694 0.807731 -1.403724
v 0.284234 0.807880 -1.394360
v 0.284234 0.897267 1.088632
v 0.285694 0.897792 1.097982
v 0.289929 0.898642 1.106404
v 0.296526 0.899733 1.113072
v 0.304839 0.900959 1.117334
v 0.314053 0.902200 1.118774
v 0.311259 0.824812 -1.425289
v 0.302291 0.822430 -1.423719
v 0.294200 0.820388 -1.419339
v 0.287779 0.818886 -1.412578
v 0.283656 0.818071 -1.404096
v 0.282236 0.818022 -1.394725
v 0.282236 0.907410 1.088266
v 0.283656 0.908132 1.097610
v 0.287779 0.909555 1.106011
v 0.294200 0.911540 1.112647
v 0.302291 0.913891 1.116869
v 0.311259 0.916380 1.118263
v 0.306688 0.837888 -1.425760
v 0.298163 0.834236 -1.424144
v 0.290473 0.831047 -1.419723
v 0.284371 0.828635 -1.412929
v 0.280452 0.827235 -1.404426
v 0.279102 0.826985 -1.395048
v 0.279102 0.916373 1.087944
v 0.280452 0.917297 1.097280
v 0.284371 0.919304 1.105660
v 0.290473 0.922199 1.112263
v 0.298163 0.925697 1.116444
v 0.306688 0.929456 1.117792
v 0.300407 0.849810 -1.426189
v 0.292532 0.844924 -1.424529
v 0.285428 0.840624 -1.420068
v 0.279790 0.837330 -1.413242
v 0.276170 0.835363 -1.404719
v 0.274923 0.834918 -1.395333
v 0.274923 0.924306 1.087658
v 0.276170 0.925425 1.096987
v 0.279790 0.927999 1.105347
v 0.285428 0.931776 1.111918
v 0.292532 0.936385 1.116059
v 0.300407 0.941377 1.117363
v 0.292488 0.860523 -1.426575
v 0.285448 0.854509 -1.424874
v 0.279096 0.849191 -1.420376
v 0.274055 0.845089 -1.413521
v 0.270819 0.842604 -1.404979
v 0.269703 0.841980 -1.395587
v 0.269703 0.931368 1.087404
v 0.270819 0.932665 1.096727
v 0.274055 0.935758 1.105067
v 0.279096 0.940343 1.111610
v 0.285448 0.945971 1.115714
v 0.292488 0.952091 1.116978
v 0.283000 0.869977 -1.426915
v 0.276934 0.862992 -1.425180
v 0.271462 0.856797 -1.420650
v 0.267120 0.851999 -1.413770
v 0.264332 0.849067 -1.405212
v 0.263371 0.848289 -1.395815
v 0.263371 0.937677 1.087177
v 0.264332 0.939129 1.096494
v 0.267120 0.942668 1.104819
v 0.271462 0.947948 1.111336
v 0.276934 0.954453 1.115409
v 0.283000 0.961545 1.116637
v 0.272012 0.878119 -1.427208
v 0.267005 0.870349 -1.425444
v 0.262489 0.863446 -1.420889
v 0.258904 0.858086 -1.413989
v 0.256603 0.854794 -1.405418
v 0.255810 0.853892 -1.396016
v 0.255810 0.943279 1.086975
v 0.256603 0.944855 1.096288
v 0.258904 0.948755 1.104599
v 0.262489 0.954598 1.111097
v 0.267005 0.961810 1.115144
v 0.272012 0.969687 1.116344
v 0.259593 0.884898 -1.427452
v 0.255673 0.876535 -1.425667
v 0.252136 0.869097 -1.421093
v 0.249330 0.863312 -1.414177
v 0.247528 0.859748 -1.405596
v 0.246907 0.858751 -1.396191
v 0.246907 0.948139 1.086800
v 0.247528 0.949809 1.096109
v 0.249330 0.953982 1.104411
v 0.252136 0.960248 1.110893
v 0.255673 0.967996 1.114921
v 0.259593 0.976466 1.116100
v 0.245813 0.890261 -1.427645
v 0.242960 0.881482 -1.425845
v 0.240387 0.873669 -1.421257
v 0.238345 0.867587 -1.414331
v 0.237033 0.863832 -1.405743
v 0.236582 0.862770 -1.396336
v 0.236582 0.952157 1.086655
v 0.237033 0.953893 1.095962
v 0.238345 0.958257 1.104257
v 0.240387 0.964821 1.110729
v 0.242960 0.972943 1.114743
v 0.245813 0.981829 1.115907
v 0.230741 0.894156 -1.427785
v 0.228906 0.885114 -1.425976
v 0.227251 0.877064 -1.421380
v 0.225937 0.870794 -1.414446
v 0.225093 0.866917 -1.405855
v 0.224803 0.865814 -1.396446
v 0.224803 0.955201 1.086546
v 0.225093 0.956979 1.095851
v 0.225937 0.961463 1.104142
v 0.227251 0.968216 1.110607
v 0.228906 0.976575 1.114612
v 0.230741 0.985724 1.115767
v 0.214447 0.896531 -1.427871
v 0.213562 0.887351 -1.426057
v 0.212764 0.879176 -1.421456
v 0.212131 0.872806 -1.414519
v 0.211724 0.868866 -1.405925
v 0.211584 0.867741 -1.396515
v 0.211584 0.957128 1.086477
v 0.211724 0.958928 1.095781
v 0.212131 0.963476 1.104070
v 0.212764 0.970327 1.110530
v 0.213562 0.978812 1.114532
v 0.214447 0.988099 1.115681
v 0.197000 0.897334 -1.427900
v 0.196872 0.888119 -1.426084
v 0.196757 0.879913 -1.421482
v 0.196666 0.873519 -1.414544
v 0.196607 0.869562 -1.405950
v 0.196587 0.868431 -1.396540
v 0.196587 0.957819 1.086452
v 0.196607 0.959624 1.095756
v 0.196666 0.964188 1.104044
v 0.196757 0.971064 1.110504
v 0.196872 0.979580 1.114504
v 0.197000 0.988902 1.115652
v 0.187843 0.897165 -1.427894
v 0.188195 0.887959 -1.426078
v 0.188514 0.879760 -1.421477
v 0.188766 0.873372 -1.414539
v 0.188929 0.869420 -1.405945
v 0.188985 0.868290 -1.396535
v 0.188985 0.957678 1.086457
v 0.188929 0.959482 1.095761
v 0.188766 0.964042 1.104049
v 0.188514 0.970912 1.110510
v 0.188195 0.979420 1.114510
v 0.187843 0.988733 1.115658
v 0.178824 0.896645 -1.427875
v 0.179549 0.887460 -1.426060
v 0.180203 0.879281 -1.421459
v 0.180722 0.872909 -1.414522
v 0.181056 0.868966 -1.405928
v 0.181171 0.867840 -1.396518
v 0.181171 0.957228 1.086473
v 0.181056 0.959028 1.095778
v 0.180722 0.963578 1.104066
v 0.180203 0.970433 1.110527
v 0.179549 0.978921 1.114528
v 0.178824 0.988213 1.115677
v 0.169875 0.895757 -1.427843
v 0.170987 0.886611 -1.426030
v 0.171989 0.878466 -1.421430
v 0.172785 0.872121 -1.414494
v 0.173296 0.868196 -1.405901
v 0.173472 0.867076 -1.396491
v 0.173472 0.956464 1.086501
v 0.173296 0.958258 1.095805
v 0.172785 0.962790 1.104094
v 0.171989 0.969618 1.110556
v 0.170987 0.978072 1.114558
v 0.169875 0.987325 1.115709
v 0.160926 0.894484 -1.427797
v 0.162427 0.885393 -1.425986
v 0.163781 0.877299 -1.421388
v 0.164856 0.870993 -1.414454
v 0.165546 0.867094 -1.405861
v 0.165783 0.865983 -1.396452
v 0.165783 0.955370 1.086540
v 0.165546 0.957156 1.095845
v 0.164856 0.961663 1.104135
v 0.163781 0.968450 1.110598
v 0.162427 0.976854 1.114602
v 0.160926 0.986052 1.115755
v 0.151907 0.892809 -1.427737
v 0.153790 0.883789 -1.425928
v 0.155488 0.875758 -1.421333
v 0.156836 0.869503 -1.414400
v 0.157701 0.865637 -1.405808
v 0.157999 0.864536 -1.396399
v 0.157999 0.953924 1.086592
v 0.157701 0.955698 1.095897
v 0.156836 0.960173 1.104188
v 0.155488 0.966910 1.110654
v 0.153790 0.975250 1.114660
v 0.151907 0.984377 1.115815
v 0.142750 0.890714 -1.427662
v 0.144996 0.881777 -1.425856
v 0.147022 0.873821 -1.421263
v 0.148630 0.867626 -1.414332
v 0.149663 0.863797 -1.405742
v 0.150018 0.862710 -1.396334
v 0.150018 0.952098 1.086658
v 0.149663 0.953859 1.095964
v 0.148630 0.958295 1.104256
v 0.147022 0.964973 1.110723
v 0.144996 0.973238 1.114732
v 0.142750 0.982282 1.115891
v 0.133384 0.888181 -1.427570
v 0.135968 0.879335 -1.425768
v 0.138299 0.871462 -1.421178
v 0.140149 0.865333 -1.414250
v 0.141336 0.861546 -1.405661
v 0.141746 0.860473 -1.396253
v 0.141746 0.949861 1.086738
v 0.141336 0.951607 1.096045
v 0.140149 0.956002 1.104339
v 0.138299 0.962614 1.110808
v 0.135968 0.970797 1.114820
v 0.133384 0.979749 1.115982
v 0.123741 0.885194 -1.427463
v 0.126631 0.876443 -1.425664
v 0.129239 0.868656 -1.421077
v 0.131308 0.862594 -1.414151
v 0.132637 0.858851 -1.405564
v 0.133094 0.857794 -1.396157
v 0.133094 0.947182 1.086835
v 0.132637 0.948913 1.096142
v 0.131308 0.953263 1.104437
v 0.129239 0.959808 1.110909
v 0.126631 0.967905 1.114924
v 0.123741 0.976762 1.116089
v 0.113750 0.881735 -1.427338
v 0.116913 0.873079 -1.425543
v 0.119767 0.865377 -1.420959
v 0.122031 0.859382 -1.414035
v 0.123485 0.855683 -1.405450
v 0.123986 0.854640 -1.396043
v 0.123986 0.944028 1.086948
v 0.123485 0.945744 1.096256
v 0.122031 0.950052 1.104553
v 0.119767 0.956528 1.111027
v 0.116913 0.964540 1.115045
v 0.113750 0.973303 1.116214
v 0.103343 0.877787 -1.427196
v 0.106744 0.869221 -1.425404
v 0.109812 0.861600 -1.420823
v 0.112247 0.855671 -1.413902
v 0.113810 0.852013 -1.405318
v 0.114349 0.850984 -1.395912
v 0.114349 0.940372 1.087080
v 0.113810 0.942074 1.096388
v 0.112247 0.946340 1.104686
v 0.109812 0.952752 1.111163
v 0.106744 0.960682 1.115184
v 0.103343 0.969355 1.116356
v 0.092449 0.873332 -1.427036
v 0.096055 0.864850 -1.425246
v 0.099307 0.857304 -1.420668
v 0.101888 0.851434 -1.413749
v 0.103546 0.847815 -1.405167
v 0.104117 0.846800 -1.395761
v 0.104117 0.936187 1.087230
v 0.103546 0.937876 1.096539
v 0.101888 0.942104 1.104839
v 0.099307 0.948456 1.111318
v 0.096055 0.956311 1.115342
v 0.092449 0.964900 1.116516
v 0.081000 0.868353 -1.426857
v 0.071729 0.854271 -1.424866
v 0.063366 0.841675 -1.420106
v 0.056729 0.831796 -1.413042
v 0.052468 0.825603 -1.404367
v 0.051000 0.823701 -1.394929
v 0.051000 0.913089 1.088062
v 0.052468 0.915664 1.097339
v 0.056729 0.922465 1.105546
v 0.063366 0.932826 1.111881
v 0.071729 0.945733 1.115723
v 0.081000 0.959921 1.116696
v 0.081000 0.961293 -1.430202
v 0.071729 0.967244 -1.428933
v 0.063366 0.972720 -1.424823
v 0.056729 0.977183 -1.418276
v 0.052468 0.980198 -1.409933
v 0.051000 0.981469 -1.400609
v 0.051000 1.070857 1.082382
v 0.052468 1.070260 1.091773
v 0.056729 1.067853 1.100312
v 0.063366 1.063871 1.107163
v 0.071729 1.058705 1.111655
v 0.081000 1.052861 1.113350
v 0.658000 0.645497 -1.418834
v 0.667270 0.654815 -1.417685
v 0.675634 0.663328 -1.413685
v 0.682271 0.670202 -1.407225
v 0.686532 0.674764 -1.398937
v 0.688000 0.676568 -1.389633
v 0.688000 0.765956 1.093359
v 0.686532 0.764825 1.102769
v 0.682271 0.760871 1.111363
v 0.675634 0.754479 1.118301
v 0.667270 0.746276 1.122903
v 0.658000 0.737065 1.124718
v 0.660000 0.645497 -1.418834
v 0.654734 0.654815 -1.417685
v 0.649984 0.663328 -1.413685
v 0.646214 0.670202 -1.407225
v 0.643793 0.674764 -1.398937
v 0.642959 0.676568 -1.389633
v 0.642959 0.765956 1.093359
v 0.643793 0.764825 1.102769
v 0.646214 0.760871 1.111363
v 0.649984 0.754479 1.118301
v 0.654734 0.746276 1.122903
v 0.660000 0.737065 1.124718
v 0.671209 0.664284 -1.419510
v 0.663351 0.669257 -1.418205
v 0.656262 0.673850 -1.414064
v 0.650636 0.677613 -1.407492
v 0.647024 0.680178 -1.399132
v 0.645779 0.681294 -1.389803
v 0.645779 0.770682 1.093189
v 0.647024 0.770239 1.102574
v 0.650636 0.768282 1.111097
v 0.656262 0.765001 1.117922
v 0.663351 0.760718 1.122383
v 0.671209 0.755852 1.124042
v 0.682338 0.681201 -1.420119
v 0.674720 0.686538 -1.418827
v 0.667847 0.691460 -1.414698
v 0.662393 0.695484 -1.408135
v 0.658891 0.698217 -1.399781
v 0.657684 0.699390 -1.390454
v 0.657684 0.788778 1.092537
v 0.658891 0.788278 1.101925
v 0.662393 0.786153 1.110453
v 0.667847 0.782612 1.117288
v 0.674720 0.778000 1.121761
v 0.682338 0.772769 1.123433
v 0.693391 0.696293 -1.420662
v 0.686067 0.702033 -1.419385
v 0.679461 0.707318 -1.415269
v 0.674218 0.711631 -1.408716
v 0.670852 0.714549 -1.400369
v 0.669692 0.715786 -1.391044
v 0.669692 0.805174 1.091947
v 0.670852 0.804610 1.101337
v 0.674218 0.802300 1.109872
v 0.679461 0.798470 1.116717
v 0.686067 0.793494 1.121203
v 0.693391 0.787861 1.122890
v 0.704370 0.709604 -1.421142
v 0.697412 0.715786 -1.419880
v 0.691134 0.721470 -1.415778
v 0.686153 0.726099 -1.409237
v 0.682954 0.729221 -1.400898
v 0.681852 0.730528 -1.391575
v 0.681852 0.819916 1.091416
v 0.682954 0.819282 1.100808
v 0.686153 0.816769 1.109351
v 0.691134 0.812622 1.116208
v 0.697412 0.807248 1.120708
v 0.704370 0.801172 1.122411
v 0.715281 0.721180 -1.421558
v 0.708773 0.727841 -1.420314
v 0.702903 0.733957 -1.416228
v 0.698244 0.738929 -1.409699
v 0.695252 0.742270 -1.401367
v 0.694222 0.743653 -1.392048
v 0.694222 0.833041 1.090944
v 0.695252 0.832331 1.100339
v 0.698244 0.829598 1.108889
v 0.702903 0.825109 1.115758
v 0.708773 0.819303 1.120274
v 0.715281 0.812748 1.121994
v 0.726125 0.731067 -1.421914
v 0.720174 0.738235 -1.420688
v 0.714805 0.744808 -1.416618
v 0.710544 0.750143 -1.410103
v 0.707809 0.753717 -1.401779
v 0.706866 0.755181 -1.392463
v 0.706866 0.844569 1.090529
v 0.707809 0.843779 1.099926
v 0.710544 0.840812 1.108485
v 0.714805 0.835960 1.115368
v 0.720174 0.829696 1.119900
v 0.726125 0.822635 1.121638
v 0.736907 0.739309 -1.422211
v 0.731636 0.746997 -1.421004
v 0.726881 0.754039 -1.416951
v 0.723108 0.759747 -1.410449
v 0.720685 0.763560 -1.402134
v 0.719850 0.765106 -1.392820
v 0.719850 0.854494 1.090171
v 0.720685 0.853621 1.099572
v 0.723108 0.850416 1.108140
v 0.726881 0.845191 1.115035
v 0.731636 0.838458 1.119584
v 0.736907 0.830877 1.121341
v 0.747630 0.745951 -1.422450
v 0.743178 0.754147 -1.421261
v 0.739162 0.761647 -1.417225
v 0.735975 0.767717 -1.410735
v 0.733928 0.771763 -1.402429
v 0.733223 0.773390 -1.393118
v 0.733223 0.862778 1.089873
v 0.733928 0.861825 1.099277
v 0.735975 0.858386 1.107853
v 0.739162 0.852798 1.114762
v 0.743178 0.845608 1.119327
v 0.747630 0.837519 1.121102
v 0.758297 0.751038 -1.422633
v 0.754806 0.759693 -1.421461
v 0.751658 0.767606 -1.417439
v 0.749159 0.774005 -1.410962
v 0.747554 0.778262 -1.402663
v 0.747002 0.779961 -1.393355
v 0.747002 0.869349 1.089637
v 0.747554 0.868324 1.099043
v 0.749159 0.864674 1.107626
v 0.751658 0.858758 1.114547
v 0.754806 0.851154 1.119127
v 0.758297 0.842606 1.120919
v 0.768912 0.754617 -1.422762
v 0.766511 0.763638 -1.421603
v 0.764345 0.771883 -1.417593
v 0.762626 0.778544 -1.411125
v 0.761522 0.782970 -1.402833
v 0.761142 0.784728 -1.393526
v 0.761142 0.874115 1.089465
v 0.761522 0.873032 1.098873
v 0.762626 0.869214 1.107463
v 0.764345 0.863034 1.114393
v 0.766511 0.855099 1.118985
v 0.768912 0.846184 1.120790
v 0.779479 0.756730 -1.422838
v 0.778258 0.765988 -1.421687
v 0.777157 0.774446 -1.417685
v 0.776283 0.781276 -1.411224
v 0.775722 0.785811 -1.402935
v 0.775529 0.787606 -1.393630
v 0.775529 0.876993 1.089361
v 0.775722 0.875872 1.098771
v 0.776283 0.871946 1.107365
v 0.777157 0.865597 1.114301
v 0.778258 0.857449 1.118901
v 0.779479 0.848298 1.120714
v 0.790000 0.757425 -1.422863
v 0.789877 0.766755 -1.421715
v 0.789767 0.775278 -1.417715
v 0.789679 0.782161 -1.411255
v 0.789623 0.786729 -1.402968
v 0.789604 0.788535 -1.393664
v 0.789604 0.877923 1.089328
v 0.789623 0.876790 1.098738
v 0.789679 0.872830 1.107333
v 0.789767 0.866430 1.114271
v 0.789877 0.858216 1.118873
v 0.790000 0.848993 1.120689
v 0.798961 0.757070 -1.422850
v 0.799698 0.766366 -1.421701
v 0.800362 0.774859 -1.417700
v 0.800889 0.781717 -1.411240
v 0.801228 0.786270 -1.402951
v 0.801344 0.788070 -1.393647
v 0.801344 0.877458 1.089345
v 0.801228 0.876331 1.098755
v 0.800889 0.872387 1.107349
v 0.800362 0.866011 1.114286
v 0.799698 0.857828 1.118887
v 0.798961 0.848638 1.120702
v 0.807857 0.756005 -1.422812
v 0.809326 0.765213 -1.421660
v 0.810651 0.773626 -1.417656
v 0.811703 0.780421 -1.411193
v 0.812379 0.784933 -1.402903
v 0.812611 0.786720 -1.393598
v 0.812611 0.876108 1.089393
v 0.812379 0.874995 1.098803
v 0.811703 0.871091 1.107395
v 0.810651 0.864778 1.114330
v 0.809326 0.856674 1.118929
v 0.807857 0.847572 1.120740
v 0.816703 0.754224 -1.422748
v 0.818887 0.763288 -1.421590
v 0.820856 0.771572 -1.417582
v 0.822419 0.778265 -1.411115
v 0.823423 0.782710 -1.402823
v 0.823769 0.784474 -1.393517
v 0.823769 0.873862 1.089474
v 0.823423 0.872772 1.098883
v 0.822419 0.868934 1.107473
v 0.820856 0.862724 1.114404
v 0.818887 0.854750 1.118998
v 0.816703 0.845792 1.120804
v 0.825519 0.751725 -1.422658
v 0.828381 0.760597 -1.421493
v 0.830964 0.768707 -1.417479
v 0.833013 0.775261 -1.411007
v 0.834329 0.779619 -1.402712
v 0.834782 0.781352 -1.393405
v 0.834782 0.870740 1.089586
v 0.834329 0.869680 1.098994
v 0.833013 0.865931 1.107581
v 0.830964 0.859858 1.114507
v 0.828381 0.852058 1.119095
v 0.825519 0.843293 1.120894
v 0.834320 0.748504 -1.422542
v 0.837815 0.757145 -1.421369
v 0.840968 0.765046 -1.417347
v 0.843470 0.771435 -1.410869
v 0.845076 0.775686 -1.402570
v 0.845629 0.777383 -1.393262
v 0.845629 0.866771 1.089729
v 0.845076 0.865748 1.099136
v 0.843470 0.862104 1.107719
v 0.840968 0.856198 1.114639
v 0.837815 0.848606 1.119219
v 0.834320 0.840072 1.121010
v 0.843125 0.744558 -1.422400
v 0.847197 0.752940 -1.421218
v 0.850870 0.760609 -1.417187
v 0.853785 0.766812 -1.410703
v 0.855657 0.770944 -1.402400
v 0.856301 0.772600 -1.393090
v 0.856301 0.861988 1.089902
v 0.855657 0.861006 1.099306
v 0.853785 0.857482 1.107885
v 0.850870 0.851760 1.114799
v 0.847197 0.844401 1.119370
v 0.843125 0.836126 1.121152
v 0.851951 0.739884 -1.422232
v 0.856541 0.747991 -1.421040
v 0.860681 0.755412 -1.417000
v 0.863967 0.761419 -1.410509
v 0.866077 0.765425 -1.402201
v 0.866804 0.767038 -1.392890
v 0.866804 0.856426 1.090102
v 0.866077 0.855487 1.099505
v 0.863967 0.852089 1.108080
v 0.860681 0.846563 1.114986
v 0.856541 0.839452 1.119549
v 0.851951 0.831452 1.121320
v 0.860815 0.734477 -1.422037
v 0.865864 0.742304 -1.420835
v 0.870418 0.749472 -1.416786
v 0.874033 0.755279 -1.410288
v 0.876354 0.759157 -1.401975
v 0.877154 0.760725 -1.392662
v 0.877154 0.850112 1.090329
v 0.876354 0.849218 1.099731
v 0.874033 0.845949 1.108301
v 0.870418 0.840624 1.115200
v 0.865864 0.833766 1.119753
v 0.860815 0.826045 1.121515
v 0.869734 0.728334 -1.421816
v 0.875186 0.735885 -1.420604
v 0.880104 0.742803 -1.416546
v 0.884007 0.748411 -1.410040
v 0.886513 0.752161 -1.401723
v 0.887376 0.753685 -1.392409
v 0.887376 0.843073 1.090583
v 0.886513 0.842222 1.099983
v 0.884007 0.839080 1.108548
v 0.880104 0.833954 1.115440
v 0.875186 0.827346 1.119984
v 0.869734 0.819902 1.121736
v 0.878727 0.721453 -1.421568
v 0.884529 0.728735 -1.420346
v 0.889764 0.735410 -1.416280
v 0.893918 0.740827 -1.409768
v 0.896585 0.744453 -1.401446
v 0.897504 0.745935 -1.392130
v 0.897504 0.835323 1.090862
v 0.896585 0.834515 1.100260
v 0.893918 0.831496 1.108821
v 0.889764 0.826562 1.115706
v 0.884529 0.820196 1.120242
v 0.878727 0.813021 1.121984
v 0.887810 0.713829 -1.421294
v 0.893916 0.720856 -1.420063
v 0.899424 0.727302 -1.415988
v 0.903795 0.732535 -1.409469
v 0.906602 0.736045 -1.401143
v 0.907569 0.737486 -1.391826
v 0.907569 0.826874 1.091166
v 0.906602 0.826106 1.100563
v 0.903795 0.823205 1.109119
v 0.899424 0.818453 1.115998
v 0.893916 0.812317 1.120525
v 0.887810 0.805397 1.122259
v 0.897000 0.705459 -1.420992
v 0.908898 0.707210 -1.419571
v 0.919632 0.708897 -1.415326
v 0.928150 0.710354 -1.408670
v 0.933619 0.711438 -1.400257
v 0.935504 0.712044 -1.390910
v 0.935504 0.801432 1.092082
v 0.933619 0.801500 1.101449
v 0.928150 0.801023 1.109918
v 0.919632 0.800049 1.116661
v 0.908898 0.798671 1.121017
v 0.897000 0.797027 1.122560
v 0.850000 0.628508 -1.418222
v 0.852043 0.614124 -1.416220
v 0.853885 0.601254 -1.411451
v 0.855348 0.591159 -1.404379
v 0.856286 0.584826 -1.395699
v 0.856610 0.582876 -1.386260
v 0.856610 0.672264 1.096732
v 0.856286 0.674888 1.106007
v 0.855348 0.681828 1.114209
v 0.853885 0.692406 1.120536
v 0.852043 0.705585 1.124368
v 0.850000 0.720076 1.125330
v 0.843096 0.634832 -1.418450
v 0.836996 0.627906 -1.416716
v 0.831492 0.621764 -1.412189
v 0.827125 0.617009 -1.405310
v 0.824321 0.614105 -1.396753
v 0.823355 0.613336 -1.387356
v 0.823355 0.702724 1.095635
v 0.824321 0.704166 1.104953
v 0.827125 0.707678 1.113278
v 0.831492 0.712916 1.119797
v 0.836996 0.719367 1.123872
v 0.843096 0.726400 1.125102
v 0.835935 0.640788 -1.418664
v 0.830170 0.633583 -1.416921
v 0.824968 0.627190 -1.412384
v 0.820841 0.622235 -1.405498
v 0.818191 0.619203 -1.396937
v 0.817277 0.618390 -1.387538
v 0.817277 0.707778 1.095453
v 0.818191 0.709265 1.104769
v 0.820841 0.712905 1.113090
v 0.824968 0.718342 1.119602
v 0.830170 0.725044 1.123667
v 0.835935 0.732355 1.124888
v 0.828594 0.646341 -1.418864
v 0.823168 0.638879 -1.417112
v 0.818272 0.632255 -1.412567
v 0.814387 0.627117 -1.405674
v 0.811893 0.623967 -1.397108
v 0.811034 0.623113 -1.387708
v 0.811034 0.712501 1.095283
v 0.811893 0.714028 1.104598
v 0.814387 0.717786 1.112914
v 0.818272 0.723407 1.119420
v 0.823168 0.730341 1.123477
v 0.828594 0.737909 1.124688
v 0.821148 0.651457 -1.419048
v 0.816072 0.643755 -1.417287
v 0.811492 0.636914 -1.412734
v 0.807858 0.631603 -1.405835
v 0.805525 0.628342 -1.397266
v 0.804721 0.627451 -1.387864
v 0.804721 0.716839 1.095127
v 0.805525 0.718404 1.104440
v 0.807858 0.722272 1.112753
v 0.811492 0.728065 1.119252
v 0.816072 0.735216 1.123301
v 0.821148 0.743024 1.124504
v 0.813675 0.656101 -1.419215
v 0.808967 0.648170 -1.417446
v 0.804720 0.641122 -1.412886
v 0.801350 0.635647 -1.405981
v 0.799186 0.632281 -1.397408
v 0.798440 0.631353 -1.388005
v 0.798440 0.720741 1.094987
v 0.799186 0.722343 1.104298
v 0.801350 0.726316 1.112607
v 0.804720 0.732274 1.119100
v 0.808967 0.739631 1.123142
v 0.813675 0.747668 1.124337
v 0.806250 0.660238 -1.419364
v 0.801940 0.652085 -1.417587
v 0.798053 0.644837 -1.413020
v 0.794967 0.639204 -1.406109
v 0.792986 0.635736 -1.397532
v 0.792304 0.634773 -1.388128
v 0.792304 0.724161 1.094863
v 0.792986 0.725797 1.104174
v 0.794967 0.729873 1.112479
v 0.798053 0.735989 1.118967
v 0.801940 0.743546 1.123001
v 0.806250 0.751806 1.124188
v 0.798950 0.663834 -1.419494
v 0.795082 0.655464 -1.417709
v 0.791593 0.648020 -1.413134
v 0.788823 0.642230 -1.406218
v 0.787045 0.638662 -1.397637
v 0.786433 0.637665 -1.388232
v 0.786433 0.727053 1.094759
v 0.787045 0.728724 1.104069
v 0.788823 0.732900 1.112370
v 0.791593 0.739171 1.118852
v 0.795082 0.746925 1.122880
v 0.798950 0.755402 1.124058
v 0.791852 0.666854 -1.419603
v 0.788488 0.658269 -1.417810
v 0.785454 0.650632 -1.413228
v 0.783045 0.644689 -1.406307
v 0.781499 0.641022 -1.397722
v 0.780967 0.639991 -1.388316
v 0.780967 0.729379 1.094676
v 0.781499 0.731084 1.103984
v 0.783045 0.735358 1.112282
v 0.785454 0.741783 1.118758
v 0.788488 0.749731 1.122779
v 0.791852 0.758422 1.123950
v 0.785031 0.669263 -1.419689
v 0.782262 0.660469 -1.417889
v 0.779764 0.652641 -1.413300
v 0.777782 0.646548 -1.406373
v 0.776509 0.642785 -1.397786
v 0.776070 0.641720 -1.388378
v 0.776070 0.731108 1.094613
v 0.776509 0.732846 1.103920
v 0.777782 0.737217 1.112215
v 0.779764 0.743793 1.118686
v 0.782262 0.751930 1.122699
v 0.785031 0.760831 1.123863
v 0.778565 0.671027 -1.419753
v 0.776521 0.662035 -1.417945
v 0.774676 0.654029 -1.413350
v 0.773213 0.647794 -1.406418
v 0.772273 0.643940 -1.397827
v 0.771949 0.642844 -1.388419
v 0.771949 0.732232 1.094573
v 0.772273 0.734002 1.103878
v 0.773213 0.738464 1.112170
v 0.774676 0.745181 1.118636
v 0.776521 0.753496 1.122643
v 0.778565 0.762595 1.123799
v 0.772529 0.672111 -1.419792
v 0.771397 0.662955 -1.417978
v 0.770376 0.654801 -1.413378
v 0.769565 0.648449 -1.406442
v 0.769045 0.644520 -1.397848
v 0.768866 0.643398 -1.388439
v 0.768866 0.732786 1.094553
v 0.769045 0.734581 1.103858
v 0.769565 0.739119 1.112146
v 0.770376 0.745953 1.118608
v 0.771397 0.754416 1.122610
v 0.772529 0.763679 1.123760
v 0.767000 0.672480 -1.419805
v 0.767076 0.663243 -1.417989
v 0.767145 0.655017 -1.413386
v 0.767199 0.648607 -1.406448
v 0.767234 0.644641 -1.397853
v 0.767246 0.643506 -1.388442
v 0.767246 0.732894 1.094549
v 0.767234 0.734702 1.103853
v 0.767199 0.739276 1.112141
v 0.767145 0.746169 1.118600
v 0.767076 0.754704 1.122599
v 0.767000 0.764048 1.123747
v 0.752041 0.671236 -1.419760
v 0.753577 0.662120 -1.417948
v 0.754962 0.654004 -1.413350
v 0.756062 0.647681 -1.406414
v 0.756768 0.643770 -1.397821
v 0.757011 0.642655 -1.388412
v 0.757011 0.732043 1.094580
v 0.756768 0.733832 1.103885
v 0.756062 0.738350 1.112174
v 0.754962 0.745156 1.118637
v 0.753577 0.753582 1.122640
v 0.752041 0.762804 1.123792
v 0.737745 0.667608 -1.419630
v 0.740750 0.658865 -1.417831
v 0.743460 0.651085 -1.413244
v 0.745611 0.645029 -1.406319
v 0.746992 0.641290 -1.397732
v 0.747468 0.640233 -1.388325
v 0.747468 0.729621 1.094667
v 0.746992 0.731351 1.103974
v 0.745611 0.735698 1.112270
v 0.743460 0.742237 1.118742
v 0.740750 0.750327 1.122757
v 0.737745 0.759176 1.123922
v 0.724234 0.661753 -1.419419
v 0.728573 0.653588 -1.417641
v 0.732486 0.646329 -1.413073
v 0.735592 0.640687 -1.406162
v 0.737586 0.637213 -1.397585
v 0.738273 0.636248 -1.388181
v 0.738273 0.725636 1.094810
v 0.737586 0.727275 1.104121
v 0.735592 0.731356 1.112426
v 0.732486 0.737481 1.118913
v 0.728573 0.745049 1.122947
v 0.724234 0.753320 1.124133
v 0.711630 0.653825 -1.419134
v 0.717130 0.646392 -1.417382
v 0.722092 0.639792 -1.412838
v 0.726030 0.634673 -1.405946
v 0.728558 0.631536 -1.397381
v 0.729430 0.630687 -1.387981
v 0.729430 0.720075 1.095011
v 0.728558 0.721597 1.104325
v 0.726030 0.725343 1.112642
v 0.722092 0.730944 1.119148
v 0.717130 0.737853 1.123206
v 0.711630 0.745393 1.124419
v 0.700053 0.643983 -1.418779
v 0.706534 0.637383 -1.417058
v 0.712380 0.631535 -1.412541
v 0.717020 0.627013 -1.405670
v 0.719999 0.624259 -1.397119
v 0.721026 0.623542 -1.387724
v 0.721026 0.712930 1.095268
v 0.719999 0.714320 1.104587
v 0.717020 0.717682 1.112918
v 0.712380 0.722687 1.119446
v 0.706534 0.728844 1.123531
v 0.700053 0.735551 1.124773
v 0.689625 0.632381 -1.418362
v 0.696912 0.626678 -1.416672
v 0.703486 0.621639 -1.412184
v 0.708703 0.617759 -1.405337
v 0.712052 0.615417 -1.396801
v 0.713206 0.614842 -1.387411
v 0.713206 0.704230 1.095581
v 0.712052 0.705478 1.104905
v 0.708703 0.708428 1.113251
v 0.703486 0.712791 1.119802
v 0.696912 0.718139 1.123916
v 0.689625 0.723949 1.125191
v 0.680468 0.619176 -1.417886
v 0.688402 0.614406 -1.416230
v 0.695560 0.610209 -1.411773
v 0.701240 0.606997 -1.404950
v 0.704887 0.605084 -1.396429
v 0.706144 0.604657 -1.387044
v 0.706144 0.694045 1.095948
v 0.704887 0.695146 1.105277
v 0.701240 0.697667 1.113639
v 0.695560 0.701361 1.120213
v 0.688402 0.705867 1.124358
v 0.680468 0.710744 1.125666
v 0.672704 0.604524 -1.417359
v 0.681143 0.600707 -1.415737
v 0.688756 0.597371 -1.411311
v 0.694798 0.594841 -1.404512
v 0.698677 0.593366 -1.396007
v 0.700014 0.593090 -1.386627
v 0.700014 0.682477 1.096364
v 0.698677 0.683427 1.105699
v 0.694798 0.685510 1.114076
v 0.688756 0.688522 1.120676
v 0.681143 0.692168 1.124851
v 0.672704 0.696092 1.126194
v 0.666453 0.588581 -1.416785
v 0.675270 0.585728 -1.415198
v 0.683224 0.583261 -1.410803
v 0.689537 0.581421 -1.404029
v 0.693590 0.580389 -1.395540
v 0.694986 0.580266 -1.386166
v 0.694986 0.669654 1.096826
v 0.693590 0.670451 1.106166
v 0.689537 0.672091 1.114559
v 0.683224 0.674413 1.121184
v 0.675270 0.677189 1.125390
v 0.666453 0.680149 1.126767
v 0.661838 0.571504 -1.416170
v 0.670917 0.569620 -1.414618
v 0.679107 0.568027 -1.410254
v 0.685607 0.566882 -1.403505
v 0.689781 0.566295 -1.395032
v 0.691219 0.566325 -1.385664
v 0.691219 0.655713 1.097328
v 0.689781 0.656357 1.106674
v 0.685607 0.657551 1.115083
v 0.679107 0.659179 1.121732
v 0.670917 0.661081 1.125970
v 0.661838 0.663072 1.127382
v 0.658980 0.553448 -1.415520
v 0.668213 0.552535 -1.414003
v 0.676542 0.551818 -1.409671
v 0.683152 0.551367 -1.402947
v 0.687395 0.551227 -1.394490
v 0.688858 0.551410 -1.385127
v 0.688858 0.640798 1.097865
v 0.687395 0.641288 1.107216
v 0.683152 0.642036 1.115641
v 0.676542 0.642969 1.122315
v 0.668213 0.643996 1.126585
v 0.658980 0.645016 1.128032
v 0.658000 0.534569 -1.414840
v 0.667270 0.534383 -1.413350
v 0.675634 0.534321 -1.409041
v 0.682271 0.534390 -1.402336
v 0.686532 0.534584 -1.393891
v 0.688000 0.534882 -1.384532
v 0.688000 0.624270 1.098459
v 0.686532 0.624645 1.107815
v 0.682271 0.625059 1.116253
v 0.675634 0.625472 1.122945
v 0.667270 0.625844 1.127239
v 0.658000 0.626137 1.128712
v 0.658000 0.299721 -1.406386
v 0.667270 0.290510 -1.404570
v 0.675634 0.282307 -1.399968
v 0.682271 0.275916 -1.393031
v 0.686532 0.271961 -1.384436
v 0.688000 0.270831 -1.375026
v 0.688000 0.360219 1.107965
v 0.686532 0.362023 1.117270
v 0.682271 0.366585 1.125558
v 0.675634 0.373459 1.132018
v 0.667270 0.381971 1.136018
v 0.658000 0.391289 1.137166
v 0.569000 0.299721 -1.406386
v 0.559730 0.290510 -1.404570
v 0.551366 0.282307 -1.399968
v 0.544729 0.275916 -1.393031
v 0.540468 0.271961 -1.384436
v 0.539000 0.270831 -1.375026
v 0.539000 0.360219 1.107965
v 0.540468 0.362023 1.117270
v 0.544729 0.366585 1.125558
v 0.551366 0.373459 1.132018
v 0.559730 0.381971 1.136018
v 0.569000 0.391289 1.137166
v 0.569000 0.748431 -1.422539
v 0.559730 0.757749 -1.421391
v 0.551366 0.766261 -1.417391
v 0.544729 0.773135 -1.410931
v 0.540468 0.777697 -1.402643
v 0.539000 0.779501 -1.393338
v 0.539000 0.868889 1.089653
v 0.540468 0.867759 1.099063
v 0.544729 0.863804 1.107658
v 0.551366 0.857413 1.114596
v 0.559730 0.849210 1.119197
v 0.569000 0.839999 1.121013
v 0.658000 0.748431 -1.422539
v 0.667270 0.757749 -1.421391
v 0.675634 0.766261 -1.417391
v 0.682271 0.773135 -1.410931
v 0.686532 0.777697 -1.402643
v 0.688000 0.779501 -1.393338
v 0.688000 0.868889 1.089653
v 0.686532 0.867759 1.099063
v 0.682271 0.863804 1.107658
v 0.675634 0.857413 1.114596
v 0.667270 0.849210 1.119197
v 0.658000 0.839999 1.121013
v 1.158000 0.299721 -1.406386
v 1.157732 0.290510 -1.404570
v 1.157491 0.282307 -1.399968
v 1.157300 0.275916 -1.393031
v 1.157177 0.271961 -1.384436
v 1.157134 0.270831 -1.375026
v 1.157134 0.360219 1.107965
v 1.157177 0.362023 1.117270
v 1.157300 0.366585 1.125558
v 1.157491 0.373459 1.132018
v 1.157732 0.381971 1.136018
v 1.158000 0.391289 1.137166
v 1.125561 0.301594 -1.406453
v 1.124456 0.292431 -1.404639
v 1.123458 0.284272 -1.400039
v 1.122666 0.277915 -1.393103
v 1.122158 0.273983 -1.384509
v 1.121983 0.272860 -1.375099
v 1.121983 0.362248 1.107892
v 1.122158 0.364044 1.117197
v 1.122666 0.368584 1.125486
v 1.123458 0.375424 1.131947
v 1.124456 0.383892 1.135949
v 1.125561 0.393162 1.137099
v 1.095324 0.307124 -1.406652
v 1.093049 0.298175 -1.404846
v 1.090996 0.290209 -1.400253
v 1.089367 0.284005 -1.393322
v 1.088321 0.280171 -1.384732
v 1.087961 0.279082 -1.375323
v 1.087961 0.368470 1.107668
v 1.088321 0.370233 1.116974
v 1.089367 0.374674 1.125266
v 1.090996 0.381360 1.131733
v 1.093049 0.389636 1.135742
v 1.095324 0.398692 1.136900
v 1.067406 0.316179 -1.406978
v 1.063922 0.307623 -1.405186
v 1.060779 0.300010 -1.400606
v 1.058285 0.294087 -1.393685
v 1.056683 0.290433 -1.385101
v 1.056131 0.289406 -1.375695
v 1.056131 0.378794 1.107297
v 1.056683 0.380495 1.116605
v 1.058285 0.384756 1.124903
v 1.060779 0.391162 1.131381
v 1.063922 0.399084 1.135402
v 1.067406 0.407747 1.136574
v 1.041926 0.328629 -1.407426
v 1.037244 0.320657 -1.405656
v 1.033020 0.313573 -1.401094
v 1.029667 0.308069 -1.394188
v 1.027515 0.304684 -1.385614
v 1.026773 0.303750 -1.376211
v 1.026773 0.393138 1.106780
v 1.027515 0.394746 1.116092
v 1.029667 0.398738 1.124400
v 1.033020 0.404724 1.130892
v 1.037244 0.412118 1.134933
v 1.041926 0.420197 1.136126
v 1.019001 0.344339 -1.407992
v 1.013189 0.337142 -1.406249
v 1.007946 0.330756 -1.401713
v 1.003785 0.325806 -1.394827
v 1.001114 0.322778 -1.386266
v 1.000193 0.321966 -1.376867
v 1.000193 0.411354 1.106125
v 1.001114 0.412839 1.115440
v 1.003785 0.416476 1.123762
v 1.007946 0.421908 1.130274
v 1.013189 0.428603 1.134339
v 1.019001 0.435907 1.135560
v 0.998750 0.363180 -1.408670
v 0.991934 0.356918 -1.406961
v 0.985784 0.351375 -1.402455
v 0.980904 0.347094 -1.395593
v 0.977771 0.344495 -1.387047
v 0.976691 0.343832 -1.377654
v 0.976691 0.433219 1.105337
v 0.977771 0.434556 1.114658
v 0.980904 0.437763 1.122995
v 0.985784 0.442526 1.129531
v 0.991934 0.448379 1.133627
v 0.998750 0.454748 1.134882
v 0.981291 0.385019 -1.409456
v 0.973636 0.379805 -1.407785
v 0.966731 0.375208 -1.403313
v 0.961250 0.371678 -1.396478
v 0.957732 0.369560 -1.387950
v 0.956520 0.369063 -1.378562
v 0.956520 0.458451 1.104429
v 0.957732 0.459622 1.113756
v 0.961250 0.462347 1.122110
v 0.966731 0.466359 1.128673
v 0.973636 0.471266 1.132803
v 0.981291 0.476587 1.134096
v 0.966741 0.409724 -1.410346
v 0.958434 0.405617 -1.408714
v 0.950941 0.402018 -1.404278
v 0.944994 0.399280 -1.397472
v 0.941176 0.397672 -1.388962
v 0.939860 0.397349 -1.379581
v 0.939860 0.486737 1.103411
v 0.941176 0.487733 1.112744
v 0.944994 0.489949 1.121117
v 0.950941 0.493169 1.127708
v 0.958434 0.497078 1.131874
v 0.966741 0.501292 1.133206
v 0.955219 0.437164 -1.411334
v 0.946445 0.434169 -1.409742
v 0.938530 0.431575 -1.405342
v 0.932249 0.429634 -1.398565
v 0.928216 0.428537 -1.390073
v 0.926826 0.428391 -1.380698
v 0.926826 0.517779 1.102293
v 0.928216 0.518598 1.111633
v 0.932249 0.520303 1.120024
v 0.938530 0.522726 1.126644
v 0.946445 0.525630 1.130846
v 0.955219 0.528732 1.132218
v 0.946843 0.467206 -1.412415
v 0.937768 0.465290 -1.410862
v 0.929582 0.463668 -1.406497
v 0.923085 0.462500 -1.399748
v 0.918914 0.461899 -1.391274
v 0.917476 0.461924 -1.381905
v 0.917476 0.551311 1.101086
v 0.918914 0.551960 1.110432
v 0.923085 0.553169 1.118841
v 0.929582 0.554820 1.125489
v 0.937768 0.556751 1.129726
v 0.946843 0.558773 1.131137
v 0.941730 0.499718 -1.413586
v 0.932496 0.498820 -1.412069
v 0.924165 0.498117 -1.407738
v 0.917554 0.497677 -1.401014
v 0.913309 0.497543 -1.392557
v 0.911846 0.497730 -1.383194
v 0.911846 0.587117 1.099797
v 0.913309 0.587605 1.109149
v 0.917554 0.588346 1.117574
v 0.924165 0.589268 1.124249
v 0.932496 0.590281 1.128519
v 0.941730 0.591286 1.129966
v 0.940000 0.534569 -1.414840
v 0.930716 0.534671 -1.413360
v 0.922340 0.534870 -1.409061
v 0.915693 0.535146 -1.402363
v 0.911426 0.535472 -1.393923
v 0.909955 0.535817 -1.384566
v 0.909955 0.625204 1.098426
v 0.911426 0.625533 1.107783
v 0.915693 0.625815 1.116225
v 0.922340 0.626021 1.122926
v 0.930716 0.626132 1.127228
v 0.940000 0.626137 1.128712
v 0.941906 0.566245 -1.415981
v 0.932687 0.567431 -1.414539
v 0.924370 0.568607 -1.410275
v 0.917770 0.569658 -1.403605
v 0.913532 0.570482 -1.395183
v 0.912072 0.570999 -1.385832
v 0.912072 0.660386 1.097159
v 0.913532 0.660544 1.106523
v 0.917770 0.660328 1.114983
v 0.924370 0.659758 1.121711
v 0.932687 0.658892 1.126049
v 0.941906 0.657813 1.127571
v 0.947495 0.596187 -1.417059
v 0.938492 0.598527 -1.415659
v 0.930370 0.600745 -1.411432
v 0.923924 0.602624 -1.404792
v 0.919785 0.603979 -1.396389
v 0.918359 0.604678 -1.387045
v 0.918359 0.694065 1.095947
v 0.919785 0.694040 1.105317
v 0.923924 0.693293 1.113796
v 0.930370 0.691897 1.120554
v 0.938492 0.689988 1.124929
v 0.947495 0.687755 1.126494
v 0.956578 0.624199 -1.418067
v 0.947949 0.627693 -1.416709
v 0.940164 0.630952 -1.412520
v 0.933986 0.633657 -1.405909
v 0.930020 0.635542 -1.397525
v 0.928653 0.636424 -1.388188
v 0.928653 0.725812 1.094804
v 0.930020 0.725604 1.104181
v 0.933986 0.724326 1.112679
v 0.940164 0.722104 1.119467
v 0.947949 0.719154 1.123879
v 0.956578 0.715767 1.125485
v 0.968963 0.650087 -1.418999
v 0.960870 0.654703 -1.417681
v 0.953570 0.658974 -1.413528
v 0.947776 0.662481 -1.406947
v 0.944056 0.664882 -1.398581
v 0.942774 0.665941 -1.389250
v 0.942774 0.755329 1.093741
v 0.944056 0.754943 1.103125
v 0.947776 0.753150 1.111641
v 0.953570 0.750125 1.118458
v 0.960870 0.746164 1.122907
v 0.968963 0.741655 1.124553
v 0.984459 0.673657 -1.419847
v 0.977060 0.679329 -1.418568
v 0.970386 0.684552 -1.414449
v 0.965089 0.688815 -1.407895
v 0.961688 0.691702 -1.399547
v 0.960516 0.692928 -1.390222
v 0.960516 0.782316 1.092770
v 0.961688 0.781763 1.102159
v 0.965089 0.779485 1.110693
v 0.970386 0.775704 1.117537
v 0.977060 0.770790 1.122020
v 0.984459 0.765225 1.123705
v 1.002875 0.694715 -1.420606
v 0.996315 0.701346 -1.419360
v 0.990396 0.707434 -1.415273
v 0.985700 0.712383 -1.408744
v 0.982684 0.715710 -1.400411
v 0.981645 0.717089 -1.391091
v 0.981645 0.806476 1.091900
v 0.982684 0.805772 1.101295
v 0.985700 0.803052 1.109845
v 0.990396 0.798585 1.116713
v 0.996315 0.792807 1.121228
v 1.002875 0.786283 1.122947
v 1.024020 0.713067 -1.421266
v 1.018421 0.720531 -1.420051
v 1.013370 0.727372 -1.415991
v 1.009361 0.732919 -1.409483
v 1.006788 0.736629 -1.401164
v 1.005901 0.738140 -1.391849
v 1.005901 0.827527 1.091142
v 1.006788 0.826690 1.100542
v 1.009361 0.823588 1.109105
v 1.013370 0.818523 1.115996
v 1.018421 0.811993 1.120537
v 1.024020 0.804635 1.122286
v 1.047704 0.728518 -1.421822
v 1.043161 0.736671 -1.420632
v 1.039062 0.744133 -1.416594
v 1.035810 0.750173 -1.410104
v 1.033722 0.754200 -1.401797
v 1.033002 0.755820 -1.392486
v 1.033002 0.845208 1.090506
v 1.033722 0.844262 1.099909
v 1.035810 0.840842 1.108484
v 1.039062 0.835285 1.115392
v 1.043161 0.828132 1.119956
v 1.047704 0.820086 1.121730
v 1.073734 0.740873 -1.422267
v 1.070311 0.749558 -1.421096
v 1.067222 0.757499 -1.417075
v 1.064771 0.763920 -1.410599
v 1.063198 0.768191 -1.402300
v 1.062655 0.769895 -1.392992
v 1.062655 0.859283 1.089999
v 1.063198 0.858252 1.099405
v 1.064771 0.854589 1.107989
v 1.067222 0.848651 1.114911
v 1.070311 0.841019 1.119492
v 1.073734 0.832441 1.121285
v 1.101921 0.749939 -1.422594
v 1.099648 0.758994 -1.421436
v 1.097596 0.767269 -1.417427
v 1.095969 0.773954 -1.410960
v 1.094923 0.778395 -1.402668
v 1.094563 0.780158 -1.393362
v 1.094563 0.869545 1.089630
v 1.094923 0.868457 1.099038
v 1.095969 0.864623 1.107628
v 1.097596 0.858420 1.114559
v 1.099648 0.850455 1.119153
v 1.101921 0.841507 1.120959
v 1.132074 0.755521 -1.422795
v 1.130949 0.764788 -1.421644
v 1.129934 0.773255 -1.417643
v 1.129129 0.780093 -1.411181
v 1.128612 0.784632 -1.402892
v 1.128434 0.786428 -1.393588
v 1.128434 0.875816 1.089404
v 1.128612 0.874693 1.098814
v 1.129129 0.870762 1.107407
v 1.129934 0.864407 1.114344
v 1.130949 0.856250 1.118944
v 1.132074 0.847089 1.120758
v 1.164000 0.757425 -1.422863
v 1.163789 0.766747 -1.421715
v 1.163599 0.775263 -1.417715
v 1.163449 0.782139 -1.411255
v 1.163352 0.786703 -1.402967
v 1.163318 0.788508 -1.393663
v 1.163318 0.877896 1.089329
v 1.163352 0.876765 1.098739
v 1.163449 0.872809 1.107334
v 1.163599 0.866414 1.114271
v 1.163789 0.858208 1.118873
v 1.164000 0.848993 1.120689
v 1.171464 0.757319 -1.422859
v 1.171733 0.766634 -1.421711
v 1.171975 0.775144 -1.417711
v 1.172167 0.782016 -1.411250
v 1.172291 0.786577 -1.402962
v 1.172333 0.788381 -1.393658
v 1.172333 0.877768 1.089334
v 1.172291 0.876638 1.098744
v 1.172167 0.872685 1.107338
v 1.171975 0.866296 1.114276
v 1.171733 0.858095 1.118877
v 1.171464 0.848887 1.120693
v 1.178880 0.756995 -1.422848
v 1.179428 0.766297 -1.421699
v 1.179924 0.774796 -1.417698
v 1.180316 0.781659 -1.411237
v 1.180569 0.786215 -1.402949
v 1.180655 0.788016 -1.393645
v 1.180655 0.877404 1.089347
v 1.180569 0.876276 1.098757
v 1.180316 0.872328 1.107351
v 1.179924 0.865948 1.114288
v 1.179428 0.857759 1.118890
v 1.178880 0.848563 1.120705
v 1.186281 0.756441 -1.422828
v 1.187120 0.765722 -1.421678
v 1.187877 0.774202 -1.417677
v 1.188477 0.781049 -1.411215
v 1.188863 0.785594 -1.402927
v 1.188995 0.787393 -1.393622
v 1.188995 0.876780 1.089369
v 1.188863 0.875656 1.098779
v 1.188477 0.871718 1.107373
v 1.187877 0.865353 1.114310
v 1.187120 0.857183 1.118910
v 1.186281 0.848009 1.120724
v 1.193704 0.755648 -1.422799
v 1.194837 0.764898 -1.421648
v 1.195860 0.773349 -1.417646
v 1.196671 0.780174 -1.411184
v 1.197192 0.784705 -1.402895
v 1.197372 0.786498 -1.393590
v 1.197372 0.875886 1.089401
v 1.197192 0.874766 1.098811
v 1.196671 0.870843 1.107404
v 1.195860 0.864500 1.114340
v 1.194837 0.856359 1.118940
v 1.193704 0.847216 1.120753
v 1.201182 0.754606 -1.422762
v 1.202610 0.763814 -1.421609
v 1.203898 0.772228 -1.417606
v 1.204920 0.779023 -1.411143
v 1.205576 0.783535 -1.402853
v 1.205802 0.785322 -1.393548
v 1.205802 0.874710 1.089444
v 1.205576 0.873597 1.098853
v 1.204920 0.869693 1.107446
v 1.203898 0.863379 1.114381
v 1.202610 0.855275 1.118979
v 1.201182 0.846174 1.120791
v 1.208750 0.753303 -1.422715
v 1.210467 0.762461 -1.421561
v 1.212016 0.770830 -1.417555
v 1.213245 0.777590 -1.411091
v 1.214034 0.782079 -1.402800
v 1.214306 0.783858 -1.393495
v 1.214306 0.873246 1.089496
v 1.214034 0.872141 1.098905
v 1.213245 0.868259 1.107497
v 1.212016 0.861982 1.114431
v 1.210467 0.853923 1.119028
v 1.208750 0.844871 1.120837
v 1.216443 0.751729 -1.422658
v 1.218439 0.760831 -1.421502
v 1.220240 0.769148 -1.417495
v 1.221669 0.775867 -1.411029
v 1.222586 0.780330 -1.402737
v 1.222903 0.782100 -1.393432
v 1.222903 0.871488 1.089560
v 1.222586 0.870391 1.098968
v 1.221669 0.866536 1.107559
v 1.220240 0.860300 1.114492
v 1.218439 0.852292 1.119086
v 1.216443 0.843297 1.120894
v 1.224296 0.749874 -1.422591
v 1.226558 0.758913 -1.421433
v 1.228598 0.767174 -1.417424
v 1.230218 0.773848 -1.410956
v 1.231257 0.778282 -1.402664
v 1.231615 0.780042 -1.393358
v 1.231615 0.869430 1.089634
v 1.231257 0.868344 1.099042
v 1.230218 0.864517 1.107632
v 1.228598 0.858325 1.114563
v 1.226558 0.850374 1.119155
v 1.224296 0.841442 1.120961
v 1.232344 0.747728 -1.422514
v 1.234855 0.756700 -1.421353
v 1.237120 0.764901 -1.417342
v 1.238918 0.771528 -1.410873
v 1.240072 0.775931 -1.402579
v 1.240470 0.777681 -1.393273
v 1.240470 0.867069 1.089719
v 1.240072 0.865993 1.099127
v 1.238918 0.862197 1.107716
v 1.237120 0.856053 1.114644
v 1.234855 0.848162 1.119235
v 1.232344 0.839296 1.121038
v 1.240620 0.745280 -1.422426
v 1.243363 0.754184 -1.421263
v 1.245837 0.762323 -1.417249
v 1.247800 0.768901 -1.410778
v 1.249060 0.773273 -1.402483
v 1.249495 0.775011 -1.393177
v 1.249495 0.864399 1.089815
v 1.249060 0.863334 1.099223
v 1.247800 0.859570 1.107810
v 1.245837 0.853475 1.114737
v 1.243363 0.845645 1.119326
v 1.240620 0.836848 1.121126
v 1.249161 0.742520 -1.422327
v 1.252115 0.751355 -1.421161
v 1.254780 0.759433 -1.417145
v 1.256895 0.765961 -1.410672
v 1.258253 0.770302 -1.402376
v 1.258721 0.772029 -1.393069
v 1.258721 0.861417 1.089922
v 1.258253 0.860363 1.099329
v 1.256895 0.856630 1.107916
v 1.254780 0.850584 1.114841
v 1.252115 0.842816 1.119427
v 1.249161 0.834088 1.121226
v 1.258000 0.739437 -1.422216
v 1.248729 0.752536 -1.421203
v 1.240366 0.764460 -1.417326
v 1.233729 0.774041 -1.410963
v 1.229468 0.780342 -1.402738
v 1.228000 0.782745 -1.393455
v 1.228000 0.872133 1.089536
v 1.229468 0.870403 1.098968
v 1.233729 0.864710 1.107625
v 1.240366 0.855612 1.114660
v 1.248729 0.843997 1.119385
v 1.258000 0.831005 1.121337
v 1.258000 0.981280 -1.430922
v 1.248729 0.990598 -1.429773
v 1.240366 0.999110 -1.425773
v 1.233729 1.005984 -1.419313
v 1.229468 1.010546 -1.411025
v 1.228000 1.012351 -1.401721
v 1.228000 1.101738 1.081271
v 1.229468 1.100608 1.090681
v 1.233729 1.096653 1.099275
v 1.240366 1.090262 1.106213
v 1.248729 1.082059 1.110815
v 1.258000 1.072848 1.112630
v 1.347000 0.981280 -1.430922
v 1.356271 0.990598 -1.429773
v 1.364634 0.999110 -1.425773
v 1.371271 1.005984 -1.419313
v 1.375532 1.010546 -1.411025
v 1.377000 1.012351 -1.401721
v 1.377000 1.101738 1.081271
v 1.375532 1.100608 1.090681
v 1.371271 1.096653 1.099275
v 1.364634 1.090262 1.106213
v 1.356271 1.082059 1.110815
v 1.347000 1.072848 1.112630
v 1.347000 0.299721 -1.406386
v 1.356271 0.290510 -1.404570
v 1.364634 0.282307 -1.399968
v 1.371271 0.275916 -1.393031
v 1.375532 0.271961 -1.384436
v 1.377000 0.270831 -1.375026
v 1.377000 0.360219 1.107965
v 1.375532 0.362023 1.117270
v 1.371271 0.366585 1.125558
v 1.364634 0.373459 1.132018
v 1.356271 0.381971 1.136018
v 1.347000 0.391289 1.137166
v 1.250638 0.663341 -1.419476
v 1.247387 0.654718 -1.417682
v 1.244454 0.647045 -1.413099
v 1.242127 0.641074 -1.406176
v 1.240633 0.637390 -1.397592
v 1.240118 0.636352 -1.388185
v 1.240118 0.725740 1.094807
v 1.240633 0.727451 1.104114
v 1.242127 0.731743 1.112412
v 1.244454 0.738196 1.118887
v 1.247387 0.746179 1.122906
v 1.250638 0.754909 1.124076
v 1.243518 0.665910 -1.419569
v 1.240487 0.657208 -1.417771
v 1.237752 0.649464 -1.413186
v 1.235581 0.643436 -1.406261
v 1.234188 0.639715 -1.397675
v 1.233707 0.638665 -1.388268
v 1.233707 0.728053 1.094723
v 1.234188 0.729777 1.104031
v 1.235581 0.734105 1.112327
v 1.237752 0.740615 1.118800
v 1.240487 0.748669 1.122817
v 1.243518 0.757478 1.123984
v 1.236594 0.668201 -1.419651
v 1.233811 0.659416 -1.417851
v 1.231301 0.651598 -1.413263
v 1.229309 0.645512 -1.406336
v 1.228030 0.641753 -1.397749
v 1.227589 0.640690 -1.388341
v 1.227589 0.730078 1.094650
v 1.228030 0.731814 1.103957
v 1.229309 0.736181 1.112252
v 1.231301 0.742749 1.118723
v 1.233811 0.750878 1.122737
v 1.236594 0.759769 1.123901
v 1.229815 0.670222 -1.419724
v 1.227310 0.661354 -1.417921
v 1.225050 0.653461 -1.413330
v 1.223256 0.647316 -1.406401
v 1.222105 0.643519 -1.397812
v 1.221708 0.642443 -1.388404
v 1.221708 0.731831 1.094587
v 1.222105 0.733580 1.103894
v 1.223256 0.737985 1.112187
v 1.225050 0.744613 1.118656
v 1.227310 0.752816 1.122668
v 1.229815 0.761790 1.123828
v 1.223133 0.671979 -1.419787
v 1.220930 0.663032 -1.417981
v 1.218942 0.655067 -1.413388
v 1.217365 0.648865 -1.406457
v 1.216352 0.645032 -1.397867
v 1.216003 0.643943 -1.388458
v 1.216003 0.733331 1.094533
v 1.216352 0.735093 1.103839
v 1.217365 0.739534 1.112131
v 1.218942 0.746219 1.118598
v 1.220930 0.754493 1.122607
v 1.223133 0.763547 1.123765
v 1.216500 0.673479 -1.419841
v 1.214617 0.664460 -1.418032
v 1.212918 0.656430 -1.413437
v 1.211570 0.650175 -1.406504
v 1.210705 0.646309 -1.397913
v 1.210407 0.645209 -1.388504
v 1.210407 0.734596 1.094488
v 1.210705 0.736370 1.103793
v 1.211570 0.740845 1.112084
v 1.212918 0.747581 1.118549
v 1.214617 0.755921 1.122556
v 1.216500 0.765047 1.123711
v 1.209867 0.674730 -1.419886
v 1.208316 0.665648 -1.418075
v 1.206916 0.657561 -1.413478
v 1.205806 0.651262 -1.406543
v 1.205093 0.647367 -1.397951
v 1.204847 0.646257 -1.388541
v 1.204847 0.735644 1.094450
v 1.205093 0.737428 1.103755
v 1.205806 0.741931 1.112045
v 1.206916 0.748713 1.118509
v 1.208316 0.757109 1.122513
v 1.209867 0.766298 1.123666
v 1.203185 0.675737 -1.419922
v 1.201969 0.666605 -1.418110
v 1.200871 0.658473 -1.413510
v 1.200001 0.652137 -1.406575
v 1.199442 0.648219 -1.397981
v 1.199249 0.647101 -1.388572
v 1.199249 0.736489 1.094420
v 1.199442 0.738280 1.103724
v 1.200001 0.742807 1.112014
v 1.200871 0.749624 1.118476
v 1.201969 0.758066 1.122478
v 1.203185 0.767305 1.123630
v 1.196406 0.676509 -1.419950
v 1.195519 0.667338 -1.418136
v 1.194719 0.659173 -1.413536
v 1.194084 0.652811 -1.406599
v 1.193676 0.648875 -1.398005
v 1.193536 0.647751 -1.388595
v 1.193536 0.737139 1.094396
v 1.193676 0.738936 1.103701
v 1.194084 0.743480 1.111989
v 1.194719 0.750324 1.118451
v 1.195519 0.758800 1.122452
v 1.196406 0.768077 1.123602
v 1.189481 0.677051 -1.419970
v 1.188911 0.667856 -1.418155
v 1.188396 0.659668 -1.413553
v 1.187987 0.653288 -1.406616
v 1.187724 0.649341 -1.398022
v 1.187634 0.648213 -1.388612
v 1.187634 0.737601 1.094380
v 1.187724 0.739403 1.103684
v 1.187987 0.743958 1.111972
v 1.188396 0.750820 1.118433
v 1.188911 0.759317 1.122433
v 1.189481 0.768619 1.123582
v 1.182362 0.677371 -1.419981
v 1.182087 0.668163 -1.418166
v 1.181839 0.659963 -1.413564
v 1.181643 0.653574 -1.406626
v 1.181516 0.649621 -1.398032
v 1.181473 0.648491 -1.388622
v 1.181473 0.737878 1.094370
v 1.181516 0.739682 1.103674
v 1.181643 0.744243 1.111962
v 1.181839 0.751115 1.118422
v 1.182087 0.759624 1.122422
v 1.182362 0.768939 1.123571
v 1.175000 0.677477 -1.419985
v 1.175216 0.668262 -1.418169
v 1.175411 0.660055 -1.413567
v 1.175566 0.653661 -1.406629
v 1.175665 0.649704 -1.398035
v 1.175699 0.648573 -1.388625
v 1.175699 0.737961 1.094367
v 1.175665 0.739766 1.103671
v 1.175566 0.744330 1.111959
v 1.175411 0.751207 1.118419
v 1.175216 0.759723 1.122419
v 1.175000 0.769045 1.123567
v 1.154101 0.676203 -1.419939
v 1.155258 0.667045 -1.418126
v 1.156302 0.658891 -1.413525
v 1.157131 0.652537 -1.406589
v 1.157663 0.648607 -1.397995
v 1.157846 0.647485 -1.388586
v 1.157846 0.736873 1.094406
v 1.157663 0.738669 1.103710
v 1.157131 0.743207 1.111999
v 1.156302 0.750042 1.118461
v 1.155258 0.758507 1.122463
v 1.154101 0.767771 1.123613
v 1.134472 0.672452 -1.419804
v 1.136829 0.663523 -1.417999
v 1.138955 0.655576 -1.413406
v 1.140642 0.649386 -1.406476
v 1.141725 0.645562 -1.397886
v 1.142098 0.644476 -1.388477
v 1.142098 0.733864 1.094514
v 1.141725 0.735623 1.103820
v 1.140642 0.740056 1.112113
v 1.138955 0.746727 1.118580
v 1.136829 0.754985 1.122589
v 1.134472 0.764020 1.123748
v 1.116219 0.666328 -1.419584
v 1.119787 0.657806 -1.417793
v 1.123006 0.650224 -1.413213
v 1.125560 0.644326 -1.406293
v 1.127200 0.640688 -1.397710
v 1.127766 0.639667 -1.388304
v 1.127766 0.729055 1.094687
v 1.127200 0.730750 1.103996
v 1.125560 0.734995 1.112295
v 1.123006 0.741376 1.118773
v 1.119787 0.749267 1.122795
v 1.116219 0.757896 1.123969
v 1.099444 0.657934 -1.419281
v 1.104191 0.650001 -1.417512
v 1.108473 0.642952 -1.412952
v 1.111871 0.637476 -1.406047
v 1.114053 0.634109 -1.397473
v 1.114804 0.633181 -1.388071
v 1.114804 0.722569 1.094921
v 1.114053 0.724170 1.104232
v 1.111871 0.728145 1.112541
v 1.108473 0.734103 1.119035
v 1.104191 0.741462 1.123076
v 1.099444 0.749502 1.124271
v 1.084253 0.647375 -1.418901
v 1.090097 0.640204 -1.417159
v 1.095368 0.633843 -1.412624
v 1.099551 0.628912 -1.405739
v 1.102237 0.625896 -1.397178
v 1.103162 0.625089 -1.387779
v 1.103162 0.714476 1.095212
v 1.102237 0.715957 1.104528
v 1.099551 0.719582 1.112850
v 1.095368 0.724994 1.119363
v 1.090097 0.731666 1.123429
v 1.084253 0.738943 1.124651
v 1.070750 0.634754 -1.418447
v 1.077565 0.628492 -1.416738
v 1.083713 0.622950 -1.412232
v 1.088592 0.618670 -1.405370
v 1.091724 0.616071 -1.396824
v 1.092804 0.615408 -1.387431
v 1.092804 0.704795 1.095561
v 1.091724 0.706132 1.104882
v 1.088592 0.709339 1.113218
v 1.083713 0.714102 1.119755
v 1.077565 0.719954 1.123851
v 1.070750 0.726322 1.125105
v 1.059038 0.620177 -1.417922
v 1.066669 0.614930 -1.416249
v 1.073553 0.610304 -1.411776
v 1.079016 0.606751 -1.404941
v 1.082523 0.604618 -1.396412
v 1.083732 0.604116 -1.387024
v 1.083732 0.693503 1.095967
v 1.082523 0.694680 1.105294
v 1.079016 0.697420 1.113648
v 1.073553 0.701455 1.120210
v 1.066669 0.706392 1.124339
v 1.059038 0.711745 1.125630
v 1.049222 0.603747 -1.417331
v 1.057497 0.599578 -1.415697
v 1.064962 0.595925 -1.411259
v 1.070886 0.593143 -1.404451
v 1.074690 0.591507 -1.395940
v 1.076000 0.591175 -1.386559
v 1.076000 0.680563 1.096433
v 1.074690 0.681568 1.105766
v 1.070886 0.683813 1.114137
v 1.064962 0.687076 1.120728
v 1.057497 0.691040 1.124891
v 1.049222 0.695315 1.126221
v 1.041406 0.585568 -1.416676
v 1.050154 0.582498 -1.415082
v 1.058045 0.579836 -1.410679
v 1.064307 0.577842 -1.403900
v 1.068328 0.576710 -1.395407
v 1.069714 0.576553 -1.386032
v 1.069714 0.665940 1.096959
v 1.068328 0.666772 1.106299
v 1.064307 0.668511 1.114688
v 1.058045 0.670988 1.121307
v 1.050154 0.673959 1.125506
v 1.041406 0.677135 1.126876
v 1.035694 0.565744 -1.415963
v 1.044755 0.563759 -1.414407
v 1.052928 0.562075 -1.410040
v 1.059414 0.560858 -1.403289
v 1.063578 0.560225 -1.394814
v 1.065013 0.560239 -1.385445
v 1.065013 0.649626 1.097547
v 1.063578 0.650286 1.106892
v 1.059414 0.651527 1.115300
v 1.052928 0.653227 1.121946
v 1.044755 0.655220 1.126181
v 1.035694 0.657311 1.127590
v 1.032191 0.544379 -1.415193
v 1.041422 0.543439 -1.413676
v 1.049750 0.542697 -1.409342
v 1.056359 0.542227 -1.402618
v 1.060602 0.542074 -1.394160
v 1.062064 0.542254 -1.384797
v 1.062064 0.631641 1.098194
v 1.060602 0.632136 1.107546
v 1.056359 0.632896 1.115970
v 1.049750 0.633849 1.122644
v 1.041422 0.634900 1.126912
v 1.032191 0.635947 1.128359
v 1.031000 0.521578 -1.414373
v 1.040279 0.521554 -1.412888
v 1.048650 0.521639 -1.408584
v 1.055293 0.521824 -1.401883
v 1.059558 0.522093 -1.393441
v 1.061028 0.522417 -1.384083
v 1.061028 0.611805 1.098908
v 1.059558 0.612154 1.108265
v 1.055293 0.612494 1.116705
v 1.048650 0.612790 1.123402
v 1.040279 0.613015 1.127700
v 1.031000 0.613146 1.129180
v 1.031729 0.501053 -1.413634
v 1.040980 0.501806 -1.412177
v 1.049326 0.502592 -1.407899
v 1.055949 0.503334 -1.401218
v 1.060202 0.503960 -1.392788
v 1.061667 0.504407 -1.383435
v 1.061667 0.593795 1.099557
v 1.060202 0.594021 1.108918
v 1.055949 0.594003 1.117371
v 1.049326 0.593744 1.124088
v 1.040980 0.593267 1.128411
v 1.031729 0.592621 1.129918
v 1.033995 0.481548 -1.412932
v 1.043153 0.483108 -1.411504
v 1.051414 0.484623 -1.407252
v 1.057971 0.485943 -1.400592
v 1.062180 0.486939 -1.392175
v 1.063630 0.487515 -1.382827
v 1.063630 0.576903 1.100165
v 1.062180 0.577001 1.109530
v 1.057971 0.576612 1.117997
v 1.051414 0.575774 1.124734
v 1.043153 0.574570 1.129084
v 1.033995 0.573116 1.130621
v 1.037922 0.463209 -1.412271
v 1.046878 0.465711 -1.410877
v 1.054958 0.468075 -1.406656
v 1.061369 0.470069 -1.400020
v 1.065486 0.471498 -1.391619
v 1.066905 0.472222 -1.382276
v 1.066905 0.561610 1.100715
v 1.065486 0.561559 1.110086
v 1.061369 0.560738 1.118568
v 1.054958 0.559226 1.125330
v 1.046878 0.557172 1.129711
v 1.037922 0.554777 1.131281
v 1.043630 0.446182 -1.411658
v 1.052227 0.449755 -1.410303
v 1.059982 0.453085 -1.406116
v 1.066137 0.455846 -1.399508
v 1.070089 0.457768 -1.391125
v 1.071450 0.458662 -1.381788
v 1.071450 0.548050 1.101203
v 1.070089 0.547829 1.110581
v 1.066137 0.546515 1.119080
v 1.059982 0.544237 1.125870
v 1.052227 0.541216 1.130285
v 1.043630 0.537750 1.131894
v 1.051240 0.430612 -1.411098
v 1.059266 0.435354 -1.409785
v 1.066506 0.439738 -1.405636
v 1.072252 0.443336 -1.399058
v 1.075941 0.445795 -1.390694
v 1.077212 0.446875 -1.381364
v 1.077212 0.536262 1.101628
v 1.075941 0.535857 1.111012
v 1.072252 0.534005 1.119530
v 1.066506 0.530890 1.126350
v 1.059266 0.526815 1.130803
v 1.051240 0.522180 1.132454
v 1.060875 0.416646 -1.410595
v 1.068077 0.422582 -1.409325
v 1.074574 0.428043 -1.405215
v 1.079730 0.432496 -1.398668
v 1.083040 0.435504 -1.390324
v 1.084181 0.436772 -1.381000
v 1.084181 0.526160 1.101991
v 1.083040 0.525565 1.111382
v 1.079730 0.523165 1.119921
v 1.074574 0.519195 1.126771
v 1.068077 0.514043 1.131263
v 1.060875 0.508214 1.132957
v 1.072656 0.404428 -1.410155
v 1.078784 0.411478 -1.408925
v 1.084312 0.417944 -1.404851
v 1.088699 0.423194 -1.398333
v 1.091515 0.426714 -1.390007
v 1.092486 0.428159 -1.380690
v 1.092486 0.517547 1.102301
v 1.091515 0.516776 1.111699
v 1.088699 0.513864 1.120256
v 1.084312 0.509096 1.127135
v 1.078784 0.502939 1.131663
v 1.072656 0.495996 1.133397
v 1.086704 0.394105 -1.409784
v 1.091570 0.402081 -1.408587
v 1.095961 0.409384 -1.404543
v 1.099445 0.415297 -1.398048
v 1.101682 0.419243 -1.389738
v 1.102453 0.420835 -1.380426
v 1.102453 0.510223 1.102565
v 1.101682 0.509305 1.111968
v 1.099445 0.505967 1.120540
v 1.095961 0.500535 1.127443
v 1.091570 0.493542 1.132001
v 1.086704 0.485673 1.133769
v 1.103141 0.385822 -1.409485
v 1.106670 0.394473 -1.408313
v 1.109853 0.402383 -1.404291
v 1.112379 0.408780 -1.397814
v 1.114002 0.413035 -1.389515
v 1.114560 0.414734 -1.380207
v 1.114560 0.504121 1.102785
v 1.114002 0.503097 1.112191
v 1.112379 0.499449 1.120775
v 1.109853 0.493535 1.127695
v 1.106670 0.485934 1.132275
v 1.103141 0.477390 1.134067
v 1.122088 0.379725 -1.409266
v 1.124316 0.388794 -1.408108
v 1.126327 0.397082 -1.404100
v 1.127922 0.403778 -1.397634
v 1.128947 0.408226 -1.389342
v 1.129300 0.409991 -1.380036
v 1.129300 0.499379 1.102956
v 1.128947 0.498288 1.112364
v 1.127922 0.494447 1.120955
v 1.126327 0.488234 1.127886
v 1.124316 0.480256 1.132480
v 1.122088 0.471293 1.134286
v 1.143667 0.375960 -1.409130
v 1.144713 0.385236 -1.407980
v 1.145657 0.393710 -1.403979
v 1.146406 0.400553 -1.397518
v 1.146886 0.405096 -1.389229
v 1.147052 0.406894 -1.379924
v 1.147052 0.496282 1.103067
v 1.146886 0.495158 1.112477
v 1.146406 0.491223 1.121071
v 1.145657 0.484861 1.128007
v 1.144713 0.476697 1.132608
v 1.143667 0.467528 1.134422
v 1.168000 0.374673 -1.409084
v 1.168245 0.383991 -1.407936
v 1.168466 0.392503 -1.403935
v 1.168642 0.399377 -1.397475
v 1.168755 0.403939 -1.389187
v 1.168794 0.405744 -1.379883
v 1.168794 0.495131 1.103109
v 1.168755 0.494001 1.112519
v 1.168642 0.490046 1.121113
v 1.168466 0.483655 1.128051
v 1.168245 0.475452 1.132653
v 1.168000 0.466241 1.134468
v 1.258000 0.374673 -1.409084
v 1.248729 0.383991 -1.407936
v 1.240366 0.392503 -1.403935
v 1.233729 0.399377 -1.397475
v 1.229468 0.403939 -1.389187
v 1.228000 0.405744 -1.379883
v 1.228000 0.495131 1.103109
v 1.229468 0.494001 1.112519
v 1.233729 0.490046 1.121113
v 1.240366 0.483655 1.128051
v 1.248729 0.475452 1.132653
v 1.258000 0.466241 1.134468
v 1.258000 0.660488 -1.419373
v 1.248729 0.654197 -1.417663
v 1.240366 0.648629 -1.413156
v 1.233729 0.644329 -1.406294
v 1.229468 0.641717 -1.397747
v 1.228000 0.641049 -1.388354
v 1.228000 0.730436 1.094638
v 1.229468 0.731778 1.103958
v 1.233729 0.734998 1.112295
v 1.240366 0.739781 1.118830
v 1.248729 0.745658 1.122925
v 1.258000 0.752056 1.124179
vn -0.0000 0.0360 0.9994
vn 0.0006 0.0360 0.9994
vn 0.0003 0.0360 0.9994
vn -0.0001 0.0360 0.9994
vn 0.0005 0.0360 0.9994
vn -0.0000 -0.0360 -0.9994
vn 0.0006 -0.0360 -0.9994
vn 0.0003 -0.0360 -0.9994
vn -0.0001 -0.0360 -0.9994
vn 0.0005 -0.0360 -0.9994
vn -0.1275 0.2519 -0.9593
vn -0.1169 0.2565 -0.9594
vn -0.0589 0.1109 -0.9921
vn -0.0643 0.1086 -0.9920
vn -0.2412 0.5121 -0.8244
vn -0.2211 0.5207 -0.8246
vn -0.3306 0.7206 -0.6095
vn -0.3031 0.7323 -0.6099
vn -0.3875 0.8581 -0.3369
vn -0.3552 0.8718 -0.3373
vn -0.4058 0.9073 -0.1103
vn -0.3719 0.9216 -0.1109
vn -0.4058 0.9129 0.0448
vn -0.3719 0.9272 0.0443
vn -0.3875 0.8801 0.2743
vn -0.3552 0.8938 0.2738
vn -0.3306 0.7625 0.5561
vn -0.3031 0.7742 0.5556
vn -0.2412 0.5700 0.7854
vn -0.2211 0.5786 0.7851
vn -0.1275 0.3202 0.9387
vn -0.1169 0.3248 0.9385
vn -0.0643 0.1797 0.9816
vn -0.0589 0.1820 0.9815
vn -0.1056 0.2609 -0.9596
vn -0.0532 0.1131 -0.9922
vn -0.1996 0.5289 -0.8249
vn -0.2735 0.7435 -0.6102
vn -0.3205 0.8850 -0.3378
vn -0.3356 0.9354 -0.1113
vn -0.3356 0.9410 0.0438
vn -0.3205 0.9070 0.2733
vn -0.2735 0.7855 0.5552
vn -0.1996 0.5868 0.7847
vn -0.1056 0.3292 0.9383
vn -0.0532 0.1841 0.9815
vn -0.0935 0.2650 -0.9597
vn -0.0471 0.1151 -0.9922
vn -0.1768 0.5365 -0.8251
vn -0.2423 0.7540 -0.6106
vn -0.2840 0.8972 -0.3382
vn -0.2974 0.9482 -0.1118
vn -0.2974 0.9538 0.0433
vn -0.2840 0.9192 0.2728
vn -0.2423 0.7959 0.5548
vn -0.1768 0.5945 0.7844
vn -0.0935 0.3333 0.9382
vn -0.0471 0.1862 0.9814
vn -0.0811 0.2686 -0.9598
vn -0.0408 0.1169 -0.9923
vn -0.1533 0.5434 -0.8254
vn -0.2101 0.7633 -0.6109
vn -0.2462 0.9082 -0.3386
vn -0.2578 0.9597 -0.1122
vn -0.2578 0.9653 0.0429
vn -0.2462 0.9302 0.2724
vn -0.2101 0.8053 0.5544
vn -0.1533 0.6013 0.7842
vn -0.0811 0.3369 0.9380
vn -0.0408 0.1880 0.9813
vn -0.0684 0.2717 -0.9599
vn -0.0345 0.1185 -0.9924
vn -0.1294 0.5492 -0.8256
vn -0.1773 0.7714 -0.6112
vn -0.2077 0.9176 -0.3389
vn -0.2175 0.9695 -0.1126
vn -0.2175 0.9751 0.0426
vn -0.2077 0.9396 0.2721
vn -0.1773 0.8133 0.5542
vn -0.1294 0.6072 0.7840
vn -0.0684 0.3400 0.9379
vn -0.0345 0.1895 0.9813
vn -0.0558 0.2742 -0.9600
vn -0.0281 0.1198 -0.9924
vn -0.1055 0.5540 -0.8258
vn -0.1446 0.7780 -0.6115
vn -0.1694 0.9253 -0.3392
vn -0.1774 0.9776 -0.1129
vn -0.1774 0.9832 0.0423
vn -0.1694 0.9473 0.2718
vn -0.1446 0.8199 0.5539
vn -0.1055 0.6120 0.7838
vn -0.0558 0.3425 0.9378
vn -0.0281 0.1908 0.9812
vn -0.0434 0.2761 -0.9601
vn -0.0219 0.1208 -0.9924
vn -0.0821 0.5577 -0.8259
vn -0.1125 0.7831 -0.6117
vn -0.1319 0.9313 -0.3395
vn -0.1381 0.9839 -0.1131
vn -0.1381 0.9895 0.0421
vn -0.1319 0.9533 0.2716
vn -0.1125 0.8250 0.5538
vn -0.0821 0.6157 0.7837
vn -0.0434 0.3445 0.9378
vn -0.0219 0.1918 0.9812
vn -0.0315 0.2775 -0.9602
vn -0.0159 0.1215 -0.9925
vn -0.0596 0.5604 -0.8261
vn -0.0817 0.7867 -0.6118
vn -0.0958 0.9357 -0.3396
vn -0.1003 0.9885 -0.1133
vn -0.1003 0.9941 0.0419
vn -0.0958 0.9577 0.2715
vn -0.0817 0.8287 0.5537
vn -0.0596 0.6183 0.7836
vn -0.0315 0.3458 0.9378
vn -0.0159 0.1926 0.9812
vn -0.0203 0.2783 -0.9603
vn -0.0102 0.1220 -0.9925
vn -0.0383 0.5621 -0.8262
vn -0.0525 0.7891 -0.6120
vn -0.0616 0.9385 -0.3398
vn -0.0645 0.9915 -0.1134
vn -0.0645 0.9970 0.0418
vn -0.0616 0.9605 0.2714
vn -0.0525 0.8311 0.5536
vn -0.0383 0.6200 0.7836
vn -0.0203 0.3466 0.9378
vn -0.0102 0.1930 0.9811
vn -0.0098 0.2787 -0.9603
vn -0.0049 0.1222 -0.9925
vn -0.0185 0.5630 -0.8263
vn -0.0253 0.7904 -0.6121
vn -0.0297 0.9400 -0.3399
vn -0.0311 0.9931 -0.1134
vn -0.0311 0.9986 0.0417
vn -0.0297 0.9620 0.2714
vn -0.0253 0.8324 0.5537
vn -0.0185 0.6209 0.7837
vn -0.0098 0.3470 0.9378
vn -0.0049 0.1933 0.9811
vn 0.0053 0.2801 -0.9599
vn 0.0026 0.1222 -0.9925
vn 0.0100 0.5641 -0.8257
vn 0.0136 0.7911 -0.6115
vn 0.0160 0.9405 -0.3395
vn 0.0167 0.9934 -0.1134
vn 0.0167 0.9990 0.0417
vn 0.0160 0.9624 0.2710
vn 0.0136 0.8331 0.5530
vn 0.0100 0.6220 0.7830
vn 0.0053 0.3485 0.9373
vn 0.0026 0.1933 0.9811
vn 0.0317 0.2802 -0.9594
vn 0.0158 0.1213 -0.9925
vn 0.0596 0.5622 -0.8249
vn 0.0815 0.7876 -0.6107
vn 0.0955 0.9359 -0.3390
vn 0.1000 0.9885 -0.1132
vn 0.1000 0.9941 0.0419
vn 0.0955 0.9579 0.2708
vn 0.0815 0.8295 0.5525
vn 0.0596 0.6200 0.7823
vn 0.0317 0.3485 0.9368
vn 0.0158 0.1924 0.9812
vn 0.0655 0.2753 -0.9591
vn 0.0326 0.1187 -0.9924
vn 0.1230 0.5525 -0.8244
vn 0.1682 0.7742 -0.6101
vn 0.1970 0.9202 -0.3384
vn 0.2062 0.9720 -0.1126
vn 0.2062 0.9776 0.0425
vn 0.1970 0.9421 0.2713
vn 0.1682 0.8161 0.5529
vn 0.1230 0.6104 0.7825
vn 0.0655 0.3435 0.9369
vn 0.0326 0.1897 0.9813
vn 0.1012 0.2659 -0.9587
vn 0.0504 0.1138 -0.9922
vn 0.1900 0.5344 -0.8236
vn 0.2598 0.7493 -0.6091
vn 0.3041 0.8909 -0.3373
vn 0.3184 0.9414 -0.1115
vn 0.3184 0.9470 0.0436
vn 0.3041 0.9129 0.2723
vn 0.2598 0.7912 0.5537
vn 0.1900 0.5923 0.7830
vn 0.1012 0.3341 0.9371
vn 0.0504 0.1849 0.9815
vn 0.1381 0.2511 -0.9580
vn 0.0687 0.1063 -0.9920
vn 0.2591 0.5064 -0.8224
vn 0.3543 0.7108 -0.6076
vn 0.4148 0.8458 -0.3356
vn 0.4342 0.8941 -0.1098
vn 0.4342 0.8997 0.0453
vn 0.4148 0.8677 0.2739
vn 0.3543 0.7527 0.5550
vn 0.2591 0.5642 0.7839
vn 0.1381 0.3194 0.9375
vn 0.0687 0.1773 0.9818
vn 0.1751 0.2304 -0.9572
vn 0.0870 0.0958 -0.9916
vn 0.3284 0.4671 -0.8209
vn 0.4489 0.6571 -0.6056
vn 0.5255 0.7828 -0.3333
vn 0.5501 0.8281 -0.1075
vn 0.5501 0.8337 0.0476
vn 0.5255 0.8047 0.2761
vn 0.4489 0.6989 0.5568
vn 0.3284 0.5250 0.7852
vn 0.1751 0.2986 0.9382
vn 0.0870 0.1669 0.9821
vn 0.2107 0.2034 -0.9562
vn 0.1045 0.0823 -0.9911
vn 0.3950 0.4162 -0.8190
vn 0.5398 0.5873 -0.6030
vn 0.6319 0.7011 -0.3303
vn 0.6615 0.7426 -0.1044
vn 0.6615 0.7482 0.0507
vn 0.6319 0.7231 0.2790
vn 0.5398 0.6292 0.5592
vn 0.3950 0.4740 0.7869
vn 0.2107 0.2716 0.9391
vn 0.1045 0.1533 0.9826
vn 0.2431 0.1703 -0.9549
vn 0.1205 0.0658 -0.9905
vn 0.4556 0.3541 -0.8167
vn 0.6225 0.5025 -0.5999
vn 0.7288 0.6018 -0.3267
vn 0.7629 0.6386 -0.1007
vn 0.7629 0.6442 0.0545
vn 0.7288 0.6237 0.2826
vn 0.6225 0.5443 0.5623
vn 0.4556 0.4120 0.7891
vn 0.2431 0.2385 0.9402
vn 0.1205 0.1369 0.9832
vn 0.2706 0.1323 -0.9536
vn 0.1342 0.0470 -0.9898
vn 0.5071 0.2829 -0.8141
vn 0.6929 0.4051 -0.5964
vn 0.8112 0.4878 -0.3226
vn 0.8491 0.5193 -0.0964
vn 0.8491 0.5249 0.0588
vn 0.8112 0.5097 0.2867
vn 0.6929 0.4470 0.5658
vn 0.5071 0.3407 0.7917
vn 0.2706 0.2005 0.9416
vn 0.1342 0.1180 0.9839
vn 0.2919 0.0910 -0.9521
vn 0.1448 0.0265 -0.9891
vn 0.5472 0.2055 -0.8114
vn 0.7477 0.2994 -0.5927
vn 0.8754 0.3640 -0.3182
vn 0.9163 0.3898 -0.0917
vn 0.9163 0.3954 0.0634
vn 0.8754 0.3860 0.2912
vn 0.7477 0.3413 0.5696
vn 0.5472 0.2633 0.7945
vn 0.2919 0.1592 0.9431
vn 0.1448 0.0976 0.9846
vn 0.3065 0.0483 -0.9506
vn 0.1522 0.0054 -0.9883
vn 0.5748 0.1256 -0.8086
vn 0.7856 0.1903 -0.5888
vn 0.9197 0.2363 -0.3136
vn 0.9628 0.2560 -0.0869
vn 0.9628 0.2616 0.0682
vn 0.9197 0.2582 0.2958
vn 0.7856 0.2321 0.5736
vn 0.5748 0.1834 0.7975
vn 0.3065 0.1165 0.9447
vn 0.1522 0.0764 0.9854
vn 0.3146 0.0062 -0.9492
vn 0.1563 -0.0155 -0.9876
vn 0.5902 0.0467 -0.8059
vn 0.8068 0.0825 -0.5850
vn 0.9446 0.1101 -0.3091
vn 0.9889 0.1240 -0.0821
vn 0.9889 0.1296 0.0730
vn 0.9446 0.1321 0.3004
vn 0.8068 0.1243 0.5776
vn 0.5902 0.1046 0.8004
vn 0.3146 0.0744 0.9463
vn 0.1563 0.0556 0.9861
vn 0.3156 -0.0289 -0.9485
vn 0.1578 -0.0329 -0.9869
vn 0.5941 -0.0191 -0.8042
vn 0.8129 -0.0075 -0.5823
vn 0.9522 0.0048 -0.3056
vn 0.9968 0.0137 -0.0781
vn 0.9968 0.0193 0.0769
vn 0.9522 0.0268 0.3044
vn 0.8129 0.0344 0.5813
vn 0.5941 0.0388 0.8035
vn 0.3156 0.0394 0.9481
vn 0.1578 0.0381 0.9867
vn 0.3140 -0.0535 -0.9479
vn 0.1576 -0.0452 -0.9865
vn 0.5924 -0.0654 -0.8030
vn 0.8112 -0.0709 -0.5804
vn 0.9504 -0.0695 -0.3031
vn 0.9951 -0.0641 -0.0753
vn 0.9951 -0.0585 0.0798
vn 0.9504 -0.0475 0.3074
vn 0.8112 -0.0290 0.5840
vn 0.5924 -0.0075 0.8056
vn 0.3140 0.0148 0.9493
vn 0.1576 0.0258 0.9872
vn 0.3123 -0.0758 -0.9470
vn 0.1565 -0.0564 -0.9861
vn 0.5886 -0.1075 -0.8012
vn 0.8057 -0.1285 -0.5782
vn 0.9439 -0.1369 -0.3006
vn 0.9882 -0.1347 -0.0728
vn 0.9882 -0.1291 0.0823
vn 0.9439 -0.1150 0.3097
vn 0.8057 -0.0866 0.5859
vn 0.5886 -0.0496 0.8069
vn 0.3123 -0.0075 0.9500
vn 0.1565 0.0146 0.9876
vn 0.3082 -0.1015 -0.9459
vn 0.1542 -0.0692 -0.9856
vn 0.5804 -0.1558 -0.7993
vn 0.7942 -0.1946 -0.5756
vn 0.9303 -0.2143 -0.2977
vn 0.9740 -0.2157 -0.0699
vn 0.9740 -0.2101 0.0852
vn 0.9303 -0.1924 0.3124
vn 0.7942 -0.1527 0.5881
vn 0.5804 -0.0979 0.8084
vn 0.3082 -0.0332 0.9507
vn 0.1542 0.0018 0.9880
vn 0.3010 -0.1301 -0.9447
vn 0.1503 -0.0834 -0.9851
vn 0.5663 -0.2094 -0.7972
vn 0.7747 -0.2679 -0.5728
vn 0.9073 -0.3002 -0.2945
vn 0.9498 -0.3056 -0.0666
vn 0.9498 -0.3000 0.0884
vn 0.9073 -0.2782 0.3154
vn 0.7747 -0.2260 0.5906
vn 0.5663 -0.1516 0.8102
vn 0.3010 -0.0618 0.9516
vn 0.1503 -0.0124 0.9886
vn 0.2899 -0.1604 -0.9435
vn 0.1446 -0.0985 -0.9846
vn 0.5450 -0.2664 -0.7950
vn 0.7454 -0.3458 -0.5699
vn 0.8730 -0.3914 -0.2912
vn 0.9139 -0.4010 -0.0632
vn 0.9139 -0.3954 0.0919
vn 0.8730 -0.3694 0.3186
vn 0.7454 -0.3039 0.5933
vn 0.5450 -0.2085 0.8121
vn 0.2899 -0.0922 0.9526
vn 0.1446 -0.0275 0.9891
vn 0.2747 -0.1910 -0.9424
vn 0.1369 -0.1138 -0.9840
vn 0.5162 -0.3238 -0.7929
vn 0.7060 -0.4243 -0.5670
vn 0.8268 -0.4833 -0.2879
vn 0.8655 -0.4973 -0.0597
vn 0.8655 -0.4917 0.0953
vn 0.8268 -0.4613 0.3219
vn 0.7060 -0.3824 0.5961
vn 0.5162 -0.2660 0.8141
vn 0.2747 -0.1228 0.9537
vn 0.1369 -0.0427 0.9897
vn 0.2558 -0.2201 -0.9413
vn 0.1275 -0.1282 -0.9835
vn 0.4808 -0.3785 -0.7909
vn 0.6577 -0.4990 -0.5643
vn 0.7701 -0.5708 -0.2847
vn 0.8062 -0.5889 -0.0564
vn 0.8062 -0.5833 0.0986
vn 0.7701 -0.5489 0.3250
vn 0.6577 -0.4571 0.5988
vn 0.4808 -0.3206 0.8161
vn 0.2558 -0.1518 0.9547
vn 0.1275 -0.0572 0.9902
vn 0.2345 -0.2460 -0.9405
vn 0.1170 -0.1413 -0.9830
vn 0.4409 -0.4274 -0.7892
vn 0.6031 -0.5660 -0.5620
vn 0.7063 -0.6494 -0.2819
vn 0.7394 -0.6711 -0.0535
vn 0.7394 -0.6655 0.1016
vn 0.7063 -0.6274 0.3279
vn 0.6031 -0.5242 0.6013
vn 0.4409 -0.3696 0.8179
vn 0.2345 -0.1778 0.9557
vn 0.1170 -0.0702 0.9906
vn 0.2121 -0.2679 -0.9398
vn 0.1060 -0.1524 -0.9826
vn 0.3991 -0.4689 -0.7879
vn 0.5461 -0.6230 -0.5601
vn 0.6396 -0.7161 -0.2796
vn 0.6696 -0.7410 -0.0510
vn 0.6696 -0.7354 0.1041
vn 0.6396 -0.6941 0.3304
vn 0.5461 -0.5811 0.6034
vn 0.3991 -0.4111 0.8196
vn 0.2121 -0.1997 0.9566
vn 0.1060 -0.0813 0.9910
vn 0.1901 -0.2856 -0.9393
vn 0.0952 -0.1614 -0.9823
vn 0.3582 -0.5025 -0.7869
vn 0.4902 -0.6691 -0.5586
vn 0.5742 -0.7702 -0.2777
vn 0.6011 -0.7977 -0.0489
vn 0.6011 -0.7921 0.1062
vn 0.5742 -0.7482 0.3324
vn 0.4902 -0.6272 0.6053
vn 0.3582 -0.4446 0.8210
vn 0.1901 -0.2173 0.9574
vn 0.0952 -0.0903 0.9914
vn 0.1019 -0.1649 -0.9810
vn 0.0851 -0.1684 -0.9820
vn 0.8585 0.4935 0.1396
vn 0.8157 0.5706 0.0945
vn 0.7923 0.6089 0.0387
vn 0.8146 0.5799 -0.0131
vn 0.8146 0.5794 -0.0286
vn 0.7923 0.6045 -0.0823
vn 0.8157 0.5624 -0.1353
vn 0.8585 0.4822 -0.1747
vn 0.1019 -0.0939 0.9904
vn 0.0851 -0.0973 0.9916
vn -0.2515 0.0141 0.9677
vn 0.0693 -0.0302 -0.9971
vn -0.3681 0.0030 0.9298
vn -0.5940 -0.0201 0.8042
vn -0.8605 -0.0529 0.5067
vn -0.9843 -0.0756 0.1598
vn -0.9843 -0.0869 -0.1539
vn -0.8605 -0.0892 -0.5016
vn -0.5940 -0.0779 -0.8006
vn -0.3681 -0.0638 -0.9276
vn -0.2515 -0.0556 -0.9663
vn 0.0693 0.0416 0.9967
vn 0.0994 0.1048 -0.9895
vn 0.0669 0.1071 -0.9920
vn 0.9148 -0.3661 0.1706
vn 0.8827 -0.4511 0.1314
vn 0.8648 -0.4960 0.0786
vn 0.8833 -0.4682 0.0246
vn 0.8833 -0.4687 0.0091
vn 0.8648 -0.5003 -0.0427
vn 0.8827 -0.4594 -0.0987
vn 0.9148 -0.3774 -0.1438
vn 0.0994 0.1757 0.9794
vn 0.0669 0.1781 0.9817
vn 0.1732 0.2317 -0.9573
vn 0.0860 0.0965 -0.9916
vn 0.3248 0.4695 -0.8210
vn 0.4439 0.6603 -0.6057
vn 0.5197 0.7866 -0.3334
vn 0.5440 0.8321 -0.1076
vn 0.5440 0.8377 0.0475
vn 0.5197 0.8086 0.2760
vn 0.4439 0.7022 0.5567
vn 0.3248 0.5274 0.7851
vn 0.1732 0.2999 0.9381
vn 0.0860 0.1675 0.9821
vn 0.2072 0.2059 -0.9564
vn 0.1030 0.0838 -0.9912
vn 0.3887 0.4214 -0.8194
vn 0.5313 0.5946 -0.6034
vn 0.6221 0.7097 -0.3307
vn 0.6512 0.7516 -0.1047
vn 0.6512 0.7572 0.0504
vn 0.6221 0.7316 0.2788
vn 0.5313 0.6365 0.5591
vn 0.3887 0.4792 0.7869
vn 0.2072 0.2741 0.9391
vn 0.1030 0.1548 0.9826
vn 0.2358 0.1774 -0.9555
vn 0.1173 0.0697 -0.9906
vn 0.4427 0.3682 -0.8176
vn 0.6053 0.5221 -0.6009
vn 0.7087 0.6248 -0.3277
vn 0.7419 0.6628 -0.1015
vn 0.7419 0.6684 0.0536
vn 0.7087 0.6467 0.2819
vn 0.6053 0.5639 0.5618
vn 0.4427 0.4261 0.7890
vn 0.2358 0.2456 0.9402
vn 0.1173 0.1408 0.9831
vn 0.2589 0.1478 -0.9545
vn 0.1290 0.0551 -0.9901
vn 0.4865 0.3130 -0.8157
vn 0.6652 0.4466 -0.5983
vn 0.7790 0.5365 -0.3245
vn 0.8155 0.5704 -0.0982
vn 0.8155 0.5759 0.0569
vn 0.7790 0.5585 0.2851
vn 0.6652 0.4885 0.5647
vn 0.4864 0.3708 0.7911
vn 0.2589 0.2161 0.9414
vn 0.1290 0.1262 0.9836
vn 0.2769 0.1184 -0.9536
vn 0.1382 0.0406 -0.9896
vn 0.5206 0.2579 -0.8139
vn 0.7122 0.3714 -0.5957
vn 0.8340 0.4484 -0.3214
vn 0.8731 0.4782 -0.0949
vn 0.8731 0.4838 0.0602
vn 0.8340 0.4704 0.2884
vn 0.7122 0.4132 0.5675
vn 0.5206 0.3157 0.7933
vn 0.2769 0.1867 0.9426
vn 0.1382 0.1116 0.9841
vn 0.2904 0.0899 -0.9527
vn 0.1451 0.0264 -0.9891
vn 0.5465 0.2044 -0.8121
vn 0.7477 0.2983 -0.5932
vn 0.8757 0.3629 -0.3184
vn 0.9168 0.3887 -0.0916
vn 0.9168 0.3943 0.0634
vn 0.8757 0.3849 0.2915
vn 0.7477 0.3402 0.5703
vn 0.5465 0.2623 0.7953
vn 0.2904 0.1581 0.9437
vn 0.1451 0.0975 0.9846
vn 0.3003 0.0627 -0.9518
vn 0.1502 0.0129 -0.9886
vn 0.5654 0.1533 -0.8104
vn 0.7738 0.2285 -0.5908
vn 0.9063 0.2812 -0.3155
vn 0.9488 0.3031 -0.0886
vn 0.9488 0.3086 0.0665
vn 0.9063 0.3031 0.2945
vn 0.7738 0.2704 0.5729
vn 0.5654 0.2112 0.7973
vn 0.3003 0.1309 0.9448
vn 0.1502 0.0839 0.9851
vn 0.3072 0.0368 -0.9509
vn 0.1538 -0.0000 -0.9881
vn 0.5787 0.1047 -0.8088
vn 0.7921 0.1620 -0.5885
vn 0.9278 0.2034 -0.3128
vn 0.9714 0.2216 -0.0856
vn 0.9714 0.2272 0.0695
vn 0.9278 0.2253 0.2974
vn 0.7921 0.2039 0.5754
vn 0.5787 0.1626 0.7992
vn 0.3072 0.1051 0.9458
vn 0.1538 0.0711 0.9855
vn 0.3116 0.0123 -0.9501
vn 0.1561 -0.0123 -0.9877
vn 0.5873 0.0585 -0.8072
vn 0.8040 0.0988 -0.5863
vn 0.9419 0.1292 -0.3102
vn 0.9861 0.1440 -0.0828
vn 0.9861 0.1496 0.0723
vn 0.9419 0.1512 0.3001
vn 0.8040 0.1407 0.5777
vn 0.5873 0.1164 0.8009
vn 0.3116 0.0805 0.9468
vn 0.1561 0.0588 0.9860
vn 0.3141 -0.0113 -0.9493
vn 0.1574 -0.0241 -0.9872
vn 0.5922 0.0142 -0.8057
vn 0.8107 0.0381 -0.5842
vn 0.9497 0.0582 -0.3077
vn 0.9943 0.0696 -0.0802
vn 0.9943 0.0752 0.0749
vn 0.9497 0.0801 0.3027
vn 0.8107 0.0800 0.5800
vn 0.5922 0.0721 0.8026
vn 0.3141 0.0570 0.9477
vn 0.1574 0.0470 0.9864
vn 0.3159 -0.0381 -0.9480
vn 0.1578 -0.0375 -0.9868
vn 0.5943 -0.0365 -0.8034
vn 0.8131 -0.0312 -0.5813
vn 0.9522 -0.0230 -0.3045
vn 0.9969 -0.0154 -0.0771
vn 0.9969 -0.0098 0.0780
vn 0.9522 -0.0011 0.3054
vn 0.8131 0.0106 0.5821
vn 0.5943 0.0214 0.8040
vn 0.3159 0.0301 0.9483
vn 0.1578 0.0335 0.9869
vn 0.3145 -0.0737 -0.9464
vn 0.1564 -0.0552 -0.9861
vn 0.5903 -0.1031 -0.8005
vn 0.8070 -0.1224 -0.5777
vn 0.9449 -0.1297 -0.3005
vn 0.9892 -0.1271 -0.0731
vn 0.9892 -0.1215 0.0820
vn 0.9449 -0.1078 0.3090
vn 0.8070 -0.0805 0.5850
vn 0.5903 -0.0453 0.8059
vn 0.3145 -0.0054 0.9492
vn 0.1564 0.0159 0.9876
vn 0.3069 -0.1141 -0.9449
vn 0.1525 -0.0753 -0.9854
vn 0.5758 -0.1790 -0.7977
vn 0.7871 -0.2261 -0.5739
vn 0.9215 -0.2512 -0.2961
vn 0.9647 -0.2543 -0.0685
vn 0.9647 -0.2487 0.0866
vn 0.9215 -0.2293 0.3134
vn 0.7871 -0.1843 0.5887
vn 0.5758 -0.1212 0.8085
vn 0.3069 -0.0459 0.9506
vn 0.1525 -0.0042 0.9883
vn 0.2935 -0.1546 -0.9434
vn 0.1458 -0.0954 -0.9847
vn 0.5505 -0.2549 -0.7949
vn 0.7525 -0.3298 -0.5701
vn 0.8810 -0.3726 -0.2917
vn 0.9222 -0.3813 -0.0639
vn 0.9222 -0.3757 0.0912
vn 0.8810 -0.3506 0.3177
vn 0.7525 -0.2879 0.5923
vn 0.5505 -0.1971 0.8112
vn 0.2935 -0.0864 0.9520
vn 0.1458 -0.0243 0.9890
vn 0.2743 -0.1937 -0.9419
vn 0.1362 -0.1148 -0.9840
vn 0.5144 -0.3282 -0.7923
vn 0.7030 -0.4300 -0.5665
vn 0.8230 -0.4899 -0.2874
vn 0.8616 -0.5041 -0.0595
vn 0.8616 -0.4985 0.0956
vn 0.8230 -0.4679 0.3219
vn 0.7030 -0.3881 0.5959
vn 0.5144 -0.2704 0.8138
vn 0.2743 -0.1255 0.9534
vn 0.1362 -0.0437 0.9897
vn 0.2495 -0.2302 -0.9406
vn 0.1239 -0.1329 -0.9834
vn 0.4679 -0.3966 -0.7898
vn 0.6395 -0.5234 -0.5631
vn 0.7487 -0.5993 -0.2835
vn 0.7837 -0.6186 -0.0554
vn 0.7837 -0.6130 0.0997
vn 0.7487 -0.5773 0.3259
vn 0.6395 -0.4816 0.5993
vn 0.4679 -0.3388 0.8163
vn 0.2495 -0.1620 0.9547
vn 0.1239 -0.0618 0.9904
vn 0.2199 -0.2628 -0.9394
vn 0.1092 -0.1491 -0.9828
vn 0.4124 -0.4578 -0.7876
vn 0.5636 -0.6071 -0.5601
vn 0.6599 -0.6973 -0.2800
vn 0.6908 -0.7212 -0.0517
vn 0.6908 -0.7156 0.1034
vn 0.6599 -0.6753 0.3294
vn 0.5636 -0.5653 0.6023
vn 0.4124 -0.4000 0.8185
vn 0.2199 -0.1946 0.9559
vn 0.1092 -0.0780 0.9910
vn 0.1864 -0.2907 -0.9385
vn 0.0926 -0.1630 -0.9823
vn 0.3497 -0.5102 -0.7858
vn 0.4779 -0.6788 -0.5575
vn 0.5596 -0.7811 -0.2770
vn 0.5858 -0.8090 -0.0485
vn 0.5858 -0.8035 0.1066
vn 0.5596 -0.7592 0.3324
vn 0.4779 -0.6369 0.6049
vn 0.3497 -0.4524 0.8204
vn 0.1864 -0.2225 0.9569
vn 0.0926 -0.0919 0.9915
vn 0.1502 -0.3133 -0.9377
vn 0.0746 -0.1743 -0.9819
vn 0.2818 -0.5527 -0.7843
vn 0.3852 -0.7369 -0.5555
vn 0.4510 -0.8492 -0.2745
vn 0.4722 -0.8803 -0.0460
vn 0.4722 -0.8747 0.1091
vn 0.4510 -0.8273 0.3349
vn 0.3852 -0.6950 0.6070
vn 0.2818 -0.4949 0.8220
vn 0.1502 -0.2451 0.9578
vn 0.0746 -0.1032 0.9919
vn 0.1125 -0.3304 -0.9371
vn 0.0559 -0.1828 -0.9816
vn 0.2111 -0.5849 -0.7832
vn 0.2885 -0.7809 -0.5540
vn 0.3378 -0.9008 -0.2727
vn 0.3537 -0.9343 -0.0440
vn 0.3537 -0.9288 0.1111
vn 0.3378 -0.8789 0.3368
vn 0.2885 -0.7391 0.6087
vn 0.2111 -0.5270 0.8232
vn 0.1125 -0.2621 0.9585
vn 0.0559 -0.1118 0.9922
vn 0.0743 -0.3420 -0.9368
vn 0.0370 -0.1887 -0.9813
vn 0.1394 -0.6069 -0.7825
vn 0.1906 -0.8111 -0.5529
vn 0.2232 -0.9362 -0.2715
vn 0.2337 -0.9714 -0.0427
vn 0.2337 -0.9658 0.1124
vn 0.2232 -0.9143 0.3381
vn 0.1906 -0.7693 0.6098
vn 0.1394 -0.5490 0.8241
vn 0.0743 -0.2737 0.9589
vn 0.0370 -0.1176 0.9924
vn 0.0366 -0.3485 -0.9366
vn 0.0182 -0.1921 -0.9812
vn 0.0687 -0.6193 -0.7821
vn 0.0939 -0.8283 -0.5524
vn 0.1100 -0.9563 -0.2708
vn 0.1152 -0.9925 -0.0419
vn 0.1152 -0.9869 0.1132
vn 0.1100 -0.9344 0.3388
vn 0.0939 -0.7864 0.6105
vn 0.0687 -0.5615 0.8246
vn 0.0366 -0.2802 0.9592
vn 0.0182 -0.1210 0.9925
vn 0.0051 -0.3492 -0.9371
vn 0.0025 -0.1932 -0.9811
vn 0.0095 -0.6224 -0.7826
vn 0.0131 -0.8333 -0.5527
vn 0.0153 -0.9625 -0.2708
vn 0.0160 -0.9990 -0.0417
vn 0.0160 -0.9934 0.1134
vn 0.0153 -0.9405 0.3393
vn 0.0131 -0.7914 0.6112
vn 0.0095 -0.5645 0.8254
vn 0.0051 -0.2809 0.9597
vn 0.0025 -0.1222 0.9925
vn -0.0152 -0.3475 -0.9376
vn -0.0077 -0.1932 -0.9811
vn -0.0288 -0.6209 -0.7833
vn -0.0395 -0.8320 -0.5534
vn -0.0462 -0.9614 -0.2712
vn -0.0484 -0.9980 -0.0417
vn -0.0484 -0.9924 0.1134
vn -0.0462 -0.9394 0.3396
vn -0.0395 -0.7901 0.6117
vn -0.0288 -0.5630 0.8259
vn -0.0152 -0.2792 0.9601
vn -0.0077 -0.1221 0.9925
vn -0.0300 -0.3463 -0.9376
vn -0.0151 -0.1926 -0.9812
vn -0.0567 -0.6189 -0.7834
vn -0.0777 -0.8292 -0.5535
vn -0.0910 -0.9582 -0.2714
vn -0.0953 -0.9946 -0.0419
vn -0.0953 -0.9890 0.1133
vn -0.0910 -0.9362 0.3395
vn -0.0777 -0.7873 0.6117
vn -0.0567 -0.5610 0.8259
vn -0.0300 -0.2780 0.9601
vn -0.0151 -0.1216 0.9925
vn -0.0441 -0.3446 -0.9377
vn -0.0222 -0.1918 -0.9812
vn -0.0834 -0.6157 -0.7836
vn -0.1143 -0.8249 -0.5537
vn -0.1339 -0.9531 -0.2716
vn -0.1402 -0.9892 -0.0421
vn -0.1402 -0.9836 0.1131
vn -0.1339 -0.9311 0.3394
vn -0.1143 -0.7829 0.6116
vn -0.0834 -0.5577 0.8258
vn -0.0441 -0.2763 0.9601
vn -0.0222 -0.1207 0.9924
vn -0.0576 -0.3423 -0.9378
vn -0.0290 -0.1907 -0.9812
vn -0.1089 -0.6114 -0.7838
vn -0.1492 -0.8191 -0.5539
vn -0.1748 -0.9463 -0.2718
vn -0.1831 -0.9822 -0.0423
vn -0.1831 -0.9766 0.1128
vn -0.1748 -0.9243 0.3392
vn -0.1492 -0.7771 0.6114
vn -0.1089 -0.5535 0.8257
vn -0.0576 -0.2740 0.9600
vn -0.0290 -0.1196 0.9924
vn -0.0704 -0.3396 -0.9379
vn -0.0355 -0.1893 -0.9813
vn -0.1331 -0.6063 -0.7840
vn -0.1824 -0.8121 -0.5542
vn -0.2138 -0.9382 -0.2721
vn -0.2238 -0.9737 -0.0426
vn -0.2238 -0.9681 0.1125
vn -0.2138 -0.9162 0.3389
vn -0.1824 -0.7702 0.6112
vn -0.1331 -0.5484 0.8256
vn -0.0704 -0.2712 0.9599
vn -0.0355 -0.1183 0.9923
vn -0.0826 -0.3364 -0.9381
vn -0.0416 -0.1878 -0.9813
vn -0.1561 -0.6005 -0.7842
vn -0.2139 -0.8042 -0.5545
vn -0.2507 -0.9289 -0.2725
vn -0.2625 -0.9640 -0.0430
vn -0.2625 -0.9584 0.1122
vn -0.2507 -0.9069 0.3386
vn -0.2139 -0.7622 0.6109
vn -0.1561 -0.5425 0.8254
vn -0.0826 -0.2681 0.9598
vn -0.0416 -0.1167 0.9923
vn -0.0940 -0.3330 -0.9382
vn -0.0474 -0.1861 -0.9814
vn -0.1778 -0.5941 -0.7845
vn -0.2437 -0.7954 -0.5549
vn -0.2856 -0.9187 -0.2729
vn -0.2991 -0.9532 -0.0434
vn -0.2991 -0.9477 0.1118
vn -0.2856 -0.8967 0.3382
vn -0.2437 -0.7535 0.6106
vn -0.1778 -0.5361 0.8252
vn -0.0940 -0.2647 0.9597
vn -0.0474 -0.1150 0.9922
vn -0.1049 -0.3293 -0.9384
vn -0.0528 -0.1843 -0.9815
vn -0.1983 -0.5872 -0.7848
vn -0.2718 -0.7860 -0.5553
vn -0.3186 -0.9076 -0.2733
vn -0.3336 -0.9417 -0.0438
vn -0.3336 -0.9361 0.1114
vn -0.3186 -0.8856 0.3379
vn -0.2718 -0.7440 0.6103
vn -0.1983 -0.5292 0.8250
vn -0.1049 -0.2610 0.9596
vn -0.0528 -0.1132 0.9922
vn -0.1151 -0.3254 -0.9386
vn -0.0580 -0.1823 -0.9815
vn -0.2177 -0.5799 -0.7851
vn -0.2984 -0.7760 -0.5556
vn -0.3497 -0.8960 -0.2737
vn -0.3662 -0.9295 -0.0442
vn -0.3662 -0.9239 0.1109
vn -0.3497 -0.8740 0.3375
vn -0.2984 -0.7341 0.6100
vn -0.2177 -0.5219 0.8248
vn -0.1151 -0.2571 0.9595
vn -0.0580 -0.1113 0.9921
vn -0.1247 -0.3213 -0.9387
vn -0.0629 -0.1803 -0.9816
vn -0.2359 -0.5723 -0.7854
vn -0.3233 -0.7657 -0.5561
vn -0.3790 -0.8838 -0.2742
vn -0.3969 -0.9168 -0.0447
vn -0.3969 -0.9112 0.1105
vn -0.3790 -0.8618 0.3370
vn -0.3233 -0.7237 0.6097
vn -0.2359 -0.5143 0.8245
vn -0.1247 -0.2530 0.9594
vn -0.0629 -0.1093 0.9920
vn -0.1337 -0.3172 -0.9389
vn -0.0674 -0.1782 -0.9817
vn -0.2530 -0.5645 -0.7857
vn -0.3469 -0.7550 -0.5565
vn -0.4066 -0.8714 -0.2747
vn -0.4257 -0.9037 -0.0452
vn -0.4257 -0.8981 0.1100
vn -0.4066 -0.8494 0.3366
vn -0.3469 -0.7130 0.6093
vn -0.2531 -0.5065 0.8243
vn -0.1337 -0.2488 0.9593
vn -0.0674 -0.1072 0.9919
vn -0.2666 -0.2001 -0.9428
vn -0.1142 -0.1067 -0.9877
vn -0.4810 -0.3290 -0.8126
vn -0.6679 -0.4379 -0.6017
vn -0.8003 -0.5101 -0.3151
vn -0.8455 -0.5294 -0.0695
vn -0.8455 -0.5231 0.1074
vn -0.8003 -0.4861 0.3510
vn -0.6679 -0.3935 0.6317
vn -0.4810 -0.2698 0.8342
vn -0.2666 -0.1318 0.9548
vn -0.1142 -0.0354 0.9928
vn -0.1009 0.1502 -0.9835
vn -0.0365 0.0311 -0.9989
vn -0.1894 0.3146 -0.9301
vn -0.2994 0.5216 -0.7989
vn -0.4197 0.7533 -0.5063
vn -0.4730 0.8632 -0.1766
vn -0.4730 0.8736 0.1140
vn -0.4197 0.7878 0.4508
vn -0.2994 0.5777 0.7593
vn -0.1894 0.3807 0.9051
vn -0.1009 0.2205 0.9702
vn -0.0365 0.1028 0.9940
vn 0.1631 0.2292 -0.9596
vn 0.0831 0.0987 -0.9916
vn 0.3106 0.4725 -0.8247
vn 0.4268 0.6682 -0.6094
vn 0.5009 0.7977 -0.3358
vn 0.5247 0.8444 -0.1082
vn 0.5247 0.8500 0.0472
vn 0.5009 0.8198 0.2776
vn 0.4268 0.7103 0.5598
vn 0.3106 0.5306 0.7886
vn 0.1631 0.2976 0.9406
vn 0.0831 0.1697 0.9820
vn 0.1523 0.2355 -0.9599
vn 0.0776 0.1019 -0.9918
vn 0.2901 0.4846 -0.8252
vn 0.3987 0.6848 -0.6101
vn 0.4678 0.8172 -0.3365
vn 0.4901 0.8648 -0.1090
vn 0.4901 0.8704 0.0465
vn 0.4678 0.8393 0.2769
vn 0.3987 0.7269 0.5592
vn 0.2901 0.5427 0.7883
vn 0.1523 0.3039 0.9405
vn 0.0776 0.1730 0.9819
vn 0.1406 0.2416 -0.9601
vn 0.0717 0.1051 -0.9919
vn 0.2678 0.4964 -0.8257
vn 0.3681 0.7011 -0.6107
vn 0.4320 0.8364 -0.3373
vn 0.4525 0.8850 -0.1097
vn 0.4525 0.8906 0.0458
vn 0.4320 0.8585 0.2762
vn 0.3681 0.7432 0.5587
vn 0.2678 0.5545 0.7879
vn 0.1406 0.3100 0.9403
vn 0.0717 0.1762 0.9817
vn 0.1280 0.2476 -0.9604
vn 0.0653 0.1082 -0.9920
vn 0.2438 0.5079 -0.8262
vn 0.3351 0.7169 -0.6113
vn 0.3933 0.8550 -0.3380
vn 0.4120 0.9045 -0.1104
vn 0.4120 0.9101 0.0451
vn 0.3933 0.8771 0.2756
vn 0.3351 0.7590 0.5582
vn 0.2438 0.5660 0.7875
vn 0.1280 0.3160 0.9401
vn 0.0653 0.1792 0.9816
vn 0.1144 0.2532 -0.9606
vn 0.0584 0.1111 -0.9921
vn 0.2180 0.5187 -0.8267
vn 0.2997 0.7319 -0.6119
vn 0.3517 0.8727 -0.3386
vn 0.3685 0.9230 -0.1111
vn 0.3685 0.9286 0.0444
vn 0.3517 0.8948 0.2750
vn 0.2997 0.7740 0.5577
vn 0.2180 0.5768 0.7872
vn 0.1144 0.3216 0.9399
vn 0.0584 0.1822 0.9815
vn 0.0999 0.2584 -0.9608
vn 0.0510 0.1138 -0.9922
vn 0.1905 0.5288 -0.8271
vn 0.2619 0.7458 -0.6125
vn 0.3074 0.8890 -0.3393
vn 0.3220 0.9401 -0.1117
vn 0.3220 0.9457 0.0438
vn 0.3074 0.9111 0.2745
vn 0.2619 0.7879 0.5573
vn 0.1905 0.5869 0.7869
vn 0.0999 0.3269 0.9398
vn 0.0510 0.1849 0.9814
vn 0.0847 0.2631 -0.9610
vn 0.0432 0.1163 -0.9923
vn 0.1614 0.5378 -0.8275
vn 0.2219 0.7583 -0.6130
vn 0.2605 0.9037 -0.3398
vn 0.2729 0.9555 -0.1123
vn 0.2729 0.9611 0.0433
vn 0.2605 0.9258 0.2740
vn 0.2219 0.8004 0.5569
vn 0.1614 0.5959 0.7866
vn 0.0847 0.3315 0.9396
vn 0.0432 0.1873 0.9814
vn 0.0687 0.2671 -0.9612
vn 0.0351 0.1183 -0.9924
vn 0.1309 0.5456 -0.8278
vn 0.1800 0.7690 -0.6134
vn 0.2113 0.9163 -0.3403
vn 0.2213 0.9687 -0.1127
vn 0.2213 0.9743 0.0428
vn 0.2113 0.9384 0.2736
vn 0.1800 0.8111 0.5566
vn 0.1309 0.6037 0.7864
vn 0.0687 0.3355 0.9395
vn 0.0351 0.1894 0.9813
vn 0.0520 0.2704 -0.9614
vn 0.0266 0.1200 -0.9924
vn 0.0992 0.5518 -0.8280
vn 0.1364 0.7776 -0.6138
vn 0.1601 0.9264 -0.3407
vn 0.1678 0.9793 -0.1131
vn 0.1677 0.9849 0.0424
vn 0.1601 0.9485 0.2732
vn 0.1364 0.8197 0.5563
vn 0.0992 0.6099 0.7862
vn 0.0520 0.3388 0.9394
vn 0.0266 0.1911 0.9812
vn 0.0349 0.2728 -0.9615
vn 0.0178 0.1213 -0.9925
vn 0.0666 0.5564 -0.8282
vn 0.0916 0.7839 -0.6140
vn 0.1075 0.9339 -0.3410
vn 0.1126 0.9871 -0.1134
vn 0.1126 0.9927 0.0421
vn 0.1075 0.9560 0.2730
vn 0.0916 0.8261 0.5561
vn 0.0666 0.6145 0.7861
vn 0.0349 0.3412 0.9393
vn 0.0178 0.1923 0.9812
vn 0.0175 0.2742 -0.9615
vn 0.0089 0.1220 -0.9925
vn 0.0334 0.5592 -0.8283
vn 0.0460 0.7878 -0.6142
vn 0.0539 0.9385 -0.3412
vn 0.0565 0.9919 -0.1136
vn 0.0565 0.9975 0.0420
vn 0.0539 0.9606 0.2728
vn 0.0460 0.8299 0.5560
vn 0.0334 0.6173 0.7860
vn 0.0175 0.3426 0.9393
vn 0.0090 0.1931 0.9811
vn -0.0040 0.2734 -0.9619
vn -0.0021 0.1222 -0.9925
vn -0.0077 0.5591 -0.8291
vn -0.0105 0.7885 -0.6150
vn -0.0124 0.9397 -0.3417
vn -0.0130 0.9934 -0.1137
vn -0.0130 0.9990 0.0420
vn -0.0124 0.9619 0.2733
vn -0.0105 0.8306 0.5567
vn -0.0077 0.6172 0.7867
vn -0.0040 0.3418 0.9398
vn -0.0021 0.1932 0.9811
vn -0.0343 0.2697 -0.9623
vn -0.0177 0.1211 -0.9925
vn -0.0658 0.5540 -0.8299
vn -0.0907 0.7826 -0.6159
vn -0.1066 0.9336 -0.3422
vn -0.1117 0.9872 -0.1136
vn -0.1117 0.9928 0.0423
vn -0.1066 0.9558 0.2742
vn -0.0907 0.8249 0.5580
vn -0.0658 0.6123 0.7879
vn -0.0343 0.3382 0.9404
vn -0.0177 0.1921 0.9812
vn -0.0704 0.2630 -0.9622
vn -0.0363 0.1178 -0.9924
vn -0.1351 0.5416 -0.8297
vn -0.1863 0.7657 -0.6156
vn -0.2190 0.9139 -0.3417
vn -0.2295 0.9667 -0.1129
vn -0.2295 0.9723 0.0431
vn -0.2190 0.9361 0.2751
vn -0.1863 0.8080 0.5589
vn -0.1351 0.5998 0.7886
vn -0.0704 0.3315 0.9408
vn -0.0363 0.1889 0.9813
vn -0.1077 0.2511 -0.9619
vn -0.0556 0.1119 -0.9922
vn -0.2070 0.5192 -0.8292
vn -0.2855 0.7352 -0.6148
vn -0.3357 0.8782 -0.3406
vn -0.3519 0.9294 -0.1116
vn -0.3519 0.9350 0.0445
vn -0.3357 0.9005 0.2766
vn -0.2855 0.7775 0.5603
vn -0.2070 0.5775 0.7897
vn -0.1077 0.3196 0.9414
vn -0.0556 0.1829 0.9816
vn -0.1452 0.2336 -0.9614
vn -0.0751 0.1029 -0.9919
vn -0.2792 0.4859 -0.8282
vn -0.3852 0.6895 -0.6134
vn -0.4530 0.8246 -0.3388
vn -0.4749 0.8732 -0.1096
vn -0.4749 0.8788 0.0466
vn -0.4530 0.8468 0.2786
vn -0.3852 0.7318 0.5622
vn -0.2792 0.5442 0.7911
vn -0.1452 0.3021 0.9421
vn -0.0751 0.1740 0.9819
vn -0.1813 0.2103 -0.9607
vn -0.0938 0.0910 -0.9914
vn -0.3489 0.4413 -0.8268
vn -0.4814 0.6281 -0.6113
vn -0.5662 0.7525 -0.3363
vn -0.5936 0.7977 -0.1069
vn -0.5936 0.8033 0.0493
vn -0.5662 0.7747 0.2813
vn -0.4814 0.6704 0.5646
vn -0.3489 0.4996 0.7929
vn -0.1814 0.2788 0.9431
vn -0.0938 0.1620 0.9823
vn -0.2146 0.1816 -0.9597
vn -0.1110 0.0762 -0.9909
vn -0.4129 0.3862 -0.8248
vn -0.5699 0.5521 -0.6086
vn -0.6703 0.6631 -0.3332
vn -0.7026 0.7040 -0.1036
vn -0.7026 0.7096 0.0527
vn -0.6703 0.6854 0.2846
vn -0.5699 0.5944 0.5674
vn -0.4129 0.4445 0.7949
vn -0.2146 0.2501 0.9441
vn -0.1110 0.1472 0.9829
vn -0.2436 0.1485 -0.9585
vn -0.1260 0.0590 -0.9903
vn -0.4686 0.3224 -0.8225
vn -0.6466 0.4640 -0.6054
vn -0.7605 0.5595 -0.3294
vn -0.7972 0.5954 -0.0997
vn -0.7972 0.6010 0.0566
vn -0.7605 0.5818 0.2883
vn -0.6466 0.5063 0.5705
vn -0.4686 0.3807 0.7972
vn -0.2436 0.2170 0.9453
vn -0.1260 0.1301 0.9835
vn -0.2672 0.1123 -0.9571
vn -0.1381 0.0403 -0.9896
vn -0.5138 0.2527 -0.8198
vn -0.7089 0.3677 -0.6018
vn -0.8337 0.4462 -0.3252
vn -0.8739 0.4766 -0.0954
vn -0.8739 0.4822 0.0608
vn -0.8337 0.4685 0.2923
vn -0.7089 0.4101 0.5738
vn -0.5138 0.3110 0.7996
vn -0.2672 0.1808 0.9465
vn -0.1381 0.1113 0.9841
vn -0.2850 0.0746 -0.9556
vn -0.1472 0.0207 -0.9889
vn -0.5477 0.1802 -0.8170
vn -0.7555 0.2676 -0.5980
vn -0.8884 0.3284 -0.3208
vn -0.9312 0.3530 -0.0909
vn -0.9312 0.3586 0.0653
vn -0.8884 0.3506 0.2964
vn -0.7555 0.3099 0.5772
vn -0.5477 0.2384 0.8020
vn -0.2850 0.1432 0.9478
vn -0.1472 0.0918 0.9848
vn -0.2971 0.0370 -0.9541
vn -0.1533 0.0012 -0.9882
vn -0.5706 0.1077 -0.8142
vn -0.7868 0.1675 -0.5941
vn -0.9249 0.2106 -0.3164
vn -0.9694 0.2296 -0.0864
vn -0.9694 0.2352 0.0697
vn -0.9249 0.2329 0.3004
vn -0.7868 0.2098 0.5805
vn -0.5706 0.1659 0.8043
vn -0.2971 0.1055 0.9490
vn -0.1533 0.0723 0.9855
vn -0.3040 0.0005 -0.9527
vn -0.1567 -0.0176 -0.9875
vn -0.5833 0.0375 -0.8114
vn -0.8041 0.0708 -0.5903
vn -0.9451 0.0969 -0.3121
vn -0.9905 0.1104 -0.0821
vn -0.9905 0.1160 0.0739
vn -0.9451 0.1191 0.3043
vn -0.8041 0.1130 0.5837
vn -0.5833 0.0958 0.8066
vn -0.3040 0.0690 0.9502
vn -0.1567 0.0534 0.9862
vn -0.3060 -0.0353 -0.9514
vn -0.1577 -0.0361 -0.9868
vn -0.5871 -0.0311 -0.8089
vn -0.8093 -0.0239 -0.5869
vn -0.9512 -0.0144 -0.3081
vn -0.9969 -0.0062 -0.0779
vn -0.9969 -0.0006 0.0781
vn -0.9512 0.0078 0.3083
vn -0.8093 0.0184 0.5871
vn -0.5871 0.0271 0.8090
vn -0.3060 0.0332 0.9514
vn -0.1577 0.0350 0.9869
vn -0.3028 -0.0731 -0.9502
vn -0.1564 -0.0556 -0.9861
vn -0.5818 -0.1037 -0.8067
vn -0.8024 -0.1240 -0.5838
vn -0.9434 -0.1321 -0.3042
vn -0.9888 -0.1296 -0.0735
vn -0.9888 -0.1240 0.0826
vn -0.9434 -0.1098 0.3129
vn -0.8024 -0.0817 0.5912
vn -0.5818 -0.0454 0.8121
vn -0.3028 -0.0046 0.9530
vn -0.1564 0.0155 0.9876
vn -0.2943 -0.1135 -0.9490
vn -0.1522 -0.0765 -0.9854
vn -0.5660 -0.1815 -0.8042
vn -0.7809 -0.2313 -0.5802
vn -0.9184 -0.2583 -0.2999
vn -0.9627 -0.2619 -0.0688
vn -0.9627 -0.2562 0.0874
vn -0.9184 -0.2360 0.3176
vn -0.7809 -0.1890 0.5954
vn -0.5660 -0.1232 0.8152
vn -0.2943 -0.0449 0.9547
vn -0.1522 -0.0054 0.9883
vn -0.2795 -0.1546 -0.9476
vn -0.1447 -0.0978 -0.9846
vn -0.5380 -0.2608 -0.8016
vn -0.7425 -0.3409 -0.5766
vn -0.8734 -0.3872 -0.2954
vn -0.9156 -0.3970 -0.0639
vn -0.9156 -0.3914 0.0923
vn -0.8734 -0.3649 0.3225
vn -0.7425 -0.2985 0.5996
vn -0.5380 -0.2025 0.8183
vn -0.2795 -0.0861 0.9563
vn -0.1447 -0.0268 0.9891
vn -0.2581 -0.1950 -0.9463
vn -0.1337 -0.1188 -0.9839
vn -0.4970 -0.3386 -0.7990
vn -0.6861 -0.4484 -0.5729
vn -0.8071 -0.5137 -0.2910
vn -0.8461 -0.5296 -0.0592
vn -0.8461 -0.5240 0.0971
vn -0.8071 -0.4914 0.3272
vn -0.6861 -0.4060 0.6037
vn -0.4969 -0.2802 0.8213
vn -0.2581 -0.1264 0.9578
vn -0.1337 -0.0477 0.9899
vn -0.2303 -0.2326 -0.9449
vn -0.1193 -0.1383 -0.9832
vn -0.4435 -0.4111 -0.7965
vn -0.6123 -0.5485 -0.5694
vn -0.7204 -0.6315 -0.2868
vn -0.7552 -0.6532 -0.0548
vn -0.7552 -0.6476 0.1016
vn -0.7204 -0.6092 0.3315
vn -0.6123 -0.5061 0.6074
vn -0.4435 -0.3527 0.8240
vn -0.2303 -0.1640 0.9592
vn -0.1193 -0.0672 0.9906
vn -0.1972 -0.2656 -0.9437
vn -0.1021 -0.1554 -0.9826
vn -0.3796 -0.4746 -0.7941
vn -0.5241 -0.6362 -0.5662
vn -0.6166 -0.7346 -0.2830
vn -0.6464 -0.7613 -0.0509
vn -0.6464 -0.7557 0.1055
vn -0.6166 -0.7124 0.3351
vn -0.5241 -0.5938 0.6104
vn -0.3796 -0.4163 0.8262
vn -0.1972 -0.1971 0.9604
vn -0.1021 -0.0843 0.9912
vn -0.1605 -0.2927 -0.9426
vn -0.0831 -0.1693 -0.9821
vn -0.3088 -0.5266 -0.7920
vn -0.4263 -0.7077 -0.5634
vn -0.5014 -0.8187 -0.2799
vn -0.5256 -0.8494 -0.0477
vn -0.5256 -0.8438 0.1086
vn -0.5014 -0.7965 0.3380
vn -0.4263 -0.6654 0.6128
vn -0.3088 -0.4683 0.8279
vn -0.1605 -0.2242 0.9612
vn -0.0831 -0.0983 0.9917
vn -0.1223 -0.3134 -0.9417
vn -0.0632 -0.1798 -0.9817
vn -0.2351 -0.5658 -0.7903
vn -0.3243 -0.7616 -0.5611
vn -0.3814 -0.8818 -0.2774
vn -0.3998 -0.9155 -0.0452
vn -0.3998 -0.9099 0.1109
vn -0.3814 -0.8596 0.3401
vn -0.3243 -0.7192 0.6144
vn -0.2351 -0.5075 0.8290
vn -0.1223 -0.2448 0.9618
vn -0.0632 -0.1087 0.9921
vn -0.0844 -0.3277 -0.9410
vn -0.0435 -0.1869 -0.9814
vn -0.1621 -0.5926 -0.7890
vn -0.2235 -0.7982 -0.5594
vn -0.2627 -0.9247 -0.2756
vn -0.2754 -0.9603 -0.0436
vn -0.2754 -0.9547 0.1125
vn -0.2627 -0.9025 0.3413
vn -0.2235 -0.7559 0.6153
vn -0.1621 -0.5344 0.8296
vn -0.0844 -0.2591 0.9621
vn -0.0435 -0.1159 0.9923
vn -0.0483 -0.3363 -0.9405
vn -0.0249 -0.1912 -0.9812
vn -0.0926 -0.6086 -0.7881
vn -0.1276 -0.8198 -0.5582
vn -0.1500 -0.9498 -0.2744
vn -0.1572 -0.9866 -0.0426
vn -0.1572 -0.9810 0.1134
vn -0.1500 -0.9277 0.3420
vn -0.1276 -0.7776 0.6157
vn -0.0926 -0.5504 0.8298
vn -0.0483 -0.2678 0.9623
vn -0.0249 -0.1201 0.9925
vn -0.0148 -0.3404 -0.9402
vn -0.0076 -0.1930 -0.9812
vn -0.0284 -0.6157 -0.7874
vn -0.0392 -0.8293 -0.5575
vn -0.0460 -0.9607 -0.2737
vn -0.0482 -0.9979 -0.0421
vn -0.0482 -0.9923 0.1138
vn -0.0460 -0.9385 0.3421
vn -0.0392 -0.7870 0.6156
vn -0.0284 -0.5575 0.8297
vn -0.0148 -0.2719 0.9622
vn -0.0076 -0.1219 0.9925
vn -0.1992 -0.2343 -0.9515
vn -0.0792 -0.1152 -0.9902
vn -0.3626 -0.3946 -0.8443
vn -0.5236 -0.5494 -0.6512
vn -0.6539 -0.6694 -0.3526
vn -0.7020 -0.7079 -0.0786
vn -0.7020 -0.7004 0.1293
vn -0.6539 -0.6423 0.3999
vn -0.5236 -0.5011 0.6890
vn -0.3626 -0.3328 0.8705
vn -0.1992 -0.1653 0.9659
vn -0.0792 -0.0437 0.9959
vn -0.2056 0.1639 -0.9648
vn -0.0823 0.0436 -0.9957
vn -0.3738 0.3298 -0.8669
vn -0.5375 0.4945 -0.6831
vn -0.6679 0.6309 -0.3947
vn -0.7157 0.6867 -0.1271
vn -0.7157 0.6941 0.0774
vn -0.6679 0.6577 0.3483
vn -0.5375 0.5423 0.6458
vn -0.3738 0.3913 0.8410
vn -0.2056 0.2328 0.9505
vn -0.0823 0.1151 0.9899
vn -0.0231 0.2727 -0.9618
vn -0.0118 0.1218 -0.9925
vn -0.0441 0.5576 -0.8289
vn -0.0607 0.7863 -0.6148
vn -0.0713 0.9372 -0.3415
vn -0.0747 0.9907 -0.1136
vn -0.0747 0.9963 0.0421
vn -0.0713 0.9593 0.2733
vn -0.0607 0.8285 0.5567
vn -0.0441 0.6158 0.7867
vn -0.0231 0.3412 0.9397
vn -0.0118 0.1928 0.9812
vn -0.0490 0.2690 -0.9619
vn -0.0252 0.1201 -0.9924
vn -0.0939 0.5512 -0.8291
vn -0.1292 0.7779 -0.6149
vn -0.1518 0.9276 -0.3415
vn -0.1591 0.9807 -0.1133
vn -0.1591 0.9864 0.0425
vn -0.1518 0.9497 0.2739
vn -0.1292 0.8201 0.5574
vn -0.0939 0.6094 0.7873
vn -0.0490 0.3375 0.9401
vn -0.0252 0.1912 0.9812
vn -0.0785 0.2620 -0.9619
vn -0.0404 0.1169 -0.9923
vn -0.1505 0.5386 -0.8290
vn -0.2073 0.7610 -0.6148
vn -0.2436 0.9079 -0.3411
vn -0.2553 0.9603 -0.1126
vn -0.2553 0.9659 0.0433
vn -0.2436 0.9301 0.2749
vn -0.2073 0.8032 0.5585
vn -0.1505 0.5968 0.7882
vn -0.0785 0.3304 0.9406
vn -0.0404 0.1879 0.9814
vn -0.1114 0.2503 -0.9617
vn -0.0574 0.1112 -0.9921
vn -0.2138 0.5171 -0.8288
vn -0.2948 0.7320 -0.6143
vn -0.3465 0.8742 -0.3402
vn -0.3632 0.9250 -0.1114
vn -0.3632 0.9307 0.0446
vn -0.3465 0.8964 0.2765
vn -0.2948 0.7742 0.5600
vn -0.2138 0.5754 0.7894
vn -0.1114 0.3188 0.9412
vn -0.0574 0.1823 0.9816
vn -0.1469 0.2327 -0.9614
vn -0.0760 0.1025 -0.9918
vn -0.2825 0.4841 -0.8281
vn -0.3898 0.6870 -0.6132
vn -0.4584 0.8217 -0.3387
vn -0.4805 0.8701 -0.1095
vn -0.4805 0.8757 0.0467
vn -0.4584 0.8439 0.2787
vn -0.3898 0.7293 0.5623
vn -0.2825 0.5424 0.7912
vn -0.1469 0.3012 0.9422
vn -0.0760 0.1735 0.9819
vn -0.1837 0.2079 -0.9608
vn -0.0951 0.0899 -0.9914
vn -0.3537 0.4371 -0.8269
vn -0.4883 0.6226 -0.6115
vn -0.5744 0.7462 -0.3363
vn -0.6022 0.7912 -0.1067
vn -0.6022 0.7968 0.0496
vn -0.5745 0.7685 0.2818
vn -0.4883 0.6650 0.5651
vn -0.3537 0.4955 0.7934
vn -0.1837 0.2764 0.9433
vn -0.0951 0.1610 0.9824
vn -0.2192 0.1755 -0.9598
vn -0.1137 0.0733 -0.9908
vn -0.4225 0.3752 -0.8251
vn -0.5835 0.5374 -0.6088
vn -0.6867 0.6462 -0.3330
vn -0.7199 0.6864 -0.1030
vn -0.7199 0.6920 0.0534
vn -0.6867 0.6685 0.2857
vn -0.5835 0.5798 0.5686
vn -0.4225 0.4336 0.7959
vn -0.2192 0.2441 0.9447
vn -0.1137 0.1444 0.9830
vn -0.2506 0.1365 -0.9584
vn -0.1301 0.0531 -0.9901
vn -0.4832 0.3001 -0.8225
vn -0.6675 0.4337 -0.6052
vn -0.7856 0.5243 -0.3287
vn -0.8236 0.5585 -0.0984
vn -0.8236 0.5642 0.0580
vn -0.7856 0.5465 0.2902
vn -0.6675 0.4761 0.5725
vn -0.4832 0.3585 0.7988
vn -0.2506 0.2050 0.9461
vn -0.1301 0.1242 0.9837
vn -0.2754 0.0931 -0.9568
vn -0.1429 0.0306 -0.9893
vn -0.5309 0.2164 -0.8193
vn -0.7334 0.3180 -0.6009
vn -0.8630 0.3880 -0.3237
vn -0.9047 0.4156 -0.0933
vn -0.9047 0.4213 0.0631
vn -0.8630 0.4103 0.2950
vn -0.7334 0.3604 0.5765
vn -0.5309 0.2747 0.8016
vn -0.2754 0.1617 0.9476
vn -0.1429 0.1016 0.9845
vn -0.2926 0.0485 -0.9550
vn -0.1516 0.0074 -0.9884
vn -0.5634 0.1302 -0.8158
vn -0.7778 0.1989 -0.5962
vn -0.9150 0.2477 -0.3184
vn -0.9592 0.2686 -0.0879
vn -0.9592 0.2742 0.0684
vn -0.9150 0.2700 0.2997
vn -0.7778 0.2412 0.5803
vn -0.5634 0.1886 0.8044
vn -0.2926 0.1171 0.9490
vn -0.1516 0.0784 0.9853
vn -0.3023 0.0056 -0.9532
vn -0.1562 -0.0149 -0.9876
vn -0.5812 0.0475 -0.8124
vn -0.8018 0.0846 -0.5915
vn -0.9429 0.1132 -0.3132
vn -0.9884 0.1275 -0.0828
vn -0.9884 0.1331 0.0734
vn -0.9429 0.1354 0.3042
vn -0.8018 0.1269 0.5839
vn -0.5812 0.1058 0.8069
vn -0.3023 0.0741 0.9503
vn -0.1562 0.0561 0.9861
vn -0.3056 -0.0342 -0.9515
vn -0.1577 -0.0355 -0.9869
vn -0.5868 -0.0290 -0.8092
vn -0.8091 -0.0209 -0.5873
vn -0.9512 -0.0109 -0.3084
vn -0.9969 -0.0026 -0.0780
vn -0.9969 0.0031 0.0780
vn -0.9512 0.0113 0.3084
vn -0.8091 0.0213 0.5872
vn -0.5868 0.0293 0.8092
vn -0.3056 0.0343 0.9515
vn -0.1577 0.0356 0.9869
vn -0.3027 -0.0733 -0.9503
vn -0.1563 -0.0557 -0.9861
vn -0.5816 -0.1041 -0.8068
vn -0.8023 -0.1245 -0.5838
vn -0.9433 -0.1327 -0.3042
vn -0.9888 -0.1302 -0.0735
vn -0.9888 -0.1246 0.0826
vn -0.9433 -0.1104 0.3129
vn -0.8023 -0.0822 0.5913
vn -0.5816 -0.0458 0.8121
vn -0.3027 -0.0047 0.9531
vn -0.1563 0.0154 0.9876
vn -0.2940 -0.1141 -0.9490
vn -0.1521 -0.0768 -0.9854
vn -0.5655 -0.1827 -0.8042
vn -0.7804 -0.2330 -0.5802
vn -0.9178 -0.2603 -0.2998
vn -0.9621 -0.2640 -0.0687
vn -0.9621 -0.2584 0.0875
vn -0.9178 -0.2381 0.3178
vn -0.7804 -0.1907 0.5955
vn -0.5655 -0.1244 0.8153
vn -0.2940 -0.0456 0.9547
vn -0.1521 -0.0058 0.9884
vn -0.2790 -0.1556 -0.9476
vn -0.1445 -0.0983 -0.9846
vn -0.5371 -0.2627 -0.8016
vn -0.7414 -0.3435 -0.5765
vn -0.8721 -0.3903 -0.2953
vn -0.9142 -0.4003 -0.0638
vn -0.9142 -0.3946 0.0924
vn -0.8721 -0.3680 0.3226
vn -0.7414 -0.3012 0.5997
vn -0.5371 -0.2044 0.8184
vn -0.2791 -0.0871 0.9563
vn -0.1445 -0.0273 0.9891
vn -0.2576 -0.1958 -0.9462
vn -0.1334 -0.1192 -0.9839
vn -0.4960 -0.3402 -0.7989
vn -0.6848 -0.4506 -0.5728
vn -0.8055 -0.5163 -0.2909
vn -0.8444 -0.5324 -0.0591
vn -0.8444 -0.5267 0.0972
vn -0.8055 -0.4940 0.3272
vn -0.6848 -0.4082 0.6037
vn -0.4960 -0.2819 0.8213
vn -0.2576 -0.1273 0.9578
vn -0.1334 -0.0481 0.9899
vn -0.2304 -0.2328 -0.9448
vn -0.4435 -0.4113 -0.7963
vn -0.6123 -0.5487 -0.5692
vn -0.7202 -0.6317 -0.2867
vn -0.7550 -0.6534 -0.0547
vn -0.7550 -0.6478 0.1016
vn -0.7202 -0.6095 0.3314
vn -0.6123 -0.5064 0.6072
vn -0.4435 -0.3530 0.8238
vn -0.2304 -0.1642 0.9591
vn -0.1193 -0.0673 0.9906
vn -0.1987 -0.2648 -0.9436
vn -0.1028 -0.1548 -0.9826
vn -0.3823 -0.4728 -0.7939
vn -0.5276 -0.6334 -0.5660
vn -0.6206 -0.7313 -0.2830
vn -0.6506 -0.7577 -0.0509
vn -0.6506 -0.7521 0.1053
vn -0.6206 -0.7090 0.3348
vn -0.5276 -0.5911 0.6101
vn -0.3823 -0.4145 0.8259
vn -0.1987 -0.1963 0.9602
vn -0.1028 -0.0838 0.9912
vn -0.1643 -0.2910 -0.9425
vn -0.0849 -0.1682 -0.9821
vn -0.3158 -0.5227 -0.7919
vn -0.4357 -0.7021 -0.5632
vn -0.5124 -0.8119 -0.2799
vn -0.5371 -0.8422 -0.0479
vn -0.5371 -0.8365 0.1083
vn -0.5124 -0.7896 0.3375
vn -0.4357 -0.6598 0.6123
vn -0.3158 -0.4644 0.8274
vn -0.1643 -0.2224 0.9610
vn -0.0849 -0.0972 0.9916
vn -0.1289 -0.3110 -0.9416
vn -0.0665 -0.1784 -0.9817
vn -0.2476 -0.5606 -0.7902
vn -0.3414 -0.7541 -0.5610
vn -0.4014 -0.8729 -0.2775
vn -0.4207 -0.9061 -0.0455
vn -0.4207 -0.9004 0.1106
vn -0.4014 -0.8507 0.3395
vn -0.3414 -0.7118 0.6138
vn -0.2475 -0.5024 0.8285
vn -0.1289 -0.2424 0.9616
vn -0.0665 -0.1073 0.9920
vn -0.0940 -0.3252 -0.9410
vn -0.0484 -0.1855 -0.9815
vn -0.1803 -0.5875 -0.7889
vn -0.2486 -0.7908 -0.5593
vn -0.2922 -0.9158 -0.2757
vn -0.3062 -0.9509 -0.0439
vn -0.3062 -0.9453 0.1121
vn -0.2922 -0.8936 0.3408
vn -0.2486 -0.7485 0.6147
vn -0.1803 -0.5292 0.8291
vn -0.0940 -0.2567 0.9619
vn -0.0484 -0.1144 0.9922
vn -0.0606 -0.3345 -0.9404
vn -0.0312 -0.1900 -0.9813
vn -0.1161 -0.6047 -0.7880
vn -0.1600 -0.8142 -0.5581
vn -0.1880 -0.9430 -0.2745
vn -0.1970 -0.9795 -0.0428
vn -0.1970 -0.9738 0.1131
vn -0.1880 -0.9209 0.3416
vn -0.1600 -0.7719 0.6152
vn -0.1161 -0.5465 0.8294
vn -0.0606 -0.2660 0.9621
vn -0.0312 -0.1190 0.9924
vn -0.0293 -0.3396 -0.9401
vn -0.0150 -0.1925 -0.9812
vn -0.0560 -0.6140 -0.7873
vn -0.0772 -0.8267 -0.5574
vn -0.0907 -0.9575 -0.2737
vn -0.0950 -0.9946 -0.0422
vn -0.0950 -0.9890 0.1136
vn -0.0907 -0.9354 0.3419
vn -0.0772 -0.7844 0.6154
vn -0.0560 -0.5558 0.8294
vn -0.0293 -0.2712 0.9621
vn -0.0150 -0.1214 0.9925
vn -0.0043 -0.3427 -0.9394
vn -0.0022 -0.1933 -0.9811
vn -0.0081 -0.6179 -0.7862
vn -0.0112 -0.8310 -0.5561
vn -0.0131 -0.9620 -0.2729
vn -0.0137 -0.9990 -0.0419
vn -0.0137 -0.9934 0.1137
vn -0.0131 -0.9398 0.3414
vn -0.0112 -0.7889 0.6145
vn -0.0081 -0.5598 0.8286
vn -0.0042 -0.2743 0.9616
vn -0.0022 -0.1222 0.9925
vn 0.0118 -0.3438 -0.9390
vn 0.0060 -0.1932 -0.9811
vn 0.0225 -0.6185 -0.7855
vn 0.0309 -0.8310 -0.5554
vn 0.0362 -0.9615 -0.2725
vn 0.0379 -0.9984 -0.0419
vn 0.0379 -0.9928 0.1136
vn 0.0362 -0.9394 0.3409
vn 0.0309 -0.7889 0.6137
vn 0.0225 -0.5604 0.8279
vn 0.0118 -0.2754 0.9613
vn 0.0060 -0.1222 0.9925
vn 0.0242 -0.3429 -0.9390
vn 0.0124 -0.1929 -0.9811
vn 0.0462 -0.6170 -0.7856
vn 0.0634 -0.8291 -0.5555
vn 0.0744 -0.9593 -0.2726
vn 0.0780 -0.9961 -0.0420
vn 0.0780 -0.9905 0.1135
vn 0.0744 -0.9372 0.3408
vn 0.0634 -0.7870 0.6137
vn 0.0461 -0.5590 0.8279
vn 0.0242 -0.2745 0.9613
vn 0.0123 -0.1218 0.9925
vn 0.0371 -0.3416 -0.9391
vn 0.0189 -0.1922 -0.9812
vn 0.0707 -0.6146 -0.7857
vn 0.0972 -0.8257 -0.5557
vn 0.1141 -0.9553 -0.2727
vn 0.1195 -0.9919 -0.0421
vn 0.1195 -0.9863 0.1133
vn 0.1141 -0.9332 0.3407
vn 0.0972 -0.7836 0.6136
vn 0.0707 -0.5565 0.8279
vn 0.0371 -0.2732 0.9612
vn 0.0189 -0.1212 0.9925
vn 0.0502 -0.3397 -0.9392
vn 0.0256 -0.1913 -0.9812
vn 0.0955 -0.6110 -0.7858
vn 0.1313 -0.8208 -0.5559
vn 0.1541 -0.9496 -0.2729
vn 0.1614 -0.9860 -0.0423
vn 0.1614 -0.9804 0.1131
vn 0.1541 -0.9275 0.3405
vn 0.1313 -0.7787 0.6135
vn 0.0955 -0.5529 0.8277
vn 0.0502 -0.2713 0.9612
vn 0.0256 -0.1202 0.9924
vn 0.0629 -0.3374 -0.9392
vn 0.0321 -0.1901 -0.9812
vn 0.1198 -0.6066 -0.7860
vn 0.1647 -0.8147 -0.5561
vn 0.1932 -0.9424 -0.2732
vn 0.2024 -0.9784 -0.0426
vn 0.2024 -0.9728 0.1129
vn 0.1932 -0.9203 0.3402
vn 0.1647 -0.7726 0.6132
vn 0.1198 -0.5485 0.8275
vn 0.0629 -0.2690 0.9611
vn 0.0321 -0.1190 0.9924
vn 0.0751 -0.3348 -0.9393
vn 0.0383 -0.1887 -0.9813
vn 0.1430 -0.6014 -0.7861
vn 0.1965 -0.8074 -0.5563
vn 0.2305 -0.9339 -0.2734
vn 0.2415 -0.9695 -0.0429
vn 0.2415 -0.9639 0.1125
vn 0.2305 -0.9118 0.3399
vn 0.1965 -0.7654 0.6129
vn 0.1430 -0.5433 0.8273
vn 0.0751 -0.2663 0.9609
vn 0.0383 -0.1176 0.9923
vn 0.0864 -0.3318 -0.9394
vn 0.0440 -0.1871 -0.9814
vn 0.1645 -0.5957 -0.7862
vn 0.2260 -0.7995 -0.5565
vn 0.2652 -0.9245 -0.2737
vn 0.2778 -0.9597 -0.0433
vn 0.2778 -0.9541 0.1122
vn 0.2652 -0.9024 0.3395
vn 0.2260 -0.7574 0.6125
vn 0.1645 -0.5376 0.8270
vn 0.0864 -0.2634 0.9608
vn 0.0440 -0.1161 0.9923
vn 0.0967 -0.3288 -0.9394
vn 0.0492 -0.1855 -0.9814
vn 0.1841 -0.5897 -0.7863
vn 0.2529 -0.7913 -0.5567
vn 0.2967 -0.9148 -0.2740
vn 0.3108 -0.9495 -0.0436
vn 0.3108 -0.9439 0.1118
vn 0.2967 -0.8927 0.3391
vn 0.2529 -0.7492 0.6121
vn 0.1841 -0.5317 0.8267
vn 0.0967 -0.2604 0.9606
vn 0.0492 -0.1144 0.9922
vn 0.1059 -0.3258 -0.9395
vn 0.0539 -0.1839 -0.9815
vn 0.2015 -0.5839 -0.7865
vn 0.2768 -0.7831 -0.5569
vn 0.3247 -0.9052 -0.2743
vn 0.3401 -0.9393 -0.0440
vn 0.3401 -0.9338 0.1114
vn 0.3247 -0.8831 0.3387
vn 0.2768 -0.7411 0.6117
vn 0.2015 -0.5258 0.8264
vn 0.1059 -0.2574 0.9605
vn 0.0539 -0.1128 0.9922
vn 0.1140 -0.3230 -0.9395
vn 0.0579 -0.1824 -0.9815
vn 0.2167 -0.5782 -0.7866
vn 0.2976 -0.7753 -0.5571
vn 0.3492 -0.8959 -0.2746
vn 0.3657 -0.9297 -0.0443
vn 0.3657 -0.9241 0.1111
vn 0.3492 -0.8739 0.3383
vn 0.2976 -0.7332 0.6114
vn 0.2167 -0.5202 0.8261
vn 0.1140 -0.2546 0.9603
vn 0.0579 -0.1113 0.9921
vn 0.1209 -0.3203 -0.9396
vn 0.0614 -0.1809 -0.9816
vn 0.2298 -0.5730 -0.7867
vn 0.3155 -0.7681 -0.5572
vn 0.3702 -0.8874 -0.2748
vn 0.3877 -0.9207 -0.0446
vn 0.3877 -0.9151 0.1107
vn 0.3702 -0.8653 0.3379
vn 0.3155 -0.7260 0.6110
vn 0.2298 -0.5150 0.8258
vn 0.1209 -0.2519 0.9602
vn 0.0614 -0.1099 0.9920
vn -0.1290 -0.2316 -0.9642
vn -0.0479 -0.1089 -0.9929
vn -0.2395 -0.3975 -0.8858
vn -0.3669 -0.5862 -0.7224
vn -0.4918 -0.7657 -0.4145
vn -0.5436 -0.8334 -0.0996
vn -0.5436 -0.8241 0.1593
vn -0.4918 -0.7339 0.4685
vn -0.3669 -0.5327 0.7626
vn -0.2395 -0.3328 0.9121
vn -0.1290 -0.1617 0.9784
vn -0.0479 -0.0372 0.9982
vn -0.2641 0.1339 -0.9552
vn -0.1128 0.0361 -0.9930
vn -0.4767 0.2736 -0.8354
vn -0.6626 0.3993 -0.6336
vn -0.7949 0.4937 -0.3526
vn -0.8402 0.5314 -0.1082
vn -0.8402 0.5378 0.0697
vn -0.7949 0.5178 0.3162
vn -0.6626 0.4438 0.6033
vn -0.4767 0.3329 0.8136
vn -0.2641 0.2022 0.9431
vn -0.1128 0.1074 0.9878
vn 0.5328 -0.8345 -0.1403
vn -0.7166 -0.6810 -0.1506
vn -0.8695 -0.4936 0.0178
vn 0.7071 -0.7066 0.0255
vn 0.6567 -0.7421 -0.1347
vn -0.8301 -0.5397 -0.1404
vn 0.7161 -0.6895 -0.1088
vn -0.8780 -0.4667 -0.1065
vn 0.7567 -0.6513 -0.0564
vn -0.9049 -0.4224 -0.0529
vn 0.7409 -0.6715 0.0133
vn -0.8928 -0.4505 0.0073
vn 0.7409 -0.6707 0.0350
vn -0.8928 -0.4498 0.0251
vn 0.7567 -0.6455 0.1031
vn -0.9049 -0.4175 0.0831
vn 0.7161 -0.6799 0.1581
vn -0.8780 -0.4578 0.1397
vn 0.6567 -0.7304 0.1877
vn -0.8301 -0.5282 0.1788
vn 0.5328 -0.8223 0.2000
vn -0.7166 -0.6684 0.1992
vn 0.7071 -0.7066 0.0254
vn -0.2659 0.1323 -0.9549
vn -0.1338 0.0483 -0.9898
vn -0.5025 0.2856 -0.8160
vn -0.6885 0.4101 -0.5981
vn -0.8069 0.4941 -0.3237
vn -0.8449 0.5261 -0.0966
vn -0.8449 0.5317 0.0585
vn -0.8069 0.5161 0.2873
vn -0.6885 0.4520 0.5671
vn -0.5025 0.3435 0.7934
vn -0.2659 0.2006 0.9429
vn -0.1338 0.1193 0.9838
vn -0.2580 0.1448 -0.9553
vn -0.1297 0.0545 -0.9901
vn -0.4873 0.3090 -0.8168
vn -0.6675 0.4420 -0.5992
vn -0.7822 0.5315 -0.3249
vn -0.8191 0.5653 -0.0980
vn -0.8191 0.5709 0.0571
vn -0.7822 0.5535 0.2859
vn -0.6675 0.4840 0.5658
vn -0.4873 0.3669 0.7924
vn -0.2580 0.2131 0.9424
vn -0.1297 0.1255 0.9836
vn -0.2482 0.1586 -0.9556
vn -0.1247 0.0613 -0.9903
vn -0.4685 0.3349 -0.8175
vn -0.6417 0.4773 -0.6003
vn -0.7519 0.5729 -0.3263
vn -0.7872 0.6086 -0.0996
vn -0.7872 0.6141 0.0555
vn -0.7519 0.5949 0.2843
vn -0.6417 0.5193 0.5644
vn -0.4685 0.3928 0.7913
vn -0.2482 0.2269 0.9418
vn -0.1247 0.1323 0.9833
vn -0.2360 0.1738 -0.9561
vn -0.1184 0.0688 -0.9906
vn -0.4453 0.3633 -0.8184
vn -0.6097 0.5161 -0.6016
vn -0.7144 0.6182 -0.3279
vn -0.7479 0.6560 -0.1013
vn -0.7479 0.6616 0.0538
vn -0.7144 0.6402 0.2826
vn -0.6097 0.5580 0.5629
vn -0.4453 0.4212 0.7902
vn -0.2360 0.2421 0.9411
vn -0.1184 0.1398 0.9831
vn -0.2210 0.1902 -0.9565
vn -0.1107 0.0769 -0.9909
vn -0.4165 0.3940 -0.8193
vn -0.5702 0.5580 -0.6029
vn -0.6680 0.6672 -0.3296
vn -0.6993 0.7073 -0.1031
vn -0.6993 0.7129 0.0520
vn -0.6680 0.6892 0.2807
vn -0.5702 0.5999 0.5612
vn -0.4165 0.4519 0.7889
vn -0.2210 0.2585 0.9404
vn -0.1107 0.1480 0.9828
vn -0.2023 0.2077 -0.9570
vn -0.1012 0.0855 -0.9912
vn -0.3810 0.4266 -0.8203
vn -0.5214 0.6024 -0.6043
vn -0.6107 0.7192 -0.3313
vn -0.6394 0.7616 -0.1051
vn -0.6394 0.7672 0.0500
vn -0.6107 0.7411 0.2788
vn -0.5214 0.6443 0.5594
vn -0.3810 0.4844 0.7875
vn -0.2023 0.2760 0.9396
vn -0.1012 0.1565 0.9825
vn -0.1794 0.2257 -0.9575
vn -0.0896 0.0943 -0.9915
vn -0.3375 0.4600 -0.8213
vn -0.4618 0.6479 -0.6058
vn -0.5408 0.7724 -0.3331
vn -0.5662 0.8173 -0.1071
vn -0.5662 0.8229 0.0480
vn -0.5408 0.7943 0.2767
vn -0.4618 0.6898 0.5576
vn -0.3375 0.5178 0.7861
vn -0.1794 0.2940 0.9388
vn -0.0896 0.1653 0.9822
vn -0.1517 0.2433 -0.9580
vn -0.0756 0.1028 -0.9918
vn -0.2851 0.4925 -0.8223
vn -0.3899 0.6923 -0.6072
vn -0.4566 0.8242 -0.3349
vn -0.4780 0.8715 -0.1090
vn -0.4780 0.8771 0.0461
vn -0.4566 0.8461 0.2748
vn -0.3899 0.7341 0.5559
vn -0.2851 0.5504 0.7847
vn -0.1517 0.3116 0.9380
vn -0.0756 0.1739 0.9819
vn -0.1190 0.2592 -0.9585
vn -0.0593 0.1105 -0.9921
vn -0.2236 0.5219 -0.8232
vn -0.3057 0.7323 -0.6085
vn -0.3579 0.8710 -0.3365
vn -0.3747 0.9205 -0.1108
vn -0.3747 0.9261 0.0443
vn -0.3579 0.8929 0.2730
vn -0.3057 0.7742 0.5543
vn -0.2236 0.5798 0.7835
vn -0.1190 0.3274 0.9373
vn -0.0593 0.1816 0.9816
vn -0.0819 0.2719 -0.9588
vn -0.0408 0.1167 -0.9923
vn -0.1538 0.5455 -0.8239
vn -0.2102 0.7643 -0.6096
vn -0.2462 0.9084 -0.3378
vn -0.2577 0.9597 -0.1122
vn -0.2577 0.9653 0.0429
vn -0.2462 0.9304 0.2716
vn -0.2102 0.8062 0.5531
vn -0.1538 0.6033 0.7825
vn -0.0819 0.3402 0.9368
vn -0.0407 0.1877 0.9814
vn -0.0417 0.2801 -0.9591
vn -0.0207 0.1206 -0.9925
vn -0.0782 0.5606 -0.8244
vn -0.1069 0.7849 -0.6103
vn -0.1251 0.9325 -0.3387
vn -0.1310 0.9849 -0.1131
vn -0.1310 0.9905 0.0420
vn -0.1251 0.9545 0.2708
vn -0.1069 0.8268 0.5523
vn -0.0782 0.6184 0.7819
vn -0.0417 0.3483 0.9364
vn -0.0207 0.1917 0.9812
vn -0.0042 0.2818 -0.9595
vn -0.0021 0.1221 -0.9925
vn -0.0078 0.5652 -0.8249
vn -0.0107 0.7917 -0.6109
vn -0.0126 0.9406 -0.3392
vn -0.0132 0.9935 -0.1134
vn -0.0132 0.9990 0.0417
vn -0.0126 0.9626 0.2706
vn -0.0107 0.8335 0.5523
vn -0.0078 0.6230 0.7822
vn -0.0042 0.3501 0.9367
vn -0.0021 0.1932 0.9812
vn 0.0250 0.2799 -0.9597
vn 0.0125 0.1217 -0.9925
vn 0.0471 0.5627 -0.8253
vn 0.0645 0.7889 -0.6111
vn 0.0756 0.9377 -0.3393
vn 0.0791 0.9904 -0.1133
vn 0.0791 0.9960 0.0418
vn 0.0756 0.9596 0.2710
vn 0.0645 0.8308 0.5528
vn 0.0471 0.6206 0.7827
vn 0.0250 0.3481 0.9371
vn 0.0125 0.1928 0.9812
vn 0.0499 0.2769 -0.9596
vn 0.0250 0.1202 -0.9924
vn 0.0941 0.5571 -0.8251
vn 0.1287 0.7812 -0.6109
vn 0.1508 0.9286 -0.3389
vn 0.1579 0.9810 -0.1130
vn 0.1579 0.9866 0.0421
vn 0.1508 0.9506 0.2713
vn 0.1287 0.8231 0.5531
vn 0.0941 0.6150 0.7829
vn 0.0499 0.3451 0.9372
vn 0.0250 0.1913 0.9812
vn 0.0742 0.2719 -0.9595
vn 0.0372 0.1178 -0.9923
vn 0.1398 0.5479 -0.8248
vn 0.1913 0.7686 -0.6104
vn 0.2241 0.9139 -0.3384
vn 0.2346 0.9656 -0.1124
vn 0.2346 0.9711 0.0427
vn 0.2241 0.9359 0.2718
vn 0.1913 0.8105 0.5536
vn 0.1398 0.6057 0.7833
vn 0.0742 0.3402 0.9374
vn 0.0371 0.1888 0.9813
vn 0.0972 0.2653 -0.9593
vn 0.0487 0.1145 -0.9922
vn 0.1832 0.5355 -0.8244
vn 0.2508 0.7517 -0.6099
vn 0.2938 0.8942 -0.3377
vn 0.3077 0.9449 -0.1117
vn 0.3077 0.9505 0.0434
vn 0.2938 0.9162 0.2726
vn 0.2508 0.7937 0.5543
vn 0.1832 0.5934 0.7838
vn 0.0972 0.3336 0.9377
vn 0.0487 0.1856 0.9814
vn 0.1186 0.2573 -0.9590
vn 0.0595 0.1106 -0.9921
vn 0.2237 0.5206 -0.8240
vn 0.3062 0.7315 -0.6092
vn 0.3587 0.8705 -0.3369
vn 0.3756 0.9201 -0.1108
vn 0.3756 0.9257 0.0443
vn 0.3587 0.8925 0.2735
vn 0.3062 0.7734 0.5551
vn 0.2237 0.5785 0.7844
vn 0.1186 0.3256 0.9380
vn 0.0595 0.1817 0.9816
vn 0.1381 0.2484 -0.9588
vn 0.0693 0.1062 -0.9919
vn 0.2606 0.5040 -0.8235
vn 0.3568 0.7088 -0.6085
vn 0.4180 0.8440 -0.3360
vn 0.4376 0.8924 -0.1098
vn 0.4376 0.8980 0.0453
vn 0.4180 0.8660 0.2745
vn 0.3568 0.7507 0.5560
vn 0.2606 0.5619 0.7851
vn 0.1381 0.3167 0.9384
vn 0.0693 0.1773 0.9817
vn 0.1556 0.2389 -0.9585
vn 0.0781 0.1016 -0.9918
vn 0.2937 0.4864 -0.8229
vn 0.4022 0.6848 -0.6077
vn 0.4712 0.8159 -0.3351
vn 0.4934 0.8630 -0.1087
vn 0.4934 0.8686 0.0464
vn 0.4712 0.8379 0.2755
vn 0.4022 0.7267 0.5569
vn 0.2937 0.5443 0.7858
vn 0.1556 0.3072 0.9388
vn 0.0781 0.1726 0.9819
vn 0.1711 0.2292 -0.9582
vn 0.0860 0.0968 -0.9916
vn 0.3230 0.4684 -0.8224
vn 0.4424 0.6602 -0.6069
vn 0.5184 0.7872 -0.3341
vn 0.5428 0.8330 -0.1076
vn 0.5428 0.8385 0.0475
vn 0.5184 0.8092 0.2766
vn 0.4424 0.7022 0.5579
vn 0.3230 0.5263 0.7866
vn 0.1711 0.2975 0.9393
vn 0.0860 0.1679 0.9821
vn 0.1846 0.2197 -0.9579
vn 0.0928 0.0921 -0.9914
vn 0.3487 0.4505 -0.8219
vn 0.4777 0.6359 -0.6062
vn 0.5598 0.7588 -0.3331
vn 0.5861 0.8032 -0.1066
vn 0.5861 0.8088 0.0485
vn 0.5598 0.7807 0.2777
vn 0.4777 0.6779 0.5589
vn 0.3487 0.5085 0.7873
vn 0.1846 0.2880 0.9397
vn 0.0928 0.1632 0.9822
vn 0.1963 0.2104 -0.9577
vn 0.0988 0.0876 -0.9912
vn 0.3710 0.4333 -0.8213
vn 0.5084 0.6124 -0.6054
vn 0.5958 0.7312 -0.3322
vn 0.6238 0.7744 -0.1055
vn 0.6238 0.7800 0.0496
vn 0.5958 0.7532 0.2787
vn 0.5084 0.6543 0.5598
vn 0.3710 0.4912 0.7881
vn 0.1963 0.2788 0.9401
vn 0.0988 0.1586 0.9824
vn 0.2065 0.2017 -0.9574
vn 0.1040 0.0833 -0.9911
vn 0.3904 0.4169 -0.8208
vn 0.5350 0.5900 -0.6047
vn 0.6270 0.7051 -0.3313
vn 0.6565 0.7470 -0.1046
vn 0.6565 0.7526 0.0506
vn 0.6270 0.7271 0.2797
vn 0.5350 0.6320 0.5607
vn 0.3904 0.4748 0.7887
vn 0.2065 0.2700 0.9405
vn 0.1040 0.1543 0.9825
vn 0.2953 0.0078 -0.9554
vn 0.1212 -0.0184 -0.9925
vn 0.5345 0.0460 -0.8439
vn 0.7569 0.0848 -0.6480
vn 0.9254 0.1193 -0.3596
vn 0.9854 0.1372 -0.1012
vn 0.9854 0.1441 0.0911
vn 0.9254 0.1449 0.3501
vn 0.7569 0.1312 0.6402
vn 0.5345 0.1066 0.8384
vn 0.2953 0.0765 0.9523
vn 0.1212 0.0530 0.9912
vn 0.0368 -0.2946 -0.9549
vn 0.0142 -0.1358 -0.9906
vn 0.0675 -0.5083 -0.8585
vn 0.0998 -0.7308 -0.6753
vn 0.1281 -0.9201 -0.3701
vn 0.1391 -0.9872 -0.0786
vn 0.1391 -0.9790 0.1494
vn 0.1281 -0.8911 0.4353
vn 0.0998 -0.6803 0.7261
vn 0.0675 -0.4453 0.8929
vn 0.0368 -0.2251 0.9736
vn 0.0141 -0.0643 0.9978
vn -0.2037 -0.2672 -0.9419
vn -0.1039 -0.1544 -0.9825
vn -0.3881 -0.4731 -0.7909
vn -0.5335 -0.6314 -0.5628
vn -0.6261 -0.7273 -0.2810
vn -0.6559 -0.7532 -0.0507
vn -0.6559 -0.7476 0.1048
vn -0.6261 -0.7053 0.3326
vn -0.5335 -0.5893 0.6068
vn -0.3881 -0.4150 0.8229
vn -0.2036 -0.1988 0.9587
vn -0.1039 -0.0833 0.9911
vn -0.1925 -0.2766 -0.9415
vn -0.0982 -0.1591 -0.9824
vn -0.3668 -0.4908 -0.7903
vn -0.5042 -0.6558 -0.5619
vn -0.5917 -0.7559 -0.2800
vn -0.6199 -0.7831 -0.0497
vn -0.6199 -0.7775 0.1058
vn -0.5917 -0.7339 0.3336
vn -0.5042 -0.6137 0.6076
vn -0.3668 -0.4328 0.8235
vn -0.1925 -0.2081 0.9590
vn -0.0982 -0.0881 0.9913
vn -0.1812 -0.2852 -0.9412
vn -0.0924 -0.1635 -0.9822
vn -0.3453 -0.5072 -0.7896
vn -0.4745 -0.6782 -0.5611
vn -0.5569 -0.7823 -0.2790
vn -0.5834 -0.8107 -0.0487
vn -0.5834 -0.8051 0.1068
vn -0.5569 -0.7602 0.3345
vn -0.4745 -0.6361 0.6084
vn -0.3453 -0.4491 0.8241
vn -0.1812 -0.2167 0.9593
vn -0.0924 -0.0924 0.9914
vn -0.1695 -0.2932 -0.9409
vn -0.0865 -0.1676 -0.9821
vn -0.3230 -0.5225 -0.7891
vn -0.4439 -0.6992 -0.5604
vn -0.5210 -0.8070 -0.2781
vn -0.5458 -0.8366 -0.0477
vn -0.5458 -0.8310 0.1078
vn -0.5210 -0.7849 0.3354
vn -0.4439 -0.6571 0.6092
vn -0.3230 -0.4644 0.8246
vn -0.1695 -0.2248 0.9596
vn -0.0865 -0.0965 0.9916
vn -0.1572 -0.3007 -0.9407
vn -0.0802 -0.1715 -0.9819
vn -0.2995 -0.5370 -0.7886
vn -0.4117 -0.7192 -0.5597
vn -0.4832 -0.8305 -0.2773
vn -0.5061 -0.8612 -0.0468
vn -0.5061 -0.8556 0.1087
vn -0.4832 -0.8084 0.3363
vn -0.4117 -0.6771 0.6099
vn -0.2995 -0.4789 0.8252
vn -0.1572 -0.2323 0.9599
vn -0.0802 -0.1004 0.9917
vn -0.1438 -0.3080 -0.9405
vn -0.0734 -0.1753 -0.9818
vn -0.2741 -0.5510 -0.7882
vn -0.3768 -0.7385 -0.5591
vn -0.4423 -0.8532 -0.2766
vn -0.4633 -0.8850 -0.0460
vn -0.4633 -0.8794 0.1095
vn -0.4423 -0.8311 0.3372
vn -0.3768 -0.6964 0.6107
vn -0.2741 -0.4929 0.8258
vn -0.1438 -0.2396 0.9602
vn -0.0734 -0.1042 0.9918
vn -0.1290 -0.3150 -0.9403
vn -0.0659 -0.1789 -0.9817
vn -0.2459 -0.5646 -0.7878
vn -0.3381 -0.7574 -0.5585
vn -0.3969 -0.8754 -0.2758
vn -0.4158 -0.9083 -0.0452
vn -0.4158 -0.9027 0.1104
vn -0.3969 -0.8533 0.3381
vn -0.3381 -0.7153 0.6115
vn -0.2459 -0.5065 0.8264
vn -0.1290 -0.2466 0.9605
vn -0.0659 -0.1079 0.9920
vn -0.1120 -0.3218 -0.9401
vn -0.0573 -0.1826 -0.9815
vn -0.2137 -0.5780 -0.7876
vn -0.2940 -0.7760 -0.5581
vn -0.3451 -0.8973 -0.2752
vn -0.3616 -0.9313 -0.0444
vn -0.3616 -0.9257 0.1112
vn -0.3451 -0.8752 0.3390
vn -0.2940 -0.7338 0.6124
vn -0.2137 -0.5198 0.8271
vn -0.1120 -0.2534 0.9609
vn -0.0573 -0.1115 0.9921
vn -0.0920 -0.3283 -0.9401
vn -0.0471 -0.1861 -0.9814
vn -0.1758 -0.5908 -0.7874
vn -0.2419 -0.7940 -0.5577
vn -0.2840 -0.9186 -0.2746
vn -0.2976 -0.9537 -0.0436
vn -0.2976 -0.9481 0.1121
vn -0.2840 -0.8965 0.3400
vn -0.2419 -0.7518 0.6134
vn -0.1758 -0.5327 0.8279
vn -0.0920 -0.2598 0.9613
vn -0.0471 -0.1150 0.9922
vn -0.0678 -0.3340 -0.9401
vn -0.0348 -0.1894 -0.9813
vn -0.1296 -0.6026 -0.7874
vn -0.1784 -0.8107 -0.5576
vn -0.2096 -0.9385 -0.2742
vn -0.2196 -0.9746 -0.0429
vn -0.2196 -0.9690 0.1129
vn -0.2096 -0.9164 0.3410
vn -0.1784 -0.7685 0.6145
vn -0.1296 -0.5444 0.8287
vn -0.0677 -0.2655 0.9617
vn -0.0348 -0.1183 0.9924
vn -0.0374 -0.3381 -0.9404
vn -0.0192 -0.1920 -0.9812
vn -0.0716 -0.6118 -0.7878
vn -0.0987 -0.8240 -0.5579
vn -0.1160 -0.9547 -0.2741
vn -0.1215 -0.9917 -0.0424
vn -0.1215 -0.9861 0.1136
vn -0.1160 -0.9325 0.3420
vn -0.0987 -0.7818 0.6157
vn -0.0716 -0.5535 0.8297
vn -0.0374 -0.2696 0.9622
vn -0.0192 -0.1209 0.9925
vn 0.0025 -0.3383 -0.9410
vn 0.0013 -0.1929 -0.9812
vn 0.0048 -0.6144 -0.7890
vn 0.0066 -0.8291 -0.5591
vn 0.0078 -0.9615 -0.2748
vn 0.0082 -0.9991 -0.0423
vn 0.0081 -0.9934 0.1140
vn 0.0078 -0.9392 0.3432
vn 0.0066 -0.7867 0.6173
vn 0.0048 -0.5561 0.8311
vn 0.0025 -0.2698 0.9629
vn 0.0013 -0.1219 0.9925
vn 0.0501 -0.3333 -0.9415
vn 0.0260 -0.1907 -0.9813
vn 0.0966 -0.6057 -0.7898
vn 0.1334 -0.8176 -0.5601
vn 0.1570 -0.9484 -0.2757
vn 0.1646 -0.9854 -0.0428
vn 0.1646 -0.9798 0.1136
vn 0.1570 -0.9261 0.3431
vn 0.1334 -0.7752 0.6175
vn 0.0966 -0.5473 0.8313
vn 0.0501 -0.2647 0.9630
vn 0.0260 -0.1196 0.9925
vn 0.0981 -0.3215 -0.9418
vn 0.0509 -0.1845 -0.9815
vn 0.1890 -0.5826 -0.7905
vn 0.2611 -0.7855 -0.5611
vn 0.3072 -0.9105 -0.2769
vn 0.3220 -0.9457 -0.0443
vn 0.3220 -0.9401 0.1121
vn 0.3072 -0.8882 0.3416
vn 0.2611 -0.7431 0.6161
vn 0.1890 -0.5242 0.8303
vn 0.0981 -0.2529 0.9625
vn 0.0509 -0.1134 0.9922
vn 0.1419 -0.3031 -0.9423
vn 0.0735 -0.1748 -0.9819
vn 0.2732 -0.5467 -0.7915
vn 0.3772 -0.7357 -0.5626
vn 0.4437 -0.8517 -0.2788
vn 0.4652 -0.8840 -0.0464
vn 0.4652 -0.8784 0.1099
vn 0.4437 -0.8294 0.3393
vn 0.3772 -0.6933 0.6140
vn 0.2732 -0.4884 0.8288
vn 0.1419 -0.2345 0.9617
vn 0.0735 -0.1037 0.9919
vn 0.1803 -0.2796 -0.9430
vn 0.0932 -0.1625 -0.9823
vn 0.3468 -0.5012 -0.7928
vn 0.4786 -0.6726 -0.5645
vn 0.5628 -0.7772 -0.2812
vn 0.5900 -0.8059 -0.0492
vn 0.5900 -0.8003 0.1070
vn 0.5628 -0.7550 0.3364
vn 0.4786 -0.6302 0.6114
vn 0.3468 -0.4429 0.8268
vn 0.1803 -0.2111 0.9607
vn 0.0932 -0.0914 0.9914
vn 0.2128 -0.2527 -0.9438
vn 0.1099 -0.1484 -0.9828
vn 0.4090 -0.4491 -0.7944
vn 0.5642 -0.6004 -0.5667
vn 0.6634 -0.6922 -0.2841
vn 0.6954 -0.7167 -0.0524
vn 0.6954 -0.7111 0.1038
vn 0.6634 -0.6700 0.3331
vn 0.5642 -0.5581 0.6084
vn 0.4090 -0.3908 0.8246
vn 0.2128 -0.1842 0.9596
vn 0.1099 -0.0773 0.9909
vn 0.2397 -0.2236 -0.9447
vn 0.1237 -0.1332 -0.9833
vn 0.4603 -0.3928 -0.7961
vn 0.6347 -0.5226 -0.5692
vn 0.7462 -0.6006 -0.2872
vn 0.7821 -0.6206 -0.0558
vn 0.7821 -0.6150 0.1003
vn 0.7462 -0.5784 0.3296
vn 0.6347 -0.4803 0.6054
vn 0.4603 -0.3345 0.8223
vn 0.2397 -0.1551 0.9584
vn 0.1237 -0.0622 0.9904
vn 0.2614 -0.1931 -0.9457
vn 0.1347 -0.1174 -0.9839
vn 0.5016 -0.3340 -0.7980
vn 0.6914 -0.4415 -0.5719
vn 0.8127 -0.5052 -0.2905
vn 0.8517 -0.5206 -0.0594
vn 0.8517 -0.5150 0.0966
vn 0.8127 -0.4830 0.3260
vn 0.6914 -0.3992 0.6022
vn 0.5016 -0.2758 0.8200
vn 0.2614 -0.1246 0.9572
vn 0.1347 -0.0464 0.9898
vn 0.2783 -0.1619 -0.9468
vn 0.1433 -0.1013 -0.9845
vn 0.5338 -0.2739 -0.8000
vn 0.7356 -0.3585 -0.5747
vn 0.8646 -0.4076 -0.2939
vn 0.9061 -0.4183 -0.0630
vn 0.9061 -0.4127 0.0929
vn 0.8646 -0.3854 0.3224
vn 0.7356 -0.3162 0.5990
vn 0.5338 -0.2157 0.8177
vn 0.2783 -0.0934 0.9559
vn 0.1433 -0.0302 0.9892
vn 0.2910 -0.1302 -0.9478
vn 0.1498 -0.0849 -0.9851
vn 0.5579 -0.2130 -0.8021
vn 0.7688 -0.2745 -0.5776
vn 0.9034 -0.3089 -0.2973
vn 0.9468 -0.3149 -0.0667
vn 0.9468 -0.3093 0.0892
vn 0.9034 -0.2867 0.3188
vn 0.7688 -0.2323 0.5959
vn 0.5579 -0.1548 0.8153
vn 0.2910 -0.0617 0.9547
vn 0.1498 -0.0138 0.9886
vn 0.2998 -0.0982 -0.9489
vn 0.1543 -0.0684 -0.9857
vn 0.5746 -0.1517 -0.8042
vn 0.7917 -0.1900 -0.5806
vn 0.9304 -0.2096 -0.3008
vn 0.9750 -0.2108 -0.0705
vn 0.9750 -0.2052 0.0854
vn 0.9304 -0.1874 0.3151
vn 0.7917 -0.1478 0.5927
vn 0.5746 -0.0935 0.8131
vn 0.2998 -0.0297 0.9535
vn 0.1543 0.0026 0.9880
vn 0.3050 -0.0662 -0.9501
vn 0.1569 -0.0519 -0.9862
vn 0.5845 -0.0903 -0.8064
vn 0.8052 -0.1054 -0.5835
vn 0.9462 -0.1101 -0.3044
vn 0.9915 -0.1066 -0.0742
vn 0.9915 -0.1010 0.0817
vn 0.9462 -0.0879 0.3115
vn 0.8052 -0.0632 0.5896
vn 0.5845 -0.0321 0.8108
vn 0.3050 0.0023 0.9524
vn 0.1569 0.0191 0.9874
vn 0.3093 -0.0422 -0.9500
vn 0.1579 -0.0396 -0.9867
vn 0.5896 -0.0443 -0.8065
vn 0.8105 -0.0420 -0.5842
vn 0.9514 -0.0357 -0.3060
vn 0.9966 -0.0286 -0.0768
vn 0.9966 -0.0230 0.0787
vn 0.9514 -0.0136 0.3078
vn 0.8105 0.0001 0.5857
vn 0.5896 0.0138 0.8076
vn 0.3093 0.0262 0.9506
vn 0.1579 0.0314 0.9870
vn 0.1998 -0.2342 -0.9514
vn 0.0795 -0.1152 -0.9902
vn 0.3636 -0.3943 -0.8440
vn 0.5250 -0.5487 -0.6506
vn 0.6552 -0.6683 -0.3522
vn 0.7033 -0.7066 -0.0785
vn 0.7033 -0.6991 0.1291
vn 0.6552 -0.6413 0.3994
vn 0.5250 -0.5005 0.6884
vn 0.3636 -0.3326 0.8702
vn 0.1998 -0.1652 0.9658
vn 0.0795 -0.0437 0.9959
vn -0.1998 -0.2342 -0.9514
vn -0.0795 -0.1152 -0.9902
vn -0.3636 -0.3943 -0.8440
vn -0.5250 -0.5487 -0.6506
vn -0.6552 -0.6683 -0.3522
vn -0.7033 -0.7066 -0.0785
vn -0.7033 -0.6991 0.1291
vn -0.6552 -0.6413 0.3994
vn -0.5250 -0.5005 0.6884
vn -0.3636 -0.3326 0.8702
vn -0.1998 -0.1652 0.9658
vn -0.0795 -0.0437 0.9959
vn -0.1998 0.1652 -0.9658
vn -0.0795 0.0437 -0.9959
vn -0.3636 0.3326 -0.8702
vn -0.5250 0.5005 -0.6884
vn -0.6552 0.6413 -0.3994
vn -0.7033 0.6991 -0.1291
vn -0.7033 0.7066 0.0785
vn -0.6552 0.6683 0.3522
vn -0.5250 0.5487 0.6506
vn -0.3636 0.3943 0.8440
vn -0.1998 0.2342 0.9514
vn -0.0795 0.1152 0.9902
vn 0.1998 0.1652 -0.9658
vn 0.0795 0.0437 -0.9959
vn 0.3636 0.3326 -0.8702
vn 0.5250 0.5005 -0.6884
vn 0.6552 0.6413 -0.3994
vn 0.7033 0.6991 -0.1291
vn 0.7033 0.7066 0.0785
vn 0.6552 0.6683 0.3522
vn 0.5250 0.5487 0.6506
vn 0.3636 0.3943 0.8440
vn 0.1998 0.2342 0.9514
vn 0.0795 0.1152 0.9902
vn -0.0091 -0.3481 -0.9374
vn -0.0377 -0.3485 -0.9365
vn -0.0188 -0.1920 -0.9812
vn -0.0046 -0.1933 -0.9811
vn -0.0171 -0.6217 -0.7831
vn -0.0708 -0.6192 -0.7820
vn -0.0234 -0.8328 -0.5531
vn -0.0968 -0.8280 -0.5523
vn -0.0275 -0.9622 -0.2711
vn -0.1134 -0.9559 -0.2708
vn -0.0288 -0.9987 -0.0417
vn -0.1187 -0.9920 -0.0419
vn -0.0288 -0.9931 0.1134
vn -0.1187 -0.9865 0.1132
vn -0.0275 -0.9402 0.3396
vn -0.1134 -0.9340 0.3388
vn -0.0234 -0.7908 0.6116
vn -0.0968 -0.7861 0.6104
vn -0.0171 -0.5637 0.8258
vn -0.0708 -0.5614 0.8245
vn -0.0091 -0.2798 0.9600
vn -0.0377 -0.2803 0.9592
vn -0.0046 -0.1222 0.9925
vn -0.0188 -0.1209 0.9925
vn -0.0777 -0.3415 -0.9367
vn -0.0386 -0.1882 -0.9814
vn -0.1457 -0.6055 -0.7824
vn -0.1992 -0.8091 -0.5529
vn -0.2332 -0.9337 -0.2715
vn -0.2442 -0.9688 -0.0428
vn -0.2442 -0.9632 0.1123
vn -0.2332 -0.9118 0.3379
vn -0.1992 -0.7672 0.6096
vn -0.1457 -0.5477 0.8239
vn -0.0777 -0.2732 0.9588
vn -0.0386 -0.1172 0.9924
vn -0.1190 -0.3283 -0.9371
vn -0.0591 -0.1815 -0.9816
vn -0.2232 -0.5804 -0.7832
vn -0.3050 -0.7746 -0.5540
vn -0.3570 -0.8933 -0.2729
vn -0.3738 -0.9265 -0.0443
vn -0.3738 -0.9209 0.1108
vn -0.3570 -0.8714 0.3364
vn -0.3050 -0.7328 0.6083
vn -0.2232 -0.5226 0.8229
vn -0.1190 -0.2600 0.9582
vn -0.0591 -0.1105 0.9921
vn -0.1600 -0.3084 -0.9377
vn -0.0794 -0.1715 -0.9820
vn -0.2999 -0.5429 -0.7844
vn -0.4098 -0.7233 -0.5558
vn -0.4798 -0.8332 -0.2750
vn -0.5022 -0.8635 -0.0466
vn -0.5022 -0.8579 0.1085
vn -0.4798 -0.8112 0.3342
vn -0.4098 -0.6814 0.6064
vn -0.2999 -0.4851 0.8214
vn -0.1600 -0.2401 0.9575
vn -0.0794 -0.1005 0.9918
vn -0.1987 -0.2820 -0.9386
vn -0.0985 -0.1584 -0.9825
vn -0.3722 -0.4933 -0.7862
vn -0.5086 -0.6555 -0.5583
vn -0.5954 -0.7538 -0.2779
vn -0.6233 -0.7804 -0.0496
vn -0.6233 -0.7748 0.1056
vn -0.5954 -0.7319 0.3314
vn -0.5086 -0.6136 0.6039
vn -0.3722 -0.4355 0.8196
vn -0.1987 -0.2137 0.9565
vn -0.0985 -0.0873 0.9913
vn -0.2330 -0.2500 -0.9398
vn -0.1155 -0.1426 -0.9830
vn -0.4366 -0.4334 -0.7884
vn -0.5966 -0.5737 -0.5612
vn -0.6984 -0.6581 -0.2813
vn -0.7311 -0.6802 -0.0532
vn -0.7311 -0.6746 0.1019
vn -0.6984 -0.6361 0.3279
vn -0.5966 -0.5319 0.6010
vn -0.4366 -0.3756 0.8175
vn -0.2330 -0.1818 0.9553
vn -0.1155 -0.0715 0.9907
vn -0.2615 -0.2141 -0.9412
vn -0.1298 -0.1248 -0.9837
vn -0.4903 -0.3663 -0.7909
vn -0.6700 -0.4820 -0.5646
vn -0.7844 -0.5508 -0.2852
vn -0.8211 -0.5679 -0.0572
vn -0.8211 -0.5623 0.0979
vn -0.7844 -0.5288 0.3241
vn -0.6700 -0.4402 0.5978
vn -0.4903 -0.3085 0.8151
vn -0.2615 -0.1459 0.9541
vn -0.1298 -0.0538 0.9901
vn -0.2836 -0.1762 -0.9426
vn -0.1409 -0.1061 -0.9843
vn -0.5320 -0.2954 -0.7935
vn -0.7272 -0.3852 -0.5681
vn -0.8514 -0.4375 -0.2894
vn -0.8913 -0.4493 -0.0615
vn -0.8913 -0.4437 0.0936
vn -0.8514 -0.4155 0.3201
vn -0.7272 -0.3434 0.5944
vn -0.5320 -0.2376 0.8127
vn -0.2836 -0.1080 0.9528
vn -0.1409 -0.0351 0.9894
vn -0.2994 -0.1381 -0.9441
vn -0.1489 -0.0873 -0.9850
vn -0.5620 -0.2241 -0.7962
vn -0.7683 -0.2878 -0.5717
vn -0.8996 -0.3235 -0.2935
vn -0.9417 -0.3299 -0.0658
vn -0.9417 -0.3243 0.0893
vn -0.8996 -0.3015 0.3160
vn -0.7683 -0.2460 0.5910
vn -0.5620 -0.1663 0.8103
vn -0.2994 -0.0699 0.9516
vn -0.1489 -0.0162 0.9887
vn -0.3094 -0.1013 -0.9455
vn -0.1541 -0.0690 -0.9856
vn -0.5812 -0.1550 -0.7989
vn -0.7948 -0.1934 -0.5753
vn -0.9307 -0.2129 -0.2975
vn -0.9743 -0.2142 -0.0699
vn -0.9743 -0.2086 0.0852
vn -0.9307 -0.1910 0.3121
vn -0.7948 -0.1515 0.5877
vn -0.5812 -0.0972 0.8079
vn -0.3094 -0.0330 0.9504
vn -0.1541 0.0021 0.9881
vn -0.3146 -0.0665 -0.9469
vn -0.1569 -0.0517 -0.9863
vn -0.5914 -0.0899 -0.8014
vn -0.8089 -0.1043 -0.5786
vn -0.9473 -0.1086 -0.3014
vn -0.9917 -0.1050 -0.0739
vn -0.9917 -0.0994 0.0812
vn -0.9473 -0.0866 0.3084
vn -0.8089 -0.0624 0.5846
vn -0.5914 -0.0320 0.8057
vn -0.3146 0.0017 0.9492
vn -0.1569 0.0194 0.9874
vn -0.3163 -0.0325 -0.9481
vn -0.1577 -0.0347 -0.9869
vn -0.5946 -0.0258 -0.8036
vn -0.8132 -0.0167 -0.5817
vn -0.9523 -0.0060 -0.3050
vn -0.9970 0.0024 -0.0777
vn -0.9970 0.0080 0.0774
vn -0.9523 0.0160 0.3047
vn -0.8132 0.0252 0.5814
vn -0.5946 0.0320 0.8034
vn -0.3163 0.0358 0.9480
vn -0.1577 0.0364 0.9868
vn -0.3145 0.0045 -0.9492
vn -0.1565 -0.0163 -0.9875
vn -0.5905 0.0436 -0.8059
vn -0.8073 0.0782 -0.5849
vn -0.9453 0.1051 -0.3089
vn -0.9895 0.1187 -0.0819
vn -0.9895 0.1243 0.0732
vn -0.9453 0.1270 0.3006
vn -0.8073 0.1201 0.5778
vn -0.5905 0.1014 0.8006
vn -0.3145 0.0727 0.9465
vn -0.1565 0.0547 0.9862
vn -0.3073 0.0439 -0.9506
vn -0.1528 0.0033 -0.9883
vn -0.5767 0.1176 -0.8085
vn -0.7883 0.1793 -0.5885
vn -0.9230 0.2235 -0.3132
vn -0.9663 0.2426 -0.0864
vn -0.9663 0.2482 0.0687
vn -0.9230 0.2454 0.2963
vn -0.7883 0.2212 0.5741
vn -0.5767 0.1754 0.7979
vn -0.3073 0.1122 0.9450
vn -0.1528 0.0743 0.9855
vn -0.2946 0.0834 -0.9520
vn -0.1464 0.0229 -0.9890
vn -0.5527 0.1915 -0.8111
vn -0.7555 0.2803 -0.5921
vn -0.8846 0.3418 -0.3174
vn -0.9260 0.3665 -0.0908
vn -0.9260 0.3720 0.0643
vn -0.8846 0.3637 0.2920
vn -0.7555 0.3222 0.5704
vn -0.5527 0.2493 0.7952
vn -0.2946 0.1516 0.9435
vn -0.1464 0.0939 0.9848
vn -0.2764 0.1217 -0.9533
vn -0.1373 0.0419 -0.9896
vn -0.5184 0.2633 -0.8136
vn -0.7085 0.3785 -0.5956
vn -0.8295 0.4567 -0.3215
vn -0.8683 0.4867 -0.0952
vn -0.8683 0.4923 0.0599
vn -0.8295 0.4786 0.2879
vn -0.7085 0.4204 0.5669
vn -0.5184 0.3211 0.7926
vn -0.2763 0.1899 0.9421
vn -0.1373 0.1129 0.9841
vn -0.2527 0.1578 -0.9546
vn -0.1255 0.0598 -0.9903
vn -0.4739 0.3309 -0.8160
vn -0.6477 0.4709 -0.5989
vn -0.7583 0.5649 -0.3254
vn -0.7938 0.6000 -0.0993
vn -0.7938 0.6056 0.0559
vn -0.7583 0.5868 0.2840
vn -0.6477 0.5128 0.5635
vn -0.4739 0.3888 0.7901
vn -0.2527 0.2260 0.9408
vn -0.1255 0.1308 0.9834
vn -0.2241 0.1905 -0.9558
vn -0.1113 0.0760 -0.9909
vn -0.4202 0.3923 -0.8182
vn -0.5743 0.5548 -0.6019
vn -0.6724 0.6631 -0.3290
vn -0.7039 0.7028 -0.1030
vn -0.7039 0.7084 0.0521
vn -0.6724 0.6850 0.2804
vn -0.5743 0.5967 0.5605
vn -0.4202 0.4502 0.7879
vn -0.2241 0.2587 0.9396
vn -0.1113 0.1471 0.9828
vn -0.1912 0.2190 -0.9568
vn -0.0950 0.0902 -0.9914
vn -0.3586 0.4458 -0.8202
vn -0.4902 0.6279 -0.6046
vn -0.5739 0.7486 -0.3320
vn -0.6008 0.7923 -0.1062
vn -0.6008 0.7979 0.0489
vn -0.5739 0.7705 0.2773
vn -0.4902 0.6697 0.5579
vn -0.3586 0.5036 0.7860
vn -0.1912 0.2872 0.9386
vn -0.0950 0.1612 0.9823
vn -0.1551 0.2425 -0.9577
vn -0.0771 0.1019 -0.9918
vn -0.2910 0.4899 -0.8218
vn -0.3977 0.6882 -0.6068
vn -0.4657 0.8193 -0.3346
vn -0.4875 0.8663 -0.1088
vn -0.4875 0.8719 0.0463
vn -0.4657 0.8412 0.2748
vn -0.3977 0.7301 0.5557
vn -0.2910 0.5477 0.7844
vn -0.1551 0.3107 0.9378
vn -0.0771 0.1729 0.9819
vn -0.1169 0.2605 -0.9584
vn -0.0581 0.1109 -0.9921
vn -0.2193 0.5239 -0.8230
vn -0.2998 0.7348 -0.6085
vn -0.3510 0.8738 -0.3366
vn -0.3674 0.9234 -0.1109
vn -0.3674 0.9290 0.0442
vn -0.3510 0.8958 0.2729
vn -0.2998 0.7766 0.5541
vn -0.2193 0.5818 0.7832
vn -0.1169 0.3288 0.9371
vn -0.0581 0.1820 0.9816
vn -0.0776 0.2731 -0.9589
vn -0.0386 0.1172 -0.9924
vn -0.1456 0.5476 -0.8240
vn -0.1991 0.7672 -0.6097
vn -0.2331 0.9118 -0.3380
vn -0.2440 0.9632 -0.1123
vn -0.2440 0.9688 0.0428
vn -0.2331 0.9338 0.2715
vn -0.1991 0.8091 0.5529
vn -0.1456 0.6054 0.7824
vn -0.0776 0.3413 0.9367
vn -0.0386 0.1883 0.9814
vn -0.0384 0.2802 -0.9592
vn -0.0191 0.1209 -0.9925
vn -0.0720 0.5612 -0.8245
vn -0.0985 0.7859 -0.6104
vn -0.1153 0.9338 -0.3388
vn -0.1207 0.9862 -0.1131
vn -0.1207 0.9918 0.0419
vn -0.1153 0.9557 0.2708
vn -0.0985 0.8278 0.5523
vn -0.0720 0.6191 0.7820
vn -0.0384 0.3485 0.9365
vn -0.0191 0.1919 0.9812
vn -0.0071 0.2805 -0.9598
vn -0.0036 0.1222 -0.9925
vn -0.0135 0.5643 -0.8255
vn -0.0185 0.7912 -0.6113
vn -0.0216 0.9404 -0.3394
vn -0.0226 0.9933 -0.1134
vn -0.0226 0.9989 0.0417
vn -0.0216 0.9624 0.2709
vn -0.0185 0.8331 0.5529
vn -0.0135 0.6222 0.7828
vn -0.0072 0.3488 0.9372
vn -0.0036 0.1932 0.9811
vn 0.0091 0.2786 -0.9604
vn 0.0046 0.1223 -0.9925
vn 0.0172 0.5629 -0.8263
vn 0.0235 0.7904 -0.6121
vn 0.0276 0.9401 -0.3399
vn 0.0289 0.9931 -0.1134
vn 0.0289 0.9987 0.0417
vn 0.0276 0.9621 0.2714
vn 0.0235 0.8324 0.5537
vn 0.0172 0.6209 0.7837
vn 0.0091 0.3469 0.9378
vn 0.0046 0.1933 0.9811
vn 0.0185 0.2783 -0.9603
vn 0.0093 0.1220 -0.9925
vn 0.0351 0.5622 -0.8263
vn 0.0481 0.7893 -0.6121
vn 0.0563 0.9388 -0.3398
vn 0.0590 0.9918 -0.1134
vn 0.0590 0.9974 0.0418
vn 0.0563 0.9608 0.2714
vn 0.0481 0.8313 0.5537
vn 0.0351 0.6201 0.7837
vn 0.0185 0.3466 0.9378
vn 0.0094 0.1931 0.9811
vn 0.0283 0.2776 -0.9603
vn 0.0143 0.1217 -0.9925
vn 0.0536 0.5608 -0.8262
vn 0.0735 0.7875 -0.6120
vn 0.0861 0.9366 -0.3397
vn 0.0902 0.9895 -0.1133
vn 0.0902 0.9950 0.0419
vn 0.0861 0.9586 0.2715
vn 0.0735 0.8294 0.5538
vn 0.0536 0.6188 0.7837
vn 0.0283 0.3459 0.9378
vn 0.0143 0.1927 0.9812
vn 0.0383 0.2765 -0.9602
vn 0.0193 0.1211 -0.9924
vn 0.0725 0.5588 -0.8261
vn 0.0993 0.7847 -0.6119
vn 0.1164 0.9333 -0.3396
vn 0.1219 0.9861 -0.1132
vn 0.1219 0.9917 0.0420
vn 0.1164 0.9553 0.2716
vn 0.0993 0.8267 0.5539
vn 0.0725 0.6168 0.7838
vn 0.0383 0.3448 0.9379
vn 0.0193 0.1922 0.9812
vn 0.0482 0.2751 -0.9602
vn 0.0243 0.1204 -0.9924
vn 0.0913 0.5562 -0.8260
vn 0.1251 0.7811 -0.6117
vn 0.1466 0.9291 -0.3395
vn 0.1535 0.9817 -0.1130
vn 0.1535 0.9872 0.0421
vn 0.1466 0.9511 0.2718
vn 0.1251 0.8231 0.5540
vn 0.0913 0.6141 0.7839
vn 0.0482 0.3434 0.9379
vn 0.0243 0.1915 0.9812
vn 0.0580 0.2734 -0.9601
vn 0.0292 0.1196 -0.9924
vn 0.1097 0.5530 -0.8259
vn 0.1504 0.7767 -0.6116
vn 0.1763 0.9240 -0.3393
vn 0.1846 0.9763 -0.1128
vn 0.1846 0.9819 0.0423
vn 0.1763 0.9460 0.2720
vn 0.1504 0.8187 0.5542
vn 0.1097 0.6109 0.7840
vn 0.0580 0.3417 0.9380
vn 0.0292 0.1906 0.9812
vn 0.0674 0.2714 -0.9601
vn 0.0340 0.1186 -0.9924
vn 0.1276 0.5493 -0.8258
vn 0.1749 0.7717 -0.6114
vn 0.2050 0.9182 -0.3391
vn 0.2146 0.9702 -0.1126
vn 0.2146 0.9758 0.0426
vn 0.2050 0.9402 0.2722
vn 0.1749 0.8137 0.5544
vn 0.1276 0.6073 0.7842
vn 0.0674 0.3398 0.9381
vn 0.0340 0.1897 0.9813
vn 0.0764 0.2693 -0.9600
vn 0.0385 0.1175 -0.9923
vn 0.1445 0.5453 -0.8257
vn 0.1981 0.7662 -0.6113
vn 0.2323 0.9117 -0.3389
vn 0.2432 0.9634 -0.1124
vn 0.2432 0.9690 0.0428
vn 0.2323 0.9337 0.2724
vn 0.1981 0.8082 0.5546
vn 0.1445 0.6032 0.7844
vn 0.0764 0.3376 0.9382
vn 0.0385 0.1886 0.9813
vn 0.0848 0.2669 -0.9600
vn 0.0428 0.1164 -0.9923
vn 0.1605 0.5410 -0.8256
vn 0.2200 0.7604 -0.6111
vn 0.2579 0.9049 -0.3387
vn 0.2700 0.9563 -0.1121
vn 0.2700 0.9619 0.0431
vn 0.2579 0.9269 0.2727
vn 0.2200 0.8023 0.5548
vn 0.1605 0.5989 0.7846
vn 0.0848 0.3353 0.9383
vn 0.0428 0.1875 0.9813
vn 0.0926 0.2646 -0.9599
vn 0.0467 0.1153 -0.9922
vn 0.1752 0.5365 -0.8255
vn 0.2402 0.7544 -0.6109
vn 0.2816 0.8979 -0.3384
vn 0.2949 0.9490 -0.1119
vn 0.2949 0.9545 0.0433
vn 0.2816 0.9199 0.2730
vn 0.2402 0.7963 0.5551
vn 0.1752 0.5945 0.7848
vn 0.0926 0.3329 0.9384
vn 0.0467 0.1863 0.9814
vn 0.0460 0.1177 -0.9920
vn 0.0503 0.1141 -0.9922
vn -0.9183 0.3687 0.1440
vn -0.9530 0.2844 0.1046
vn -0.9696 0.2392 0.0518
vn -0.9624 0.2715 -0.0022
vn -0.9624 0.2710 -0.0174
vn -0.9696 0.2348 -0.0690
vn -0.9530 0.2761 -0.1249
vn -0.9184 0.3573 -0.1700
vn 0.0460 0.1887 0.9810
vn 0.0503 0.1851 0.9814
vn -0.5045 -0.4959 -0.7068
vn -0.0534 0.0393 -0.9978
vn -0.7709 -0.6216 -0.1392
vn -0.8147 -0.5671 -0.1212
vn -0.8504 -0.5211 -0.0730
vn -0.8425 -0.5387 0.0062
vn -0.8425 -0.5378 0.0325
vn -0.8504 -0.5145 0.1103
vn -0.8147 -0.5569 0.1617
vn -0.7709 -0.6100 0.1836
vn -0.5045 -0.4438 0.7406
vn -0.0534 0.1110 0.9924
vn -0.0504 -0.1852 -0.9814
vn -0.1016 -0.3275 -0.9394
vn -0.0517 -0.1847 -0.9814
vn -0.0554 -0.1834 -0.9815
vn 0.9418 -0.3026 -0.1467
vn -0.1932 -0.5869 -0.7863
vn 0.9165 -0.3870 -0.1014
vn -0.2653 -0.7872 -0.5567
vn 0.9020 -0.4294 -0.0453
vn -0.3112 -0.9099 -0.2741
vn 0.9180 -0.3964 0.0065
vn -0.3260 -0.9444 -0.0438
vn 0.9180 -0.3959 0.0220
vn -0.3260 -0.9388 0.1116
vn 0.9020 -0.4250 0.0760
vn -0.3112 -0.8879 0.3388
vn 0.9165 -0.3788 0.1290
vn -0.2653 -0.7452 0.6118
vn 0.9416 -0.2917 0.1681
vn -0.1932 -0.5288 0.8264
vn -0.0504 -0.1142 0.9922
vn -0.1016 -0.2591 0.9605
vn -0.0554 -0.1123 0.9921
vn -0.0517 -0.1136 0.9922
vn -0.0932 -0.3301 -0.9393
vn -0.1772 -0.5920 -0.7862
vn -0.2435 -0.7944 -0.5565
vn -0.2856 -0.9184 -0.2738
vn -0.2992 -0.9532 -0.0435
vn -0.2992 -0.9476 0.1119
vn -0.2856 -0.8963 0.3392
vn -0.2435 -0.7523 0.6122
vn -0.1772 -0.5340 0.8267
vn -0.0932 -0.2617 0.9606
vn -0.0838 -0.3328 -0.9393
vn -0.0427 -0.1875 -0.9813
vn -0.1595 -0.5972 -0.7861
vn -0.2192 -0.8016 -0.5563
vn -0.2572 -0.9268 -0.2736
vn -0.2694 -0.9621 -0.0432
vn -0.2694 -0.9565 0.1122
vn -0.2572 -0.9048 0.3395
vn -0.2192 -0.7595 0.6125
vn -0.1595 -0.5391 0.8270
vn -0.0838 -0.2644 0.9608
vn -0.0427 -0.1164 0.9923
vn -0.0737 -0.3353 -0.9392
vn -0.0375 -0.1888 -0.9813
vn -0.1403 -0.6022 -0.7859
vn -0.1928 -0.8084 -0.5561
vn -0.2262 -0.9350 -0.2733
vn -0.2369 -0.9706 -0.0429
vn -0.2369 -0.9650 0.1126
vn -0.2262 -0.9129 0.3399
vn -0.1928 -0.7664 0.6128
vn -0.1403 -0.5441 0.8272
vn -0.0737 -0.2669 0.9609
vn -0.0375 -0.1178 0.9923
vn -0.0630 -0.3377 -0.9392
vn -0.0321 -0.1901 -0.9812
vn -0.1199 -0.6067 -0.7858
vn -0.1647 -0.8148 -0.5559
vn -0.1933 -0.9424 -0.2731
vn -0.2025 -0.9784 -0.0426
vn -0.2025 -0.9728 0.1128
vn -0.1933 -0.9203 0.3401
vn -0.1647 -0.7727 0.6131
vn -0.1199 -0.5487 0.8274
vn -0.0630 -0.2693 0.9610
vn -0.0321 -0.1190 0.9924
vn -0.0519 -0.3397 -0.9391
vn -0.0264 -0.1911 -0.9812
vn -0.0988 -0.6107 -0.7857
vn -0.1357 -0.8202 -0.5557
vn -0.1592 -0.9488 -0.2729
vn -0.1668 -0.9851 -0.0424
vn -0.1668 -0.9795 0.1131
vn -0.1592 -0.9267 0.3404
vn -0.1357 -0.7781 0.6133
vn -0.0988 -0.5526 0.8276
vn -0.0519 -0.2713 0.9611
vn -0.0264 -0.1201 0.9924
vn -0.0407 -0.3414 -0.9390
vn -0.0207 -0.1920 -0.9812
vn -0.0774 -0.6139 -0.7856
vn -0.1064 -0.8246 -0.5556
vn -0.1249 -0.9540 -0.2727
vn -0.1308 -0.9905 -0.0422
vn -0.1308 -0.9849 0.1133
vn -0.1249 -0.9319 0.3406
vn -0.1064 -0.7825 0.6134
vn -0.0774 -0.5558 0.8277
vn -0.0407 -0.2730 0.9611
vn -0.0207 -0.1209 0.9924
vn -0.0297 -0.3427 -0.9390
vn -0.0565 -0.6164 -0.7854
vn -0.0776 -0.8279 -0.5554
vn -0.0910 -0.9578 -0.2725
vn -0.0954 -0.9946 -0.0420
vn -0.0954 -0.9890 0.1134
vn -0.0910 -0.9358 0.3407
vn -0.0776 -0.7859 0.6135
vn -0.0565 -0.5583 0.8277
vn -0.0297 -0.2743 0.9612
vn -0.0191 -0.3437 -0.9389
vn -0.0097 -0.1931 -0.9811
vn -0.0364 -0.6180 -0.7853
vn -0.0500 -0.8302 -0.5553
vn -0.0586 -0.9604 -0.2724
vn -0.0614 -0.9972 -0.0419
vn -0.0614 -0.9916 0.1135
vn -0.0586 -0.9383 0.3407
vn -0.0500 -0.7881 0.6135
vn -0.0364 -0.5599 0.8277
vn -0.0191 -0.2753 0.9612
vn -0.0097 -0.1220 0.9925
vn -0.0092 -0.3442 -0.9388
vn -0.0047 -0.1933 -0.9811
vn -0.0175 -0.6190 -0.7852
vn -0.0241 -0.8314 -0.5552
vn -0.0282 -0.9618 -0.2723
vn -0.0296 -0.9987 -0.0419
vn -0.0296 -0.9931 0.1136
vn -0.0282 -0.9397 0.3408
vn -0.0241 -0.7893 0.6135
vn -0.0175 -0.5609 0.8277
vn -0.0092 -0.2758 0.9612
vn -0.0047 -0.1222 0.9925
vn 0.0072 -0.3421 -0.9396
vn 0.0037 -0.1932 -0.9811
vn 0.0137 -0.6174 -0.7865
vn 0.0189 -0.8306 -0.5565
vn 0.0222 -0.9617 -0.2731
vn 0.0232 -0.9988 -0.0420
vn 0.0232 -0.9932 0.1137
vn 0.0222 -0.9396 0.3416
vn 0.0189 -0.7885 0.6148
vn 0.0137 -0.5593 0.8289
vn 0.0072 -0.2737 0.9618
vn 0.0037 -0.1222 0.9925
vn 0.0381 -0.3371 -0.9407
vn 0.0196 -0.1918 -0.9812
vn 0.0731 -0.6108 -0.7884
vn 0.1008 -0.8234 -0.5585
vn 0.1185 -0.9543 -0.2745
vn 0.1242 -0.9913 -0.0425
vn 0.1242 -0.9857 0.1136
vn 0.1185 -0.9320 0.3424
vn 0.1008 -0.7811 0.6163
vn 0.0731 -0.5526 0.8303
vn 0.0381 -0.2686 0.9625
vn 0.0196 -0.1208 0.9925
vn 0.0774 -0.3292 -0.9411
vn 0.0400 -0.1879 -0.9814
vn 0.1487 -0.5959 -0.7891
vn 0.2051 -0.8031 -0.5595
vn 0.2412 -0.9305 -0.2755
vn 0.2529 -0.9665 -0.0434
vn 0.2529 -0.9609 0.1128
vn 0.2412 -0.9083 0.3417
vn 0.2052 -0.7607 0.6158
vn 0.1487 -0.5377 0.8299
vn 0.0774 -0.2606 0.9623
vn 0.0400 -0.1168 0.9923
vn 0.1170 -0.3155 -0.9417
vn 0.0605 -0.1809 -0.9816
vn 0.2250 -0.5700 -0.7902
vn 0.3105 -0.7674 -0.5610
vn 0.3652 -0.8887 -0.2772
vn 0.3828 -0.9227 -0.0450
vn 0.3828 -0.9171 0.1112
vn 0.3652 -0.8665 0.3404
vn 0.3105 -0.7251 0.6147
vn 0.2250 -0.5117 0.8292
vn 0.1170 -0.2470 0.9619
vn 0.0605 -0.1099 0.9921
vn 0.1555 -0.2960 -0.9424
vn 0.0805 -0.1709 -0.9820
vn 0.2992 -0.5326 -0.7917
vn 0.4130 -0.7159 -0.5629
vn 0.4857 -0.8283 -0.2794
vn 0.5091 -0.8594 -0.0473
vn 0.5091 -0.8538 0.1089
vn 0.4857 -0.8060 0.3383
vn 0.4130 -0.6736 0.6130
vn 0.2992 -0.4743 0.8279
vn 0.1555 -0.2274 0.9613
vn 0.0805 -0.0999 0.9917
vn 0.1915 -0.2710 -0.9434
vn 0.0990 -0.1580 -0.9825
vn 0.3683 -0.4845 -0.7935
vn 0.5083 -0.6496 -0.5653
vn 0.5979 -0.7502 -0.2822
vn 0.6267 -0.7776 -0.0502
vn 0.6267 -0.7720 0.1060
vn 0.5979 -0.7280 0.3355
vn 0.5083 -0.6073 0.6106
vn 0.3683 -0.4262 0.8262
vn 0.1915 -0.2024 0.9604
vn 0.0990 -0.0869 0.9913
vn 0.2234 -0.2413 -0.9444
vn 0.1155 -0.1426 -0.9830
vn 0.4297 -0.4273 -0.7954
vn 0.5930 -0.5707 -0.5681
vn 0.6974 -0.6574 -0.2855
vn 0.7310 -0.6802 -0.0537
vn 0.7310 -0.6746 0.1025
vn 0.6974 -0.6351 0.3321
vn 0.5930 -0.5283 0.6077
vn 0.4297 -0.3690 0.8241
vn 0.2234 -0.1727 0.9593
vn 0.1155 -0.0715 0.9907
vn 0.2504 -0.2082 -0.9455
vn 0.1294 -0.1254 -0.9836
vn 0.4814 -0.3635 -0.7976
vn 0.6641 -0.4824 -0.5711
vn 0.7810 -0.5536 -0.2892
vn 0.8186 -0.5714 -0.0576
vn 0.8186 -0.5658 0.0986
vn 0.7810 -0.5313 0.3282
vn 0.6641 -0.4401 0.6044
vn 0.4814 -0.3052 0.8217
vn 0.2504 -0.1396 0.9580
vn 0.1294 -0.0544 0.9901
vn 0.2718 -0.1729 -0.9467
vn 0.1404 -0.1072 -0.9843
vn 0.5223 -0.2956 -0.7999
vn 0.7205 -0.3887 -0.5743
vn 0.8471 -0.4433 -0.2930
vn 0.8879 -0.4558 -0.0618
vn 0.8879 -0.4502 0.0944
vn 0.8471 -0.4211 0.3241
vn 0.7205 -0.3464 0.6008
vn 0.5223 -0.2373 0.8190
vn 0.2718 -0.1044 0.9567
vn 0.1404 -0.0361 0.9894
vn 0.2878 -0.1370 -0.9479
vn 0.1485 -0.0885 -0.9849
vn 0.5526 -0.2264 -0.8021
vn 0.7620 -0.2931 -0.5775
vn 0.8958 -0.3309 -0.2969
vn 0.9388 -0.3380 -0.0660
vn 0.9388 -0.3323 0.0901
vn 0.8958 -0.3087 0.3199
vn 0.7620 -0.2509 0.5971
vn 0.5526 -0.1681 0.8163
vn 0.2878 -0.0685 0.9552
vn 0.1485 -0.0175 0.9888
vn 0.2985 -0.1014 -0.9490
vn 0.1538 -0.0701 -0.9856
vn 0.5728 -0.1580 -0.8043
vn 0.7895 -0.1987 -0.5806
vn 0.9280 -0.2198 -0.3007
vn 0.9726 -0.2216 -0.0701
vn 0.9726 -0.2160 0.0859
vn 0.9280 -0.1977 0.3158
vn 0.7895 -0.1565 0.5934
vn 0.5728 -0.0997 0.8136
vn 0.2985 -0.0329 0.9538
vn 0.1538 0.0009 0.9881
vn 0.3046 -0.0670 -0.9501
vn 0.1568 -0.0524 -0.9862
vn 0.5841 -0.0920 -0.8065
vn 0.8048 -0.1078 -0.5836
vn 0.9458 -0.1129 -0.3044
vn 0.9912 -0.1095 -0.0741
vn 0.9912 -0.1039 0.0818
vn 0.9458 -0.0907 0.3117
vn 0.8048 -0.0655 0.5899
vn 0.5841 -0.0338 0.8110
vn 0.3046 0.0015 0.9525
vn 0.1568 0.0186 0.9875
vn 0.3076 -0.0368 -0.9508
vn 0.1578 -0.0368 -0.9868
vn 0.5884 -0.0340 -0.8079
vn 0.8100 -0.0279 -0.5858
vn 0.9514 -0.0190 -0.3073
vn 0.9969 -0.0111 -0.0776
vn 0.9969 -0.0055 0.0782
vn 0.9514 0.0031 0.3079
vn 0.8100 0.0143 0.5863
vn 0.5884 0.0242 0.8082
vn 0.3076 0.0317 0.9510
vn 0.1578 0.0342 0.9869
vn 0.3071 -0.0110 -0.9516
vn 0.1574 -0.0236 -0.9873
vn 0.5870 0.0153 -0.8094
vn 0.8079 0.0400 -0.5880
vn 0.9488 0.0607 -0.3100
vn 0.9941 0.0724 -0.0806
vn 0.9941 0.0780 0.0751
vn 0.9488 0.0828 0.3048
vn 0.8079 0.0822 0.5836
vn 0.5870 0.0735 0.8062
vn 0.3071 0.0575 0.9500
vn 0.1574 0.0474 0.9864
vn 0.3031 0.0156 -0.9528
vn 0.1557 -0.0099 -0.9878
vn 0.5803 0.0664 -0.8117
vn 0.7991 0.1104 -0.5910
vn 0.9388 0.1434 -0.3133
vn 0.9837 0.1591 -0.0837
vn 0.9837 0.1647 0.0721
vn 0.9388 0.1656 0.3022
vn 0.7991 0.1526 0.5815
vn 0.5803 0.1246 0.8048
vn 0.3031 0.0841 0.9492
vn 0.1557 0.0611 0.9859
vn 0.2954 0.0465 -0.9542
vn 0.1521 0.0061 -0.9883
vn 0.5665 0.1258 -0.8144
vn 0.7807 0.1923 -0.5945
vn 0.9176 0.2398 -0.3171
vn 0.9616 0.2601 -0.0874
vn 0.9616 0.2657 0.0685
vn 0.9176 0.2619 0.2991
vn 0.7807 0.2346 0.5791
vn 0.5665 0.1840 0.8032
vn 0.2954 0.1150 0.9484
vn 0.1521 0.0771 0.9853
vn 0.2825 0.0814 -0.9558
vn 0.1459 0.0242 -0.9890
vn 0.5427 0.1931 -0.8174
vn 0.7486 0.2853 -0.5985
vn 0.8801 0.3492 -0.3215
vn 0.9225 0.3749 -0.0917
vn 0.9225 0.3805 0.0645
vn 0.8801 0.3715 0.2956
vn 0.7486 0.3276 0.5765
vn 0.5427 0.2513 0.8014
vn 0.2825 0.1499 0.9475
vn 0.1459 0.0952 0.9847
vn 0.2627 0.1192 -0.9575
vn 0.1360 0.0439 -0.9897
vn 0.5056 0.2662 -0.8206
vn 0.6980 0.3866 -0.6028
vn 0.8210 0.4685 -0.3262
vn 0.8607 0.5000 -0.0962
vn 0.8607 0.5056 0.0600
vn 0.8210 0.4907 0.2917
vn 0.6980 0.4289 0.5735
vn 0.5056 0.3245 0.7994
vn 0.2627 0.1877 0.9464
vn 0.1360 0.1150 0.9840
vn 0.2350 0.1577 -0.9591
vn 0.1219 0.0640 -0.9905
vn 0.4530 0.3408 -0.8238
vn 0.6257 0.4899 -0.6071
vn 0.7363 0.5902 -0.3310
vn 0.7719 0.6277 -0.1009
vn 0.7719 0.6333 0.0555
vn 0.7363 0.6125 0.2877
vn 0.6257 0.5322 0.5703
vn 0.4530 0.3992 0.7972
vn 0.2350 0.2262 0.9453
vn 0.1219 0.1351 0.9833
vn 0.1996 0.1937 -0.9605
vn 0.1037 0.0828 -0.9912
vn 0.3851 0.4105 -0.8266
vn 0.5321 0.5863 -0.6108
vn 0.6262 0.7039 -0.3352
vn 0.6566 0.7469 -0.1052
vn 0.6566 0.7525 0.0513
vn 0.6262 0.7262 0.2838
vn 0.5321 0.6287 0.5671
vn 0.3851 0.4689 0.7949
vn 0.1996 0.2622 0.9441
vn 0.1037 0.1539 0.9826
vn 0.1587 0.2240 -0.9616
vn 0.0824 0.0985 -0.9917
vn 0.3060 0.4689 -0.8286
vn 0.4227 0.6669 -0.6136
vn 0.4974 0.7987 -0.3386
vn 0.5215 0.8463 -0.1088
vn 0.5215 0.8519 0.0477
vn 0.4974 0.8210 0.2803
vn 0.4227 0.7093 0.5641
vn 0.3060 0.5273 0.7927
vn 0.1587 0.2926 0.9430
vn 0.0824 0.1696 0.9821
vn 0.1153 0.2467 -0.9622
vn 0.0598 0.1101 -0.9921
vn 0.2222 0.5121 -0.8297
vn 0.3068 0.7262 -0.6153
vn 0.3609 0.8681 -0.3408
vn 0.3783 0.9189 -0.1114
vn 0.3783 0.9246 0.0450
vn 0.3609 0.8904 0.2775
vn 0.3068 0.7685 0.5615
vn 0.2222 0.5704 0.7907
vn 0.1153 0.3153 0.9420
vn 0.0598 0.1811 0.9816
vn 0.0731 0.2615 -0.9624
vn 0.0378 0.1174 -0.9924
vn 0.1406 0.5396 -0.8301
vn 0.1939 0.7635 -0.6160
vn 0.2281 0.9116 -0.3419
vn 0.2391 0.9644 -0.1129
vn 0.2391 0.9700 0.0433
vn 0.2281 0.9339 0.2755
vn 0.1939 0.8058 0.5595
vn 0.1406 0.5979 0.7892
vn 0.0731 0.3300 0.9411
vn 0.0378 0.1884 0.9814
vn 0.0344 0.2695 -0.9624
vn 0.0178 0.1211 -0.9925
vn 0.0661 0.5538 -0.8300
vn 0.0911 0.7824 -0.6160
vn 0.1071 0.9335 -0.3423
vn 0.1123 0.9872 -0.1136
vn 0.1123 0.9928 0.0424
vn 0.1071 0.9557 0.2743
vn 0.0911 0.8247 0.5582
vn 0.0661 0.6120 0.7881
vn 0.0345 0.3380 0.9405
vn 0.0178 0.1921 0.9812
vn 0.0082 0.2748 -0.9615
vn 0.0042 0.1222 -0.9925
vn 0.0156 0.5601 -0.8283
vn 0.0214 0.7889 -0.6141
vn 0.0252 0.9397 -0.3411
vn 0.0264 0.9932 -0.1136
vn 0.0264 0.9988 0.0419
vn 0.0252 0.9618 0.2727
vn 0.0214 0.8310 0.5558
vn 0.0156 0.6182 0.7858
vn 0.0082 0.3432 0.9392
vn 0.0042 0.1933 0.9811
vn -0.1215 0.0860 -0.9889
vn -0.2906 0.2576 -0.9215
vn -0.4693 0.4420 -0.7645
vn -0.6332 0.6168 -0.4676
vn -0.7024 0.6979 -0.1399
vn -0.7024 0.7061 0.0893
vn -0.6332 0.6488 0.4221
vn -0.4693 0.4959 0.7307
vn -0.2906 0.3232 0.9006
vn -0.1215 0.1569 0.9801
vn -0.1760 -0.0082 -0.9843
vn -0.1080 -0.1095 -0.9881
vn -0.5111 0.8381 -0.1905
vn -0.5842 0.7967 -0.1548
vn -0.6280 0.7719 -0.0988
vn -0.6049 0.7954 -0.0380
vn -0.6049 0.7961 -0.0193
vn -0.6280 0.7770 0.0430
vn -0.5842 0.8058 0.0971
vn -0.5111 0.8496 0.1298
vn -0.1760 0.0626 0.9824
vn -0.1080 -0.0382 0.9934
vt 0.467532 0.000000
vt 0.493506 0.000000
vt 0.480519 0.000000
vt 0.506494 0.000000
vt 0.298701 0.000000
vt 0.324675 0.000000
vt 0.311688 0.000000
vt 0.337662 0.000000
vt 0.350649 0.000000
vt 0.363636 0.000000
vt 0.376623 0.000000
vt 0.285714 0.000000
vt 0.389610 0.000000
vt 0.402597 0.000000
vt 0.415584 0.000000
vt 0.272727 0.000000
vt 0.428571 0.000000
vt 0.441558 0.000000
vt 0.454545 0.000000
vt 0.259740 0.000000
vt 0.545455 0.000000
vt 0.532468 0.000000
vt 0.519481 0.000000
vt 1.000000 0.000000
vt 0.246753 0.000000
vt 0.584416 0.000000
vt 0.571429 0.000000
vt 0.558442 0.000000
vt 0.233766 0.000000
vt 0.623377 0.000000
vt 0.610390 0.000000
vt 0.597403 0.000000
vt 0.220779 0.000000
vt 0.662338 0.000000
vt 0.649351 0.000000
vt 0.636364 0.000000
vt 0.675325 0.000000
vt 0.688312 0.000000
vt 0.207792 0.000000
vt 0.701299 0.000000
vt 0.714286 0.000000
vt 0.987013 0.000000
vt 0.727273 0.000000
vt 0.194805 0.000000
vt 0.740260 0.000000
vt 0.753247 0.000000
vt 0.181818 0.000000
vt 0.766234 0.000000
vt 0.779221 0.000000
vt 0.168831 0.000000
vt 0.792208 0.000000
vt 0.155844 0.000000
vt 0.805195 0.000000
vt 0.818182 0.000000
vt 0.142857 0.000000
vt 0.831169 0.000000
vt 0.844156 0.000000
vt 0.129870 0.000000
vt 0.857143 0.000000
vt 0.116883 0.000000
vt 0.870130 0.000000
vt 0.883117 0.000000
vt 0.103896 0.000000
vt 0.896104 0.000000
vt 0.909091 0.000000
vt 0.090909 0.000000
vt 0.922078 0.000000
vt 0.935065 0.000000
vt 0.948052 0.000000
vt 0.077922 0.000000
vt 0.961039 0.000000
vt 0.974026 0.000000
vt 0.064935 0.000000
vt 0.051948 0.000000
vt 0.038961 0.000000
vt 0.025974 0.000000
vt 0.012987 0.000000
vt 0.000000 0.000000
vt 0.222222 0.000000
vt 0.259259 0.000000
vt 0.240741 0.000000
vt 0.277778 0.000000
vt 0.203704 0.000000
vt 0.296296 0.000000
vt 0.185185 0.000000
vt 0.314815 0.000000
vt 0.333333 0.000000
vt 0.166667 0.000000
vt 0.351852 0.000000
vt 0.962963 0.000000
vt 0.981481 0.000000
vt 0.148148 0.000000
vt 0.370370 0.000000
vt 0.388889 0.000000
vt 0.129630 0.000000
vt 0.407407 0.000000
vt 0.111111 0.000000
vt 0.425926 0.000000
vt 0.444444 0.000000
vt 0.092593 0.000000
vt 0.462963 0.000000
vt 0.074074 0.000000
vt 0.648148 0.000000
vt 0.629630 0.000000
vt 0.611111 0.000000
vt 0.592593 0.000000
vt 0.574074 0.000000
vt 0.555556 0.000000
vt 0.537037 0.000000
vt 0.518519 0.000000
vt 0.500000 0.000000
vt 0.481481 0.000000
vt 0.055556 0.000000
vt 0.685185 0.000000
vt 0.666667 0.000000
vt 0.037037 0.000000
vt 0.722222 0.000000
vt 0.703704 0.000000
vt 0.740741 0.000000
vt 0.759259 0.000000
vt 0.018519 0.000000
vt 0.777778 0.000000
vt 0.796296 0.000000
vt 0.870370 0.000000
vt 0.851852 0.000000
vt 0.833333 0.000000
vt 0.814815 0.000000
vt 0.888889 0.000000
vt 0.907407 0.000000
vt 0.925926 0.000000
vt 0.944444 0.000000
vt 0.068493 0.000000
vt 0.082192 0.000000
vt 0.075342 0.000000
vt 0.061644 0.000000
vt 0.054795 0.000000
vt 0.089041 0.000000
vt 0.047945 0.000000
vt 0.041096 0.000000
vt 0.034247 0.000000
vt 0.095890 0.000000
vt 0.027397 0.000000
vt 0.020548 0.000000
vt 0.013699 0.000000
vt 0.102740 0.000000
vt 0.006849 0.000000
vt 0.109589 0.000000
vt 0.993151 0.000000
vt 0.986301 0.000000
vt 0.979452 0.000000
vt 0.972603 0.000000
vt 0.965753 0.000000
vt 0.958904 0.000000
vt 0.952055 0.000000
vt 0.116438 0.000000
vt 0.945205 0.000000
vt 0.938356 0.000000
vt 0.123288 0.000000
vt 0.931507 0.000000
vt 0.924658 0.000000
vt 0.917808 0.000000
vt 0.130137 0.000000
vt 0.910959 0.000000
vt 0.904110 0.000000
vt 0.136986 0.000000
vt 0.897260 0.000000
vt 0.890411 0.000000
vt 0.883562 0.000000
vt 0.143836 0.000000
vt 0.876712 0.000000
vt 0.869863 0.000000
vt 0.863014 0.000000
vt 0.150685 0.000000
vt 0.856164 0.000000
vt 0.849315 0.000000
vt 0.157534 0.000000
vt 0.842466 0.000000
vt 0.835616 0.000000
vt 0.164384 0.000000
vt 0.828767 0.000000
vt 0.821918 0.000000
vt 0.171233 0.000000
vt 0.815068 0.000000
vt 0.178082 0.000000
vt 0.808219 0.000000
vt 0.184932 0.000000
vt 0.801370 0.000000
vt 0.191781 0.000000
vt 0.794521 0.000000
vt 0.198630 0.000000
vt 0.787671 0.000000
vt 0.780822 0.000000
vt 0.205479 0.000000
vt 0.773973 0.000000
vt 0.212329 0.000000
vt 0.767123 0.000000
vt 0.760274 0.000000
vt 0.753425 0.000000
vt 0.219178 0.000000
vt 0.746575 0.000000
vt 0.739726 0.000000
vt 0.226027 0.000000
vt 0.232877 0.000000
vt 0.239726 0.000000
vt 0.246575 0.000000
vt 0.253425 0.000000
vt 0.260274 0.000000
vt 0.267123 0.000000
vt 0.273973 0.000000
vt 0.732877 0.000000
vt 0.280822 0.000000
vt 0.726027 0.000000
vt 0.719178 0.000000
vt 0.712329 0.000000
vt 0.287671 0.000000
vt 0.705479 0.000000
vt 0.698630 0.000000
vt 0.294521 0.000000
vt 0.691781 0.000000
vt 0.301370 0.000000
vt 0.684932 0.000000
vt 0.678082 0.000000
vt 0.308219 0.000000
vt 0.671233 0.000000
vt 0.315068 0.000000
vt 0.664384 0.000000
vt 0.321918 0.000000
vt 0.657534 0.000000
vt 0.328767 0.000000
vt 0.650685 0.000000
vt 0.643836 0.000000
vt 0.335616 0.000000
vt 0.636986 0.000000
vt 0.630137 0.000000
vt 0.342466 0.000000
vt 0.486301 0.000000
vt 0.493151 0.000000
vt 0.623288 0.000000
vt 0.506849 0.000000
vt 0.616438 0.000000
vt 0.513699 0.000000
vt 0.349315 0.000000
vt 0.609589 0.000000
vt 0.520548 0.000000
vt 0.527397 0.000000
vt 0.602740 0.000000
vt 0.534247 0.000000
vt 0.595890 0.000000
vt 0.541096 0.000000
vt 0.547945 0.000000
vt 0.589041 0.000000
vt 0.356164 0.000000
vt 0.554795 0.000000
vt 0.582192 0.000000
vt 0.561644 0.000000
vt 0.568493 0.000000
vt 0.575342 0.000000
vt 0.363014 0.000000
vt 0.369863 0.000000
vt 0.376712 0.000000
vt 0.479452 0.000000
vt 0.472603 0.000000
vt 0.465753 0.000000
vt 0.383562 0.000000
vt 0.458904 0.000000
vt 0.452055 0.000000
vt 0.390411 0.000000
vt 0.445205 0.000000
vt 0.438356 0.000000
vt 0.431507 0.000000
vt 0.397260 0.000000
vt 0.424658 0.000000
vt 0.417808 0.000000
vt 0.404110 0.000000
vt 0.410959 0.000000
vt 0.000000 0.090909
vt 0.006803 0.090909
vt 0.006803 0.000000
vt 0.000000 0.181818
vt 0.006803 0.181818
vt 0.000000 0.272727
vt 0.006803 0.272727
vt 0.000000 0.363636
vt 0.006803 0.363636
vt 0.000000 0.454545
vt 0.006803 0.454545
vt 0.000000 0.545455
vt 0.006803 0.545455
vt 0.000000 0.636364
vt 0.006803 0.636364
vt 0.000000 0.727273
vt 0.006803 0.727273
vt 0.000000 0.818182
vt 0.006803 0.818182
vt 0.000000 0.909091
vt 0.006803 0.909091
vt 0.000000 1.000000
vt 0.006803 1.000000
vt 0.013605 0.090909
vt 0.013605 0.000000
vt 0.013605 0.181818
vt 0.013605 0.272727
vt 0.013605 0.363636
vt 0.013605 0.454545
vt 0.013605 0.545455
vt 0.013605 0.636364
vt 0.013605 0.727273
vt 0.013605 0.818182
vt 0.013605 0.909091
vt 0.013605 1.000000
vt 0.020408 0.090909
vt 0.020408 0.000000
vt 0.020408 0.181818
vt 0.020408 0.272727
vt 0.020408 0.363636
vt 0.020408 0.454545
vt 0.020408 0.545455
vt 0.020408 0.636364
vt 0.020408 0.727273
vt 0.020408 0.818182
vt 0.020408 0.909091
vt 0.020408 1.000000
vt 0.027211 0.090909
vt 0.027211 0.000000
vt 0.027211 0.181818
vt 0.027211 0.272727
vt 0.027211 0.363636
vt 0.027211 0.454545
vt 0.027211 0.545455
vt 0.027211 0.636364
vt 0.027211 0.727273
vt 0.027211 0.818182
vt 0.027211 0.909091
vt 0.027211 1.000000
vt 0.034014 0.090909
vt 0.034014 0.000000
vt 0.034014 0.181818
vt 0.034014 0.272727
vt 0.034014 0.363636
vt 0.034014 0.454545
vt 0.034014 0.545455
vt 0.034014 0.636364
vt 0.034014 0.727273
vt 0.034014 0.818182
vt 0.034014 0.909091
vt 0.034014 1.000000
vt 0.040816 0.090909
vt 0.040816 0.000000
vt 0.040816 0.181818
vt 0.040816 0.272727
vt 0.040816 0.363636
vt 0.040816 0.454545
vt 0.040816 0.545455
vt 0.040816 0.636364
vt 0.040816 0.727273
vt 0.040816 0.818182
vt 0.040816 0.909091
vt 0.040816 1.000000
vt 0.047619 0.090909
vt 0.047619 0.000000
vt 0.047619 0.181818
vt 0.047619 0.272727
vt 0.047619 0.363636
vt 0.047619 0.454545
vt 0.047619 0.545455
vt 0.047619 0.636364
vt 0.047619 0.727273
vt 0.047619 0.818182
vt 0.047619 0.909091
vt 0.047619 1.000000
vt 0.054422 0.090909
vt 0.054422 0.000000
vt 0.054422 0.181818
vt 0.054422 0.272727
vt 0.054422 0.363636
vt 0.054422 0.454545
vt 0.054422 0.545455
vt 0.054422 0.636364
vt 0.054422 0.727273
vt 0.054422 0.818182
vt 0.054422 0.909091
vt 0.054422 1.000000
vt 0.061224 0.090909
vt 0.061224 0.000000
vt 0.061224 0.181818
vt 0.061224 0.272727
vt 0.061224 0.363636
vt 0.061224 0.454545
vt 0.061224 0.545455
vt 0.061224 0.636364
vt 0.061224 0.727273
vt 0.061224 0.818182
vt 0.061224 0.909091
vt 0.061224 1.000000
vt 0.068027 0.090909
vt 0.068027 0.000000
vt 0.068027 0.181818
vt 0.068027 0.272727
vt 0.068027 0.363636
vt 0.068027 0.454545
vt 0.068027 0.545455
vt 0.068027 0.636364
vt 0.068027 0.727273
vt 0.068027 0.818182
vt 0.068027 0.909091
vt 0.068027 1.000000
vt 0.074830 0.090909
vt 0.074830 0.000000
vt 0.074830 0.181818
vt 0.074830 0.272727
vt 0.074830 0.363636
vt 0.074830 0.454545
vt 0.074830 0.545455
vt 0.074830 0.636364
vt 0.074830 0.727273
vt 0.074830 0.818182
vt 0.074830 0.909091
vt 0.074830 1.000000
vt 0.081633 0.090909
vt 0.081633 0.000000
vt 0.081633 0.181818
vt 0.081633 0.272727
vt 0.081633 0.363636
vt 0.081633 0.454545
vt 0.081633 0.545455
vt 0.081633 0.636364
vt 0.081633 0.727273
vt 0.081633 0.818182
vt 0.081633 0.909091
vt 0.081633 1.000000
vt 0.088435 0.090909
vt 0.088435 0.000000
vt 0.088435 0.181818
vt 0.088435 0.272727
vt 0.088435 0.363636
vt 0.088435 0.454545
vt 0.088435 0.545455
vt 0.088435 0.636364
vt 0.088435 0.727273
vt 0.088435 0.818182
vt 0.088435 0.909091
vt 0.088435 1.000000
vt 0.095238 0.090909
vt 0.095238 0.000000
vt 0.095238 0.181818
vt 0.095238 0.272727
vt 0.095238 0.363636
vt 0.095238 0.454545
vt 0.095238 0.545455
vt 0.095238 0.636364
vt 0.095238 0.727273
vt 0.095238 0.818182
vt 0.095238 0.909091
vt 0.095238 1.000000
vt 0.102041 0.090909
vt 0.102041 0.000000
vt 0.102041 0.181818
vt 0.102041 0.272727
vt 0.102041 0.363636
vt 0.102041 0.454545
vt 0.102041 0.545455
vt 0.102041 0.636364
vt 0.102041 0.727273
vt 0.102041 0.818182
vt 0.102041 0.909091
vt 0.102041 1.000000
vt 0.108844 0.090909
vt 0.108844 0.000000
vt 0.108844 0.181818
vt 0.108844 0.272727
vt 0.108844 0.363636
vt 0.108844 0.454545
vt 0.108844 0.545455
vt 0.108844 0.636364
vt 0.108844 0.727273
vt 0.108844 0.818182
vt 0.108844 0.909091
vt 0.108844 1.000000
vt 0.115646 0.090909
vt 0.115646 0.000000
vt 0.115646 0.181818
vt 0.115646 0.272727
vt 0.115646 0.363636
vt 0.115646 0.454545
vt 0.115646 0.545455
vt 0.115646 0.636364
vt 0.115646 0.727273
vt 0.115646 0.818182
vt 0.115646 0.909091
vt 0.115646 1.000000
vt 0.122449 0.090909
vt 0.122449 0.000000
vt 0.122449 0.181818
vt 0.122449 0.272727
vt 0.122449 0.363636
vt 0.122449 0.454545
vt 0.122449 0.545455
vt 0.122449 0.636364
vt 0.122449 0.727273
vt 0.122449 0.818182
vt 0.122449 0.909091
vt 0.122449 1.000000
vt 0.129252 0.090909
vt 0.129252 0.000000
vt 0.129252 0.181818
vt 0.129252 0.272727
vt 0.129252 0.363636
vt 0.129252 0.454545
vt 0.129252 0.545455
vt 0.129252 0.636364
vt 0.129252 0.727273
vt 0.129252 0.818182
vt 0.129252 0.909091
vt 0.129252 1.000000
vt 0.136054 0.090909
vt 0.136054 0.000000
vt 0.136054 0.181818
vt 0.136054 0.272727
vt 0.136054 0.363636
vt 0.136054 0.454545
vt 0.136054 0.545455
vt 0.136054 0.636364
vt 0.136054 0.727273
vt 0.136054 0.818182
vt 0.136054 0.909091
vt 0.136054 1.000000
vt 0.142857 0.090909
vt 0.142857 0.181818
vt 0.142857 0.272727
vt 0.142857 0.363636
vt 0.142857 0.454545
vt 0.142857 0.545455
vt 0.142857 0.636364
vt 0.142857 0.727273
vt 0.142857 0.818182
vt 0.142857 0.909091
vt 0.142857 1.000000
vt 0.149660 0.090909
vt 0.149660 0.000000
vt 0.149660 0.181818
vt 0.149660 0.272727
vt 0.149660 0.363636
vt 0.149660 0.454545
vt 0.149660 0.545455
vt 0.149660 0.636364
vt 0.149660 0.727273
vt 0.149660 0.818182
vt 0.149660 0.909091
vt 0.149660 1.000000
vt 0.156463 0.090909
vt 0.156463 0.000000
vt 0.156463 0.181818
vt 0.156463 0.272727
vt 0.156463 0.363636
vt 0.156463 0.454545
vt 0.156463 0.545455
vt 0.156463 0.636364
vt 0.156463 0.727273
vt 0.156463 0.818182
vt 0.156463 0.909091
vt 0.156463 1.000000
vt 0.163265 0.090909
vt 0.163265 0.000000
vt 0.163265 0.181818
vt 0.163265 0.272727
vt 0.163265 0.363636
vt 0.163265 0.454545
vt 0.163265 0.545455
vt 0.163265 0.636364
vt 0.163265 0.727273
vt 0.163265 0.818182
vt 0.163265 0.909091
vt 0.163265 1.000000
vt 0.170068 0.090909
vt 0.170068 0.000000
vt 0.170068 0.181818
vt 0.170068 0.272727
vt 0.170068 0.363636
vt 0.170068 0.454545
vt 0.170068 0.545455
vt 0.170068 0.636364
vt 0.170068 0.727273
vt 0.170068 0.818182
vt 0.170068 0.909091
vt 0.170068 1.000000
vt 0.176871 0.090909
vt 0.176871 0.000000
vt 0.176871 0.181818
vt 0.176871 0.272727
vt 0.176871 0.363636
vt 0.176871 0.454545
vt 0.176871 0.545455
vt 0.176871 0.636364
vt 0.176871 0.727273
vt 0.176871 0.818182
vt 0.176871 0.909091
vt 0.176871 1.000000
vt 0.183673 0.090909
vt 0.183673 0.000000
vt 0.183673 0.181818
vt 0.183673 0.272727
vt 0.183673 0.363636
vt 0.183673 0.454545
vt 0.183673 0.545455
vt 0.183673 0.636364
vt 0.183673 0.727273
vt 0.183673 0.818182
vt 0.183673 0.909091
vt 0.183673 1.000000
vt 0.190476 0.090909
vt 0.190476 0.000000
vt 0.190476 0.181818
vt 0.190476 0.272727
vt 0.190476 0.363636
vt 0.190476 0.454545
vt 0.190476 0.545455
vt 0.190476 0.636364
vt 0.190476 0.727273
vt 0.190476 0.818182
vt 0.190476 0.909091
vt 0.190476 1.000000
vt 0.197279 0.090909
vt 0.197279 0.000000
vt 0.197279 0.181818
vt 0.197279 0.272727
vt 0.197279 0.363636
vt 0.197279 0.454545
vt 0.197279 0.545455
vt 0.197279 0.636364
vt 0.197279 0.727273
vt 0.197279 0.818182
vt 0.197279 0.909091
vt 0.197279 1.000000
vt 0.204082 0.090909
vt 0.204082 0.000000
vt 0.204082 0.181818
vt 0.204082 0.272727
vt 0.204082 0.363636
vt 0.204082 0.454545
vt 0.204082 0.545455
vt 0.204082 0.636364
vt 0.204082 0.727273
vt 0.204082 0.818182
vt 0.204082 0.909091
vt 0.204082 1.000000
vt 0.210884 0.090909
vt 0.210884 0.000000
vt 0.210884 0.181818
vt 0.210884 0.272727
vt 0.210884 0.363636
vt 0.210884 0.454545
vt 0.210884 0.545455
vt 0.210884 0.636364
vt 0.210884 0.727273
vt 0.210884 0.818182
vt 0.210884 0.909091
vt 0.210884 1.000000
vt 0.217687 0.090909
vt 0.217687 0.000000
vt 0.217687 0.181818
vt 0.217687 0.272727
vt 0.217687 0.363636
vt 0.217687 0.454545
vt 0.217687 0.545455
vt 0.217687 0.636364
vt 0.217687 0.727273
vt 0.217687 0.818182
vt 0.217687 0.909091
vt 0.217687 1.000000
vt 0.224490 0.090909
vt 0.224490 0.000000
vt 0.224490 0.181818
vt 0.224490 0.272727
vt 0.224490 0.363636
vt 0.224490 0.454545
vt 0.224490 0.545455
vt 0.224490 0.636364
vt 0.224490 0.727273
vt 0.224490 0.818182
vt 0.224490 0.909091
vt 0.224490 1.000000
vt 0.231293 0.090909
vt 0.231293 0.000000
vt 0.231293 0.181818
vt 0.231293 0.272727
vt 0.231293 0.363636
vt 0.231293 0.454545
vt 0.231293 0.545455
vt 0.231293 0.636364
vt 0.231293 0.727273
vt 0.231293 0.818182
vt 0.231293 0.909091
vt 0.231293 1.000000
vt 0.238095 0.090909
vt 0.238095 0.000000
vt 0.238095 0.181818
vt 0.238095 0.272727
vt 0.238095 0.363636
vt 0.238095 0.454545
vt 0.238095 0.545455
vt 0.238095 0.636364
vt 0.238095 0.727273
vt 0.238095 0.818182
vt 0.238095 0.909091
vt 0.238095 1.000000
vt 0.244898 0.090909
vt 0.244898 0.000000
vt 0.244898 0.181818
vt 0.244898 0.272727
vt 0.244898 0.363636
vt 0.244898 0.454545
vt 0.244898 0.545455
vt 0.244898 0.636364
vt 0.244898 0.727273
vt 0.244898 0.818182
vt 0.244898 0.909091
vt 0.244898 1.000000
vt 0.251701 0.090909
vt 0.251701 0.000000
vt 0.251701 0.181818
vt 0.251701 0.272727
vt 0.251701 0.363636
vt 0.251701 0.454545
vt 0.251701 0.545455
vt 0.251701 0.636364
vt 0.251701 0.727273
vt 0.251701 0.818182
vt 0.251701 0.909091
vt 0.251701 1.000000
vt 0.258503 0.090909
vt 0.258503 0.000000
vt 0.258503 0.181818
vt 0.258503 0.272727
vt 0.258503 0.363636
vt 0.258503 0.454545
vt 0.258503 0.545455
vt 0.258503 0.636364
vt 0.258503 0.727273
vt 0.258503 0.818182
vt 0.258503 0.909091
vt 0.258503 1.000000
vt 0.265306 0.090909
vt 0.265306 0.000000
vt 0.265306 0.181818
vt 0.265306 0.272727
vt 0.265306 0.363636
vt 0.265306 0.454545
vt 0.265306 0.545455
vt 0.265306 0.636364
vt 0.265306 0.727273
vt 0.265306 0.818182
vt 0.265306 0.909091
vt 0.265306 1.000000
vt 0.272109 0.090909
vt 0.272109 0.000000
vt 0.272109 0.181818
vt 0.272109 0.272727
vt 0.272109 0.363636
vt 0.272109 0.454545
vt 0.272109 0.545455
vt 0.272109 0.636364
vt 0.272109 0.727273
vt 0.272109 0.818182
vt 0.272109 0.909091
vt 0.272109 1.000000
vt 0.278912 0.090909
vt 0.278912 0.000000
vt 0.278912 0.181818
vt 0.278912 0.272727
vt 0.278912 0.363636
vt 0.278912 0.454545
vt 0.278912 0.545455
vt 0.278912 0.636364
vt 0.278912 0.727273
vt 0.278912 0.818182
vt 0.278912 0.909091
vt 0.278912 1.000000
vt 0.285714 0.090909
vt 0.285714 0.181818
vt 0.285714 0.272727
vt 0.285714 0.363636
vt 0.285714 0.454545
vt 0.285714 0.545455
vt 0.285714 0.636364
vt 0.285714 0.727273
vt 0.285714 0.818182
vt 0.285714 0.909091
vt 0.285714 1.000000
vt 0.292517 0.090909
vt 0.292517 0.000000
vt 0.292517 0.181818
vt 0.292517 0.272727
vt 0.292517 0.363636
vt 0.292517 0.454545
vt 0.292517 0.545455
vt 0.292517 0.636364
vt 0.292517 0.727273
vt 0.292517 0.818182
vt 0.292517 0.909091
vt 0.292517 1.000000
vt 0.299320 0.090909
vt 0.299320 0.000000
vt 0.299320 0.181818
vt 0.299320 0.272727
vt 0.299320 0.363636
vt 0.299320 0.454545
vt 0.299320 0.545455
vt 0.299320 0.636364
vt 0.299320 0.727273
vt 0.299320 0.818182
vt 0.299320 0.909091
vt 0.299320 1.000000
vt 0.306122 0.090909
vt 0.306122 0.000000
vt 0.306122 0.181818
vt 0.306122 0.272727
vt 0.306122 0.363636
vt 0.306122 0.454545
vt 0.306122 0.545455
vt 0.306122 0.636364
vt 0.306122 0.727273
vt 0.306122 0.818182
vt 0.306122 0.909091
vt 0.306122 1.000000
vt 0.312925 0.090909
vt 0.312925 0.000000
vt 0.312925 0.181818
vt 0.312925 0.272727
vt 0.312925 0.363636
vt 0.312925 0.454545
vt 0.312925 0.545455
vt 0.312925 0.636364
vt 0.312925 0.727273
vt 0.312925 0.818182
vt 0.312925 0.909091
vt 0.312925 1.000000
vt 0.319728 0.090909
vt 0.319728 0.000000
vt 0.319728 0.181818
vt 0.319728 0.272727
vt 0.319728 0.363636
vt 0.319728 0.454545
vt 0.319728 0.545455
vt 0.319728 0.636364
vt 0.319728 0.727273
vt 0.319728 0.818182
vt 0.319728 0.909091
vt 0.319728 1.000000
vt 0.326531 0.090909
vt 0.326531 0.000000
vt 0.326531 0.181818
vt 0.326531 0.272727
vt 0.326531 0.363636
vt 0.326531 0.454545
vt 0.326531 0.545455
vt 0.326531 0.636364
vt 0.326531 0.727273
vt 0.326531 0.818182
vt 0.326531 0.909091
vt 0.326531 1.000000
vt 0.333333 0.090909
vt 0.333333 0.181818
vt 0.333333 0.272727
vt 0.333333 0.363636
vt 0.333333 0.454545
vt 0.333333 0.545455
vt 0.333333 0.636364
vt 0.333333 0.727273
vt 0.333333 0.818182
vt 0.333333 0.909091
vt 0.333333 1.000000
vt 0.340136 0.090909
vt 0.340136 0.000000
vt 0.340136 0.181818
vt 0.340136 0.272727
vt 0.340136 0.363636
vt 0.340136 0.454545
vt 0.340136 0.545455
vt 0.340136 0.636364
vt 0.340136 0.727273
vt 0.340136 0.818182
vt 0.340136 0.909091
vt 0.340136 1.000000
vt 0.346939 0.090909
vt 0.346939 0.000000
vt 0.346939 0.181818
vt 0.346939 0.272727
vt 0.346939 0.363636
vt 0.346939 0.454545
vt 0.346939 0.545455
vt 0.346939 0.636364
vt 0.346939 0.727273
vt 0.346939 0.818182
vt 0.346939 0.909091
vt 0.346939 1.000000
vt 0.353741 0.090909
vt 0.353741 0.000000
vt 0.353741 0.181818
vt 0.353741 0.272727
vt 0.353741 0.363636
vt 0.353741 0.454545
vt 0.353741 0.545455
vt 0.353741 0.636364
vt 0.353741 0.727273
vt 0.353741 0.818182
vt 0.353741 0.909091
vt 0.353741 1.000000
vt 0.360544 0.090909
vt 0.360544 0.000000
vt 0.360544 0.181818
vt 0.360544 0.272727
vt 0.360544 0.363636
vt 0.360544 0.454545
vt 0.360544 0.545455
vt 0.360544 0.636364
vt 0.360544 0.727273
vt 0.360544 0.818182
vt 0.360544 0.909091
vt 0.360544 1.000000
vt 0.367347 0.090909
vt 0.367347 0.000000
vt 0.367347 0.181818
vt 0.367347 0.272727
vt 0.367347 0.363636
vt 0.367347 0.454545
vt 0.367347 0.545455
vt 0.367347 0.636364
vt 0.367347 0.727273
vt 0.367347 0.818182
vt 0.367347 0.909091
vt 0.367347 1.000000
vt 0.374150 0.090909
vt 0.374150 0.000000
vt 0.374150 0.181818
vt 0.374150 0.272727
vt 0.374150 0.363636
vt 0.374150 0.454545
vt 0.374150 0.545455
vt 0.374150 0.636364
vt 0.374150 0.727273
vt 0.374150 0.818182
vt 0.374150 0.909091
vt 0.374150 1.000000
vt 0.380952 0.090909
vt 0.380952 0.000000
vt 0.380952 0.181818
vt 0.380952 0.272727
vt 0.380952 0.363636
vt 0.380952 0.454545
vt 0.380952 0.545455
vt 0.380952 0.636364
vt 0.380952 0.727273
vt 0.380952 0.818182
vt 0.380952 0.909091
vt 0.380952 1.000000
vt 0.387755 0.090909
vt 0.387755 0.000000
vt 0.387755 0.181818
vt 0.387755 0.272727
vt 0.387755 0.363636
vt 0.387755 0.454545
vt 0.387755 0.545455
vt 0.387755 0.636364
vt 0.387755 0.727273
vt 0.387755 0.818182
vt 0.387755 0.909091
vt 0.387755 1.000000
vt 0.394558 0.090909
vt 0.394558 0.000000
vt 0.394558 0.181818
vt 0.394558 0.272727
vt 0.394558 0.363636
vt 0.394558 0.454545
vt 0.394558 0.545455
vt 0.394558 0.636364
vt 0.394558 0.727273
vt 0.394558 0.818182
vt 0.394558 0.909091
vt 0.394558 1.000000
vt 0.401361 0.090909
vt 0.401361 0.000000
vt 0.401361 0.181818
vt 0.401361 0.272727
vt 0.401361 0.363636
vt 0.401361 0.454545
vt 0.401361 0.545455
vt 0.401361 0.636364
vt 0.401361 0.727273
vt 0.401361 0.818182
vt 0.401361 0.909091
vt 0.401361 1.000000
vt 0.408163 0.090909
vt 0.408163 0.000000
vt 0.408163 0.181818
vt 0.408163 0.272727
vt 0.408163 0.363636
vt 0.408163 0.454545
vt 0.408163 0.545455
vt 0.408163 0.636364
vt 0.408163 0.727273
vt 0.408163 0.818182
vt 0.408163 0.909091
vt 0.408163 1.000000
vt 0.414966 0.090909
vt 0.414966 0.000000
vt 0.414966 0.181818
vt 0.414966 0.272727
vt 0.414966 0.363636
vt 0.414966 0.454545
vt 0.414966 0.545455
vt 0.414966 0.636364
vt 0.414966 0.727273
vt 0.414966 0.818182
vt 0.414966 0.909091
vt 0.414966 1.000000
vt 0.421769 0.090909
vt 0.421769 0.000000
vt 0.421769 0.181818
vt 0.421769 0.272727
vt 0.421769 0.363636
vt 0.421769 0.454545
vt 0.421769 0.545455
vt 0.421769 0.636364
vt 0.421769 0.727273
vt 0.421769 0.818182
vt 0.421769 0.909091
vt 0.421769 1.000000
vt 0.428571 0.090909
vt 0.428571 0.181818
vt 0.428571 0.272727
vt 0.428571 0.363636
vt 0.428571 0.454545
vt 0.428571 0.545455
vt 0.428571 0.636364
vt 0.428571 0.727273
vt 0.428571 0.818182
vt 0.428571 0.909091
vt 0.428571 1.000000
vt 0.435374 0.090909
vt 0.435374 0.000000
vt 0.435374 0.181818
vt 0.435374 0.272727
vt 0.435374 0.363636
vt 0.435374 0.454545
vt 0.435374 0.545455
vt 0.435374 0.636364
vt 0.435374 0.727273
vt 0.435374 0.818182
vt 0.435374 0.909091
vt 0.435374 1.000000
vt 0.442177 0.090909
vt 0.442177 0.000000
vt 0.442177 0.181818
vt 0.442177 0.272727
vt 0.442177 0.363636
vt 0.442177 0.454545
vt 0.442177 0.545455
vt 0.442177 0.636364
vt 0.442177 0.727273
vt 0.442177 0.818182
vt 0.442177 0.909091
vt 0.442177 1.000000
vt 0.448980 0.090909
vt 0.448980 0.000000
vt 0.448980 0.181818
vt 0.448980 0.272727
vt 0.448980 0.363636
vt 0.448980 0.454545
vt 0.448980 0.545455
vt 0.448980 0.636364
vt 0.448980 0.727273
vt 0.448980 0.818182
vt 0.448980 0.909091
vt 0.448980 1.000000
vt 0.455782 0.090909
vt 0.455782 0.000000
vt 0.455782 0.181818
vt 0.455782 0.272727
vt 0.455782 0.363636
vt 0.455782 0.454545
vt 0.455782 0.545455
vt 0.455782 0.636364
vt 0.455782 0.727273
vt 0.455782 0.818182
vt 0.455782 0.909091
vt 0.455782 1.000000
vt 0.462585 0.090909
vt 0.462585 0.000000
vt 0.462585 0.181818
vt 0.462585 0.272727
vt 0.462585 0.363636
vt 0.462585 0.454545
vt 0.462585 0.545455
vt 0.462585 0.636364
vt 0.462585 0.727273
vt 0.462585 0.818182
vt 0.462585 0.909091
vt 0.462585 1.000000
vt 0.469388 0.090909
vt 0.469388 0.000000
vt 0.469388 0.181818
vt 0.469388 0.272727
vt 0.469388 0.363636
vt 0.469388 0.454545
vt 0.469388 0.545455
vt 0.469388 0.636364
vt 0.469388 0.727273
vt 0.469388 0.818182
vt 0.469388 0.909091
vt 0.469388 1.000000
vt 0.476190 0.090909
vt 0.476190 0.000000
vt 0.476190 0.181818
vt 0.476190 0.272727
vt 0.476190 0.363636
vt 0.476190 0.454545
vt 0.476190 0.545455
vt 0.476190 0.636364
vt 0.476190 0.727273
vt 0.476190 0.818182
vt 0.476190 0.909091
vt 0.476190 1.000000
vt 0.482993 0.090909
vt 0.482993 0.000000
vt 0.482993 0.181818
vt 0.482993 0.272727
vt 0.482993 0.363636
vt 0.482993 0.454545
vt 0.482993 0.545455
vt 0.482993 0.636364
vt 0.482993 0.727273
vt 0.482993 0.818182
vt 0.482993 0.909091
vt 0.482993 1.000000
vt 0.489796 0.090909
vt 0.489796 0.000000
vt 0.489796 0.181818
vt 0.489796 0.272727
vt 0.489796 0.363636
vt 0.489796 0.454545
vt 0.489796 0.545455
vt 0.489796 0.636364
vt 0.489796 0.727273
vt 0.489796 0.818182
vt 0.489796 0.909091
vt 0.489796 1.000000
vt 0.496599 0.090909
vt 0.496599 0.000000
vt 0.496599 0.181818
vt 0.496599 0.272727
vt 0.496599 0.363636
vt 0.496599 0.454545
vt 0.496599 0.545455
vt 0.496599 0.636364
vt 0.496599 0.727273
vt 0.496599 0.818182
vt 0.496599 0.909091
vt 0.496599 1.000000
vt 0.503401 0.090909
vt 0.503401 0.000000
vt 0.503401 0.181818
vt 0.503401 0.272727
vt 0.503401 0.363636
vt 0.503401 0.454545
vt 0.503401 0.545455
vt 0.503401 0.636364
vt 0.503401 0.727273
vt 0.503401 0.818182
vt 0.503401 0.909091
vt 0.503401 1.000000
vt 0.510204 0.090909
vt 0.510204 0.000000
vt 0.510204 0.181818
vt 0.510204 0.272727
vt 0.510204 0.363636
vt 0.510204 0.454545
vt 0.510204 0.545455
vt 0.510204 0.636364
vt 0.510204 0.727273
vt 0.510204 0.818182
vt 0.510204 0.909091
vt 0.510204 1.000000
vt 0.517007 0.090909
vt 0.517007 0.000000
vt 0.517007 0.181818
vt 0.517007 0.272727
vt 0.517007 0.363636
vt 0.517007 0.454545
vt 0.517007 0.545455
vt 0.517007 0.636364
vt 0.517007 0.727273
vt 0.517007 0.818182
vt 0.517007 0.909091
vt 0.517007 1.000000
vt 0.523810 0.090909
vt 0.523810 0.000000
vt 0.523810 0.181818
vt 0.523810 0.272727
vt 0.523810 0.363636
vt 0.523810 0.454545
vt 0.523810 0.545455
vt 0.523810 0.636364
vt 0.523810 0.727273
vt 0.523810 0.818182
vt 0.523810 0.909091
vt 0.523810 1.000000
vt 0.530612 0.090909
vt 0.530612 0.000000
vt 0.530612 0.181818
vt 0.530612 0.272727
vt 0.530612 0.363636
vt 0.530612 0.454545
vt 0.530612 0.545455
vt 0.530612 0.636364
vt 0.530612 0.727273
vt 0.530612 0.818182
vt 0.530612 0.909091
vt 0.530612 1.000000
vt 0.537415 0.090909
vt 0.537415 0.000000
vt 0.537415 0.181818
vt 0.537415 0.272727
vt 0.537415 0.363636
vt 0.537415 0.454545
vt 0.537415 0.545455
vt 0.537415 0.636364
vt 0.537415 0.727273
vt 0.537415 0.818182
vt 0.537415 0.909091
vt 0.537415 1.000000
vt 0.544218 0.090909
vt 0.544218 0.000000
vt 0.544218 0.181818
vt 0.544218 0.272727
vt 0.544218 0.363636
vt 0.544218 0.454545
vt 0.544218 0.545455
vt 0.544218 0.636364
vt 0.544218 0.727273
vt 0.544218 0.818182
vt 0.544218 0.909091
vt 0.544218 1.000000
vt 0.551020 0.090909
vt 0.551020 0.000000
vt 0.551020 0.181818
vt 0.551020 0.272727
vt 0.551020 0.363636
vt 0.551020 0.454545
vt 0.551020 0.545455
vt 0.551020 0.636364
vt 0.551020 0.727273
vt 0.551020 0.818182
vt 0.551020 0.909091
vt 0.551020 1.000000
vt 0.557823 0.090909
vt 0.557823 0.000000
vt 0.557823 0.181818
vt 0.557823 0.272727
vt 0.557823 0.363636
vt 0.557823 0.454545
vt 0.557823 0.545455
vt 0.557823 0.636364
vt 0.557823 0.727273
vt 0.557823 0.818182
vt 0.557823 0.909091
vt 0.557823 1.000000
vt 0.564626 0.090909
vt 0.564626 0.000000
vt 0.564626 0.181818
vt 0.564626 0.272727
vt 0.564626 0.363636
vt 0.564626 0.454545
vt 0.564626 0.545455
vt 0.564626 0.636364
vt 0.564626 0.727273
vt 0.564626 0.818182
vt 0.564626 0.909091
vt 0.564626 1.000000
vt 0.571429 0.090909
vt 0.571429 0.181818
vt 0.571429 0.272727
vt 0.571429 0.363636
vt 0.571429 0.454545
vt 0.571429 0.545455
vt 0.571429 0.636364
vt 0.571429 0.727273
vt 0.571429 0.818182
vt 0.571429 0.909091
vt 0.571429 1.000000
vt 0.578231 0.090909
vt 0.578231 0.000000
vt 0.578231 0.181818
vt 0.578231 0.272727
vt 0.578231 0.363636
vt 0.578231 0.454545
vt 0.578231 0.545455
vt 0.578231 0.636364
vt 0.578231 0.727273
vt 0.578231 0.818182
vt 0.578231 0.909091
vt 0.578231 1.000000
vt 0.585034 0.090909
vt 0.585034 0.000000
vt 0.585034 0.181818
vt 0.585034 0.272727
vt 0.585034 0.363636
vt 0.585034 0.454545
vt 0.585034 0.545455
vt 0.585034 0.636364
vt 0.585034 0.727273
vt 0.585034 0.818182
vt 0.585034 0.909091
vt 0.585034 1.000000
vt 0.591837 0.090909
vt 0.591837 0.000000
vt 0.591837 0.181818
vt 0.591837 0.272727
vt 0.591837 0.363636
vt 0.591837 0.454545
vt 0.591837 0.545455
vt 0.591837 0.636364
vt 0.591837 0.727273
vt 0.591837 0.818182
vt 0.591837 0.909091
vt 0.591837 1.000000
vt 0.598639 0.090909
vt 0.598639 0.000000
vt 0.598639 0.181818
vt 0.598639 0.272727
vt 0.598639 0.363636
vt 0.598639 0.454545
vt 0.598639 0.545455
vt 0.598639 0.636364
vt 0.598639 0.727273
vt 0.598639 0.818182
vt 0.598639 0.909091
vt 0.598639 1.000000
vt 0.605442 0.090909
vt 0.605442 0.000000
vt 0.605442 0.181818
vt 0.605442 0.272727
vt 0.605442 0.363636
vt 0.605442 0.454545
vt 0.605442 0.545455
vt 0.605442 0.636364
vt 0.605442 0.727273
vt 0.605442 0.818182
vt 0.605442 0.909091
vt 0.605442 1.000000
vt 0.612245 0.090909
vt 0.612245 0.000000
vt 0.612245 0.181818
vt 0.612245 0.272727
vt 0.612245 0.363636
vt 0.612245 0.454545
vt 0.612245 0.545455
vt 0.612245 0.636364
vt 0.612245 0.727273
vt 0.612245 0.818182
vt 0.612245 0.909091
vt 0.612245 1.000000
vt 0.619048 0.090909
vt 0.619048 0.000000
vt 0.619048 0.181818
vt 0.619048 0.272727
vt 0.619048 0.363636
vt 0.619048 0.454545
vt 0.619048 0.545455
vt 0.619048 0.636364
vt 0.619048 0.727273
vt 0.619048 0.818182
vt 0.619048 0.909091
vt 0.619048 1.000000
vt 0.625850 0.090909
vt 0.625850 0.000000
vt 0.625850 0.181818
vt 0.625850 0.272727
vt 0.625850 0.363636
vt 0.625850 0.454545
vt 0.625850 0.545455
vt 0.625850 0.636364
vt 0.625850 0.727273
vt 0.625850 0.818182
vt 0.625850 0.909091
vt 0.625850 1.000000
vt 0.632653 0.090909
vt 0.632653 0.000000
vt 0.632653 0.181818
vt 0.632653 0.272727
vt 0.632653 0.363636
vt 0.632653 0.454545
vt 0.632653 0.545455
vt 0.632653 0.636364
vt 0.632653 0.727273
vt 0.632653 0.818182
vt 0.632653 0.909091
vt 0.632653 1.000000
vt 0.639456 0.090909
vt 0.639456 0.000000
vt 0.639456 0.181818
vt 0.639456 0.272727
vt 0.639456 0.363636
vt 0.639456 0.454545
vt 0.639456 0.545455
vt 0.639456 0.636364
vt 0.639456 0.727273
vt 0.639456 0.818182
vt 0.639456 0.909091
vt 0.639456 1.000000
vt 0.646259 0.090909
vt 0.646259 0.000000
vt 0.646259 0.181818
vt 0.646259 0.272727
vt 0.646259 0.363636
vt 0.646259 0.454545
vt 0.646259 0.545455
vt 0.646259 0.636364
vt 0.646259 0.727273
vt 0.646259 0.818182
vt 0.646259 0.909091
vt 0.646259 1.000000
vt 0.653061 0.090909
vt 0.653061 0.000000
vt 0.653061 0.181818
vt 0.653061 0.272727
vt 0.653061 0.363636
vt 0.653061 0.454545
vt 0.653061 0.545455
vt 0.653061 0.636364
vt 0.653061 0.727273
vt 0.653061 0.818182
vt 0.653061 0.909091
vt 0.653061 1.000000
vt 0.659864 0.090909
vt 0.659864 0.000000
vt 0.659864 0.181818
vt 0.659864 0.272727
vt 0.659864 0.363636
vt 0.659864 0.454545
vt 0.659864 0.545455
vt 0.659864 0.636364
vt 0.659864 0.727273
vt 0.659864 0.818182
vt 0.659864 0.909091
vt 0.659864 1.000000
vt 0.666667 0.090909
vt 0.666667 0.181818
vt 0.666667 0.272727
vt 0.666667 0.363636
vt 0.666667 0.454545
vt 0.666667 0.545455
vt 0.666667 0.636364
vt 0.666667 0.727273
vt 0.666667 0.818182
vt 0.666667 0.909091
vt 0.666667 1.000000
vt 0.673469 0.090909
vt 0.673469 0.000000
vt 0.673469 0.181818
vt 0.673469 0.272727
vt 0.673469 0.363636
vt 0.673469 0.454545
vt 0.673469 0.545455
vt 0.673469 0.636364
vt 0.673469 0.727273
vt 0.673469 0.818182
vt 0.673469 0.909091
vt 0.673469 1.000000
vt 0.680272 0.090909
vt 0.680272 0.000000
vt 0.680272 0.181818
vt 0.680272 0.272727
vt 0.680272 0.363636
vt 0.680272 0.454545
vt 0.680272 0.545455
vt 0.680272 0.636364
vt 0.680272 0.727273
vt 0.680272 0.818182
vt 0.680272 0.909091
vt 0.680272 1.000000
vt 0.687075 0.090909
vt 0.687075 0.000000
vt 0.687075 0.181818
vt 0.687075 0.272727
vt 0.687075 0.363636
vt 0.687075 0.454545
vt 0.687075 0.545455
vt 0.687075 0.636364
vt 0.687075 0.727273
vt 0.687075 0.818182
vt 0.687075 0.909091
vt 0.687075 1.000000
vt 0.693878 0.090909
vt 0.693878 0.000000
vt 0.693878 0.181818
vt 0.693878 0.272727
vt 0.693878 0.363636
vt 0.693878 0.454545
vt 0.693878 0.545455
vt 0.693878 0.636364
vt 0.693878 0.727273
vt 0.693878 0.818182
vt 0.693878 0.909091
vt 0.693878 1.000000
vt 0.700680 0.090909
vt 0.700680 0.000000
vt 0.700680 0.181818
vt 0.700680 0.272727
vt 0.700680 0.363636
vt 0.700680 0.454545
vt 0.700680 0.545455
vt 0.700680 0.636364
vt 0.700680 0.727273
vt 0.700680 0.818182
vt 0.700680 0.909091
vt 0.700680 1.000000
vt 0.707483 0.090909
vt 0.707483 0.000000
vt 0.707483 0.181818
vt 0.707483 0.272727
vt 0.707483 0.363636
vt 0.707483 0.454545
vt 0.707483 0.545455
vt 0.707483 0.636364
vt 0.707483 0.727273
vt 0.707483 0.818182
vt 0.707483 0.909091
vt 0.707483 1.000000
vt 0.714286 0.090909
vt 0.714286 0.181818
vt 0.714286 0.272727
vt 0.714286 0.363636
vt 0.714286 0.454545
vt 0.714286 0.545455
vt 0.714286 0.636364
vt 0.714286 0.727273
vt 0.714286 0.818182
vt 0.714286 0.909091
vt 0.714286 1.000000
vt 0.721088 0.090909
vt 0.721088 0.000000
vt 0.721088 0.181818
vt 0.721088 0.272727
vt 0.721088 0.363636
vt 0.721088 0.454545
vt 0.721088 0.545455
vt 0.721088 0.636364
vt 0.721088 0.727273
vt 0.721088 0.818182
vt 0.721088 0.909091
vt 0.721088 1.000000
vt 0.727891 0.090909
vt 0.727891 0.000000
vt 0.727891 0.181818
vt 0.727891 0.272727
vt 0.727891 0.363636
vt 0.727891 0.454545
vt 0.727891 0.545455
vt 0.727891 0.636364
vt 0.727891 0.727273
vt 0.727891 0.818182
vt 0.727891 0.909091
vt 0.727891 1.000000
vt 0.734694 0.090909
vt 0.734694 0.000000
vt 0.734694 0.181818
vt 0.734694 0.272727
vt 0.734694 0.363636
vt 0.734694 0.454545
vt 0.734694 0.545455
vt 0.734694 0.636364
vt 0.734694 0.727273
vt 0.734694 0.818182
vt 0.734694 0.909091
vt 0.734694 1.000000
vt 0.741497 0.090909
vt 0.741497 0.000000
vt 0.741497 0.181818
vt 0.741497 0.272727
vt 0.741497 0.363636
vt 0.741497 0.454545
vt 0.741497 0.545455
vt 0.741497 0.636364
vt 0.741497 0.727273
vt 0.741497 0.818182
vt 0.741497 0.909091
vt 0.741497 1.000000
vt 0.748299 0.090909
vt 0.748299 0.000000
vt 0.748299 0.181818
vt 0.748299 0.272727
vt 0.748299 0.363636
vt 0.748299 0.454545
vt 0.748299 0.545455
vt 0.748299 0.636364
vt 0.748299 0.727273
vt 0.748299 0.818182
vt 0.748299 0.909091
vt 0.748299 1.000000
vt 0.755102 0.090909
vt 0.755102 0.000000
vt 0.755102 0.181818
vt 0.755102 0.272727
vt 0.755102 0.363636
vt 0.755102 0.454545
vt 0.755102 0.545455
vt 0.755102 0.636364
vt 0.755102 0.727273
vt 0.755102 0.818182
vt 0.755102 0.909091
vt 0.755102 1.000000
vt 0.761905 0.090909
vt 0.761905 0.000000
vt 0.761905 0.181818
vt 0.761905 0.272727
vt 0.761905 0.363636
vt 0.761905 0.454545
vt 0.761905 0.545455
vt 0.761905 0.636364
vt 0.761905 0.727273
vt 0.761905 0.818182
vt 0.761905 0.909091
vt 0.761905 1.000000
vt 0.768707 0.090909
vt 0.768707 0.000000
vt 0.768707 0.181818
vt 0.768707 0.272727
vt 0.768707 0.363636
vt 0.768707 0.454545
vt 0.768707 0.545455
vt 0.768707 0.636364
vt 0.768707 0.727273
vt 0.768707 0.818182
vt 0.768707 0.909091
vt 0.768707 1.000000
vt 0.775510 0.090909
vt 0.775510 0.000000
vt 0.775510 0.181818
vt 0.775510 0.272727
vt 0.775510 0.363636
vt 0.775510 0.454545
vt 0.775510 0.545455
vt 0.775510 0.636364
vt 0.775510 0.727273
vt 0.775510 0.818182
vt 0.775510 0.909091
vt 0.775510 1.000000
vt 0.782313 0.090909
vt 0.782313 0.000000
vt 0.782313 0.181818
vt 0.782313 0.272727
vt 0.782313 0.363636
vt 0.782313 0.454545
vt 0.782313 0.545455
vt 0.782313 0.636364
vt 0.782313 0.727273
vt 0.782313 0.818182
vt 0.782313 0.909091
vt 0.782313 1.000000
vt 0.789116 0.090909
vt 0.789116 0.000000
vt 0.789116 0.181818
vt 0.789116 0.272727
vt 0.789116 0.363636
vt 0.789116 0.454545
vt 0.789116 0.545455
vt 0.789116 0.636364
vt 0.789116 0.727273
vt 0.789116 0.818182
vt 0.789116 0.909091
vt 0.789116 1.000000
vt 0.795918 0.090909
vt 0.795918 0.000000
vt 0.795918 0.181818
vt 0.795918 0.272727
vt 0.795918 0.363636
vt 0.795918 0.454545
vt 0.795918 0.545455
vt 0.795918 0.636364
vt 0.795918 0.727273
vt 0.795918 0.818182
vt 0.795918 0.909091
vt 0.795918 1.000000
vt 0.802721 0.090909
vt 0.802721 0.000000
vt 0.802721 0.181818
vt 0.802721 0.272727
vt 0.802721 0.363636
vt 0.802721 0.454545
vt 0.802721 0.545455
vt 0.802721 0.636364
vt 0.802721 0.727273
vt 0.802721 0.818182
vt 0.802721 0.909091
vt 0.802721 1.000000
vt 0.809524 0.090909
vt 0.809524 0.000000
vt 0.809524 0.181818
vt 0.809524 0.272727
vt 0.809524 0.363636
vt 0.809524 0.454545
vt 0.809524 0.545455
vt 0.809524 0.636364
vt 0.809524 0.727273
vt 0.809524 0.818182
vt 0.809524 0.909091
vt 0.809524 1.000000
vt 0.816327 0.090909
vt 0.816327 0.000000
vt 0.816327 0.181818
vt 0.816327 0.272727
vt 0.816327 0.363636
vt 0.816327 0.454545
vt 0.816327 0.545455
vt 0.816327 0.636364
vt 0.816327 0.727273
vt 0.816327 0.818182
vt 0.816327 0.909091
vt 0.816327 1.000000
vt 0.823129 0.090909
vt 0.823129 0.000000
vt 0.823129 0.181818
vt 0.823129 0.272727
vt 0.823129 0.363636
vt 0.823129 0.454545
vt 0.823129 0.545455
vt 0.823129 0.636364
vt 0.823129 0.727273
vt 0.823129 0.818182
vt 0.823129 0.909091
vt 0.823129 1.000000
vt 0.829932 0.090909
vt 0.829932 0.000000
vt 0.829932 0.181818
vt 0.829932 0.272727
vt 0.829932 0.363636
vt 0.829932 0.454545
vt 0.829932 0.545455
vt 0.829932 0.636364
vt 0.829932 0.727273
vt 0.829932 0.818182
vt 0.829932 0.909091
vt 0.829932 1.000000
vt 0.836735 0.090909
vt 0.836735 0.000000
vt 0.836735 0.181818
vt 0.836735 0.272727
vt 0.836735 0.363636
vt 0.836735 0.454545
vt 0.836735 0.545455
vt 0.836735 0.636364
vt 0.836735 0.727273
vt 0.836735 0.818182
vt 0.836735 0.909091
vt 0.836735 1.000000
vt 0.843537 0.090909
vt 0.843537 0.000000
vt 0.843537 0.181818
vt 0.843537 0.272727
vt 0.843537 0.363636
vt 0.843537 0.454545
vt 0.843537 0.545455
vt 0.843537 0.636364
vt 0.843537 0.727273
vt 0.843537 0.818182
vt 0.843537 0.909091
vt 0.843537 1.000000
vt 0.850340 0.090909
vt 0.850340 0.000000
vt 0.850340 0.181818
vt 0.850340 0.272727
vt 0.850340 0.363636
vt 0.850340 0.454545
vt 0.850340 0.545455
vt 0.850340 0.636364
vt 0.850340 0.727273
vt 0.850340 0.818182
vt 0.850340 0.909091
vt 0.850340 1.000000
vt 0.857143 0.090909
vt 0.857143 0.181818
vt 0.857143 0.272727
vt 0.857143 0.363636
vt 0.857143 0.454545
vt 0.857143 0.545455
vt 0.857143 0.636364
vt 0.857143 0.727273
vt 0.857143 0.818182
vt 0.857143 0.909091
vt 0.857143 1.000000
vt 0.863946 0.090909
vt 0.863946 0.000000
vt 0.863946 0.181818
vt 0.863946 0.272727
vt 0.863946 0.363636
vt 0.863946 0.454545
vt 0.863946 0.545455
vt 0.863946 0.636364
vt 0.863946 0.727273
vt 0.863946 0.818182
vt 0.863946 0.909091
vt 0.863946 1.000000
vt 0.870748 0.090909
vt 0.870748 0.000000
vt 0.870748 0.181818
vt 0.870748 0.272727
vt 0.870748 0.363636
vt 0.870748 0.454545
vt 0.870748 0.545455
vt 0.870748 0.636364
vt 0.870748 0.727273
vt 0.870748 0.818182
vt 0.870748 0.909091
vt 0.870748 1.000000
vt 0.877551 0.090909
vt 0.877551 0.000000
vt 0.877551 0.181818
vt 0.877551 0.272727
vt 0.877551 0.363636
vt 0.877551 0.454545
vt 0.877551 0.545455
vt 0.877551 0.636364
vt 0.877551 0.727273
vt 0.877551 0.818182
vt 0.877551 0.909091
vt 0.877551 1.000000
vt 0.884354 0.090909
vt 0.884354 0.000000
vt 0.884354 0.181818
vt 0.884354 0.272727
vt 0.884354 0.363636
vt 0.884354 0.454545
vt 0.884354 0.545455
vt 0.884354 0.636364
vt 0.884354 0.727273
vt 0.884354 0.818182
vt 0.884354 0.909091
vt 0.884354 1.000000
vt 0.891156 0.090909
vt 0.891156 0.000000
vt 0.891156 0.181818
vt 0.891156 0.272727
vt 0.891156 0.363636
vt 0.891156 0.454545
vt 0.891156 0.545455
vt 0.891156 0.636364
vt 0.891156 0.727273
vt 0.891156 0.818182
vt 0.891156 0.909091
vt 0.891156 1.000000
vt 0.897959 0.090909
vt 0.897959 0.000000
vt 0.897959 0.181818
vt 0.897959 0.272727
vt 0.897959 0.363636
vt 0.897959 0.454545
vt 0.897959 0.545455
vt 0.897959 0.636364
vt 0.897959 0.727273
vt 0.897959 0.818182
vt 0.897959 0.909091
vt 0.897959 1.000000
vt 0.904762 0.090909
vt 0.904762 0.000000
vt 0.904762 0.181818
vt 0.904762 0.272727
vt 0.904762 0.363636
vt 0.904762 0.454545
vt 0.904762 0.545455
vt 0.904762 0.636364
vt 0.904762 0.727273
vt 0.904762 0.818182
vt 0.904762 0.909091
vt 0.904762 1.000000
vt 0.911565 0.090909
vt 0.911565 0.000000
vt 0.911565 0.181818
vt 0.911565 0.272727
vt 0.911565 0.363636
vt 0.911565 0.454545
vt 0.911565 0.545455
vt 0.911565 0.636364
vt 0.911565 0.727273
vt 0.911565 0.818182
vt 0.911565 0.909091
vt 0.911565 1.000000
vt 0.918367 0.090909
vt 0.918367 0.000000
vt 0.918367 0.181818
vt 0.918367 0.272727
vt 0.918367 0.363636
vt 0.918367 0.454545
vt 0.918367 0.545455
vt 0.918367 0.636364
vt 0.918367 0.727273
vt 0.918367 0.818182
vt 0.918367 0.909091
vt 0.918367 1.000000
vt 0.925170 0.090909
vt 0.925170 0.000000
vt 0.925170 0.181818
vt 0.925170 0.272727
vt 0.925170 0.363636
vt 0.925170 0.454545
vt 0.925170 0.545455
vt 0.925170 0.636364
vt 0.925170 0.727273
vt 0.925170 0.818182
vt 0.925170 0.909091
vt 0.925170 1.000000
vt 0.931973 0.090909
vt 0.931973 0.000000
vt 0.931973 0.181818
vt 0.931973 0.272727
vt 0.931973 0.363636
vt 0.931973 0.454545
vt 0.931973 0.545455
vt 0.931973 0.636364
vt 0.931973 0.727273
vt 0.931973 0.818182
vt 0.931973 0.909091
vt 0.931973 1.000000
vt 0.938776 0.090909
vt 0.938776 0.000000
vt 0.938776 0.181818
vt 0.938776 0.272727
vt 0.938776 0.363636
vt 0.938776 0.454545
vt 0.938776 0.545455
vt 0.938776 0.636364
vt 0.938776 0.727273
vt 0.938776 0.818182
vt 0.938776 0.909091
vt 0.938776 1.000000
vt 0.945578 0.090909
vt 0.945578 0.000000
vt 0.945578 0.181818
vt 0.945578 0.272727
vt 0.945578 0.363636
vt 0.945578 0.454545
vt 0.945578 0.545455
vt 0.945578 0.636364
vt 0.945578 0.727273
vt 0.945578 0.818182
vt 0.945578 0.909091
vt 0.945578 1.000000
vt 0.952381 0.090909
vt 0.952381 0.000000
vt 0.952381 0.181818
vt 0.952381 0.272727
vt 0.952381 0.363636
vt 0.952381 0.454545
vt 0.952381 0.545455
vt 0.952381 0.636364
vt 0.952381 0.727273
vt 0.952381 0.818182
vt 0.952381 0.909091
vt 0.952381 1.000000
vt 0.959184 0.090909
vt 0.959184 0.000000
vt 0.959184 0.181818
vt 0.959184 0.272727
vt 0.959184 0.363636
vt 0.959184 0.454545
vt 0.959184 0.545455
vt 0.959184 0.636364
vt 0.959184 0.727273
vt 0.959184 0.818182
vt 0.959184 0.909091
vt 0.959184 1.000000
vt 0.965986 0.090909
vt 0.965986 0.000000
vt 0.965986 0.181818
vt 0.965986 0.272727
vt 0.965986 0.363636
vt 0.965986 0.454545
vt 0.965986 0.545455
vt 0.965986 0.636364
vt 0.965986 0.727273
vt 0.965986 0.818182
vt 0.965986 0.909091
vt 0.965986 1.000000
vt 0.972789 0.090909
vt 0.972789 0.000000
vt 0.972789 0.181818
vt 0.972789 0.272727
vt 0.972789 0.363636
vt 0.972789 0.454545
vt 0.972789 0.545455
vt 0.972789 0.636364
vt 0.972789 0.727273
vt 0.972789 0.818182
vt 0.972789 0.909091
vt 0.972789 1.000000
vt 0.979592 0.090909
vt 0.979592 0.000000
vt 0.979592 0.181818
vt 0.979592 0.272727
vt 0.979592 0.363636
vt 0.979592 0.454545
vt 0.979592 0.545455
vt 0.979592 0.636364
vt 0.979592 0.727273
vt 0.979592 0.818182
vt 0.979592 0.909091
vt 0.979592 1.000000
vt 0.986395 0.090909
vt 0.986395 0.000000
vt 0.986395 0.181818
vt 0.986395 0.272727
vt 0.986395 0.363636
vt 0.986395 0.454545
vt 0.986395 0.545455
vt 0.986395 0.636364
vt 0.986395 0.727273
vt 0.986395 0.818182
vt 0.986395 0.909091
vt 0.986395 1.000000
vt 0.993197 0.090909
vt 0.993197 0.000000
vt 0.993197 0.181818
vt 0.993197 0.272727
vt 0.993197 0.363636
vt 0.993197 0.454545
vt 0.993197 0.545455
vt 0.993197 0.636364
vt 0.993197 0.727273
vt 0.993197 0.818182
vt 0.993197 0.909091
vt 0.993197 1.000000
vt 1.000000 0.090909
vt 1.000000 0.181818
vt 1.000000 0.272727
vt 1.000000 0.363636
vt 1.000000 0.454545
vt 1.000000 0.545455
vt 1.000000 0.636364
vt 1.000000 0.727273
vt 1.000000 0.818182
vt 1.000000 0.909091
vt 1.000000 1.000000
vt 0.018182 0.090909
vt 0.018182 0.000000
vt 0.018182 0.181818
vt 0.018182 0.272727
vt 0.018182 0.363636
vt 0.018182 0.454545
vt 0.018182 0.545455
vt 0.018182 0.636364
vt 0.018182 0.727273
vt 0.018182 0.818182
vt 0.018182 0.909091
vt 0.018182 1.000000
vt 0.036364 0.090909
vt 0.036364 0.000000
vt 0.036364 0.181818
vt 0.036364 0.272727
vt 0.036364 0.363636
vt 0.036364 0.454545
vt 0.036364 0.545455
vt 0.036364 0.636364
vt 0.036364 0.727273
vt 0.036364 0.818182
vt 0.036364 0.909091
vt 0.036364 1.000000
vt 0.054545 0.090909
vt 0.054545 0.000000
vt 0.054545 0.181818
vt 0.054545 0.272727
vt 0.054545 0.363636
vt 0.054545 0.454545
vt 0.054545 0.545455
vt 0.054545 0.636364
vt 0.054545 0.727273
vt 0.054545 0.818182
vt 0.054545 0.909091
vt 0.054545 1.000000
vt 0.072727 0.090909
vt 0.072727 0.000000
vt 0.072727 0.181818
vt 0.072727 0.272727
vt 0.072727 0.363636
vt 0.072727 0.454545
vt 0.072727 0.545455
vt 0.072727 0.636364
vt 0.072727 0.727273
vt 0.072727 0.818182
vt 0.072727 0.909091
vt 0.072727 1.000000
vt 0.090909 0.090909
vt 0.090909 0.181818
vt 0.090909 0.272727
vt 0.090909 0.363636
vt 0.090909 0.454545
vt 0.090909 0.545455
vt 0.090909 0.636364
vt 0.090909 0.727273
vt 0.090909 0.818182
vt 0.090909 0.909091
vt 0.090909 1.000000
vt 0.109091 0.090909
vt 0.109091 0.000000
vt 0.109091 0.181818
vt 0.109091 0.272727
vt 0.109091 0.363636
vt 0.109091 0.454545
vt 0.109091 0.545455
vt 0.109091 0.636364
vt 0.109091 0.727273
vt 0.109091 0.818182
vt 0.109091 0.909091
vt 0.109091 1.000000
vt 0.127273 0.090909
vt 0.127273 0.000000
vt 0.127273 0.181818
vt 0.127273 0.272727
vt 0.127273 0.363636
vt 0.127273 0.454545
vt 0.127273 0.545455
vt 0.127273 0.636364
vt 0.127273 0.727273
vt 0.127273 0.818182
vt 0.127273 0.909091
vt 0.127273 1.000000
vt 0.145455 0.090909
vt 0.145455 0.000000
vt 0.145455 0.181818
vt 0.145455 0.272727
vt 0.145455 0.363636
vt 0.145455 0.454545
vt 0.145455 0.545455
vt 0.145455 0.636364
vt 0.145455 0.727273
vt 0.145455 0.818182
vt 0.145455 0.909091
vt 0.145455 1.000000
vt 0.163636 0.090909
vt 0.163636 0.000000
vt 0.163636 0.181818
vt 0.163636 0.272727
vt 0.163636 0.363636
vt 0.163636 0.454545
vt 0.163636 0.545455
vt 0.163636 0.636364
vt 0.163636 0.727273
vt 0.163636 0.818182
vt 0.163636 0.909091
vt 0.163636 1.000000
vt 0.181818 0.090909
vt 0.181818 0.181818
vt 0.181818 0.272727
vt 0.181818 0.363636
vt 0.181818 0.454545
vt 0.181818 0.545455
vt 0.181818 0.636364
vt 0.181818 0.727273
vt 0.181818 0.818182
vt 0.181818 0.909091
vt 0.181818 1.000000
vt 0.200000 0.090909
vt 0.200000 0.000000
vt 0.200000 0.181818
vt 0.200000 0.272727
vt 0.200000 0.363636
vt 0.200000 0.454545
vt 0.200000 0.545455
vt 0.200000 0.636364
vt 0.200000 0.727273
vt 0.200000 0.818182
vt 0.200000 0.909091
vt 0.200000 1.000000
vt 0.218182 0.090909
vt 0.218182 0.000000
vt 0.218182 0.181818
vt 0.218182 0.272727
vt 0.218182 0.363636
vt 0.218182 0.454545
vt 0.218182 0.545455
vt 0.218182 0.636364
vt 0.218182 0.727273
vt 0.218182 0.818182
vt 0.218182 0.909091
vt 0.218182 1.000000
vt 0.236364 0.090909
vt 0.236364 0.000000
vt 0.236364 0.181818
vt 0.236364 0.272727
vt 0.236364 0.363636
vt 0.236364 0.454545
vt 0.236364 0.545455
vt 0.236364 0.636364
vt 0.236364 0.727273
vt 0.236364 0.818182
vt 0.236364 0.909091
vt 0.236364 1.000000
vt 0.254545 0.090909
vt 0.254545 0.000000
vt 0.254545 0.181818
vt 0.254545 0.272727
vt 0.254545 0.363636
vt 0.254545 0.454545
vt 0.254545 0.545455
vt 0.254545 0.636364
vt 0.254545 0.727273
vt 0.254545 0.818182
vt 0.254545 0.909091
vt 0.254545 1.000000
vt 0.272727 0.090909
vt 0.272727 0.181818
vt 0.272727 0.272727
vt 0.272727 0.363636
vt 0.272727 0.454545
vt 0.272727 0.545455
vt 0.272727 0.636364
vt 0.272727 0.727273
vt 0.272727 0.818182
vt 0.272727 0.909091
vt 0.272727 1.000000
vt 0.290909 0.090909
vt 0.290909 0.000000
vt 0.290909 0.181818
vt 0.290909 0.272727
vt 0.290909 0.363636
vt 0.290909 0.454545
vt 0.290909 0.545455
vt 0.290909 0.636364
vt 0.290909 0.727273
vt 0.290909 0.818182
vt 0.290909 0.909091
vt 0.290909 1.000000
vt 0.309091 0.090909
vt 0.309091 0.000000
vt 0.309091 0.181818
vt 0.309091 0.272727
vt 0.309091 0.363636
vt 0.309091 0.454545
vt 0.309091 0.545455
vt 0.309091 0.636364
vt 0.309091 0.727273
vt 0.309091 0.818182
vt 0.309091 0.909091
vt 0.309091 1.000000
vt 0.327273 0.090909
vt 0.327273 0.000000
vt 0.327273 0.181818
vt 0.327273 0.272727
vt 0.327273 0.363636
vt 0.327273 0.454545
vt 0.327273 0.545455
vt 0.327273 0.636364
vt 0.327273 0.727273
vt 0.327273 0.818182
vt 0.327273 0.909091
vt 0.327273 1.000000
vt 0.345455 0.090909
vt 0.345455 0.000000
vt 0.345455 0.181818
vt 0.345455 0.272727
vt 0.345455 0.363636
vt 0.345455 0.454545
vt 0.345455 0.545455
vt 0.345455 0.636364
vt 0.345455 0.727273
vt 0.345455 0.818182
vt 0.345455 0.909091
vt 0.345455 1.000000
vt 0.363636 0.090909
vt 0.363636 0.181818
vt 0.363636 0.272727
vt 0.363636 0.363636
vt 0.363636 0.454545
vt 0.363636 0.545455
vt 0.363636 0.636364
vt 0.363636 0.727273
vt 0.363636 0.818182
vt 0.363636 0.909091
vt 0.363636 1.000000
vt 0.381818 0.090909
vt 0.381818 0.000000
vt 0.381818 0.181818
vt 0.381818 0.272727
vt 0.381818 0.363636
vt 0.381818 0.454545
vt 0.381818 0.545455
vt 0.381818 0.636364
vt 0.381818 0.727273
vt 0.381818 0.818182
vt 0.381818 0.909091
vt 0.381818 1.000000
vt 0.400000 0.090909
vt 0.400000 0.000000
vt 0.400000 0.181818
vt 0.400000 0.272727
vt 0.400000 0.363636
vt 0.400000 0.454545
vt 0.400000 0.545455
vt 0.400000 0.636364
vt 0.400000 0.727273
vt 0.400000 0.818182
vt 0.400000 0.909091
vt 0.400000 1.000000
vt 0.418182 0.090909
vt 0.418182 0.000000
vt 0.418182 0.181818
vt 0.418182 0.272727
vt 0.418182 0.363636
vt 0.418182 0.454545
vt 0.418182 0.545455
vt 0.418182 0.636364
vt 0.418182 0.727273
vt 0.418182 0.818182
vt 0.418182 0.909091
vt 0.418182 1.000000
vt 0.436364 0.090909
vt 0.436364 0.000000
vt 0.436364 0.181818
vt 0.436364 0.272727
vt 0.436364 0.363636
vt 0.436364 0.454545
vt 0.436364 0.545455
vt 0.436364 0.636364
vt 0.436364 0.727273
vt 0.436364 0.818182
vt 0.436364 0.909091
vt 0.436364 1.000000
vt 0.454545 0.090909
vt 0.454545 0.181818
vt 0.454545 0.272727
vt 0.454545 0.363636
vt 0.454545 0.454545
vt 0.454545 0.545455
vt 0.454545 0.636364
vt 0.454545 0.727273
vt 0.454545 0.818182
vt 0.454545 0.909091
vt 0.454545 1.000000
vt 0.472727 0.090909
vt 0.472727 0.000000
vt 0.472727 0.181818
vt 0.472727 0.272727
vt 0.472727 0.363636
vt 0.472727 0.454545
vt 0.472727 0.545455
vt 0.472727 0.636364
vt 0.472727 0.727273
vt 0.472727 0.818182
vt 0.472727 0.909091
vt 0.472727 1.000000
vt 0.490909 0.090909
vt 0.490909 0.000000
vt 0.490909 0.181818
vt 0.490909 0.272727
vt 0.490909 0.363636
vt 0.490909 0.454545
vt 0.490909 0.545455
vt 0.490909 0.636364
vt 0.490909 0.727273
vt 0.490909 0.818182
vt 0.490909 0.909091
vt 0.490909 1.000000
vt 0.509091 0.090909
vt 0.509091 0.000000
vt 0.509091 0.181818
vt 0.509091 0.272727
vt 0.509091 0.363636
vt 0.509091 0.454545
vt 0.509091 0.545455
vt 0.509091 0.636364
vt 0.509091 0.727273
vt 0.509091 0.818182
vt 0.509091 0.909091
vt 0.509091 1.000000
vt 0.527273 0.090909
vt 0.527273 0.000000
vt 0.527273 0.181818
vt 0.527273 0.272727
vt 0.527273 0.363636
vt 0.527273 0.454545
vt 0.527273 0.545455
vt 0.527273 0.636364
vt 0.527273 0.727273
vt 0.527273 0.818182
vt 0.527273 0.909091
vt 0.527273 1.000000
vt 0.545455 0.090909
vt 0.545455 0.181818
vt 0.545455 0.272727
vt 0.545455 0.363636
vt 0.545455 0.454545
vt 0.545455 0.545455
vt 0.545455 0.636364
vt 0.545455 0.727273
vt 0.545455 0.818182
vt 0.545455 0.909091
vt 0.545455 1.000000
vt 0.563636 0.090909
vt 0.563636 0.000000
vt 0.563636 0.181818
vt 0.563636 0.272727
vt 0.563636 0.363636
vt 0.563636 0.454545
vt 0.563636 0.545455
vt 0.563636 0.636364
vt 0.563636 0.727273
vt 0.563636 0.818182
vt 0.563636 0.909091
vt 0.563636 1.000000
vt 0.581818 0.090909
vt 0.581818 0.000000
vt 0.581818 0.181818
vt 0.581818 0.272727
vt 0.581818 0.363636
vt 0.581818 0.454545
vt 0.581818 0.545455
vt 0.581818 0.636364
vt 0.581818 0.727273
vt 0.581818 0.818182
vt 0.581818 0.909091
vt 0.581818 1.000000
vt 0.600000 0.090909
vt 0.600000 0.000000
vt 0.600000 0.181818
vt 0.600000 0.272727
vt 0.600000 0.363636
vt 0.600000 0.454545
vt 0.600000 0.545455
vt 0.600000 0.636364
vt 0.600000 0.727273
vt 0.600000 0.818182
vt 0.600000 0.909091
vt 0.600000 1.000000
vt 0.618182 0.090909
vt 0.618182 0.000000
vt 0.618182 0.181818
vt 0.618182 0.272727
vt 0.618182 0.363636
vt 0.618182 0.454545
vt 0.618182 0.545455
vt 0.618182 0.636364
vt 0.618182 0.727273
vt 0.618182 0.818182
vt 0.618182 0.909091
vt 0.618182 1.000000
vt 0.636364 0.090909
vt 0.636364 0.181818
vt 0.636364 0.272727
vt 0.636364 0.363636
vt 0.636364 0.454545
vt 0.636364 0.545455
vt 0.636364 0.636364
vt 0.636364 0.727273
vt 0.636364 0.818182
vt 0.636364 0.909091
vt 0.636364 1.000000
vt 0.654545 0.090909
vt 0.654545 0.000000
vt 0.654545 0.181818
vt 0.654545 0.272727
vt 0.654545 0.363636
vt 0.654545 0.454545
vt 0.654545 0.545455
vt 0.654545 0.636364
vt 0.654545 0.727273
vt 0.654545 0.818182
vt 0.654545 0.909091
vt 0.654545 1.000000
vt 0.672727 0.090909
vt 0.672727 0.000000
vt 0.672727 0.181818
vt 0.672727 0.272727
vt 0.672727 0.363636
vt 0.672727 0.454545
vt 0.672727 0.545455
vt 0.672727 0.636364
vt 0.672727 0.727273
vt 0.672727 0.818182
vt 0.672727 0.909091
vt 0.672727 1.000000
vt 0.690909 0.090909
vt 0.690909 0.000000
vt 0.690909 0.181818
vt 0.690909 0.272727
vt 0.690909 0.363636
vt 0.690909 0.454545
vt 0.690909 0.545455
vt 0.690909 0.636364
vt 0.690909 0.727273
vt 0.690909 0.818182
vt 0.690909 0.909091
vt 0.690909 1.000000
vt 0.709091 0.090909
vt 0.709091 0.000000
vt 0.709091 0.181818
vt 0.709091 0.272727
vt 0.709091 0.363636
vt 0.709091 0.454545
vt 0.709091 0.545455
vt 0.709091 0.636364
vt 0.709091 0.727273
vt 0.709091 0.818182
vt 0.709091 0.909091
vt 0.709091 1.000000
vt 0.727273 0.090909
vt 0.727273 0.181818
vt 0.727273 0.272727
vt 0.727273 0.363636
vt 0.727273 0.454545
vt 0.727273 0.545455
vt 0.727273 0.636364
vt 0.727273 0.727273
vt 0.727273 0.818182
vt 0.727273 0.909091
vt 0.727273 1.000000
vt 0.745455 0.090909
vt 0.745455 0.000000
vt 0.745455 0.181818
vt 0.745455 0.272727
vt 0.745455 0.363636
vt 0.745455 0.454545
vt 0.745455 0.545455
vt 0.745455 0.636364
vt 0.745455 0.727273
vt 0.745455 0.818182
vt 0.745455 0.909091
vt 0.745455 1.000000
vt 0.763636 0.090909
vt 0.763636 0.000000
vt 0.763636 0.181818
vt 0.763636 0.272727
vt 0.763636 0.363636
vt 0.763636 0.454545
vt 0.763636 0.545455
vt 0.763636 0.636364
vt 0.763636 0.727273
vt 0.763636 0.818182
vt 0.763636 0.909091
vt 0.763636 1.000000
vt 0.781818 0.090909
vt 0.781818 0.000000
vt 0.781818 0.181818
vt 0.781818 0.272727
vt 0.781818 0.363636
vt 0.781818 0.454545
vt 0.781818 0.545455
vt 0.781818 0.636364
vt 0.781818 0.727273
vt 0.781818 0.818182
vt 0.781818 0.909091
vt 0.781818 1.000000
vt 0.800000 0.090909
vt 0.800000 0.000000
vt 0.800000 0.181818
vt 0.800000 0.272727
vt 0.800000 0.363636
vt 0.800000 0.454545
vt 0.800000 0.545455
vt 0.800000 0.636364
vt 0.800000 0.727273
vt 0.800000 0.818182
vt 0.800000 0.909091
vt 0.800000 1.000000
vt 0.818182 0.090909
vt 0.818182 0.181818
vt 0.818182 0.272727
vt 0.818182 0.363636
vt 0.818182 0.454545
vt 0.818182 0.545455
vt 0.818182 0.636364
vt 0.818182 0.727273
vt 0.818182 0.818182
vt 0.818182 0.909091
vt 0.818182 1.000000
vt 0.836364 0.090909
vt 0.836364 0.000000
vt 0.836364 0.181818
vt 0.836364 0.272727
vt 0.836364 0.363636
vt 0.836364 0.454545
vt 0.836364 0.545455
vt 0.836364 0.636364
vt 0.836364 0.727273
vt 0.836364 0.818182
vt 0.836364 0.909091
vt 0.836364 1.000000
vt 0.854545 0.090909
vt 0.854545 0.000000
vt 0.854545 0.181818
vt 0.854545 0.272727
vt 0.854545 0.363636
vt 0.854545 0.454545
vt 0.854545 0.545455
vt 0.854545 0.636364
vt 0.854545 0.727273
vt 0.854545 0.818182
vt 0.854545 0.909091
vt 0.854545 1.000000
vt 0.872727 0.090909
vt 0.872727 0.000000
vt 0.872727 0.181818
vt 0.872727 0.272727
vt 0.872727 0.363636
vt 0.872727 0.454545
vt 0.872727 0.545455
vt 0.872727 0.636364
vt 0.872727 0.727273
vt 0.872727 0.818182
vt 0.872727 0.909091
vt 0.872727 1.000000
vt 0.890909 0.090909
vt 0.890909 0.000000
vt 0.890909 0.181818
vt 0.890909 0.272727
vt 0.890909 0.363636
vt 0.890909 0.454545
vt 0.890909 0.545455
vt 0.890909 0.636364
vt 0.890909 0.727273
vt 0.890909 0.818182
vt 0.890909 0.909091
vt 0.890909 1.000000
vt 0.909091 0.090909
vt 0.909091 0.181818
vt 0.909091 0.272727
vt 0.909091 0.363636
vt 0.909091 0.454545
vt 0.909091 0.545455
vt 0.909091 0.636364
vt 0.909091 0.727273
vt 0.909091 0.818182
vt 0.909091 0.909091
vt 0.909091 1.000000
vt 0.927273 0.090909
vt 0.927273 0.000000
vt 0.927273 0.181818
vt 0.927273 0.272727
vt 0.927273 0.363636
vt 0.927273 0.454545
vt 0.927273 0.545455
vt 0.927273 0.636364
vt 0.927273 0.727273
vt 0.927273 0.818182
vt 0.927273 0.909091
vt 0.927273 1.000000
vt 0.945455 0.090909
vt 0.945455 0.000000
vt 0.945455 0.181818
vt 0.945455 0.272727
vt 0.945455 0.363636
vt 0.945455 0.454545
vt 0.945455 0.545455
vt 0.945455 0.636364
vt 0.945455 0.727273
vt 0.945455 0.818182
vt 0.945455 0.909091
vt 0.945455 1.000000
vt 0.963636 0.090909
vt 0.963636 0.000000
vt 0.963636 0.181818
vt 0.963636 0.272727
vt 0.963636 0.363636
vt 0.963636 0.454545
vt 0.963636 0.545455
vt 0.963636 0.636364
vt 0.963636 0.727273
vt 0.963636 0.818182
vt 0.963636 0.909091
vt 0.963636 1.000000
vt 0.981818 0.090909
vt 0.981818 0.000000
vt 0.981818 0.181818
vt 0.981818 0.272727
vt 0.981818 0.363636
vt 0.981818 0.454545
vt 0.981818 0.545455
vt 0.981818 0.636364
vt 0.981818 0.727273
vt 0.981818 0.818182
vt 0.981818 0.909091
vt 0.981818 1.000000
vt 0.025000 0.090909
vt 0.025000 0.000000
vt 0.025000 0.181818
vt 0.025000 0.272727
vt 0.025000 0.363636
vt 0.025000 0.454545
vt 0.025000 0.545455
vt 0.025000 0.636364
vt 0.025000 0.727273
vt 0.025000 0.818182
vt 0.025000 0.909091
vt 0.025000 1.000000
vt 0.050000 0.090909
vt 0.050000 0.000000
vt 0.050000 0.181818
vt 0.050000 0.272727
vt 0.050000 0.363636
vt 0.050000 0.454545
vt 0.050000 0.545455
vt 0.050000 0.636364
vt 0.050000 0.727273
vt 0.050000 0.818182
vt 0.050000 0.909091
vt 0.050000 1.000000
vt 0.075000 0.090909
vt 0.075000 0.000000
vt 0.075000 0.181818
vt 0.075000 0.272727
vt 0.075000 0.363636
vt 0.075000 0.454545
vt 0.075000 0.545455
vt 0.075000 0.636364
vt 0.075000 0.727273
vt 0.075000 0.818182
vt 0.075000 0.909091
vt 0.075000 1.000000
vt 0.100000 0.090909
vt 0.100000 0.000000
vt 0.100000 0.181818
vt 0.100000 0.272727
vt 0.100000 0.363636
vt 0.100000 0.454545
vt 0.100000 0.545455
vt 0.100000 0.636364
vt 0.100000 0.727273
vt 0.100000 0.818182
vt 0.100000 0.909091
vt 0.100000 1.000000
vt 0.125000 0.090909
vt 0.125000 0.000000
vt 0.125000 0.181818
vt 0.125000 0.272727
vt 0.125000 0.363636
vt 0.125000 0.454545
vt 0.125000 0.545455
vt 0.125000 0.636364
vt 0.125000 0.727273
vt 0.125000 0.818182
vt 0.125000 0.909091
vt 0.125000 1.000000
vt 0.150000 0.090909
vt 0.150000 0.000000
vt 0.150000 0.181818
vt 0.150000 0.272727
vt 0.150000 0.363636
vt 0.150000 0.454545
vt 0.150000 0.545455
vt 0.150000 0.636364
vt 0.150000 0.727273
vt 0.150000 0.818182
vt 0.150000 0.909091
vt 0.150000 1.000000
vt 0.175000 0.090909
vt 0.175000 0.000000
vt 0.175000 0.181818
vt 0.175000 0.272727
vt 0.175000 0.363636
vt 0.175000 0.454545
vt 0.175000 0.545455
vt 0.175000 0.636364
vt 0.175000 0.727273
vt 0.175000 0.818182
vt 0.175000 0.909091
vt 0.175000 1.000000
vt 0.225000 0.090909
vt 0.225000 0.000000
vt 0.225000 0.181818
vt 0.225000 0.272727
vt 0.225000 0.363636
vt 0.225000 0.454545
vt 0.225000 0.545455
vt 0.225000 0.636364
vt 0.225000 0.727273
vt 0.225000 0.818182
vt 0.225000 0.909091
vt 0.225000 1.000000
vt 0.250000 0.090909
vt 0.250000 0.000000
vt 0.250000 0.181818
vt 0.250000 0.272727
vt 0.250000 0.363636
vt 0.250000 0.454545
vt 0.250000 0.545455
vt 0.250000 0.636364
vt 0.250000 0.727273
vt 0.250000 0.818182
vt 0.250000 0.909091
vt 0.250000 1.000000
vt 0.275000 0.090909
vt 0.275000 0.000000
vt 0.275000 0.181818
vt 0.275000 0.272727
vt 0.275000 0.363636
vt 0.275000 0.454545
vt 0.275000 0.545455
vt 0.275000 0.636364
vt 0.275000 0.727273
vt 0.275000 0.818182
vt 0.275000 0.909091
vt 0.275000 1.000000
vt 0.300000 0.090909
vt 0.300000 0.000000
vt 0.300000 0.181818
vt 0.300000 0.272727
vt 0.300000 0.363636
vt 0.300000 0.454545
vt 0.300000 0.545455
vt 0.300000 0.636364
vt 0.300000 0.727273
vt 0.300000 0.818182
vt 0.300000 0.909091
vt 0.300000 1.000000
vt 0.325000 0.090909
vt 0.325000 0.000000
vt 0.325000 0.181818
vt 0.325000 0.272727
vt 0.325000 0.363636
vt 0.325000 0.454545
vt 0.325000 0.545455
vt 0.325000 0.636364
vt 0.325000 0.727273
vt 0.325000 0.818182
vt 0.325000 0.909091
vt 0.325000 1.000000
vt 0.350000 0.090909
vt 0.350000 0.000000
vt 0.350000 0.181818
vt 0.350000 0.272727
vt 0.350000 0.363636
vt 0.350000 0.454545
vt 0.350000 0.545455
vt 0.350000 0.636364
vt 0.350000 0.727273
vt 0.350000 0.818182
vt 0.350000 0.909091
vt 0.350000 1.000000
vt 0.375000 0.090909
vt 0.375000 0.000000
vt 0.375000 0.181818
vt 0.375000 0.272727
vt 0.375000 0.363636
vt 0.375000 0.454545
vt 0.375000 0.545455
vt 0.375000 0.636364
vt 0.375000 0.727273
vt 0.375000 0.818182
vt 0.375000 0.909091
vt 0.375000 1.000000
vt 0.425000 0.090909
vt 0.425000 0.000000
vt 0.425000 0.181818
vt 0.425000 0.272727
vt 0.425000 0.363636
vt 0.425000 0.454545
vt 0.425000 0.545455
vt 0.425000 0.636364
vt 0.425000 0.727273
vt 0.425000 0.818182
vt 0.425000 0.909091
vt 0.425000 1.000000
vt 0.450000 0.090909
vt 0.450000 0.000000
vt 0.450000 0.181818
vt 0.450000 0.272727
vt 0.450000 0.363636
vt 0.450000 0.454545
vt 0.450000 0.545455
vt 0.450000 0.636364
vt 0.450000 0.727273
vt 0.450000 0.818182
vt 0.450000 0.909091
vt 0.450000 1.000000
vt 0.475000 0.090909
vt 0.475000 0.000000
vt 0.475000 0.181818
vt 0.475000 0.272727
vt 0.475000 0.363636
vt 0.475000 0.454545
vt 0.475000 0.545455
vt 0.475000 0.636364
vt 0.475000 0.727273
vt 0.475000 0.818182
vt 0.475000 0.909091
vt 0.475000 1.000000
vt 0.500000 0.090909
vt 0.500000 0.181818
vt 0.500000 0.272727
vt 0.500000 0.363636
vt 0.500000 0.454545
vt 0.500000 0.545455
vt 0.500000 0.636364
vt 0.500000 0.727273
vt 0.500000 0.818182
vt 0.500000 0.909091
vt 0.500000 1.000000
vt 0.525000 0.090909
vt 0.525000 0.000000
vt 0.525000 0.181818
vt 0.525000 0.272727
vt 0.525000 0.363636
vt 0.525000 0.454545
vt 0.525000 0.545455
vt 0.525000 0.636364
vt 0.525000 0.727273
vt 0.525000 0.818182
vt 0.525000 0.909091
vt 0.525000 1.000000
vt 0.550000 0.090909
vt 0.550000 0.000000
vt 0.550000 0.181818
vt 0.550000 0.272727
vt 0.550000 0.363636
vt 0.550000 0.454545
vt 0.550000 0.545455
vt 0.550000 0.636364
vt 0.550000 0.727273
vt 0.550000 0.818182
vt 0.550000 0.909091
vt 0.550000 1.000000
vt 0.575000 0.090909
vt 0.575000 0.000000
vt 0.575000 0.181818
vt 0.575000 0.272727
vt 0.575000 0.363636
vt 0.575000 0.454545
vt 0.575000 0.545455
vt 0.575000 0.636364
vt 0.575000 0.727273
vt 0.575000 0.818182
vt 0.575000 0.909091
vt 0.575000 1.000000
vt 0.625000 0.090909
vt 0.625000 0.000000
vt 0.625000 0.181818
vt 0.625000 0.272727
vt 0.625000 0.363636
vt 0.625000 0.454545
vt 0.625000 0.545455
vt 0.625000 0.636364
vt 0.625000 0.727273
vt 0.625000 0.818182
vt 0.625000 0.909091
vt 0.625000 1.000000
vt 0.650000 0.090909
vt 0.650000 0.000000
vt 0.650000 0.181818
vt 0.650000 0.272727
vt 0.650000 0.363636
vt 0.650000 0.454545
vt 0.650000 0.545455
vt 0.650000 0.636364
vt 0.650000 0.727273
vt 0.650000 0.818182
vt 0.650000 0.909091
vt 0.650000 1.000000
vt 0.675000 0.090909
vt 0.675000 0.000000
vt 0.675000 0.181818
vt 0.675000 0.272727
vt 0.675000 0.363636
vt 0.675000 0.454545
vt 0.675000 0.545455
vt 0.675000 0.636364
vt 0.675000 0.727273
vt 0.675000 0.818182
vt 0.675000 0.909091
vt 0.675000 1.000000
vt 0.700000 0.090909
vt 0.700000 0.000000
vt 0.700000 0.181818
vt 0.700000 0.272727
vt 0.700000 0.363636
vt 0.700000 0.454545
vt 0.700000 0.545455
vt 0.700000 0.636364
vt 0.700000 0.727273
vt 0.700000 0.818182
vt 0.700000 0.909091
vt 0.700000 1.000000
vt 0.725000 0.090909
vt 0.725000 0.000000
vt 0.725000 0.181818
vt 0.725000 0.272727
vt 0.725000 0.363636
vt 0.725000 0.454545
vt 0.725000 0.545455
vt 0.725000 0.636364
vt 0.725000 0.727273
vt 0.725000 0.818182
vt 0.725000 0.909091
vt 0.725000 1.000000
vt 0.750000 0.090909
vt 0.750000 0.000000
vt 0.750000 0.181818
vt 0.750000 0.272727
vt 0.750000 0.363636
vt 0.750000 0.454545
vt 0.750000 0.545455
vt 0.750000 0.636364
vt 0.750000 0.727273
vt 0.750000 0.818182
vt 0.750000 0.909091
vt 0.750000 1.000000
vt 0.775000 0.090909
vt 0.775000 0.000000
vt 0.775000 0.181818
vt 0.775000 0.272727
vt 0.775000 0.363636
vt 0.775000 0.454545
vt 0.775000 0.545455
vt 0.775000 0.636364
vt 0.775000 0.727273
vt 0.775000 0.818182
vt 0.775000 0.909091
vt 0.775000 1.000000
vt 0.825000 0.090909
vt 0.825000 0.000000
vt 0.825000 0.181818
vt 0.825000 0.272727
vt 0.825000 0.363636
vt 0.825000 0.454545
vt 0.825000 0.545455
vt 0.825000 0.636364
vt 0.825000 0.727273
vt 0.825000 0.818182
vt 0.825000 0.909091
vt 0.825000 1.000000
vt 0.850000 0.090909
vt 0.850000 0.000000
vt 0.850000 0.181818
vt 0.850000 0.272727
vt 0.850000 0.363636
vt 0.850000 0.454545
vt 0.850000 0.545455
vt 0.850000 0.636364
vt 0.850000 0.727273
vt 0.850000 0.818182
vt 0.850000 0.909091
vt 0.850000 1.000000
vt 0.875000 0.090909
vt 0.875000 0.000000
vt 0.875000 0.181818
vt 0.875000 0.272727
vt 0.875000 0.363636
vt 0.875000 0.454545
vt 0.875000 0.545455
vt 0.875000 0.636364
vt 0.875000 0.727273
vt 0.875000 0.818182
vt 0.875000 0.909091
vt 0.875000 1.000000
vt 0.900000 0.090909
vt 0.900000 0.000000
vt 0.900000 0.181818
vt 0.900000 0.272727
vt 0.900000 0.363636
vt 0.900000 0.454545
vt 0.900000 0.545455
vt 0.900000 0.636364
vt 0.900000 0.727273
vt 0.900000 0.818182
vt 0.900000 0.909091
vt 0.900000 1.000000
vt 0.925000 0.090909
vt 0.925000 0.000000
vt 0.925000 0.181818
vt 0.925000 0.272727
vt 0.925000 0.363636
vt 0.925000 0.454545
vt 0.925000 0.545455
vt 0.925000 0.636364
vt 0.925000 0.727273
vt 0.925000 0.818182
vt 0.925000 0.909091
vt 0.925000 1.000000
vt 0.950000 0.090909
vt 0.950000 0.000000
vt 0.950000 0.181818
vt 0.950000 0.272727
vt 0.950000 0.363636
vt 0.950000 0.454545
vt 0.950000 0.545455
vt 0.950000 0.636364
vt 0.950000 0.727273
vt 0.950000 0.818182
vt 0.950000 0.909091
vt 0.950000 1.000000
vt 0.975000 0.090909
vt 0.975000 0.000000
vt 0.975000 0.181818
vt 0.975000 0.272727
vt 0.975000 0.363636
vt 0.975000 0.454545
vt 0.975000 0.545455
vt 0.975000 0.636364
vt 0.975000 0.727273
vt 0.975000 0.818182
vt 0.975000 0.909091
vt 0.975000 1.000000
vt 0.026316 0.090909
vt 0.026316 0.000000
vt 0.026316 0.181818
vt 0.026316 0.272727
vt 0.026316 0.363636
vt 0.026316 0.454545
vt 0.026316 0.545455
vt 0.026316 0.636364
vt 0.026316 0.727273
vt 0.026316 0.818182
vt 0.026316 0.909091
vt 0.026316 1.000000
vt 0.052632 0.090909
vt 0.052632 0.000000
vt 0.052632 0.181818
vt 0.052632 0.272727
vt 0.052632 0.363636
vt 0.052632 0.454545
vt 0.052632 0.545455
vt 0.052632 0.636364
vt 0.052632 0.727273
vt 0.052632 0.818182
vt 0.052632 0.909091
vt 0.052632 1.000000
vt 0.078947 0.090909
vt 0.078947 0.000000
vt 0.078947 0.181818
vt 0.078947 0.272727
vt 0.078947 0.363636
vt 0.078947 0.454545
vt 0.078947 0.545455
vt 0.078947 0.636364
vt 0.078947 0.727273
vt 0.078947 0.818182
vt 0.078947 0.909091
vt 0.078947 1.000000
vt 0.105263 0.090909
vt 0.105263 0.000000
vt 0.105263 0.181818
vt 0.105263 0.272727
vt 0.105263 0.363636
vt 0.105263 0.454545
vt 0.105263 0.545455
vt 0.105263 0.636364
vt 0.105263 0.727273
vt 0.105263 0.818182
vt 0.105263 0.909091
vt 0.105263 1.000000
vt 0.131579 0.090909
vt 0.131579 0.000000
vt 0.131579 0.181818
vt 0.131579 0.272727
vt 0.131579 0.363636
vt 0.131579 0.454545
vt 0.131579 0.545455
vt 0.131579 0.636364
vt 0.131579 0.727273
vt 0.131579 0.818182
vt 0.131579 0.909091
vt 0.131579 1.000000
vt 0.157895 0.090909
vt 0.157895 0.000000
vt 0.157895 0.181818
vt 0.157895 0.272727
vt 0.157895 0.363636
vt 0.157895 0.454545
vt 0.157895 0.545455
vt 0.157895 0.636364
vt 0.157895 0.727273
vt 0.157895 0.818182
vt 0.157895 0.909091
vt 0.157895 1.000000
vt 0.184211 0.090909
vt 0.184211 0.000000
vt 0.184211 0.181818
vt 0.184211 0.272727
vt 0.184211 0.363636
vt 0.184211 0.454545
vt 0.184211 0.545455
vt 0.184211 0.636364
vt 0.184211 0.727273
vt 0.184211 0.818182
vt 0.184211 0.909091
vt 0.184211 1.000000
vt 0.210526 0.090909
vt 0.210526 0.000000
vt 0.210526 0.181818
vt 0.210526 0.272727
vt 0.210526 0.363636
vt 0.210526 0.454545
vt 0.210526 0.545455
vt 0.210526 0.636364
vt 0.210526 0.727273
vt 0.210526 0.818182
vt 0.210526 0.909091
vt 0.210526 1.000000
vt 0.236842 0.090909
vt 0.236842 0.000000
vt 0.236842 0.181818
vt 0.236842 0.272727
vt 0.236842 0.363636
vt 0.236842 0.454545
vt 0.236842 0.545455
vt 0.236842 0.636364
vt 0.236842 0.727273
vt 0.236842 0.818182
vt 0.236842 0.909091
vt 0.236842 1.000000
vt 0.263158 0.090909
vt 0.263158 0.000000
vt 0.263158 0.181818
vt 0.263158 0.272727
vt 0.263158 0.363636
vt 0.263158 0.454545
vt 0.263158 0.545455
vt 0.263158 0.636364
vt 0.263158 0.727273
vt 0.263158 0.818182
vt 0.263158 0.909091
vt 0.263158 1.000000
vt 0.289474 0.090909
vt 0.289474 0.000000
vt 0.289474 0.181818
vt 0.289474 0.272727
vt 0.289474 0.363636
vt 0.289474 0.454545
vt 0.289474 0.545455
vt 0.289474 0.636364
vt 0.289474 0.727273
vt 0.289474 0.818182
vt 0.289474 0.909091
vt 0.289474 1.000000
vt 0.315789 0.090909
vt 0.315789 0.000000
vt 0.315789 0.181818
vt 0.315789 0.272727
vt 0.315789 0.363636
vt 0.315789 0.454545
vt 0.315789 0.545455
vt 0.315789 0.636364
vt 0.315789 0.727273
vt 0.315789 0.818182
vt 0.315789 0.909091
vt 0.315789 1.000000
vt 0.342105 0.090909
vt 0.342105 0.000000
vt 0.342105 0.181818
vt 0.342105 0.272727
vt 0.342105 0.363636
vt 0.342105 0.454545
vt 0.342105 0.545455
vt 0.342105 0.636364
vt 0.342105 0.727273
vt 0.342105 0.818182
vt 0.342105 0.909091
vt 0.342105 1.000000
vt 0.368421 0.090909
vt 0.368421 0.000000
vt 0.368421 0.181818
vt 0.368421 0.272727
vt 0.368421 0.363636
vt 0.368421 0.454545
vt 0.368421 0.545455
vt 0.368421 0.636364
vt 0.368421 0.727273
vt 0.368421 0.818182
vt 0.368421 0.909091
vt 0.368421 1.000000
vt 0.394737 0.090909
vt 0.394737 0.000000
vt 0.394737 0.181818
vt 0.394737 0.272727
vt 0.394737 0.363636
vt 0.394737 0.454545
vt 0.394737 0.545455
vt 0.394737 0.636364
vt 0.394737 0.727273
vt 0.394737 0.818182
vt 0.394737 0.909091
vt 0.394737 1.000000
vt 0.421053 0.090909
vt 0.421053 0.000000
vt 0.421053 0.181818
vt 0.421053 0.272727
vt 0.421053 0.363636
vt 0.421053 0.454545
vt 0.421053 0.545455
vt 0.421053 0.636364
vt 0.421053 0.727273
vt 0.421053 0.818182
vt 0.421053 0.909091
vt 0.421053 1.000000
vt 0.447368 0.090909
vt 0.447368 0.000000
vt 0.447368 0.181818
vt 0.447368 0.272727
vt 0.447368 0.363636
vt 0.447368 0.454545
vt 0.447368 0.545455
vt 0.447368 0.636364
vt 0.447368 0.727273
vt 0.447368 0.818182
vt 0.447368 0.909091
vt 0.447368 1.000000
vt 0.473684 0.090909
vt 0.473684 0.000000
vt 0.473684 0.181818
vt 0.473684 0.272727
vt 0.473684 0.363636
vt 0.473684 0.454545
vt 0.473684 0.545455
vt 0.473684 0.636364
vt 0.473684 0.727273
vt 0.473684 0.818182
vt 0.473684 0.909091
vt 0.473684 1.000000
vt 0.526316 0.090909
vt 0.526316 0.000000
vt 0.526316 0.181818
vt 0.526316 0.272727
vt 0.526316 0.363636
vt 0.526316 0.454545
vt 0.526316 0.545455
vt 0.526316 0.636364
vt 0.526316 0.727273
vt 0.526316 0.818182
vt 0.526316 0.909091
vt 0.526316 1.000000
vt 0.552632 0.090909
vt 0.552632 0.000000
vt 0.552632 0.181818
vt 0.552632 0.272727
vt 0.552632 0.363636
vt 0.552632 0.454545
vt 0.552632 0.545455
vt 0.552632 0.636364
vt 0.552632 0.727273
vt 0.552632 0.818182
vt 0.552632 0.909091
vt 0.552632 1.000000
vt 0.578947 0.090909
vt 0.578947 0.000000
vt 0.578947 0.181818
vt 0.578947 0.272727
vt 0.578947 0.363636
vt 0.578947 0.454545
vt 0.578947 0.545455
vt 0.578947 0.636364
vt 0.578947 0.727273
vt 0.578947 0.818182
vt 0.578947 0.909091
vt 0.578947 1.000000
vt 0.605263 0.090909
vt 0.605263 0.000000
vt 0.605263 0.181818
vt 0.605263 0.272727
vt 0.605263 0.363636
vt 0.605263 0.454545
vt 0.605263 0.545455
vt 0.605263 0.636364
vt 0.605263 0.727273
vt 0.605263 0.818182
vt 0.605263 0.909091
vt 0.605263 1.000000
vt 0.631579 0.090909
vt 0.631579 0.000000
vt 0.631579 0.181818
vt 0.631579 0.272727
vt 0.631579 0.363636
vt 0.631579 0.454545
vt 0.631579 0.545455
vt 0.631579 0.636364
vt 0.631579 0.727273
vt 0.631579 0.818182
vt 0.631579 0.909091
vt 0.631579 1.000000
vt 0.657895 0.090909
vt 0.657895 0.000000
vt 0.657895 0.181818
vt 0.657895 0.272727
vt 0.657895 0.363636
vt 0.657895 0.454545
vt 0.657895 0.545455
vt 0.657895 0.636364
vt 0.657895 0.727273
vt 0.657895 0.818182
vt 0.657895 0.909091
vt 0.657895 1.000000
vt 0.684211 0.090909
vt 0.684211 0.000000
vt 0.684211 0.181818
vt 0.684211 0.272727
vt 0.684211 0.363636
vt 0.684211 0.454545
vt 0.684211 0.545455
vt 0.684211 0.636364
vt 0.684211 0.727273
vt 0.684211 0.818182
vt 0.684211 0.909091
vt 0.684211 1.000000
vt 0.710526 0.090909
vt 0.710526 0.000000
vt 0.710526 0.181818
vt 0.710526 0.272727
vt 0.710526 0.363636
vt 0.710526 0.454545
vt 0.710526 0.545455
vt 0.710526 0.636364
vt 0.710526 0.727273
vt 0.710526 0.818182
vt 0.710526 0.909091
vt 0.710526 1.000000
vt 0.736842 0.090909
vt 0.736842 0.000000
vt 0.736842 0.181818
vt 0.736842 0.272727
vt 0.736842 0.363636
vt 0.736842 0.454545
vt 0.736842 0.545455
vt 0.736842 0.636364
vt 0.736842 0.727273
vt 0.736842 0.818182
vt 0.736842 0.909091
vt 0.736842 1.000000
vt 0.763158 0.090909
vt 0.763158 0.000000
vt 0.763158 0.181818
vt 0.763158 0.272727
vt 0.763158 0.363636
vt 0.763158 0.454545
vt 0.763158 0.545455
vt 0.763158 0.636364
vt 0.763158 0.727273
vt 0.763158 0.818182
vt 0.763158 0.909091
vt 0.763158 1.000000
vt 0.789474 0.090909
vt 0.789474 0.000000
vt 0.789474 0.181818
vt 0.789474 0.272727
vt 0.789474 0.363636
vt 0.789474 0.454545
vt 0.789474 0.545455
vt 0.789474 0.636364
vt 0.789474 0.727273
vt 0.789474 0.818182
vt 0.789474 0.909091
vt 0.789474 1.000000
vt 0.815789 0.090909
vt 0.815789 0.000000
vt 0.815789 0.181818
vt 0.815789 0.272727
vt 0.815789 0.363636
vt 0.815789 0.454545
vt 0.815789 0.545455
vt 0.815789 0.636364
vt 0.815789 0.727273
vt 0.815789 0.818182
vt 0.815789 0.909091
vt 0.815789 1.000000
vt 0.842105 0.090909
vt 0.842105 0.000000
vt 0.842105 0.181818
vt 0.842105 0.272727
vt 0.842105 0.363636
vt 0.842105 0.454545
vt 0.842105 0.545455
vt 0.842105 0.636364
vt 0.842105 0.727273
vt 0.842105 0.818182
vt 0.842105 0.909091
vt 0.842105 1.000000
vt 0.868421 0.090909
vt 0.868421 0.000000
vt 0.868421 0.181818
vt 0.868421 0.272727
vt 0.868421 0.363636
vt 0.868421 0.454545
vt 0.868421 0.545455
vt 0.868421 0.636364
vt 0.868421 0.727273
vt 0.868421 0.818182
vt 0.868421 0.909091
vt 0.868421 1.000000
vt 0.894737 0.090909
vt 0.894737 0.000000
vt 0.894737 0.181818
vt 0.894737 0.272727
vt 0.894737 0.363636
vt 0.894737 0.454545
vt 0.894737 0.545455
vt 0.894737 0.636364
vt 0.894737 0.727273
vt 0.894737 0.818182
vt 0.894737 0.909091
vt 0.894737 1.000000
vt 0.921053 0.090909
vt 0.921053 0.000000
vt 0.921053 0.181818
vt 0.921053 0.272727
vt 0.921053 0.363636
vt 0.921053 0.454545
vt 0.921053 0.545455
vt 0.921053 0.636364
vt 0.921053 0.727273
vt 0.921053 0.818182
vt 0.921053 0.909091
vt 0.921053 1.000000
vt 0.947368 0.090909
vt 0.947368 0.000000
vt 0.947368 0.181818
vt 0.947368 0.272727
vt 0.947368 0.363636
vt 0.947368 0.454545
vt 0.947368 0.545455
vt 0.947368 0.636364
vt 0.947368 0.727273
vt 0.947368 0.818182
vt 0.947368 0.909091
vt 0.947368 1.000000
vt 0.973684 0.090909
vt 0.973684 0.000000
vt 0.973684 0.181818
vt 0.973684 0.272727
vt 0.973684 0.363636
vt 0.973684 0.454545
vt 0.973684 0.545455
vt 0.973684 0.636364
vt 0.973684 0.727273
vt 0.973684 0.818182
vt 0.973684 0.909091
vt 0.973684 1.000000
s 0
usemtl マテリアル.001
f 37/1/1 39/2/1 38/3/1
f 37/1/1 40/4/1 39/2/1
f 24/5/1 26/6/1 25/7/1
f 24/5/1 27/8/1 26/6/1
f 24/5/1 28/9/1 27/8/1
f 24/5/1 29/10/1 28/9/1
f 24/5/1 30/11/1 29/10/1
f 23/12/1 30/11/1 24/5/1
f 23/12/1 31/13/1 30/11/1
f 23/12/1 32/14/1 31/13/1
f 23/12/1 33/15/1 32/14/1
f 22/16/1 33/15/1 23/12/1
f 22/16/1 34/17/1 33/15/1
f 22/16/1 35/18/1 34/17/1
f 22/16/1 36/19/1 35/18/1
f 22/16/1 37/1/1 36/19/1
f 21/20/1 37/1/1 22/16/1
f 21/20/1 43/21/1 37/1/1
f 43/21/1 42/22/1 37/1/1
f 42/22/1 41/23/1 37/1/1
f 41/23/1 78/24/1 37/1/1
f 78/24/1 40/4/1 37/1/1
f 20/25/1 46/26/1 21/20/1
f 46/26/1 45/27/1 21/20/1
f 45/27/1 44/28/1 21/20/1
f 44/28/2 43/21/2 21/20/2
f 19/29/1 49/30/1 20/25/1
f 49/30/1 48/31/1 20/25/1
f 48/31/1 47/32/1 20/25/1
f 47/32/3 46/26/3 20/25/3
f 18/33/1 52/34/1 19/29/1
f 52/34/1 51/35/1 19/29/1
f 51/35/1 50/36/1 19/29/1
f 50/36/1 49/30/1 19/29/1
f 18/33/1 53/37/1 52/34/1
f 18/33/1 54/38/1 53/37/1
f 17/39/1 54/38/1 18/33/1
f 17/39/1 55/40/1 54/38/1
f 17/39/1 56/41/1 55/40/1
f 77/42/1 40/4/1 78/24/1
f 17/39/1 57/43/1 56/41/1
f 16/44/1 57/43/1 17/39/1
f 16/44/1 58/45/1 57/43/1
f 16/44/1 59/46/1 58/45/1
f 15/47/1 59/46/1 16/44/1
f 15/47/1 60/48/1 59/46/1
f 15/47/1 61/49/1 60/48/1
f 14/50/1 61/49/1 15/47/1
f 14/50/1 62/51/1 61/49/1
f 13/52/1 62/51/1 14/50/1
f 13/52/1 63/53/1 62/51/1
f 13/52/1 64/54/1 63/53/1
f 12/55/1 64/54/1 13/52/1
f 12/55/1 65/56/1 64/54/1
f 12/55/1 66/57/1 65/56/1
f 11/58/1 66/57/1 12/55/1
f 11/58/1 67/59/1 66/57/1
f 10/60/1 67/59/1 11/58/1
f 10/60/1 68/61/1 67/59/1
f 10/60/1 69/62/1 68/61/1
f 9/63/1 69/62/1 10/60/1
f 9/63/1 70/64/1 69/62/1
f 9/63/1 71/65/1 70/64/1
f 8/66/1 71/65/1 9/63/1
f 8/66/1 72/67/1 71/65/1
f 8/66/1 73/68/1 72/67/1
f 8/66/1 74/69/1 73/68/1
f 7/70/1 74/69/1 8/66/1
f 7/70/1 75/71/1 74/69/1
f 7/70/1 76/72/1 75/71/1
f 7/70/1 77/42/1 76/72/1
f 7/70/1 40/4/1 77/42/1
f 6/73/1 40/4/1 7/70/1
f 5/74/1 40/4/1 6/73/1
f 4/75/1 40/4/1 5/74/1
f 3/76/1 40/4/1 4/75/1
f 2/77/1 40/4/1 3/76/1
f 1/78/1 40/4/1 2/77/1
f 91/79/1 93/80/1 92/81/1
f 91/79/1 94/82/1 93/80/1
f 90/83/1 94/82/1 91/79/1
f 90/83/1 95/84/1 94/82/1
f 89/85/1 95/84/1 90/83/1
f 89/85/1 96/86/1 95/84/1
f 89/85/1 97/87/1 96/86/1
f 88/88/1 97/87/1 89/85/1
f 88/88/1 98/89/1 97/87/1
f 131/90/1 133/24/1 132/91/1
f 131/90/1 79/78/1 133/24/1
f 87/92/1 98/89/1 88/88/1
f 87/92/1 99/93/1 98/89/1
f 87/92/1 100/94/1 99/93/1
f 86/95/1 100/94/1 87/92/1
f 86/95/1 101/96/1 100/94/1
f 85/97/1 101/96/1 86/95/1
f 85/97/1 102/98/1 101/96/1
f 85/97/1 103/99/1 102/98/1
f 84/100/1 103/99/1 85/97/1
f 84/100/1 104/101/1 103/99/1
f 83/102/1 104/101/1 84/100/1
f 83/102/1 114/103/1 104/101/1
f 114/103/1 113/104/1 104/101/1
f 113/104/1 112/105/1 104/101/1
f 112/105/1 111/106/1 104/101/1
f 111/106/1 110/107/1 104/101/1
f 110/107/1 109/108/1 104/101/1
f 109/108/1 108/109/1 104/101/1
f 108/109/1 107/110/1 104/101/1
f 107/110/1 106/111/1 104/101/1
f 106/111/1 105/112/1 104/101/1
f 82/113/1 116/114/1 83/102/1
f 116/114/1 115/115/1 83/102/1
f 115/115/1 114/103/1 83/102/1
f 81/116/1 118/117/1 82/113/1
f 118/117/1 117/118/1 82/113/1
f 117/118/4 116/114/4 82/113/4
f 81/116/1 119/119/1 118/117/1
f 81/116/1 120/120/1 119/119/1
f 80/121/1 120/120/1 81/116/1
f 80/121/1 121/122/1 120/120/1
f 80/121/1 122/123/1 121/122/1
f 131/90/1 80/121/1 79/78/1
f 131/90/1 126/124/1 80/121/1
f 126/124/1 125/125/1 80/121/1
f 125/125/1 124/126/1 80/121/1
f 124/126/1 123/127/1 80/121/1
f 123/127/1 122/123/1 80/121/1
f 131/90/1 127/128/1 126/124/1
f 131/90/1 128/129/1 127/128/1
f 131/90/1 129/130/1 128/129/1
f 131/90/1 130/131/1 129/130/1
f 144/132/1 146/133/1 145/134/1
f 143/135/1 146/133/1 144/132/1
f 142/136/1 146/133/1 143/135/1
f 142/136/1 147/137/1 146/133/1
f 141/138/1 147/137/1 142/136/1
f 140/139/1 147/137/1 141/138/1
f 139/140/1 147/137/1 140/139/1
f 139/140/1 148/141/1 147/137/1
f 138/142/1 148/141/1 139/140/1
f 137/143/1 148/141/1 138/142/1
f 136/144/1 148/141/1 137/143/1
f 136/144/1 149/145/1 148/141/1
f 135/146/1 149/145/1 136/144/1
f 134/78/1 149/145/1 135/146/1
f 134/78/1 150/147/1 149/145/1
f 280/24/1 150/147/1 134/78/1
f 279/148/1 278/149/1 280/24/1
f 278/149/1 277/150/1 280/24/1
f 277/150/1 276/151/1 280/24/1
f 276/151/1 275/152/1 280/24/1
f 275/152/1 150/147/1 280/24/1
f 275/152/1 274/153/1 150/147/1
f 274/153/1 273/154/1 150/147/1
f 273/154/1 151/155/1 150/147/1
f 273/154/5 272/156/5 151/155/5
f 272/156/1 271/157/1 151/155/1
f 271/157/1 152/158/1 151/155/1
f 271/157/1 270/159/1 152/158/1
f 270/159/1 269/160/1 152/158/1
f 269/160/1 268/161/1 152/158/1
f 268/161/1 153/162/1 152/158/1
f 268/161/1 267/163/1 153/162/1
f 267/163/1 266/164/1 153/162/1
f 266/164/1 154/165/1 153/162/1
f 265/166/1 154/165/1 266/164/1
f 264/167/1 154/165/1 265/166/1
f 263/168/1 154/165/1 264/167/1
f 263/168/1 155/169/1 154/165/1
f 262/170/1 155/169/1 263/168/1
f 261/171/1 155/169/1 262/170/1
f 260/172/1 155/169/1 261/171/1
f 260/172/1 156/173/1 155/169/1
f 259/174/1 156/173/1 260/172/1
f 258/175/1 156/173/1 259/174/1
f 258/175/1 157/176/1 156/173/1
f 257/177/1 157/176/1 258/175/1
f 256/178/1 157/176/1 257/177/1
f 256/178/1 158/179/1 157/176/1
f 255/180/1 158/179/1 256/178/1
f 254/181/1 158/179/1 255/180/1
f 254/181/1 159/182/1 158/179/1
f 253/183/1 159/182/1 254/181/1
f 253/183/1 160/184/1 159/182/1
f 252/185/1 160/184/1 253/183/1
f 252/185/1 161/186/1 160/184/1
f 251/187/1 161/186/1 252/185/1
f 251/187/1 162/188/1 161/186/1
f 250/189/1 162/188/1 251/187/1
f 250/189/1 163/190/1 162/188/1
f 249/191/1 163/190/1 250/189/1
f 248/192/1 163/190/1 249/191/1
f 248/192/1 164/193/1 163/190/1
f 247/194/1 164/193/1 248/192/1
f 247/194/1 165/195/1 164/193/1
f 246/196/1 165/195/1 247/194/1
f 245/197/1 165/195/1 246/196/1
f 244/198/1 165/195/1 245/197/1
f 244/198/1 166/199/1 165/195/1
f 243/200/1 166/199/1 244/198/1
f 242/201/1 166/199/1 243/200/1
f 242/201/1 167/202/1 166/199/1
f 242/201/1 168/203/1 167/202/1
f 242/201/1 169/204/1 168/203/1
f 242/201/1 170/205/1 169/204/1
f 242/201/1 171/206/1 170/205/1
f 242/201/1 172/207/1 171/206/1
f 242/201/1 173/208/1 172/207/1
f 242/201/1 174/209/1 173/208/1
f 242/201/1 241/210/1 174/209/1
f 241/210/1 175/211/1 174/209/1
f 240/212/1 175/211/1 241/210/1
f 239/213/1 175/211/1 240/212/1
f 238/214/1 175/211/1 239/213/1
f 238/214/1 176/215/1 175/211/1
f 237/216/1 176/215/1 238/214/1
f 236/217/1 176/215/1 237/216/1
f 236/217/1 177/218/1 176/215/1
f 235/219/1 177/218/1 236/217/1
f 235/219/1 178/220/1 177/218/1
f 234/221/1 178/220/1 235/219/1
f 233/222/1 178/220/1 234/221/1
f 233/222/1 179/223/1 178/220/1
f 232/224/1 179/223/1 233/222/1
f 232/224/1 180/225/1 179/223/1
f 231/226/1 180/225/1 232/224/1
f 231/226/1 181/227/1 180/225/1
f 230/228/1 181/227/1 231/226/1
f 230/228/1 182/229/1 181/227/1
f 229/230/1 182/229/1 230/228/1
f 228/231/1 182/229/1 229/230/1
f 228/231/1 183/232/1 182/229/1
f 227/233/1 183/232/1 228/231/1
f 226/234/1 183/232/1 227/233/1
f 226/234/1 184/235/1 183/232/1
f 205/236/1 207/111/1 206/237/1
f 225/238/1 184/235/1 226/234/1
f 205/236/1 208/239/1 207/111/1
f 224/240/1 184/235/1 225/238/1
f 205/236/1 209/241/1 208/239/1
f 224/240/1 185/242/1 184/235/1
f 223/243/1 185/242/1 224/240/1
f 205/236/1 210/244/1 209/241/1
f 205/236/1 211/245/1 210/244/1
f 222/246/1 185/242/1 223/243/1
f 205/236/1 212/247/1 211/245/1
f 221/248/1 185/242/1 222/246/1
f 205/236/1 213/249/1 212/247/1
f 205/236/1 214/250/1 213/249/1
f 220/251/1 185/242/1 221/248/1
f 220/251/1 186/252/1 185/242/1
f 205/236/1 215/253/1 214/250/1
f 219/254/1 186/252/1 220/251/1
f 205/236/1 216/255/1 215/253/1
f 205/236/1 217/256/1 216/255/1
f 218/257/1 186/252/1 219/254/1
f 205/236/1 218/257/1 217/256/1
f 205/236/1 186/252/1 218/257/1
f 205/236/1 187/258/1 186/252/1
f 205/236/1 188/259/1 187/258/1
f 205/236/1 189/260/1 188/259/1
f 204/261/1 189/260/1 205/236/1
f 203/262/1 189/260/1 204/261/1
f 202/263/1 189/260/1 203/262/1
f 202/263/1 190/264/1 189/260/1
f 201/265/1 190/264/1 202/263/1
f 200/266/1 190/264/1 201/265/1
f 200/266/1 191/267/1 190/264/1
f 199/268/1 191/267/1 200/266/1
f 198/269/1 191/267/1 199/268/1
f 197/270/1 191/267/1 198/269/1
f 197/270/1 192/271/1 191/267/1
f 196/272/1 192/271/1 197/270/1
f 195/273/1 192/271/1 196/272/1
f 195/273/1 193/274/1 192/271/1
f 194/275/1 193/274/1 195/273/1
f 317/1/6 318/3/6 319/2/6
f 317/1/6 319/2/6 320/4/6
f 304/5/6 305/7/6 306/6/6
f 304/5/6 306/6/6 307/8/6
f 304/5/6 307/8/6 308/9/6
f 304/5/6 308/9/6 309/10/6
f 304/5/6 309/10/6 310/11/6
f 303/12/6 304/5/6 310/11/6
f 303/12/6 310/11/6 311/13/6
f 303/12/6 311/13/6 312/14/6
f 303/12/6 312/14/6 313/15/6
f 302/16/6 303/12/6 313/15/6
f 302/16/6 313/15/6 314/17/6
f 302/16/6 314/17/6 315/18/6
f 302/16/6 315/18/6 316/19/6
f 302/16/6 316/19/6 317/1/6
f 301/20/6 302/16/6 317/1/6
f 301/20/6 317/1/6 323/21/6
f 323/21/6 317/1/6 322/22/6
f 322/22/6 317/1/6 321/23/6
f 321/23/6 317/1/6 358/24/6
f 358/24/6 317/1/6 320/4/6
f 300/25/6 301/20/6 326/26/6
f 326/26/6 301/20/6 325/27/6
f 325/27/6 301/20/6 324/28/6
f 324/28/7 301/20/7 323/21/7
f 299/29/6 300/25/6 329/30/6
f 329/30/6 300/25/6 328/31/6
f 328/31/6 300/25/6 327/32/6
f 327/32/8 300/25/8 326/26/8
f 298/33/6 299/29/6 332/34/6
f 332/34/6 299/29/6 331/35/6
f 331/35/6 299/29/6 330/36/6
f 330/36/6 299/29/6 329/30/6
f 298/33/6 332/34/6 333/37/6
f 298/33/6 333/37/6 334/38/6
f 297/39/6 298/33/6 334/38/6
f 297/39/6 334/38/6 335/40/6
f 297/39/6 335/40/6 336/41/6
f 357/42/6 358/24/6 320/4/6
f 297/39/6 336/41/6 337/43/6
f 296/44/6 297/39/6 337/43/6
f 296/44/6 337/43/6 338/45/6
f 296/44/6 338/45/6 339/46/6
f 295/47/6 296/44/6 339/46/6
f 295/47/6 339/46/6 340/48/6
f 295/47/6 340/48/6 341/49/6
f 294/50/6 295/47/6 341/49/6
f 294/50/6 341/49/6 342/51/6
f 293/52/6 294/50/6 342/51/6
f 293/52/6 342/51/6 343/53/6
f 293/52/6 343/53/6 344/54/6
f 292/55/6 293/52/6 344/54/6
f 292/55/6 344/54/6 345/56/6
f 292/55/6 345/56/6 346/57/6
f 291/58/6 292/55/6 346/57/6
f 291/58/6 346/57/6 347/59/6
f 290/60/6 291/58/6 347/59/6
f 290/60/6 347/59/6 348/61/6
f 290/60/6 348/61/6 349/62/6
f 289/63/6 290/60/6 349/62/6
f 289/63/6 349/62/6 350/64/6
f 289/63/6 350/64/6 351/65/6
f 288/66/6 289/63/6 351/65/6
f 288/66/6 351/65/6 352/67/6
f 288/66/6 352/67/6 353/68/6
f 288/66/6 353/68/6 354/69/6
f 287/70/6 288/66/6 354/69/6
f 287/70/6 354/69/6 355/71/6
f 287/70/6 355/71/6 356/72/6
f 287/70/6 356/72/6 357/42/6
f 287/70/6 357/42/6 320/4/6
f 286/73/6 287/70/6 320/4/6
f 285/74/6 286/73/6 320/4/6
f 284/75/6 285/74/6 320/4/6
f 283/76/6 284/75/6 320/4/6
f 282/77/6 283/76/6 320/4/6
f 281/78/6 282/77/6 320/4/6
f 371/79/6 372/81/6 373/80/6
f 371/79/6 373/80/6 374/82/6
f 370/83/6 371/79/6 374/82/6
f 370/83/6 374/82/6 375/84/6
f 369/85/6 370/83/6 375/84/6
f 369/85/6 375/84/6 376/86/6
f 369/85/6 376/86/6 377/87/6
f 368/88/6 369/85/6 377/87/6
f 368/88/6 377/87/6 378/89/6
f 411/90/6 412/91/6 413/24/6
f 411/90/6 413/24/6 359/78/6
f 367/92/6 368/88/6 378/89/6
f 367/92/6 378/89/6 379/93/6
f 367/92/6 379/93/6 380/94/6
f 366/95/6 367/92/6 380/94/6
f 366/95/6 380/94/6 381/96/6
f 365/97/6 366/95/6 381/96/6
f 365/97/6 381/96/6 382/98/6
f 365/97/6 382/98/6 383/99/6
f 364/100/6 365/97/6 383/99/6
f 364/100/6 383/99/6 384/101/6
f 363/102/6 364/100/6 384/101/6
f 363/102/6 384/101/6 394/103/6
f 394/103/6 384/101/6 393/104/6
f 393/104/6 384/101/6 392/105/6
f 392/105/6 384/101/6 391/106/6
f 391/106/6 384/101/6 390/107/6
f 390/107/6 384/101/6 389/108/6
f 389/108/6 384/101/6 388/109/6
f 388/109/6 384/101/6 387/110/6
f 387/110/6 384/101/6 386/111/6
f 386/111/6 384/101/6 385/112/6
f 362/113/6 363/102/6 396/114/6
f 396/114/6 363/102/6 395/115/6
f 395/115/6 363/102/6 394/103/6
f 361/116/6 362/113/6 398/117/6
f 398/117/6 362/113/6 397/118/6
f 397/118/9 362/113/9 396/114/9
f 361/116/6 398/117/6 399/119/6
f 361/116/6 399/119/6 400/120/6
f 360/121/6 361/116/6 400/120/6
f 360/121/6 400/120/6 401/122/6
f 360/121/6 401/122/6 402/123/6
f 411/90/6 359/78/6 360/121/6
f 411/90/6 360/121/6 406/124/6
f 406/124/6 360/121/6 405/125/6
f 405/125/6 360/121/6 404/126/6
f 404/126/6 360/121/6 403/127/6
f 403/127/6 360/121/6 402/123/6
f 411/90/6 406/124/6 407/128/6
f 411/90/6 407/128/6 408/129/6
f 411/90/6 408/129/6 409/130/6
f 411/90/6 409/130/6 410/131/6
f 424/132/6 425/134/6 426/133/6
f 423/135/6 424/132/6 426/133/6
f 422/136/6 423/135/6 426/133/6
f 422/136/6 426/133/6 427/137/6
f 421/138/6 422/136/6 427/137/6
f 420/139/6 421/138/6 427/137/6
f 419/140/6 420/139/6 427/137/6
f 419/140/6 427/137/6 428/141/6
f 418/142/6 419/140/6 428/141/6
f 417/143/6 418/142/6 428/141/6
f 416/144/6 417/143/6 428/141/6
f 416/144/6 428/141/6 429/145/6
f 415/146/6 416/144/6 429/145/6
f 414/78/6 415/146/6 429/145/6
f 414/78/6 429/145/6 430/147/6
f 560/24/6 414/78/6 430/147/6
f 559/148/6 560/24/6 558/149/6
f 558/149/6 560/24/6 557/150/6
f 557/150/6 560/24/6 556/151/6
f 556/151/6 560/24/6 555/152/6
f 555/152/6 560/24/6 430/147/6
f 555/152/6 430/147/6 554/153/6
f 554/153/6 430/147/6 553/154/6
f 553/154/6 430/147/6 431/155/6
f 553/154/10 431/155/10 552/156/10
f 552/156/6 431/155/6 551/157/6
f 551/157/6 431/155/6 432/158/6
f 551/157/6 432/158/6 550/159/6
f 550/159/6 432/158/6 549/160/6
f 549/160/6 432/158/6 548/161/6
f 548/161/6 432/158/6 433/162/6
f 548/161/6 433/162/6 547/163/6
f 547/163/6 433/162/6 546/164/6
f 546/164/6 433/162/6 434/165/6
f 545/166/6 546/164/6 434/165/6
f 544/167/6 545/166/6 434/165/6
f 543/168/6 544/167/6 434/165/6
f 543/168/6 434/165/6 435/169/6
f 542/170/6 543/168/6 435/169/6
f 541/171/6 542/170/6 435/169/6
f 540/172/6 541/171/6 435/169/6
f 540/172/6 435/169/6 436/173/6
f 539/174/6 540/172/6 436/173/6
f 538/175/6 539/174/6 436/173/6
f 538/175/6 436/173/6 437/176/6
f 537/177/6 538/175/6 437/176/6
f 536/178/6 537/177/6 437/176/6
f 536/178/6 437/176/6 438/179/6
f 535/180/6 536/178/6 438/179/6
f 534/181/6 535/180/6 438/179/6
f 534/181/6 438/179/6 439/182/6
f 533/183/6 534/181/6 439/182/6
f 533/183/6 439/182/6 440/184/6
f 532/185/6 533/183/6 440/184/6
f 532/185/6 440/184/6 441/186/6
f 531/187/6 532/185/6 441/186/6
f 531/187/6 441/186/6 442/188/6
f 530/189/6 531/187/6 442/188/6
f 530/189/6 442/188/6 443/190/6
f 529/191/6 530/189/6 443/190/6
f 528/192/6 529/191/6 443/190/6
f 528/192/6 443/190/6 444/193/6
f 527/194/6 528/192/6 444/193/6
f 527/194/6 444/193/6 445/195/6
f 526/196/6 527/194/6 445/195/6
f 525/197/6 526/196/6 445/195/6
f 524/198/6 525/197/6 445/195/6
f 524/198/6 445/195/6 446/199/6
f 523/200/6 524/198/6 446/199/6
f 522/201/6 523/200/6 446/199/6
f 522/201/6 446/199/6 447/202/6
f 522/201/6 447/202/6 448/203/6
f 522/201/6 448/203/6 449/204/6
f 522/201/6 449/204/6 450/205/6
f 522/201/6 450/205/6 451/206/6
f 522/201/6 451/206/6 452/207/6
f 522/201/6 452/207/6 453/208/6
f 522/201/6 453/208/6 454/209/6
f 522/201/6 454/209/6 521/210/6
f 521/210/6 454/209/6 455/211/6
f 520/212/6 521/210/6 455/211/6
f 519/213/6 520/212/6 455/211/6
f 518/214/6 519/213/6 455/211/6
f 518/214/6 455/211/6 456/215/6
f 517/216/6 518/214/6 456/215/6
f 516/217/6 517/216/6 456/215/6
f 516/217/6 456/215/6 457/218/6
f 515/219/6 516/217/6 457/218/6
f 515/219/6 457/218/6 458/220/6
f 514/221/6 515/219/6 458/220/6
f 513/222/6 514/221/6 458/220/6
f 513/222/6 458/220/6 459/223/6
f 512/224/6 513/222/6 459/223/6
f 512/224/6 459/223/6 460/225/6
f 511/226/6 512/224/6 460/225/6
f 511/226/6 460/225/6 461/227/6
f 510/228/6 511/226/6 461/227/6
f 510/228/6 461/227/6 462/229/6
f 509/230/6 510/228/6 462/229/6
f 508/231/6 509/230/6 462/229/6
f 508/231/6 462/229/6 463/232/6
f 507/233/6 508/231/6 463/232/6
f 506/234/6 507/233/6 463/232/6
f 506/234/6 463/232/6 464/235/6
f 485/236/6 486/237/6 487/111/6
f 505/238/6 506/234/6 464/235/6
f 485/236/6 487/111/6 488/239/6
f 504/240/6 505/238/6 464/235/6
f 485/236/6 488/239/6 489/241/6
f 504/240/6 464/235/6 465/242/6
f 503/243/6 504/240/6 465/242/6
f 485/236/6 489/241/6 490/244/6
f 485/236/6 490/244/6 491/245/6
f 502/246/6 503/243/6 465/242/6
f 485/236/6 491/245/6 492/247/6
f 501/248/6 502/246/6 465/242/6
f 485/236/6 492/247/6 493/249/6
f 485/236/6 493/249/6 494/250/6
f 500/251/6 501/248/6 465/242/6
f 500/251/6 465/242/6 466/252/6
f 485/236/6 494/250/6 495/253/6
f 499/254/6 500/251/6 466/252/6
f 485/236/6 495/253/6 496/255/6
f 485/236/6 496/255/6 497/256/6
f 498/257/6 499/254/6 466/252/6
f 485/236/6 497/256/6 498/257/6
f 485/236/6 498/257/6 466/252/6
f 485/236/6 466/252/6 467/258/6
f 485/236/6 467/258/6 468/259/6
f 485/236/6 468/259/6 469/260/6
f 484/261/6 485/236/6 469/260/6
f 483/262/6 484/261/6 469/260/6
f 482/263/6 483/262/6 469/260/6
f 482/263/6 469/260/6 470/264/6
f 481/265/6 482/263/6 470/264/6
f 480/266/6 481/265/6 470/264/6
f 480/266/6 470/264/6 471/267/6
f 479/268/6 480/266/6 471/267/6
f 478/269/6 479/268/6 471/267/6
f 477/270/6 478/269/6 471/267/6
f 477/270/6 471/267/6 472/271/6
f 476/272/6 477/270/6 472/271/6
f 475/273/6 476/272/6 472/271/6
f 475/273/6 472/271/6 473/274/6
f 474/275/6 475/273/6 473/274/6
s 1
f 562/276/11 574/277/12 573/278/13 561/78/14
f 563/279/15 575/280/16 574/277/12 562/276/11
f 564/281/17 576/282/18 575/280/16 563/279/15
f 565/283/19 577/284/20 576/282/18 564/281/17
f 566/285/21 578/286/22 577/284/20 565/283/19
f 567/287/23 579/288/24 578/286/22 566/285/21
f 568/289/25 580/290/26 579/288/24 567/287/23
f 569/291/27 581/292/28 580/290/26 568/289/25
f 570/293/29 582/294/30 581/292/28 569/291/27
f 571/295/31 583/296/32 582/294/30 570/293/29
f 572/297/33 584/298/34 583/296/32 571/295/31
f 574/277/12 586/299/35 585/300/36 573/278/13
f 575/280/16 587/301/37 586/299/35 574/277/12
f 576/282/18 588/302/38 587/301/37 575/280/16
f 577/284/20 589/303/39 588/302/38 576/282/18
f 578/286/22 590/304/40 589/303/39 577/284/20
f 579/288/24 591/305/41 590/304/40 578/286/22
f 580/290/26 592/306/42 591/305/41 579/288/24
f 581/292/28 593/307/43 592/306/42 580/290/26
f 582/294/30 594/308/44 593/307/43 581/292/28
f 583/296/32 595/309/45 594/308/44 582/294/30
f 584/298/34 596/310/46 595/309/45 583/296/32
f 586/299/35 598/311/47 597/312/48 585/300/36
f 587/301/37 599/313/49 598/311/47 586/299/35
f 588/302/38 600/314/50 599/313/49 587/301/37
f 589/303/39 601/315/51 600/314/50 588/302/38
f 590/304/40 602/316/52 601/315/51 589/303/39
f 591/305/41 603/317/53 602/316/52 590/304/40
f 592/306/42 604/318/54 603/317/53 591/305/41
f 593/307/43 605/319/55 604/318/54 592/306/42
f 594/308/44 606/320/56 605/319/55 593/307/43
f 595/309/45 607/321/57 606/320/56 594/308/44
f 596/310/46 608/322/58 607/321/57 595/309/45
f 598/311/47 610/323/59 609/324/60 597/312/48
f 599/313/49 611/325/61 610/323/59 598/311/47
f 600/314/50 612/326/62 611/325/61 599/313/49
f 601/315/51 613/327/63 612/326/62 600/314/50
f 602/316/52 614/328/64 613/327/63 601/315/51
f 603/317/53 615/329/65 614/328/64 602/316/52
f 604/318/54 616/330/66 615/329/65 603/317/53
f 605/319/55 617/331/67 616/330/66 604/318/54
f 606/320/56 618/332/68 617/331/67 605/319/55
f 607/321/57 619/333/69 618/332/68 606/320/56
f 608/322/58 620/334/70 619/333/69 607/321/57
f 610/323/59 622/335/71 621/336/72 609/324/60
f 611/325/61 623/337/73 622/335/71 610/323/59
f 612/326/62 624/338/74 623/337/73 611/325/61
f 613/327/63 625/339/75 624/338/74 612/326/62
f 614/328/64 626/340/76 625/339/75 613/327/63
f 615/329/65 627/341/77 626/340/76 614/328/64
f 616/330/66 628/342/78 627/341/77 615/329/65
f 617/331/67 629/343/79 628/342/78 616/330/66
f 618/332/68 630/344/80 629/343/79 617/331/67
f 619/333/69 631/345/81 630/344/80 618/332/68
f 620/334/70 632/346/82 631/345/81 619/333/69
f 622/335/71 634/347/83 633/348/84 621/336/72
f 623/337/73 635/349/85 634/347/83 622/335/71
f 624/338/74 636/350/86 635/349/85 623/337/73
f 625/339/75 637/351/87 636/350/86 624/338/74
f 626/340/76 638/352/88 637/351/87 625/339/75
f 627/341/77 639/353/89 638/352/88 626/340/76
f 628/342/78 640/354/90 639/353/89 627/341/77
f 629/343/79 641/355/91 640/354/90 628/342/78
f 630/344/80 642/356/92 641/355/91 629/343/79
f 631/345/81 643/357/93 642/356/92 630/344/80
f 632/346/82 644/358/94 643/357/93 631/345/81
f 634/347/83 646/359/95 645/360/96 633/348/84
f 635/349/85 647/361/97 646/359/95 634/347/83
f 636/350/86 648/362/98 647/361/97 635/349/85
f 637/351/87 649/363/99 648/362/98 636/350/86
f 638/352/88 650/364/100 649/363/99 637/351/87
f 639/353/89 651/365/101 650/364/100 638/352/88
f 640/354/90 652/366/102 651/365/101 639/353/89
f 641/355/91 653/367/103 652/366/102 640/354/90
f 642/356/92 654/368/104 653/367/103 641/355/91
f 643/357/93 655/369/105 654/368/104 642/356/92
f 644/358/94 656/370/106 655/369/105 643/357/93
f 646/359/95 658/371/107 657/372/108 645/360/96
f 647/361/97 659/373/109 658/371/107 646/359/95
f 648/362/98 660/374/110 659/373/109 647/361/97
f 649/363/99 661/375/111 660/374/110 648/362/98
f 650/364/100 662/376/112 661/375/111 649/363/99
f 651/365/101 663/377/113 662/376/112 650/364/100
f 652/366/102 664/378/114 663/377/113 651/365/101
f 653/367/103 665/379/115 664/378/114 652/366/102
f 654/368/104 666/380/116 665/379/115 653/367/103
f 655/369/105 667/381/117 666/380/116 654/368/104
f 656/370/106 668/382/118 667/381/117 655/369/105
f 658/371/107 670/383/119 669/384/120 657/372/108
f 659/373/109 671/385/121 670/383/119 658/371/107
f 660/374/110 672/386/122 671/385/121 659/373/109
f 661/375/111 673/387/123 672/386/122 660/374/110
f 662/376/112 674/388/124 673/387/123 661/375/111
f 663/377/113 675/389/125 674/388/124 662/376/112
f 664/378/114 676/390/126 675/389/125 663/377/113
f 665/379/115 677/391/127 676/390/126 664/378/114
f 666/380/116 678/392/128 677/391/127 665/379/115
f 667/381/117 679/393/129 678/392/128 666/380/116
f 668/382/118 680/394/130 679/393/129 667/381/117
f 670/383/119 682/395/131 681/396/132 669/384/120
f 671/385/121 683/397/133 682/395/131 670/383/119
f 672/386/122 684/398/134 683/397/133 671/385/121
f 673/387/123 685/399/135 684/398/134 672/386/122
f 674/388/124 686/400/136 685/399/135 673/387/123
f 675/389/125 687/401/137 686/400/136 674/388/124
f 676/390/126 688/402/138 687/401/137 675/389/125
f 677/391/127 689/403/139 688/402/138 676/390/126
f 678/392/128 690/404/140 689/403/139 677/391/127
f 679/393/129 691/405/141 690/404/140 678/392/128
f 680/394/130 692/406/142 691/405/141 679/393/129
f 682/395/131 694/407/143 693/408/144 681/396/132
f 683/397/133 695/409/145 694/407/143 682/395/131
f 684/398/134 696/410/146 695/409/145 683/397/133
f 685/399/135 697/411/147 696/410/146 684/398/134
f 686/400/136 698/412/148 697/411/147 685/399/135
f 687/401/137 699/413/149 698/412/148 686/400/136
f 688/402/138 700/414/150 699/413/149 687/401/137
f 689/403/139 701/415/151 700/414/150 688/402/138
f 690/404/140 702/416/152 701/415/151 689/403/139
f 691/405/141 703/417/153 702/416/152 690/404/140
f 692/406/142 704/418/154 703/417/153 691/405/141
f 694/407/143 706/419/155 705/420/156 693/408/144
f 695/409/145 707/421/157 706/419/155 694/407/143
f 696/410/146 708/422/158 707/421/157 695/409/145
f 697/411/147 709/423/159 708/422/158 696/410/146
f 698/412/148 710/424/160 709/423/159 697/411/147
f 699/413/149 711/425/161 710/424/160 698/412/148
f 700/414/150 712/426/162 711/425/161 699/413/149
f 701/415/151 713/427/163 712/426/162 700/414/150
f 702/416/152 714/428/164 713/427/163 701/415/151
f 703/417/153 715/429/165 714/428/164 702/416/152
f 704/418/154 716/430/166 715/429/165 703/417/153
f 706/419/155 718/431/167 717/432/168 705/420/156
f 707/421/157 719/433/169 718/431/167 706/419/155
f 708/422/158 720/434/170 719/433/169 707/421/157
f 709/423/159 721/435/171 720/434/170 708/422/158
f 710/424/160 722/436/172 721/435/171 709/423/159
f 711/425/161 723/437/173 722/436/172 710/424/160
f 712/426/162 724/438/174 723/437/173 711/425/161
f 713/427/163 725/439/175 724/438/174 712/426/162
f 714/428/164 726/440/176 725/439/175 713/427/163
f 715/429/165 727/441/177 726/440/176 714/428/164
f 716/430/166 728/442/178 727/441/177 715/429/165
f 718/431/167 730/443/179 729/444/180 717/432/168
f 719/433/169 731/445/181 730/443/179 718/431/167
f 720/434/170 732/446/182 731/445/181 719/433/169
f 721/435/171 733/447/183 732/446/182 720/434/170
f 722/436/172 734/448/184 733/447/183 721/435/171
f 723/437/173 735/449/185 734/448/184 722/436/172
f 724/438/174 736/450/186 735/449/185 723/437/173
f 725/439/175 737/451/187 736/450/186 724/438/174
f 726/440/176 738/452/188 737/451/187 725/439/175
f 727/441/177 739/453/189 738/452/188 726/440/176
f 728/442/178 740/454/190 739/453/189 727/441/177
f 730/443/179 742/455/191 741/456/192 729/444/180
f 731/445/181 743/457/193 742/455/191 730/443/179
f 732/446/182 744/458/194 743/457/193 731/445/181
f 733/447/183 745/459/195 744/458/194 732/446/182
f 734/448/184 746/460/196 745/459/195 733/447/183
f 735/449/185 747/461/197 746/460/196 734/448/184
f 736/450/186 748/462/198 747/461/197 735/449/185
f 737/451/187 749/463/199 748/462/198 736/450/186
f 738/452/188 750/464/200 749/463/199 737/451/187
f 739/453/189 751/465/201 750/464/200 738/452/188
f 740/454/190 752/466/202 751/465/201 739/453/189
f 742/455/191 754/467/203 753/468/204 741/456/192
f 743/457/193 755/469/205 754/467/203 742/455/191
f 744/458/194 756/470/206 755/469/205 743/457/193
f 745/459/195 757/471/207 756/470/206 744/458/194
f 746/460/196 758/472/208 757/471/207 745/459/195
f 747/461/197 759/473/209 758/472/208 746/460/196
f 748/462/198 760/474/210 759/473/209 747/461/197
f 749/463/199 761/475/211 760/474/210 748/462/198
f 750/464/200 762/476/212 761/475/211 749/463/199
f 751/465/201 763/477/213 762/476/212 750/464/200
f 752/466/202 764/478/214 763/477/213 751/465/201
f 754/467/203 766/479/215 765/480/216 753/468/204
f 755/469/205 767/481/217 766/479/215 754/467/203
f 756/470/206 768/482/218 767/481/217 755/469/205
f 757/471/207 769/483/219 768/482/218 756/470/206
f 758/472/208 770/484/220 769/483/219 757/471/207
f 759/473/209 771/485/221 770/484/220 758/472/208
f 760/474/210 772/486/222 771/485/221 759/473/209
f 761/475/211 773/487/223 772/486/222 760/474/210
f 762/476/212 774/488/224 773/487/223 761/475/211
f 763/477/213 775/489/225 774/488/224 762/476/212
f 764/478/214 776/490/226 775/489/225 763/477/213
f 766/479/215 778/491/227 777/492/228 765/480/216
f 767/481/217 779/493/229 778/491/227 766/479/215
f 768/482/218 780/494/230 779/493/229 767/481/217
f 769/483/219 781/495/231 780/494/230 768/482/218
f 770/484/220 782/496/232 781/495/231 769/483/219
f 771/485/221 783/497/233 782/496/232 770/484/220
f 772/486/222 784/498/234 783/497/233 771/485/221
f 773/487/223 785/499/235 784/498/234 772/486/222
f 774/488/224 786/500/236 785/499/235 773/487/223
f 775/489/225 787/501/237 786/500/236 774/488/224
f 776/490/226 788/502/238 787/501/237 775/489/225
f 778/491/227 790/503/239 789/504/240 777/492/228
f 779/493/229 791/505/241 790/503/239 778/491/227
f 780/494/230 792/506/242 791/505/241 779/493/229
f 781/495/231 793/507/243 792/506/242 780/494/230
f 782/496/232 794/508/244 793/507/243 781/495/231
f 783/497/233 795/509/245 794/508/244 782/496/232
f 784/498/234 796/510/246 795/509/245 783/497/233
f 785/499/235 797/511/247 796/510/246 784/498/234
f 786/500/236 798/512/248 797/511/247 785/499/235
f 787/501/237 799/513/249 798/512/248 786/500/236
f 788/502/238 800/514/250 799/513/249 787/501/237
f 790/503/239 802/515/251 801/516/252 789/504/240
f 791/505/241 803/517/253 802/515/251 790/503/239
f 792/506/242 804/518/254 803/517/253 791/505/241
f 793/507/243 805/519/255 804/518/254 792/506/242
f 794/508/244 806/520/256 805/519/255 793/507/243
f 795/509/245 807/521/257 806/520/256 794/508/244
f 796/510/246 808/522/258 807/521/257 795/509/245
f 797/511/247 809/523/259 808/522/258 796/510/246
f 798/512/248 810/524/260 809/523/259 797/511/247
f 799/513/249 811/525/261 810/524/260 798/512/248
f 800/514/250 812/526/262 811/525/261 799/513/249
f 802/515/251 814/527/263 813/55/264 801/516/252
f 803/517/253 815/528/265 814/527/263 802/515/251
f 804/518/254 816/529/266 815/528/265 803/517/253
f 805/519/255 817/530/267 816/529/266 804/518/254
f 806/520/256 818/531/268 817/530/267 805/519/255
f 807/521/257 819/532/269 818/531/268 806/520/256
f 808/522/258 820/533/270 819/532/269 807/521/257
f 809/523/259 821/534/271 820/533/270 808/522/258
f 810/524/260 822/535/272 821/534/271 809/523/259
f 811/525/261 823/536/273 822/535/272 810/524/260
f 812/526/262 824/537/274 823/536/273 811/525/261
f 814/527/263 826/538/275 825/539/276 813/55/264
f 815/528/265 827/540/277 826/538/275 814/527/263
f 816/529/266 828/541/278 827/540/277 815/528/265
f 817/530/267 829/542/279 828/541/278 816/529/266
f 818/531/268 830/543/280 829/542/279 817/530/267
f 819/532/269 831/544/281 830/543/280 818/531/268
f 820/533/270 832/545/282 831/544/281 819/532/269
f 821/534/271 833/546/283 832/545/282 820/533/270
f 822/535/272 834/547/284 833/546/283 821/534/271
f 823/536/273 835/548/285 834/547/284 822/535/272
f 824/537/274 836/549/286 835/548/285 823/536/273
f 826/538/275 838/550/287 837/551/288 825/539/276
f 827/540/277 839/552/289 838/550/287 826/538/275
f 828/541/278 840/553/290 839/552/289 827/540/277
f 829/542/279 841/554/291 840/553/290 828/541/278
f 830/543/280 842/555/292 841/554/291 829/542/279
f 831/544/281 843/556/293 842/555/292 830/543/280
f 832/545/282 844/557/294 843/556/293 831/544/281
f 833/546/283 845/558/295 844/557/294 832/545/282
f 834/547/284 846/559/296 845/558/295 833/546/283
f 835/548/285 847/560/297 846/559/296 834/547/284
f 836/549/286 848/561/298 847/560/297 835/548/285
f 838/550/287 850/562/299 849/563/300 837/551/288
f 839/552/289 851/564/301 850/562/299 838/550/287
f 840/553/290 852/565/302 851/564/301 839/552/289
f 841/554/291 853/566/303 852/565/302 840/553/290
f 842/555/292 854/567/304 853/566/303 841/554/291
f 843/556/293 855/568/305 854/567/304 842/555/292
f 844/557/294 856/569/306 855/568/305 843/556/293
f 845/558/295 857/570/307 856/569/306 844/557/294
f 846/559/296 858/571/308 857/570/307 845/558/295
f 847/560/297 859/572/309 858/571/308 846/559/296
f 848/561/298 860/573/310 859/572/309 847/560/297
f 850/562/299 862/574/311 861/575/312 849/563/300
f 851/564/301 863/576/313 862/574/311 850/562/299
f 852/565/302 864/577/314 863/576/313 851/564/301
f 853/566/303 865/578/315 864/577/314 852/565/302
f 854/567/304 866/579/316 865/578/315 853/566/303
f 855/568/305 867/580/317 866/579/316 854/567/304
f 856/569/306 868/581/318 867/580/317 855/568/305
f 857/570/307 869/582/319 868/581/318 856/569/306
f 858/571/308 870/583/320 869/582/319 857/570/307
f 859/572/309 871/584/321 870/583/320 858/571/308
f 860/573/310 872/585/322 871/584/321 859/572/309
f 862/574/311 874/586/323 873/587/324 861/575/312
f 863/576/313 875/588/325 874/586/323 862/574/311
f 864/577/314 876/589/326 875/588/325 863/576/313
f 865/578/315 877/590/327 876/589/326 864/577/314
f 866/579/316 878/591/328 877/590/327 865/578/315
f 867/580/317 879/592/329 878/591/328 866/579/316
f 868/581/318 880/593/330 879/592/329 867/580/317
f 869/582/319 881/594/331 880/593/330 868/581/318
f 870/583/320 882/595/332 881/594/331 869/582/319
f 871/584/321 883/596/333 882/595/332 870/583/320
f 872/585/322 884/597/334 883/596/333 871/584/321
f 874/586/323 886/598/335 885/599/336 873/587/324
f 875/588/325 887/600/337 886/598/335 874/586/323
f 876/589/326 888/601/338 887/600/337 875/588/325
f 877/590/327 889/602/339 888/601/338 876/589/326
f 878/591/328 890/603/340 889/602/339 877/590/327
f 879/592/329 891/604/341 890/603/340 878/591/328
f 880/593/330 892/605/342 891/604/341 879/592/329
f 881/594/331 893/606/343 892/605/342 880/593/330
f 882/595/332 894/607/344 893/606/343 881/594/331
f 883/596/333 895/608/345 894/607/344 882/595/332
f 884/597/334 896/609/346 895/608/345 883/596/333
f 886/598/335 898/610/347 897/611/348 885/599/336
f 887/600/337 899/612/349 898/610/347 886/598/335
f 888/601/338 900/613/350 899/612/349 887/600/337
f 889/602/339 901/614/351 900/613/350 888/601/338
f 890/603/340 902/615/352 901/614/351 889/602/339
f 891/604/341 903/616/353 902/615/352 890/603/340
f 892/605/342 904/617/354 903/616/353 891/604/341
f 893/606/343 905/618/355 904/617/354 892/605/342
f 894/607/344 906/619/356 905/618/355 893/606/343
f 895/608/345 907/620/357 906/619/356 894/607/344
f 896/609/346 908/621/358 907/620/357 895/608/345
f 898/610/347 910/622/359 909/623/360 897/611/348
f 899/612/349 911/624/361 910/622/359 898/610/347
f 900/613/350 912/625/362 911/624/361 899/612/349
f 901/614/351 913/626/363 912/625/362 900/613/350
f 902/615/352 914/627/364 913/626/363 901/614/351
f 903/616/353 915/628/365 914/627/364 902/615/352
f 904/617/354 916/629/366 915/628/365 903/616/353
f 905/618/355 917/630/367 916/629/366 904/617/354
f 906/619/356 918/631/368 917/630/367 905/618/355
f 907/620/357 919/632/369 918/631/368 906/619/356
f 908/621/358 920/633/370 919/632/369 907/620/357
f 910/622/359 922/634/371 921/635/372 909/623/360
f 911/624/361 923/636/373 922/634/371 910/622/359
f 912/625/362 924/637/374 923/636/373 911/624/361
f 913/626/363 925/638/375 924/637/374 912/625/362
f 914/627/364 926/639/376 925/638/375 913/626/363
f 915/628/365 927/640/377 926/639/376 914/627/364
f 916/629/366 928/641/378 927/640/377 915/628/365
f 917/630/367 929/642/379 928/641/378 916/629/366
f 918/631/368 930/643/380 929/642/379 917/630/367
f 919/632/369 931/644/381 930/643/380 918/631/368
f 920/633/370 932/645/382 931/644/381 919/632/369
f 922/634/371 934/646/383 933/647/384 921/635/372
f 923/636/373 935/648/385 934/646/383 922/634/371
f 924/637/374 936/649/386 935/648/385 923/636/373
f 925/638/375 937/650/387 936/649/386 924/637/374
f 926/639/376 938/651/388 937/650/387 925/638/375
f 927/640/377 939/652/389 938/651/388 926/639/376
f 928/641/378 940/653/390 939/652/389 927/640/377
f 929/642/379 941/654/391 940/653/390 928/641/378
f 930/643/380 942/655/392 941/654/391 929/642/379
f 931/644/381 943/656/393 942/655/392 930/643/380
f 932/645/382 944/657/394 943/656/393 931/644/381
f 934/646/383 946/658/395 945/659/396 933/647/384
f 935/648/385 947/660/397 946/658/395 934/646/383
f 936/649/386 948/661/398 947/660/397 935/648/385
f 937/650/387 949/662/399 948/661/398 936/649/386
f 938/651/388 950/663/400 949/662/399 937/650/387
f 939/652/389 951/664/401 950/663/400 938/651/388
f 940/653/390 952/665/402 951/664/401 939/652/389
f 941/654/391 953/666/403 952/665/402 940/653/390
f 942/655/392 954/667/404 953/666/403 941/654/391
f 943/656/393 955/668/405 954/667/404 942/655/392
f 944/657/394 956/669/406 955/668/405 943/656/393
f 946/658/395 958/670/407 957/671/408 945/659/396
f 947/660/397 959/672/409 958/670/407 946/658/395
f 948/661/398 960/673/410 959/672/409 947/660/397
f 949/662/399 961/674/411 960/673/410 948/661/398
f 950/663/400 962/675/412 961/674/411 949/662/399
f 951/664/401 963/676/413 962/675/412 950/663/400
f 952/665/402 964/677/414 963/676/413 951/664/401
f 953/666/403 965/678/415 964/677/414 952/665/402
f 954/667/404 966/679/416 965/678/415 953/666/403
f 955/668/405 967/680/417 966/679/416 954/667/404
f 956/669/406 968/681/418 967/680/417 955/668/405
f 958/670/407 970/682/419 969/683/420 957/671/408
f 959/672/409 971/684/421 970/682/419 958/670/407
f 960/673/410 972/685/422 971/684/421 959/672/409
f 961/674/411 973/686/423 972/685/422 960/673/410
f 962/675/412 974/687/424 973/686/423 961/674/411
f 963/676/413 975/688/425 974/687/424 962/675/412
f 964/677/414 976/689/426 975/688/425 963/676/413
f 965/678/415 977/690/427 976/689/426 964/677/414
f 966/679/416 978/691/428 977/690/427 965/678/415
f 967/680/417 979/692/429 978/691/428 966/679/416
f 968/681/418 980/693/430 979/692/429 967/680/417
f 970/682/419 982/694/431 981/695/432 969/683/420
f 971/684/421 983/696/433 982/694/431 970/682/419
f 972/685/422 984/697/434 983/696/433 971/684/421
f 973/686/423 985/698/435 984/697/434 972/685/422
f 974/687/424 986/699/436 985/698/435 973/686/423
f 975/688/425 987/700/437 986/699/436 974/687/424
f 976/689/426 988/701/438 987/700/437 975/688/425
f 977/690/427 989/702/439 988/701/438 976/689/426
f 978/691/428 990/703/440 989/702/439 977/690/427
f 979/692/429 991/704/441 990/703/440 978/691/428
f 980/693/430 992/705/442 991/704/441 979/692/429
f 982/694/431 994/706/443 993/707/444 981/695/432
f 983/696/433 995/708/445 994/706/443 982/694/431
f 984/697/434 996/709/446 995/708/445 983/696/433
f 985/698/435 997/710/447 996/709/446 984/697/434
f 986/699/436 998/711/448 997/710/447 985/698/435
f 987/700/437 999/712/449 998/711/448 986/699/436
f 988/701/438 1000/713/450 999/712/449 987/700/437
f 989/702/439 1001/714/451 1000/713/450 988/701/438
f 990/703/440 1002/715/452 1001/714/451 989/702/439
f 991/704/441 1003/716/453 1002/715/452 990/703/440
f 992/705/442 1004/717/454 1003/716/453 991/704/441
f 994/706/443 1006/718/455 1005/719/456 993/707/444
f 995/708/445 1007/720/457 1006/718/455 994/706/443
f 996/709/446 1008/721/458 1007/720/457 995/708/445
f 997/710/447 1009/722/459 1008/721/458 996/709/446
f 998/711/448 1010/723/460 1009/722/459 997/710/447
f 999/712/449 1011/724/461 1010/723/460 998/711/448
f 1000/713/450 1012/725/462 1011/724/461 999/712/449
f 1001/714/451 1013/726/463 1012/725/462 1000/713/450
f 1002/715/452 1014/727/464 1013/726/463 1001/714/451
f 1003/716/453 1015/728/465 1014/727/464 1002/715/452
f 1004/717/454 1016/729/466 1015/728/465 1003/716/453
f 1006/718/455 1018/730/467 1017/731/468 1005/719/456
f 1007/720/457 1019/732/469 1018/730/467 1006/718/455
f 1008/721/458 1020/733/470 1019/732/469 1007/720/457
f 1009/722/459 1021/734/471 1020/733/470 1008/721/458
f 1010/723/460 1022/735/472 1021/734/471 1009/722/459
f 1011/724/461 1023/736/473 1022/735/472 1010/723/460
f 1012/725/462 1024/737/474 1023/736/473 1011/724/461
f 1013/726/463 1025/738/475 1024/737/474 1012/725/462
f 1014/727/464 1026/739/476 1025/738/475 1013/726/463
f 1015/728/465 1027/740/477 1026/739/476 1014/727/464
f 1016/729/466 1028/741/478 1027/740/477 1015/728/465
f 1018/730/467 1030/742/479 1029/743/480 1017/731/468
f 1019/732/469 1031/744/481 1030/742/479 1018/730/467
f 1020/733/470 1032/745/482 1031/744/481 1019/732/469
f 1021/734/471 1033/746/483 1032/745/482 1020/733/470
f 1022/735/472 1034/747/484 1033/746/483 1021/734/471
f 1023/736/473 1035/748/485 1034/747/484 1022/735/472
f 1024/737/474 1036/749/486 1035/748/485 1023/736/473
f 1025/738/475 1037/750/487 1036/749/486 1024/737/474
f 1026/739/476 1038/751/488 1037/750/487 1025/738/475
f 1027/740/477 1039/752/489 1038/751/488 1026/739/476
f 1028/741/478 1040/753/490 1039/752/489 1027/740/477
f 1030/742/479 1042/754/491 1041/755/492 1029/743/480
f 1031/744/481 1043/756/493 1042/754/491 1030/742/479
f 1032/745/482 1044/757/494 1043/756/493 1031/744/481
f 1033/746/483 1045/758/495 1044/757/494 1032/745/482
f 1034/747/484 1046/759/496 1045/758/495 1033/746/483
f 1035/748/485 1047/760/497 1046/759/496 1034/747/484
f 1036/749/486 1048/761/498 1047/760/497 1035/748/485
f 1037/750/487 1049/762/499 1048/761/498 1036/749/486
f 1038/751/488 1050/763/500 1049/762/499 1037/750/487
f 1039/752/489 1051/764/501 1050/763/500 1038/751/488
f 1040/753/490 1052/765/502 1051/764/501 1039/752/489
f 1042/754/491 1054/766/503 1053/767/504 1041/755/492
f 1043/756/493 1055/768/505 1054/766/503 1042/754/491
f 1044/757/494 1056/769/506 1055/768/505 1043/756/493
f 1045/758/495 1057/770/507 1056/769/506 1044/757/494
f 1046/759/496 1058/771/508 1057/770/507 1045/758/495
f 1047/760/497 1059/772/509 1058/771/508 1046/759/496
f 1048/761/498 1060/773/510 1059/772/509 1047/760/497
f 1049/762/499 1061/774/511 1060/773/510 1048/761/498
f 1050/763/500 1062/775/512 1061/774/511 1049/762/499
f 1051/764/501 1063/776/513 1062/775/512 1050/763/500
f 1052/765/502 1064/777/514 1063/776/513 1051/764/501
f 1054/766/503 1066/778/515 1065/12/516 1053/767/504
f 1055/768/505 1067/779/517 1066/778/515 1054/766/503
f 1056/769/506 1068/780/518 1067/779/517 1055/768/505
f 1057/770/507 1069/781/519 1068/780/518 1056/769/506
f 1058/771/508 1070/782/520 1069/781/519 1057/770/507
f 1059/772/509 1071/783/521 1070/782/520 1058/771/508
f 1060/773/510 1072/784/522 1071/783/521 1059/772/509
f 1061/774/511 1073/785/523 1072/784/522 1060/773/510
f 1062/775/512 1074/786/524 1073/785/523 1061/774/511
f 1063/776/513 1075/787/525 1074/786/524 1062/775/512
f 1064/777/514 1076/788/526 1075/787/525 1063/776/513
f 1066/778/515 1078/789/527 1077/790/528 1065/12/516
f 1067/779/517 1079/791/529 1078/789/527 1066/778/515
f 1068/780/518 1080/792/530 1079/791/529 1067/779/517
f 1069/781/519 1081/793/531 1080/792/530 1068/780/518
f 1070/782/520 1082/794/532 1081/793/531 1069/781/519
f 1071/783/521 1083/795/533 1082/794/532 1070/782/520
f 1072/784/522 1084/796/534 1083/795/533 1071/783/521
f 1073/785/523 1085/797/535 1084/796/534 1072/784/522
f 1074/786/524 1086/798/536 1085/797/535 1073/785/523
f 1075/787/525 1087/799/537 1086/798/536 1074/786/524
f 1076/788/526 1088/800/538 1087/799/537 1075/787/525
f 1078/789/527 1090/801/539 1089/802/540 1077/790/528
f 1079/791/529 1091/803/541 1090/801/539 1078/789/527
f 1080/792/530 1092/804/542 1091/803/541 1079/791/529
f 1081/793/531 1093/805/543 1092/804/542 1080/792/530
f 1082/794/532 1094/806/544 1093/805/543 1081/793/531
f 1083/795/533 1095/807/545 1094/806/544 1082/794/532
f 1084/796/534 1096/808/546 1095/807/545 1083/795/533
f 1085/797/535 1097/809/547 1096/808/546 1084/796/534
f 1086/798/536 1098/810/548 1097/809/547 1085/797/535
f 1087/799/537 1099/811/549 1098/810/548 1086/798/536
f 1088/800/538 1100/812/550 1099/811/549 1087/799/537
f 1090/801/539 1102/813/551 1101/814/552 1089/802/540
f 1091/803/541 1103/815/553 1102/813/551 1090/801/539
f 1092/804/542 1104/816/554 1103/815/553 1091/803/541
f 1093/805/543 1105/817/555 1104/816/554 1092/804/542
f 1094/806/544 1106/818/556 1105/817/555 1093/805/543
f 1095/807/545 1107/819/557 1106/818/556 1094/806/544
f 1096/808/546 1108/820/558 1107/819/557 1095/807/545
f 1097/809/547 1109/821/559 1108/820/558 1096/808/546
f 1098/810/548 1110/822/560 1109/821/559 1097/809/547
f 1099/811/549 1111/823/561 1110/822/560 1098/810/548
f 1100/812/550 1112/824/562 1111/823/561 1099/811/549
f 1102/813/551 1114/825/563 1113/826/564 1101/814/552
f 1103/815/553 1115/827/565 1114/825/563 1102/813/551
f 1104/816/554 1116/828/566 1115/827/565 1103/815/553
f 1105/817/555 1117/829/567 1116/828/566 1104/816/554
f 1106/818/556 1118/830/568 1117/829/567 1105/817/555
f 1107/819/557 1119/831/569 1118/830/568 1106/818/556
f 1108/820/558 1120/832/570 1119/831/569 1107/819/557
f 1109/821/559 1121/833/571 1120/832/570 1108/820/558
f 1110/822/560 1122/834/572 1121/833/571 1109/821/559
f 1111/823/561 1123/835/573 1122/834/572 1110/822/560
f 1112/824/562 1124/836/574 1123/835/573 1111/823/561
f 1114/825/563 1126/837/575 1125/838/576 1113/826/564
f 1115/827/565 1127/839/577 1126/837/575 1114/825/563
f 1116/828/566 1128/840/578 1127/839/577 1115/827/565
f 1117/829/567 1129/841/579 1128/840/578 1116/828/566
f 1118/830/568 1130/842/580 1129/841/579 1117/829/567
f 1119/831/569 1131/843/581 1130/842/580 1118/830/568
f 1120/832/570 1132/844/582 1131/843/581 1119/831/569
f 1121/833/571 1133/845/583 1132/844/582 1120/832/570
f 1122/834/572 1134/846/584 1133/845/583 1121/833/571
f 1123/835/573 1135/847/585 1134/846/584 1122/834/572
f 1124/836/574 1136/848/586 1135/847/585 1123/835/573
f 1126/837/575 1138/849/587 1137/850/588 1125/838/576
f 1127/839/577 1139/851/589 1138/849/587 1126/837/575
f 1128/840/578 1140/852/590 1139/851/589 1127/839/577
f 1129/841/579 1141/853/591 1140/852/590 1128/840/578
f 1130/842/580 1142/854/592 1141/853/591 1129/841/579
f 1131/843/581 1143/855/593 1142/854/592 1130/842/580
f 1132/844/582 1144/856/594 1143/855/593 1131/843/581
f 1133/845/583 1145/857/595 1144/856/594 1132/844/582
f 1134/846/584 1146/858/596 1145/857/595 1133/845/583
f 1135/847/585 1147/859/597 1146/858/596 1134/846/584
f 1136/848/586 1148/860/598 1147/859/597 1135/847/585
f 1138/849/587 1150/861/599 1149/87/600 1137/850/588
f 1139/851/589 1151/862/601 1150/861/599 1138/849/587
f 1140/852/590 1152/863/602 1151/862/601 1139/851/589
f 1141/853/591 1153/864/603 1152/863/602 1140/852/590
f 1142/854/592 1154/865/604 1153/864/603 1141/853/591
f 1143/855/593 1155/866/605 1154/865/604 1142/854/592
f 1144/856/594 1156/867/606 1155/866/605 1143/855/593
f 1145/857/595 1157/868/607 1156/867/606 1144/856/594
f 1146/858/596 1158/869/608 1157/868/607 1145/857/595
f 1147/859/597 1159/870/609 1158/869/608 1146/858/596
f 1148/860/598 1160/871/610 1159/870/609 1147/859/597
f 1150/861/599 1162/872/611 1161/873/612 1149/87/600
f 1151/862/601 1163/874/613 1162/872/611 1150/861/599
f 1152/863/602 1164/875/614 1163/874/613 1151/862/601
f 1153/864/603 1165/876/615 1164/875/614 1152/863/602
f 1154/865/604 1166/877/616 1165/876/615 1153/864/603
f 1155/866/605 1167/878/617 1166/877/616 1154/865/604
f 1156/867/606 1168/879/618 1167/878/617 1155/866/605
f 1157/868/607 1169/880/619 1168/879/618 1156/867/606
f 1158/869/608 1170/881/620 1169/880/619 1157/868/607
f 1159/870/609 1171/882/621 1170/881/620 1158/869/608
f 1160/871/610 1172/883/622 1171/882/621 1159/870/609
f 1162/872/611 1174/884/623 1173/885/624 1161/873/612
f 1163/874/613 1175/886/625 1174/884/623 1162/872/611
f 1164/875/614 1176/887/626 1175/886/625 1163/874/613
f 1165/876/615 1177/888/627 1176/887/626 1164/875/614
f 1166/877/616 1178/889/628 1177/888/627 1165/876/615
f 1167/878/617 1179/890/629 1178/889/628 1166/877/616
f 1168/879/618 1180/891/630 1179/890/629 1167/878/617
f 1169/880/619 1181/892/631 1180/891/630 1168/879/618
f 1170/881/620 1182/893/632 1181/892/631 1169/880/619
f 1171/882/621 1183/894/633 1182/893/632 1170/881/620
f 1172/883/622 1184/895/634 1183/894/633 1171/882/621
f 1174/884/623 1186/896/635 1185/897/636 1173/885/624
f 1175/886/625 1187/898/637 1186/896/635 1174/884/623
f 1176/887/626 1188/899/638 1187/898/637 1175/886/625
f 1177/888/627 1189/900/639 1188/899/638 1176/887/626
f 1178/889/628 1190/901/640 1189/900/639 1177/888/627
f 1179/890/629 1191/902/641 1190/901/640 1178/889/628
f 1180/891/630 1192/903/642 1191/902/641 1179/890/629
f 1181/892/631 1193/904/643 1192/903/642 1180/891/630
f 1182/893/632 1194/905/644 1193/904/643 1181/892/631
f 1183/894/633 1195/906/645 1194/905/644 1182/893/632
f 1184/895/634 1196/907/646 1195/906/645 1183/894/633
f 1186/896/635 1198/908/647 1197/909/648 1185/897/636
f 1187/898/637 1199/910/649 1198/908/647 1186/896/635
f 1188/899/638 1200/911/650 1199/910/649 1187/898/637
f 1189/900/639 1201/912/651 1200/911/650 1188/899/638
f 1190/901/640 1202/913/652 1201/912/651 1189/900/639
f 1191/902/641 1203/914/653 1202/913/652 1190/901/640
f 1192/903/642 1204/915/654 1203/914/653 1191/902/641
f 1193/904/643 1205/916/655 1204/915/654 1192/903/642
f 1194/905/644 1206/917/656 1205/916/655 1193/904/643
f 1195/906/645 1207/918/657 1206/917/656 1194/905/644
f 1196/907/646 1208/919/658 1207/918/657 1195/906/645
f 1198/908/647 1210/920/659 1209/921/660 1197/909/648
f 1199/910/649 1211/922/661 1210/920/659 1198/908/647
f 1200/911/650 1212/923/662 1211/922/661 1199/910/649
f 1201/912/651 1213/924/663 1212/923/662 1200/911/650
f 1202/913/652 1214/925/664 1213/924/663 1201/912/651
f 1203/914/653 1215/926/665 1214/925/664 1202/913/652
f 1204/915/654 1216/927/666 1215/926/665 1203/914/653
f 1205/916/655 1217/928/667 1216/927/666 1204/915/654
f 1206/917/656 1218/929/668 1217/928/667 1205/916/655
f 1207/918/657 1219/930/669 1218/929/668 1206/917/656
f 1208/919/658 1220/931/670 1219/930/669 1207/918/657
f 1210/920/659 1222/932/671 1221/933/672 1209/921/660
f 1211/922/661 1223/934/673 1222/932/671 1210/920/659
f 1212/923/662 1224/935/674 1223/934/673 1211/922/661
f 1213/924/663 1225/936/675 1224/935/674 1212/923/662
f 1214/925/664 1226/937/676 1225/936/675 1213/924/663
f 1215/926/665 1227/938/677 1226/937/676 1214/925/664
f 1216/927/666 1228/939/678 1227/938/677 1215/926/665
f 1217/928/667 1229/940/679 1228/939/678 1216/927/666
f 1218/929/668 1230/941/680 1229/940/679 1217/928/667
f 1219/930/669 1231/942/681 1230/941/680 1218/929/668
f 1220/931/670 1232/943/682 1231/942/681 1219/930/669
f 1222/932/671 1234/944/683 1233/945/684 1221/933/672
f 1223/934/673 1235/946/685 1234/944/683 1222/932/671
f 1224/935/674 1236/947/686 1235/946/685 1223/934/673
f 1225/936/675 1237/948/687 1236/947/686 1224/935/674
f 1226/937/676 1238/949/688 1237/948/687 1225/936/675
f 1227/938/677 1239/950/689 1238/949/688 1226/937/676
f 1228/939/678 1240/951/690 1239/950/689 1227/938/677
f 1229/940/679 1241/952/691 1240/951/690 1228/939/678
f 1230/941/680 1242/953/692 1241/952/691 1229/940/679
f 1231/942/681 1243/954/693 1242/953/692 1230/941/680
f 1232/943/682 1244/955/694 1243/954/693 1231/942/681
f 1234/944/683 1246/956/695 1245/957/696 1233/945/684
f 1235/946/685 1247/958/697 1246/956/695 1234/944/683
f 1236/947/686 1248/959/698 1247/958/697 1235/946/685
f 1237/948/687 1249/960/699 1248/959/698 1236/947/686
f 1238/949/688 1250/961/700 1249/960/699 1237/948/687
f 1239/950/689 1251/962/701 1250/961/700 1238/949/688
f 1240/951/690 1252/963/702 1251/962/701 1239/950/689
f 1241/952/691 1253/964/703 1252/963/702 1240/951/690
f 1242/953/692 1254/965/704 1253/964/703 1241/952/691
f 1243/954/693 1255/966/705 1254/965/704 1242/953/692
f 1244/955/694 1256/967/706 1255/966/705 1243/954/693
f 1246/956/695 1258/968/707 1257/969/708 1245/957/696
f 1247/958/697 1259/970/709 1258/968/707 1246/956/695
f 1248/959/698 1260/971/710 1259/970/709 1247/958/697
f 1249/960/699 1261/972/711 1260/971/710 1248/959/698
f 1250/961/700 1262/973/712 1261/972/711 1249/960/699
f 1251/962/701 1263/974/713 1262/973/712 1250/961/700
f 1252/963/702 1264/975/714 1263/974/713 1251/962/701
f 1253/964/703 1265/976/715 1264/975/714 1252/963/702
f 1254/965/704 1266/977/716 1265/976/715 1253/964/703
f 1255/966/705 1267/978/717 1266/977/716 1254/965/704
f 1256/967/706 1268/979/718 1267/978/717 1255/966/705
f 1258/968/707 1270/980/719 1269/981/720 1257/969/708
f 1259/970/709 1271/982/721 1270/980/719 1258/968/707
f 1260/971/710 1272/983/722 1271/982/721 1259/970/709
f 1261/972/711 1273/984/723 1272/983/722 1260/971/710
f 1262/973/712 1274/985/724 1273/984/723 1261/972/711
f 1263/974/713 1275/986/725 1274/985/724 1262/973/712
f 1264/975/714 1276/987/726 1275/986/725 1263/974/713
f 1265/976/715 1277/988/727 1276/987/726 1264/975/714
f 1266/977/716 1278/989/728 1277/988/727 1265/976/715
f 1267/978/717 1279/990/729 1278/989/728 1266/977/716
f 1268/979/718 1280/991/730 1279/990/729 1267/978/717
f 1270/980/719 1282/992/731 1281/993/732 1269/981/720
f 1271/982/721 1283/994/733 1282/992/731 1270/980/719
f 1272/983/722 1284/995/734 1283/994/733 1271/982/721
f 1273/984/723 1285/996/735 1284/995/734 1272/983/722
f 1274/985/724 1286/997/736 1285/996/735 1273/984/723
f 1275/986/725 1287/998/737 1286/997/736 1274/985/724
f 1276/987/726 1288/999/738 1287/998/737 1275/986/725
f 1277/988/727 1289/1000/739 1288/999/738 1276/987/726
f 1278/989/728 1290/1001/740 1289/1000/739 1277/988/727
f 1279/990/729 1291/1002/741 1290/1001/740 1278/989/728
f 1280/991/730 1292/1003/742 1291/1002/741 1279/990/729
f 1282/992/731 1294/1004/743 1293/1005/744 1281/993/732
f 1283/994/733 1295/1006/745 1294/1004/743 1282/992/731
f 1284/995/734 1296/1007/746 1295/1006/745 1283/994/733
f 1285/996/735 1297/1008/747 1296/1007/746 1284/995/734
f 1286/997/736 1298/1009/748 1297/1008/747 1285/996/735
f 1287/998/737 1299/1010/749 1298/1009/748 1286/997/736
f 1288/999/738 1300/1011/750 1299/1010/749 1287/998/737
f 1289/1000/739 1301/1012/751 1300/1011/750 1288/999/738
f 1290/1001/740 1302/1013/752 1301/1012/751 1289/1000/739
f 1291/1002/741 1303/1014/753 1302/1013/752 1290/1001/740
f 1292/1003/742 1304/1015/754 1303/1014/753 1291/1002/741
f 1294/1004/743 1306/1016/755 1305/1017/756 1293/1005/744
f 1295/1006/745 1307/1018/757 1306/1016/755 1294/1004/743
f 1296/1007/746 1308/1019/758 1307/1018/757 1295/1006/745
f 1297/1008/747 1309/1020/759 1308/1019/758 1296/1007/746
f 1298/1009/748 1310/1021/760 1309/1020/759 1297/1008/747
f 1299/1010/749 1311/1022/761 1310/1021/760 1298/1009/748
f 1300/1011/750 1312/1023/762 1311/1022/761 1299/1010/749
f 1301/1012/751 1313/1024/763 1312/1023/762 1300/1011/750
f 1302/1013/752 1314/1025/764 1313/1024/763 1301/1012/751
f 1303/1014/753 1315/1026/765 1314/1025/764 1302/1013/752
f 1304/1015/754 1316/1027/766 1315/1026/765 1303/1014/753
f 1306/1016/755 1318/1028/767 1317/17/768 1305/1017/756
f 1307/1018/757 1319/1029/769 1318/1028/767 1306/1016/755
f 1308/1019/758 1320/1030/770 1319/1029/769 1307/1018/757
f 1309/1020/759 1321/1031/771 1320/1030/770 1308/1019/758
f 1310/1021/760 1322/1032/772 1321/1031/771 1309/1020/759
f 1311/1022/761 1323/1033/773 1322/1032/772 1310/1021/760
f 1312/1023/762 1324/1034/774 1323/1033/773 1311/1022/761
f 1313/1024/763 1325/1035/775 1324/1034/774 1312/1023/762
f 1314/1025/764 1326/1036/776 1325/1035/775 1313/1024/763
f 1315/1026/765 1327/1037/777 1326/1036/776 1314/1025/764
f 1316/1027/766 1328/1038/778 1327/1037/777 1315/1026/765
f 1318/1028/767 1330/1039/779 1329/1040/780 1317/17/768
f 1319/1029/769 1331/1041/781 1330/1039/779 1318/1028/767
f 1320/1030/770 1332/1042/782 1331/1041/781 1319/1029/769
f 1321/1031/771 1333/1043/783 1332/1042/782 1320/1030/770
f 1322/1032/772 1334/1044/784 1333/1043/783 1321/1031/771
f 1323/1033/773 1335/1045/785 1334/1044/784 1322/1032/772
f 1324/1034/774 1336/1046/786 1335/1045/785 1323/1033/773
f 1325/1035/775 1337/1047/787 1336/1046/786 1324/1034/774
f 1326/1036/776 1338/1048/788 1337/1047/787 1325/1035/775
f 1327/1037/777 1339/1049/789 1338/1048/788 1326/1036/776
f 1328/1038/778 1340/1050/790 1339/1049/789 1327/1037/777
f 1330/1039/779 1342/1051/791 1341/1052/792 1329/1040/780
f 1331/1041/781 1343/1053/793 1342/1051/791 1330/1039/779
f 1332/1042/782 1344/1054/794 1343/1053/793 1331/1041/781
f 1333/1043/783 1345/1055/795 1344/1054/794 1332/1042/782
f 1334/1044/784 1346/1056/796 1345/1055/795 1333/1043/783
f 1335/1045/785 1347/1057/797 1346/1056/796 1334/1044/784
f 1336/1046/786 1348/1058/798 1347/1057/797 1335/1045/785
f 1337/1047/787 1349/1059/799 1348/1058/798 1336/1046/786
f 1338/1048/788 1350/1060/800 1349/1059/799 1337/1047/787
f 1339/1049/789 1351/1061/801 1350/1060/800 1338/1048/788
f 1340/1050/790 1352/1062/802 1351/1061/801 1339/1049/789
f 1342/1051/791 1354/1063/803 1353/1064/804 1341/1052/792
f 1343/1053/793 1355/1065/805 1354/1063/803 1342/1051/791
f 1344/1054/794 1356/1066/806 1355/1065/805 1343/1053/793
f 1345/1055/795 1357/1067/807 1356/1066/806 1344/1054/794
f 1346/1056/796 1358/1068/808 1357/1067/807 1345/1055/795
f 1347/1057/797 1359/1069/809 1358/1068/808 1346/1056/796
f 1348/1058/798 1360/1070/810 1359/1069/809 1347/1057/797
f 1349/1059/799 1361/1071/811 1360/1070/810 1348/1058/798
f 1350/1060/800 1362/1072/812 1361/1071/811 1349/1059/799
f 1351/1061/801 1363/1073/813 1362/1072/812 1350/1060/800
f 1352/1062/802 1364/1074/814 1363/1073/813 1351/1061/801
f 1354/1063/803 1366/1075/815 1365/1076/816 1353/1064/804
f 1355/1065/805 1367/1077/817 1366/1075/815 1354/1063/803
f 1356/1066/806 1368/1078/818 1367/1077/817 1355/1065/805
f 1357/1067/807 1369/1079/819 1368/1078/818 1356/1066/806
f 1358/1068/808 1370/1080/820 1369/1079/819 1357/1067/807
f 1359/1069/809 1371/1081/821 1370/1080/820 1358/1068/808
f 1360/1070/810 1372/1082/822 1371/1081/821 1359/1069/809
f 1361/1071/811 1373/1083/823 1372/1082/822 1360/1070/810
f 1362/1072/812 1374/1084/824 1373/1083/823 1361/1071/811
f 1363/1073/813 1375/1085/825 1374/1084/824 1362/1072/812
f 1364/1074/814 1376/1086/826 1375/1085/825 1363/1073/813
f 1366/1075/815 1378/1087/827 1377/1088/828 1365/1076/816
f 1367/1077/817 1379/1089/829 1378/1087/827 1366/1075/815
f 1368/1078/818 1380/1090/830 1379/1089/829 1367/1077/817
f 1369/1079/819 1381/1091/831 1380/1090/830 1368/1078/818
f 1370/1080/820 1382/1092/832 1381/1091/831 1369/1079/819
f 1371/1081/821 1383/1093/833 1382/1092/832 1370/1080/820
f 1372/1082/822 1384/1094/834 1383/1093/833 1371/1081/821
f 1373/1083/823 1385/1095/835 1384/1094/834 1372/1082/822
f 1374/1084/824 1386/1096/836 1385/1095/835 1373/1083/823
f 1375/1085/825 1387/1097/837 1386/1096/836 1374/1084/824
f 1376/1086/826 1388/1098/838 1387/1097/837 1375/1085/825
f 1378/1087/827 1390/1099/839 1389/1100/840 1377/1088/828
f 1379/1089/829 1391/1101/841 1390/1099/839 1378/1087/827
f 1380/1090/830 1392/1102/842 1391/1101/841 1379/1089/829
f 1381/1091/831 1393/1103/843 1392/1102/842 1380/1090/830
f 1382/1092/832 1394/1104/844 1393/1103/843 1381/1091/831
f 1383/1093/833 1395/1105/845 1394/1104/844 1382/1092/832
f 1384/1094/834 1396/1106/846 1395/1105/845 1383/1093/833
f 1385/1095/835 1397/1107/847 1396/1106/846 1384/1094/834
f 1386/1096/836 1398/1108/848 1397/1107/847 1385/1095/835
f 1387/1097/837 1399/1109/849 1398/1108/848 1386/1096/836
f 1388/1098/838 1400/1110/850 1399/1109/849 1387/1097/837
f 1390/1099/839 1402/1111/851 1401/1112/852 1389/1100/840
f 1391/1101/841 1403/1113/853 1402/1111/851 1390/1099/839
f 1392/1102/842 1404/1114/854 1403/1113/853 1391/1101/841
f 1393/1103/843 1405/1115/855 1404/1114/854 1392/1102/842
f 1394/1104/844 1406/1116/856 1405/1115/855 1393/1103/843
f 1395/1105/845 1407/1117/857 1406/1116/856 1394/1104/844
f 1396/1106/846 1408/1118/858 1407/1117/857 1395/1105/845
f 1397/1107/847 1409/1119/859 1408/1118/858 1396/1106/846
f 1398/1108/848 1410/1120/860 1409/1119/859 1397/1107/847
f 1399/1109/849 1411/1121/861 1410/1120/860 1398/1108/848
f 1400/1110/850 1412/1122/862 1411/1121/861 1399/1109/849
f 1402/1111/851 1414/1123/863 1413/1124/864 1401/1112/852
f 1403/1113/853 1415/1125/865 1414/1123/863 1402/1111/851
f 1404/1114/854 1416/1126/866 1415/1125/865 1403/1113/853
f 1405/1115/855 1417/1127/867 1416/1126/866 1404/1114/854
f 1406/1116/856 1418/1128/868 1417/1127/867 1405/1115/855
f 1407/1117/857 1419/1129/869 1418/1128/868 1406/1116/856
f 1408/1118/858 1420/1130/870 1419/1129/869 1407/1117/857
f 1409/1119/859 1421/1131/871 1420/1130/870 1408/1118/858
f 1410/1120/860 1422/1132/872 1421/1131/871 1409/1119/859
f 1411/1121/861 1423/1133/873 1422/1132/872 1410/1120/860
f 1412/1122/862 1424/1134/874 1423/1133/873 1411/1121/861
f 1414/1123/863 1426/1135/875 1425/1136/876 1413/1124/864
f 1415/1125/865 1427/1137/877 1426/1135/875 1414/1123/863
f 1416/1126/866 1428/1138/878 1427/1137/877 1415/1125/865
f 1417/1127/867 1429/1139/879 1428/1138/878 1416/1126/866
f 1418/1128/868 1430/1140/880 1429/1139/879 1417/1127/867
f 1419/1129/869 1431/1141/881 1430/1140/880 1418/1128/868
f 1420/1130/870 1432/1142/882 1431/1141/881 1419/1129/869
f 1421/1131/871 1433/1143/883 1432/1142/882 1420/1130/870
f 1422/1132/872 1434/1144/884 1433/1143/883 1421/1131/871
f 1423/1133/873 1435/1145/885 1434/1144/884 1422/1132/872
f 1424/1134/874 1436/1146/886 1435/1145/885 1423/1133/873
f 1426/1135/875 1438/1147/887 1437/1148/888 1425/1136/876
f 1427/1137/877 1439/1149/889 1438/1147/887 1426/1135/875
f 1428/1138/878 1440/1150/890 1439/1149/889 1427/1137/877
f 1429/1139/879 1441/1151/891 1440/1150/890 1428/1138/878
f 1430/1140/880 1442/1152/892 1441/1151/891 1429/1139/879
f 1431/1141/881 1443/1153/893 1442/1152/892 1430/1140/880
f 1432/1142/882 1444/1154/894 1443/1153/893 1431/1141/881
f 1433/1143/883 1445/1155/895 1444/1154/894 1432/1142/882
f 1434/1144/884 1446/1156/896 1445/1155/895 1433/1143/883
f 1435/1145/885 1447/1157/897 1446/1156/896 1434/1144/884
f 1436/1146/886 1448/1158/898 1447/1157/897 1435/1145/885
f 1438/1147/887 1450/1159/899 1449/1160/900 1437/1148/888
f 1439/1149/889 1451/1161/901 1450/1159/899 1438/1147/887
f 1440/1150/890 1452/1162/902 1451/1161/901 1439/1149/889
f 1441/1151/891 1453/1163/903 1452/1162/902 1440/1150/890
f 1442/1152/892 1454/1164/904 1453/1163/903 1441/1151/891
f 1443/1153/893 1455/1165/905 1454/1164/904 1442/1152/892
f 1444/1154/894 1456/1166/906 1455/1165/905 1443/1153/893
f 1445/1155/895 1457/1167/907 1456/1166/906 1444/1154/894
f 1446/1156/896 1458/1168/908 1457/1167/907 1445/1155/895
f 1447/1157/897 1459/1169/909 1458/1168/908 1446/1156/896
f 1448/1158/898 1460/1170/910 1459/1169/909 1447/1157/897
f 1450/1159/899 1462/1171/911 1461/1172/912 1449/1160/900
f 1451/1161/901 1463/1173/913 1462/1171/911 1450/1159/899
f 1452/1162/902 1464/1174/914 1463/1173/913 1451/1161/901
f 1453/1163/903 1465/1175/915 1464/1174/914 1452/1162/902
f 1454/1164/904 1466/1176/916 1465/1175/915 1453/1163/903
f 1455/1165/905 1467/1177/917 1466/1176/916 1454/1164/904
f 1456/1166/906 1468/1178/918 1467/1177/917 1455/1165/905
f 1457/1167/907 1469/1179/919 1468/1178/918 1456/1166/906
f 1458/1168/908 1470/1180/920 1469/1179/919 1457/1167/907
f 1459/1169/909 1471/1181/921 1470/1180/920 1458/1168/908
f 1460/1170/910 1472/1182/922 1471/1181/921 1459/1169/909
f 1462/1171/911 1474/1183/923 1473/1184/924 1461/1172/912
f 1463/1173/913 1475/1185/925 1474/1183/923 1462/1171/911
f 1464/1174/914 1476/1186/926 1475/1185/925 1463/1173/913
f 1465/1175/915 1477/1187/927 1476/1186/926 1464/1174/914
f 1466/1176/916 1478/1188/928 1477/1187/927 1465/1175/915
f 1467/1177/917 1479/1189/929 1478/1188/928 1466/1176/916
f 1468/1178/918 1480/1190/930 1479/1189/929 1467/1177/917
f 1469/1179/919 1481/1191/931 1480/1190/930 1468/1178/918
f 1470/1180/920 1482/1192/932 1481/1191/931 1469/1179/919
f 1471/1181/921 1483/1193/933 1482/1192/932 1470/1180/920
f 1472/1182/922 1484/1194/934 1483/1193/933 1471/1181/921
f 1474/1183/923 1486/1195/935 1485/1196/936 1473/1184/924
f 1475/1185/925 1487/1197/937 1486/1195/935 1474/1183/923
f 1476/1186/926 1488/1198/938 1487/1197/937 1475/1185/925
f 1477/1187/927 1489/1199/939 1488/1198/938 1476/1186/926
f 1478/1188/928 1490/1200/940 1489/1199/939 1477/1187/927
f 1479/1189/929 1491/1201/941 1490/1200/940 1478/1188/928
f 1480/1190/930 1492/1202/942 1491/1201/941 1479/1189/929
f 1481/1191/931 1493/1203/943 1492/1202/942 1480/1190/930
f 1482/1192/932 1494/1204/944 1493/1203/943 1481/1191/931
f 1483/1193/933 1495/1205/945 1494/1204/944 1482/1192/932
f 1484/1194/934 1496/1206/946 1495/1205/945 1483/1193/933
f 1486/1195/935 1498/1207/947 1497/1208/948 1485/1196/936
f 1487/1197/937 1499/1209/949 1498/1207/947 1486/1195/935
f 1488/1198/938 1500/1210/950 1499/1209/949 1487/1197/937
f 1489/1199/939 1501/1211/951 1500/1210/950 1488/1198/938
f 1490/1200/940 1502/1212/952 1501/1211/951 1489/1199/939
f 1491/1201/941 1503/1213/953 1502/1212/952 1490/1200/940
f 1492/1202/942 1504/1214/954 1503/1213/953 1491/1201/941
f 1493/1203/943 1505/1215/955 1504/1214/954 1492/1202/942
f 1494/1204/944 1506/1216/956 1505/1215/955 1493/1203/943
f 1495/1205/945 1507/1217/957 1506/1216/956 1494/1204/944
f 1496/1206/946 1508/1218/958 1507/1217/957 1495/1205/945
f 1498/1207/947 1510/1219/959 1509/1220/960 1497/1208/948
f 1499/1209/949 1511/1221/961 1510/1219/959 1498/1207/947
f 1500/1210/950 1512/1222/962 1511/1221/961 1499/1209/949
f 1501/1211/951 1513/1223/963 1512/1222/962 1500/1210/950
f 1502/1212/952 1514/1224/964 1513/1223/963 1501/1211/951
f 1503/1213/953 1515/1225/965 1514/1224/964 1502/1212/952
f 1504/1214/954 1516/1226/966 1515/1225/965 1503/1213/953
f 1505/1215/955 1517/1227/967 1516/1226/966 1504/1214/954
f 1506/1216/956 1518/1228/968 1517/1227/967 1505/1215/955
f 1507/1217/957 1519/1229/969 1518/1228/968 1506/1216/956
f 1508/1218/958 1520/1230/970 1519/1229/969 1507/1217/957
f 1510/1219/959 1522/1231/971 1521/1232/972 1509/1220/960
f 1511/1221/961 1523/1233/973 1522/1231/971 1510/1219/959
f 1512/1222/962 1524/1234/974 1523/1233/973 1511/1221/961
f 1513/1223/963 1525/1235/975 1524/1234/974 1512/1222/962
f 1514/1224/964 1526/1236/976 1525/1235/975 1513/1223/963
f 1515/1225/965 1527/1237/977 1526/1236/976 1514/1224/964
f 1516/1226/966 1528/1238/978 1527/1237/977 1515/1225/965
f 1517/1227/967 1529/1239/979 1528/1238/978 1516/1226/966
f 1518/1228/968 1530/1240/980 1529/1239/979 1517/1227/967
f 1519/1229/969 1531/1241/981 1530/1240/980 1518/1228/968
f 1520/1230/970 1532/1242/982 1531/1241/981 1519/1229/969
f 1522/1231/971 1534/1243/983 1533/1244/984 1521/1232/972
f 1523/1233/973 1535/1245/985 1534/1243/983 1522/1231/971
f 1524/1234/974 1536/1246/986 1535/1245/985 1523/1233/973
f 1525/1235/975 1537/1247/987 1536/1246/986 1524/1234/974
f 1526/1236/976 1538/1248/988 1537/1247/987 1525/1235/975
f 1527/1237/977 1539/1249/989 1538/1248/988 1526/1236/976
f 1528/1238/978 1540/1250/990 1539/1249/989 1527/1237/977
f 1529/1239/979 1541/1251/991 1540/1250/990 1528/1238/978
f 1530/1240/980 1542/1252/992 1541/1251/991 1529/1239/979
f 1531/1241/981 1543/1253/993 1542/1252/992 1530/1240/980
f 1532/1242/982 1544/1254/994 1543/1253/993 1531/1241/981
f 1534/1243/983 1546/1255/995 1545/1256/996 1533/1244/984
f 1535/1245/985 1547/1257/997 1546/1255/995 1534/1243/983
f 1536/1246/986 1548/1258/998 1547/1257/997 1535/1245/985
f 1537/1247/987 1549/1259/999 1548/1258/998 1536/1246/986
f 1538/1248/988 1550/1260/1000 1549/1259/999 1537/1247/987
f 1539/1249/989 1551/1261/1001 1550/1260/1000 1538/1248/988
f 1540/1250/990 1552/1262/1002 1551/1261/1001 1539/1249/989
f 1541/1251/991 1553/1263/1003 1552/1262/1002 1540/1250/990
f 1542/1252/992 1554/1264/1004 1553/1263/1003 1541/1251/991
f 1543/1253/993 1555/1265/1005 1554/1264/1004 1542/1252/992
f 1544/1254/994 1556/1266/1006 1555/1265/1005 1543/1253/993
f 1546/1255/995 1558/1267/1007 1557/1268/1008 1545/1256/996
f 1547/1257/997 1559/1269/1009 1558/1267/1007 1546/1255/995
f 1548/1258/998 1560/1270/1010 1559/1269/1009 1547/1257/997
f 1549/1259/999 1561/1271/1011 1560/1270/1010 1548/1258/998
f 1550/1260/1000 1562/1272/1012 1561/1271/1011 1549/1259/999
f 1551/1261/1001 1563/1273/1013 1562/1272/1012 1550/1260/1000
f 1552/1262/1002 1564/1274/1014 1563/1273/1013 1551/1261/1001
f 1553/1263/1003 1565/1275/1015 1564/1274/1014 1552/1262/1002
f 1554/1264/1004 1566/1276/1016 1565/1275/1015 1553/1263/1003
f 1555/1265/1005 1567/1277/1017 1566/1276/1016 1554/1264/1004
f 1556/1266/1006 1568/1278/1018 1567/1277/1017 1555/1265/1005
f 1558/1267/1007 1570/1279/1019 1569/27/1020 1557/1268/1008
f 1559/1269/1009 1571/1280/1021 1570/1279/1019 1558/1267/1007
f 1560/1270/1010 1572/1281/1022 1571/1280/1021 1559/1269/1009
f 1561/1271/1011 1573/1282/1023 1572/1281/1022 1560/1270/1010
f 1562/1272/1012 1574/1283/1024 1573/1282/1023 1561/1271/1011
f 1563/1273/1013 1575/1284/1025 1574/1283/1024 1562/1272/1012
f 1564/1274/1014 1576/1285/1026 1575/1284/1025 1563/1273/1013
f 1565/1275/1015 1577/1286/1027 1576/1285/1026 1564/1274/1014
f 1566/1276/1016 1578/1287/1028 1577/1286/1027 1565/1275/1015
f 1567/1277/1017 1579/1288/1029 1578/1287/1028 1566/1276/1016
f 1568/1278/1018 1580/1289/1030 1579/1288/1029 1567/1277/1017
f 1570/1279/1019 1582/1290/1031 1581/1291/1032 1569/27/1020
f 1571/1280/1021 1583/1292/1033 1582/1290/1031 1570/1279/1019
f 1572/1281/1022 1584/1293/1034 1583/1292/1033 1571/1280/1021
f 1573/1282/1023 1585/1294/1035 1584/1293/1034 1572/1281/1022
f 1574/1283/1024 1586/1295/1036 1585/1294/1035 1573/1282/1023
f 1575/1284/1025 1587/1296/1037 1586/1295/1036 1574/1283/1024
f 1576/1285/1026 1588/1297/1038 1587/1296/1037 1575/1284/1025
f 1577/1286/1027 1589/1298/1039 1588/1297/1038 1576/1285/1026
f 1578/1287/1028 1590/1299/1040 1589/1298/1039 1577/1286/1027
f 1579/1288/1029 1591/1300/1041 1590/1299/1040 1578/1287/1028
f 1580/1289/1030 1592/1301/1042 1591/1300/1041 1579/1288/1029
f 1582/1290/1031 1594/1302/1043 1593/1303/1044 1581/1291/1032
f 1583/1292/1033 1595/1304/1045 1594/1302/1043 1582/1290/1031
f 1584/1293/1034 1596/1305/1046 1595/1304/1045 1583/1292/1033
f 1585/1294/1035 1597/1306/1047 1596/1305/1046 1584/1293/1034
f 1586/1295/1036 1598/1307/1048 1597/1306/1047 1585/1294/1035
f 1587/1296/1037 1599/1308/1049 1598/1307/1048 1586/1295/1036
f 1588/1297/1038 1600/1309/1050 1599/1308/1049 1587/1296/1037
f 1589/1298/1039 1601/1310/1051 1600/1309/1050 1588/1297/1038
f 1590/1299/1040 1602/1311/1052 1601/1310/1051 1589/1298/1039
f 1591/1300/1041 1603/1312/1053 1602/1311/1052 1590/1299/1040
f 1592/1301/1042 1604/1313/1054 1603/1312/1053 1591/1300/1041
f 1594/1302/1043 1606/1314/1055 1605/1315/1056 1593/1303/1044
f 1595/1304/1045 1607/1316/1057 1606/1314/1055 1594/1302/1043
f 1596/1305/1046 1608/1317/1058 1607/1316/1057 1595/1304/1045
f 1597/1306/1047 1609/1318/1059 1608/1317/1058 1596/1305/1046
f 1598/1307/1048 1610/1319/1060 1609/1318/1059 1597/1306/1047
f 1599/1308/1049 1611/1320/1061 1610/1319/1060 1598/1307/1048
f 1600/1309/1050 1612/1321/1062 1611/1320/1061 1599/1308/1049
f 1601/1310/1051 1613/1322/1063 1612/1321/1062 1600/1309/1050
f 1602/1311/1052 1614/1323/1064 1613/1322/1063 1601/1310/1051
f 1603/1312/1053 1615/1324/1065 1614/1323/1064 1602/1311/1052
f 1604/1313/1054 1616/1325/1066 1615/1324/1065 1603/1312/1053
f 1606/1314/1055 1618/1326/1067 1617/1327/1068 1605/1315/1056
f 1607/1316/1057 1619/1328/1069 1618/1326/1067 1606/1314/1055
f 1608/1317/1058 1620/1329/1070 1619/1328/1069 1607/1316/1057
f 1609/1318/1059 1621/1330/1071 1620/1329/1070 1608/1317/1058
f 1610/1319/1060 1622/1331/1072 1621/1330/1071 1609/1318/1059
f 1611/1320/1061 1623/1332/1073 1622/1331/1072 1610/1319/1060
f 1612/1321/1062 1624/1333/1074 1623/1332/1073 1611/1320/1061
f 1613/1322/1063 1625/1334/1075 1624/1333/1074 1612/1321/1062
f 1614/1323/1064 1626/1335/1076 1625/1334/1075 1613/1322/1063
f 1615/1324/1065 1627/1336/1077 1626/1335/1076 1614/1323/1064
f 1616/1325/1066 1628/1337/1078 1627/1336/1077 1615/1324/1065
f 1618/1326/1067 1630/1338/1079 1629/1339/1080 1617/1327/1068
f 1619/1328/1069 1631/1340/1081 1630/1338/1079 1618/1326/1067
f 1620/1329/1070 1632/1341/1082 1631/1340/1081 1619/1328/1069
f 1621/1330/1071 1633/1342/1083 1632/1341/1082 1620/1329/1070
f 1622/1331/1072 1634/1343/1084 1633/1342/1083 1621/1330/1071
f 1623/1332/1073 1635/1344/1085 1634/1343/1084 1622/1331/1072
f 1624/1333/1074 1636/1345/1086 1635/1344/1085 1623/1332/1073
f 1625/1334/1075 1637/1346/1087 1636/1345/1086 1624/1333/1074
f 1626/1335/1076 1638/1347/1088 1637/1346/1087 1625/1334/1075
f 1627/1336/1077 1639/1348/1089 1638/1347/1088 1626/1335/1076
f 1628/1337/1078 1640/1349/1090 1639/1348/1089 1627/1336/1077
f 1630/1338/1079 1642/1350/1091 1641/1351/1092 1629/1339/1080
f 1631/1340/1081 1643/1352/1093 1642/1350/1091 1630/1338/1079
f 1632/1341/1082 1644/1353/1094 1643/1352/1093 1631/1340/1081
f 1633/1342/1083 1645/1354/1095 1644/1353/1094 1632/1341/1082
f 1634/1343/1084 1646/1355/1096 1645/1354/1095 1633/1342/1083
f 1635/1344/1085 1647/1356/1097 1646/1355/1096 1634/1343/1084
f 1636/1345/1086 1648/1357/1098 1647/1356/1097 1635/1344/1085
f 1637/1346/1087 1649/1358/1099 1648/1357/1098 1636/1345/1086
f 1638/1347/1088 1650/1359/1100 1649/1358/1099 1637/1346/1087
f 1639/1348/1089 1651/1360/1101 1650/1359/1100 1638/1347/1088
f 1640/1349/1090 1652/1361/1102 1651/1360/1101 1639/1348/1089
f 1642/1350/1091 1654/1362/1103 1653/1363/1104 1641/1351/1092
f 1643/1352/1093 1655/1364/1105 1654/1362/1103 1642/1350/1091
f 1644/1353/1094 1656/1365/1106 1655/1364/1105 1643/1352/1093
f 1645/1354/1095 1657/1366/1107 1656/1365/1106 1644/1353/1094
f 1646/1355/1096 1658/1367/1108 1657/1366/1107 1645/1354/1095
f 1647/1356/1097 1659/1368/1109 1658/1367/1108 1646/1355/1096
f 1648/1357/1098 1660/1369/1110 1659/1368/1109 1647/1356/1097
f 1649/1358/1099 1661/1370/1111 1660/1369/1110 1648/1357/1098
f 1650/1359/1100 1662/1371/1112 1661/1370/1111 1649/1358/1099
f 1651/1360/1101 1663/1372/1113 1662/1371/1112 1650/1359/1100
f 1652/1361/1102 1664/1373/1114 1663/1372/1113 1651/1360/1101
f 1654/1362/1103 1666/1374/1115 1665/1375/1116 1653/1363/1104
f 1655/1364/1105 1667/1376/1117 1666/1374/1115 1654/1362/1103
f 1656/1365/1106 1668/1377/1118 1667/1376/1117 1655/1364/1105
f 1657/1366/1107 1669/1378/1119 1668/1377/1118 1656/1365/1106
f 1658/1367/1108 1670/1379/1120 1669/1378/1119 1657/1366/1107
f 1659/1368/1109 1671/1380/1121 1670/1379/1120 1658/1367/1108
f 1660/1369/1110 1672/1381/1122 1671/1380/1121 1659/1368/1109
f 1661/1370/1111 1673/1382/1123 1672/1381/1122 1660/1369/1110
f 1662/1371/1112 1674/1383/1124 1673/1382/1123 1661/1370/1111
f 1663/1372/1113 1675/1384/1125 1674/1383/1124 1662/1371/1112
f 1664/1373/1114 1676/1385/1126 1675/1384/1125 1663/1372/1113
f 1666/1374/1115 1678/1386/1127 1677/1387/1128 1665/1375/1116
f 1667/1376/1117 1679/1388/1129 1678/1386/1127 1666/1374/1115
f 1668/1377/1118 1680/1389/1130 1679/1388/1129 1667/1376/1117
f 1669/1378/1119 1681/1390/1131 1680/1389/1130 1668/1377/1118
f 1670/1379/1120 1682/1391/1132 1681/1390/1131 1669/1378/1119
f 1671/1380/1121 1683/1392/1133 1682/1391/1132 1670/1379/1120
f 1672/1381/1122 1684/1393/1134 1683/1392/1133 1671/1380/1121
f 1673/1382/1123 1685/1394/1135 1684/1393/1134 1672/1381/1122
f 1674/1383/1124 1686/1395/1136 1685/1394/1135 1673/1382/1123
f 1675/1384/1125 1687/1396/1137 1686/1395/1136 1674/1383/1124
f 1676/1385/1126 1688/1397/1138 1687/1396/1137 1675/1384/1125
f 1678/1386/1127 1690/1398/1139 1689/1399/1140 1677/1387/1128
f 1679/1388/1129 1691/1400/1141 1690/1398/1139 1678/1386/1127
f 1680/1389/1130 1692/1401/1142 1691/1400/1141 1679/1388/1129
f 1681/1390/1131 1693/1402/1143 1692/1401/1142 1680/1389/1130
f 1682/1391/1132 1694/1403/1144 1693/1402/1143 1681/1390/1131
f 1683/1392/1133 1695/1404/1145 1694/1403/1144 1682/1391/1132
f 1684/1393/1134 1696/1405/1146 1695/1404/1145 1683/1392/1133
f 1685/1394/1135 1697/1406/1147 1696/1405/1146 1684/1393/1134
f 1686/1395/1136 1698/1407/1148 1697/1406/1147 1685/1394/1135
f 1687/1396/1137 1699/1408/1149 1698/1407/1148 1686/1395/1136
f 1688/1397/1138 1700/1409/1150 1699/1408/1149 1687/1396/1137
f 1690/1398/1139 1702/1410/1151 1701/1411/1152 1689/1399/1140
f 1691/1400/1141 1703/1412/1153 1702/1410/1151 1690/1398/1139
f 1692/1401/1142 1704/1413/1154 1703/1412/1153 1691/1400/1141
f 1693/1402/1143 1705/1414/1155 1704/1413/1154 1692/1401/1142
f 1694/1403/1144 1706/1415/1156 1705/1414/1155 1693/1402/1143
f 1695/1404/1145 1707/1416/1157 1706/1415/1156 1694/1403/1144
f 1696/1405/1146 1708/1417/1158 1707/1416/1157 1695/1404/1145
f 1697/1406/1147 1709/1418/1159 1708/1417/1158 1696/1405/1146
f 1698/1407/1148 1710/1419/1160 1709/1418/1159 1697/1406/1147
f 1699/1408/1149 1711/1420/1161 1710/1419/1160 1698/1407/1148
f 1700/1409/1150 1712/1421/1162 1711/1420/1161 1699/1408/1149
f 1702/1410/1151 1714/1422/1163 1713/1423/1164 1701/1411/1152
f 1703/1412/1153 1715/1424/1165 1714/1422/1163 1702/1410/1151
f 1704/1413/1154 1716/1425/1166 1715/1424/1165 1703/1412/1153
f 1705/1414/1155 1717/1426/1167 1716/1425/1166 1704/1413/1154
f 1706/1415/1156 1718/1427/1168 1717/1426/1167 1705/1414/1155
f 1707/1416/1157 1719/1428/1169 1718/1427/1168 1706/1415/1156
f 1708/1417/1158 1720/1429/1170 1719/1428/1169 1707/1416/1157
f 1709/1418/1159 1721/1430/1171 1720/1429/1170 1708/1417/1158
f 1710/1419/1160 1722/1431/1172 1721/1430/1171 1709/1418/1159
f 1711/1420/1161 1723/1432/1173 1722/1431/1172 1710/1419/1160
f 1712/1421/1162 1724/1433/1174 1723/1432/1173 1711/1420/1161
f 1714/1422/1163 1726/1434/1175 1725/1435/1176 1713/1423/1164
f 1715/1424/1165 1727/1436/1177 1726/1434/1175 1714/1422/1163
f 1716/1425/1166 1728/1437/1178 1727/1436/1177 1715/1424/1165
f 1717/1426/1167 1729/1438/1179 1728/1437/1178 1716/1425/1166
f 1718/1427/1168 1730/1439/1180 1729/1438/1179 1717/1426/1167
f 1719/1428/1169 1731/1440/1181 1730/1439/1180 1718/1427/1168
f 1720/1429/1170 1732/1441/1182 1731/1440/1181 1719/1428/1169
f 1721/1430/1171 1733/1442/1183 1732/1441/1182 1720/1429/1170
f 1722/1431/1172 1734/1443/1184 1733/1442/1183 1721/1430/1171
f 1723/1432/1173 1735/1444/1185 1734/1443/1184 1722/1431/1172
f 1724/1433/1174 1736/1445/1186 1735/1444/1185 1723/1432/1173
f 1726/1434/1175 1738/1446/1187 1737/115/1188 1725/1435/1176
f 1727/1436/1177 1739/1447/1189 1738/1446/1187 1726/1434/1175
f 1728/1437/1178 1740/1448/1190 1739/1447/1189 1727/1436/1177
f 1729/1438/1179 1741/1449/1191 1740/1448/1190 1728/1437/1178
f 1730/1439/1180 1742/1450/1192 1741/1449/1191 1729/1438/1179
f 1731/1440/1181 1743/1451/1193 1742/1450/1192 1730/1439/1180
f 1732/1441/1182 1744/1452/1194 1743/1451/1193 1731/1440/1181
f 1733/1442/1183 1745/1453/1195 1744/1452/1194 1732/1441/1182
f 1734/1443/1184 1746/1454/1196 1745/1453/1195 1733/1442/1183
f 1735/1444/1185 1747/1455/1197 1746/1454/1196 1734/1443/1184
f 1736/1445/1186 1748/1456/1198 1747/1455/1197 1735/1444/1185
f 1738/1446/1187 1750/1457/1199 1749/1458/1200 1737/115/1188
f 1739/1447/1189 1751/1459/1201 1750/1457/1199 1738/1446/1187
f 1740/1448/1190 1752/1460/1202 1751/1459/1201 1739/1447/1189
f 1741/1449/1191 1753/1461/1203 1752/1460/1202 1740/1448/1190
f 1742/1450/1192 1754/1462/1204 1753/1461/1203 1741/1449/1191
f 1743/1451/1193 1755/1463/1205 1754/1462/1204 1742/1450/1192
f 1744/1452/1194 1756/1464/1206 1755/1463/1205 1743/1451/1193
f 1745/1453/1195 1757/1465/1207 1756/1464/1206 1744/1452/1194
f 1746/1454/1196 1758/1466/1208 1757/1465/1207 1745/1453/1195
f 1747/1455/1197 1759/1467/1209 1758/1466/1208 1746/1454/1196
f 1748/1456/1198 1760/1468/1210 1759/1467/1209 1747/1455/1197
f 1750/1457/1199 1762/1469/1211 1761/1470/1212 1749/1458/1200
f 1751/1459/1201 1763/1471/1213 1762/1469/1211 1750/1457/1199
f 1752/1460/1202 1764/1472/1214 1763/1471/1213 1751/1459/1201
f 1753/1461/1203 1765/1473/1215 1764/1472/1214 1752/1460/1202
f 1754/1462/1204 1766/1474/1216 1765/1473/1215 1753/1461/1203
f 1755/1463/1205 1767/1475/1217 1766/1474/1216 1754/1462/1204
f 1756/1464/1206 1768/1476/1218 1767/1475/1217 1755/1463/1205
f 1757/1465/1207 1769/1477/1219 1768/1476/1218 1756/1464/1206
f 1758/1466/1208 1770/1478/1220 1769/1477/1219 1757/1465/1207
f 1759/1467/1209 1771/1479/1221 1770/1478/1220 1758/1466/1208
f 1760/1468/1210 1772/1480/1222 1771/1479/1221 1759/1467/1209
f 1762/1469/1211 1774/1481/1223 1773/1482/1224 1761/1470/1212
f 1763/1471/1213 1775/1483/1225 1774/1481/1223 1762/1469/1211
f 1764/1472/1214 1776/1484/1226 1775/1483/1225 1763/1471/1213
f 1765/1473/1215 1777/1485/1227 1776/1484/1226 1764/1472/1214
f 1766/1474/1216 1778/1486/1228 1777/1485/1227 1765/1473/1215
f 1767/1475/1217 1779/1487/1229 1778/1486/1228 1766/1474/1216
f 1768/1476/1218 1780/1488/1230 1779/1487/1229 1767/1475/1217
f 1769/1477/1219 1781/1489/1231 1780/1488/1230 1768/1476/1218
f 1770/1478/1220 1782/1490/1232 1781/1489/1231 1769/1477/1219
f 1771/1479/1221 1783/1491/1233 1782/1490/1232 1770/1478/1220
f 1772/1480/1222 1784/1492/1234 1783/1491/1233 1771/1479/1221
f 1774/1481/1223 1786/1493/1235 1785/1494/1236 1773/1482/1224
f 1775/1483/1225 1787/1495/1237 1786/1493/1235 1774/1481/1223
f 1776/1484/1226 1788/1496/1238 1787/1495/1237 1775/1483/1225
f 1777/1485/1227 1789/1497/1239 1788/1496/1238 1776/1484/1226
f 1778/1486/1228 1790/1498/1240 1789/1497/1239 1777/1485/1227
f 1779/1487/1229 1791/1499/1241 1790/1498/1240 1778/1486/1228
f 1780/1488/1230 1792/1500/1242 1791/1499/1241 1779/1487/1229
f 1781/1489/1231 1793/1501/1243 1792/1500/1242 1780/1488/1230
f 1782/1490/1232 1794/1502/1244 1793/1501/1243 1781/1489/1231
f 1783/1491/1233 1795/1503/1245 1794/1502/1244 1782/1490/1232
f 1784/1492/1234 1796/1504/1246 1795/1503/1245 1783/1491/1233
f 1786/1493/1235 1798/1505/1247 1797/1506/1248 1785/1494/1236
f 1787/1495/1237 1799/1507/1249 1798/1505/1247 1786/1493/1235
f 1788/1496/1238 1800/1508/1250 1799/1507/1249 1787/1495/1237
f 1789/1497/1239 1801/1509/1251 1800/1508/1250 1788/1496/1238
f 1790/1498/1240 1802/1510/1252 1801/1509/1251 1789/1497/1239
f 1791/1499/1241 1803/1511/1253 1802/1510/1252 1790/1498/1240
f 1792/1500/1242 1804/1512/1254 1803/1511/1253 1791/1499/1241
f 1793/1501/1243 1805/1513/1255 1804/1512/1254 1792/1500/1242
f 1794/1502/1244 1806/1514/1256 1805/1513/1255 1793/1501/1243
f 1795/1503/1245 1807/1515/1257 1806/1514/1256 1794/1502/1244
f 1796/1504/1246 1808/1516/1258 1807/1515/1257 1795/1503/1245
f 1798/1505/1247 1810/1517/1259 1809/1518/1260 1797/1506/1248
f 1799/1507/1249 1811/1519/1261 1810/1517/1259 1798/1505/1247
f 1800/1508/1250 1812/1520/1262 1811/1519/1261 1799/1507/1249
f 1801/1509/1251 1813/1521/1263 1812/1520/1262 1800/1508/1250
f 1802/1510/1252 1814/1522/1264 1813/1521/1263 1801/1509/1251
f 1803/1511/1253 1815/1523/1265 1814/1522/1264 1802/1510/1252
f 1804/1512/1254 1816/1524/1266 1815/1523/1265 1803/1511/1253
f 1805/1513/1255 1817/1525/1267 1816/1524/1266 1804/1512/1254
f 1806/1514/1256 1818/1526/1268 1817/1525/1267 1805/1513/1255
f 1807/1515/1257 1819/1527/1269 1818/1526/1268 1806/1514/1256
f 1808/1516/1258 1820/1528/1270 1819/1527/1269 1807/1515/1257
f 1810/1517/1259 1822/1529/1271 1821/41/1272 1809/1518/1260
f 1811/1519/1261 1823/1530/1273 1822/1529/1271 1810/1517/1259
f 1812/1520/1262 1824/1531/1274 1823/1530/1273 1811/1519/1261
f 1813/1521/1263 1825/1532/1275 1824/1531/1274 1812/1520/1262
f 1814/1522/1264 1826/1533/1276 1825/1532/1275 1813/1521/1263
f 1815/1523/1265 1827/1534/1277 1826/1533/1276 1814/1522/1264
f 1816/1524/1266 1828/1535/1278 1827/1534/1277 1815/1523/1265
f 1817/1525/1267 1829/1536/1279 1828/1535/1278 1816/1524/1266
f 1818/1526/1268 1830/1537/1280 1829/1536/1279 1817/1525/1267
f 1819/1527/1269 1831/1538/1281 1830/1537/1280 1818/1526/1268
f 1820/1528/1270 1832/1539/1282 1831/1538/1281 1819/1527/1269
f 1822/1529/1271 1834/1540/1283 1833/1541/1284 1821/41/1272
f 1823/1530/1273 1835/1542/1285 1834/1540/1283 1822/1529/1271
f 1824/1531/1274 1836/1543/1286 1835/1542/1285 1823/1530/1273
f 1825/1532/1275 1837/1544/1287 1836/1543/1286 1824/1531/1274
f 1826/1533/1276 1838/1545/1288 1837/1544/1287 1825/1532/1275
f 1827/1534/1277 1839/1546/1289 1838/1545/1288 1826/1533/1276
f 1828/1535/1278 1840/1547/1290 1839/1546/1289 1827/1534/1277
f 1829/1536/1279 1841/1548/1291 1840/1547/1290 1828/1535/1278
f 1830/1537/1280 1842/1549/1292 1841/1548/1291 1829/1536/1279
f 1831/1538/1281 1843/1550/1293 1842/1549/1292 1830/1537/1280
f 1832/1539/1282 1844/1551/1294 1843/1550/1293 1831/1538/1281
f 1834/1540/1283 1846/1552/1295 1845/1553/1296 1833/1541/1284
f 1835/1542/1285 1847/1554/1297 1846/1552/1295 1834/1540/1283
f 1836/1543/1286 1848/1555/1298 1847/1554/1297 1835/1542/1285
f 1837/1544/1287 1849/1556/1299 1848/1555/1298 1836/1543/1286
f 1838/1545/1288 1850/1557/1300 1849/1556/1299 1837/1544/1287
f 1839/1546/1289 1851/1558/1301 1850/1557/1300 1838/1545/1288
f 1840/1547/1290 1852/1559/1302 1851/1558/1301 1839/1546/1289
f 1841/1548/1291 1853/1560/1303 1852/1559/1302 1840/1547/1290
f 1842/1549/1292 1854/1561/1304 1853/1560/1303 1841/1548/1291
f 1843/1550/1293 1855/1562/1305 1854/1561/1304 1842/1549/1292
f 1844/1551/1294 1856/1563/1306 1855/1562/1305 1843/1550/1293
f 1846/1552/1295 1858/1564/1307 1857/1565/1308 1845/1553/1296
f 1847/1554/1297 1859/1566/1309 1858/1564/1307 1846/1552/1295
f 1848/1555/1298 1860/1567/1310 1859/1566/1309 1847/1554/1297
f 1849/1556/1299 1861/1568/1311 1860/1567/1310 1848/1555/1298
f 1850/1557/1300 1862/1569/1312 1861/1568/1311 1849/1556/1299
f 1851/1558/1301 1863/1570/1313 1862/1569/1312 1850/1557/1300
f 1852/1559/1302 1864/1571/1314 1863/1570/1313 1851/1558/1301
f 1853/1560/1303 1865/1572/1315 1864/1571/1314 1852/1559/1302
f 1854/1561/1304 1866/1573/1316 1865/1572/1315 1853/1560/1303
f 1855/1562/1305 1867/1574/1317 1866/1573/1316 1854/1561/1304
f 1856/1563/1306 1868/1575/1318 1867/1574/1317 1855/1562/1305
f 1858/1564/1307 1870/1576/1319 1869/1577/1320 1857/1565/1308
f 1859/1566/1309 1871/1578/1321 1870/1576/1319 1858/1564/1307
f 1860/1567/1310 1872/1579/1322 1871/1578/1321 1859/1566/1309
f 1861/1568/1311 1873/1580/1323 1872/1579/1322 1860/1567/1310
f 1862/1569/1312 1874/1581/1324 1873/1580/1323 1861/1568/1311
f 1863/1570/1313 1875/1582/1325 1874/1581/1324 1862/1569/1312
f 1864/1571/1314 1876/1583/1326 1875/1582/1325 1863/1570/1313
f 1865/1572/1315 1877/1584/1327 1876/1583/1326 1864/1571/1314
f 1866/1573/1316 1878/1585/1328 1877/1584/1327 1865/1572/1315
f 1867/1574/1317 1879/1586/1329 1878/1585/1328 1866/1573/1316
f 1868/1575/1318 1880/1587/1330 1879/1586/1329 1867/1574/1317
f 1870/1576/1319 1882/1588/1331 1881/1589/1332 1869/1577/1320
f 1871/1578/1321 1883/1590/1333 1882/1588/1331 1870/1576/1319
f 1872/1579/1322 1884/1591/1334 1883/1590/1333 1871/1578/1321
f 1873/1580/1323 1885/1592/1335 1884/1591/1334 1872/1579/1322
f 1874/1581/1324 1886/1593/1336 1885/1592/1335 1873/1580/1323
f 1875/1582/1325 1887/1594/1337 1886/1593/1336 1874/1581/1324
f 1876/1583/1326 1888/1595/1338 1887/1594/1337 1875/1582/1325
f 1877/1584/1327 1889/1596/1339 1888/1595/1338 1876/1583/1326
f 1878/1585/1328 1890/1597/1340 1889/1596/1339 1877/1584/1327
f 1879/1586/1329 1891/1598/1341 1890/1597/1340 1878/1585/1328
f 1880/1587/1330 1892/1599/1342 1891/1598/1341 1879/1586/1329
f 1882/1588/1331 1894/1600/1343 1893/1601/1344 1881/1589/1332
f 1883/1590/1333 1895/1602/1345 1894/1600/1343 1882/1588/1331
f 1884/1591/1334 1896/1603/1346 1895/1602/1345 1883/1590/1333
f 1885/1592/1335 1897/1604/1347 1896/1603/1346 1884/1591/1334
f 1886/1593/1336 1898/1605/1348 1897/1604/1347 1885/1592/1335
f 1887/1594/1337 1899/1606/1349 1898/1605/1348 1886/1593/1336
f 1888/1595/1338 1900/1607/1350 1899/1606/1349 1887/1594/1337
f 1889/1596/1339 1901/1608/1351 1900/1607/1350 1888/1595/1338
f 1890/1597/1340 1902/1609/1352 1901/1608/1351 1889/1596/1339
f 1891/1598/1341 1903/1610/1353 1902/1609/1352 1890/1597/1340
f 1892/1599/1342 1904/1611/1354 1903/1610/1353 1891/1598/1341
f 1894/1600/1343 1906/1612/1355 1905/1613/1356 1893/1601/1344
f 1895/1602/1345 1907/1614/1357 1906/1612/1355 1894/1600/1343
f 1896/1603/1346 1908/1615/1358 1907/1614/1357 1895/1602/1345
f 1897/1604/1347 1909/1616/1359 1908/1615/1358 1896/1603/1346
f 1898/1605/1348 1910/1617/1360 1909/1616/1359 1897/1604/1347
f 1899/1606/1349 1911/1618/1361 1910/1617/1360 1898/1605/1348
f 1900/1607/1350 1912/1619/1362 1911/1618/1361 1899/1606/1349
f 1901/1608/1351 1913/1620/1363 1912/1619/1362 1900/1607/1350
f 1902/1609/1352 1914/1621/1364 1913/1620/1363 1901/1608/1351
f 1903/1610/1353 1915/1622/1365 1914/1621/1364 1902/1609/1352
f 1904/1611/1354 1916/1623/1366 1915/1622/1365 1903/1610/1353
f 1906/1612/1355 1918/1624/1367 1917/1625/1368 1905/1613/1356
f 1907/1614/1357 1919/1626/1369 1918/1624/1367 1906/1612/1355
f 1908/1615/1358 1920/1627/1370 1919/1626/1369 1907/1614/1357
f 1909/1616/1359 1921/1628/1371 1920/1627/1370 1908/1615/1358
f 1910/1617/1360 1922/1629/1372 1921/1628/1371 1909/1616/1359
f 1911/1618/1361 1923/1630/1373 1922/1629/1372 1910/1617/1360
f 1912/1619/1362 1924/1631/1374 1923/1630/1373 1911/1618/1361
f 1913/1620/1363 1925/1632/1375 1924/1631/1374 1912/1619/1362
f 1914/1621/1364 1926/1633/1376 1925/1632/1375 1913/1620/1363
f 1915/1622/1365 1927/1634/1377 1926/1633/1376 1914/1621/1364
f 1916/1623/1366 1928/1635/1378 1927/1634/1377 1915/1622/1365
f 1918/1624/1367 1930/1636/1379 1929/1637/1380 1917/1625/1368
f 1919/1626/1369 1931/1638/1381 1930/1636/1379 1918/1624/1367
f 1920/1627/1370 1932/1639/1382 1931/1638/1381 1919/1626/1369
f 1921/1628/1371 1933/1640/1383 1932/1639/1382 1920/1627/1370
f 1922/1629/1372 1934/1641/1384 1933/1640/1383 1921/1628/1371
f 1923/1630/1373 1935/1642/1385 1934/1641/1384 1922/1629/1372
f 1924/1631/1374 1936/1643/1386 1935/1642/1385 1923/1630/1373
f 1925/1632/1375 1937/1644/1387 1936/1643/1386 1924/1631/1374
f 1926/1633/1376 1938/1645/1388 1937/1644/1387 1925/1632/1375
f 1927/1634/1377 1939/1646/1389 1938/1645/1388 1926/1633/1376
f 1928/1635/1378 1940/1647/1390 1939/1646/1389 1927/1634/1377
f 1930/1636/1379 1942/1648/1391 1941/1649/1392 1929/1637/1380
f 1931/1638/1381 1943/1650/1393 1942/1648/1391 1930/1636/1379
f 1932/1639/1382 1944/1651/1394 1943/1650/1393 1931/1638/1381
f 1933/1640/1383 1945/1652/1395 1944/1651/1394 1932/1639/1382
f 1934/1641/1384 1946/1653/1396 1945/1652/1395 1933/1640/1383
f 1935/1642/1385 1947/1654/1397 1946/1653/1396 1934/1641/1384
f 1936/1643/1386 1948/1655/1398 1947/1654/1397 1935/1642/1385
f 1937/1644/1387 1949/1656/1399 1948/1655/1398 1936/1643/1386
f 1938/1645/1388 1950/1657/1400 1949/1656/1399 1937/1644/1387
f 1939/1646/1389 1951/1658/1401 1950/1657/1400 1938/1645/1388
f 1940/1647/1390 1952/1659/1402 1951/1658/1401 1939/1646/1389
f 1942/1648/1391 1954/1660/1403 1953/1661/1404 1941/1649/1392
f 1943/1650/1393 1955/1662/1405 1954/1660/1403 1942/1648/1391
f 1944/1651/1394 1956/1663/1406 1955/1662/1405 1943/1650/1393
f 1945/1652/1395 1957/1664/1407 1956/1663/1406 1944/1651/1394
f 1946/1653/1396 1958/1665/1408 1957/1664/1407 1945/1652/1395
f 1947/1654/1397 1959/1666/1409 1958/1665/1408 1946/1653/1396
f 1948/1655/1398 1960/1667/1410 1959/1666/1409 1947/1654/1397
f 1949/1656/1399 1961/1668/1411 1960/1667/1410 1948/1655/1398
f 1950/1657/1400 1962/1669/1412 1961/1668/1411 1949/1656/1399
f 1951/1658/1401 1963/1670/1413 1962/1669/1412 1950/1657/1400
f 1952/1659/1402 1964/1671/1414 1963/1670/1413 1951/1658/1401
f 1954/1660/1403 1966/1672/1415 1965/1673/1416 1953/1661/1404
f 1955/1662/1405 1967/1674/1417 1966/1672/1415 1954/1660/1403
f 1956/1663/1406 1968/1675/1418 1967/1674/1417 1955/1662/1405
f 1957/1664/1407 1969/1676/1419 1968/1675/1418 1956/1663/1406
f 1958/1665/1408 1970/1677/1420 1969/1676/1419 1957/1664/1407
f 1959/1666/1409 1971/1678/1421 1970/1677/1420 1958/1665/1408
f 1960/1667/1410 1972/1679/1422 1971/1678/1421 1959/1666/1409
f 1961/1668/1411 1973/1680/1423 1972/1679/1422 1960/1667/1410
f 1962/1669/1412 1974/1681/1424 1973/1680/1423 1961/1668/1411
f 1963/1670/1413 1975/1682/1425 1974/1681/1424 1962/1669/1412
f 1964/1671/1414 1976/1683/1426 1975/1682/1425 1963/1670/1413
f 1966/1672/1415 1978/1684/1427 1977/1685/1428 1965/1673/1416
f 1967/1674/1417 1979/1686/1429 1978/1684/1427 1966/1672/1415
f 1968/1675/1418 1980/1687/1430 1979/1686/1429 1967/1674/1417
f 1969/1676/1419 1981/1688/1431 1980/1687/1430 1968/1675/1418
f 1970/1677/1420 1982/1689/1432 1981/1688/1431 1969/1676/1419
f 1971/1678/1421 1983/1690/1433 1982/1689/1432 1970/1677/1420
f 1972/1679/1422 1984/1691/1434 1983/1690/1433 1971/1678/1421
f 1973/1680/1423 1985/1692/1435 1984/1691/1434 1972/1679/1422
f 1974/1681/1424 1986/1693/1436 1985/1692/1435 1973/1680/1423
f 1975/1682/1425 1987/1694/1437 1986/1693/1436 1974/1681/1424
f 1976/1683/1426 1988/1695/1438 1987/1694/1437 1975/1682/1425
f 1978/1684/1427 1990/1696/1439 1989/1697/1440 1977/1685/1428
f 1979/1686/1429 1991/1698/1441 1990/1696/1439 1978/1684/1427
f 1980/1687/1430 1992/1699/1442 1991/1698/1441 1979/1686/1429
f 1981/1688/1431 1993/1700/1443 1992/1699/1442 1980/1687/1430
f 1982/1689/1432 1994/1701/1444 1993/1700/1443 1981/1688/1431
f 1983/1690/1433 1995/1702/1445 1994/1701/1444 1982/1689/1432
f 1984/1691/1434 1996/1703/1446 1995/1702/1445 1983/1690/1433
f 1985/1692/1435 1997/1704/1447 1996/1703/1446 1984/1691/1434
f 1986/1693/1436 1998/1705/1448 1997/1704/1447 1985/1692/1435
f 1987/1694/1437 1999/1706/1449 1998/1705/1448 1986/1693/1436
f 1988/1695/1438 2000/1707/1450 1999/1706/1449 1987/1694/1437
f 1990/1696/1439 2002/1708/1451 2001/1709/1452 1989/1697/1440
f 1991/1698/1441 2003/1710/1453 2002/1708/1451 1990/1696/1439
f 1992/1699/1442 2004/1711/1454 2003/1710/1453 1991/1698/1441
f 1993/1700/1443 2005/1712/1455 2004/1711/1454 1992/1699/1442
f 1994/1701/1444 2006/1713/1456 2005/1712/1455 1993/1700/1443
f 1995/1702/1445 2007/1714/1457 2006/1713/1456 1994/1701/1444
f 1996/1703/1446 2008/1715/1458 2007/1714/1457 1995/1702/1445
f 1997/1704/1447 2009/1716/1459 2008/1715/1458 1996/1703/1446
f 1998/1705/1448 2010/1717/1460 2009/1716/1459 1997/1704/1447
f 1999/1706/1449 2011/1718/1461 2010/1717/1460 1998/1705/1448
f 2000/1707/1450 2012/1719/1462 2011/1718/1461 1999/1706/1449
f 2002/1708/1451 2014/1720/1463 2013/1721/1464 2001/1709/1452
f 2003/1710/1453 2015/1722/1465 2014/1720/1463 2002/1708/1451
f 2004/1711/1454 2016/1723/1466 2015/1722/1465 2003/1710/1453
f 2005/1712/1455 2017/1724/1467 2016/1723/1466 2004/1711/1454
f 2006/1713/1456 2018/1725/1468 2017/1724/1467 2005/1712/1455
f 2007/1714/1457 2019/1726/1469 2018/1725/1468 2006/1713/1456
f 2008/1715/1458 2020/1727/1470 2019/1726/1469 2007/1714/1457
f 2009/1716/1459 2021/1728/1471 2020/1727/1470 2008/1715/1458
f 2010/1717/1460 2022/1729/1472 2021/1728/1471 2009/1716/1459
f 2011/1718/1461 2023/1730/1473 2022/1729/1472 2010/1717/1460
f 2012/1719/1462 2024/1731/1474 2023/1730/1473 2011/1718/1461
f 2014/1720/1463 2026/1732/1475 2025/1733/1476 2013/1721/1464
f 2015/1722/1465 2027/1734/1477 2026/1732/1475 2014/1720/1463
f 2016/1723/1466 2028/1735/1478 2027/1734/1477 2015/1722/1465
f 2017/1724/1467 2029/1736/1479 2028/1735/1478 2016/1723/1466
f 2018/1725/1468 2030/1737/1480 2029/1736/1479 2017/1724/1467
f 2019/1726/1469 2031/1738/1481 2030/1737/1480 2018/1725/1468
f 2020/1727/1470 2032/1739/1482 2031/1738/1481 2019/1726/1469
f 2021/1728/1471 2033/1740/1483 2032/1739/1482 2020/1727/1470
f 2022/1729/1472 2034/1741/1484 2033/1740/1483 2021/1728/1471
f 2023/1730/1473 2035/1742/1485 2034/1741/1484 2022/1729/1472
f 2024/1731/1474 2036/1743/1486 2035/1742/1485 2023/1730/1473
f 2026/1732/1475 2038/1744/1487 2037/1745/1488 2025/1733/1476
f 2027/1734/1477 2039/1746/1489 2038/1744/1487 2026/1732/1475
f 2028/1735/1478 2040/1747/1490 2039/1746/1489 2027/1734/1477
f 2029/1736/1479 2041/1748/1491 2040/1747/1490 2028/1735/1478
f 2030/1737/1480 2042/1749/1492 2041/1748/1491 2029/1736/1479
f 2031/1738/1481 2043/1750/1493 2042/1749/1492 2030/1737/1480
f 2032/1739/1482 2044/1751/1494 2043/1750/1493 2031/1738/1481
f 2033/1740/1483 2045/1752/1495 2044/1751/1494 2032/1739/1482
f 2034/1741/1484 2046/1753/1496 2045/1752/1495 2033/1740/1483
f 2035/1742/1485 2047/1754/1497 2046/1753/1496 2034/1741/1484
f 2036/1743/1486 2048/1755/1498 2047/1754/1497 2035/1742/1485
f 2038/1744/1487 2050/1756/1499 2049/1757/1500 2037/1745/1488
f 2039/1746/1489 2051/1758/1501 2050/1756/1499 2038/1744/1487
f 2040/1747/1490 2052/1759/1502 2051/1758/1501 2039/1746/1489
f 2041/1748/1491 2053/1760/1503 2052/1759/1502 2040/1747/1490
f 2042/1749/1492 2054/1761/1504 2053/1760/1503 2041/1748/1491
f 2043/1750/1493 2055/1762/1505 2054/1761/1504 2042/1749/1492
f 2044/1751/1494 2056/1763/1506 2055/1762/1505 2043/1750/1493
f 2045/1752/1495 2057/1764/1507 2056/1763/1506 2044/1751/1494
f 2046/1753/1496 2058/1765/1508 2057/1764/1507 2045/1752/1495
f 2047/1754/1497 2059/1766/1509 2058/1765/1508 2046/1753/1496
f 2048/1755/1498 2060/1767/1510 2059/1766/1509 2047/1754/1497
f 2050/1756/1499 2062/1768/1511 2061/1769/1512 2049/1757/1500
f 2051/1758/1501 2063/1770/1513 2062/1768/1511 2050/1756/1499
f 2052/1759/1502 2064/1771/1514 2063/1770/1513 2051/1758/1501
f 2053/1760/1503 2065/1772/1515 2064/1771/1514 2052/1759/1502
f 2054/1761/1504 2066/1773/1516 2065/1772/1515 2053/1760/1503
f 2055/1762/1505 2067/1774/1517 2066/1773/1516 2054/1761/1504
f 2056/1763/1506 2068/1775/1518 2067/1774/1517 2055/1762/1505
f 2057/1764/1507 2069/1776/1519 2068/1775/1518 2056/1763/1506
f 2058/1765/1508 2070/1777/1520 2069/1776/1519 2057/1764/1507
f 2059/1766/1509 2071/1778/1521 2070/1777/1520 2058/1765/1508
f 2060/1767/1510 2072/1779/1522 2071/1778/1521 2059/1766/1509
f 2062/1768/1511 2074/1780/1523 2073/59/1224 2061/1769/1512
f 2063/1770/1513 2075/1781/1524 2074/1780/1523 2062/1768/1511
f 2064/1771/1514 2076/1782/1525 2075/1781/1524 2063/1770/1513
f 2065/1772/1515 2077/1783/1526 2076/1782/1525 2064/1771/1514
f 2066/1773/1516 2078/1784/1527 2077/1783/1526 2065/1772/1515
f 2067/1774/1517 2079/1785/1528 2078/1784/1527 2066/1773/1516
f 2068/1775/1518 2080/1786/1529 2079/1785/1528 2067/1774/1517
f 2069/1776/1519 2081/1787/1530 2080/1786/1529 2068/1775/1518
f 2070/1777/1520 2082/1788/1531 2081/1787/1530 2069/1776/1519
f 2071/1778/1521 2083/1789/1532 2082/1788/1531 2070/1777/1520
f 2072/1779/1522 2084/1790/1533 2083/1789/1532 2071/1778/1521
f 2074/1780/1523 2086/1791/1534 2085/1792/1535 2073/59/1224
f 2075/1781/1524 2087/1793/1536 2086/1791/1534 2074/1780/1523
f 2076/1782/1525 2088/1794/1537 2087/1793/1536 2075/1781/1524
f 2077/1783/1526 2089/1795/1538 2088/1794/1537 2076/1782/1525
f 2078/1784/1527 2090/1796/1539 2089/1795/1538 2077/1783/1526
f 2079/1785/1528 2091/1797/1540 2090/1796/1539 2078/1784/1527
f 2080/1786/1529 2092/1798/1541 2091/1797/1540 2079/1785/1528
f 2081/1787/1530 2093/1799/1542 2092/1798/1541 2080/1786/1529
f 2082/1788/1531 2094/1800/1543 2093/1799/1542 2081/1787/1530
f 2083/1789/1532 2095/1801/1544 2094/1800/1543 2082/1788/1531
f 2084/1790/1533 2096/1802/1545 2095/1801/1544 2083/1789/1532
f 2086/1791/1534 2098/1803/1546 2097/1804/1547 2085/1792/1535
f 2087/1793/1536 2099/1805/1548 2098/1803/1546 2086/1791/1534
f 2088/1794/1537 2100/1806/1549 2099/1805/1548 2087/1793/1536
f 2089/1795/1538 2101/1807/1550 2100/1806/1549 2088/1794/1537
f 2090/1796/1539 2102/1808/1551 2101/1807/1550 2089/1795/1538
f 2091/1797/1540 2103/1809/1552 2102/1808/1551 2090/1796/1539
f 2092/1798/1541 2104/1810/1553 2103/1809/1552 2091/1797/1540
f 2093/1799/1542 2105/1811/1554 2104/1810/1553 2092/1798/1541
f 2094/1800/1543 2106/1812/1555 2105/1811/1554 2093/1799/1542
f 2095/1801/1544 2107/1813/1556 2106/1812/1555 2094/1800/1543
f 2096/1802/1545 2108/1814/1557 2107/1813/1556 2095/1801/1544
f 2098/1803/1546 2110/1815/1558 2109/1816/1559 2097/1804/1547
f 2099/1805/1548 2111/1817/1560 2110/1815/1558 2098/1803/1546
f 2100/1806/1549 2112/1818/1561 2111/1817/1560 2099/1805/1548
f 2101/1807/1550 2113/1819/1562 2112/1818/1561 2100/1806/1549
f 2102/1808/1551 2114/1820/1563 2113/1819/1562 2101/1807/1550
f 2103/1809/1552 2115/1821/1564 2114/1820/1563 2102/1808/1551
f 2104/1810/1553 2116/1822/1565 2115/1821/1564 2103/1809/1552
f 2105/1811/1554 2117/1823/1566 2116/1822/1565 2104/1810/1553
f 2106/1812/1555 2118/1824/1567 2117/1823/1566 2105/1811/1554
f 2107/1813/1556 2119/1825/1568 2118/1824/1567 2106/1812/1555
f 2108/1814/1557 2120/1826/1569 2119/1825/1568 2107/1813/1556
f 2110/1815/1558 2122/1827/1570 2121/1828/1571 2109/1816/1559
f 2111/1817/1560 2123/1829/1572 2122/1827/1570 2110/1815/1558
f 2112/1818/1561 2124/1830/1573 2123/1829/1572 2111/1817/1560
f 2113/1819/1562 2125/1831/1574 2124/1830/1573 2112/1818/1561
f 2114/1820/1563 2126/1832/1575 2125/1831/1574 2113/1819/1562
f 2115/1821/1564 2127/1833/1576 2126/1832/1575 2114/1820/1563
f 2116/1822/1565 2128/1834/1577 2127/1833/1576 2115/1821/1564
f 2117/1823/1566 2129/1835/1578 2128/1834/1577 2116/1822/1565
f 2118/1824/1567 2130/1836/1579 2129/1835/1578 2117/1823/1566
f 2119/1825/1568 2131/1837/1580 2130/1836/1579 2118/1824/1567
f 2120/1826/1569 2132/1838/1581 2131/1837/1580 2119/1825/1568
f 2122/1827/1570 2134/1839/1582 2133/1840/1583 2121/1828/1571
f 2123/1829/1572 2135/1841/1584 2134/1839/1582 2122/1827/1570
f 2124/1830/1573 2136/1842/1585 2135/1841/1584 2123/1829/1572
f 2125/1831/1574 2137/1843/1586 2136/1842/1585 2124/1830/1573
f 2126/1832/1575 2138/1844/1587 2137/1843/1586 2125/1831/1574
f 2127/1833/1576 2139/1845/1588 2138/1844/1587 2126/1832/1575
f 2128/1834/1577 2140/1846/1589 2139/1845/1588 2127/1833/1576
f 2129/1835/1578 2141/1847/1590 2140/1846/1589 2128/1834/1577
f 2130/1836/1579 2142/1848/1591 2141/1847/1590 2129/1835/1578
f 2131/1837/1580 2143/1849/1592 2142/1848/1591 2130/1836/1579
f 2132/1838/1581 2144/1850/1593 2143/1849/1592 2131/1837/1580
f 2134/1839/1582 2146/1851/1594 2145/1852/1595 2133/1840/1583
f 2135/1841/1584 2147/1853/1596 2146/1851/1594 2134/1839/1582
f 2136/1842/1585 2148/1854/1597 2147/1853/1596 2135/1841/1584
f 2137/1843/1586 2149/1855/1598 2148/1854/1597 2136/1842/1585
f 2138/1844/1587 2150/1856/1599 2149/1855/1598 2137/1843/1586
f 2139/1845/1588 2151/1857/1600 2150/1856/1599 2138/1844/1587
f 2140/1846/1589 2152/1858/1601 2151/1857/1600 2139/1845/1588
f 2141/1847/1590 2153/1859/1602 2152/1858/1601 2140/1846/1589
f 2142/1848/1591 2154/1860/1603 2153/1859/1602 2141/1847/1590
f 2143/1849/1592 2155/1861/1604 2154/1860/1603 2142/1848/1591
f 2144/1850/1593 2156/1862/1605 2155/1861/1604 2143/1849/1592
f 2146/1851/1594 2158/1863/1606 2157/1864/1607 2145/1852/1595
f 2147/1853/1596 2159/1865/1608 2158/1863/1606 2146/1851/1594
f 2148/1854/1597 2160/1866/1609 2159/1865/1608 2147/1853/1596
f 2149/1855/1598 2161/1867/1610 2160/1866/1609 2148/1854/1597
f 2150/1856/1599 2162/1868/1611 2161/1867/1610 2149/1855/1598
f 2151/1857/1600 2163/1869/1612 2162/1868/1611 2150/1856/1599
f 2152/1858/1601 2164/1870/1613 2163/1869/1612 2151/1857/1600
f 2153/1859/1602 2165/1871/1614 2164/1870/1613 2152/1858/1601
f 2154/1860/1603 2166/1872/1615 2165/1871/1614 2153/1859/1602
f 2155/1861/1604 2167/1873/1616 2166/1872/1615 2154/1860/1603
f 2156/1862/1605 2168/1874/1617 2167/1873/1616 2155/1861/1604
f 2158/1863/1606 2170/1875/1618 2169/1876/1619 2157/1864/1607
f 2159/1865/1608 2171/1877/1620 2170/1875/1618 2158/1863/1606
f 2160/1866/1609 2172/1878/1621 2171/1877/1620 2159/1865/1608
f 2161/1867/1610 2173/1879/1622 2172/1878/1621 2160/1866/1609
f 2162/1868/1611 2174/1880/1623 2173/1879/1622 2161/1867/1610
f 2163/1869/1612 2175/1881/1624 2174/1880/1623 2162/1868/1611
f 2164/1870/1613 2176/1882/1625 2175/1881/1624 2163/1869/1612
f 2165/1871/1614 2177/1883/1626 2176/1882/1625 2164/1870/1613
f 2166/1872/1615 2178/1884/1627 2177/1883/1626 2165/1871/1614
f 2167/1873/1616 2179/1885/1628 2178/1884/1627 2166/1872/1615
f 2168/1874/1617 2180/1886/1629 2179/1885/1628 2167/1873/1616
f 2170/1875/1618 2182/1887/1630 2181/1888/1631 2169/1876/1619
f 2171/1877/1620 2183/1889/1632 2182/1887/1630 2170/1875/1618
f 2172/1878/1621 2184/1890/1633 2183/1889/1632 2171/1877/1620
f 2173/1879/1622 2185/1891/1634 2184/1890/1633 2172/1878/1621
f 2174/1880/1623 2186/1892/1635 2185/1891/1634 2173/1879/1622
f 2175/1881/1624 2187/1893/1636 2186/1892/1635 2174/1880/1623
f 2176/1882/1625 2188/1894/1637 2187/1893/1636 2175/1881/1624
f 2177/1883/1626 2189/1895/1638 2188/1894/1637 2176/1882/1625
f 2178/1884/1627 2190/1896/1639 2189/1895/1638 2177/1883/1626
f 2179/1885/1628 2191/1897/1640 2190/1896/1639 2178/1884/1627
f 2180/1886/1629 2192/1898/1641 2191/1897/1640 2179/1885/1628
f 2182/1887/1630 2194/1899/1642 2193/1900/1643 2181/1888/1631
f 2183/1889/1632 2195/1901/1644 2194/1899/1642 2182/1887/1630
f 2184/1890/1633 2196/1902/1645 2195/1901/1644 2183/1889/1632
f 2185/1891/1634 2197/1903/1646 2196/1902/1645 2184/1890/1633
f 2186/1892/1635 2198/1904/1647 2197/1903/1646 2185/1891/1634
f 2187/1893/1636 2199/1905/1648 2198/1904/1647 2186/1892/1635
f 2188/1894/1637 2200/1906/1649 2199/1905/1648 2187/1893/1636
f 2189/1895/1638 2201/1907/1650 2200/1906/1649 2188/1894/1637
f 2190/1896/1639 2202/1908/1651 2201/1907/1650 2189/1895/1638
f 2191/1897/1640 2203/1909/1652 2202/1908/1651 2190/1896/1639
f 2192/1898/1641 2204/1910/1653 2203/1909/1652 2191/1897/1640
f 2194/1899/1642 2206/1911/1654 2205/1912/1655 2193/1900/1643
f 2195/1901/1644 2207/1913/1656 2206/1911/1654 2194/1899/1642
f 2196/1902/1645 2208/1914/1657 2207/1913/1656 2195/1901/1644
f 2197/1903/1646 2209/1915/1658 2208/1914/1657 2196/1902/1645
f 2198/1904/1647 2210/1916/1659 2209/1915/1658 2197/1903/1646
f 2199/1905/1648 2211/1917/1660 2210/1916/1659 2198/1904/1647
f 2200/1906/1649 2212/1918/1661 2211/1917/1660 2199/1905/1648
f 2201/1907/1650 2213/1919/1662 2212/1918/1661 2200/1906/1649
f 2202/1908/1651 2214/1920/1663 2213/1919/1662 2201/1907/1650
f 2203/1909/1652 2215/1921/1664 2214/1920/1663 2202/1908/1651
f 2204/1910/1653 2216/1922/1665 2215/1921/1664 2203/1909/1652
f 2206/1911/1654 2218/1923/1666 2217/1924/1667 2205/1912/1655
f 2207/1913/1656 2219/1925/1668 2218/1923/1666 2206/1911/1654
f 2208/1914/1657 2220/1926/1669 2219/1925/1668 2207/1913/1656
f 2209/1915/1658 2221/1927/1670 2220/1926/1669 2208/1914/1657
f 2210/1916/1659 2222/1928/1671 2221/1927/1670 2209/1915/1658
f 2211/1917/1660 2223/1929/1672 2222/1928/1671 2210/1916/1659
f 2212/1918/1661 2224/1930/1673 2223/1929/1672 2211/1917/1660
f 2213/1919/1662 2225/1931/1674 2224/1930/1673 2212/1918/1661
f 2214/1920/1663 2226/1932/1675 2225/1931/1674 2213/1919/1662
f 2215/1921/1664 2227/1933/1676 2226/1932/1675 2214/1920/1663
f 2216/1922/1665 2228/1934/1677 2227/1933/1676 2215/1921/1664
f 2218/1923/1666 2230/1935/1678 2229/1936/1679 2217/1924/1667
f 2219/1925/1668 2231/1937/1680 2230/1935/1678 2218/1923/1666
f 2220/1926/1669 2232/1938/1681 2231/1937/1680 2219/1925/1668
f 2221/1927/1670 2233/1939/1682 2232/1938/1681 2220/1926/1669
f 2222/1928/1671 2234/1940/1683 2233/1939/1682 2221/1927/1670
f 2223/1929/1672 2235/1941/1684 2234/1940/1683 2222/1928/1671
f 2224/1930/1673 2236/1942/1685 2235/1941/1684 2223/1929/1672
f 2225/1931/1674 2237/1943/1686 2236/1942/1685 2224/1930/1673
f 2226/1932/1675 2238/1944/1687 2237/1943/1686 2225/1931/1674
f 2227/1933/1676 2239/1945/1688 2238/1944/1687 2226/1932/1675
f 2228/1934/1677 2240/1946/1689 2239/1945/1688 2227/1933/1676
f 2230/1935/1678 2242/1947/1690 2241/1948/1691 2229/1936/1679
f 2231/1937/1680 2243/1949/1692 2242/1947/1690 2230/1935/1678
f 2232/1938/1681 2244/1950/1693 2243/1949/1692 2231/1937/1680
f 2233/1939/1682 2245/1951/1694 2244/1950/1693 2232/1938/1681
f 2234/1940/1683 2246/1952/1695 2245/1951/1694 2233/1939/1682
f 2235/1941/1684 2247/1953/1696 2246/1952/1695 2234/1940/1683
f 2236/1942/1685 2248/1954/1697 2247/1953/1696 2235/1941/1684
f 2237/1943/1686 2249/1955/1698 2248/1954/1697 2236/1942/1685
f 2238/1944/1687 2250/1956/1699 2249/1955/1698 2237/1943/1686
f 2239/1945/1688 2251/1957/1700 2250/1956/1699 2238/1944/1687
f 2240/1946/1689 2252/1958/1701 2251/1957/1700 2239/1945/1688
f 2242/1947/1690 2254/1959/1702 2253/1960/1703 2241/1948/1691
f 2243/1949/1692 2255/1961/1704 2254/1959/1702 2242/1947/1690
f 2244/1950/1693 2256/1962/1705 2255/1961/1704 2243/1949/1692
f 2245/1951/1694 2257/1963/1706 2256/1962/1705 2244/1950/1693
f 2246/1952/1695 2258/1964/1707 2257/1963/1706 2245/1951/1694
f 2247/1953/1696 2259/1965/1708 2258/1964/1707 2246/1952/1695
f 2248/1954/1697 2260/1966/1709 2259/1965/1708 2247/1953/1696
f 2249/1955/1698 2261/1967/1710 2260/1966/1709 2248/1954/1697
f 2250/1956/1699 2262/1968/1711 2261/1967/1710 2249/1955/1698
f 2251/1957/1700 2263/1969/1712 2262/1968/1711 2250/1956/1699
f 2252/1958/1701 2264/1970/1713 2263/1969/1712 2251/1957/1700
f 2254/1959/1702 2266/1971/1714 2265/1972/1715 2253/1960/1703
f 2255/1961/1704 2267/1973/1716 2266/1971/1714 2254/1959/1702
f 2256/1962/1705 2268/1974/1717 2267/1973/1716 2255/1961/1704
f 2257/1963/1706 2269/1975/1718 2268/1974/1717 2256/1962/1705
f 2258/1964/1707 2270/1976/1719 2269/1975/1718 2257/1963/1706
f 2259/1965/1708 2271/1977/1720 2270/1976/1719 2258/1964/1707
f 2260/1966/1709 2272/1978/1721 2271/1977/1720 2259/1965/1708
f 2261/1967/1710 2273/1979/1722 2272/1978/1721 2260/1966/1709
f 2262/1968/1711 2274/1980/1723 2273/1979/1722 2261/1967/1710
f 2263/1969/1712 2275/1981/1724 2274/1980/1723 2262/1968/1711
f 2264/1970/1713 2276/1982/1725 2275/1981/1724 2263/1969/1712
f 2266/1971/1714 2278/1983/1726 2277/1984/1727 2265/1972/1715
f 2267/1973/1716 2279/1985/1728 2278/1983/1726 2266/1971/1714
f 2268/1974/1717 2280/1986/1729 2279/1985/1728 2267/1973/1716
f 2269/1975/1718 2281/1987/1730 2280/1986/1729 2268/1974/1717
f 2270/1976/1719 2282/1988/1731 2281/1987/1730 2269/1975/1718
f 2271/1977/1720 2283/1989/1732 2282/1988/1731 2270/1976/1719
f 2272/1978/1721 2284/1990/1733 2283/1989/1732 2271/1977/1720
f 2273/1979/1722 2285/1991/1734 2284/1990/1733 2272/1978/1721
f 2274/1980/1723 2286/1992/1735 2285/1991/1734 2273/1979/1722
f 2275/1981/1724 2287/1993/1736 2286/1992/1735 2274/1980/1723
f 2276/1982/1725 2288/1994/1737 2287/1993/1736 2275/1981/1724
f 2278/1983/1726 2290/1995/1738 2289/1996/1739 2277/1984/1727
f 2279/1985/1728 2291/1997/1740 2290/1995/1738 2278/1983/1726
f 2280/1986/1729 2292/1998/1741 2291/1997/1740 2279/1985/1728
f 2281/1987/1730 2293/1999/1742 2292/1998/1741 2280/1986/1729
f 2282/1988/1731 2294/2000/1743 2293/1999/1742 2281/1987/1730
f 2283/1989/1732 2295/2001/1744 2294/2000/1743 2282/1988/1731
f 2284/1990/1733 2296/2002/1745 2295/2001/1744 2283/1989/1732
f 2285/1991/1734 2297/2003/1746 2296/2002/1745 2284/1990/1733
f 2286/1992/1735 2298/2004/1747 2297/2003/1746 2285/1991/1734
f 2287/1993/1736 2299/2005/1748 2298/2004/1747 2286/1992/1735
f 2288/1994/1737 2300/2006/1749 2299/2005/1748 2287/1993/1736
f 2290/1995/1738 2302/2007/1750 2301/2008/1751 2289/1996/1739
f 2291/1997/1740 2303/2009/1752 2302/2007/1750 2290/1995/1738
f 2292/1998/1741 2304/2010/1753 2303/2009/1752 2291/1997/1740
f 2293/1999/1742 2305/2011/1754 2304/2010/1753 2292/1998/1741
f 2294/2000/1743 2306/2012/1755 2305/2011/1754 2293/1999/1742
f 2295/2001/1744 2307/2013/1756 2306/2012/1755 2294/2000/1743
f 2296/2002/1745 2308/2014/1757 2307/2013/1756 2295/2001/1744
f 2297/2003/1746 2309/2015/1758 2308/2014/1757 2296/2002/1745
f 2298/2004/1747 2310/2016/1759 2309/2015/1758 2297/2003/1746
f 2299/2005/1748 2311/2017/1760 2310/2016/1759 2298/2004/1747
f 2300/2006/1749 2312/2018/1761 2311/2017/1760 2299/2005/1748
f 2302/2007/1750 2314/2019/1762 2313/2020/1763 2301/2008/1751
f 2303/2009/1752 2315/2021/1764 2314/2019/1762 2302/2007/1750
f 2304/2010/1753 2316/2022/1765 2315/2021/1764 2303/2009/1752
f 2305/2011/1754 2317/2023/1766 2316/2022/1765 2304/2010/1753
f 2306/2012/1755 2318/2024/1767 2317/2023/1766 2305/2011/1754
f 2307/2013/1756 2319/2025/1768 2318/2024/1767 2306/2012/1755
f 2308/2014/1757 2320/2026/1769 2319/2025/1768 2307/2013/1756
f 2309/2015/1758 2321/2027/1770 2320/2026/1769 2308/2014/1757
f 2310/2016/1759 2322/2028/1771 2321/2027/1770 2309/2015/1758
f 2311/2017/1760 2323/2029/1772 2322/2028/1771 2310/2016/1759
f 2312/2018/1761 2324/2030/1773 2323/2029/1772 2311/2017/1760
f 2314/2019/1762 562/2031/11 561/24/14 2313/2020/1763
f 2315/2021/1764 563/2032/15 562/2031/11 2314/2019/1762
f 2316/2022/1765 564/2033/17 563/2032/15 2315/2021/1764
f 2317/2023/1766 565/2034/19 564/2033/17 2316/2022/1765
f 2318/2024/1767 566/2035/21 565/2034/19 2317/2023/1766
f 2319/2025/1768 567/2036/23 566/2035/21 2318/2024/1767
f 2320/2026/1769 568/2037/25 567/2036/23 2319/2025/1768
f 2321/2027/1770 569/2038/27 568/2037/25 2320/2026/1769
f 2322/2028/1771 570/2039/29 569/2038/27 2321/2027/1770
f 2323/2029/1772 571/2040/31 570/2039/29 2322/2028/1771
f 2324/2030/1773 572/2041/33 571/2040/31 2323/2029/1772
f 2326/276/1774 2338/2042/1775 2337/2043/1776 2325/78/1777
f 2327/279/1778 2339/2044/1779 2338/2042/1775 2326/276/1774
f 2328/281/1780 2340/2045/1781 2339/2044/1779 2327/279/1778
f 2329/283/1782 2341/2046/1783 2340/2045/1781 2328/281/1780
f 2330/285/1784 2342/2047/1785 2341/2046/1783 2329/283/1782
f 2331/287/1786 2343/2048/1787 2342/2047/1785 2330/285/1784
f 2332/289/1788 2344/2049/1789 2343/2048/1787 2331/287/1786
f 2333/291/1790 2345/2050/1791 2344/2049/1789 2332/289/1788
f 2334/293/1792 2346/2051/1793 2345/2050/1791 2333/291/1790
f 2335/295/1794 2347/2052/1795 2346/2051/1793 2334/293/1792
f 2336/297/1796 2348/2053/1776 2347/2052/1795 2335/295/1794
f 2338/2042/1775 2350/2054/1797 2349/2055/1798 2337/2043/1776
f 2339/2044/1779 2351/2056/1799 2350/2054/1797 2338/2042/1775
f 2340/2045/1781 2352/2057/1800 2351/2056/1799 2339/2044/1779
f 2341/2046/1783 2353/2058/1801 2352/2057/1800 2340/2045/1781
f 2342/2047/1785 2354/2059/1802 2353/2058/1801 2341/2046/1783
f 2343/2048/1787 2355/2060/1803 2354/2059/1802 2342/2047/1785
f 2344/2049/1789 2356/2061/1804 2355/2060/1803 2343/2048/1787
f 2345/2050/1791 2357/2062/1805 2356/2061/1804 2344/2049/1789
f 2346/2051/1793 2358/2063/1806 2357/2062/1805 2345/2050/1791
f 2347/2052/1795 2359/2064/1807 2358/2063/1806 2346/2051/1793
f 2348/2053/1776 2360/2065/1808 2359/2064/1807 2347/2052/1795
f 2350/2054/1797 2362/2066/1809 2361/2067/1810 2349/2055/1798
f 2351/2056/1799 2363/2068/1811 2362/2066/1809 2350/2054/1797
f 2352/2057/1800 2364/2069/1812 2363/2068/1811 2351/2056/1799
f 2353/2058/1801 2365/2070/1813 2364/2069/1812 2352/2057/1800
f 2354/2059/1802 2366/2071/1814 2365/2070/1813 2353/2058/1801
f 2355/2060/1803 2367/2072/1815 2366/2071/1814 2354/2059/1802
f 2356/2061/1804 2368/2073/1816 2367/2072/1815 2355/2060/1803
f 2357/2062/1805 2369/2074/1817 2368/2073/1816 2356/2061/1804
f 2358/2063/1806 2370/2075/1818 2369/2074/1817 2357/2062/1805
f 2359/2064/1807 2371/2076/1819 2370/2075/1818 2358/2063/1806
f 2360/2065/1808 2372/2077/1820 2371/2076/1819 2359/2064/1807
f 2362/2066/1809 2374/2078/1821 2373/2079/1822 2361/2067/1810
f 2363/2068/1811 2375/2080/1823 2374/2078/1821 2362/2066/1809
f 2364/2069/1812 2376/2081/1824 2375/2080/1823 2363/2068/1811
f 2365/2070/1813 2377/2082/1825 2376/2081/1824 2364/2069/1812
f 2366/2071/1814 2378/2083/1826 2377/2082/1825 2365/2070/1813
f 2367/2072/1815 2379/2084/1827 2378/2083/1826 2366/2071/1814
f 2368/2073/1816 2380/2085/1828 2379/2084/1827 2367/2072/1815
f 2369/2074/1817 2381/2086/1829 2380/2085/1828 2368/2073/1816
f 2370/2075/1818 2382/2087/1830 2381/2086/1829 2369/2074/1817
f 2371/2076/1819 2383/2088/1831 2382/2087/1830 2370/2075/1818
f 2372/2077/1820 2384/2089/1832 2383/2088/1831 2371/2076/1819
f 2374/2078/1821 2386/2090/1833 2385/66/1834 2373/2079/1822
f 2375/2080/1823 2387/2091/1835 2386/2090/1833 2374/2078/1821
f 2376/2081/1824 2388/2092/1836 2387/2091/1835 2375/2080/1823
f 2377/2082/1825 2389/2093/1837 2388/2092/1836 2376/2081/1824
f 2378/2083/1826 2390/2094/1838 2389/2093/1837 2377/2082/1825
f 2379/2084/1827 2391/2095/1839 2390/2094/1838 2378/2083/1826
f 2380/2085/1828 2392/2096/1840 2391/2095/1839 2379/2084/1827
f 2381/2086/1829 2393/2097/1841 2392/2096/1840 2380/2085/1828
f 2382/2087/1830 2394/2098/1842 2393/2097/1841 2381/2086/1829
f 2383/2088/1831 2395/2099/1843 2394/2098/1842 2382/2087/1830
f 2384/2089/1832 2396/2100/1844 2395/2099/1843 2383/2088/1831
f 2386/2090/1833 2398/2101/1845 2397/2102/1846 2385/66/1834
f 2387/2091/1835 2399/2103/1847 2398/2101/1845 2386/2090/1833
f 2388/2092/1836 2400/2104/1848 2399/2103/1847 2387/2091/1835
f 2389/2093/1837 2401/2105/1849 2400/2104/1848 2388/2092/1836
f 2390/2094/1838 2402/2106/1850 2401/2105/1849 2389/2093/1837
f 2391/2095/1839 2403/2107/1851 2402/2106/1850 2390/2094/1838
f 2392/2096/1840 2404/2108/1852 2403/2107/1851 2391/2095/1839
f 2393/2097/1841 2405/2109/1853 2404/2108/1852 2392/2096/1840
f 2394/2098/1842 2406/2110/1854 2405/2109/1853 2393/2097/1841
f 2395/2099/1843 2407/2111/1855 2406/2110/1854 2394/2098/1842
f 2396/2100/1844 2408/2112/1856 2407/2111/1855 2395/2099/1843
f 2398/2101/1845 2410/2113/1857 2409/2114/1858 2397/2102/1846
f 2399/2103/1847 2411/2115/1859 2410/2113/1857 2398/2101/1845
f 2400/2104/1848 2412/2116/1860 2411/2115/1859 2399/2103/1847
f 2401/2105/1849 2413/2117/1861 2412/2116/1860 2400/2104/1848
f 2402/2106/1850 2414/2118/1862 2413/2117/1861 2401/2105/1849
f 2403/2107/1851 2415/2119/1863 2414/2118/1862 2402/2106/1850
f 2404/2108/1852 2416/2120/1864 2415/2119/1863 2403/2107/1851
f 2405/2109/1853 2417/2121/1865 2416/2120/1864 2404/2108/1852
f 2406/2110/1854 2418/2122/1866 2417/2121/1865 2405/2109/1853
f 2407/2111/1855 2419/2123/1867 2418/2122/1866 2406/2110/1854
f 2408/2112/1856 2420/2124/1868 2419/2123/1867 2407/2111/1855
f 2410/2113/1857 2422/2125/1869 2421/2126/1870 2409/2114/1858
f 2411/2115/1859 2423/2127/1871 2422/2125/1869 2410/2113/1857
f 2412/2116/1860 2424/2128/1872 2423/2127/1871 2411/2115/1859
f 2413/2117/1861 2425/2129/1873 2424/2128/1872 2412/2116/1860
f 2414/2118/1862 2426/2130/1874 2425/2129/1873 2413/2117/1861
f 2415/2119/1863 2427/2131/1875 2426/2130/1874 2414/2118/1862
f 2416/2120/1864 2428/2132/1876 2427/2131/1875 2415/2119/1863
f 2417/2121/1865 2429/2133/1877 2428/2132/1876 2416/2120/1864
f 2418/2122/1866 2430/2134/1878 2429/2133/1877 2417/2121/1865
f 2419/2123/1867 2431/2135/1879 2430/2134/1878 2418/2122/1866
f 2420/2124/1868 2432/2136/1880 2431/2135/1879 2419/2123/1867
f 2422/2125/1869 2434/2137/1881 2433/2138/1882 2421/2126/1870
f 2423/2127/1871 2435/2139/1883 2434/2137/1881 2422/2125/1869
f 2424/2128/1872 2436/2140/1884 2435/2139/1883 2423/2127/1871
f 2425/2129/1873 2437/2141/1885 2436/2140/1884 2424/2128/1872
f 2426/2130/1874 2438/2142/1886 2437/2141/1885 2425/2129/1873
f 2427/2131/1875 2439/2143/1887 2438/2142/1886 2426/2130/1874
f 2428/2132/1876 2440/2144/1888 2439/2143/1887 2427/2131/1875
f 2429/2133/1877 2441/2145/1889 2440/2144/1888 2428/2132/1876
f 2430/2134/1878 2442/2146/1890 2441/2145/1889 2429/2133/1877
f 2431/2135/1879 2443/2147/1891 2442/2146/1890 2430/2134/1878
f 2432/2136/1880 2444/2148/1892 2443/2147/1891 2431/2135/1879
f 2434/2137/1881 2446/2149/1893 2445/47/1894 2433/2138/1882
f 2435/2139/1883 2447/2150/1895 2446/2149/1893 2434/2137/1881
f 2436/2140/1884 2448/2151/1896 2447/2150/1895 2435/2139/1883
f 2437/2141/1885 2449/2152/1897 2448/2151/1896 2436/2140/1884
f 2438/2142/1886 2450/2153/1898 2449/2152/1897 2437/2141/1885
f 2439/2143/1887 2451/2154/1899 2450/2153/1898 2438/2142/1886
f 2440/2144/1888 2452/2155/1900 2451/2154/1899 2439/2143/1887
f 2441/2145/1889 2453/2156/1901 2452/2155/1900 2440/2144/1888
f 2442/2146/1890 2454/2157/1902 2453/2156/1901 2441/2145/1889
f 2443/2147/1891 2455/2158/1903 2454/2157/1902 2442/2146/1890
f 2444/2148/1892 2456/2159/1904 2455/2158/1903 2443/2147/1891
f 2446/2149/1893 2458/2160/1905 2457/2161/1906 2445/47/1894
f 2447/2150/1895 2459/2162/1907 2458/2160/1905 2446/2149/1893
f 2448/2151/1896 2460/2163/1908 2459/2162/1907 2447/2150/1895
f 2449/2152/1897 2461/2164/1909 2460/2163/1908 2448/2151/1896
f 2450/2153/1898 2462/2165/1910 2461/2164/1909 2449/2152/1897
f 2451/2154/1899 2463/2166/1911 2462/2165/1910 2450/2153/1898
f 2452/2155/1900 2464/2167/1912 2463/2166/1911 2451/2154/1899
f 2453/2156/1901 2465/2168/1913 2464/2167/1912 2452/2155/1900
f 2454/2157/1902 2466/2169/1914 2465/2168/1913 2453/2156/1901
f 2455/2158/1903 2467/2170/1915 2466/2169/1914 2454/2157/1902
f 2456/2159/1904 2468/2171/1916 2467/2170/1915 2455/2158/1903
f 2458/2160/1905 2470/2172/1917 2469/2173/1918 2457/2161/1906
f 2459/2162/1907 2471/2174/1919 2470/2172/1917 2458/2160/1905
f 2460/2163/1908 2472/2175/1920 2471/2174/1919 2459/2162/1907
f 2461/2164/1909 2473/2176/1921 2472/2175/1920 2460/2163/1908
f 2462/2165/1910 2474/2177/1922 2473/2176/1921 2461/2164/1909
f 2463/2166/1911 2475/2178/1923 2474/2177/1922 2462/2165/1910
f 2464/2167/1912 2476/2179/1924 2475/2178/1923 2463/2166/1911
f 2465/2168/1913 2477/2180/1925 2476/2179/1924 2464/2167/1912
f 2466/2169/1914 2478/2181/1926 2477/2180/1925 2465/2168/1913
f 2467/2170/1915 2479/2182/1927 2478/2181/1926 2466/2169/1914
f 2468/2171/1916 2480/2183/1928 2479/2182/1927 2467/2170/1915
f 2470/2172/1917 2482/2184/1929 2481/2185/1930 2469/2173/1918
f 2471/2174/1919 2483/2186/1931 2482/2184/1929 2470/2172/1917
f 2472/2175/1920 2484/2187/1932 2483/2186/1931 2471/2174/1919
f 2473/2176/1921 2485/2188/1933 2484/2187/1932 2472/2175/1920
f 2474/2177/1922 2486/2189/1934 2485/2188/1933 2473/2176/1921
f 2475/2178/1923 2487/2190/1935 2486/2189/1934 2474/2177/1922
f 2476/2179/1924 2488/2191/1936 2487/2190/1935 2475/2178/1923
f 2477/2180/1925 2489/2192/1937 2488/2191/1936 2476/2179/1924
f 2478/2181/1926 2490/2193/1938 2489/2192/1937 2477/2180/1925
f 2479/2182/1927 2491/2194/1939 2490/2193/1938 2478/2181/1926
f 2480/2183/1928 2492/2195/1940 2491/2194/1939 2479/2182/1927
f 2482/2184/1929 2494/2196/1941 2493/2197/1942 2481/2185/1930
f 2483/2186/1931 2495/2198/1943 2494/2196/1941 2482/2184/1929
f 2484/2187/1932 2496/2199/1944 2495/2198/1943 2483/2186/1931
f 2485/2188/1933 2497/2200/1945 2496/2199/1944 2484/2187/1932
f 2486/2189/1934 2498/2201/1946 2497/2200/1945 2485/2188/1933
f 2487/2190/1935 2499/2202/1947 2498/2201/1946 2486/2189/1934
f 2488/2191/1936 2500/2203/1948 2499/2202/1947 2487/2190/1935
f 2489/2192/1937 2501/2204/1949 2500/2203/1948 2488/2191/1936
f 2490/2193/1938 2502/2205/1950 2501/2204/1949 2489/2192/1937
f 2491/2194/1939 2503/2206/1951 2502/2205/1950 2490/2193/1938
f 2492/2195/1940 2504/2207/1952 2503/2206/1951 2491/2194/1939
f 2494/2196/1941 2506/2208/1953 2505/16/1954 2493/2197/1942
f 2495/2198/1943 2507/2209/1955 2506/2208/1953 2494/2196/1941
f 2496/2199/1944 2508/2210/1956 2507/2209/1955 2495/2198/1943
f 2497/2200/1945 2509/2211/1957 2508/2210/1956 2496/2199/1944
f 2498/2201/1946 2510/2212/1958 2509/2211/1957 2497/2200/1945
f 2499/2202/1947 2511/2213/1959 2510/2212/1958 2498/2201/1946
f 2500/2203/1948 2512/2214/1960 2511/2213/1959 2499/2202/1947
f 2501/2204/1949 2513/2215/1961 2512/2214/1960 2500/2203/1948
f 2502/2205/1950 2514/2216/1962 2513/2215/1961 2501/2204/1949
f 2503/2206/1951 2515/2217/1963 2514/2216/1962 2502/2205/1950
f 2504/2207/1952 2516/2218/1964 2515/2217/1963 2503/2206/1951
f 2506/2208/1953 2518/2219/1965 2517/2220/1966 2505/16/1954
f 2507/2209/1955 2519/2221/1967 2518/2219/1965 2506/2208/1953
f 2508/2210/1956 2520/2222/1968 2519/2221/1967 2507/2209/1955
f 2509/2211/1957 2521/2223/1969 2520/2222/1968 2508/2210/1956
f 2510/2212/1958 2522/2224/1970 2521/2223/1969 2509/2211/1957
f 2511/2213/1959 2523/2225/1971 2522/2224/1970 2510/2212/1958
f 2512/2214/1960 2524/2226/1972 2523/2225/1971 2511/2213/1959
f 2513/2215/1961 2525/2227/1973 2524/2226/1972 2512/2214/1960
f 2514/2216/1962 2526/2228/1974 2525/2227/1973 2513/2215/1961
f 2515/2217/1963 2527/2229/1975 2526/2228/1974 2514/2216/1962
f 2516/2218/1964 2528/2230/1976 2527/2229/1975 2515/2217/1963
f 2518/2219/1965 2530/2231/1977 2529/2232/1978 2517/2220/1966
f 2519/2221/1967 2531/2233/1979 2530/2231/1977 2518/2219/1965
f 2520/2222/1968 2532/2234/1980 2531/2233/1979 2519/2221/1967
f 2521/2223/1969 2533/2235/1981 2532/2234/1980 2520/2222/1968
f 2522/2224/1970 2534/2236/1982 2533/2235/1981 2521/2223/1969
f 2523/2225/1971 2535/2237/1983 2534/2236/1982 2522/2224/1970
f 2524/2226/1972 2536/2238/1984 2535/2237/1983 2523/2225/1971
f 2525/2227/1973 2537/2239/1985 2536/2238/1984 2524/2226/1972
f 2526/2228/1974 2538/2240/1986 2537/2239/1985 2525/2227/1973
f 2527/2229/1975 2539/2241/1987 2538/2240/1986 2526/2228/1974
f 2528/2230/1976 2540/2242/1988 2539/2241/1987 2527/2229/1975
f 2530/2231/1977 2542/2243/1989 2541/2244/1990 2529/2232/1978
f 2531/2233/1979 2543/2245/1991 2542/2243/1989 2530/2231/1977
f 2532/2234/1980 2544/2246/1992 2543/2245/1991 2531/2233/1979
f 2533/2235/1981 2545/2247/1993 2544/2246/1992 2532/2234/1980
f 2534/2236/1982 2546/2248/1994 2545/2247/1993 2533/2235/1981
f 2535/2237/1983 2547/2249/1995 2546/2248/1994 2534/2236/1982
f 2536/2238/1984 2548/2250/1996 2547/2249/1995 2535/2237/1983
f 2537/2239/1985 2549/2251/1997 2548/2250/1996 2536/2238/1984
f 2538/2240/1986 2550/2252/1998 2549/2251/1997 2537/2239/1985
f 2539/2241/1987 2551/2253/1999 2550/2252/1998 2538/2240/1986
f 2540/2242/1988 2552/2254/2000 2551/2253/1999 2539/2241/1987
f 2542/2243/1989 2554/2255/2001 2553/2256/2002 2541/2244/1990
f 2543/2245/1991 2555/2257/2003 2554/2255/2001 2542/2243/1989
f 2544/2246/1992 2556/2258/2004 2555/2257/2003 2543/2245/1991
f 2545/2247/1993 2557/2259/2005 2556/2258/2004 2544/2246/1992
f 2546/2248/1994 2558/2260/2006 2557/2259/2005 2545/2247/1993
f 2547/2249/1995 2559/2261/2007 2558/2260/2006 2546/2248/1994
f 2548/2250/1996 2560/2262/2008 2559/2261/2007 2547/2249/1995
f 2549/2251/1997 2561/2263/2009 2560/2262/2008 2548/2250/1996
f 2550/2252/1998 2562/2264/2010 2561/2263/2009 2549/2251/1997
f 2551/2253/1999 2563/2265/2011 2562/2264/2010 2550/2252/1998
f 2552/2254/2000 2564/2266/2012 2563/2265/2011 2551/2253/1999
f 2554/2255/2001 2566/2267/2013 2565/10/2014 2553/2256/2002
f 2555/2257/2003 2567/2268/2015 2566/2267/2013 2554/2255/2001
f 2556/2258/2004 2568/2269/2016 2567/2268/2015 2555/2257/2003
f 2557/2259/2005 2569/2270/2017 2568/2269/2016 2556/2258/2004
f 2558/2260/2006 2570/2271/2018 2569/2270/2017 2557/2259/2005
f 2559/2261/2007 2571/2272/2019 2570/2271/2018 2558/2260/2006
f 2560/2262/2008 2572/2273/2020 2571/2272/2019 2559/2261/2007
f 2561/2263/2009 2573/2274/2021 2572/2273/2020 2560/2262/2008
f 2562/2264/2010 2574/2275/2022 2573/2274/2021 2561/2263/2009
f 2563/2265/2011 2575/2276/2023 2574/2275/2022 2562/2264/2010
f 2564/2266/2012 2576/2277/2024 2575/2276/2023 2563/2265/2011
f 2566/2267/2013 2578/2278/2025 2577/2279/2026 2565/10/2014
f 2567/2268/2015 2579/2280/2027 2578/2278/2025 2566/2267/2013
f 2568/2269/2016 2580/2281/2028 2579/2280/2027 2567/2268/2015
f 2569/2270/2017 2581/2282/2029 2580/2281/2028 2568/2269/2016
f 2570/2271/2018 2582/2283/2030 2581/2282/2029 2569/2270/2017
f 2571/2272/2019 2583/2284/2031 2582/2283/2030 2570/2271/2018
f 2572/2273/2020 2584/2285/2032 2583/2284/2031 2571/2272/2019
f 2573/2274/2021 2585/2286/2033 2584/2285/2032 2572/2273/2020
f 2574/2275/2022 2586/2287/2034 2585/2286/2033 2573/2274/2021
f 2575/2276/2023 2587/2288/2035 2586/2287/2034 2574/2275/2022
f 2576/2277/2024 2588/2289/2036 2587/2288/2035 2575/2276/2023
f 2578/2278/2025 2590/2290/2037 2589/2291/2038 2577/2279/2026
f 2579/2280/2027 2591/2292/2039 2590/2290/2037 2578/2278/2025
f 2580/2281/2028 2592/2293/2040 2591/2292/2039 2579/2280/2027
f 2581/2282/2029 2593/2294/2041 2592/2293/2040 2580/2281/2028
f 2582/2283/2030 2594/2295/2042 2593/2294/2041 2581/2282/2029
f 2583/2284/2031 2595/2296/2043 2594/2295/2042 2582/2283/2030
f 2584/2285/2032 2596/2297/2044 2595/2296/2043 2583/2284/2031
f 2585/2286/2033 2597/2298/2045 2596/2297/2044 2584/2285/2032
f 2586/2287/2034 2598/2299/2046 2597/2298/2045 2585/2286/2033
f 2587/2288/2035 2599/2300/2047 2598/2299/2046 2586/2287/2034
f 2588/2289/2036 2600/2301/2048 2599/2300/2047 2587/2288/2035
f 2590/2290/2037 2602/2302/2049 2601/2303/2050 2589/2291/2038
f 2591/2292/2039 2603/2304/2051 2602/2302/2049 2590/2290/2037
f 2592/2293/2040 2604/2305/2052 2603/2304/2051 2591/2292/2039
f 2593/2294/2041 2605/2306/2053 2604/2305/2052 2592/2293/2040
f 2594/2295/2042 2606/2307/2054 2605/2306/2053 2593/2294/2041
f 2595/2296/2043 2607/2308/2055 2606/2307/2054 2594/2295/2042
f 2596/2297/2044 2608/2309/2056 2607/2308/2055 2595/2296/2043
f 2597/2298/2045 2609/2310/2057 2608/2309/2056 2596/2297/2044
f 2598/2299/2046 2610/2311/2058 2609/2310/2057 2597/2298/2045
f 2599/2300/2047 2611/2312/2059 2610/2311/2058 2598/2299/2046
f 2600/2301/2048 2612/2313/2060 2611/2312/2059 2599/2300/2047
f 2602/2302/2049 2614/2314/2061 2613/2315/2062 2601/2303/2050
f 2603/2304/2051 2615/2316/2063 2614/2314/2061 2602/2302/2049
f 2604/2305/2052 2616/2317/2064 2615/2316/2063 2603/2304/2051
f 2605/2306/2053 2617/2318/2065 2616/2317/2064 2604/2305/2052
f 2606/2307/2054 2618/2319/2066 2617/2318/2065 2605/2306/2053
f 2607/2308/2055 2619/2320/2067 2618/2319/2066 2606/2307/2054
f 2608/2309/2056 2620/2321/2068 2619/2320/2067 2607/2308/2055
f 2609/2310/2057 2621/2322/2069 2620/2321/2068 2608/2309/2056
f 2610/2311/2058 2622/2323/2070 2621/2322/2069 2609/2310/2057
f 2611/2312/2059 2623/2324/2071 2622/2323/2070 2610/2311/2058
f 2612/2313/2060 2624/2325/2072 2623/2324/2071 2611/2312/2059
f 2614/2314/2061 2626/2326/2073 2625/19/2074 2613/2315/2062
f 2615/2316/2063 2627/2327/2075 2626/2326/2073 2614/2314/2061
f 2616/2317/2064 2628/2328/2076 2627/2327/2075 2615/2316/2063
f 2617/2318/2065 2629/2329/2077 2628/2328/2076 2616/2317/2064
f 2618/2319/2066 2630/2330/2078 2629/2329/2077 2617/2318/2065
f 2619/2320/2067 2631/2331/2079 2630/2330/2078 2618/2319/2066
f 2620/2321/2068 2632/2332/2080 2631/2331/2079 2619/2320/2067
f 2621/2322/2069 2633/2333/2081 2632/2332/2080 2620/2321/2068
f 2622/2323/2070 2634/2334/2082 2633/2333/2081 2621/2322/2069
f 2623/2324/2071 2635/2335/2083 2634/2334/2082 2622/2323/2070
f 2624/2325/2072 2636/2336/2084 2635/2335/2083 2623/2324/2071
f 2626/2326/2073 2638/2337/2085 2637/2338/2086 2625/19/2074
f 2627/2327/2075 2639/2339/2087 2638/2337/2085 2626/2326/2073
f 2628/2328/2076 2640/2340/2088 2639/2339/2087 2627/2327/2075
f 2629/2329/2077 2641/2341/2089 2640/2340/2088 2628/2328/2076
f 2630/2330/2078 2642/2342/2090 2641/2341/2089 2629/2329/2077
f 2631/2331/2079 2643/2343/2091 2642/2342/2090 2630/2330/2078
f 2632/2332/2080 2644/2344/2092 2643/2343/2091 2631/2331/2079
f 2633/2333/2081 2645/2345/2093 2644/2344/2092 2632/2332/2080
f 2634/2334/2082 2646/2346/2094 2645/2345/2093 2633/2333/2081
f 2635/2335/2083 2647/2347/2095 2646/2346/2094 2634/2334/2082
f 2636/2336/2084 2648/2348/2096 2647/2347/2095 2635/2335/2083
f 2638/2337/2085 2650/2349/2097 2649/2350/2098 2637/2338/2086
f 2639/2339/2087 2651/2351/2099 2650/2349/2097 2638/2337/2085
f 2640/2340/2088 2652/2352/2100 2651/2351/2099 2639/2339/2087
f 2641/2341/2089 2653/2353/2101 2652/2352/2100 2640/2340/2088
f 2642/2342/2090 2654/2354/2102 2653/2353/2101 2641/2341/2089
f 2643/2343/2091 2655/2355/2103 2654/2354/2102 2642/2342/2090
f 2644/2344/2092 2656/2356/2104 2655/2355/2103 2643/2343/2091
f 2645/2345/2093 2657/2357/2105 2656/2356/2104 2644/2344/2092
f 2646/2346/2094 2658/2358/2106 2657/2357/2105 2645/2345/2093
f 2647/2347/2095 2659/2359/2107 2658/2358/2106 2646/2346/2094
f 2648/2348/2096 2660/2360/2108 2659/2359/2107 2647/2347/2095
f 2650/2349/2097 2662/2361/2109 2661/2362/2110 2649/2350/2098
f 2651/2351/2099 2663/2363/2111 2662/2361/2109 2650/2349/2097
f 2652/2352/2100 2664/2364/2112 2663/2363/2111 2651/2351/2099
f 2653/2353/2101 2665/2365/2113 2664/2364/2112 2652/2352/2100
f 2654/2354/2102 2666/2366/2114 2665/2365/2113 2653/2353/2101
f 2655/2355/2103 2667/2367/2115 2666/2366/2114 2654/2354/2102
f 2656/2356/2104 2668/2368/2116 2667/2367/2115 2655/2355/2103
f 2657/2357/2105 2669/2369/2117 2668/2368/2116 2656/2356/2104
f 2658/2358/2106 2670/2370/2118 2669/2369/2117 2657/2357/2105
f 2659/2359/2107 2671/2371/2119 2670/2370/2118 2658/2358/2106
f 2660/2360/2108 2672/2372/2120 2671/2371/2119 2659/2359/2107
f 2662/2361/2109 2674/2373/2121 2673/2374/2122 2661/2362/2110
f 2663/2363/2111 2675/2375/2123 2674/2373/2121 2662/2361/2109
f 2664/2364/2112 2676/2376/2124 2675/2375/2123 2663/2363/2111
f 2665/2365/2113 2677/2377/2125 2676/2376/2124 2664/2364/2112
f 2666/2366/2114 2678/2378/2126 2677/2377/2125 2665/2365/2113
f 2667/2367/2115 2679/2379/2127 2678/2378/2126 2666/2366/2114
f 2668/2368/2116 2680/2380/2128 2679/2379/2127 2667/2367/2115
f 2669/2369/2117 2681/2381/2129 2680/2380/2128 2668/2368/2116
f 2670/2370/2118 2682/2382/2130 2681/2381/2129 2669/2369/2117
f 2671/2371/2119 2683/2383/2131 2682/2382/2130 2670/2370/2118
f 2672/2372/2120 2684/2384/2132 2683/2383/2131 2671/2371/2119
f 2674/2373/2121 2686/2385/2133 2685/21/2134 2673/2374/2122
f 2675/2375/2123 2687/2386/2135 2686/2385/2133 2674/2373/2121
f 2676/2376/2124 2688/2387/2136 2687/2386/2135 2675/2375/2123
f 2677/2377/2125 2689/2388/2137 2688/2387/2136 2676/2376/2124
f 2678/2378/2126 2690/2389/2138 2689/2388/2137 2677/2377/2125
f 2679/2379/2127 2691/2390/2139 2690/2389/2138 2678/2378/2126
f 2680/2380/2128 2692/2391/2140 2691/2390/2139 2679/2379/2127
f 2681/2381/2129 2693/2392/2141 2692/2391/2140 2680/2380/2128
f 2682/2382/2130 2694/2393/2142 2693/2392/2141 2681/2381/2129
f 2683/2383/2131 2695/2394/2143 2694/2393/2142 2682/2382/2130
f 2684/2384/2132 2696/2395/2144 2695/2394/2143 2683/2383/2131
f 2686/2385/2133 2698/2396/2145 2697/2397/2146 2685/21/2134
f 2687/2386/2135 2699/2398/2147 2698/2396/2145 2686/2385/2133
f 2688/2387/2136 2700/2399/2148 2699/2398/2147 2687/2386/2135
f 2689/2388/2137 2701/2400/2149 2700/2399/2148 2688/2387/2136
f 2690/2389/2138 2702/2401/2150 2701/2400/2149 2689/2388/2137
f 2691/2390/2139 2703/2402/2151 2702/2401/2150 2690/2389/2138
f 2692/2391/2140 2704/2403/2152 2703/2402/2151 2691/2390/2139
f 2693/2392/2141 2705/2404/2153 2704/2403/2152 2692/2391/2140
f 2694/2393/2142 2706/2405/2154 2705/2404/2153 2693/2392/2141
f 2695/2394/2143 2707/2406/2155 2706/2405/2154 2694/2393/2142
f 2696/2395/2144 2708/2407/2156 2707/2406/2155 2695/2394/2143
f 2698/2396/2145 2710/2408/2157 2709/2409/2158 2697/2397/2146
f 2699/2398/2147 2711/2410/2159 2710/2408/2157 2698/2396/2145
f 2700/2399/2148 2712/2411/2160 2711/2410/2159 2699/2398/2147
f 2701/2400/2149 2713/2412/2161 2712/2411/2160 2700/2399/2148
f 2702/2401/2150 2714/2413/2162 2713/2412/2161 2701/2400/2149
f 2703/2402/2151 2715/2414/2163 2714/2413/2162 2702/2401/2150
f 2704/2403/2152 2716/2415/2164 2715/2414/2163 2703/2402/2151
f 2705/2404/2153 2717/2416/2165 2716/2415/2164 2704/2403/2152
f 2706/2405/2154 2718/2417/2166 2717/2416/2165 2705/2404/2153
f 2707/2406/2155 2719/2418/2167 2718/2417/2166 2706/2405/2154
f 2708/2407/2156 2720/2419/2168 2719/2418/2167 2707/2406/2155
f 2710/2408/2157 2722/2420/2169 2721/2421/2170 2709/2409/2158
f 2711/2410/2159 2723/2422/2171 2722/2420/2169 2710/2408/2157
f 2712/2411/2160 2724/2423/2172 2723/2422/2171 2711/2410/2159
f 2713/2412/2161 2725/2424/2173 2724/2423/2172 2712/2411/2160
f 2714/2413/2162 2726/2425/2174 2725/2424/2173 2713/2412/2161
f 2715/2414/2163 2727/2426/2175 2726/2425/2174 2714/2413/2162
f 2716/2415/2164 2728/2427/2176 2727/2426/2175 2715/2414/2163
f 2717/2416/2165 2729/2428/2177 2728/2427/2176 2716/2415/2164
f 2718/2417/2166 2730/2429/2178 2729/2428/2177 2717/2416/2165
f 2719/2418/2167 2731/2430/2179 2730/2429/2178 2718/2417/2166
f 2720/2419/2168 2732/2431/2180 2731/2430/2179 2719/2418/2167
f 2722/2420/2169 2734/2432/2181 2733/2433/2182 2721/2421/2170
f 2723/2422/2171 2735/2434/2183 2734/2432/2181 2722/2420/2169
f 2724/2423/2172 2736/2435/2184 2735/2434/2183 2723/2422/2171
f 2725/2424/2173 2737/2436/2185 2736/2435/2184 2724/2423/2172
f 2726/2425/2174 2738/2437/2186 2737/2436/2185 2725/2424/2173
f 2727/2426/2175 2739/2438/2187 2738/2437/2186 2726/2425/2174
f 2728/2427/2176 2740/2439/2188 2739/2438/2187 2727/2426/2175
f 2729/2428/2177 2741/2440/2189 2740/2439/2188 2728/2427/2176
f 2730/2429/2178 2742/2441/2190 2741/2440/2189 2729/2428/2177
f 2731/2430/2179 2743/2442/2191 2742/2441/2190 2730/2429/2178
f 2732/2431/2180 2744/2443/2192 2743/2442/2191 2731/2430/2179
f 2734/2432/2181 2746/2444/2193 2745/36/2194 2733/2433/2182
f 2735/2434/2183 2747/2445/2195 2746/2444/2193 2734/2432/2181
f 2736/2435/2184 2748/2446/2196 2747/2445/2195 2735/2434/2183
f 2737/2436/2185 2749/2447/2197 2748/2446/2196 2736/2435/2184
f 2738/2437/2186 2750/2448/2198 2749/2447/2197 2737/2436/2185
f 2739/2438/2187 2751/2449/2199 2750/2448/2198 2738/2437/2186
f 2740/2439/2188 2752/2450/2200 2751/2449/2199 2739/2438/2187
f 2741/2440/2189 2753/2451/2201 2752/2450/2200 2740/2439/2188
f 2742/2441/2190 2754/2452/2202 2753/2451/2201 2741/2440/2189
f 2743/2442/2191 2755/2453/2203 2754/2452/2202 2742/2441/2190
f 2744/2443/2192 2756/2454/2204 2755/2453/2203 2743/2442/2191
f 2746/2444/2193 2758/2455/2205 2757/2456/2206 2745/36/2194
f 2747/2445/2195 2759/2457/2207 2758/2455/2205 2746/2444/2193
f 2748/2446/2196 2760/2458/2208 2759/2457/2207 2747/2445/2195
f 2749/2447/2197 2761/2459/2209 2760/2458/2208 2748/2446/2196
f 2750/2448/2198 2762/2460/2210 2761/2459/2209 2749/2447/2197
f 2751/2449/2199 2763/2461/2211 2762/2460/2210 2750/2448/2198
f 2752/2450/2200 2764/2462/2212 2763/2461/2211 2751/2449/2199
f 2753/2451/2201 2765/2463/2213 2764/2462/2212 2752/2450/2200
f 2754/2452/2202 2766/2464/2214 2765/2463/2213 2753/2451/2201
f 2755/2453/2203 2767/2465/2215 2766/2464/2214 2754/2452/2202
f 2756/2454/2204 2768/2466/2216 2767/2465/2215 2755/2453/2203
f 2758/2455/2205 2770/2467/2217 2769/2468/2218 2757/2456/2206
f 2759/2457/2207 2771/2469/2219 2770/2467/2217 2758/2455/2205
f 2760/2458/2208 2772/2470/2220 2771/2469/2219 2759/2457/2207
f 2761/2459/2209 2773/2471/2221 2772/2470/2220 2760/2458/2208
f 2762/2460/2210 2774/2472/2222 2773/2471/2221 2761/2459/2209
f 2763/2461/2211 2775/2473/2223 2774/2472/2222 2762/2460/2210
f 2764/2462/2212 2776/2474/2224 2775/2473/2223 2763/2461/2211
f 2765/2463/2213 2777/2475/2225 2776/2474/2224 2764/2462/2212
f 2766/2464/2214 2778/2476/2226 2777/2475/2225 2765/2463/2213
f 2767/2465/2215 2779/2477/2227 2778/2476/2226 2766/2464/2214
f 2768/2466/2216 2780/2478/2228 2779/2477/2227 2767/2465/2215
f 2770/2467/2217 2782/2479/2229 2781/2480/2230 2769/2468/2218
f 2771/2469/2219 2783/2481/2231 2782/2479/2229 2770/2467/2217
f 2772/2470/2220 2784/2482/2232 2783/2481/2231 2771/2469/2219
f 2773/2471/2221 2785/2483/2233 2784/2482/2232 2772/2470/2220
f 2774/2472/2222 2786/2484/2234 2785/2483/2233 2773/2471/2221
f 2775/2473/2223 2787/2485/2235 2786/2484/2234 2774/2472/2222
f 2776/2474/2224 2788/2486/2236 2787/2485/2235 2775/2473/2223
f 2777/2475/2225 2789/2487/2237 2788/2486/2236 2776/2474/2224
f 2778/2476/2226 2790/2488/2238 2789/2487/2237 2777/2475/2225
f 2779/2477/2227 2791/2489/2239 2790/2488/2238 2778/2476/2226
f 2780/2478/2228 2792/2490/2240 2791/2489/2239 2779/2477/2227
f 2782/2479/2229 2794/2491/2241 2793/2492/2242 2781/2480/2230
f 2783/2481/2231 2795/2493/2243 2794/2491/2241 2782/2479/2229
f 2784/2482/2232 2796/2494/2244 2795/2493/2243 2783/2481/2231
f 2785/2483/2233 2797/2495/2245 2796/2494/2244 2784/2482/2232
f 2786/2484/2234 2798/2496/2246 2797/2495/2245 2785/2483/2233
f 2787/2485/2235 2799/2497/2247 2798/2496/2246 2786/2484/2234
f 2788/2486/2236 2800/2498/2248 2799/2497/2247 2787/2485/2235
f 2789/2487/2237 2801/2499/2249 2800/2498/2248 2788/2486/2236
f 2790/2488/2238 2802/2500/2250 2801/2499/2249 2789/2487/2237
f 2791/2489/2239 2803/2501/2251 2802/2500/2250 2790/2488/2238
f 2792/2490/2240 2804/2502/2252 2803/2501/2251 2791/2489/2239
f 2794/2491/2241 2806/2503/2253 2805/43/2254 2793/2492/2242
f 2795/2493/2243 2807/2504/2255 2806/2503/2253 2794/2491/2241
f 2796/2494/2244 2808/2505/2256 2807/2504/2255 2795/2493/2243
f 2797/2495/2245 2809/2506/2257 2808/2505/2256 2796/2494/2244
f 2798/2496/2246 2810/2507/2258 2809/2506/2257 2797/2495/2245
f 2799/2497/2247 2811/2508/2259 2810/2507/2258 2798/2496/2246
f 2800/2498/2248 2812/2509/2260 2811/2508/2259 2799/2497/2247
f 2801/2499/2249 2813/2510/2261 2812/2509/2260 2800/2498/2248
f 2802/2500/2250 2814/2511/2262 2813/2510/2261 2801/2499/2249
f 2803/2501/2251 2815/2512/2263 2814/2511/2262 2802/2500/2250
f 2804/2502/2252 2816/2513/2264 2815/2512/2263 2803/2501/2251
f 2806/2503/2253 2818/2514/2265 2817/2515/2266 2805/43/2254
f 2807/2504/2255 2819/2516/2267 2818/2514/2265 2806/2503/2253
f 2808/2505/2256 2820/2517/2268 2819/2516/2267 2807/2504/2255
f 2809/2506/2257 2821/2518/2269 2820/2517/2268 2808/2505/2256
f 2810/2507/2258 2822/2519/2270 2821/2518/2269 2809/2506/2257
f 2811/2508/2259 2823/2520/2271 2822/2519/2270 2810/2507/2258
f 2812/2509/2260 2824/2521/2272 2823/2520/2271 2811/2508/2259
f 2813/2510/2261 2825/2522/2273 2824/2521/2272 2812/2509/2260
f 2814/2511/2262 2826/2523/2274 2825/2522/2273 2813/2510/2261
f 2815/2512/2263 2827/2524/2275 2826/2523/2274 2814/2511/2262
f 2816/2513/2264 2828/2525/2276 2827/2524/2275 2815/2512/2263
f 2818/2514/2265 2830/2526/2277 2829/2527/2278 2817/2515/2266
f 2819/2516/2267 2831/2528/2279 2830/2526/2277 2818/2514/2265
f 2820/2517/2268 2832/2529/2280 2831/2528/2279 2819/2516/2267
f 2821/2518/2269 2833/2530/2281 2832/2529/2280 2820/2517/2268
f 2822/2519/2270 2834/2531/2282 2833/2530/2281 2821/2518/2269
f 2823/2520/2271 2835/2532/2283 2834/2531/2282 2822/2519/2270
f 2824/2521/2272 2836/2533/2284 2835/2532/2283 2823/2520/2271
f 2825/2522/2273 2837/2534/2285 2836/2533/2284 2824/2521/2272
f 2826/2523/2274 2838/2535/2286 2837/2534/2285 2825/2522/2273
f 2827/2524/2275 2839/2536/2287 2838/2535/2286 2826/2523/2274
f 2828/2525/2276 2840/2537/2288 2839/2536/2287 2827/2524/2275
f 2830/2526/2277 2842/2538/2289 2841/2539/2290 2829/2527/2278
f 2831/2528/2279 2843/2540/2291 2842/2538/2289 2830/2526/2277
f 2832/2529/2280 2844/2541/2292 2843/2540/2291 2831/2528/2279
f 2833/2530/2281 2845/2542/2293 2844/2541/2292 2832/2529/2280
f 2834/2531/2282 2846/2543/2294 2845/2542/2293 2833/2530/2281
f 2835/2532/2283 2847/2544/2295 2846/2543/2294 2834/2531/2282
f 2836/2533/2284 2848/2545/2296 2847/2544/2295 2835/2532/2283
f 2837/2534/2285 2849/2546/2297 2848/2545/2296 2836/2533/2284
f 2838/2535/2286 2850/2547/2298 2849/2546/2297 2837/2534/2285
f 2839/2536/2287 2851/2548/2299 2850/2547/2298 2838/2535/2286
f 2840/2537/2288 2852/2549/2300 2851/2548/2299 2839/2536/2287
f 2842/2538/2289 2854/2550/2301 2853/2551/2302 2841/2539/2290
f 2843/2540/2291 2855/2552/2303 2854/2550/2301 2842/2538/2289
f 2844/2541/2292 2856/2553/2304 2855/2552/2303 2843/2540/2291
f 2845/2542/2293 2857/2554/2305 2856/2553/2304 2844/2541/2292
f 2846/2543/2294 2858/2555/2306 2857/2554/2305 2845/2542/2293
f 2847/2544/2295 2859/2556/2307 2858/2555/2306 2846/2543/2294
f 2848/2545/2296 2860/2557/2308 2859/2556/2307 2847/2544/2295
f 2849/2546/2297 2861/2558/2309 2860/2557/2308 2848/2545/2296
f 2850/2547/2298 2862/2559/2310 2861/2558/2309 2849/2546/2297
f 2851/2548/2299 2863/2560/2311 2862/2559/2310 2850/2547/2298
f 2852/2549/2300 2864/2561/2312 2863/2560/2311 2851/2548/2299
f 2854/2550/2301 2866/2562/2313 2865/54/2314 2853/2551/2302
f 2855/2552/2303 2867/2563/2315 2866/2562/2313 2854/2550/2301
f 2856/2553/2304 2868/2564/2316 2867/2563/2315 2855/2552/2303
f 2857/2554/2305 2869/2565/2317 2868/2564/2316 2856/2553/2304
f 2858/2555/2306 2870/2566/2318 2869/2565/2317 2857/2554/2305
f 2859/2556/2307 2871/2567/2319 2870/2566/2318 2858/2555/2306
f 2860/2557/2308 2872/2568/2320 2871/2567/2319 2859/2556/2307
f 2861/2558/2309 2873/2569/2321 2872/2568/2320 2860/2557/2308
f 2862/2559/2310 2874/2570/2322 2873/2569/2321 2861/2558/2309
f 2863/2560/2311 2875/2571/2323 2874/2570/2322 2862/2559/2310
f 2864/2561/2312 2876/2572/2324 2875/2571/2323 2863/2560/2311
f 2866/2562/2313 2878/2573/2325 2877/2574/2326 2865/54/2314
f 2867/2563/2315 2879/2575/2327 2878/2573/2325 2866/2562/2313
f 2868/2564/2316 2880/2576/2328 2879/2575/2327 2867/2563/2315
f 2869/2565/2317 2881/2577/2329 2880/2576/2328 2868/2564/2316
f 2870/2566/2318 2882/2578/2330 2881/2577/2329 2869/2565/2317
f 2871/2567/2319 2883/2579/2331 2882/2578/2330 2870/2566/2318
f 2872/2568/2320 2884/2580/2332 2883/2579/2331 2871/2567/2319
f 2873/2569/2321 2885/2581/2333 2884/2580/2332 2872/2568/2320
f 2874/2570/2322 2886/2582/2334 2885/2581/2333 2873/2569/2321
f 2875/2571/2323 2887/2583/2335 2886/2582/2334 2874/2570/2322
f 2876/2572/2324 2888/2584/2336 2887/2583/2335 2875/2571/2323
f 2878/2573/2325 2890/2585/2337 2889/2586/2338 2877/2574/2326
f 2879/2575/2327 2891/2587/2339 2890/2585/2337 2878/2573/2325
f 2880/2576/2328 2892/2588/2340 2891/2587/2339 2879/2575/2327
f 2881/2577/2329 2893/2589/2341 2892/2588/2340 2880/2576/2328
f 2882/2578/2330 2894/2590/2342 2893/2589/2341 2881/2577/2329
f 2883/2579/2331 2895/2591/2343 2894/2590/2342 2882/2578/2330
f 2884/2580/2332 2896/2592/2344 2895/2591/2343 2883/2579/2331
f 2885/2581/2333 2897/2593/2345 2896/2592/2344 2884/2580/2332
f 2886/2582/2334 2898/2594/2346 2897/2593/2345 2885/2581/2333
f 2887/2583/2335 2899/2595/2347 2898/2594/2346 2886/2582/2334
f 2888/2584/2336 2900/2596/2348 2899/2595/2347 2887/2583/2335
f 2890/2585/2337 2902/2597/2349 2901/2598/2350 2889/2586/2338
f 2891/2587/2339 2903/2599/2351 2902/2597/2349 2890/2585/2337
f 2892/2588/2340 2904/2600/2352 2903/2599/2351 2891/2587/2339
f 2893/2589/2341 2905/2601/2353 2904/2600/2352 2892/2588/2340
f 2894/2590/2342 2906/2602/2354 2905/2601/2353 2893/2589/2341
f 2895/2591/2343 2907/2603/2355 2906/2602/2354 2894/2590/2342
f 2896/2592/2344 2908/2604/2356 2907/2603/2355 2895/2591/2343
f 2897/2593/2345 2909/2605/2357 2908/2604/2356 2896/2592/2344
f 2898/2594/2346 2910/2606/2358 2909/2605/2357 2897/2593/2345
f 2899/2595/2347 2911/2607/2359 2910/2606/2358 2898/2594/2346
f 2900/2596/2348 2912/2608/2360 2911/2607/2359 2899/2595/2347
f 2902/2597/2349 2914/2609/2361 2913/2610/2362 2901/2598/2350
f 2903/2599/2351 2915/2611/2363 2914/2609/2361 2902/2597/2349
f 2904/2600/2352 2916/2612/2364 2915/2611/2363 2903/2599/2351
f 2905/2601/2353 2917/2613/2365 2916/2612/2364 2904/2600/2352
f 2906/2602/2354 2918/2614/2366 2917/2613/2365 2905/2601/2353
f 2907/2603/2355 2919/2615/2367 2918/2614/2366 2906/2602/2354
f 2908/2604/2356 2920/2616/2368 2919/2615/2367 2907/2603/2355
f 2909/2605/2357 2921/2617/2369 2920/2616/2368 2908/2604/2356
f 2910/2606/2358 2922/2618/2370 2921/2617/2369 2909/2605/2357
f 2911/2607/2359 2923/2619/2371 2922/2618/2370 2910/2606/2358
f 2912/2608/2360 2924/2620/2372 2923/2619/2371 2911/2607/2359
f 2914/2609/2361 2926/2621/2373 2925/65/2374 2913/2610/2362
f 2915/2611/2363 2927/2622/2375 2926/2621/2373 2914/2609/2361
f 2916/2612/2364 2928/2623/2376 2927/2622/2375 2915/2611/2363
f 2917/2613/2365 2929/2624/2377 2928/2623/2376 2916/2612/2364
f 2918/2614/2366 2930/2625/2378 2929/2624/2377 2917/2613/2365
f 2919/2615/2367 2931/2626/2379 2930/2625/2378 2918/2614/2366
f 2920/2616/2368 2932/2627/2380 2931/2626/2379 2919/2615/2367
f 2921/2617/2369 2933/2628/2381 2932/2627/2380 2920/2616/2368
f 2922/2618/2370 2934/2629/2382 2933/2628/2381 2921/2617/2369
f 2923/2619/2371 2935/2630/2383 2934/2629/2382 2922/2618/2370
f 2924/2620/2372 2936/2631/2384 2935/2630/2383 2923/2619/2371
f 2926/2621/2373 2938/2632/2385 2937/2633/2386 2925/65/2374
f 2927/2622/2375 2939/2634/2387 2938/2632/2385 2926/2621/2373
f 2928/2623/2376 2940/2635/2388 2939/2634/2387 2927/2622/2375
f 2929/2624/2377 2941/2636/2389 2940/2635/2388 2928/2623/2376
f 2930/2625/2378 2942/2637/2390 2941/2636/2389 2929/2624/2377
f 2931/2626/2379 2943/2638/2391 2942/2637/2390 2930/2625/2378
f 2932/2627/2380 2944/2639/2392 2943/2638/2391 2931/2626/2379
f 2933/2628/2381 2945/2640/2393 2944/2639/2392 2932/2627/2380
f 2934/2629/2382 2946/2641/2394 2945/2640/2393 2933/2628/2381
f 2935/2630/2383 2947/2642/2395 2946/2641/2394 2934/2629/2382
f 2936/2631/2384 2948/2643/2396 2947/2642/2395 2935/2630/2383
f 2938/2632/2385 2950/2644/2397 2949/2645/2398 2937/2633/2386
f 2939/2634/2387 2951/2646/2399 2950/2644/2397 2938/2632/2385
f 2940/2635/2388 2952/2647/2400 2951/2646/2399 2939/2634/2387
f 2941/2636/2389 2953/2648/2401 2952/2647/2400 2940/2635/2388
f 2942/2637/2390 2954/2649/2402 2953/2648/2401 2941/2636/2389
f 2943/2638/2391 2955/2650/2403 2954/2649/2402 2942/2637/2390
f 2944/2639/2392 2956/2651/2404 2955/2650/2403 2943/2638/2391
f 2945/2640/2393 2957/2652/2405 2956/2651/2404 2944/2639/2392
f 2946/2641/2394 2958/2653/2406 2957/2652/2405 2945/2640/2393
f 2947/2642/2395 2959/2654/2407 2958/2653/2406 2946/2641/2394
f 2948/2643/2396 2960/2655/2408 2959/2654/2407 2947/2642/2395
f 2950/2644/2397 2962/2656/2409 2961/2657/2410 2949/2645/2398
f 2951/2646/2399 2963/2658/2411 2962/2656/2409 2950/2644/2397
f 2952/2647/2400 2964/2659/2412 2963/2658/2411 2951/2646/2399
f 2953/2648/2401 2965/2660/2413 2964/2659/2412 2952/2647/2400
f 2954/2649/2402 2966/2661/2414 2965/2660/2413 2953/2648/2401
f 2955/2650/2403 2967/2662/2415 2966/2661/2414 2954/2649/2402
f 2956/2651/2404 2968/2663/2416 2967/2662/2415 2955/2650/2403
f 2957/2652/2405 2969/2664/2417 2968/2663/2416 2956/2651/2404
f 2958/2653/2406 2970/2665/2418 2969/2664/2417 2957/2652/2405
f 2959/2654/2407 2971/2666/2419 2970/2665/2418 2958/2653/2406
f 2960/2655/2408 2972/2667/2420 2971/2666/2419 2959/2654/2407
f 2962/2656/2409 2974/2668/2421 2973/2669/2422 2961/2657/2410
f 2963/2658/2411 2975/2670/2423 2974/2668/2421 2962/2656/2409
f 2964/2659/2412 2976/2671/2424 2975/2670/2423 2963/2658/2411
f 2965/2660/2413 2977/2672/2425 2976/2671/2424 2964/2659/2412
f 2966/2661/2414 2978/2673/2426 2977/2672/2425 2965/2660/2413
f 2967/2662/2415 2979/2674/2427 2978/2673/2426 2966/2661/2414
f 2968/2663/2416 2980/2675/2428 2979/2674/2427 2967/2662/2415
f 2969/2664/2417 2981/2676/2429 2980/2675/2428 2968/2663/2416
f 2970/2665/2418 2982/2677/2430 2981/2676/2429 2969/2664/2417
f 2971/2666/2419 2983/2678/2431 2982/2677/2430 2970/2665/2418
f 2972/2667/2420 2984/2679/2432 2983/2678/2431 2971/2666/2419
f 2974/2668/2421 2326/2031/1774 2325/24/1777 2973/2669/2422
f 2975/2670/2423 2327/2032/1778 2326/2031/1774 2974/2668/2421
f 2976/2671/2424 2328/2033/1780 2327/2032/1778 2975/2670/2423
f 2977/2672/2425 2329/2034/1782 2328/2033/1780 2976/2671/2424
f 2978/2673/2426 2330/2035/1784 2329/2034/1782 2977/2672/2425
f 2979/2674/2427 2331/2036/1786 2330/2035/1784 2978/2673/2426
f 2980/2675/2428 2332/2037/1788 2331/2036/1786 2979/2674/2427
f 2981/2676/2429 2333/2038/1790 2332/2037/1788 2980/2675/2428
f 2982/2677/2430 2334/2039/1792 2333/2038/1790 2981/2676/2429
f 2983/2678/2431 2335/2040/1794 2334/2039/1792 2982/2677/2430
f 2984/2679/2432 2336/2041/1796 2335/2040/1794 2983/2678/2431
f 2986/276/2433 2998/2680/2434 2997/2681/2435 2985/78/2436
f 2987/279/2437 2999/2682/2438 2998/2680/2434 2986/276/2433
f 2988/281/2439 3000/2683/2440 2999/2682/2438 2987/279/2437
f 2989/283/2441 3001/2684/2442 3000/2683/2440 2988/281/2439
f 2990/285/2443 3002/2685/2444 3001/2684/2442 2989/283/2441
f 2991/287/2445 3003/2686/2446 3002/2685/2444 2990/285/2443
f 2992/289/2447 3004/2687/2448 3003/2686/2446 2991/287/2445
f 2993/291/2449 3005/2688/2450 3004/2687/2448 2992/289/2447
f 2994/293/2451 3006/2689/2452 3005/2688/2450 2993/291/2449
f 2995/295/2453 3007/2690/2454 3006/2689/2452 2994/293/2451
f 2996/297/2455 3008/2691/2456 3007/2690/2454 2995/295/2453
f 2998/2680/2434 3010/2692/2457 3009/2693/2458 2997/2681/2435
f 2999/2682/2438 3011/2694/2459 3010/2692/2457 2998/2680/2434
f 3000/2683/2440 3012/2695/2460 3011/2694/2459 2999/2682/2438
f 3001/2684/2442 3013/2696/2461 3012/2695/2460 3000/2683/2440
f 3002/2685/2444 3014/2697/2462 3013/2696/2461 3001/2684/2442
f 3003/2686/2446 3015/2698/2463 3014/2697/2462 3002/2685/2444
f 3004/2687/2448 3016/2699/2464 3015/2698/2463 3003/2686/2446
f 3005/2688/2450 3017/2700/2465 3016/2699/2464 3004/2687/2448
f 3006/2689/2452 3018/2701/2466 3017/2700/2465 3005/2688/2450
f 3007/2690/2454 3019/2702/2467 3018/2701/2466 3006/2689/2452
f 3008/2691/2456 3020/2703/2468 3019/2702/2467 3007/2690/2454
f 3010/2692/2457 3022/2704/2469 3021/2705/2470 3009/2693/2458
f 3011/2694/2459 3023/2706/2471 3022/2704/2469 3010/2692/2457
f 3012/2695/2460 3024/2707/2472 3023/2706/2471 3011/2694/2459
f 3013/2696/2461 3025/2708/2473 3024/2707/2472 3012/2695/2460
f 3014/2697/2462 3026/2709/2474 3025/2708/2473 3013/2696/2461
f 3015/2698/2463 3027/2710/2475 3026/2709/2474 3014/2697/2462
f 3016/2699/2464 3028/2711/2476 3027/2710/2475 3015/2698/2463
f 3017/2700/2465 3029/2712/2477 3028/2711/2476 3016/2699/2464
f 3018/2701/2466 3030/2713/2478 3029/2712/2477 3017/2700/2465
f 3019/2702/2467 3031/2714/2479 3030/2713/2478 3018/2701/2466
f 3020/2703/2468 3032/2715/2480 3031/2714/2479 3019/2702/2467
f 3022/2704/2469 3034/2716/2481 3033/2717/2482 3021/2705/2470
f 3023/2706/2471 3035/2718/2483 3034/2716/2481 3022/2704/2469
f 3024/2707/2472 3036/2719/2484 3035/2718/2483 3023/2706/2471
f 3025/2708/2473 3037/2720/2485 3036/2719/2484 3024/2707/2472
f 3026/2709/2474 3038/2721/2486 3037/2720/2485 3025/2708/2473
f 3027/2710/2475 3039/2722/2487 3038/2721/2486 3026/2709/2474
f 3028/2711/2476 3040/2723/2488 3039/2722/2487 3027/2710/2475
f 3029/2712/2477 3041/2724/2489 3040/2723/2488 3028/2711/2476
f 3030/2713/2478 3042/2725/2490 3041/2724/2489 3029/2712/2477
f 3031/2714/2479 3043/2726/2491 3042/2725/2490 3030/2713/2478
f 3032/2715/2480 3044/2727/2492 3043/2726/2491 3031/2714/2479
f 3034/2716/2481 3046/2728/2493 3045/2729/2494 3033/2717/2482
f 3035/2718/2483 3047/2730/2495 3046/2728/2493 3034/2716/2481
f 3036/2719/2484 3048/2731/2496 3047/2730/2495 3035/2718/2483
f 3037/2720/2485 3049/2732/2497 3048/2731/2496 3036/2719/2484
f 3038/2721/2486 3050/2733/2498 3049/2732/2497 3037/2720/2485
f 3039/2722/2487 3051/2734/2499 3050/2733/2498 3038/2721/2486
f 3040/2723/2488 3052/2735/2500 3051/2734/2499 3039/2722/2487
f 3041/2724/2489 3053/2736/2501 3052/2735/2500 3040/2723/2488
f 3042/2725/2490 3054/2737/2502 3053/2736/2501 3041/2724/2489
f 3043/2726/2491 3055/2738/2503 3054/2737/2502 3042/2725/2490
f 3044/2727/2492 3056/2739/2504 3055/2738/2503 3043/2726/2491
f 3046/2728/2493 3058/2740/2505 3057/2741/2506 3045/2729/2494
f 3047/2730/2495 3059/2742/2507 3058/2740/2505 3046/2728/2493
f 3048/2731/2496 3060/2743/2508 3059/2742/2507 3047/2730/2495
f 3049/2732/2497 3061/2744/2509 3060/2743/2508 3048/2731/2496
f 3050/2733/2498 3062/2745/2510 3061/2744/2509 3049/2732/2497
f 3051/2734/2499 3063/2746/2511 3062/2745/2510 3050/2733/2498
f 3052/2735/2500 3064/2747/2512 3063/2746/2511 3051/2734/2499
f 3053/2736/2501 3065/2748/2513 3064/2747/2512 3052/2735/2500
f 3054/2737/2502 3066/2749/2514 3065/2748/2513 3053/2736/2501
f 3055/2738/2503 3067/2750/2515 3066/2749/2514 3054/2737/2502
f 3056/2739/2504 3068/2751/2516 3067/2750/2515 3055/2738/2503
f 3058/2740/2505 3070/2752/2517 3069/2753/2518 3057/2741/2506
f 3059/2742/2507 3071/2754/2519 3070/2752/2517 3058/2740/2505
f 3060/2743/2508 3072/2755/2520 3071/2754/2519 3059/2742/2507
f 3061/2744/2509 3073/2756/2521 3072/2755/2520 3060/2743/2508
f 3062/2745/2510 3074/2757/2522 3073/2756/2521 3061/2744/2509
f 3063/2746/2511 3075/2758/2523 3074/2757/2522 3062/2745/2510
f 3064/2747/2512 3076/2759/2524 3075/2758/2523 3063/2746/2511
f 3065/2748/2513 3077/2760/2525 3076/2759/2524 3064/2747/2512
f 3066/2749/2514 3078/2761/2526 3077/2760/2525 3065/2748/2513
f 3067/2750/2515 3079/2762/2527 3078/2761/2526 3066/2749/2514
f 3068/2751/2516 3080/2763/2528 3079/2762/2527 3067/2750/2515
f 3070/2752/2517 3082/2160/2529 3081/2161/2530 3069/2753/2518
f 3071/2754/2519 3083/2162/2531 3082/2160/2529 3070/2752/2517
f 3072/2755/2520 3084/2163/2532 3083/2162/2531 3071/2754/2519
f 3073/2756/2521 3085/2164/2533 3084/2163/2532 3072/2755/2520
f 3074/2757/2522 3086/2165/2534 3085/2164/2533 3073/2756/2521
f 3075/2758/2523 3087/2166/2535 3086/2165/2534 3074/2757/2522
f 3076/2759/2524 3088/2167/2536 3087/2166/2535 3075/2758/2523
f 3077/2760/2525 3089/2168/2537 3088/2167/2536 3076/2759/2524
f 3078/2761/2526 3090/2169/2538 3089/2168/2537 3077/2760/2525
f 3079/2762/2527 3091/2170/2539 3090/2169/2538 3078/2761/2526
f 3080/2763/2528 3092/2171/2540 3091/2170/2539 3079/2762/2527
f 3082/2160/2529 3094/2764/2541 3093/2765/2542 3081/2161/2530
f 3083/2162/2531 3095/2766/2543 3094/2764/2541 3082/2160/2529
f 3084/2163/2532 3096/2767/2544 3095/2766/2543 3083/2162/2531
f 3085/2164/2533 3097/2768/2545 3096/2767/2544 3084/2163/2532
f 3086/2165/2534 3098/2769/2546 3097/2768/2545 3085/2164/2533
f 3087/2166/2535 3099/2770/2547 3098/2769/2546 3086/2165/2534
f 3088/2167/2536 3100/2771/2548 3099/2770/2547 3087/2166/2535
f 3089/2168/2537 3101/2772/2549 3100/2771/2548 3088/2167/2536
f 3090/2169/2538 3102/2773/2550 3101/2772/2549 3089/2168/2537
f 3091/2170/2539 3103/2774/2551 3102/2773/2550 3090/2169/2538
f 3092/2171/2540 3104/2775/2552 3103/2774/2551 3091/2170/2539
f 3094/2764/2541 3106/2776/2553 3105/2777/2554 3093/2765/2542
f 3095/2766/2543 3107/2778/2555 3106/2776/2553 3094/2764/2541
f 3096/2767/2544 3108/2779/2556 3107/2778/2555 3095/2766/2543
f 3097/2768/2545 3109/2780/2557 3108/2779/2556 3096/2767/2544
f 3098/2769/2546 3110/2781/2558 3109/2780/2557 3097/2768/2545
f 3099/2770/2547 3111/2782/2559 3110/2781/2558 3098/2769/2546
f 3100/2771/2548 3112/2783/2560 3111/2782/2559 3099/2770/2547
f 3101/2772/2549 3113/2784/2561 3112/2783/2560 3100/2771/2548
f 3102/2773/2550 3114/2785/2562 3113/2784/2561 3101/2772/2549
f 3103/2774/2551 3115/2786/2563 3114/2785/2562 3102/2773/2550
f 3104/2775/2552 3116/2787/2564 3115/2786/2563 3103/2774/2551
f 3106/2776/2553 3118/2788/2565 3117/2789/2566 3105/2777/2554
f 3107/2778/2555 3119/2790/2567 3118/2788/2565 3106/2776/2553
f 3108/2779/2556 3120/2791/2568 3119/2790/2567 3107/2778/2555
f 3109/2780/2557 3121/2792/2569 3120/2791/2568 3108/2779/2556
f 3110/2781/2558 3122/2793/2570 3121/2792/2569 3109/2780/2557
f 3111/2782/2559 3123/2794/2571 3122/2793/2570 3110/2781/2558
f 3112/2783/2560 3124/2795/2572 3123/2794/2571 3111/2782/2559
f 3113/2784/2561 3125/2796/2573 3124/2795/2572 3112/2783/2560
f 3114/2785/2562 3126/2797/2574 3125/2796/2573 3113/2784/2561
f 3115/2786/2563 3127/2798/2575 3126/2797/2574 3114/2785/2562
f 3116/2787/2564 3128/2799/2576 3127/2798/2575 3115/2786/2563
f 3118/2788/2565 3130/2800/2577 3129/2801/2578 3117/2789/2566
f 3119/2790/2567 3131/2802/2579 3130/2800/2577 3118/2788/2565
f 3120/2791/2568 3132/2803/2580 3131/2802/2579 3119/2790/2567
f 3121/2792/2569 3133/2804/2581 3132/2803/2580 3120/2791/2568
f 3122/2793/2570 3134/2805/2582 3133/2804/2581 3121/2792/2569
f 3123/2794/2571 3135/2806/2583 3134/2805/2582 3122/2793/2570
f 3124/2795/2572 3136/2807/2584 3135/2806/2583 3123/2794/2571
f 3125/2796/2573 3137/2808/2585 3136/2807/2584 3124/2795/2572
f 3126/2797/2574 3138/2809/2586 3137/2808/2585 3125/2796/2573
f 3127/2798/2575 3139/2810/2587 3138/2809/2586 3126/2797/2574
f 3128/2799/2576 3140/2811/2588 3139/2810/2587 3127/2798/2575
f 3130/2800/2577 3142/2812/2589 3141/2813/2590 3129/2801/2578
f 3131/2802/2579 3143/2814/2591 3142/2812/2589 3130/2800/2577
f 3132/2803/2580 3144/2815/2592 3143/2814/2591 3131/2802/2579
f 3133/2804/2581 3145/2816/2593 3144/2815/2592 3132/2803/2580
f 3134/2805/2582 3146/2817/2594 3145/2816/2593 3133/2804/2581
f 3135/2806/2583 3147/2818/2595 3146/2817/2594 3134/2805/2582
f 3136/2807/2584 3148/2819/2596 3147/2818/2595 3135/2806/2583
f 3137/2808/2585 3149/2820/2597 3148/2819/2596 3136/2807/2584
f 3138/2809/2586 3150/2821/2598 3149/2820/2597 3137/2808/2585
f 3139/2810/2587 3151/2822/2599 3150/2821/2598 3138/2809/2586
f 3140/2811/2588 3152/2823/2600 3151/2822/2599 3139/2810/2587
f 3142/2812/2589 3154/2824/2601 3153/2825/2602 3141/2813/2590
f 3143/2814/2591 3155/2826/2603 3154/2824/2601 3142/2812/2589
f 3144/2815/2592 3156/2827/2604 3155/2826/2603 3143/2814/2591
f 3145/2816/2593 3157/2828/2605 3156/2827/2604 3144/2815/2592
f 3146/2817/2594 3158/2829/2606 3157/2828/2605 3145/2816/2593
f 3147/2818/2595 3159/2830/2607 3158/2829/2606 3146/2817/2594
f 3148/2819/2596 3160/2831/2608 3159/2830/2607 3147/2818/2595
f 3149/2820/2597 3161/2832/2609 3160/2831/2608 3148/2819/2596
f 3150/2821/2598 3162/2833/2610 3161/2832/2609 3149/2820/2597
f 3151/2822/2599 3163/2834/2611 3162/2833/2610 3150/2821/2598
f 3152/2823/2600 3164/2835/2612 3163/2834/2611 3151/2822/2599
f 3154/2824/2601 3166/2836/2613 3165/2837/2614 3153/2825/2602
f 3155/2826/2603 3167/2838/2615 3166/2836/2613 3154/2824/2601
f 3156/2827/2604 3168/2839/2616 3167/2838/2615 3155/2826/2603
f 3157/2828/2605 3169/2840/2617 3168/2839/2616 3156/2827/2604
f 3158/2829/2606 3170/2841/2618 3169/2840/2617 3157/2828/2605
f 3159/2830/2607 3171/2842/2619 3170/2841/2618 3158/2829/2606
f 3160/2831/2608 3172/2843/2620 3171/2842/2619 3159/2830/2607
f 3161/2832/2609 3173/2844/2621 3172/2843/2620 3160/2831/2608
f 3162/2833/2610 3174/2845/2622 3173/2844/2621 3161/2832/2609
f 3163/2834/2611 3175/2846/2623 3174/2845/2622 3162/2833/2610
f 3164/2835/2612 3176/2847/2624 3175/2846/2623 3163/2834/2611
f 3166/2836/2613 3178/2290/2625 3177/2291/2626 3165/2837/2614
f 3167/2838/2615 3179/2292/2627 3178/2290/2625 3166/2836/2613
f 3168/2839/2616 3180/2293/2628 3179/2292/2627 3167/2838/2615
f 3169/2840/2617 3181/2294/2629 3180/2293/2628 3168/2839/2616
f 3170/2841/2618 3182/2295/2630 3181/2294/2629 3169/2840/2617
f 3171/2842/2619 3183/2296/2631 3182/2295/2630 3170/2841/2618
f 3172/2843/2620 3184/2297/2632 3183/2296/2631 3171/2842/2619
f 3173/2844/2621 3185/2298/2633 3184/2297/2632 3172/2843/2620
f 3174/2845/2622 3186/2299/2634 3185/2298/2633 3173/2844/2621
f 3175/2846/2623 3187/2300/2635 3186/2299/2634 3174/2845/2622
f 3176/2847/2624 3188/2301/2636 3187/2300/2635 3175/2846/2623
f 3178/2290/2625 3190/2848/2637 3189/2849/2638 3177/2291/2626
f 3179/2292/2627 3191/2850/2639 3190/2848/2637 3178/2290/2625
f 3180/2293/2628 3192/2851/2640 3191/2850/2639 3179/2292/2627
f 3181/2294/2629 3193/2852/2641 3192/2851/2640 3180/2293/2628
f 3182/2295/2630 3194/2853/2642 3193/2852/2641 3181/2294/2629
f 3183/2296/2631 3195/2854/2643 3194/2853/2642 3182/2295/2630
f 3184/2297/2632 3196/2855/2644 3195/2854/2643 3183/2296/2631
f 3185/2298/2633 3197/2856/2645 3196/2855/2644 3184/2297/2632
f 3186/2299/2634 3198/2857/2646 3197/2856/2645 3185/2298/2633
f 3187/2300/2635 3199/2858/2647 3198/2857/2646 3186/2299/2634
f 3188/2301/2636 3200/2859/2648 3199/2858/2647 3187/2300/2635
f 3190/2848/2637 3202/2860/2649 3201/2861/2650 3189/2849/2638
f 3191/2850/2639 3203/2862/2651 3202/2860/2649 3190/2848/2637
f 3192/2851/2640 3204/2863/2652 3203/2862/2651 3191/2850/2639
f 3193/2852/2641 3205/2864/2653 3204/2863/2652 3192/2851/2640
f 3194/2853/2642 3206/2865/2654 3205/2864/2653 3193/2852/2641
f 3195/2854/2643 3207/2866/2655 3206/2865/2654 3194/2853/2642
f 3196/2855/2644 3208/2867/2656 3207/2866/2655 3195/2854/2643
f 3197/2856/2645 3209/2868/2657 3208/2867/2656 3196/2855/2644
f 3198/2857/2646 3210/2869/2658 3209/2868/2657 3197/2856/2645
f 3199/2858/2647 3211/2870/2659 3210/2869/2658 3198/2857/2646
f 3200/2859/2648 3212/2871/2660 3211/2870/2659 3199/2858/2647
f 3202/2860/2649 3214/2872/2661 3213/2873/2662 3201/2861/2650
f 3203/2862/2651 3215/2874/2663 3214/2872/2661 3202/2860/2649
f 3204/2863/2652 3216/2875/2664 3215/2874/2663 3203/2862/2651
f 3205/2864/2653 3217/2876/2665 3216/2875/2664 3204/2863/2652
f 3206/2865/2654 3218/2877/2666 3217/2876/2665 3205/2864/2653
f 3207/2866/2655 3219/2878/2667 3218/2877/2666 3206/2865/2654
f 3208/2867/2656 3220/2879/2668 3219/2878/2667 3207/2866/2655
f 3209/2868/2657 3221/2880/2669 3220/2879/2668 3208/2867/2656
f 3210/2869/2658 3222/2881/2670 3221/2880/2669 3209/2868/2657
f 3211/2870/2659 3223/2882/2671 3222/2881/2670 3210/2869/2658
f 3212/2871/2660 3224/2883/2672 3223/2882/2671 3211/2870/2659
f 3214/2872/2661 3226/2884/2673 3225/111/2674 3213/2873/2662
f 3215/2874/2663 3227/2885/2675 3226/2884/2673 3214/2872/2661
f 3216/2875/2664 3228/2886/2676 3227/2885/2675 3215/2874/2663
f 3217/2876/2665 3229/2887/2677 3228/2886/2676 3216/2875/2664
f 3218/2877/2666 3230/2888/2678 3229/2887/2677 3217/2876/2665
f 3219/2878/2667 3231/2889/2679 3230/2888/2678 3218/2877/2666
f 3220/2879/2668 3232/2890/2680 3231/2889/2679 3219/2878/2667
f 3221/2880/2669 3233/2891/2681 3232/2890/2680 3220/2879/2668
f 3222/2881/2670 3234/2892/2682 3233/2891/2681 3221/2880/2669
f 3223/2882/2671 3235/2893/2683 3234/2892/2682 3222/2881/2670
f 3224/2883/2672 3236/2894/2684 3235/2893/2683 3223/2882/2671
f 3226/2884/2673 3238/2895/2685 3237/2896/2686 3225/111/2674
f 3227/2885/2675 3239/2897/2687 3238/2895/2685 3226/2884/2673
f 3228/2886/2676 3240/2898/2688 3239/2897/2687 3227/2885/2675
f 3229/2887/2677 3241/2899/2689 3240/2898/2688 3228/2886/2676
f 3230/2888/2678 3242/2900/2690 3241/2899/2689 3229/2887/2677
f 3231/2889/2679 3243/2901/2691 3242/2900/2690 3230/2888/2678
f 3232/2890/2680 3244/2902/2692 3243/2901/2691 3231/2889/2679
f 3233/2891/2681 3245/2903/2693 3244/2902/2692 3232/2890/2680
f 3234/2892/2682 3246/2904/2694 3245/2903/2693 3233/2891/2681
f 3235/2893/2683 3247/2905/2695 3246/2904/2694 3234/2892/2682
f 3236/2894/2684 3248/2906/2696 3247/2905/2695 3235/2893/2683
f 3238/2895/2685 3250/2907/2697 3249/2908/2698 3237/2896/2686
f 3239/2897/2687 3251/2909/2699 3250/2907/2697 3238/2895/2685
f 3240/2898/2688 3252/2910/2700 3251/2909/2699 3239/2897/2687
f 3241/2899/2689 3253/2911/2701 3252/2910/2700 3240/2898/2688
f 3242/2900/2690 3254/2912/2702 3253/2911/2701 3241/2899/2689
f 3243/2901/2691 3255/2913/2703 3254/2912/2702 3242/2900/2690
f 3244/2902/2692 3256/2914/2704 3255/2913/2703 3243/2901/2691
f 3245/2903/2693 3257/2915/2705 3256/2914/2704 3244/2902/2692
f 3246/2904/2694 3258/2916/2706 3257/2915/2705 3245/2903/2693
f 3247/2905/2695 3259/2917/2707 3258/2916/2706 3246/2904/2694
f 3248/2906/2696 3260/2918/2708 3259/2917/2707 3247/2905/2695
f 3250/2907/2697 3262/2919/2709 3261/2920/2710 3249/2908/2698
f 3251/2909/2699 3263/2921/2711 3262/2919/2709 3250/2907/2697
f 3252/2910/2700 3264/2922/2712 3263/2921/2711 3251/2909/2699
f 3253/2911/2701 3265/2923/2713 3264/2922/2712 3252/2910/2700
f 3254/2912/2702 3266/2924/2714 3265/2923/2713 3253/2911/2701
f 3255/2913/2703 3267/2925/2715 3266/2924/2714 3254/2912/2702
f 3256/2914/2704 3268/2926/2716 3267/2925/2715 3255/2913/2703
f 3257/2915/2705 3269/2927/2717 3268/2926/2716 3256/2914/2704
f 3258/2916/2706 3270/2928/2718 3269/2927/2717 3257/2915/2705
f 3259/2917/2707 3271/2929/2719 3270/2928/2718 3258/2916/2706
f 3260/2918/2708 3272/2930/2720 3271/2929/2719 3259/2917/2707
f 3262/2919/2709 3274/2420/2721 3273/2421/2722 3261/2920/2710
f 3263/2921/2711 3275/2422/2723 3274/2420/2721 3262/2919/2709
f 3264/2922/2712 3276/2423/2724 3275/2422/2723 3263/2921/2711
f 3265/2923/2713 3277/2424/2725 3276/2423/2724 3264/2922/2712
f 3266/2924/2714 3278/2425/2726 3277/2424/2725 3265/2923/2713
f 3267/2925/2715 3279/2426/2727 3278/2425/2726 3266/2924/2714
f 3268/2926/2716 3280/2427/2728 3279/2426/2727 3267/2925/2715
f 3269/2927/2717 3281/2428/2729 3280/2427/2728 3268/2926/2716
f 3270/2928/2718 3282/2429/2730 3281/2428/2729 3269/2927/2717
f 3271/2929/2719 3283/2430/2731 3282/2429/2730 3270/2928/2718
f 3272/2930/2720 3284/2431/2732 3283/2430/2731 3271/2929/2719
f 3274/2420/2721 3286/2931/2733 3285/2932/2734 3273/2421/2722
f 3275/2422/2723 3287/2933/2735 3286/2931/2733 3274/2420/2721
f 3276/2423/2724 3288/2934/2736 3287/2933/2735 3275/2422/2723
f 3277/2424/2725 3289/2935/2737 3288/2934/2736 3276/2423/2724
f 3278/2425/2726 3290/2936/2738 3289/2935/2737 3277/2424/2725
f 3279/2426/2727 3291/2937/2739 3290/2936/2738 3278/2425/2726
f 3280/2427/2728 3292/2938/2740 3291/2937/2739 3279/2426/2727
f 3281/2428/2729 3293/2939/2741 3292/2938/2740 3280/2427/2728
f 3282/2429/2730 3294/2940/2742 3293/2939/2741 3281/2428/2729
f 3283/2430/2731 3295/2941/2743 3294/2940/2742 3282/2429/2730
f 3284/2431/2732 3296/2942/2744 3295/2941/2743 3283/2430/2731
f 3286/2931/2733 3298/2943/2745 3297/2944/2746 3285/2932/2734
f 3287/2933/2735 3299/2945/2747 3298/2943/2745 3286/2931/2733
f 3288/2934/2736 3300/2946/2748 3299/2945/2747 3287/2933/2735
f 3289/2935/2737 3301/2947/2749 3300/2946/2748 3288/2934/2736
f 3290/2936/2738 3302/2948/2750 3301/2947/2749 3289/2935/2737
f 3291/2937/2739 3303/2949/2751 3302/2948/2750 3290/2936/2738
f 3292/2938/2740 3304/2950/2752 3303/2949/2751 3291/2937/2739
f 3293/2939/2741 3305/2951/2753 3304/2950/2752 3292/2938/2740
f 3294/2940/2742 3306/2952/2754 3305/2951/2753 3293/2939/2741
f 3295/2941/2743 3307/2953/2755 3306/2952/2754 3294/2940/2742
f 3296/2942/2744 3308/2954/2756 3307/2953/2755 3295/2941/2743
f 3298/2943/2745 3310/2955/2757 3309/2956/2758 3297/2944/2746
f 3299/2945/2747 3311/2957/2759 3310/2955/2757 3298/2943/2745
f 3300/2946/2748 3312/2958/2760 3311/2957/2759 3299/2945/2747
f 3301/2947/2749 3313/2959/2761 3312/2958/2760 3300/2946/2748
f 3302/2948/2750 3314/2960/2762 3313/2959/2761 3301/2947/2749
f 3303/2949/2751 3315/2961/2763 3314/2960/2762 3302/2948/2750
f 3304/2950/2752 3316/2962/2764 3315/2961/2763 3303/2949/2751
f 3305/2951/2753 3317/2963/2765 3316/2962/2764 3304/2950/2752
f 3306/2952/2754 3318/2964/2766 3317/2963/2765 3305/2951/2753
f 3307/2953/2755 3319/2965/2767 3318/2964/2766 3306/2952/2754
f 3308/2954/2756 3320/2966/2768 3319/2965/2767 3307/2953/2755
f 3310/2955/2757 3322/2967/2769 3321/2968/2770 3309/2956/2758
f 3311/2957/2759 3323/2969/2771 3322/2967/2769 3310/2955/2757
f 3312/2958/2760 3324/2970/2772 3323/2969/2771 3311/2957/2759
f 3313/2959/2761 3325/2971/2773 3324/2970/2772 3312/2958/2760
f 3314/2960/2762 3326/2972/2774 3325/2971/2773 3313/2959/2761
f 3315/2961/2763 3327/2973/2775 3326/2972/2774 3314/2960/2762
f 3316/2962/2764 3328/2974/2776 3327/2973/2775 3315/2961/2763
f 3317/2963/2765 3329/2975/2777 3328/2974/2776 3316/2962/2764
f 3318/2964/2766 3330/2976/2778 3329/2975/2777 3317/2963/2765
f 3319/2965/2767 3331/2977/2779 3330/2976/2778 3318/2964/2766
f 3320/2966/2768 3332/2978/2780 3331/2977/2779 3319/2965/2767
f 3322/2967/2769 3334/2979/2781 3333/2980/2782 3321/2968/2770
f 3323/2969/2771 3335/2981/2783 3334/2979/2781 3322/2967/2769
f 3324/2970/2772 3336/2982/2784 3335/2981/2783 3323/2969/2771
f 3325/2971/2773 3337/2983/2785 3336/2982/2784 3324/2970/2772
f 3326/2972/2774 3338/2984/2786 3337/2983/2785 3325/2971/2773
f 3327/2973/2775 3339/2985/2787 3338/2984/2786 3326/2972/2774
f 3328/2974/2776 3340/2986/2788 3339/2985/2787 3327/2973/2775
f 3329/2975/2777 3341/2987/2789 3340/2986/2788 3328/2974/2776
f 3330/2976/2778 3342/2988/2790 3341/2987/2789 3329/2975/2777
f 3331/2977/2779 3343/2989/2791 3342/2988/2790 3330/2976/2778
f 3332/2978/2780 3344/2990/2792 3343/2989/2791 3331/2977/2779
f 3334/2979/2781 3346/2991/2793 3345/2992/2794 3333/2980/2782
f 3335/2981/2783 3347/2993/2795 3346/2991/2793 3334/2979/2781
f 3336/2982/2784 3348/2994/2796 3347/2993/2795 3335/2981/2783
f 3337/2983/2785 3349/2995/2797 3348/2994/2796 3336/2982/2784
f 3338/2984/2786 3350/2996/2798 3349/2995/2797 3337/2983/2785
f 3339/2985/2787 3351/2997/2799 3350/2996/2798 3338/2984/2786
f 3340/2986/2788 3352/2998/2800 3351/2997/2799 3339/2985/2787
f 3341/2987/2789 3353/2999/2801 3352/2998/2800 3340/2986/2788
f 3342/2988/2790 3354/3000/2802 3353/2999/2801 3341/2987/2789
f 3343/2989/2791 3355/3001/2803 3354/3000/2802 3342/2988/2790
f 3344/2990/2792 3356/3002/2804 3355/3001/2803 3343/2989/2791
f 3346/2991/2793 3358/3003/2805 3357/3004/2806 3345/2992/2794
f 3347/2993/2795 3359/3005/2807 3358/3003/2805 3346/2991/2793
f 3348/2994/2796 3360/3006/2808 3359/3005/2807 3347/2993/2795
f 3349/2995/2797 3361/3007/2809 3360/3006/2808 3348/2994/2796
f 3350/2996/2798 3362/3008/2810 3361/3007/2809 3349/2995/2797
f 3351/2997/2799 3363/3009/2811 3362/3008/2810 3350/2996/2798
f 3352/2998/2800 3364/3010/2812 3363/3009/2811 3351/2997/2799
f 3353/2999/2801 3365/3011/2813 3364/3010/2812 3352/2998/2800
f 3354/3000/2802 3366/3012/2814 3365/3011/2813 3353/2999/2801
f 3355/3001/2803 3367/3013/2815 3366/3012/2814 3354/3000/2802
f 3356/3002/2804 3368/3014/2816 3367/3013/2815 3355/3001/2803
f 3358/3003/2805 3370/2550/2817 3369/2551/2818 3357/3004/2806
f 3359/3005/2807 3371/2552/2819 3370/2550/2817 3358/3003/2805
f 3360/3006/2808 3372/2553/2820 3371/2552/2819 3359/3005/2807
f 3361/3007/2809 3373/2554/2821 3372/2553/2820 3360/3006/2808
f 3362/3008/2810 3374/2555/2822 3373/2554/2821 3361/3007/2809
f 3363/3009/2811 3375/2556/2823 3374/2555/2822 3362/3008/2810
f 3364/3010/2812 3376/2557/2824 3375/2556/2823 3363/3009/2811
f 3365/3011/2813 3377/2558/2825 3376/2557/2824 3364/3010/2812
f 3366/3012/2814 3378/2559/2826 3377/2558/2825 3365/3011/2813
f 3367/3013/2815 3379/2560/2827 3378/2559/2826 3366/3012/2814
f 3368/3014/2816 3380/2561/2828 3379/2560/2827 3367/3013/2815
f 3370/2550/2817 3382/3015/2829 3381/3016/2830 3369/2551/2818
f 3371/2552/2819 3383/3017/2831 3382/3015/2829 3370/2550/2817
f 3372/2553/2820 3384/3018/2832 3383/3017/2831 3371/2552/2819
f 3373/2554/2821 3385/3019/2833 3384/3018/2832 3372/2553/2820
f 3374/2555/2822 3386/3020/2834 3385/3019/2833 3373/2554/2821
f 3375/2556/2823 3387/3021/2835 3386/3020/2834 3374/2555/2822
f 3376/2557/2824 3388/3022/2836 3387/3021/2835 3375/2556/2823
f 3377/2558/2825 3389/3023/2837 3388/3022/2836 3376/2557/2824
f 3378/2559/2826 3390/3024/2838 3389/3023/2837 3377/2558/2825
f 3379/2560/2827 3391/3025/2839 3390/3024/2838 3378/2559/2826
f 3380/2561/2828 3392/3026/2840 3391/3025/2839 3379/2560/2827
f 3382/3015/2829 3394/3027/2841 3393/3028/2842 3381/3016/2830
f 3383/3017/2831 3395/3029/2843 3394/3027/2841 3382/3015/2829
f 3384/3018/2832 3396/3030/2844 3395/3029/2843 3383/3017/2831
f 3385/3019/2833 3397/3031/2845 3396/3030/2844 3384/3018/2832
f 3386/3020/2834 3398/3032/2846 3397/3031/2845 3385/3019/2833
f 3387/3021/2835 3399/3033/2847 3398/3032/2846 3386/3020/2834
f 3388/3022/2836 3400/3034/2848 3399/3033/2847 3387/3021/2835
f 3389/3023/2837 3401/3035/2849 3400/3034/2848 3388/3022/2836
f 3390/3024/2838 3402/3036/2850 3401/3035/2849 3389/3023/2837
f 3391/3025/2839 3403/3037/2851 3402/3036/2850 3390/3024/2838
f 3392/3026/2840 3404/3038/2852 3403/3037/2851 3391/3025/2839
f 3394/3027/2841 3406/3039/2853 3405/3040/2854 3393/3028/2842
f 3395/3029/2843 3407/3041/2855 3406/3039/2853 3394/3027/2841
f 3396/3030/2844 3408/3042/2856 3407/3041/2855 3395/3029/2843
f 3397/3031/2845 3409/3043/2857 3408/3042/2856 3396/3030/2844
f 3398/3032/2846 3410/3044/2858 3409/3043/2857 3397/3031/2845
f 3399/3033/2847 3411/3045/2859 3410/3044/2858 3398/3032/2846
f 3400/3034/2848 3412/3046/2860 3411/3045/2859 3399/3033/2847
f 3401/3035/2849 3413/3047/2861 3412/3046/2860 3400/3034/2848
f 3402/3036/2850 3414/3048/2862 3413/3047/2861 3401/3035/2849
f 3403/3037/2851 3415/3049/2863 3414/3048/2862 3402/3036/2850
f 3404/3038/2852 3416/3050/2864 3415/3049/2863 3403/3037/2851
f 3406/3039/2853 3418/3051/2865 3417/3052/2866 3405/3040/2854
f 3407/3041/2855 3419/3053/2867 3418/3051/2865 3406/3039/2853
f 3408/3042/2856 3420/3054/2868 3419/3053/2867 3407/3041/2855
f 3409/3043/2857 3421/3055/2869 3420/3054/2868 3408/3042/2856
f 3410/3044/2858 3422/3056/2870 3421/3055/2869 3409/3043/2857
f 3411/3045/2859 3423/3057/2871 3422/3056/2870 3410/3044/2858
f 3412/3046/2860 3424/3058/2872 3423/3057/2871 3411/3045/2859
f 3413/3047/2861 3425/3059/2873 3424/3058/2872 3412/3046/2860
f 3414/3048/2862 3426/3060/2874 3425/3059/2873 3413/3047/2861
f 3415/3049/2863 3427/3061/2875 3426/3060/2874 3414/3048/2862
f 3416/3050/2864 3428/3062/2876 3427/3061/2875 3415/3049/2863
f 3418/3051/2865 3430/3063/2409 3429/3064/2410 3417/3052/2866
f 3419/3053/2867 3431/3065/2411 3430/3063/2409 3418/3051/2865
f 3420/3054/2868 3432/3066/2412 3431/3065/2411 3419/3053/2867
f 3421/3055/2869 3433/3067/2413 3432/3066/2412 3420/3054/2868
f 3422/3056/2870 3434/3068/2414 3433/3067/2413 3421/3055/2869
f 3423/3057/2871 3435/3069/2415 3434/3068/2414 3422/3056/2870
f 3424/3058/2872 3436/3070/2416 3435/3069/2415 3423/3057/2871
f 3425/3059/2873 3437/3071/2417 3436/3070/2416 3424/3058/2872
f 3426/3060/2874 3438/3072/2418 3437/3071/2417 3425/3059/2873
f 3427/3061/2875 3439/3073/2419 3438/3072/2418 3426/3060/2874
f 3428/3062/2876 3440/3074/2420 3439/3073/2419 3427/3061/2875
f 3430/3063/2409 3442/3075/2421 3441/3076/2422 3429/3064/2410
f 3431/3065/2411 3443/3077/2423 3442/3075/2421 3430/3063/2409
f 3432/3066/2412 3444/3078/2424 3443/3077/2423 3431/3065/2411
f 3433/3067/2413 3445/3079/2425 3444/3078/2424 3432/3066/2412
f 3434/3068/2414 3446/3080/2426 3445/3079/2425 3433/3067/2413
f 3435/3069/2415 3447/3081/2427 3446/3080/2426 3434/3068/2414
f 3436/3070/2416 3448/3082/2428 3447/3081/2427 3435/3069/2415
f 3437/3071/2417 3449/3083/2429 3448/3082/2428 3436/3070/2416
f 3438/3072/2418 3450/3084/2430 3449/3083/2429 3437/3071/2417
f 3439/3073/2419 3451/3085/2431 3450/3084/2430 3438/3072/2418
f 3440/3074/2420 3452/3086/2432 3451/3085/2431 3439/3073/2419
f 3442/3075/2421 3454/3087/2385 3453/3088/2386 3441/3076/2422
f 3443/3077/2423 3455/3089/2387 3454/3087/2385 3442/3075/2421
f 3444/3078/2424 3456/3090/2388 3455/3089/2387 3443/3077/2423
f 3445/3079/2425 3457/3091/2389 3456/3090/2388 3444/3078/2424
f 3446/3080/2426 3458/3092/2390 3457/3091/2389 3445/3079/2425
f 3447/3081/2427 3459/3093/2391 3458/3092/2390 3446/3080/2426
f 3448/3082/2428 3460/3094/2392 3459/3093/2391 3447/3081/2427
f 3449/3083/2429 3461/3095/2393 3460/3094/2392 3448/3082/2428
f 3450/3084/2430 3462/3096/2394 3461/3095/2393 3449/3083/2429
f 3451/3085/2431 3463/3097/2395 3462/3096/2394 3450/3084/2430
f 3452/3086/2432 3464/3098/2396 3463/3097/2395 3451/3085/2431
f 3454/3087/2385 2986/2031/2433 2985/24/2436 3453/3088/2386
f 3455/3089/2387 2987/2032/2437 2986/2031/2433 3454/3087/2385
f 3456/3090/2388 2988/2033/2439 2987/2032/2437 3455/3089/2387
f 3457/3091/2389 2989/2034/2441 2988/2033/2439 3456/3090/2388
f 3458/3092/2390 2990/2035/2443 2989/2034/2441 3457/3091/2389
f 3459/3093/2391 2991/2036/2445 2990/2035/2443 3458/3092/2390
f 3460/3094/2392 2992/2037/2447 2991/2036/2445 3459/3093/2391
f 3461/3095/2393 2993/2038/2449 2992/2037/2447 3460/3094/2392
f 3462/3096/2394 2994/2039/2451 2993/2038/2449 3461/3095/2393
f 3463/3097/2395 2995/2040/2453 2994/2039/2451 3462/3096/2394
f 3464/3098/2396 2996/2041/2455 2995/2040/2453 3463/3097/2395
f 3466/276/2877 3478/3099/2878 3477/3100/2879 3465/78/2880
f 3467/279/2881 3479/3101/2882 3478/3099/2878 3466/276/2877
f 3468/281/2883 3480/3102/2884 3479/3101/2882 3467/279/2881
f 3469/283/2885 3481/3103/2886 3480/3102/2884 3468/281/2883
f 3470/285/2887 3482/3104/2888 3481/3103/2886 3469/283/2885
f 3471/287/2889 3483/3105/2890 3482/3104/2888 3470/285/2887
f 3472/289/2891 3484/3106/2892 3483/3105/2890 3471/287/2889
f 3473/291/2893 3485/3107/2894 3484/3106/2892 3472/289/2891
f 3474/293/2895 3486/3108/2896 3485/3107/2894 3473/291/2893
f 3475/295/2897 3487/3109/2898 3486/3108/2896 3474/293/2895
f 3476/297/2899 3488/3110/2900 3487/3109/2898 3475/295/2897
f 3478/3099/2878 3490/3111/2901 3489/3112/804 3477/3100/2879
f 3479/3101/2882 3491/3113/2902 3490/3111/2901 3478/3099/2878
f 3480/3102/2884 3492/3114/2903 3491/3113/2902 3479/3101/2882
f 3481/3103/2886 3493/3115/2904 3492/3114/2903 3480/3102/2884
f 3482/3104/2888 3494/3116/2905 3493/3115/2904 3481/3103/2886
f 3483/3105/2890 3495/3117/2906 3494/3116/2905 3482/3104/2888
f 3484/3106/2892 3496/3118/2907 3495/3117/2906 3483/3105/2890
f 3485/3107/2894 3497/3119/2908 3496/3118/2907 3484/3106/2892
f 3486/3108/2896 3498/3120/2909 3497/3119/2908 3485/3107/2894
f 3487/3109/2898 3499/3121/2910 3498/3120/2909 3486/3108/2896
f 3488/3110/2900 3500/3122/814 3499/3121/2910 3487/3109/2898
f 3490/3111/2901 3502/3123/2911 3501/3124/2912 3489/3112/804
f 3491/3113/2902 3503/3125/2913 3502/3123/2911 3490/3111/2901
f 3492/3114/2903 3504/3126/2914 3503/3125/2913 3491/3113/2902
f 3493/3115/2904 3505/3127/2915 3504/3126/2914 3492/3114/2903
f 3494/3116/2905 3506/3128/2916 3505/3127/2915 3493/3115/2904
f 3495/3117/2906 3507/3129/2917 3506/3128/2916 3494/3116/2905
f 3496/3118/2907 3508/3130/2918 3507/3129/2917 3495/3117/2906
f 3497/3119/2908 3509/3131/2919 3508/3130/2918 3496/3118/2907
f 3498/3120/2909 3510/3132/2920 3509/3131/2919 3497/3119/2908
f 3499/3121/2910 3511/3133/2921 3510/3132/2920 3498/3120/2909
f 3500/3122/814 3512/3134/2922 3511/3133/2921 3499/3121/2910
f 3502/3123/2911 3514/3135/2923 3513/3136/2924 3501/3124/2912
f 3503/3125/2913 3515/3137/2925 3514/3135/2923 3502/3123/2911
f 3504/3126/2914 3516/3138/2926 3515/3137/2925 3503/3125/2913
f 3505/3127/2915 3517/3139/2927 3516/3138/2926 3504/3126/2914
f 3506/3128/2916 3518/3140/2928 3517/3139/2927 3505/3127/2915
f 3507/3129/2917 3519/3141/2929 3518/3140/2928 3506/3128/2916
f 3508/3130/2918 3520/3142/2930 3519/3141/2929 3507/3129/2917
f 3509/3131/2919 3521/3143/2931 3520/3142/2930 3508/3130/2918
f 3510/3132/2920 3522/3144/2932 3521/3143/2931 3509/3131/2919
f 3511/3133/2921 3523/3145/2933 3522/3144/2932 3510/3132/2920
f 3512/3134/2922 3524/3146/2934 3523/3145/2933 3511/3133/2921
f 3514/3135/2923 3526/3147/2935 3525/3148/2936 3513/3136/2924
f 3515/3137/2925 3527/3149/2937 3526/3147/2935 3514/3135/2923
f 3516/3138/2926 3528/3150/2938 3527/3149/2937 3515/3137/2925
f 3517/3139/2927 3529/3151/2939 3528/3150/2938 3516/3138/2926
f 3518/3140/2928 3530/3152/2940 3529/3151/2939 3517/3139/2927
f 3519/3141/2929 3531/3153/2941 3530/3152/2940 3518/3140/2928
f 3520/3142/2930 3532/3154/2942 3531/3153/2941 3519/3141/2929
f 3521/3143/2931 3533/3155/2943 3532/3154/2942 3520/3142/2930
f 3522/3144/2932 3534/3156/2944 3533/3155/2943 3521/3143/2931
f 3523/3145/2933 3535/3157/2945 3534/3156/2944 3522/3144/2932
f 3524/3146/2934 3536/3158/2946 3535/3157/2945 3523/3145/2933
f 3526/3147/2935 3538/3159/2947 3537/3160/2948 3525/3148/2936
f 3527/3149/2937 3539/3161/2949 3538/3159/2947 3526/3147/2935
f 3528/3150/2938 3540/3162/2950 3539/3161/2949 3527/3149/2937
f 3529/3151/2939 3541/3163/2951 3540/3162/2950 3528/3150/2938
f 3530/3152/2940 3542/3164/2952 3541/3163/2951 3529/3151/2939
f 3531/3153/2941 3543/3165/2953 3542/3164/2952 3530/3152/2940
f 3532/3154/2942 3544/3166/2954 3543/3165/2953 3531/3153/2941
f 3533/3155/2943 3545/3167/2955 3544/3166/2954 3532/3154/2942
f 3534/3156/2944 3546/3168/2956 3545/3167/2955 3533/3155/2943
f 3535/3157/2945 3547/3169/2957 3546/3168/2956 3534/3156/2944
f 3536/3158/2946 3548/3170/2958 3547/3169/2957 3535/3157/2945
f 3538/3159/2947 3550/3171/2959 3549/3172/2960 3537/3160/2948
f 3539/3161/2949 3551/3173/2961 3550/3171/2959 3538/3159/2947
f 3540/3162/2950 3552/3174/2962 3551/3173/2961 3539/3161/2949
f 3541/3163/2951 3553/3175/2963 3552/3174/2962 3540/3162/2950
f 3542/3164/2952 3554/3176/2964 3553/3175/2963 3541/3163/2951
f 3543/3165/2953 3555/3177/2965 3554/3176/2964 3542/3164/2952
f 3544/3166/2954 3556/3178/2966 3555/3177/2965 3543/3165/2953
f 3545/3167/2955 3557/3179/2967 3556/3178/2966 3544/3166/2954
f 3546/3168/2956 3558/3180/2968 3557/3179/2967 3545/3167/2955
f 3547/3169/2957 3559/3181/2969 3558/3180/2968 3546/3168/2956
f 3548/3170/2958 3560/3182/2970 3559/3181/2969 3547/3169/2957
f 3550/3171/2959 3562/3183/2971 3561/3184/744 3549/3172/2960
f 3551/3173/2961 3563/3185/2972 3562/3183/2971 3550/3171/2959
f 3552/3174/2962 3564/3186/2973 3563/3185/2972 3551/3173/2961
f 3553/3175/2963 3565/3187/2974 3564/3186/2973 3552/3174/2962
f 3554/3176/2964 3566/3188/2975 3565/3187/2974 3553/3175/2963
f 3555/3177/2965 3567/3189/2976 3566/3188/2975 3554/3176/2964
f 3556/3178/2966 3568/3190/2977 3567/3189/2976 3555/3177/2965
f 3557/3179/2967 3569/3191/2978 3568/3190/2977 3556/3178/2966
f 3558/3180/2968 3570/3192/2979 3569/3191/2978 3557/3179/2967
f 3559/3181/2969 3571/3193/2980 3570/3192/2979 3558/3180/2968
f 3560/3182/2970 3572/3194/754 3571/3193/2980 3559/3181/2969
f 3562/3183/2971 3574/3195/2981 3573/3196/2982 3561/3184/744
f 3563/3185/2972 3575/3197/2983 3574/3195/2981 3562/3183/2971
f 3564/3186/2973 3576/3198/2984 3575/3197/2983 3563/3185/2972
f 3565/3187/2974 3577/3199/2985 3576/3198/2984 3564/3186/2973
f 3566/3188/2975 3578/3200/2986 3577/3199/2985 3565/3187/2974
f 3567/3189/2976 3579/3201/2987 3578/3200/2986 3566/3188/2975
f 3568/3190/2977 3580/3202/2988 3579/3201/2987 3567/3189/2976
f 3569/3191/2978 3581/3203/2989 3580/3202/2988 3568/3190/2977
f 3570/3192/2979 3582/3204/2990 3581/3203/2989 3569/3191/2978
f 3571/3193/2980 3583/3205/2991 3582/3204/2990 3570/3192/2979
f 3572/3194/754 3584/3206/2992 3583/3205/2991 3571/3193/2980
f 3574/3195/2981 3586/3207/2993 3585/3208/2994 3573/3196/2982
f 3575/3197/2983 3587/3209/2995 3586/3207/2993 3574/3195/2981
f 3576/3198/2984 3588/3210/2996 3587/3209/2995 3575/3197/2983
f 3577/3199/2985 3589/3211/2997 3588/3210/2996 3576/3198/2984
f 3578/3200/2986 3590/3212/2998 3589/3211/2997 3577/3199/2985
f 3579/3201/2987 3591/3213/2999 3590/3212/2998 3578/3200/2986
f 3580/3202/2988 3592/3214/3000 3591/3213/2999 3579/3201/2987
f 3581/3203/2989 3593/3215/3001 3592/3214/3000 3580/3202/2988
f 3582/3204/2990 3594/3216/3002 3593/3215/3001 3581/3203/2989
f 3583/3205/2991 3595/3217/3003 3594/3216/3002 3582/3204/2990
f 3584/3206/2992 3596/3218/3004 3595/3217/3003 3583/3205/2991
f 3586/3207/2993 3598/3219/3005 3597/3220/3006 3585/3208/2994
f 3587/3209/2995 3599/3221/3007 3598/3219/3005 3586/3207/2993
f 3588/3210/2996 3600/3222/3008 3599/3221/3007 3587/3209/2995
f 3589/3211/2997 3601/3223/3009 3600/3222/3008 3588/3210/2996
f 3590/3212/2998 3602/3224/3010 3601/3223/3009 3589/3211/2997
f 3591/3213/2999 3603/3225/3011 3602/3224/3010 3590/3212/2998
f 3592/3214/3000 3604/3226/3012 3603/3225/3011 3591/3213/2999
f 3593/3215/3001 3605/3227/3013 3604/3226/3012 3592/3214/3000
f 3594/3216/3002 3606/3228/3014 3605/3227/3013 3593/3215/3001
f 3595/3217/3003 3607/3229/3015 3606/3228/3014 3594/3216/3002
f 3596/3218/3004 3608/3230/3016 3607/3229/3015 3595/3217/3003
f 3598/3219/3005 3610/3231/3017 3609/3232/3018 3597/3220/3006
f 3599/3221/3007 3611/3233/3019 3610/3231/3017 3598/3219/3005
f 3600/3222/3008 3612/3234/3020 3611/3233/3019 3599/3221/3007
f 3601/3223/3009 3613/3235/3021 3612/3234/3020 3600/3222/3008
f 3602/3224/3010 3614/3236/3022 3613/3235/3021 3601/3223/3009
f 3603/3225/3011 3615/3237/3023 3614/3236/3022 3602/3224/3010
f 3604/3226/3012 3616/3238/3024 3615/3237/3023 3603/3225/3011
f 3605/3227/3013 3617/3239/3025 3616/3238/3024 3604/3226/3012
f 3606/3228/3014 3618/3240/3026 3617/3239/3025 3605/3227/3013
f 3607/3229/3015 3619/3241/3027 3618/3240/3026 3606/3228/3014
f 3608/3230/3016 3620/3242/3028 3619/3241/3027 3607/3229/3015
f 3610/3231/3017 3622/3243/3029 3621/3244/3030 3609/3232/3018
f 3611/3233/3019 3623/3245/3031 3622/3243/3029 3610/3231/3017
f 3612/3234/3020 3624/3246/3032 3623/3245/3031 3611/3233/3019
f 3613/3235/3021 3625/3247/3033 3624/3246/3032 3612/3234/3020
f 3614/3236/3022 3626/3248/3034 3625/3247/3033 3613/3235/3021
f 3615/3237/3023 3627/3249/3035 3626/3248/3034 3614/3236/3022
f 3616/3238/3024 3628/3250/3036 3627/3249/3035 3615/3237/3023
f 3617/3239/3025 3629/3251/3037 3628/3250/3036 3616/3238/3024
f 3618/3240/3026 3630/3252/3038 3629/3251/3037 3617/3239/3025
f 3619/3241/3027 3631/3253/3039 3630/3252/3038 3618/3240/3026
f 3620/3242/3028 3632/3254/3040 3631/3253/3039 3619/3241/3027
f 3622/3243/3029 3634/3255/3041 3633/3256/3042 3621/3244/3030
f 3623/3245/3031 3635/3257/3043 3634/3255/3041 3622/3243/3029
f 3624/3246/3032 3636/3258/3044 3635/3257/3043 3623/3245/3031
f 3625/3247/3033 3637/3259/3045 3636/3258/3044 3624/3246/3032
f 3626/3248/3034 3638/3260/3046 3637/3259/3045 3625/3247/3033
f 3627/3249/3035 3639/3261/3047 3638/3260/3046 3626/3248/3034
f 3628/3250/3036 3640/3262/3048 3639/3261/3047 3627/3249/3035
f 3629/3251/3037 3641/3263/3049 3640/3262/3048 3628/3250/3036
f 3630/3252/3038 3642/3264/3050 3641/3263/3049 3629/3251/3037
f 3631/3253/3039 3643/3265/3051 3642/3264/3050 3630/3252/3038
f 3632/3254/3040 3644/3266/3052 3643/3265/3051 3631/3253/3039
f 3634/3255/3041 3646/3267/3053 3645/3268/3054 3633/3256/3042
f 3635/3257/3043 3647/3269/3055 3646/3267/3053 3634/3255/3041
f 3636/3258/3044 3648/3270/3056 3647/3269/3055 3635/3257/3043
f 3637/3259/3045 3649/3271/3057 3648/3270/3056 3636/3258/3044
f 3638/3260/3046 3650/3272/3058 3649/3271/3057 3637/3259/3045
f 3639/3261/3047 3651/3273/3059 3650/3272/3058 3638/3260/3046
f 3640/3262/3048 3652/3274/3060 3651/3273/3059 3639/3261/3047
f 3641/3263/3049 3653/3275/3061 3652/3274/3060 3640/3262/3048
f 3642/3264/3050 3654/3276/3062 3653/3275/3061 3641/3263/3049
f 3643/3265/3051 3655/3277/3063 3654/3276/3062 3642/3264/3050
f 3644/3266/3052 3656/3278/3064 3655/3277/3063 3643/3265/3051
f 3646/3267/3053 3658/3279/3065 3657/3280/3066 3645/3268/3054
f 3647/3269/3055 3659/3281/3067 3658/3279/3065 3646/3267/3053
f 3648/3270/3056 3660/3282/3068 3659/3281/3067 3647/3269/3055
f 3649/3271/3057 3661/3283/3069 3660/3282/3068 3648/3270/3056
f 3650/3272/3058 3662/3284/3070 3661/3283/3069 3649/3271/3057
f 3651/3273/3059 3663/3285/3071 3662/3284/3070 3650/3272/3058
f 3652/3274/3060 3664/3286/3072 3663/3285/3071 3651/3273/3059
f 3653/3275/3061 3665/3287/3073 3664/3286/3072 3652/3274/3060
f 3654/3276/3062 3666/3288/3074 3665/3287/3073 3653/3275/3061
f 3655/3277/3063 3667/3289/3075 3666/3288/3074 3654/3276/3062
f 3656/3278/3064 3668/3290/3076 3667/3289/3075 3655/3277/3063
f 3658/3279/3065 3670/3291/3077 3669/3292/3078 3657/3280/3066
f 3659/3281/3067 3671/3293/3079 3670/3291/3077 3658/3279/3065
f 3660/3282/3068 3672/3294/3080 3671/3293/3079 3659/3281/3067
f 3661/3283/3069 3673/3295/3081 3672/3294/3080 3660/3282/3068
f 3662/3284/3070 3674/3296/3082 3673/3295/3081 3661/3283/3069
f 3663/3285/3071 3675/3297/3083 3674/3296/3082 3662/3284/3070
f 3664/3286/3072 3676/3298/3084 3675/3297/3083 3663/3285/3071
f 3665/3287/3073 3677/3299/3085 3676/3298/3084 3664/3286/3072
f 3666/3288/3074 3678/3300/3086 3677/3299/3085 3665/3287/3073
f 3667/3289/3075 3679/3301/3087 3678/3300/3086 3666/3288/3074
f 3668/3290/3076 3680/3302/3088 3679/3301/3087 3667/3289/3075
f 3670/3291/3077 3682/3303/3089 3681/3304/3090 3669/3292/3078
f 3671/3293/3079 3683/3305/3091 3682/3303/3089 3670/3291/3077
f 3672/3294/3080 3684/3306/3092 3683/3305/3091 3671/3293/3079
f 3673/3295/3081 3685/3307/3093 3684/3306/3092 3672/3294/3080
f 3674/3296/3082 3686/3308/3094 3685/3307/3093 3673/3295/3081
f 3675/3297/3083 3687/3309/3095 3686/3308/3094 3674/3296/3082
f 3676/3298/3084 3688/3310/3096 3687/3309/3095 3675/3297/3083
f 3677/3299/3085 3689/3311/3097 3688/3310/3096 3676/3298/3084
f 3678/3300/3086 3690/3312/3098 3689/3311/3097 3677/3299/3085
f 3679/3301/3087 3691/3313/3099 3690/3312/3098 3678/3300/3086
f 3680/3302/3088 3692/3314/3100 3691/3313/3099 3679/3301/3087
f 3682/3303/3089 3694/2884/3101 3693/111/3102 3681/3304/3090
f 3683/3305/3091 3695/2885/3103 3694/2884/3101 3682/3303/3089
f 3684/3306/3092 3696/2886/3104 3695/2885/3103 3683/3305/3091
f 3685/3307/3093 3697/2887/3105 3696/2886/3104 3684/3306/3092
f 3686/3308/3094 3698/2888/3106 3697/2887/3105 3685/3307/3093
f 3687/3309/3095 3699/2889/3107 3698/2888/3106 3686/3308/3094
f 3688/3310/3096 3700/2890/3108 3699/2889/3107 3687/3309/3095
f 3689/3311/3097 3701/2891/3109 3700/2890/3108 3688/3310/3096
f 3690/3312/3098 3702/2892/3110 3701/2891/3109 3689/3311/3097
f 3691/3313/3099 3703/2893/3111 3702/2892/3110 3690/3312/3098
f 3692/3314/3100 3704/2894/3112 3703/2893/3111 3691/3313/3099
f 3694/2884/3101 3706/3315/3113 3705/3316/3114 3693/111/3102
f 3695/2885/3103 3707/3317/3115 3706/3315/3113 3694/2884/3101
f 3696/2886/3104 3708/3318/3116 3707/3317/3115 3695/2885/3103
f 3697/2887/3105 3709/3319/3117 3708/3318/3116 3696/2886/3104
f 3698/2888/3106 3710/3320/3118 3709/3319/3117 3697/2887/3105
f 3699/2889/3107 3711/3321/3119 3710/3320/3118 3698/2888/3106
f 3700/2890/3108 3712/3322/3120 3711/3321/3119 3699/2889/3107
f 3701/2891/3109 3713/3323/3121 3712/3322/3120 3700/2890/3108
f 3702/2892/3110 3714/3324/3122 3713/3323/3121 3701/2891/3109
f 3703/2893/3111 3715/3325/3123 3714/3324/3122 3702/2892/3110
f 3704/2894/3112 3716/3326/3124 3715/3325/3123 3703/2893/3111
f 3706/3315/3113 3718/3327/3125 3717/3328/3126 3705/3316/3114
f 3707/3317/3115 3719/3329/3127 3718/3327/3125 3706/3315/3113
f 3708/3318/3116 3720/3330/3128 3719/3329/3127 3707/3317/3115
f 3709/3319/3117 3721/3331/3129 3720/3330/3128 3708/3318/3116
f 3710/3320/3118 3722/3332/3130 3721/3331/3129 3709/3319/3117
f 3711/3321/3119 3723/3333/3131 3722/3332/3130 3710/3320/3118
f 3712/3322/3120 3724/3334/3132 3723/3333/3131 3711/3321/3119
f 3713/3323/3121 3725/3335/3133 3724/3334/3132 3712/3322/3120
f 3714/3324/3122 3726/3336/3134 3725/3335/3133 3713/3323/3121
f 3715/3325/3123 3727/3337/3135 3726/3336/3134 3714/3324/3122
f 3716/3326/3124 3728/3338/3136 3727/3337/3135 3715/3325/3123
f 3718/3327/3125 3730/3339/3137 3729/3340/3138 3717/3328/3126
f 3719/3329/3127 3731/3341/3139 3730/3339/3137 3718/3327/3125
f 3720/3330/3128 3732/3342/3140 3731/3341/3139 3719/3329/3127
f 3721/3331/3129 3733/3343/3141 3732/3342/3140 3720/3330/3128
f 3722/3332/3130 3734/3344/3142 3733/3343/3141 3721/3331/3129
f 3723/3333/3131 3735/3345/3143 3734/3344/3142 3722/3332/3130
f 3724/3334/3132 3736/3346/3144 3735/3345/3143 3723/3333/3131
f 3725/3335/3133 3737/3347/3145 3736/3346/3144 3724/3334/3132
f 3726/3336/3134 3738/3348/3146 3737/3347/3145 3725/3335/3133
f 3727/3337/3135 3739/3349/3147 3738/3348/3146 3726/3336/3134
f 3728/3338/3136 3740/3350/3148 3739/3349/3147 3727/3337/3135
f 3730/3339/3137 3742/3351/3149 3741/3352/3150 3729/3340/3138
f 3731/3341/3139 3743/3353/3151 3742/3351/3149 3730/3339/3137
f 3732/3342/3140 3744/3354/3152 3743/3353/3151 3731/3341/3139
f 3733/3343/3141 3745/3355/3153 3744/3354/3152 3732/3342/3140
f 3734/3344/3142 3746/3356/3154 3745/3355/3153 3733/3343/3141
f 3735/3345/3143 3747/3357/3155 3746/3356/3154 3734/3344/3142
f 3736/3346/3144 3748/3358/3156 3747/3357/3155 3735/3345/3143
f 3737/3347/3145 3749/3359/3157 3748/3358/3156 3736/3346/3144
f 3738/3348/3146 3750/3360/3158 3749/3359/3157 3737/3347/3145
f 3739/3349/3147 3751/3361/3159 3750/3360/3158 3738/3348/3146
f 3740/3350/3148 3752/3362/3160 3751/3361/3159 3739/3349/3147
f 3742/3351/3149 3754/3363/3161 3753/3364/3162 3741/3352/3150
f 3743/3353/3151 3755/3365/3163 3754/3363/3161 3742/3351/3149
f 3744/3354/3152 3756/3366/3164 3755/3365/3163 3743/3353/3151
f 3745/3355/3153 3757/3367/3165 3756/3366/3164 3744/3354/3152
f 3746/3356/3154 3758/3368/3166 3757/3367/3165 3745/3355/3153
f 3747/3357/3155 3759/3369/3167 3758/3368/3166 3746/3356/3154
f 3748/3358/3156 3760/3370/3168 3759/3369/3167 3747/3357/3155
f 3749/3359/3157 3761/3371/3169 3760/3370/3168 3748/3358/3156
f 3750/3360/3158 3762/3372/3170 3761/3371/3169 3749/3359/3157
f 3751/3361/3159 3763/3373/3171 3762/3372/3170 3750/3360/3158
f 3752/3362/3160 3764/3374/3172 3763/3373/3171 3751/3361/3159
f 3754/3363/3161 3766/3375/3173 3765/3376/3174 3753/3364/3162
f 3755/3365/3163 3767/3377/3175 3766/3375/3173 3754/3363/3161
f 3756/3366/3164 3768/3378/3176 3767/3377/3175 3755/3365/3163
f 3757/3367/3165 3769/3379/3177 3768/3378/3176 3756/3366/3164
f 3758/3368/3166 3770/3380/3178 3769/3379/3177 3757/3367/3165
f 3759/3369/3167 3771/3381/3179 3770/3380/3178 3758/3368/3166
f 3760/3370/3168 3772/3382/3180 3771/3381/3179 3759/3369/3167
f 3761/3371/3169 3773/3383/3181 3772/3382/3180 3760/3370/3168
f 3762/3372/3170 3774/3384/3182 3773/3383/3181 3761/3371/3169
f 3763/3373/3171 3775/3385/3183 3774/3384/3182 3762/3372/3170
f 3764/3374/3172 3776/3386/3184 3775/3385/3183 3763/3373/3171
f 3766/3375/3173 3778/3387/3185 3777/3388/3186 3765/3376/3174
f 3767/3377/3175 3779/3389/3187 3778/3387/3185 3766/3375/3173
f 3768/3378/3176 3780/3390/3188 3779/3389/3187 3767/3377/3175
f 3769/3379/3177 3781/3391/3189 3780/3390/3188 3768/3378/3176
f 3770/3380/3178 3782/3392/3190 3781/3391/3189 3769/3379/3177
f 3771/3381/3179 3783/3393/3191 3782/3392/3190 3770/3380/3178
f 3772/3382/3180 3784/3394/3192 3783/3393/3191 3771/3381/3179
f 3773/3383/3181 3785/3395/3193 3784/3394/3192 3772/3382/3180
f 3774/3384/3182 3786/3396/3194 3785/3395/3193 3773/3383/3181
f 3775/3385/3183 3787/3397/3195 3786/3396/3194 3774/3384/3182
f 3776/3386/3184 3788/3398/3196 3787/3397/3195 3775/3385/3183
f 3778/3387/3185 3790/3399/3197 3789/3400/3198 3777/3388/3186
f 3779/3389/3187 3791/3401/3199 3790/3399/3197 3778/3387/3185
f 3780/3390/3188 3792/3402/3200 3791/3401/3199 3779/3389/3187
f 3781/3391/3189 3793/3403/3201 3792/3402/3200 3780/3390/3188
f 3782/3392/3190 3794/3404/3202 3793/3403/3201 3781/3391/3189
f 3783/3393/3191 3795/3405/3203 3794/3404/3202 3782/3392/3190
f 3784/3394/3192 3796/3406/3204 3795/3405/3203 3783/3393/3191
f 3785/3395/3193 3797/3407/3205 3796/3406/3204 3784/3394/3192
f 3786/3396/3194 3798/3408/3206 3797/3407/3205 3785/3395/3193
f 3787/3397/3195 3799/3409/3207 3798/3408/3206 3786/3396/3194
f 3788/3398/3196 3800/3410/3208 3799/3409/3207 3787/3397/3195
f 3790/3399/3197 3802/3411/3209 3801/3412/3210 3789/3400/3198
f 3791/3401/3199 3803/3413/3211 3802/3411/3209 3790/3399/3197
f 3792/3402/3200 3804/3414/3212 3803/3413/3211 3791/3401/3199
f 3793/3403/3201 3805/3415/3213 3804/3414/3212 3792/3402/3200
f 3794/3404/3202 3806/3416/3214 3805/3415/3213 3793/3403/3201
f 3795/3405/3203 3807/3417/3215 3806/3416/3214 3794/3404/3202
f 3796/3406/3204 3808/3418/3216 3807/3417/3215 3795/3405/3203
f 3797/3407/3205 3809/3419/3217 3808/3418/3216 3796/3406/3204
f 3798/3408/3206 3810/3420/3218 3809/3419/3217 3797/3407/3205
f 3799/3409/3207 3811/3421/3219 3810/3420/3218 3798/3408/3206
f 3800/3410/3208 3812/3422/3220 3811/3421/3219 3799/3409/3207
f 3802/3411/3209 3814/3423/3221 3813/3424/3222 3801/3412/3210
f 3803/3413/3211 3815/3425/3223 3814/3423/3221 3802/3411/3209
f 3804/3414/3212 3816/3426/3224 3815/3425/3223 3803/3413/3211
f 3805/3415/3213 3817/3427/3225 3816/3426/3224 3804/3414/3212
f 3806/3416/3214 3818/3428/3226 3817/3427/3225 3805/3415/3213
f 3807/3417/3215 3819/3429/3227 3818/3428/3226 3806/3416/3214
f 3808/3418/3216 3820/3430/3228 3819/3429/3227 3807/3417/3215
f 3809/3419/3217 3821/3431/3229 3820/3430/3228 3808/3418/3216
f 3810/3420/3218 3822/3432/3230 3821/3431/3229 3809/3419/3217
f 3811/3421/3219 3823/3433/3231 3822/3432/3230 3810/3420/3218
f 3812/3422/3220 3824/3434/3232 3823/3433/3231 3811/3421/3219
f 3814/3423/3221 3826/3435/3233 3825/3436/3234 3813/3424/3222
f 3815/3425/3223 3827/3437/3235 3826/3435/3233 3814/3423/3221
f 3816/3426/3224 3828/3438/3236 3827/3437/3235 3815/3425/3223
f 3817/3427/3225 3829/3439/3237 3828/3438/3236 3816/3426/3224
f 3818/3428/3226 3830/3440/3238 3829/3439/3237 3817/3427/3225
f 3819/3429/3227 3831/3441/3239 3830/3440/3238 3818/3428/3226
f 3820/3430/3228 3832/3442/3240 3831/3441/3239 3819/3429/3227
f 3821/3431/3229 3833/3443/3241 3832/3442/3240 3820/3430/3228
f 3822/3432/3230 3834/3444/3242 3833/3443/3241 3821/3431/3229
f 3823/3433/3231 3835/3445/3243 3834/3444/3242 3822/3432/3230
f 3824/3434/3232 3836/3446/3244 3835/3445/3243 3823/3433/3231
f 3826/3435/3233 3838/3447/3245 3837/3448/3246 3825/3436/3234
f 3827/3437/3235 3839/3449/3247 3838/3447/3245 3826/3435/3233
f 3828/3438/3236 3840/3450/3248 3839/3449/3247 3827/3437/3235
f 3829/3439/3237 3841/3451/3249 3840/3450/3248 3828/3438/3236
f 3830/3440/3238 3842/3452/3250 3841/3451/3249 3829/3439/3237
f 3831/3441/3239 3843/3453/3251 3842/3452/3250 3830/3440/3238
f 3832/3442/3240 3844/3454/3252 3843/3453/3251 3831/3441/3239
f 3833/3443/3241 3845/3455/3253 3844/3454/3252 3832/3442/3240
f 3834/3444/3242 3846/3456/3254 3845/3455/3253 3833/3443/3241
f 3835/3445/3243 3847/3457/3255 3846/3456/3254 3834/3444/3242
f 3836/3446/3244 3848/3458/3256 3847/3457/3255 3835/3445/3243
f 3838/3447/3245 3850/3459/3257 3849/3460/3258 3837/3448/3246
f 3839/3449/3247 3851/3461/3259 3850/3459/3257 3838/3447/3245
f 3840/3450/3248 3852/3462/3260 3851/3461/3259 3839/3449/3247
f 3841/3451/3249 3853/3463/3261 3852/3462/3260 3840/3450/3248
f 3842/3452/3250 3854/3464/3262 3853/3463/3261 3841/3451/3249
f 3843/3453/3251 3855/3465/3263 3854/3464/3262 3842/3452/3250
f 3844/3454/3252 3856/3466/3264 3855/3465/3263 3843/3453/3251
f 3845/3455/3253 3857/3467/3265 3856/3466/3264 3844/3454/3252
f 3846/3456/3254 3858/3468/3266 3857/3467/3265 3845/3455/3253
f 3847/3457/3255 3859/3469/3267 3858/3468/3266 3846/3456/3254
f 3848/3458/3256 3860/3470/3268 3859/3469/3267 3847/3457/3255
f 3850/3459/3257 3862/3471/3269 3861/3472/3270 3849/3460/3258
f 3851/3461/3259 3863/3473/3271 3862/3471/3269 3850/3459/3257
f 3852/3462/3260 3864/3474/3272 3863/3473/3271 3851/3461/3259
f 3853/3463/3261 3865/3475/3273 3864/3474/3272 3852/3462/3260
f 3854/3464/3262 3866/3476/3274 3865/3475/3273 3853/3463/3261
f 3855/3465/3263 3867/3477/3275 3866/3476/3274 3854/3464/3262
f 3856/3466/3264 3868/3478/3276 3867/3477/3275 3855/3465/3263
f 3857/3467/3265 3869/3479/3277 3868/3478/3276 3856/3466/3264
f 3858/3468/3266 3870/3480/3278 3869/3479/3277 3857/3467/3265
f 3859/3469/3267 3871/3481/3279 3870/3480/3278 3858/3468/3266
f 3860/3470/3268 3872/3482/3280 3871/3481/3279 3859/3469/3267
f 3862/3471/3269 3874/3483/3281 3873/3484/3282 3861/3472/3270
f 3863/3473/3271 3875/3485/3283 3874/3483/3281 3862/3471/3269
f 3864/3474/3272 3876/3486/3284 3875/3485/3283 3863/3473/3271
f 3865/3475/3273 3877/3487/3285 3876/3486/3284 3864/3474/3272
f 3866/3476/3274 3878/3488/3286 3877/3487/3285 3865/3475/3273
f 3867/3477/3275 3879/3489/3287 3878/3488/3286 3866/3476/3274
f 3868/3478/3276 3880/3490/3288 3879/3489/3287 3867/3477/3275
f 3869/3479/3277 3881/3491/3289 3880/3490/3288 3868/3478/3276
f 3870/3480/3278 3882/3492/3290 3881/3491/3289 3869/3479/3277
f 3871/3481/3279 3883/3493/3291 3882/3492/3290 3870/3480/3278
f 3872/3482/3280 3884/3494/3292 3883/3493/3291 3871/3481/3279
f 3874/3483/3281 3886/3495/3293 3885/3496/3294 3873/3484/3282
f 3875/3485/3283 3887/3497/3295 3886/3495/3293 3874/3483/3281
f 3876/3486/3284 3888/3498/3296 3887/3497/3295 3875/3485/3283
f 3877/3487/3285 3889/3499/3297 3888/3498/3296 3876/3486/3284
f 3878/3488/3286 3890/3500/3298 3889/3499/3297 3877/3487/3285
f 3879/3489/3287 3891/3501/3299 3890/3500/3298 3878/3488/3286
f 3880/3490/3288 3892/3502/3300 3891/3501/3299 3879/3489/3287
f 3881/3491/3289 3893/3503/3301 3892/3502/3300 3880/3490/3288
f 3882/3492/3290 3894/3504/3302 3893/3503/3301 3881/3491/3289
f 3883/3493/3291 3895/3505/3303 3894/3504/3302 3882/3492/3290
f 3884/3494/3292 3896/3506/3304 3895/3505/3303 3883/3493/3291
f 3886/3495/3293 3898/3507/3305 3897/3508/2410 3885/3496/3294
f 3887/3497/3295 3899/3509/3306 3898/3507/3305 3886/3495/3293
f 3888/3498/3296 3900/3510/3307 3899/3509/3306 3887/3497/3295
f 3889/3499/3297 3901/3511/3308 3900/3510/3307 3888/3498/3296
f 3890/3500/3298 3902/3512/3309 3901/3511/3308 3889/3499/3297
f 3891/3501/3299 3903/3513/3310 3902/3512/3309 3890/3500/3298
f 3892/3502/3300 3904/3514/3311 3903/3513/3310 3891/3501/3299
f 3893/3503/3301 3905/3515/3312 3904/3514/3311 3892/3502/3300
f 3894/3504/3302 3906/3516/3313 3905/3515/3312 3893/3503/3301
f 3895/3505/3303 3907/3517/3314 3906/3516/3313 3894/3504/3302
f 3896/3506/3304 3908/3518/2420 3907/3517/3314 3895/3505/3303
f 3898/3507/3305 3910/3519/3315 3909/3520/3316 3897/3508/2410
f 3899/3509/3306 3911/3521/3317 3910/3519/3315 3898/3507/3305
f 3900/3510/3307 3912/3522/3318 3911/3521/3317 3899/3509/3306
f 3901/3511/3308 3913/3523/3319 3912/3522/3318 3900/3510/3307
f 3902/3512/3309 3914/3524/3320 3913/3523/3319 3901/3511/3308
f 3903/3513/3310 3915/3525/3321 3914/3524/3320 3902/3512/3309
f 3904/3514/3311 3916/3526/3322 3915/3525/3321 3903/3513/3310
f 3905/3515/3312 3917/3527/3323 3916/3526/3322 3904/3514/3311
f 3906/3516/3313 3918/3528/3324 3917/3527/3323 3905/3515/3312
f 3907/3517/3314 3919/3529/3325 3918/3528/3324 3906/3516/3313
f 3908/3518/2420 3920/3530/3326 3919/3529/3325 3907/3517/3314
f 3910/3519/3315 3466/2031/2877 3465/24/2880 3909/3520/3316
f 3911/3521/3317 3467/2032/2881 3466/2031/2877 3910/3519/3315
f 3912/3522/3318 3468/2033/2883 3467/2032/2881 3911/3521/3317
f 3913/3523/3319 3469/2034/2885 3468/2033/2883 3912/3522/3318
f 3914/3524/3320 3470/2035/2887 3469/2034/2885 3913/3523/3319
f 3915/3525/3321 3471/2036/2889 3470/2035/2887 3914/3524/3320
f 3916/3526/3322 3472/2037/2891 3471/2036/2889 3915/3525/3321
f 3917/3527/3323 3473/2038/2893 3472/2037/2891 3916/3526/3322
f 3918/3528/3324 3474/2039/2895 3473/2038/2893 3917/3527/3323
f 3919/3529/3325 3475/2040/2897 3474/2039/2895 3918/3528/3324
f 3920/3530/3326 3476/2041/2899 3475/2040/2897 3919/3529/3325
