# Blender 4.1.1
# www.blender.org
mtllib MissionText.mtl
o テキスト
v -11.932896 -1.914226 -0.299998
v -11.929691 -1.929806 -0.299998
v -11.924528 -1.944594 -0.299998
v -11.917553 -1.958444 -0.299998
v -11.908911 -1.971212 -0.299998
v -11.898748 -1.982750 -0.299998
v -11.887211 -1.992913 -0.299998
v -11.874443 -2.001555 -0.299998
v -11.860592 -2.008531 -0.299998
v -11.845804 -2.013694 -0.299998
v -11.830225 -2.016899 -0.299998
v -11.813999 -2.018000 -0.299998
v -11.797771 -2.016899 -0.299998
v -11.782192 -2.013694 -0.299998
v -11.767405 -2.008531 -0.299998
v -11.753553 -2.001555 -0.299998
v -11.740786 -1.992913 -0.299998
v -11.729248 -1.982750 -0.299998
v -11.719086 -1.971212 -0.299998
v -11.710443 -1.958444 -0.299998
v -11.703468 -1.944594 -0.299998
v -11.698305 -1.929806 -0.299998
v -11.695101 -1.914226 -0.299998
v -11.694000 -1.898000 -0.299998
v -11.695103 -1.881774 -0.299998
v -11.698307 -1.866194 -0.299998
v -11.703470 -1.851406 -0.299998
v -11.710445 -1.837555 -0.299998
v -11.719088 -1.824788 -0.299998
v -11.729250 -1.813250 -0.299998
v -11.740788 -1.803087 -0.299998
v -11.753555 -1.794444 -0.299998
v -11.767406 -1.787469 -0.299998
v -11.782194 -1.782305 -0.299998
v -11.797773 -1.779101 -0.299998
v -11.813999 -1.778000 -0.299998
v -11.830229 -1.779101 -0.299998
v -11.845808 -1.782306 -0.299998
v -11.860596 -1.787469 -0.299998
v -11.874447 -1.794445 -0.299998
v -11.887215 -1.803087 -0.299998
v -11.898752 -1.813250 -0.299998
v -11.908915 -1.824788 -0.299998
v -11.917557 -1.837556 -0.299998
v -11.924532 -1.851406 -0.299998
v -11.929695 -1.866194 -0.299998
v -11.932899 -1.881774 -0.299998
v -11.934000 -1.898000 -0.299998
v -11.830172 -0.620043 -0.299998
v -11.846687 -0.626176 -0.299998
v -11.861565 -0.636406 -0.299998
v -11.874817 -0.650741 -0.299998
v -11.886457 -0.669186 -0.299998
v -11.896502 -0.691750 -0.299998
v -11.904963 -0.718439 -0.299998
v -11.911854 -0.749259 -0.299998
v -11.917189 -0.784219 -0.299998
v -11.920982 -0.823324 -0.299998
v -11.923248 -0.866582 -0.299998
v -11.924000 -0.914000 -0.299998
v -11.923916 -0.935665 -0.299998
v -11.923666 -0.956657 -0.299998
v -11.923250 -0.976969 -0.299998
v -11.922667 -0.996592 -0.299998
v -11.921917 -1.015522 -0.299998
v -11.921000 -1.033750 -0.299998
v -11.919916 -1.051270 -0.299998
v -11.918667 -1.068074 -0.299998
v -11.917250 -1.084156 -0.299998
v -11.915667 -1.099509 -0.299998
v -11.913918 -1.114126 -0.299998
v -11.912001 -1.128000 -0.299998
v -11.862000 -1.472000 -0.299998
v -11.858994 -1.492965 -0.299998
v -11.855936 -1.511889 -0.299998
v -11.852781 -1.528813 -0.299998
v -11.849482 -1.543778 -0.299998
v -11.845987 -1.556826 -0.299998
v -11.842251 -1.568000 -0.299998
v -11.838223 -1.577340 -0.299998
v -11.833853 -1.584889 -0.299998
v -11.829094 -1.590688 -0.299998
v -11.823898 -1.594778 -0.299998
v -11.818216 -1.597201 -0.299998
v -11.812000 -1.598000 -0.299998
v -11.805784 -1.597201 -0.299998
v -11.800102 -1.594778 -0.299998
v -11.794907 -1.590688 -0.299998
v -11.790148 -1.584889 -0.299998
v -11.785778 -1.577340 -0.299998
v -11.781750 -1.568000 -0.299998
v -11.778013 -1.556826 -0.299998
v -11.774519 -1.543778 -0.299998
v -11.771219 -1.528813 -0.299998
v -11.768064 -1.511889 -0.299998
v -11.765007 -1.492965 -0.299998
v -11.761999 -1.472000 -0.299998
v -11.712000 -1.128000 -0.299998
v -11.710083 -1.114126 -0.299998
v -11.708334 -1.099509 -0.299998
v -11.706751 -1.084156 -0.299998
v -11.705334 -1.068074 -0.299998
v -11.704084 -1.051270 -0.299998
v -11.703001 -1.033750 -0.299998
v -11.702084 -1.015522 -0.299998
v -11.701334 -0.996593 -0.299998
v -11.700750 -0.976969 -0.299998
v -11.700335 -0.956657 -0.299998
v -11.700085 -0.935665 -0.299998
v -11.700001 -0.914000 -0.299998
v -11.700754 -0.866582 -0.299998
v -11.703020 -0.823324 -0.299998
v -11.706814 -0.784219 -0.299998
v -11.712149 -0.749259 -0.299998
v -11.719040 -0.718439 -0.299998
v -11.727501 -0.691750 -0.299998
v -11.737545 -0.669186 -0.299998
v -11.749186 -0.650741 -0.299998
v -11.762438 -0.636406 -0.299998
v -11.777315 -0.626176 -0.299998
v -11.793831 -0.620043 -0.299998
v -11.812000 -0.618000 -0.299998
v -11.390896 -1.914226 -0.299998
v -11.387691 -1.929806 -0.299998
v -11.382528 -1.944594 -0.299998
v -11.375553 -1.958444 -0.299998
v -11.366911 -1.971212 -0.299998
v -11.356749 -1.982750 -0.299998
v -11.345211 -1.992913 -0.299998
v -11.332443 -2.001555 -0.299998
v -11.318592 -2.008531 -0.299998
v -11.303804 -2.013694 -0.299998
v -11.288225 -2.016899 -0.299998
v -11.271999 -2.018000 -0.299998
v -11.255772 -2.016899 -0.299998
v -11.240192 -2.013694 -0.299998
v -11.225405 -2.008531 -0.299998
v -11.211554 -2.001555 -0.299998
v -11.198786 -1.992913 -0.299998
v -11.187248 -1.982750 -0.299998
v -11.177086 -1.971212 -0.299998
v -11.168444 -1.958444 -0.299998
v -11.161469 -1.944594 -0.299998
v -11.156305 -1.929806 -0.299998
v -11.153101 -1.914226 -0.299998
v -11.152000 -1.898000 -0.299998
v -11.153103 -1.881774 -0.299998
v -11.156307 -1.866194 -0.299998
v -11.161470 -1.851406 -0.299998
v -11.168446 -1.837555 -0.299998
v -11.177088 -1.824788 -0.299998
v -11.187250 -1.813250 -0.299998
v -11.198788 -1.803087 -0.299998
v -11.211555 -1.794444 -0.299998
v -11.225407 -1.787469 -0.299998
v -11.240194 -1.782305 -0.299998
v -11.255774 -1.779101 -0.299998
v -11.271999 -1.778000 -0.299998
v -11.288229 -1.779101 -0.299998
v -11.303808 -1.782306 -0.299998
v -11.318596 -1.787469 -0.299998
v -11.332447 -1.794445 -0.299998
v -11.345215 -1.803087 -0.299998
v -11.356752 -1.813250 -0.299998
v -11.366915 -1.824788 -0.299998
v -11.375557 -1.837556 -0.299998
v -11.382532 -1.851406 -0.299998
v -11.387695 -1.866194 -0.299998
v -11.390900 -1.881774 -0.299998
v -11.392000 -1.898000 -0.299998
v -11.288172 -0.620043 -0.299998
v -11.304688 -0.626176 -0.299998
v -11.319565 -0.636406 -0.299998
v -11.332817 -0.650741 -0.299998
v -11.344458 -0.669186 -0.299998
v -11.354502 -0.691750 -0.299998
v -11.362963 -0.718439 -0.299998
v -11.369854 -0.749259 -0.299998
v -11.375189 -0.784219 -0.299998
v -11.378983 -0.823324 -0.299998
v -11.381248 -0.866582 -0.299998
v -11.382000 -0.914000 -0.299998
v -11.381916 -0.935665 -0.299998
v -11.381666 -0.956657 -0.299998
v -11.381250 -0.976969 -0.299998
v -11.380667 -0.996592 -0.299998
v -11.379917 -1.015522 -0.299998
v -11.379000 -1.033750 -0.299998
v -11.377916 -1.051270 -0.299998
v -11.376667 -1.068074 -0.299998
v -11.375250 -1.084156 -0.299998
v -11.373667 -1.099509 -0.299998
v -11.371918 -1.114126 -0.299998
v -11.370001 -1.128000 -0.299998
v -11.320000 -1.472000 -0.299998
v -11.316994 -1.492965 -0.299998
v -11.313936 -1.511889 -0.299998
v -11.310781 -1.528813 -0.299998
v -11.307482 -1.543778 -0.299998
v -11.303988 -1.556826 -0.299998
v -11.300251 -1.568000 -0.299998
v -11.296223 -1.577340 -0.299998
v -11.291853 -1.584889 -0.299998
v -11.287094 -1.590688 -0.299998
v -11.281898 -1.594778 -0.299998
v -11.276217 -1.597201 -0.299998
v -11.270000 -1.598000 -0.299998
v -11.263784 -1.597201 -0.299998
v -11.258102 -1.594778 -0.299998
v -11.252907 -1.590688 -0.299998
v -11.248148 -1.584889 -0.299998
v -11.243778 -1.577340 -0.299998
v -11.239750 -1.568000 -0.299998
v -11.236013 -1.556826 -0.299998
v -11.232519 -1.543778 -0.299998
v -11.229219 -1.528813 -0.299998
v -11.226065 -1.511889 -0.299998
v -11.223007 -1.492965 -0.299998
v -11.219999 -1.472000 -0.299998
v -11.170000 -1.128000 -0.299998
v -11.168083 -1.114126 -0.299998
v -11.166334 -1.099509 -0.299998
v -11.164751 -1.084156 -0.299998
v -11.163334 -1.068074 -0.299998
v -11.162085 -1.051270 -0.299998
v -11.161001 -1.033750 -0.299998
v -11.160084 -1.015522 -0.299998
v -11.159334 -0.996593 -0.299998
v -11.158751 -0.976969 -0.299998
v -11.158335 -0.956657 -0.299998
v -11.158085 -0.935665 -0.299998
v -11.158001 -0.914000 -0.299998
v -11.158754 -0.866582 -0.299998
v -11.161020 -0.823324 -0.299998
v -11.164814 -0.784219 -0.299998
v -11.170149 -0.749259 -0.299998
v -11.177040 -0.718439 -0.299998
v -11.185501 -0.691750 -0.299998
v -11.195545 -0.669186 -0.299998
v -11.207186 -0.650741 -0.299998
v -11.220438 -0.636406 -0.299998
v -11.235315 -0.626176 -0.299998
v -11.251831 -0.620043 -0.299998
v -11.270000 -0.618000 -0.299998
v -9.637400 -0.545799 -0.299998
v -9.683020 -0.545222 -0.299998
v -9.738501 -0.544312 -0.299998
v -9.801481 -0.543111 -0.299998
v -9.869602 -0.541660 -0.299998
v -9.940500 -0.540000 -0.299998
v -10.011816 -0.538173 -0.299998
v -10.081186 -0.536222 -0.299998
v -10.146252 -0.534187 -0.299998
v -10.204649 -0.532111 -0.299998
v -10.254019 -0.530035 -0.299998
v -10.292000 -0.528000 -0.299998
v -10.300774 -0.526958 -0.299998
v -10.310019 -0.525833 -0.299998
v -10.319626 -0.524625 -0.299998
v -10.329483 -0.523333 -0.299998
v -10.339478 -0.521958 -0.299998
v -10.349501 -0.520500 -0.299998
v -10.359440 -0.518958 -0.299998
v -10.369184 -0.517333 -0.299998
v -10.378624 -0.515625 -0.299998
v -10.387648 -0.513833 -0.299998
v -10.396143 -0.511958 -0.299998
v -10.403999 -0.510000 -0.299998
v -10.500000 -0.626000 -0.299998
v -10.493191 -0.629777 -0.299998
v -10.485846 -0.634046 -0.299998
v -10.478096 -0.638719 -0.299998
v -10.470076 -0.643704 -0.299998
v -10.461918 -0.648911 -0.299998
v -10.453753 -0.654250 -0.299998
v -10.445711 -0.659631 -0.299998
v -10.437927 -0.664963 -0.299998
v -10.430532 -0.670156 -0.299998
v -10.423658 -0.675120 -0.299998
v -10.417437 -0.679765 -0.299998
v -10.412001 -0.684000 -0.299998
v -10.373177 -0.716424 -0.299998
v -10.331099 -0.751389 -0.299998
v -10.286341 -0.788437 -0.299998
v -10.239479 -0.827111 -0.299998
v -10.191090 -0.866951 -0.299998
v -10.141748 -0.907500 -0.299998
v -10.092031 -0.948299 -0.299998
v -10.042517 -0.988889 -0.299998
v -9.993780 -1.028813 -0.299998
v -9.946398 -1.067611 -0.299998
v -9.900946 -1.104826 -0.299998
v -9.858000 -1.140000 -0.299998
v -9.884787 -1.130535 -0.299998
v -9.911129 -1.122111 -0.299998
v -9.937000 -1.114688 -0.299998
v -9.962370 -1.108222 -0.299998
v -9.987213 -1.102674 -0.299998
v -10.011499 -1.098000 -0.299998
v -10.035204 -1.094160 -0.299998
v -10.058296 -1.091111 -0.299998
v -10.080750 -1.088812 -0.299998
v -10.102537 -1.087222 -0.299998
v -10.123631 -1.086299 -0.299998
v -10.144001 -1.086000 -0.299998
v -10.224762 -1.089817 -0.299998
v -10.300760 -1.101037 -0.299998
v -10.371563 -1.119313 -0.299998
v -10.436741 -1.144296 -0.299998
v -10.495863 -1.175641 -0.299998
v -10.548500 -1.213000 -0.299998
v -10.594219 -1.256026 -0.299998
v -10.632591 -1.304370 -0.299998
v -10.663187 -1.357687 -0.299998
v -10.685574 -1.415630 -0.299998
v -10.699322 -1.477849 -0.299998
v -10.704000 -1.544000 -0.299998
v -10.696180 -1.635824 -0.299998
v -10.672935 -1.720093 -0.299998
v -10.634594 -1.796500 -0.299998
v -10.581482 -1.864741 -0.299998
v -10.513926 -1.924509 -0.299998
v -10.432251 -1.975500 -0.299998
v -10.336784 -2.017407 -0.299998
v -10.227852 -2.049926 -0.299998
v -10.105782 -2.072750 -0.299998
v -9.970898 -2.085574 -0.299998
v -9.823528 -2.088093 -0.299998
v -9.664000 -2.080000 -0.299998
v -9.620001 -1.918000 -0.299998
v -9.754404 -1.930539 -0.299998
v -9.880215 -1.934314 -0.299998
v -9.996845 -1.929562 -0.299998
v -10.103704 -1.916518 -0.299998
v -10.200203 -1.895419 -0.299998
v -10.285749 -1.866500 -0.299998
v -10.359755 -1.829998 -0.299998
v -10.421629 -1.786148 -0.299998
v -10.470781 -1.735188 -0.299998
v -10.506620 -1.677352 -0.299998
v -10.528557 -1.612877 -0.299998
v -10.535999 -1.542000 -0.299998
v -10.532627 -1.495291 -0.299998
v -10.522669 -1.451333 -0.299998
v -10.506376 -1.410375 -0.299998
v -10.484001 -1.372666 -0.299998
v -10.455793 -1.338458 -0.299998
v -10.422001 -1.308000 -0.299998
v -10.382875 -1.281541 -0.299998
v -10.338667 -1.259333 -0.299998
v -10.289625 -1.241625 -0.299998
v -10.236000 -1.228667 -0.299998
v -10.178041 -1.220708 -0.299998
v -10.115999 -1.218000 -0.299998
v -10.032784 -1.221602 -0.299998
v -9.955593 -1.232148 -0.299998
v -9.883625 -1.249250 -0.299998
v -9.816074 -1.272519 -0.299998
v -9.752134 -1.301565 -0.299998
v -9.691000 -1.336000 -0.299998
v -9.631866 -1.375435 -0.299998
v -9.573927 -1.419481 -0.299998
v -9.516376 -1.467750 -0.299998
v -9.458408 -1.519852 -0.299998
v -9.399218 -1.575398 -0.299998
v -9.337999 -1.634000 -0.299998
v -9.216000 -1.510000 -0.299998
v -9.293573 -1.448821 -0.299998
v -9.378918 -1.380398 -0.299998
v -9.469969 -1.306406 -0.299998
v -9.564667 -1.228518 -0.299998
v -9.660948 -1.148409 -0.299998
v -9.756750 -1.067750 -0.299998
v -9.850010 -0.988216 -0.299998
v -9.938665 -0.911481 -0.299998
v -10.020655 -0.839219 -0.299998
v -10.093916 -0.773102 -0.299998
v -10.156385 -0.714804 -0.299998
v -10.205999 -0.666000 -0.299998
v -10.170549 -0.667697 -0.299998
v -10.126431 -0.669741 -0.299998
v -10.075464 -0.672062 -0.299998
v -10.019478 -0.674592 -0.299998
v -9.960297 -0.677261 -0.299998
v -9.899748 -0.680000 -0.299998
v -9.839657 -0.682738 -0.299998
v -9.781851 -0.685407 -0.299998
v -9.728155 -0.687937 -0.299998
v -9.680397 -0.690259 -0.299998
v -9.640404 -0.692303 -0.299998
v -9.610001 -0.694000 -0.299998
v -9.598768 -0.694581 -0.299998
v -9.587124 -0.695315 -0.299998
v -9.575159 -0.696187 -0.299998
v -9.562965 -0.697185 -0.299998
v -9.550632 -0.698294 -0.299998
v -9.538252 -0.699500 -0.299998
v -9.525913 -0.700789 -0.299998
v -9.513706 -0.702148 -0.299998
v -9.501720 -0.703562 -0.299998
v -9.490047 -0.705018 -0.299998
v -9.478777 -0.706502 -0.299998
v -9.468000 -0.708000 -0.299998
v -9.464001 -0.540000 -0.299998
v -9.473284 -0.540958 -0.299998
v -9.483118 -0.541833 -0.299998
v -9.493465 -0.542625 -0.299998
v -9.504293 -0.543333 -0.299998
v -9.515566 -0.543958 -0.299998
v -9.527248 -0.544500 -0.299998
v -9.539305 -0.544958 -0.299998
v -9.551702 -0.545333 -0.299998
v -9.564405 -0.545625 -0.299998
v -9.577379 -0.545833 -0.299998
v -9.590590 -0.545958 -0.299998
v -9.604000 -0.546000 -0.299998
v -7.659426 -0.705382 -0.299999
v -7.656748 -0.775556 -0.299999
v -7.654030 -0.853063 -0.299999
v -7.651333 -0.936445 -0.299999
v -7.648718 -1.024243 -0.299999
v -7.646250 -1.115000 -0.299999
v -7.643990 -1.207257 -0.299998
v -7.642000 -1.299556 -0.299998
v -7.640345 -1.390437 -0.299998
v -7.639084 -1.478444 -0.299998
v -7.638281 -1.562118 -0.299998
v -7.638000 -1.640000 -0.299998
v -7.640829 -1.692079 -0.299998
v -7.649105 -1.738463 -0.299998
v -7.662535 -1.779375 -0.299998
v -7.680819 -1.815037 -0.299998
v -7.703657 -1.845671 -0.299998
v -7.730753 -1.871500 -0.299998
v -7.761806 -1.892745 -0.299998
v -7.796520 -1.909630 -0.299998
v -7.834595 -1.922375 -0.299998
v -7.875732 -1.931204 -0.299998
v -7.919634 -1.936338 -0.299998
v -7.966000 -1.938000 -0.299998
v -8.054226 -1.933826 -0.299998
v -8.136124 -1.921778 -0.299998
v -8.212034 -1.902562 -0.299998
v -8.282299 -1.876889 -0.299998
v -8.347258 -1.845465 -0.299998
v -8.407251 -1.809000 -0.299998
v -8.462620 -1.768201 -0.299998
v -8.513704 -1.723778 -0.299998
v -8.560844 -1.676437 -0.299998
v -8.604380 -1.626889 -0.299998
v -8.644651 -1.575840 -0.299998
v -8.681999 -1.524000 -0.299998
v -8.796000 -1.660000 -0.299998
v -8.758966 -1.708610 -0.299998
v -8.716715 -1.758713 -0.299998
v -8.669033 -1.809219 -0.299998
v -8.615705 -1.859037 -0.299998
v -8.556517 -1.907078 -0.299998
v -8.491251 -1.952250 -0.299998
v -8.419695 -1.993464 -0.299998
v -8.341631 -2.029630 -0.299998
v -8.256845 -2.059656 -0.299998
v -8.165121 -2.082454 -0.299998
v -8.066244 -2.096932 -0.299998
v -7.959999 -2.102000 -0.299998
v -7.889936 -2.099450 -0.299998
v -7.823999 -2.091602 -0.299998
v -7.762562 -2.078156 -0.299998
v -7.705999 -2.058815 -0.299998
v -7.654688 -2.033279 -0.299998
v -7.609001 -2.001250 -0.299998
v -7.569313 -1.962429 -0.299998
v -7.536001 -1.916519 -0.299998
v -7.509439 -1.863219 -0.299998
v -7.490002 -1.802232 -0.299998
v -7.478064 -1.733258 -0.299998
v -7.474001 -1.656000 -0.299998
v -7.474396 -1.577918 -0.299998
v -7.475483 -1.492843 -0.299998
v -7.477127 -1.402531 -0.299999
v -7.479187 -1.308741 -0.299999
v -7.481525 -1.213228 -0.299999
v -7.484001 -1.117750 -0.299999
v -7.486477 -1.024064 -0.299999
v -7.488815 -0.933926 -0.299999
v -7.490875 -0.849094 -0.299999
v -7.492519 -0.771324 -0.299999
v -7.493607 -0.702374 -0.299999
v -7.493999 -0.644000 -0.299999
v -7.493914 -0.625549 -0.299999
v -7.493647 -0.607222 -0.299999
v -7.493187 -0.589062 -0.299999
v -7.492517 -0.571111 -0.299999
v -7.491627 -0.553410 -0.299999
v -7.490499 -0.536000 -0.299999
v -7.489122 -0.518924 -0.299999
v -7.487482 -0.502222 -0.299999
v -7.485563 -0.485937 -0.299999
v -7.483353 -0.470111 -0.299999
v -7.480837 -0.454785 -0.299999
v -7.478001 -0.440000 -0.299999
v -7.680000 -0.442000 -0.299999
v -7.677586 -0.458579 -0.299999
v -7.675335 -0.475296 -0.299999
v -7.673252 -0.492125 -0.299999
v -7.671335 -0.509037 -0.299999
v -7.669584 -0.526005 -0.299999
v -7.668001 -0.543000 -0.299999
v -7.666584 -0.559995 -0.299999
v -7.665335 -0.576963 -0.299999
v -7.664251 -0.593875 -0.299999
v -7.663334 -0.610704 -0.299999
v -7.662584 -0.627421 -0.299999
v -7.662001 -0.644000 -0.299999
v -5.838598 -1.545581 -0.299999
v -5.855279 -1.572148 -0.299999
v -5.871876 -1.599438 -0.299999
v -5.888223 -1.627185 -0.299999
v -5.904153 -1.655127 -0.299999
v -5.919500 -1.683000 -0.299999
v -5.934097 -1.710539 -0.299999
v -5.947778 -1.737482 -0.299999
v -5.960375 -1.763563 -0.299999
v -5.971722 -1.788519 -0.299999
v -5.981652 -1.812086 -0.299999
v -5.990000 -1.834000 -0.299999
v -5.884000 -1.898000 -0.299999
v -5.875196 -1.875049 -0.299999
v -5.864907 -1.850389 -0.299999
v -5.853312 -1.824313 -0.299999
v -5.840592 -1.797111 -0.299999
v -5.826928 -1.769076 -0.299999
v -5.812500 -1.740500 -0.299999
v -5.797488 -1.711674 -0.299999
v -5.782074 -1.682889 -0.299999
v -5.766438 -1.654438 -0.299999
v -5.750759 -1.626611 -0.299999
v -5.735220 -1.599701 -0.299999
v -5.720000 -1.574000 -0.299999
v -5.822001 -1.520000 -0.299999
v -5.379813 -1.595091 -0.299999
v -5.366334 -1.630231 -0.299999
v -5.351688 -1.665219 -0.299999
v -5.336000 -1.699852 -0.299999
v -5.319396 -1.733929 -0.299999
v -5.302000 -1.767250 -0.299999
v -5.283937 -1.799612 -0.299999
v -5.265333 -1.830815 -0.299999
v -5.246312 -1.860656 -0.299999
v -5.226999 -1.888935 -0.299999
v -5.207520 -1.915450 -0.299999
v -5.188000 -1.940000 -0.299999
v -5.181446 -1.934647 -0.299999
v -5.173899 -1.928676 -0.299999
v -5.165532 -1.922219 -0.299999
v -5.156520 -1.915407 -0.299999
v -5.147035 -1.908374 -0.299999
v -5.137251 -1.901250 -0.299999
v -5.127342 -1.894168 -0.299999
v -5.117482 -1.887259 -0.299999
v -5.107844 -1.880656 -0.299999
v -5.098602 -1.874491 -0.299999
v -5.089930 -1.868895 -0.299999
v -5.082000 -1.864000 -0.299999
v -5.102160 -1.841272 -0.299999
v -5.121620 -1.817176 -0.299999
v -5.140344 -1.791844 -0.299999
v -5.158297 -1.765408 -0.299999
v -5.175444 -1.737999 -0.299999
v -5.191751 -1.709750 -0.299999
v -5.207182 -1.680793 -0.299999
v -5.221704 -1.651259 -0.299999
v -5.235281 -1.621281 -0.299999
v -5.247880 -1.590991 -0.299999
v -5.259464 -1.560520 -0.299999
v -5.270000 -1.530000 -0.299999
v -5.392000 -1.560000 -0.299999
v -6.854000 -0.466000 -0.299999
v -6.810795 -0.481286 -0.299999
v -6.765352 -0.496120 -0.299999
v -6.717937 -0.510469 -0.299999
v -6.668815 -0.524296 -0.299999
v -6.618248 -0.537568 -0.299999
v -6.566501 -0.550250 -0.299999
v -6.513836 -0.562307 -0.299999
v -6.460519 -0.573704 -0.299999
v -6.406813 -0.584406 -0.299999
v -6.352982 -0.594380 -0.299999
v -6.299290 -0.603589 -0.299999
v -6.246000 -0.612000 -0.299999
v -6.246000 -0.996000 -0.299999
v -6.916000 -0.996000 -0.299999
v -6.916000 -1.136000 -0.299999
v -6.696000 -1.136000 -0.299999
v -6.696000 -2.150000 -0.299999
v -6.550000 -2.150000 -0.299999
v -6.550000 -1.136000 -0.299999
v -6.246000 -1.136000 -0.299999
v -6.246000 -1.200000 -0.299999
v -6.245384 -1.274070 -0.299999
v -6.243224 -1.351722 -0.299999
v -6.239064 -1.432125 -0.299999
v -6.232446 -1.514445 -0.299999
v -6.222911 -1.597847 -0.299999
v -6.210001 -1.681500 -0.299999
v -6.193258 -1.764570 -0.299999
v -6.172223 -1.846222 -0.299999
v -6.146439 -1.925625 -0.299999
v -6.115445 -2.001945 -0.299999
v -6.078785 -2.074347 -0.299999
v -6.036000 -2.142000 -0.299999
v -6.029287 -2.134652 -0.299999
v -6.021297 -2.126713 -0.299999
v -6.012250 -2.118344 -0.299999
v -6.002370 -2.109704 -0.299999
v -5.991879 -2.100953 -0.299999
v -5.981000 -2.092250 -0.299999
v -5.969954 -2.083756 -0.299999
v -5.958962 -2.075630 -0.299999
v -5.948250 -2.068031 -0.299999
v -5.938037 -2.061121 -0.299999
v -5.928546 -2.055057 -0.299999
v -5.920000 -2.050000 -0.299999
v -5.959371 -1.987938 -0.299999
v -5.992805 -1.922176 -0.299999
v -6.020781 -1.853343 -0.299999
v -6.043777 -1.782074 -0.299999
v -6.062274 -1.708999 -0.299999
v -6.076750 -1.634750 -0.299999
v -6.087684 -1.559959 -0.299999
v -6.095555 -1.485259 -0.299999
v -6.100843 -1.411281 -0.299999
v -6.104028 -1.338657 -0.299999
v -6.105587 -1.268020 -0.299999
v -6.106000 -1.200000 -0.299999
v -6.106000 -0.512000 -0.299999
v -6.162622 -0.502514 -0.299999
v -6.220148 -0.492111 -0.299999
v -6.278063 -0.480875 -0.299999
v -6.335853 -0.468889 -0.299999
v -6.393003 -0.456236 -0.299999
v -6.449001 -0.443000 -0.299999
v -6.503332 -0.429264 -0.299999
v -6.555483 -0.415111 -0.299999
v -6.604939 -0.400625 -0.299999
v -6.651186 -0.385889 -0.299999
v -6.693711 -0.370986 -0.299999
v -6.732000 -0.356000 -0.299999
v -5.573612 -0.328893 -0.299999
v -5.583390 -0.346481 -0.299999
v -5.593251 -0.364625 -0.299999
v -5.603112 -0.383185 -0.299999
v -5.612890 -0.402023 -0.299999
v -5.622501 -0.421000 -0.299999
v -5.631863 -0.439977 -0.299999
v -5.640890 -0.458815 -0.299999
v -5.649501 -0.477375 -0.299999
v -5.657612 -0.495519 -0.299999
v -5.665139 -0.513106 -0.299999
v -5.672000 -0.530000 -0.299999
v -6.006001 -0.530000 -0.299999
v -6.006001 -0.656000 -0.299999
v -5.122000 -0.656000 -0.299999
v -5.122000 -0.530000 -0.299999
v -5.516000 -0.530000 -0.299999
v -5.509838 -0.514845 -0.299999
v -5.503370 -0.499426 -0.299999
v -5.496625 -0.483812 -0.299999
v -5.489630 -0.468074 -0.299999
v -5.482412 -0.452280 -0.299999
v -5.475000 -0.436500 -0.299999
v -5.467422 -0.420803 -0.299999
v -5.459704 -0.405259 -0.299999
v -5.451876 -0.389937 -0.299999
v -5.443964 -0.374907 -0.299999
v -5.435996 -0.360238 -0.299999
v -5.428000 -0.346000 -0.299999
v -5.564000 -0.312000 -0.299999
v -5.884958 -0.720689 -0.299999
v -5.875841 -0.745676 -0.299999
v -5.866654 -0.770844 -0.299999
v -5.857406 -0.796074 -0.299999
v -5.848102 -0.821249 -0.299999
v -5.838749 -0.846250 -0.299999
v -5.829354 -0.870959 -0.299999
v -5.819925 -0.895259 -0.299999
v -5.810468 -0.919031 -0.299999
v -5.800990 -0.942157 -0.299999
v -5.791498 -0.964520 -0.299999
v -5.782000 -0.986000 -0.299999
v -6.038000 -0.986000 -0.299999
v -6.038000 -1.114000 -0.299999
v -5.640000 -1.114000 -0.299999
v -5.640000 -1.322000 -0.299999
v -6.014000 -1.322000 -0.299999
v -6.014000 -1.454000 -0.299999
v -5.640000 -1.454000 -0.299999
v -5.640000 -1.966000 -0.299999
v -5.639698 -1.982803 -0.299999
v -5.638750 -1.998259 -0.299999
v -5.637094 -2.012437 -0.299999
v -5.634666 -2.025407 -0.299999
v -5.631406 -2.037238 -0.299999
v -5.627250 -2.048000 -0.299999
v -5.622135 -2.057761 -0.299999
v -5.616000 -2.066592 -0.299999
v -5.608782 -2.074562 -0.299999
v -5.600417 -2.081741 -0.299999
v -5.590844 -2.088197 -0.299999
v -5.580000 -2.094000 -0.299999
v -5.568037 -2.099094 -0.299999
v -5.555130 -2.103417 -0.299999
v -5.541250 -2.107031 -0.299999
v -5.526371 -2.110000 -0.299999
v -5.510464 -2.112386 -0.299999
v -5.493501 -2.114250 -0.299999
v -5.475454 -2.115656 -0.299999
v -5.456297 -2.116667 -0.299999
v -5.436001 -2.117344 -0.299999
v -5.414537 -2.117750 -0.299999
v -5.391880 -2.117948 -0.299999
v -5.368000 -2.118000 -0.299999
v -5.366676 -2.108606 -0.299999
v -5.364741 -2.098518 -0.299999
v -5.362250 -2.087875 -0.299999
v -5.359260 -2.076815 -0.299999
v -5.355824 -2.065477 -0.299999
v -5.352000 -2.054000 -0.299999
v -5.347843 -2.042523 -0.299999
v -5.343408 -2.031185 -0.299999
v -5.338750 -2.020125 -0.299999
v -5.333926 -2.009481 -0.299999
v -5.328991 -1.999394 -0.299999
v -5.324000 -1.990000 -0.299999
v -5.341315 -1.990458 -0.299999
v -5.358186 -1.990833 -0.299999
v -5.374500 -1.991125 -0.299999
v -5.390148 -1.991333 -0.299999
v -5.405019 -1.991459 -0.299999
v -5.419001 -1.991500 -0.299999
v -5.431982 -1.991459 -0.299999
v -5.443852 -1.991333 -0.299999
v -5.454500 -1.991125 -0.299999
v -5.463815 -1.990833 -0.299999
v -5.471685 -1.990458 -0.299999
v -5.478000 -1.990000 -0.299999
v -5.482673 -1.989870 -0.299999
v -5.486721 -1.989463 -0.299999
v -5.490187 -1.988750 -0.299999
v -5.493111 -1.987704 -0.299999
v -5.495534 -1.986296 -0.299999
v -5.497499 -1.984500 -0.299999
v -5.499048 -1.982287 -0.299999
v -5.500222 -1.979630 -0.299999
v -5.501062 -1.976500 -0.299999
v -5.501611 -1.972870 -0.299999
v -5.501909 -1.968713 -0.299999
v -5.502000 -1.964000 -0.299999
v -5.502000 -1.454000 -0.299999
v -5.100000 -1.454000 -0.299999
v -5.100000 -1.322000 -0.299999
v -5.502000 -1.322000 -0.299999
v -5.502000 -1.114000 -0.299999
v -5.092000 -1.114000 -0.299999
v -5.092000 -0.986000 -0.299999
v -5.646000 -0.986000 -0.299999
v -5.655650 -0.962134 -0.299999
v -5.665528 -0.936741 -0.299999
v -5.675531 -0.910125 -0.299999
v -5.685555 -0.882592 -0.299999
v -5.695497 -0.854449 -0.299999
v -5.705250 -0.826000 -0.299999
v -5.714711 -0.797551 -0.299999
v -5.723777 -0.769407 -0.299999
v -5.732343 -0.741875 -0.299999
v -5.740305 -0.715259 -0.299999
v -5.747559 -0.689866 -0.299999
v -5.754000 -0.666000 -0.299999
v -5.894000 -0.696000 -0.299999
v -5.384324 -0.692124 -0.299999
v -5.394259 -0.715324 -0.299999
v -5.403750 -0.739344 -0.299999
v -5.412742 -0.763926 -0.299999
v -5.421177 -0.788814 -0.299999
v -5.429001 -0.813750 -0.299999
v -5.436158 -0.838478 -0.299999
v -5.442594 -0.862741 -0.299999
v -5.448251 -0.886281 -0.299999
v -5.453074 -0.908843 -0.299999
v -5.457009 -0.930168 -0.299999
v -5.460000 -0.950000 -0.299999
v -5.330000 -0.986000 -0.299999
v -5.327548 -0.965667 -0.299999
v -5.324222 -0.943833 -0.299999
v -5.320062 -0.920750 -0.299999
v -5.315110 -0.896667 -0.299999
v -5.309409 -0.871833 -0.299999
v -5.302999 -0.846500 -0.299999
v -5.295923 -0.820917 -0.299999
v -5.288221 -0.795333 -0.299999
v -5.279937 -0.770000 -0.299999
v -5.271111 -0.745167 -0.299999
v -5.261785 -0.721083 -0.299999
v -5.252000 -0.698000 -0.299999
v -5.374000 -0.670000 -0.299999
v -3.770056 -1.751794 -0.299999
v -3.790278 -1.731185 -0.299999
v -3.808750 -1.710187 -0.299999
v -3.825556 -1.688815 -0.299999
v -3.840778 -1.667081 -0.299999
v -3.854501 -1.645000 -0.299999
v -3.866806 -1.622586 -0.299999
v -3.877778 -1.599852 -0.299999
v -3.887500 -1.576813 -0.299999
v -3.896055 -1.553481 -0.299999
v -3.903527 -1.529873 -0.299999
v -3.910000 -1.506000 -0.299999
v -3.312000 -1.506000 -0.299999
v -3.312000 -0.732000 -0.299999
v -3.934000 -0.732000 -0.299999
v -3.934000 -0.562000 -0.299999
v -3.130000 -0.562000 -0.299999
v -3.130000 -0.426000 -0.299999
v -4.870000 -0.426000 -0.299999
v -4.870000 -0.562000 -0.299999
v -4.090000 -0.562000 -0.299999
v -4.090000 -0.732000 -0.299999
v -4.746000 -0.732000 -0.299999
v -4.746000 -1.506000 -0.299999
v -4.068000 -1.506000 -0.299999
v -4.061363 -1.536830 -0.299999
v -4.053407 -1.567306 -0.299999
v -4.044062 -1.597406 -0.299999
v -4.033258 -1.627111 -0.299999
v -4.020927 -1.656399 -0.299999
v -4.006999 -1.685250 -0.299999
v -3.991405 -1.713642 -0.299999
v -3.974073 -1.741555 -0.299999
v -3.954937 -1.768969 -0.299999
v -3.933926 -1.795861 -0.299999
v -3.910970 -1.822212 -0.299999
v -3.886000 -1.848000 -0.299999
v -3.952340 -1.875247 -0.299999
v -4.022397 -1.899148 -0.299999
v -4.096218 -1.919937 -0.299999
v -4.173851 -1.937852 -0.299999
v -4.255345 -1.953127 -0.299999
v -4.340750 -1.966000 -0.299999
v -4.430112 -1.976706 -0.299999
v -4.523481 -1.985481 -0.299999
v -4.620906 -1.992562 -0.299999
v -4.722435 -1.998185 -0.299999
v -4.828116 -2.002586 -0.299999
v -4.938000 -2.006000 -0.299999
v -4.931012 -2.015100 -0.299999
v -4.924093 -2.025296 -0.299999
v -4.917314 -2.036438 -0.299999
v -4.910742 -2.048370 -0.299999
v -4.904448 -2.060942 -0.299999
v -4.898500 -2.074000 -0.299999
v -4.892970 -2.087391 -0.299999
v -4.887926 -2.100963 -0.299999
v -4.883438 -2.114563 -0.299999
v -4.879575 -2.128037 -0.299999
v -4.876406 -2.141234 -0.299999
v -4.874001 -2.154000 -0.299999
v -4.759540 -2.148875 -0.299999
v -4.649140 -2.142333 -0.299999
v -4.542783 -2.134125 -0.299999
v -4.440446 -2.124000 -0.299999
v -4.342109 -2.111708 -0.299999
v -4.247751 -2.097000 -0.299999
v -4.157351 -2.079625 -0.299999
v -4.070889 -2.059333 -0.299999
v -3.988344 -2.035875 -0.299999
v -3.909695 -2.009000 -0.299999
v -3.834920 -1.978458 -0.299999
v -3.764000 -1.944000 -0.299999
v -3.729404 -1.965706 -0.299999
v -3.692565 -1.986815 -0.299999
v -3.653406 -2.007313 -0.299999
v -3.611852 -2.027185 -0.299999
v -3.567825 -2.046419 -0.299999
v -3.521250 -2.065000 -0.299999
v -3.472050 -2.082914 -0.299999
v -3.420148 -2.100148 -0.299999
v -3.365468 -2.116688 -0.299999
v -3.307935 -2.132519 -0.299999
v -3.247471 -2.147627 -0.299999
v -3.184000 -2.162000 -0.299999
v -3.179059 -2.152910 -0.299999
v -3.173306 -2.142778 -0.299999
v -3.166843 -2.131813 -0.299999
v -3.159778 -2.120222 -0.299999
v -3.152212 -2.108215 -0.299999
v -3.144250 -2.096000 -0.299999
v -3.135997 -2.083785 -0.299999
v -3.127556 -2.071778 -0.299999
v -3.119032 -2.060187 -0.299999
v -3.110528 -2.049222 -0.299999
v -3.102149 -2.039090 -0.299999
v -3.094000 -2.030000 -0.299999
v -3.152135 -2.018709 -0.299999
v -3.207575 -2.006843 -0.299999
v -3.260376 -1.994406 -0.299999
v -3.310594 -1.981407 -0.299999
v -3.358283 -1.967853 -0.299999
v -3.403501 -1.953750 -0.299999
v -3.446301 -1.939105 -0.299999
v -3.486741 -1.923926 -0.299999
v -3.524876 -1.908219 -0.299999
v -3.560760 -1.891991 -0.299999
v -3.594449 -1.875249 -0.299999
v -3.626000 -1.858000 -0.299999
v -3.601792 -1.839122 -0.299999
v -3.578176 -1.819472 -0.299999
v -3.555156 -1.799031 -0.299999
v -3.532741 -1.777778 -0.299999
v -3.510936 -1.755691 -0.299999
v -3.489750 -1.732750 -0.299999
v -3.469189 -1.708934 -0.299999
v -3.449260 -1.684222 -0.299999
v -3.429969 -1.658594 -0.299999
v -3.411325 -1.632028 -0.299999
v -3.393332 -1.604503 -0.299999
v -3.376000 -1.576000 -0.299999
v -3.504000 -1.524000 -0.299999
v -3.520832 -1.549504 -0.299999
v -3.538324 -1.574037 -0.299999
v -3.556469 -1.597625 -0.299999
v -3.575259 -1.620296 -0.299999
v -3.594688 -1.642079 -0.299999
v -3.614750 -1.663000 -0.299999
v -3.635436 -1.683088 -0.299999
v -3.656740 -1.702370 -0.299999
v -3.678656 -1.720875 -0.299999
v -3.701176 -1.738630 -0.299999
v -3.724293 -1.755662 -0.299999
v -3.748000 -1.772000 -0.299999
v -3.930000 -1.382000 -0.299999
v -3.930920 -1.371960 -0.299999
v -3.931685 -1.361843 -0.299999
v -3.932313 -1.351656 -0.299999
v -3.932816 -1.341407 -0.299999
v -3.933207 -1.331103 -0.299999
v -3.933500 -1.320750 -0.299999
v -3.933711 -1.310355 -0.299999
v -3.933852 -1.299926 -0.299999
v -3.933938 -1.289469 -0.299999
v -3.933982 -1.278991 -0.299999
v -3.933998 -1.268499 -0.299999
v -3.934000 -1.258000 -0.299999
v -3.934000 -1.178000 -0.299999
v -3.456000 -1.178000 -0.299999
v -3.456000 -1.382000 -0.299999
v -4.596000 -1.178000 -0.299999
v -4.090000 -1.178000 -0.299999
v -4.090000 -1.260000 -0.299999
v -4.089959 -1.270460 -0.299999
v -4.089842 -1.280843 -0.299999
v -4.089656 -1.291156 -0.299999
v -4.089407 -1.301407 -0.299999
v -4.089103 -1.311603 -0.299999
v -4.088750 -1.321750 -0.299999
v -4.088355 -1.331855 -0.299999
v -4.087926 -1.341926 -0.299999
v -4.087469 -1.351969 -0.299999
v -4.086991 -1.361991 -0.299999
v -4.086499 -1.371999 -0.299999
v -4.086000 -1.382000 -0.299999
v -4.596000 -1.382000 -0.299999
v -3.934000 -1.058000 -0.299999
v -3.934000 -0.858000 -0.299999
v -3.456000 -0.858000 -0.299999
v -3.456000 -1.058000 -0.299999
v -4.596000 -1.058000 -0.299999
v -4.596000 -0.858000 -0.299999
v -4.090000 -0.858000 -0.299999
v -4.090000 -1.058000 -0.299999
v -2.557386 -1.192832 -0.299999
v -2.527593 -1.204324 -0.299999
v -2.496688 -1.216469 -0.299999
v -2.464741 -1.229259 -0.299999
v -2.431822 -1.242689 -0.299999
v -2.398000 -1.256750 -0.299999
v -2.363344 -1.271436 -0.299999
v -2.327926 -1.286741 -0.299999
v -2.291812 -1.302656 -0.299999
v -2.255074 -1.319176 -0.299999
v -2.217780 -1.336293 -0.299999
v -2.180000 -1.354000 -0.299999
v -2.186000 -1.738000 -0.299999
v -2.032000 -1.738000 -0.299999
v -2.032958 -1.717462 -0.299999
v -2.033834 -1.695028 -0.299999
v -2.034625 -1.670969 -0.299999
v -2.035334 -1.645555 -0.299999
v -2.035958 -1.619059 -0.299999
v -2.036500 -1.591750 -0.299999
v -2.036959 -1.563899 -0.299999
v -2.037333 -1.535778 -0.299999
v -2.037625 -1.507656 -0.299999
v -2.037833 -1.479806 -0.299999
v -2.037958 -1.452497 -0.299999
v -2.038000 -1.426000 -0.299999
v -1.992710 -1.450677 -0.299999
v -1.950010 -1.475750 -0.299999
v -1.910157 -1.501281 -0.299999
v -1.873408 -1.527333 -0.299999
v -1.840020 -1.553969 -0.299999
v -1.810250 -1.581250 -0.299999
v -1.784355 -1.609240 -0.299999
v -1.762592 -1.638000 -0.299999
v -1.745218 -1.667594 -0.299999
v -1.732491 -1.698083 -0.299999
v -1.724666 -1.729531 -0.299999
v -1.722000 -1.762000 -0.299999
v -1.725190 -1.798312 -0.299999
v -1.734510 -1.829500 -0.299999
v -1.749595 -1.855937 -0.299999
v -1.770075 -1.878000 -0.299999
v -1.795583 -1.896062 -0.299999
v -1.825750 -1.910500 -0.299999
v -1.860209 -1.921687 -0.299999
v -1.898593 -1.930000 -0.299999
v -1.940532 -1.935812 -0.299999
v -1.985658 -1.939500 -0.299999
v -2.033603 -1.941437 -0.299999
v -2.084000 -1.942000 -0.299999
v -2.124152 -1.941628 -0.299999
v -2.166389 -1.940528 -0.299999
v -2.210375 -1.938719 -0.299999
v -2.255777 -1.936222 -0.299999
v -2.302263 -1.933059 -0.299999
v -2.349500 -1.929250 -0.299999
v -2.397153 -1.924816 -0.299999
v -2.444889 -1.919778 -0.299999
v -2.492375 -1.914156 -0.299999
v -2.539278 -1.907972 -0.299999
v -2.585264 -1.901247 -0.299999
v -2.630000 -1.894000 -0.299999
v -2.626000 -2.054000 -0.299999
v -2.586610 -2.058910 -0.299999
v -2.544713 -2.063611 -0.299999
v -2.500719 -2.068063 -0.299999
v -2.455037 -2.072222 -0.299999
v -2.408077 -2.076049 -0.299999
v -2.360250 -2.079500 -0.299999
v -2.311964 -2.082535 -0.299999
v -2.263630 -2.085111 -0.299999
v -2.215656 -2.087188 -0.299999
v -2.168454 -2.088722 -0.299999
v -2.122432 -2.089674 -0.299999
v -2.078000 -2.090000 -0.299999
v -2.007766 -2.088638 -0.299999
v -1.940471 -2.084277 -0.299999
v -1.876718 -2.076499 -0.299999
v -1.817110 -2.064888 -0.299999
v -1.762253 -2.049027 -0.299999
v -1.712749 -2.028500 -0.299999
v -1.669205 -2.002889 -0.299999
v -1.632222 -1.971778 -0.299999
v -1.602407 -1.934750 -0.299999
v -1.580361 -1.891389 -0.299999
v -1.566691 -1.841278 -0.299999
v -1.562000 -1.784000 -0.299999
v -1.566818 -1.726798 -0.299999
v -1.580713 -1.673046 -0.299999
v -1.602844 -1.622531 -0.299999
v -1.632371 -1.575037 -0.299999
v -1.668453 -1.530348 -0.299999
v -1.710251 -1.488250 -0.299999
v -1.756924 -1.448527 -0.299999
v -1.807631 -1.410963 -0.299999
v -1.861532 -1.375344 -0.299999
v -1.917788 -1.341454 -0.299999
v -1.975557 -1.309078 -0.299999
v -2.034000 -1.278000 -0.299999
v -2.027936 -1.257494 -0.299999
v -2.019824 -1.238954 -0.299999
v -2.009781 -1.222344 -0.299999
v -1.997926 -1.207630 -0.299999
v -1.984376 -1.194777 -0.299999
v -1.969250 -1.183750 -0.299999
v -1.952665 -1.174515 -0.299999
v -1.934741 -1.167037 -0.299999
v -1.915594 -1.161281 -0.299999
v -1.895343 -1.157213 -0.299999
v -1.874105 -1.154798 -0.299999
v -1.852000 -1.154000 -0.299999
v -1.820480 -1.155268 -0.299999
v -1.789018 -1.158981 -0.299999
v -1.757750 -1.165000 -0.299999
v -1.726814 -1.173185 -0.299999
v -1.696351 -1.183398 -0.299999
v -1.666499 -1.195500 -0.299999
v -1.637398 -1.209352 -0.299999
v -1.609185 -1.224815 -0.299999
v -1.582000 -1.241750 -0.299999
v -1.555982 -1.260018 -0.299999
v -1.531269 -1.279481 -0.299999
v -1.508000 -1.300000 -0.299999
v -1.493533 -1.313909 -0.299999
v -1.479101 -1.328602 -0.299999
v -1.464656 -1.344031 -0.299999
v -1.450148 -1.360148 -0.299999
v -1.435529 -1.376904 -0.299999
v -1.420750 -1.394250 -0.299999
v -1.405763 -1.412138 -0.299999
v -1.390518 -1.430518 -0.299999
v -1.374969 -1.449344 -0.299999
v -1.359065 -1.468565 -0.299999
v -1.342758 -1.488133 -0.299999
v -1.326000 -1.508000 -0.299999
v -1.190000 -1.408000 -0.299999
v -1.250577 -1.347795 -0.299999
v -1.306445 -1.289194 -0.299999
v -1.357813 -1.232219 -0.299999
v -1.404889 -1.176889 -0.299999
v -1.447883 -1.123226 -0.299999
v -1.487000 -1.071250 -0.299999
v -1.522452 -1.020983 -0.299999
v -1.554445 -0.972444 -0.299999
v -1.583188 -0.925656 -0.299999
v -1.608890 -0.880639 -0.299999
v -1.631758 -0.837413 -0.299999
v -1.652000 -0.796000 -0.299999
v -1.564000 -0.796000 -0.299999
v -1.541580 -0.795916 -0.299999
v -1.517481 -0.795667 -0.299999
v -1.491937 -0.795250 -0.299999
v -1.465184 -0.794667 -0.299999
v -1.437460 -0.793917 -0.299999
v -1.408999 -0.793000 -0.299999
v -1.380039 -0.791917 -0.299999
v -1.350815 -0.790667 -0.299999
v -1.321563 -0.789250 -0.299999
v -1.292519 -0.787667 -0.299999
v -1.263919 -0.785917 -0.299999
v -1.236000 -0.784000 -0.299999
v -1.236000 -0.634000 -0.299999
v -1.263161 -0.637374 -0.299999
v -1.291453 -0.640491 -0.299999
v -1.320594 -0.643344 -0.299999
v -1.350296 -0.645926 -0.299999
v -1.380277 -0.648230 -0.299999
v -1.410250 -0.650250 -0.299999
v -1.439932 -0.651978 -0.299999
v -1.469037 -0.653407 -0.299999
v -1.497281 -0.654531 -0.299999
v -1.524380 -0.655342 -0.299999
v -1.550048 -0.655834 -0.299999
v -1.574000 -0.656000 -0.299999
v -1.706000 -0.654000 -0.299999
v -1.712789 -0.632428 -0.299999
v -1.719148 -0.610759 -0.299999
v -1.725062 -0.589062 -0.299999
v -1.730518 -0.567407 -0.299999
v -1.735502 -0.545863 -0.299999
v -1.740000 -0.524500 -0.299999
v -1.743998 -0.503386 -0.299999
v -1.747481 -0.482592 -0.299999
v -1.750438 -0.462187 -0.299999
v -1.752852 -0.442241 -0.299999
v -1.754711 -0.422822 -0.299999
v -1.756001 -0.404000 -0.299999
v -1.920000 -0.418000 -0.299999
v -1.916909 -0.433374 -0.299999
v -1.913619 -0.449491 -0.299999
v -1.910092 -0.466344 -0.299999
v -1.906295 -0.483926 -0.299999
v -1.902192 -0.502230 -0.299999
v -1.897749 -0.521250 -0.299999
v -1.892931 -0.540978 -0.299999
v -1.887703 -0.561407 -0.299999
v -1.882030 -0.582531 -0.299999
v -1.875879 -0.604343 -0.299999
v -1.869214 -0.626834 -0.299999
v -1.862000 -0.650000 -0.299999
v -1.913266 -0.647329 -0.299999
v -1.964963 -0.644296 -0.299999
v -2.016937 -0.640875 -0.299999
v -2.069036 -0.637037 -0.299999
v -2.121108 -0.632755 -0.299999
v -2.172999 -0.628000 -0.299999
v -2.224557 -0.622745 -0.299999
v -2.275629 -0.616963 -0.299999
v -2.326062 -0.610625 -0.299999
v -2.375704 -0.603704 -0.299999
v -2.424400 -0.596171 -0.299999
v -2.472000 -0.588000 -0.299999
v -2.470000 -0.736000 -0.299999
v -2.419504 -0.743671 -0.299999
v -2.367204 -0.750704 -0.299999
v -2.313375 -0.757125 -0.299999
v -2.258297 -0.762963 -0.299999
v -2.202246 -0.768245 -0.299999
v -2.145500 -0.773000 -0.299999
v -2.088338 -0.777255 -0.299999
v -2.031037 -0.781037 -0.299999
v -1.973875 -0.784375 -0.299999
v -1.917130 -0.787296 -0.299999
v -1.861078 -0.789829 -0.299999
v -1.806000 -0.792000 -0.299999
v -1.794094 -0.818648 -0.299999
v -1.781417 -0.845518 -0.299999
v -1.768031 -0.872500 -0.299999
v -1.754000 -0.899481 -0.299999
v -1.739386 -0.926352 -0.299999
v -1.724250 -0.953000 -0.299999
v -1.708656 -0.979315 -0.299999
v -1.692667 -1.005185 -0.299999
v -1.676344 -1.030500 -0.299999
v -1.659750 -1.055148 -0.299999
v -1.642948 -1.079018 -0.299999
v -1.626000 -1.102000 -0.299999
v -1.645794 -1.090461 -0.299999
v -1.667010 -1.079852 -0.299999
v -1.689407 -1.070187 -0.299999
v -1.712742 -1.061481 -0.299999
v -1.736771 -1.053748 -0.299999
v -1.761250 -1.047000 -0.299999
v -1.785939 -1.041252 -0.299999
v -1.810594 -1.036518 -0.299999
v -1.834970 -1.032812 -0.299999
v -1.858825 -1.030148 -0.299999
v -1.881916 -1.028539 -0.299999
v -1.904000 -1.028000 -0.299999
v -1.935970 -1.029326 -0.299999
v -1.966760 -1.033278 -0.299999
v -1.996188 -1.039812 -0.299999
v -2.024075 -1.048889 -0.299999
v -2.050239 -1.060465 -0.299999
v -2.074500 -1.074500 -0.299999
v -2.096679 -1.090951 -0.299999
v -2.116593 -1.109778 -0.299999
v -2.134063 -1.130937 -0.299999
v -2.148908 -1.154389 -0.299999
v -2.160947 -1.180090 -0.299999
v -2.170000 -1.208000 -0.299999
v -2.204165 -1.191865 -0.299999
v -2.237658 -1.176417 -0.299999
v -2.270469 -1.161594 -0.299999
v -2.302592 -1.147334 -0.299999
v -2.334022 -1.133573 -0.299999
v -2.364750 -1.120250 -0.299999
v -2.394770 -1.107302 -0.299999
v -2.424074 -1.094667 -0.299999
v -2.452657 -1.082281 -0.299999
v -2.480510 -1.070083 -0.299999
v -2.507627 -1.058010 -0.299999
v -2.534000 -1.046000 -0.299999
v -2.548761 -1.039577 -0.299999
v -2.563092 -1.033278 -0.299999
v -2.577062 -1.027063 -0.299999
v -2.590740 -1.020889 -0.299999
v -2.604197 -1.014715 -0.299999
v -2.617499 -1.008500 -0.299999
v -2.630719 -1.002201 -0.299999
v -2.643926 -0.995778 -0.299999
v -2.657187 -0.989187 -0.299999
v -2.670574 -0.982389 -0.299999
v -2.684155 -0.975340 -0.299999
v -2.698000 -0.968000 -0.299999
v -2.764000 -1.118000 -0.299999
v -2.750607 -1.121780 -0.299999
v -2.736510 -1.126074 -0.299999
v -2.721845 -1.130813 -0.299999
v -2.706741 -1.135926 -0.299999
v -2.691333 -1.141345 -0.299999
v -2.675751 -1.147000 -0.299999
v -2.660127 -1.152822 -0.299999
v -2.644593 -1.158741 -0.299999
v -2.629282 -1.164688 -0.299999
v -2.614325 -1.170593 -0.299999
v -2.599854 -1.176386 -0.299999
v -2.586000 -1.182000 -0.299999
v -0.785751 -0.756413 -0.299999
v -0.759168 -0.797139 -0.299999
v -0.728501 -0.841406 -0.299999
v -0.694001 -0.888444 -0.299999
v -0.655918 -0.937482 -0.299999
v -0.614501 -0.987750 -0.299999
v -0.570001 -1.038476 -0.299999
v -0.522667 -1.088889 -0.299999
v -0.472751 -1.138219 -0.299999
v -0.420501 -1.185694 -0.299999
v -0.366167 -1.230545 -0.299999
v -0.310000 -1.272000 -0.299999
v -0.178000 -1.166000 -0.299999
v -0.224011 -1.137286 -0.299999
v -0.269751 -1.104620 -0.299999
v -0.314782 -1.068719 -0.299999
v -0.358667 -1.030296 -0.299999
v -0.400970 -0.990068 -0.299999
v -0.441251 -0.948750 -0.299999
v -0.479074 -0.907057 -0.299999
v -0.514001 -0.865704 -0.299999
v -0.545594 -0.825406 -0.299999
v -0.573417 -0.786880 -0.299999
v -0.597032 -0.750839 -0.299999
v -0.616000 -0.718000 -0.299999
v -0.565954 -0.718000 -0.299999
v -0.489471 -0.718000 -0.299999
v -0.392031 -0.718000 -0.299999
v -0.279111 -0.718000 -0.299999
v -0.156191 -0.718000 -0.299999
v -0.028749 -0.718000 -0.299999
v 0.097733 -0.718000 -0.299999
v 0.217778 -0.718000 -0.299999
v 0.325907 -0.718000 -0.299999
v 0.416639 -0.718000 -0.299999
v 0.484497 -0.718000 -0.299999
v 0.524000 -0.718000 -0.299999
v 0.542542 -0.718083 -0.299999
v 0.561167 -0.718333 -0.299999
v 0.579875 -0.718750 -0.299999
v 0.598666 -0.719333 -0.299999
v 0.617541 -0.720083 -0.299999
v 0.636499 -0.721000 -0.299999
v 0.655541 -0.722083 -0.299999
v 0.674666 -0.723333 -0.299999
v 0.693874 -0.724750 -0.299999
v 0.713166 -0.726333 -0.299999
v 0.732541 -0.728083 -0.299999
v 0.752000 -0.730000 -0.299999
v 0.752000 -0.548000 -0.299999
v 0.734221 -0.550455 -0.299999
v 0.715943 -0.552806 -0.299999
v 0.697248 -0.555031 -0.299999
v 0.678221 -0.557111 -0.299999
v 0.658943 -0.559024 -0.299999
v 0.639499 -0.560750 -0.299999
v 0.619971 -0.562267 -0.299999
v 0.600444 -0.563556 -0.299999
v 0.580999 -0.564594 -0.299999
v 0.561722 -0.565361 -0.299999
v 0.542694 -0.565837 -0.299999
v 0.524000 -0.566000 -0.299999
v 0.483538 -0.566000 -0.299999
v 0.413963 -0.566000 -0.299999
v 0.321000 -0.566000 -0.299999
v 0.210370 -0.566000 -0.299999
v 0.087796 -0.566000 -0.299999
v -0.041000 -0.566000 -0.299999
v -0.170297 -0.566000 -0.299999
v -0.294371 -0.566000 -0.299999
v -0.407500 -0.566000 -0.299999
v -0.503963 -0.566000 -0.299999
v -0.578037 -0.566000 -0.299999
v -0.624001 -0.566000 -0.299999
v -0.634164 -0.565879 -0.299999
v -0.645481 -0.565528 -0.299999
v -0.657687 -0.564969 -0.299999
v -0.670518 -0.564222 -0.299999
v -0.683710 -0.563309 -0.299999
v -0.697000 -0.562250 -0.299999
v -0.710122 -0.561066 -0.299999
v -0.722815 -0.559778 -0.299999
v -0.734812 -0.558406 -0.299999
v -0.745852 -0.556972 -0.299999
v -0.755669 -0.555496 -0.299999
v -0.764000 -0.554000 -0.299999
v -0.862000 -0.648000 -0.299999
v -0.858264 -0.653198 -0.299999
v -0.854111 -0.658750 -0.299999
v -0.849625 -0.664594 -0.299999
v -0.844889 -0.670667 -0.299999
v -0.839986 -0.676906 -0.299999
v -0.835000 -0.683250 -0.299999
v -0.830014 -0.689635 -0.299999
v -0.825111 -0.696000 -0.299999
v -0.820375 -0.702281 -0.299999
v -0.815889 -0.708417 -0.299999
v -0.811737 -0.714344 -0.299999
v -0.808001 -0.720000 -0.299999
v 0.642000 -1.954000 -0.299999
v 0.627764 -1.949212 -0.299999
v 0.613111 -1.943861 -0.299999
v 0.598125 -1.937969 -0.299999
v 0.582889 -1.931556 -0.299999
v 0.567486 -1.924642 -0.299999
v 0.552000 -1.917250 -0.299999
v 0.536514 -1.909399 -0.299999
v 0.521111 -1.901111 -0.299999
v 0.505876 -1.892406 -0.299999
v 0.490890 -1.883306 -0.299999
v 0.476236 -1.873830 -0.299999
v 0.462000 -1.864000 -0.299999
v 0.389914 -1.814987 -0.299999
v 0.328139 -1.762065 -0.299999
v 0.275907 -1.705406 -0.299999
v 0.232445 -1.645185 -0.299999
v 0.196983 -1.581575 -0.299999
v 0.168751 -1.514750 -0.299999
v 0.146976 -1.444883 -0.299999
v 0.130890 -1.372148 -0.299999
v 0.119720 -1.296719 -0.299999
v 0.112695 -1.218768 -0.299999
v 0.109045 -1.138471 -0.299999
v 0.108000 -1.056000 -0.299999
v 0.108043 -1.044076 -0.299999
v 0.108176 -1.032278 -0.299999
v 0.108407 -1.020562 -0.299999
v 0.108742 -1.008889 -0.299999
v 0.109187 -0.997215 -0.299999
v 0.109751 -0.985500 -0.299999
v 0.110439 -0.973701 -0.299999
v 0.111259 -0.961778 -0.299999
v 0.112219 -0.949687 -0.299999
v 0.113324 -0.937389 -0.299999
v 0.114582 -0.924840 -0.299999
v 0.116000 -0.912000 -0.299999
v -0.064000 -0.912000 -0.299999
v -0.062760 -1.043870 -0.299999
v -0.058084 -1.168630 -0.299999
v -0.048532 -1.286500 -0.299999
v -0.032667 -1.397704 -0.299999
v -0.009052 -1.502463 -0.299999
v 0.023749 -1.601000 -0.299999
v 0.067177 -1.693537 -0.299999
v 0.122666 -1.780296 -0.299999
v 0.191656 -1.861500 -0.299999
v 0.275583 -1.937370 -0.299999
v 0.375885 -2.008130 -0.299999
v 0.493999 -2.074000 -0.299999
v 1.478000 -1.744000 -0.299999
v 1.478000 -0.800000 -0.299999
v 2.436000 -0.800000 -0.299999
v 2.454996 -0.800080 -0.299999
v 2.474797 -0.800305 -0.299999
v 2.495126 -0.800656 -0.299999
v 2.515705 -0.801111 -0.299999
v 2.536255 -0.801649 -0.299999
v 2.556501 -0.802250 -0.299999
v 2.576163 -0.802892 -0.299999
v 2.594964 -0.803555 -0.299999
v 2.612626 -0.804219 -0.299999
v 2.628871 -0.804861 -0.299999
v 2.643422 -0.805462 -0.299999
v 2.656000 -0.806000 -0.299999
v 2.656000 -0.628000 -0.299999
v 2.639068 -0.629917 -0.299999
v 2.621379 -0.631667 -0.299999
v 2.603094 -0.633250 -0.299999
v 2.584370 -0.634667 -0.299999
v 2.565369 -0.635917 -0.299999
v 2.546250 -0.637000 -0.299999
v 2.527172 -0.637917 -0.299999
v 2.508296 -0.638667 -0.299999
v 2.489781 -0.639250 -0.299999
v 2.471786 -0.639667 -0.299999
v 2.454473 -0.639917 -0.299999
v 2.438000 -0.640000 -0.299999
v 1.452000 -0.640000 -0.299999
v 1.439768 -0.639959 -0.299999
v 1.427147 -0.639843 -0.299999
v 1.414249 -0.639656 -0.299999
v 1.401185 -0.639407 -0.299999
v 1.388064 -0.639103 -0.299999
v 1.375000 -0.638750 -0.299999
v 1.362102 -0.638355 -0.299999
v 1.349481 -0.637926 -0.299999
v 1.337250 -0.637469 -0.299999
v 1.325518 -0.636991 -0.299999
v 1.314398 -0.636499 -0.299999
v 1.304000 -0.636000 -0.299999
v 1.304538 -0.647816 -0.299999
v 1.305139 -0.660194 -0.299999
v 1.305781 -0.673031 -0.299999
v 1.306445 -0.686222 -0.299999
v 1.307108 -0.699663 -0.299999
v 1.307750 -0.713250 -0.299999
v 1.308351 -0.726878 -0.299999
v 1.308889 -0.740444 -0.299999
v 1.309344 -0.753844 -0.299999
v 1.309695 -0.766972 -0.299999
v 1.309920 -0.779726 -0.299999
v 1.310000 -0.792000 -0.299999
v 1.310000 -1.824000 -0.299999
v 1.309881 -1.842331 -0.299999
v 1.309546 -1.861148 -0.299999
v 1.309031 -1.880188 -0.299999
v 1.308371 -1.899185 -0.299999
v 1.307599 -1.917877 -0.299999
v 1.306750 -1.936000 -0.299999
v 1.305860 -1.953289 -0.299999
v 1.304963 -1.969481 -0.299999
v 1.304094 -1.984312 -0.299999
v 1.303287 -1.997518 -0.299999
v 1.302577 -2.008836 -0.299999
v 1.302000 -2.018000 -0.299999
v 1.482000 -2.018000 -0.299999
v 1.478000 -1.906000 -0.299999
v 2.456000 -1.906000 -0.299999
v 2.476641 -1.906081 -0.299999
v 2.497463 -1.906315 -0.299999
v 2.518312 -1.906687 -0.299999
v 2.539037 -1.907185 -0.299999
v 2.559484 -1.907794 -0.299999
v 2.579500 -1.908500 -0.299999
v 2.598933 -1.909289 -0.299999
v 2.617630 -1.910148 -0.299999
v 2.635438 -1.911062 -0.299999
v 2.652204 -1.912019 -0.299999
v 2.667776 -1.913002 -0.299999
v 2.682000 -1.914000 -0.299999
v 2.682000 -1.732000 -0.299999
v 2.668313 -1.733497 -0.299999
v 2.653334 -1.734972 -0.299999
v 2.637188 -1.736406 -0.299999
v 2.620000 -1.737778 -0.299999
v 2.601896 -1.739066 -0.299999
v 2.583001 -1.740250 -0.299999
v 2.563438 -1.741309 -0.299999
v 2.543334 -1.742222 -0.299999
v 2.522813 -1.742969 -0.299999
v 2.502000 -1.743528 -0.299999
v 2.481021 -1.743878 -0.299999
v 2.460000 -1.744000 -0.299999
v 3.468184 -0.794225 -0.300000
v 3.488638 -0.840630 -0.300000
v 3.511218 -0.888812 -0.300000
v 3.535777 -0.938370 -0.300000
v 3.562170 -0.988900 -0.300000
v 3.590250 -1.040000 -0.300000
v 3.619871 -1.091266 -0.300000
v 3.650888 -1.142296 -0.300000
v 3.683156 -1.192687 -0.300000
v 3.716527 -1.242037 -0.300000
v 3.750857 -1.289942 -0.300000
v 3.786000 -1.336000 -0.300000
v 3.732877 -1.382561 -0.300000
v 3.678852 -1.431824 -0.299999
v 3.624438 -1.483156 -0.299999
v 3.570148 -1.535926 -0.299999
v 3.516498 -1.589501 -0.299999
v 3.464000 -1.643250 -0.299999
v 3.413169 -1.696541 -0.299999
v 3.364519 -1.748741 -0.299999
v 3.318563 -1.799219 -0.299999
v 3.275815 -1.847343 -0.299999
v 3.236789 -1.892480 -0.299999
v 3.202000 -1.934000 -0.299999
v 3.342000 -2.054000 -0.299999
v 3.377075 -2.008396 -0.299999
v 3.415102 -1.960833 -0.299999
v 3.455781 -1.911688 -0.299999
v 3.498815 -1.861333 -0.299999
v 3.543904 -1.810146 -0.299999
v 3.590750 -1.758500 -0.299999
v 3.639054 -1.706771 -0.299999
v 3.688519 -1.655333 -0.299999
v 3.738844 -1.604563 -0.299999
v 3.789732 -1.554833 -0.299999
v 3.840883 -1.506521 -0.300000
v 3.892000 -1.460000 -0.300000
v 3.946649 -1.517248 -0.300000
v 4.003528 -1.573815 -0.300000
v 4.062531 -1.629438 -0.300000
v 4.123555 -1.683852 -0.300000
v 4.186496 -1.736794 -0.300000
v 4.251250 -1.788000 -0.300000
v 4.317711 -1.837206 -0.300000
v 4.385777 -1.884148 -0.300000
v 4.455343 -1.928563 -0.300000
v 4.526305 -1.970185 -0.300000
v 4.598559 -2.008752 -0.300000
v 4.672000 -2.044000 -0.300000
v 4.800000 -1.910000 -0.300000
v 4.720078 -1.876236 -0.300000
v 4.641463 -1.838222 -0.300000
v 4.564375 -1.796375 -0.300000
v 4.489037 -1.751111 -0.300000
v 4.415671 -1.702847 -0.300000
v 4.344500 -1.652000 -0.300000
v 4.275745 -1.598986 -0.300000
v 4.209630 -1.544222 -0.300000
v 4.146375 -1.488125 -0.300000
v 4.086204 -1.431111 -0.300000
v 4.029338 -1.373597 -0.300000
v 3.976000 -1.316000 -0.300000
v 3.941853 -1.275880 -0.300000
v 3.907658 -1.232870 -0.300000
v 3.873782 -1.187500 -0.300000
v 3.840593 -1.140296 -0.300000
v 3.808460 -1.091787 -0.300000
v 3.777750 -1.042500 -0.300000
v 3.748833 -0.992963 -0.300000
v 3.722075 -0.943704 -0.300000
v 3.697844 -0.895250 -0.300000
v 3.676509 -0.848130 -0.300000
v 3.658439 -0.802870 -0.300000
v 3.644000 -0.760000 -0.300000
v 3.673136 -0.760000 -0.300000
v 3.721917 -0.760000 -0.300000
v 3.786407 -0.760000 -0.300000
v 3.862667 -0.760000 -0.300000
v 3.946761 -0.760000 -0.300000
v 4.034750 -0.760000 -0.300000
v 4.122698 -0.760000 -0.300000
v 4.206666 -0.760000 -0.300000
v 4.282719 -0.760000 -0.300000
v 4.346917 -0.760000 -0.300000
v 4.395323 -0.760000 -0.300000
v 4.424000 -0.760000 -0.300000
v 4.442258 -0.760159 -0.300000
v 4.461740 -0.760602 -0.300000
v 4.481999 -0.761281 -0.300000
v 4.502592 -0.762148 -0.300000
v 4.523074 -0.763154 -0.300000
v 4.543000 -0.764250 -0.300000
v 4.561926 -0.765388 -0.300000
v 4.579407 -0.766518 -0.300000
v 4.595000 -0.767594 -0.300000
v 4.608259 -0.768565 -0.300000
v 4.618741 -0.769383 -0.300000
v 4.626000 -0.770000 -0.300000
v 4.626000 -0.588000 -0.300000
v 4.617290 -0.589076 -0.300000
v 4.605482 -0.590278 -0.300000
v 4.591063 -0.591562 -0.300000
v 4.574519 -0.592889 -0.300000
v 4.556336 -0.594215 -0.300000
v 4.537001 -0.595500 -0.300000
v 4.516998 -0.596701 -0.300000
v 4.496815 -0.597778 -0.300000
v 4.476938 -0.598687 -0.300000
v 4.457852 -0.599389 -0.300000
v 4.440044 -0.599840 -0.300000
v 4.424000 -0.600000 -0.300000
v 4.393418 -0.600000 -0.300000
v 4.344176 -0.600000 -0.300000
v 4.280031 -0.600000 -0.300000
v 4.204741 -0.600000 -0.300000
v 4.122061 -0.600000 -0.300000
v 4.035750 -0.600000 -0.300000
v 3.949564 -0.600000 -0.300000
v 3.867259 -0.600000 -0.300000
v 3.792593 -0.600000 -0.300000
v 3.729324 -0.600000 -0.300000
v 3.681207 -0.600000 -0.300000
v 3.652000 -0.600000 -0.300000
v 3.635796 -0.599876 -0.300000
v 3.620195 -0.599509 -0.300000
v 3.605219 -0.598906 -0.300000
v 3.590889 -0.598074 -0.300000
v 3.577226 -0.597020 -0.300000
v 3.564250 -0.595750 -0.300000
v 3.551983 -0.594272 -0.300000
v 3.540445 -0.592593 -0.300000
v 3.529656 -0.590719 -0.300000
v 3.519639 -0.588657 -0.300000
v 3.510413 -0.586415 -0.300000
v 3.502000 -0.584000 -0.300000
v 3.400000 -0.662000 -0.300000
v 3.403275 -0.666558 -0.300000
v 3.407037 -0.672130 -0.300000
v 3.411187 -0.678562 -0.300000
v 3.415629 -0.685704 -0.300000
v 3.420266 -0.693400 -0.300000
v 3.425000 -0.701500 -0.300000
v 3.429733 -0.709849 -0.300000
v 3.434370 -0.718296 -0.300000
v 3.438812 -0.726687 -0.300000
v 3.442963 -0.734870 -0.300000
v 3.446724 -0.742692 -0.300000
v 3.450000 -0.750000 -0.300000
v 5.902198 -0.870613 -0.300000
v 5.850917 -0.835574 -0.300000
v 5.800344 -0.799062 -0.300000
v 5.750667 -0.761259 -0.300000
v 5.702073 -0.722345 -0.300000
v 5.654750 -0.682500 -0.300000
v 5.608885 -0.641905 -0.300000
v 5.564667 -0.600741 -0.300000
v 5.522281 -0.559187 -0.300000
v 5.481916 -0.517426 -0.300000
v 5.443760 -0.475636 -0.300000
v 5.408000 -0.434000 -0.300000
v 5.274000 -0.558000 -0.300000
v 5.312660 -0.597369 -0.300000
v 5.352611 -0.636454 -0.300000
v 5.393812 -0.675219 -0.300000
v 5.436222 -0.713630 -0.300000
v 5.479798 -0.751652 -0.300000
v 5.524500 -0.789250 -0.300000
v 5.570285 -0.826390 -0.300000
v 5.617111 -0.863037 -0.300000
v 5.664937 -0.899156 -0.300000
v 5.713722 -0.934713 -0.300000
v 5.763423 -0.969672 -0.300000
v 5.814000 -1.004000 -0.300000
v 5.814000 -1.848000 -0.300000
v 5.813917 -1.867412 -0.300000
v 5.813667 -1.887463 -0.300000
v 5.813251 -1.907875 -0.300000
v 5.812667 -1.928370 -0.300000
v 5.811917 -1.948671 -0.300000
v 5.811000 -1.968500 -0.300000
v 5.809916 -1.987579 -0.300000
v 5.808667 -2.005630 -0.300000
v 5.807250 -2.022375 -0.300000
v 5.805667 -2.037537 -0.300000
v 5.803917 -2.050838 -0.300000
v 5.802000 -2.062000 -0.300000
v 5.998000 -2.062000 -0.300000
v 5.996504 -2.051258 -0.300000
v 5.995028 -2.038231 -0.300000
v 5.993594 -2.023219 -0.300000
v 5.992222 -2.006518 -0.300000
v 5.990934 -1.988429 -0.300000
v 5.989750 -1.969250 -0.300000
v 5.988691 -1.949279 -0.300000
v 5.987778 -1.928815 -0.300000
v 5.987031 -1.908156 -0.300000
v 5.986472 -1.887602 -0.300000
v 5.986122 -1.867450 -0.300000
v 5.986000 -1.848000 -0.300000
v 5.986000 -1.108000 -0.300000
v 6.039798 -1.137980 -0.300000
v 6.096055 -1.167843 -0.300000
v 6.154562 -1.197469 -0.300000
v 6.215111 -1.226741 -0.300000
v 6.277493 -1.255541 -0.300000
v 6.341500 -1.283750 -0.300000
v 6.406923 -1.311251 -0.300000
v 6.473556 -1.337926 -0.300000
v 6.541187 -1.363656 -0.300000
v 6.609611 -1.388324 -0.300000
v 6.678618 -1.411811 -0.300000
v 6.748000 -1.434000 -0.300000
v 6.828000 -1.278000 -0.300000
v 6.742358 -1.253568 -0.300000
v 6.658537 -1.227379 -0.300000
v 6.576687 -1.199594 -0.300000
v 6.496963 -1.170370 -0.300000
v 6.419516 -1.139869 -0.300000
v 6.344500 -1.108250 -0.300000
v 6.272067 -1.075672 -0.300000
v 6.202370 -1.042296 -0.300000
v 6.135562 -1.008281 -0.300000
v 6.071796 -0.973787 -0.300000
v 6.011225 -0.938973 -0.300000
v 5.954000 -0.904000 -0.300000
v 7.684000 -0.602000 -0.300000
v 7.663511 -0.641096 -0.300000
v 7.641259 -0.684935 -0.300000
v 7.617562 -0.732844 -0.300000
v 7.592741 -0.784148 -0.300000
v 7.567113 -0.838175 -0.300000
v 7.541000 -0.894250 -0.300000
v 7.514720 -0.951700 -0.300000
v 7.488593 -1.009852 -0.300000
v 7.462937 -1.068031 -0.300000
v 7.438074 -1.125565 -0.300000
v 7.414322 -1.181779 -0.300000
v 7.392000 -1.236000 -0.300000
v 7.371503 -1.287194 -0.300000
v 7.350194 -1.342222 -0.300000
v 7.328344 -1.400250 -0.300000
v 7.306222 -1.460444 -0.300000
v 7.284101 -1.521972 -0.300000
v 7.262250 -1.584000 -0.300000
v 7.240941 -1.645694 -0.300000
v 7.220445 -1.706222 -0.300000
v 7.201031 -1.764750 -0.300000
v 7.182972 -1.820444 -0.300000
v 7.166538 -1.872472 -0.300000
v 7.152000 -1.920000 -0.300000
v 7.330000 -1.978000 -0.300000
v 7.343384 -1.925658 -0.300000
v 7.358407 -1.870926 -0.300000
v 7.374875 -1.814250 -0.300000
v 7.392592 -1.756074 -0.300000
v 7.411366 -1.696843 -0.300000
v 7.431000 -1.637000 -0.300000
v 7.451301 -1.576991 -0.300000
v 7.472074 -1.517259 -0.300000
v 7.493125 -1.458250 -0.300000
v 7.514259 -1.400407 -0.300000
v 7.535282 -1.344176 -0.300000
v 7.556000 -1.290000 -0.300000
v 7.576869 -1.237116 -0.300000
v 7.599287 -1.181926 -0.300000
v 7.622969 -1.125125 -0.300000
v 7.647629 -1.067407 -0.300000
v 7.672985 -1.009468 -0.300000
v 7.698750 -0.952000 -0.300000
v 7.724640 -0.895699 -0.300000
v 7.750370 -0.841259 -0.300000
v 7.775656 -0.789375 -0.300000
v 7.800213 -0.740741 -0.300000
v 7.823756 -0.696051 -0.300000
v 7.846000 -0.656000 -0.300000
v 8.166000 -0.660000 -0.300000
v 8.169497 -0.671314 -0.300000
v 8.172981 -0.683176 -0.300000
v 8.176437 -0.695469 -0.300000
v 8.179852 -0.708074 -0.300000
v 8.183210 -0.720874 -0.300000
v 8.186500 -0.733750 -0.300000
v 8.189706 -0.746584 -0.300000
v 8.192815 -0.759259 -0.300000
v 8.195812 -0.771656 -0.300000
v 8.198685 -0.783657 -0.300000
v 8.201419 -0.795145 -0.300000
v 8.204000 -0.806000 -0.300000
v 8.211399 -0.840432 -0.300000
v 8.220528 -0.881120 -0.300000
v 8.231281 -0.927156 -0.300000
v 8.243555 -0.977630 -0.300000
v 8.257246 -1.031631 -0.300000
v 8.272250 -1.088250 -0.300000
v 8.288462 -1.146577 -0.300000
v 8.305778 -1.205704 -0.300000
v 8.324094 -1.264719 -0.300000
v 8.343306 -1.322713 -0.300000
v 8.363309 -1.378777 -0.300000
v 8.384000 -1.432000 -0.300000
v 8.403231 -1.478380 -0.300000
v 8.423842 -1.525379 -0.300000
v 8.445719 -1.572781 -0.300000
v 8.468740 -1.620370 -0.300000
v 8.492790 -1.667932 -0.300000
v 8.517750 -1.715250 -0.300000
v 8.543501 -1.762110 -0.300000
v 8.569926 -1.808296 -0.300000
v 8.596907 -1.853594 -0.300000
v 8.624324 -1.897787 -0.300000
v 8.652061 -1.940661 -0.300000
v 8.680000 -1.982000 -0.300000
v 8.850000 -1.910000 -0.300000
v 8.818769 -1.867595 -0.300000
v 8.788157 -1.823592 -0.300000
v 8.758282 -1.778312 -0.300000
v 8.729259 -1.732074 -0.300000
v 8.701209 -1.685197 -0.300000
v 8.674250 -1.638000 -0.300000
v 8.648499 -1.590803 -0.300000
v 8.624074 -1.543926 -0.300000
v 8.601093 -1.497687 -0.300000
v 8.579676 -1.452407 -0.300000
v 8.559938 -1.408405 -0.300000
v 8.542000 -1.366000 -0.300000
v 8.520153 -1.312098 -0.300000
v 8.498722 -1.254787 -0.300000
v 8.477875 -1.194656 -0.300000
v 8.457778 -1.132296 -0.300000
v 8.438597 -1.068297 -0.300000
v 8.420500 -1.003250 -0.300000
v 8.403653 -0.937744 -0.300000
v 8.388222 -0.872370 -0.300000
v 8.374375 -0.807719 -0.300000
v 8.362278 -0.744380 -0.300000
v 8.352098 -0.682943 -0.300000
v 8.344000 -0.624000 -0.300000
v -5.304001 1.032000 -0.299999
v -5.306001 1.310000 -0.299999
v -5.305918 1.325185 -0.299999
v -5.305668 1.339815 -0.299999
v -5.305251 1.354000 -0.299999
v -5.304667 1.367852 -0.299999
v -5.303918 1.381481 -0.299999
v -5.303001 1.395000 -0.299999
v -5.301918 1.408519 -0.299999
v -5.300668 1.422148 -0.299999
v -5.299251 1.436000 -0.299999
v -5.297668 1.450185 -0.299999
v -5.295918 1.464815 -0.299999
v -5.294001 1.480000 -0.299999
v -5.468000 1.480000 -0.299999
v -5.467003 1.468333 -0.299999
v -5.466019 1.456333 -0.299999
v -5.465063 1.444000 -0.299999
v -5.464149 1.431333 -0.299999
v -5.463290 1.418333 -0.299999
v -5.462501 1.405000 -0.299999
v -5.461795 1.391333 -0.299999
v -5.461186 1.377333 -0.299999
v -5.460689 1.363000 -0.299999
v -5.460316 1.348333 -0.299999
v -5.460082 1.333333 -0.299999
v -5.460001 1.318000 -0.299999
v -5.458001 1.048000 -0.299999
v -5.507720 1.052579 -0.299999
v -5.558751 1.057297 -0.299999
v -5.610908 1.062125 -0.299999
v -5.664001 1.067037 -0.299999
v -5.717845 1.072005 -0.299999
v -5.772251 1.077000 -0.299999
v -5.827032 1.081995 -0.299999
v -5.882001 1.086963 -0.299999
v -5.936970 1.091875 -0.299999
v -5.991751 1.096704 -0.299999
v -6.046157 1.101421 -0.299999
v -6.100000 1.106000 -0.299999
v -6.100000 1.392000 -0.299999
v -6.099919 1.403545 -0.299999
v -6.099677 1.416028 -0.299999
v -6.099282 1.429219 -0.299999
v -6.098742 1.442889 -0.299999
v -6.098063 1.456809 -0.299999
v -6.097251 1.470750 -0.299999
v -6.096314 1.484483 -0.299999
v -6.095260 1.497778 -0.299999
v -6.094094 1.510406 -0.299999
v -6.092825 1.522139 -0.299999
v -6.091458 1.532747 -0.299999
v -6.090001 1.542000 -0.299999
v -6.260000 1.542000 -0.299999
v -6.258580 1.532827 -0.299999
v -6.257314 1.522445 -0.299999
v -6.256186 1.511063 -0.299999
v -6.255184 1.498889 -0.299999
v -6.254293 1.486132 -0.299999
v -6.253500 1.473000 -0.299999
v -6.252789 1.459701 -0.299999
v -6.252149 1.446445 -0.299999
v -6.251563 1.433438 -0.299999
v -6.251019 1.420889 -0.299999
v -6.250504 1.409007 -0.299999
v -6.250001 1.398000 -0.299999
v -6.246000 1.118000 -0.299999
v -6.468000 1.132000 -0.299999
v -6.481076 1.132999 -0.299999
v -6.494278 1.133991 -0.299999
v -6.507563 1.134969 -0.299999
v -6.520889 1.135926 -0.299999
v -6.534216 1.136855 -0.299999
v -6.547501 1.137750 -0.299999
v -6.560702 1.138603 -0.299999
v -6.573779 1.139408 -0.299999
v -6.586689 1.140156 -0.299999
v -6.599390 1.140843 -0.299999
v -6.611841 1.141460 -0.299999
v -6.624001 1.142000 -0.299999
v -6.624001 0.986000 -0.299999
v -6.615124 0.986420 -0.299999
v -6.604657 0.986694 -0.299999
v -6.592844 0.986844 -0.299999
v -6.579926 0.986889 -0.299999
v -6.566148 0.986851 -0.299999
v -6.551751 0.986750 -0.299999
v -6.536979 0.986608 -0.299999
v -6.522075 0.986444 -0.299999
v -6.507282 0.986281 -0.299999
v -6.492844 0.986139 -0.299999
v -6.479002 0.986038 -0.299999
v -6.466001 0.986000 -0.299999
v -6.450668 0.985458 -0.299999
v -6.434685 0.984833 -0.299999
v -6.418062 0.984125 -0.299999
v -6.400815 0.983333 -0.299999
v -6.382957 0.982458 -0.299999
v -6.364500 0.981500 -0.299999
v -6.345461 0.980458 -0.299999
v -6.325852 0.979333 -0.299999
v -6.305688 0.978125 -0.299999
v -6.284982 0.976833 -0.299999
v -6.263748 0.975458 -0.299999
v -6.242001 0.974000 -0.299999
v -6.240991 0.936900 -0.299999
v -6.239926 0.898870 -0.299999
v -6.238750 0.860313 -0.299999
v -6.237408 0.821630 -0.299999
v -6.235843 0.783225 -0.299999
v -6.234000 0.745500 -0.299999
v -6.231824 0.708859 -0.299999
v -6.229259 0.673704 -0.299999
v -6.226251 0.640437 -0.299999
v -6.222741 0.609463 -0.299999
v -6.218677 0.581183 -0.299999
v -6.214001 0.556000 -0.299999
v -6.208945 0.535271 -0.299999
v -6.202731 0.517000 -0.299999
v -6.195281 0.501063 -0.299999
v -6.186519 0.487333 -0.299999
v -6.176367 0.475688 -0.299999
v -6.164750 0.466000 -0.299999
v -6.151591 0.458146 -0.299999
v -6.136815 0.452000 -0.299999
v -6.120344 0.447438 -0.299999
v -6.102102 0.444333 -0.299999
v -6.082013 0.442563 -0.299999
v -6.060000 0.442000 -0.299999
v -6.040713 0.442360 -0.299999
v -6.019196 0.443380 -0.299999
v -5.995970 0.444969 -0.299999
v -5.971557 0.447037 -0.299999
v -5.946477 0.449494 -0.299999
v -5.921251 0.452250 -0.299999
v -5.896400 0.455214 -0.299999
v -5.872445 0.458296 -0.299999
v -5.849907 0.461406 -0.299999
v -5.829307 0.464454 -0.299999
v -5.811164 0.467348 -0.299999
v -5.796000 0.470000 -0.299999
v -5.800001 0.608000 -0.299999
v -5.817343 0.604127 -0.299999
v -5.835233 0.600519 -0.299999
v -5.853470 0.597188 -0.299999
v -5.871853 0.594148 -0.299999
v -5.890181 0.591414 -0.299999
v -5.908251 0.589000 -0.299999
v -5.925863 0.586919 -0.299999
v -5.942816 0.585185 -0.299999
v -5.958907 0.583812 -0.299999
v -5.973936 0.582815 -0.299999
v -5.987701 0.582206 -0.299999
v -6.000001 0.582000 -0.299999
v -6.011465 0.582184 -0.299999
v -6.021880 0.582806 -0.299999
v -6.031281 0.583969 -0.299999
v -6.039704 0.585778 -0.299999
v -6.047182 0.588337 -0.299999
v -6.053750 0.591750 -0.299999
v -6.059443 0.596122 -0.299999
v -6.064297 0.601556 -0.299999
v -6.068344 0.608156 -0.299999
v -6.071621 0.616028 -0.299999
v -6.074162 0.625274 -0.299999
v -6.076000 0.636000 -0.299999
v -6.078459 0.653912 -0.299999
v -6.080826 0.674463 -0.299999
v -6.083096 0.697375 -0.299999
v -6.085261 0.722370 -0.299999
v -6.087316 0.749171 -0.299999
v -6.089252 0.777500 -0.299999
v -6.091063 0.807079 -0.299999
v -6.092742 0.837630 -0.299999
v -6.094282 0.868875 -0.299999
v -6.095676 0.900537 -0.299999
v -6.096918 0.932338 -0.299999
v -6.098001 0.964000 -0.299999
v -6.045953 0.959840 -0.299999
v -5.992954 0.955389 -0.299999
v -5.939219 0.950688 -0.299999
v -5.884964 0.945778 -0.299999
v -5.830402 0.940701 -0.299999
v -5.775751 0.935500 -0.299999
v -5.721225 0.930215 -0.299999
v -5.667039 0.924889 -0.299999
v -5.613408 0.919563 -0.299999
v -5.560548 0.914278 -0.299999
v -5.508674 0.909076 -0.299999
v -5.458001 0.904000 -0.299999
v -5.457542 0.852535 -0.299999
v -5.457168 0.801444 -0.299999
v -5.456876 0.751188 -0.299999
v -5.456667 0.702222 -0.299999
v -5.456542 0.655007 -0.299999
v -5.456500 0.610000 -0.299999
v -5.456542 0.567660 -0.299999
v -5.456667 0.528444 -0.299999
v -5.456876 0.492813 -0.299999
v -5.457168 0.461222 -0.299999
v -5.457542 0.434132 -0.299999
v -5.458001 0.412000 -0.299999
v -5.459659 0.360880 -0.299999
v -5.462427 0.315370 -0.299999
v -5.467501 0.275250 -0.299999
v -5.476074 0.240296 -0.299999
v -5.489343 0.210287 -0.299999
v -5.508500 0.185000 -0.299999
v -5.534740 0.164213 -0.299999
v -5.569259 0.147704 -0.299999
v -5.613250 0.135250 -0.299999
v -5.667908 0.126630 -0.299999
v -5.734426 0.121620 -0.299999
v -5.814001 0.120000 -0.299999
v -5.868581 0.120486 -0.299999
v -5.923973 0.121889 -0.299999
v -5.979657 0.124125 -0.299999
v -6.035112 0.127111 -0.299999
v -6.089817 0.130764 -0.299999
v -6.143251 0.135000 -0.299999
v -6.194894 0.139736 -0.299999
v -6.244224 0.144889 -0.299999
v -6.290720 0.150375 -0.299999
v -6.333862 0.156111 -0.299999
v -6.373130 0.162014 -0.299999
v -6.408001 0.168000 -0.299999
v -6.402000 -0.002000 -0.299999
v -6.366297 -0.005571 -0.299999
v -6.326537 -0.009231 -0.299999
v -6.283250 -0.012906 -0.299999
v -6.236963 -0.016519 -0.299999
v -6.188204 -0.019992 -0.299999
v -6.137500 -0.023250 -0.299999
v -6.085380 -0.026216 -0.299999
v -6.032371 -0.028815 -0.299999
v -5.979000 -0.030969 -0.299999
v -5.925797 -0.032602 -0.299999
v -5.873287 -0.033638 -0.299999
v -5.822001 -0.034000 -0.299999
v -5.714986 -0.031730 -0.299999
v -5.624055 -0.024676 -0.299999
v -5.547874 -0.012469 -0.299999
v -5.485110 0.005259 -0.299999
v -5.434430 0.028876 -0.299999
v -5.394500 0.058750 -0.299999
v -5.363986 0.095249 -0.299999
v -5.341556 0.138741 -0.299999
v -5.325875 0.189594 -0.299999
v -5.315612 0.248176 -0.299999
v -5.309431 0.314855 -0.299999
v -5.306001 0.390000 -0.299999
v -5.305540 0.414045 -0.299999
v -5.305157 0.442861 -0.299999
v -5.304843 0.475969 -0.299999
v -5.304592 0.512889 -0.299999
v -5.304397 0.553142 -0.299999
v -5.304250 0.596250 -0.299999
v -5.304145 0.641733 -0.299999
v -5.304074 0.689111 -0.299999
v -5.304031 0.737906 -0.299999
v -5.304009 0.787639 -0.299999
v -5.304002 0.837830 -0.299999
v -5.304001 0.888000 -0.299999
v -5.090001 0.864000 -0.299999
v -5.074034 0.861921 -0.299999
v -5.057261 0.859704 -0.299999
v -5.039876 0.857375 -0.299999
v -5.022075 0.854963 -0.299999
v -5.004051 0.852495 -0.299999
v -4.986000 0.850000 -0.299999
v -4.968116 0.847505 -0.299999
v -4.950593 0.845037 -0.299999
v -4.933625 0.842625 -0.299999
v -4.917408 0.840296 -0.299999
v -4.902135 0.838079 -0.299999
v -4.888000 0.836000 -0.299999
v -4.870001 1.000000 -0.299999
v -4.885743 1.000083 -0.299999
v -4.901937 1.000333 -0.299999
v -4.918532 1.000750 -0.299999
v -4.935483 1.001333 -0.299999
v -4.952739 1.002083 -0.299999
v -4.970251 1.003000 -0.299999
v -4.987972 1.004083 -0.299999
v -5.005853 1.005333 -0.299999
v -5.023845 1.006750 -0.299999
v -5.041899 1.008333 -0.299999
v -5.059967 1.010083 -0.299999
v -5.078001 1.012000 -0.299999
v -3.294001 1.276000 -0.299999
v -3.532001 1.276000 -0.299999
v -3.532001 1.134000 -0.299999
v -3.294001 1.134000 -0.299999
v -3.294001 0.746000 -0.299999
v -3.542001 0.818000 -0.299999
v -3.560000 0.678000 -0.299999
v -3.294001 0.596000 -0.299999
v -3.294001 0.018000 -0.299999
v -3.293617 -0.002559 -0.299999
v -3.292427 -0.021306 -0.299999
v -3.290376 -0.038344 -0.299999
v -3.287408 -0.053778 -0.299999
v -3.283468 -0.067712 -0.299999
v -3.278501 -0.080250 -0.299999
v -3.272449 -0.091497 -0.299999
v -3.265260 -0.101556 -0.299999
v -3.256875 -0.110531 -0.299999
v -3.247241 -0.118528 -0.299999
v -3.236301 -0.125649 -0.299999
v -3.224001 -0.132000 -0.299999
v -3.209943 -0.137171 -0.299999
v -3.194704 -0.141704 -0.299999
v -3.178188 -0.145625 -0.299999
v -3.160297 -0.148963 -0.299999
v -3.140934 -0.151745 -0.299999
v -3.120001 -0.154000 -0.299999
v -3.097402 -0.155755 -0.299999
v -3.073038 -0.157037 -0.299999
v -3.046813 -0.157875 -0.299999
v -3.018630 -0.158296 -0.299999
v -2.988392 -0.158329 -0.299999
v -2.956000 -0.158000 -0.299999
v -2.954178 -0.148486 -0.299999
v -2.951759 -0.138056 -0.299999
v -2.948812 -0.126875 -0.299999
v -2.945408 -0.115111 -0.299999
v -2.941614 -0.102931 -0.299999
v -2.937501 -0.090500 -0.299999
v -2.933138 -0.077986 -0.299999
v -2.928594 -0.065556 -0.299999
v -2.923939 -0.053375 -0.299999
v -2.919242 -0.041611 -0.299999
v -2.914573 -0.030431 -0.299999
v -2.910001 -0.020000 -0.299999
v -2.932768 -0.020460 -0.299999
v -2.954956 -0.020843 -0.299999
v -2.976409 -0.021156 -0.299999
v -2.996965 -0.021407 -0.299999
v -3.016466 -0.021603 -0.299999
v -3.034752 -0.021750 -0.299999
v -3.051662 -0.021855 -0.299999
v -3.067039 -0.021926 -0.299999
v -3.080720 -0.021969 -0.299999
v -3.092547 -0.021991 -0.299999
v -3.102361 -0.021999 -0.299999
v -3.110001 -0.022000 -0.299999
v -3.116210 -0.021367 -0.299999
v -3.121843 -0.020435 -0.299999
v -3.126907 -0.019156 -0.299999
v -3.131409 -0.017481 -0.299999
v -3.135354 -0.015362 -0.299999
v -3.138751 -0.012750 -0.299999
v -3.141606 -0.009596 -0.299999
v -3.143927 -0.005852 -0.299999
v -3.145720 -0.001469 -0.299999
v -3.146992 0.003602 -0.299999
v -3.147750 0.009409 -0.299999
v -3.148001 0.016000 -0.299999
v -3.148001 0.552000 -0.299999
v -2.886001 0.474000 -0.299999
v -2.842001 0.620000 -0.299999
v -3.148001 0.704000 -0.299999
v -3.148001 1.134000 -0.299999
v -2.868001 1.134000 -0.299999
v -2.868001 1.276000 -0.299999
v -3.148001 1.276000 -0.299999
v -3.148001 1.680000 -0.299999
v -3.294001 1.680000 -0.299999
v -4.515619 1.429794 -0.299999
v -4.459771 1.410185 -0.299999
v -4.400908 1.391188 -0.299999
v -4.339483 1.372815 -0.299999
v -4.275948 1.355081 -0.299999
v -4.210752 1.338000 -0.299999
v -4.144347 1.321586 -0.299999
v -4.077187 1.305852 -0.299999
v -4.009720 1.290812 -0.299999
v -3.942399 1.276482 -0.299999
v -3.875675 1.262873 -0.299999
v -3.810000 1.250000 -0.299999
v -3.810000 1.104000 -0.299999
v -3.810548 1.088102 -0.299999
v -3.812380 1.074315 -0.299999
v -3.815782 1.062500 -0.299999
v -3.821037 1.052519 -0.299999
v -3.828432 1.044232 -0.299999
v -3.838250 1.037500 -0.299999
v -3.850777 1.032185 -0.299999
v -3.866297 1.028148 -0.299999
v -3.885095 1.025250 -0.299999
v -3.907454 1.023352 -0.299999
v -3.933661 1.022315 -0.299999
v -3.964001 1.022000 -0.299999
v -3.983932 1.022000 -0.299999
v -4.012612 1.022000 -0.299999
v -4.048376 1.022000 -0.299999
v -4.089557 1.022000 -0.299999
v -4.134487 1.022000 -0.299999
v -4.181501 1.022000 -0.299999
v -4.228931 1.022000 -0.299999
v -4.275112 1.022000 -0.299999
v -4.318376 1.022000 -0.299999
v -4.357056 1.022000 -0.299999
v -4.389486 1.022000 -0.299999
v -4.414001 1.022000 -0.299999
v -4.439634 1.022833 -0.299999
v -4.461733 1.025667 -0.299999
v -4.480596 1.031000 -0.299999
v -4.496520 1.039333 -0.299999
v -4.509806 1.051167 -0.299999
v -4.520751 1.067000 -0.299999
v -4.529655 1.087333 -0.299999
v -4.536816 1.112667 -0.299999
v -4.542532 1.143500 -0.299999
v -4.547103 1.180333 -0.299999
v -4.550826 1.223667 -0.299999
v -4.554001 1.274000 -0.299999
v -4.562636 1.268469 -0.299999
v -4.572417 1.262917 -0.299999
v -4.583157 1.257406 -0.299999
v -4.594667 1.252000 -0.299999
v -4.606761 1.246760 -0.299999
v -4.619250 1.241750 -0.299999
v -4.631948 1.237031 -0.299999
v -4.644668 1.232667 -0.299999
v -4.657220 1.228719 -0.299999
v -4.669417 1.225250 -0.299999
v -4.681073 1.222323 -0.299999
v -4.692000 1.220000 -0.299999
v -4.685848 1.157130 -0.299999
v -4.678112 1.102204 -0.299999
v -4.668376 1.054750 -0.299999
v -4.656223 1.014296 -0.299999
v -4.641237 0.980370 -0.299999
v -4.623001 0.952500 -0.299999
v -4.601098 0.930213 -0.299999
v -4.575112 0.913037 -0.299999
v -4.544626 0.900500 -0.299999
v -4.509223 0.892130 -0.299999
v -4.468487 0.887454 -0.299999
v -4.422001 0.886000 -0.299999
v -4.403244 0.886000 -0.299999
v -4.373453 0.886000 -0.299999
v -4.334844 0.886000 -0.299999
v -4.289630 0.886000 -0.299999
v -4.240026 0.886000 -0.299999
v -4.188250 0.886000 -0.299999
v -4.136515 0.886000 -0.299999
v -4.087037 0.886000 -0.299999
v -4.042031 0.886000 -0.299999
v -4.003713 0.886000 -0.299999
v -3.974298 0.886000 -0.299999
v -3.956000 0.886000 -0.299999
v -3.901479 0.886967 -0.299999
v -3.853666 0.890065 -0.299999
v -3.812187 0.895594 -0.299999
v -3.776667 0.903852 -0.299999
v -3.746729 0.915138 -0.299999
v -3.722000 0.929750 -0.299999
v -3.702105 0.947987 -0.299999
v -3.686667 0.970148 -0.299999
v -3.675313 0.996531 -0.299999
v -3.667667 1.027435 -0.299999
v -3.663355 1.063159 -0.299999
v -3.662001 1.104000 -0.299999
v -3.662001 1.672000 -0.299999
v -3.810000 1.672000 -0.299999
v -3.810000 1.374000 -0.299999
v -3.869766 1.386904 -0.299999
v -3.929789 1.400565 -0.299999
v -3.989657 1.414906 -0.299999
v -4.048965 1.429852 -0.299999
v -4.107299 1.445325 -0.299999
v -4.164251 1.461250 -0.299999
v -4.219412 1.477550 -0.299999
v -4.272371 1.494148 -0.299999
v -4.322720 1.510969 -0.299999
v -4.370048 1.527935 -0.299999
v -4.413944 1.544971 -0.299999
v -4.454000 1.562000 -0.299999
v -4.568001 1.450000 -0.299999
v -4.456001 0.058000 -0.299999
v -4.456001 0.268000 -0.299999
v -3.804001 0.268000 -0.299999
v -3.804001 0.058000 -0.299999
v -4.456001 0.590000 -0.299999
v -3.804001 0.590000 -0.299999
v -3.804001 0.390000 -0.299999
v -4.456001 0.390000 -0.299999
v -4.604001 -0.150000 -0.299999
v -4.456001 -0.150000 -0.299999
v -4.456001 -0.066000 -0.299999
v -3.804001 -0.066000 -0.299999
v -3.804001 -0.158000 -0.299999
v -3.662001 -0.158000 -0.299999
v -3.662001 0.718000 -0.299999
v -4.604001 0.718000 -0.299999
v -2.298000 0.610000 -0.299999
v -2.298000 0.940000 -0.299999
v -1.246000 0.940000 -0.299999
v -1.246000 0.610000 -0.299999
v -2.298000 1.408000 -0.299999
v -1.246000 1.408000 -0.299999
v -1.246000 1.084000 -0.299999
v -2.298000 1.084000 -0.299999
v -2.298000 0.134000 -0.299999
v -2.298000 0.466000 -0.299999
v -1.246000 0.466000 -0.299999
v -1.246000 0.134000 -0.299999
v -2.454000 -0.148000 -0.299999
v -2.298000 -0.148000 -0.299999
v -2.298000 -0.012000 -0.299999
v -1.246000 -0.012000 -0.299999
v -1.246000 -0.148000 -0.299999
v -1.096001 -0.148000 -0.299999
v -1.096001 1.556000 -0.299999
v -2.454000 1.556000 -0.299999
v -0.337388 0.807168 -0.299999
v -0.307594 0.795676 -0.299999
v -0.276690 0.783531 -0.299999
v -0.244742 0.770741 -0.299999
v -0.211823 0.757311 -0.299999
v -0.178001 0.743250 -0.299999
v -0.143346 0.728564 -0.299999
v -0.107926 0.713259 -0.299999
v -0.071813 0.697344 -0.299999
v -0.035074 0.680824 -0.299999
v 0.002220 0.663707 -0.299999
v 0.040000 0.646000 -0.299999
v 0.033999 0.262000 -0.299999
v 0.188000 0.262000 -0.299999
v 0.187041 0.282538 -0.299999
v 0.186167 0.304972 -0.299999
v 0.185375 0.329031 -0.299999
v 0.184667 0.354444 -0.299999
v 0.184042 0.380941 -0.299999
v 0.183500 0.408250 -0.299999
v 0.183042 0.436101 -0.299999
v 0.182667 0.464222 -0.299999
v 0.182375 0.492344 -0.299999
v 0.182166 0.520194 -0.299999
v 0.182041 0.547503 -0.299999
v 0.181999 0.574000 -0.299999
v 0.227289 0.549323 -0.299999
v 0.269990 0.524250 -0.299999
v 0.309843 0.498719 -0.299999
v 0.346592 0.472667 -0.299999
v 0.379980 0.446031 -0.299999
v 0.409750 0.418750 -0.299999
v 0.435645 0.390760 -0.299999
v 0.457408 0.362000 -0.299999
v 0.474782 0.332406 -0.299999
v 0.487510 0.301917 -0.299999
v 0.495335 0.270469 -0.299999
v 0.498000 0.238000 -0.299999
v 0.494810 0.201687 -0.299999
v 0.485490 0.170500 -0.299999
v 0.470406 0.144062 -0.299999
v 0.449925 0.122000 -0.299999
v 0.424417 0.103937 -0.299999
v 0.394250 0.089500 -0.299999
v 0.359791 0.078312 -0.299999
v 0.321407 0.070000 -0.299999
v 0.279469 0.064187 -0.299999
v 0.234343 0.060500 -0.299999
v 0.186397 0.058562 -0.299999
v 0.136000 0.058000 -0.299999
v 0.095848 0.058372 -0.299999
v 0.053612 0.059472 -0.299999
v 0.009625 0.061281 -0.299999
v -0.035777 0.063778 -0.299999
v -0.082263 0.066941 -0.299999
v -0.129499 0.070750 -0.299999
v -0.177153 0.075184 -0.299999
v -0.224889 0.080222 -0.299999
v -0.272375 0.085844 -0.299999
v -0.319278 0.092028 -0.299999
v -0.365264 0.098753 -0.299999
v -0.410000 0.106000 -0.299999
v -0.406000 -0.054000 -0.299999
v -0.366611 -0.058910 -0.299999
v -0.324714 -0.063611 -0.299999
v -0.280720 -0.068063 -0.299999
v -0.235038 -0.072222 -0.299999
v -0.188078 -0.076049 -0.299999
v -0.140250 -0.079500 -0.299999
v -0.091965 -0.082535 -0.299999
v -0.043631 -0.085111 -0.299999
v 0.004343 -0.087188 -0.299999
v 0.051546 -0.088722 -0.299999
v 0.097569 -0.089674 -0.299999
v 0.142000 -0.090000 -0.299999
v 0.212234 -0.088639 -0.299999
v 0.279530 -0.084278 -0.299999
v 0.343283 -0.076500 -0.299999
v 0.402890 -0.064889 -0.299999
v 0.457747 -0.049028 -0.299999
v 0.507251 -0.028500 -0.299999
v 0.550796 -0.002889 -0.299999
v 0.587778 0.028222 -0.299999
v 0.617594 0.065250 -0.299999
v 0.639639 0.108611 -0.299999
v 0.653309 0.158722 -0.299999
v 0.658000 0.216000 -0.299999
v 0.653182 0.273202 -0.299999
v 0.639287 0.326954 -0.299999
v 0.617156 0.377469 -0.299999
v 0.587629 0.424963 -0.299999
v 0.551547 0.469652 -0.299999
v 0.509749 0.511750 -0.299999
v 0.463077 0.551473 -0.299999
v 0.412370 0.589037 -0.299999
v 0.358468 0.624656 -0.299999
v 0.302213 0.658546 -0.299999
v 0.244443 0.690922 -0.299999
v 0.186000 0.722000 -0.299999
v 0.192063 0.742506 -0.299999
v 0.200175 0.761046 -0.299999
v 0.210218 0.777656 -0.299999
v 0.222074 0.792370 -0.299999
v 0.235623 0.805223 -0.299999
v 0.250750 0.816250 -0.299999
v 0.267334 0.825485 -0.299999
v 0.285259 0.832963 -0.299999
v 0.304406 0.838719 -0.299999
v 0.324657 0.842787 -0.299999
v 0.345895 0.845203 -0.299999
v 0.368000 0.846000 -0.299999
v 0.399519 0.844731 -0.299999
v 0.430982 0.841018 -0.299999
v 0.462250 0.835000 -0.299999
v 0.493185 0.826815 -0.299999
v 0.523648 0.816602 -0.299999
v 0.553500 0.804500 -0.299999
v 0.582603 0.790648 -0.299999
v 0.610815 0.775185 -0.299999
v 0.638000 0.758250 -0.299999
v 0.664019 0.739982 -0.299999
v 0.688731 0.720519 -0.299999
v 0.712000 0.700000 -0.299999
v 0.726466 0.686091 -0.299999
v 0.740898 0.671398 -0.299999
v 0.755343 0.655969 -0.299999
v 0.769852 0.639852 -0.299999
v 0.784471 0.623096 -0.299999
v 0.799250 0.605750 -0.299999
v 0.814237 0.587862 -0.299999
v 0.829481 0.569481 -0.299999
v 0.845031 0.550656 -0.299999
v 0.860935 0.531435 -0.299999
v 0.877242 0.511867 -0.299999
v 0.894000 0.492000 -0.299999
v 1.030000 0.592000 -0.299999
v 0.969421 0.652205 -0.299999
v 0.913553 0.710805 -0.299999
v 0.862185 0.767781 -0.299999
v 0.815109 0.823111 -0.299999
v 0.772117 0.876774 -0.299999
v 0.732999 0.928750 -0.299999
v 0.697548 0.979017 -0.299999
v 0.665555 1.027556 -0.299999
v 0.636812 1.074344 -0.299999
v 0.611111 1.119361 -0.299999
v 0.588243 1.162587 -0.299999
v 0.568000 1.204000 -0.299999
v 0.656000 1.204000 -0.299999
v 0.678420 1.204083 -0.299999
v 0.702519 1.204333 -0.299999
v 0.728064 1.204750 -0.299999
v 0.754816 1.205333 -0.299999
v 0.782540 1.206083 -0.299999
v 0.811001 1.207000 -0.299999
v 0.839961 1.208083 -0.299999
v 0.869185 1.209333 -0.299999
v 0.898438 1.210750 -0.299999
v 0.927482 1.212333 -0.299999
v 0.956081 1.214083 -0.299999
v 0.984000 1.216000 -0.299999
v 0.984000 1.366000 -0.299999
v 0.956840 1.362626 -0.299999
v 0.928547 1.359509 -0.299999
v 0.899406 1.356656 -0.299999
v 0.869704 1.354074 -0.299999
v 0.839724 1.351770 -0.299999
v 0.809751 1.349750 -0.299999
v 0.780068 1.348022 -0.299999
v 0.750963 1.346593 -0.299999
v 0.722719 1.345469 -0.299999
v 0.695621 1.344657 -0.299999
v 0.669952 1.344166 -0.299999
v 0.646000 1.344000 -0.299999
v 0.514000 1.346000 -0.299999
v 0.507212 1.367572 -0.299999
v 0.500853 1.389241 -0.299999
v 0.494938 1.410938 -0.299999
v 0.489482 1.432593 -0.299999
v 0.484498 1.454137 -0.299999
v 0.480000 1.475500 -0.299999
v 0.476003 1.496614 -0.299999
v 0.472519 1.517408 -0.299999
v 0.469563 1.537813 -0.299999
v 0.467148 1.557759 -0.299999
v 0.465289 1.577178 -0.299999
v 0.464000 1.596000 -0.299999
v 0.300000 1.582000 -0.299999
v 0.303090 1.566626 -0.299999
v 0.306380 1.550509 -0.299999
v 0.309907 1.533656 -0.299999
v 0.313704 1.516074 -0.299999
v 0.317807 1.497770 -0.299999
v 0.322250 1.478750 -0.299999
v 0.327068 1.459022 -0.299999
v 0.332296 1.438593 -0.299999
v 0.337969 1.417469 -0.299999
v 0.344120 1.395658 -0.299999
v 0.350785 1.373166 -0.299999
v 0.358000 1.350000 -0.299999
v 0.306733 1.352671 -0.299999
v 0.255036 1.355704 -0.299999
v 0.203062 1.359125 -0.299999
v 0.150963 1.362963 -0.299999
v 0.098891 1.367245 -0.299999
v 0.047000 1.372000 -0.299999
v -0.004558 1.377255 -0.299999
v -0.055630 1.383037 -0.299999
v -0.106063 1.389375 -0.299999
v -0.155704 1.396296 -0.299999
v -0.204401 1.403829 -0.299999
v -0.252001 1.412000 -0.299999
v -0.250000 1.264000 -0.299999
v -0.199505 1.256329 -0.299999
v -0.147204 1.249296 -0.299999
v -0.093376 1.242875 -0.299999
v -0.038298 1.237037 -0.299999
v 0.017754 1.231755 -0.299999
v 0.074499 1.227000 -0.299999
v 0.131661 1.222745 -0.299999
v 0.188962 1.218963 -0.299999
v 0.246124 1.215625 -0.299999
v 0.302870 1.212704 -0.299999
v 0.358921 1.210171 -0.299999
v 0.414000 1.208000 -0.299999
v 0.425905 1.181352 -0.299999
v 0.438582 1.154482 -0.299999
v 0.451968 1.127500 -0.299999
v 0.466000 1.100519 -0.299999
v 0.480615 1.073648 -0.299999
v 0.495750 1.047000 -0.299999
v 0.511344 1.020685 -0.299999
v 0.527333 0.994815 -0.299999
v 0.543656 0.969500 -0.299999
v 0.560250 0.944852 -0.299999
v 0.577052 0.920982 -0.299999
v 0.594000 0.898000 -0.299999
v 0.574206 0.909539 -0.299999
v 0.552990 0.920148 -0.299999
v 0.530593 0.929813 -0.299999
v 0.507258 0.938519 -0.299999
v 0.483230 0.946252 -0.299999
v 0.458750 0.953000 -0.299999
v 0.434061 0.958748 -0.299999
v 0.409407 0.963482 -0.299999
v 0.385031 0.967188 -0.299999
v 0.361176 0.969852 -0.299999
v 0.338084 0.971461 -0.299999
v 0.316000 0.972000 -0.299999
v 0.284030 0.970674 -0.299999
v 0.253241 0.966722 -0.299999
v 0.223812 0.960188 -0.299999
v 0.195926 0.951111 -0.299999
v 0.169762 0.939535 -0.299999
v 0.145500 0.925500 -0.299999
v 0.123322 0.909049 -0.299999
v 0.103407 0.890222 -0.299999
v 0.085937 0.869063 -0.299999
v 0.071092 0.845611 -0.299999
v 0.059052 0.819910 -0.299999
v 0.049999 0.792000 -0.299999
v 0.015835 0.808136 -0.299999
v -0.017657 0.823583 -0.299999
v -0.050468 0.838406 -0.299999
v -0.082592 0.852667 -0.299999
v -0.114021 0.866427 -0.299999
v -0.144750 0.879750 -0.299999
v -0.174769 0.892698 -0.299999
v -0.204074 0.905333 -0.299999
v -0.232656 0.917719 -0.299999
v -0.260509 0.929917 -0.299999
v -0.287626 0.941990 -0.299999
v -0.314000 0.954000 -0.299999
v -0.328760 0.960424 -0.299999
v -0.343091 0.966722 -0.299999
v -0.357061 0.972938 -0.299999
v -0.370740 0.979111 -0.299999
v -0.384196 0.985285 -0.299999
v -0.397499 0.991500 -0.299999
v -0.410719 0.997799 -0.299999
v -0.423925 1.004222 -0.299999
v -0.437187 1.010813 -0.299999
v -0.450574 1.017611 -0.299999
v -0.464155 1.024660 -0.299999
v -0.478001 1.032000 -0.299999
v -0.544001 0.882000 -0.299999
v -0.530606 0.878220 -0.299999
v -0.516510 0.873926 -0.299999
v -0.501844 0.869188 -0.299999
v -0.486741 0.864074 -0.299999
v -0.471333 0.858655 -0.299999
v -0.455750 0.853000 -0.299999
v -0.440126 0.847178 -0.299999
v -0.424593 0.841259 -0.299999
v -0.409282 0.835313 -0.299999
v -0.394324 0.829407 -0.299999
v -0.379853 0.823613 -0.299999
v -0.366000 0.818000 -0.299999
v 2.740774 0.232793 -0.299999
v 2.759027 0.193343 -0.299999
v 2.778656 0.153906 -0.299999
v 2.799555 0.114741 -0.299999
v 2.821621 0.076103 -0.299999
v 2.844750 0.038250 -0.299999
v 2.868837 0.001439 -0.299999
v 2.893778 -0.034074 -0.299999
v 2.919469 -0.068031 -0.299999
v 2.945806 -0.100176 -0.299999
v 2.972684 -0.130251 -0.299999
v 3.000000 -0.158000 -0.299999
v 3.136000 -0.092000 -0.300000
v 3.109604 -0.067590 -0.300000
v 3.083500 -0.040556 -0.300000
v 3.057812 -0.011188 -0.300000
v 3.032666 0.020222 -0.300000
v 3.008187 0.053382 -0.300000
v 2.984500 0.088000 -0.299999
v 2.961729 0.123785 -0.299999
v 2.940000 0.160444 -0.299999
v 2.919437 0.197687 -0.299999
v 2.900167 0.235222 -0.299999
v 2.882312 0.272757 -0.299999
v 2.866000 0.310000 -0.299999
v 2.724000 0.272000 -0.299999
v 1.700000 0.572000 -0.299999
v 1.700000 0.930000 -0.299999
v 2.746000 0.930000 -0.300000
v 2.746000 0.572000 -0.299999
v 2.310000 1.680000 -0.300000
v 2.160000 1.680000 -0.299999
v 2.160000 1.468000 -0.299999
v 1.400000 1.468000 -0.299999
v 1.400000 1.326000 -0.299999
v 2.160000 1.326000 -0.299999
v 2.160000 1.072000 -0.299999
v 1.550000 1.072000 -0.299999
v 1.550000 0.432000 -0.299999
v 2.888000 0.432000 -0.300000
v 2.888000 1.072000 -0.300000
v 2.310000 1.072000 -0.299999
v 2.390712 0.235271 -0.299999
v 2.383870 0.201333 -0.299999
v 2.377499 0.166562 -0.299999
v 2.371629 0.131333 -0.299999
v 2.366286 0.096021 -0.299999
v 2.361499 0.061000 -0.299999
v 2.357296 0.026646 -0.299999
v 2.353703 -0.006667 -0.299999
v 2.350749 -0.038563 -0.299999
v 2.348463 -0.068667 -0.299999
v 2.346870 -0.096604 -0.299999
v 2.346000 -0.122000 -0.299999
v 2.498000 -0.142000 -0.299999
v 2.498330 -0.115645 -0.299999
v 2.499305 -0.086824 -0.299999
v 2.500906 -0.055906 -0.299999
v 2.503111 -0.023259 -0.299999
v 2.505899 0.010749 -0.299999
v 2.509250 0.045750 -0.299999
v 2.513142 0.081376 -0.299999
v 2.517555 0.117259 -0.299999
v 2.522469 0.153031 -0.299999
v 2.527861 0.188324 -0.299999
v 2.533712 0.222770 -0.299999
v 2.540000 0.256000 -0.299999
v 2.398000 0.268000 -0.299999
v 1.974483 0.252726 -0.299999
v 1.959028 0.220139 -0.299999
v 1.943781 0.186594 -0.299999
v 1.928889 0.152444 -0.299999
v 1.914496 0.118045 -0.299999
v 1.900750 0.083750 -0.299999
v 1.887795 0.049913 -0.299999
v 1.875778 0.016889 -0.299999
v 1.864844 -0.014969 -0.299999
v 1.855139 -0.045306 -0.299999
v 1.846809 -0.073767 -0.299999
v 1.840000 -0.100000 -0.299999
v 1.986000 -0.138000 -0.299999
v 1.992269 -0.111648 -0.299999
v 1.999982 -0.082852 -0.299999
v 2.009000 -0.052000 -0.299999
v 2.019186 -0.019481 -0.299999
v 2.030398 0.014315 -0.299999
v 2.042500 0.049000 -0.299999
v 2.055352 0.084185 -0.299999
v 2.068815 0.119482 -0.299999
v 2.082750 0.154500 -0.299999
v 2.097018 0.188852 -0.299999
v 2.111481 0.222148 -0.299999
v 2.125999 0.254000 -0.299999
v 1.990000 0.284000 -0.299999
v 1.558713 0.289643 -0.299999
v 1.533045 0.255815 -0.299999
v 1.507280 0.220875 -0.299999
v 1.481703 0.185185 -0.299999
v 1.456597 0.149106 -0.299999
v 1.432249 0.113000 -0.299999
v 1.408942 0.077227 -0.299999
v 1.386962 0.042148 -0.299999
v 1.366593 0.008125 -0.299999
v 1.348120 -0.024481 -0.299999
v 1.331827 -0.055310 -0.299999
v 1.318000 -0.084000 -0.299999
v 1.460000 -0.144000 -0.299999
v 1.472829 -0.115153 -0.299999
v 1.488138 -0.083889 -0.299999
v 1.505656 -0.050625 -0.299999
v 1.525111 -0.015778 -0.299999
v 1.546232 0.020236 -0.299999
v 1.568749 0.057000 -0.299999
v 1.592392 0.094097 -0.299999
v 1.616889 0.131111 -0.299999
v 1.641968 0.167625 -0.299999
v 1.667361 0.203222 -0.299999
v 1.692795 0.237486 -0.299999
v 1.717999 0.270000 -0.299999
v 1.584000 0.322000 -0.299999
v 3.784116 -0.012248 -0.300000
v 3.844259 0.004685 -0.300000
v 3.900125 0.032313 -0.300000
v 3.951407 0.070148 -0.300000
v 3.997801 0.117706 -0.300000
v 4.039000 0.174500 -0.300000
v 4.074699 0.240044 -0.300000
v 4.104592 0.313852 -0.300000
v 4.128375 0.395438 -0.300000
v 4.145741 0.484315 -0.300000
v 4.156384 0.579998 -0.300000
v 4.160000 0.682000 -0.300000
v 4.156384 0.784003 -0.300000
v 4.145740 0.879685 -0.300000
v 4.128374 0.968563 -0.300000
v 4.104592 1.050148 -0.300000
v 4.074698 1.123956 -0.300000
v 4.039000 1.189500 -0.300000
v 3.997800 1.246294 -0.300000
v 3.951407 1.293852 -0.300000
v 3.900125 1.331688 -0.300000
v 3.844259 1.359315 -0.300000
v 3.784115 1.376248 -0.300000
v 3.720000 1.382000 -0.300000
v 3.655884 1.376248 -0.300000
v 3.595740 1.359315 -0.300000
v 3.539875 1.331688 -0.300000
v 3.488592 1.293852 -0.300000
v 3.442199 1.246294 -0.300000
v 3.401000 1.189500 -0.300000
v 3.365301 1.123956 -0.300000
v 3.335407 1.050148 -0.300000
v 3.311625 0.968563 -0.300000
v 3.294259 0.879685 -0.300000
v 3.283616 0.784002 -0.300000
v 3.280000 0.682000 -0.300000
v 3.283616 0.579998 -0.300000
v 3.294260 0.484315 -0.300000
v 3.311625 0.395438 -0.300000
v 3.335408 0.313852 -0.300000
v 3.365301 0.240044 -0.300000
v 3.401000 0.174500 -0.300000
v 3.442199 0.117706 -0.300000
v 3.488593 0.070148 -0.300000
v 3.539875 0.032312 -0.300000
v 3.595741 0.004685 -0.300000
v 3.655884 -0.012248 -0.300000
v 3.720000 -0.018000 -0.300000
v 3.756730 1.191998 -0.300000
v 3.790851 1.180148 -0.300000
v 3.822249 1.160688 -0.300000
v 3.850814 1.133852 -0.300000
v 3.876434 1.099877 -0.300000
v 3.898999 1.059000 -0.300000
v 3.918397 1.011456 -0.300000
v 3.934518 0.957482 -0.300000
v 3.947249 0.897313 -0.300000
v 3.956481 0.831185 -0.300000
v 3.962101 0.759336 -0.300000
v 3.964000 0.682000 -0.300000
v 3.962102 0.604664 -0.300000
v 3.956482 0.532815 -0.300000
v 3.947250 0.466688 -0.300000
v 3.934519 0.406519 -0.300000
v 3.918398 0.352544 -0.300000
v 3.899000 0.305000 -0.300000
v 3.876435 0.264123 -0.300000
v 3.850815 0.230148 -0.300000
v 3.822250 0.203313 -0.300000
v 3.790852 0.183852 -0.300000
v 3.756731 0.172002 -0.300000
v 3.720000 0.168000 -0.300000
v 3.683270 0.172002 -0.300000
v 3.649149 0.183852 -0.300000
v 3.617751 0.203313 -0.300000
v 3.589186 0.230148 -0.300000
v 3.563565 0.264123 -0.300000
v 3.541000 0.305000 -0.300000
v 3.521602 0.352544 -0.300000
v 3.505482 0.406519 -0.300000
v 3.492750 0.466688 -0.300000
v 3.483519 0.532815 -0.300000
v 3.477898 0.604664 -0.300000
v 3.476000 0.682000 -0.300000
v 3.477897 0.759336 -0.300000
v 3.483518 0.831185 -0.300000
v 3.492749 0.897312 -0.300000
v 3.505481 0.957481 -0.300000
v 3.521601 1.011456 -0.300000
v 3.540999 1.059000 -0.300000
v 3.563564 1.099877 -0.300000
v 3.589185 1.133852 -0.300000
v 3.617750 1.160688 -0.300000
v 3.649148 1.180148 -0.300000
v 3.683269 1.191998 -0.300000
v 3.720000 1.196000 -0.300000
v 4.784115 -0.012248 -0.300000
v 4.844259 0.004685 -0.300000
v 4.900125 0.032313 -0.300000
v 4.951407 0.070148 -0.300000
v 4.997800 0.117706 -0.300000
v 5.039000 0.174500 -0.300000
v 5.074698 0.240044 -0.300000
v 5.104592 0.313852 -0.300000
v 5.128375 0.395438 -0.300000
v 5.145741 0.484315 -0.300000
v 5.156384 0.579998 -0.300000
v 5.160000 0.682000 -0.300000
v 5.156384 0.784003 -0.300000
v 5.145741 0.879685 -0.300000
v 5.128375 0.968563 -0.300000
v 5.104592 1.050148 -0.300000
v 5.074698 1.123956 -0.300000
v 5.039000 1.189500 -0.300000
v 4.997800 1.246294 -0.300000
v 4.951407 1.293852 -0.300000
v 4.900125 1.331688 -0.300000
v 4.844259 1.359315 -0.300000
v 4.784115 1.376248 -0.300000
v 4.720000 1.382000 -0.300000
v 4.655884 1.376248 -0.300000
v 4.595740 1.359315 -0.300000
v 4.539875 1.331688 -0.300000
v 4.488592 1.293852 -0.300000
v 4.442199 1.246294 -0.300000
v 4.401000 1.189500 -0.300000
v 4.365301 1.123956 -0.300000
v 4.335407 1.050148 -0.300000
v 4.311625 0.968563 -0.300000
v 4.294259 0.879685 -0.300000
v 4.283616 0.784002 -0.300000
v 4.280000 0.682000 -0.300000
v 4.283616 0.579998 -0.300000
v 4.294260 0.484315 -0.300000
v 4.311625 0.395438 -0.300000
v 4.335408 0.313852 -0.300000
v 4.365301 0.240044 -0.300000
v 4.401000 0.174500 -0.300000
v 4.442199 0.117706 -0.300000
v 4.488593 0.070148 -0.300000
v 4.539875 0.032312 -0.300000
v 4.595741 0.004685 -0.300000
v 4.655884 -0.012248 -0.300000
v 4.720000 -0.018000 -0.300000
v 4.756730 1.191998 -0.300000
v 4.790851 1.180148 -0.300000
v 4.822249 1.160688 -0.300000
v 4.850814 1.133852 -0.300000
v 4.876434 1.099877 -0.300000
v 4.898999 1.059000 -0.300000
v 4.918397 1.011456 -0.300000
v 4.934518 0.957482 -0.300000
v 4.947249 0.897313 -0.300000
v 4.956481 0.831185 -0.300000
v 4.962101 0.759336 -0.300000
v 4.964000 0.682000 -0.300000
v 4.962102 0.604664 -0.300000
v 4.956482 0.532815 -0.300000
v 4.947250 0.466688 -0.300000
v 4.934519 0.406519 -0.300000
v 4.918398 0.352544 -0.300000
v 4.899000 0.305000 -0.300000
v 4.876435 0.264123 -0.300000
v 4.850815 0.230148 -0.300000
v 4.822250 0.203313 -0.300000
v 4.790852 0.183852 -0.300000
v 4.756731 0.172002 -0.300000
v 4.720000 0.168000 -0.300000
v 4.683270 0.172002 -0.300000
v 4.649149 0.183852 -0.300000
v 4.617751 0.203313 -0.300000
v 4.589186 0.230148 -0.300000
v 4.563565 0.264123 -0.300000
v 4.541000 0.305000 -0.300000
v 4.521602 0.352544 -0.300000
v 4.505482 0.406519 -0.300000
v 4.492750 0.466688 -0.300000
v 4.483519 0.532815 -0.300000
v 4.477898 0.604664 -0.300000
v 4.476000 0.682000 -0.300000
v 4.477897 0.759336 -0.300000
v 4.483518 0.831185 -0.300000
v 4.492749 0.897312 -0.300000
v 4.505481 0.957481 -0.300000
v 4.521601 1.011456 -0.300000
v 4.540999 1.059000 -0.300000
v 4.563564 1.099877 -0.300000
v 4.589185 1.133852 -0.300000
v 4.617750 1.160688 -0.300000
v 4.649148 1.180148 -0.300000
v 4.683269 1.191998 -0.300000
v 4.720000 1.196000 -0.300000
v 5.816000 -0.000000 -0.300000
v 5.816000 1.364000 -0.300000
v 5.620000 1.364000 -0.300000
v 5.620000 -0.000000 -0.300000
v -11.932896 -1.914226 0.300002
v -11.929691 -1.929806 0.300002
v -11.924528 -1.944594 0.300002
v -11.917553 -1.958444 0.300002
v -11.908911 -1.971212 0.300002
v -11.898748 -1.982750 0.300002
v -11.887211 -1.992913 0.300002
v -11.874443 -2.001555 0.300002
v -11.860592 -2.008531 0.300002
v -11.845804 -2.013694 0.300002
v -11.830225 -2.016899 0.300002
v -11.813999 -2.018000 0.300002
v -11.797771 -2.016899 0.300002
v -11.782192 -2.013694 0.300002
v -11.767405 -2.008531 0.300002
v -11.753553 -2.001555 0.300002
v -11.740786 -1.992913 0.300002
v -11.729248 -1.982750 0.300002
v -11.719086 -1.971212 0.300002
v -11.710443 -1.958444 0.300002
v -11.703468 -1.944594 0.300002
v -11.698305 -1.929806 0.300002
v -11.695101 -1.914226 0.300002
v -11.694000 -1.898000 0.300002
v -11.695103 -1.881774 0.300002
v -11.698307 -1.866194 0.300002
v -11.703470 -1.851406 0.300002
v -11.710445 -1.837555 0.300002
v -11.719088 -1.824788 0.300002
v -11.729250 -1.813250 0.300002
v -11.740788 -1.803087 0.300002
v -11.753555 -1.794444 0.300002
v -11.767406 -1.787469 0.300002
v -11.782194 -1.782305 0.300002
v -11.797773 -1.779101 0.300002
v -11.813999 -1.778000 0.300002
v -11.830229 -1.779101 0.300002
v -11.845808 -1.782306 0.300002
v -11.860596 -1.787469 0.300002
v -11.874447 -1.794445 0.300002
v -11.887215 -1.803087 0.300002
v -11.898752 -1.813250 0.300002
v -11.908915 -1.824788 0.300002
v -11.917557 -1.837556 0.300002
v -11.924532 -1.851406 0.300002
v -11.929695 -1.866194 0.300002
v -11.932899 -1.881774 0.300002
v -11.934000 -1.898000 0.300002
v -11.830172 -0.620043 0.300002
v -11.846687 -0.626176 0.300002
v -11.861565 -0.636406 0.300002
v -11.874817 -0.650741 0.300002
v -11.886457 -0.669186 0.300002
v -11.896502 -0.691750 0.300002
v -11.904963 -0.718439 0.300002
v -11.911854 -0.749259 0.300002
v -11.917189 -0.784219 0.300002
v -11.920982 -0.823324 0.300002
v -11.923248 -0.866582 0.300002
v -11.924000 -0.914000 0.300002
v -11.923916 -0.935665 0.300002
v -11.923666 -0.956657 0.300002
v -11.923250 -0.976969 0.300002
v -11.922667 -0.996592 0.300002
v -11.921917 -1.015522 0.300002
v -11.921000 -1.033750 0.300002
v -11.919916 -1.051270 0.300002
v -11.918667 -1.068074 0.300002
v -11.917250 -1.084156 0.300002
v -11.915667 -1.099509 0.300002
v -11.913918 -1.114126 0.300002
v -11.912001 -1.128000 0.300002
v -11.862000 -1.472000 0.300002
v -11.858994 -1.492965 0.300002
v -11.855936 -1.511889 0.300002
v -11.852781 -1.528813 0.300002
v -11.849482 -1.543778 0.300002
v -11.845987 -1.556826 0.300002
v -11.842251 -1.568000 0.300002
v -11.838223 -1.577340 0.300002
v -11.833853 -1.584889 0.300002
v -11.829094 -1.590688 0.300002
v -11.823898 -1.594778 0.300002
v -11.818216 -1.597201 0.300002
v -11.812000 -1.598000 0.300002
v -11.805784 -1.597201 0.300002
v -11.800102 -1.594778 0.300002
v -11.794907 -1.590688 0.300002
v -11.790148 -1.584889 0.300002
v -11.785778 -1.577340 0.300002
v -11.781750 -1.568000 0.300002
v -11.778013 -1.556826 0.300002
v -11.774519 -1.543778 0.300002
v -11.771219 -1.528813 0.300002
v -11.768064 -1.511889 0.300002
v -11.765007 -1.492965 0.300002
v -11.761999 -1.472000 0.300002
v -11.712000 -1.128000 0.300002
v -11.710083 -1.114126 0.300002
v -11.708334 -1.099509 0.300002
v -11.706751 -1.084156 0.300002
v -11.705334 -1.068074 0.300002
v -11.704084 -1.051270 0.300002
v -11.703001 -1.033750 0.300002
v -11.702084 -1.015522 0.300002
v -11.701334 -0.996593 0.300002
v -11.700750 -0.976969 0.300002
v -11.700335 -0.956657 0.300002
v -11.700085 -0.935665 0.300002
v -11.700001 -0.914000 0.300002
v -11.700754 -0.866582 0.300002
v -11.703020 -0.823324 0.300002
v -11.706814 -0.784219 0.300002
v -11.712149 -0.749259 0.300002
v -11.719040 -0.718439 0.300002
v -11.727501 -0.691750 0.300002
v -11.737545 -0.669186 0.300002
v -11.749186 -0.650741 0.300002
v -11.762438 -0.636406 0.300002
v -11.777315 -0.626176 0.300002
v -11.793831 -0.620043 0.300002
v -11.812000 -0.618000 0.300002
v -11.390896 -1.914226 0.300002
v -11.387691 -1.929806 0.300002
v -11.382528 -1.944594 0.300002
v -11.375553 -1.958444 0.300002
v -11.366911 -1.971212 0.300002
v -11.356749 -1.982750 0.300002
v -11.345211 -1.992913 0.300002
v -11.332443 -2.001555 0.300002
v -11.318592 -2.008531 0.300002
v -11.303804 -2.013694 0.300002
v -11.288225 -2.016899 0.300002
v -11.271999 -2.018000 0.300002
v -11.255772 -2.016899 0.300002
v -11.240192 -2.013694 0.300002
v -11.225405 -2.008531 0.300002
v -11.211554 -2.001555 0.300002
v -11.198786 -1.992913 0.300002
v -11.187248 -1.982750 0.300002
v -11.177086 -1.971212 0.300002
v -11.168444 -1.958444 0.300002
v -11.161469 -1.944594 0.300002
v -11.156305 -1.929806 0.300002
v -11.153101 -1.914226 0.300002
v -11.152000 -1.898000 0.300002
v -11.153103 -1.881774 0.300002
v -11.156307 -1.866194 0.300002
v -11.161470 -1.851406 0.300002
v -11.168446 -1.837555 0.300002
v -11.177088 -1.824788 0.300002
v -11.187250 -1.813250 0.300002
v -11.198788 -1.803087 0.300002
v -11.211555 -1.794444 0.300002
v -11.225407 -1.787469 0.300002
v -11.240194 -1.782305 0.300002
v -11.255774 -1.779101 0.300002
v -11.271999 -1.778000 0.300002
v -11.288229 -1.779101 0.300002
v -11.303808 -1.782306 0.300002
v -11.318596 -1.787469 0.300002
v -11.332447 -1.794445 0.300002
v -11.345215 -1.803087 0.300002
v -11.356752 -1.813250 0.300002
v -11.366915 -1.824788 0.300002
v -11.375557 -1.837556 0.300002
v -11.382532 -1.851406 0.300002
v -11.387695 -1.866194 0.300002
v -11.390900 -1.881774 0.300002
v -11.392000 -1.898000 0.300002
v -11.288172 -0.620043 0.300002
v -11.304688 -0.626176 0.300002
v -11.319565 -0.636406 0.300002
v -11.332817 -0.650741 0.300002
v -11.344458 -0.669186 0.300002
v -11.354502 -0.691750 0.300002
v -11.362963 -0.718439 0.300002
v -11.369854 -0.749259 0.300002
v -11.375189 -0.784219 0.300002
v -11.378983 -0.823324 0.300002
v -11.381248 -0.866582 0.300002
v -11.382000 -0.914000 0.300002
v -11.381916 -0.935665 0.300002
v -11.381666 -0.956657 0.300002
v -11.381250 -0.976969 0.300002
v -11.380667 -0.996592 0.300002
v -11.379917 -1.015522 0.300002
v -11.379000 -1.033750 0.300002
v -11.377916 -1.051270 0.300002
v -11.376667 -1.068074 0.300002
v -11.375250 -1.084156 0.300002
v -11.373667 -1.099509 0.300002
v -11.371918 -1.114126 0.300002
v -11.370001 -1.128000 0.300002
v -11.320000 -1.472000 0.300002
v -11.316994 -1.492965 0.300002
v -11.313936 -1.511889 0.300002
v -11.310781 -1.528813 0.300002
v -11.307482 -1.543778 0.300002
v -11.303988 -1.556826 0.300002
v -11.300251 -1.568000 0.300002
v -11.296223 -1.577340 0.300002
v -11.291853 -1.584889 0.300002
v -11.287094 -1.590688 0.300002
v -11.281898 -1.594778 0.300002
v -11.276217 -1.597201 0.300002
v -11.270000 -1.598000 0.300002
v -11.263784 -1.597201 0.300002
v -11.258102 -1.594778 0.300002
v -11.252907 -1.590688 0.300002
v -11.248148 -1.584889 0.300002
v -11.243778 -1.577340 0.300002
v -11.239750 -1.568000 0.300002
v -11.236013 -1.556826 0.300002
v -11.232519 -1.543778 0.300002
v -11.229219 -1.528813 0.300002
v -11.226065 -1.511889 0.300002
v -11.223007 -1.492965 0.300002
v -11.219999 -1.472000 0.300002
v -11.170000 -1.128000 0.300002
v -11.168083 -1.114126 0.300002
v -11.166334 -1.099509 0.300002
v -11.164751 -1.084156 0.300002
v -11.163334 -1.068074 0.300002
v -11.162085 -1.051270 0.300002
v -11.161001 -1.033750 0.300002
v -11.160084 -1.015522 0.300002
v -11.159334 -0.996593 0.300002
v -11.158751 -0.976969 0.300002
v -11.158335 -0.956657 0.300002
v -11.158085 -0.935665 0.300002
v -11.158001 -0.914000 0.300002
v -11.158754 -0.866582 0.300002
v -11.161020 -0.823324 0.300002
v -11.164814 -0.784219 0.300002
v -11.170149 -0.749259 0.300002
v -11.177040 -0.718439 0.300002
v -11.185501 -0.691750 0.300002
v -11.195545 -0.669186 0.300002
v -11.207186 -0.650741 0.300002
v -11.220438 -0.636406 0.300002
v -11.235315 -0.626176 0.300002
v -11.251831 -0.620043 0.300002
v -11.270000 -0.618000 0.300002
v -9.637400 -0.545799 0.300002
v -9.683020 -0.545222 0.300002
v -9.738501 -0.544312 0.300002
v -9.801481 -0.543111 0.300002
v -9.869602 -0.541660 0.300002
v -9.940500 -0.540000 0.300002
v -10.011816 -0.538173 0.300002
v -10.081186 -0.536222 0.300002
v -10.146252 -0.534187 0.300002
v -10.204649 -0.532111 0.300002
v -10.254019 -0.530035 0.300002
v -10.292000 -0.528000 0.300002
v -10.300774 -0.526958 0.300002
v -10.310019 -0.525833 0.300002
v -10.319626 -0.524625 0.300002
v -10.329483 -0.523333 0.300002
v -10.339478 -0.521958 0.300002
v -10.349501 -0.520500 0.300002
v -10.359440 -0.518958 0.300002
v -10.369184 -0.517333 0.300002
v -10.378624 -0.515625 0.300002
v -10.387648 -0.513833 0.300002
v -10.396143 -0.511958 0.300002
v -10.403999 -0.510000 0.300002
v -10.500000 -0.626000 0.300002
v -10.493191 -0.629777 0.300002
v -10.485846 -0.634046 0.300002
v -10.478096 -0.638719 0.300002
v -10.470076 -0.643704 0.300002
v -10.461918 -0.648911 0.300002
v -10.453753 -0.654250 0.300002
v -10.445711 -0.659631 0.300002
v -10.437927 -0.664963 0.300002
v -10.430532 -0.670156 0.300002
v -10.423658 -0.675120 0.300002
v -10.417437 -0.679765 0.300002
v -10.412001 -0.684000 0.300002
v -10.373177 -0.716424 0.300002
v -10.331099 -0.751389 0.300002
v -10.286341 -0.788437 0.300002
v -10.239479 -0.827111 0.300002
v -10.191090 -0.866951 0.300002
v -10.141748 -0.907500 0.300002
v -10.092031 -0.948299 0.300002
v -10.042517 -0.988889 0.300002
v -9.993780 -1.028813 0.300002
v -9.946398 -1.067611 0.300002
v -9.900946 -1.104826 0.300002
v -9.858000 -1.140000 0.300002
v -9.884787 -1.130535 0.300002
v -9.911129 -1.122111 0.300002
v -9.937000 -1.114688 0.300002
v -9.962370 -1.108222 0.300002
v -9.987213 -1.102674 0.300002
v -10.011499 -1.098000 0.300002
v -10.035204 -1.094160 0.300002
v -10.058296 -1.091111 0.300002
v -10.080750 -1.088812 0.300002
v -10.102537 -1.087222 0.300002
v -10.123631 -1.086299 0.300002
v -10.144001 -1.086000 0.300002
v -10.224762 -1.089817 0.300002
v -10.300760 -1.101037 0.300002
v -10.371563 -1.119313 0.300002
v -10.436741 -1.144296 0.300002
v -10.495863 -1.175641 0.300002
v -10.548500 -1.213000 0.300002
v -10.594219 -1.256026 0.300002
v -10.632591 -1.304370 0.300002
v -10.663187 -1.357687 0.300002
v -10.685574 -1.415630 0.300002
v -10.699322 -1.477849 0.300002
v -10.704000 -1.544000 0.300002
v -10.696180 -1.635824 0.300002
v -10.672935 -1.720093 0.300002
v -10.634594 -1.796500 0.300002
v -10.581482 -1.864741 0.300002
v -10.513926 -1.924509 0.300002
v -10.432251 -1.975500 0.300002
v -10.336784 -2.017407 0.300002
v -10.227852 -2.049926 0.300002
v -10.105782 -2.072750 0.300002
v -9.970898 -2.085574 0.300002
v -9.823528 -2.088093 0.300002
v -9.664000 -2.080000 0.300002
v -9.620001 -1.918000 0.300002
v -9.754404 -1.930539 0.300002
v -9.880215 -1.934314 0.300002
v -9.996845 -1.929562 0.300002
v -10.103704 -1.916518 0.300002
v -10.200203 -1.895419 0.300002
v -10.285749 -1.866500 0.300002
v -10.359755 -1.829998 0.300002
v -10.421629 -1.786148 0.300002
v -10.470781 -1.735188 0.300002
v -10.506620 -1.677352 0.300002
v -10.528557 -1.612877 0.300002
v -10.535999 -1.542000 0.300002
v -10.532627 -1.495291 0.300002
v -10.522669 -1.451333 0.300002
v -10.506376 -1.410375 0.300002
v -10.484001 -1.372666 0.300002
v -10.455793 -1.338458 0.300002
v -10.422001 -1.308000 0.300002
v -10.382875 -1.281541 0.300002
v -10.338667 -1.259333 0.300002
v -10.289625 -1.241625 0.300002
v -10.236000 -1.228667 0.300002
v -10.178041 -1.220708 0.300002
v -10.115999 -1.218000 0.300002
v -10.032784 -1.221602 0.300002
v -9.955593 -1.232148 0.300002
v -9.883625 -1.249250 0.300002
v -9.816074 -1.272519 0.300002
v -9.752134 -1.301565 0.300002
v -9.691000 -1.336000 0.300002
v -9.631866 -1.375435 0.300002
v -9.573927 -1.419481 0.300002
v -9.516376 -1.467750 0.300002
v -9.458408 -1.519852 0.300002
v -9.399218 -1.575398 0.300002
v -9.337999 -1.634000 0.300002
v -9.216000 -1.510000 0.300002
v -9.293573 -1.448821 0.300002
v -9.378918 -1.380398 0.300002
v -9.469969 -1.306406 0.300002
v -9.564667 -1.228518 0.300002
v -9.660948 -1.148409 0.300002
v -9.756750 -1.067750 0.300002
v -9.850010 -0.988216 0.300002
v -9.938665 -0.911481 0.300002
v -10.020655 -0.839219 0.300002
v -10.093916 -0.773102 0.300002
v -10.156385 -0.714804 0.300002
v -10.205999 -0.666000 0.300002
v -10.170549 -0.667697 0.300002
v -10.126431 -0.669741 0.300002
v -10.075464 -0.672062 0.300002
v -10.019478 -0.674592 0.300002
v -9.960297 -0.677261 0.300002
v -9.899748 -0.680000 0.300002
v -9.839657 -0.682738 0.300002
v -9.781851 -0.685407 0.300002
v -9.728155 -0.687937 0.300002
v -9.680397 -0.690259 0.300002
v -9.640404 -0.692303 0.300002
v -9.610001 -0.694000 0.300002
v -9.598768 -0.694581 0.300002
v -9.587124 -0.695315 0.300002
v -9.575159 -0.696187 0.300002
v -9.562965 -0.697185 0.300002
v -9.550632 -0.698294 0.300002
v -9.538252 -0.699500 0.300002
v -9.525913 -0.700789 0.300002
v -9.513706 -0.702148 0.300002
v -9.501720 -0.703562 0.300002
v -9.490047 -0.705018 0.300002
v -9.478777 -0.706502 0.300002
v -9.468000 -0.708000 0.300002
v -9.464001 -0.540000 0.300002
v -9.473284 -0.540958 0.300002
v -9.483118 -0.541833 0.300002
v -9.493465 -0.542625 0.300002
v -9.504293 -0.543333 0.300002
v -9.515566 -0.543958 0.300002
v -9.527248 -0.544500 0.300002
v -9.539305 -0.544958 0.300002
v -9.551702 -0.545333 0.300002
v -9.564405 -0.545625 0.300002
v -9.577379 -0.545833 0.300002
v -9.590590 -0.545958 0.300002
v -9.604000 -0.546000 0.300002
v -7.659426 -0.705382 0.300002
v -7.656748 -0.775556 0.300002
v -7.654030 -0.853063 0.300002
v -7.651333 -0.936445 0.300002
v -7.648718 -1.024243 0.300002
v -7.646250 -1.115000 0.300002
v -7.643990 -1.207257 0.300002
v -7.642000 -1.299556 0.300002
v -7.640345 -1.390437 0.300002
v -7.639084 -1.478444 0.300002
v -7.638281 -1.562118 0.300002
v -7.638000 -1.640000 0.300002
v -7.640829 -1.692079 0.300002
v -7.649105 -1.738463 0.300002
v -7.662535 -1.779375 0.300002
v -7.680819 -1.815037 0.300002
v -7.703657 -1.845671 0.300002
v -7.730753 -1.871500 0.300002
v -7.761806 -1.892745 0.300002
v -7.796520 -1.909630 0.300002
v -7.834595 -1.922375 0.300002
v -7.875732 -1.931204 0.300002
v -7.919634 -1.936338 0.300002
v -7.966000 -1.938000 0.300002
v -8.054226 -1.933826 0.300002
v -8.136124 -1.921778 0.300002
v -8.212034 -1.902562 0.300002
v -8.282299 -1.876889 0.300002
v -8.347258 -1.845465 0.300002
v -8.407251 -1.809000 0.300002
v -8.462620 -1.768201 0.300002
v -8.513704 -1.723778 0.300002
v -8.560844 -1.676437 0.300002
v -8.604380 -1.626889 0.300002
v -8.644651 -1.575840 0.300002
v -8.681999 -1.524000 0.300002
v -8.796000 -1.660000 0.300002
v -8.758966 -1.708610 0.300002
v -8.716715 -1.758713 0.300002
v -8.669033 -1.809219 0.300002
v -8.615705 -1.859037 0.300002
v -8.556517 -1.907078 0.300002
v -8.491251 -1.952250 0.300002
v -8.419695 -1.993464 0.300002
v -8.341631 -2.029630 0.300002
v -8.256845 -2.059656 0.300002
v -8.165121 -2.082454 0.300002
v -8.066244 -2.096932 0.300002
v -7.959999 -2.102000 0.300002
v -7.889936 -2.099450 0.300002
v -7.823999 -2.091602 0.300002
v -7.762562 -2.078156 0.300002
v -7.705999 -2.058815 0.300002
v -7.654688 -2.033279 0.300002
v -7.609001 -2.001250 0.300002
v -7.569313 -1.962429 0.300002
v -7.536001 -1.916519 0.300002
v -7.509439 -1.863219 0.300002
v -7.490002 -1.802232 0.300002
v -7.478064 -1.733258 0.300002
v -7.474001 -1.656000 0.300002
v -7.474396 -1.577918 0.300002
v -7.475483 -1.492843 0.300002
v -7.477127 -1.402531 0.300002
v -7.479187 -1.308741 0.300002
v -7.481525 -1.213228 0.300002
v -7.484001 -1.117750 0.300002
v -7.486477 -1.024064 0.300002
v -7.488815 -0.933926 0.300002
v -7.490875 -0.849094 0.300002
v -7.492519 -0.771324 0.300002
v -7.493607 -0.702374 0.300001
v -7.493999 -0.644000 0.300001
v -7.493914 -0.625549 0.300001
v -7.493647 -0.607222 0.300001
v -7.493187 -0.589062 0.300001
v -7.492517 -0.571111 0.300001
v -7.491627 -0.553410 0.300001
v -7.490499 -0.536000 0.300001
v -7.489122 -0.518924 0.300001
v -7.487482 -0.502222 0.300001
v -7.485563 -0.485937 0.300001
v -7.483353 -0.470111 0.300001
v -7.480837 -0.454785 0.300001
v -7.478001 -0.440000 0.300001
v -7.680000 -0.442000 0.300002
v -7.677586 -0.458579 0.300002
v -7.675335 -0.475296 0.300002
v -7.673252 -0.492125 0.300002
v -7.671335 -0.509037 0.300002
v -7.669584 -0.526005 0.300002
v -7.668001 -0.543000 0.300002
v -7.666584 -0.559995 0.300002
v -7.665335 -0.576963 0.300002
v -7.664251 -0.593875 0.300002
v -7.663334 -0.610704 0.300002
v -7.662584 -0.627421 0.300002
v -7.662001 -0.644000 0.300002
v -5.838598 -1.545581 0.300001
v -5.855279 -1.572148 0.300001
v -5.871876 -1.599438 0.300001
v -5.888223 -1.627185 0.300001
v -5.904153 -1.655127 0.300001
v -5.919500 -1.683000 0.300001
v -5.934097 -1.710539 0.300001
v -5.947778 -1.737482 0.300001
v -5.960375 -1.763563 0.300001
v -5.971722 -1.788519 0.300001
v -5.981652 -1.812086 0.300001
v -5.990000 -1.834000 0.300001
v -5.884000 -1.898000 0.300001
v -5.875196 -1.875049 0.300001
v -5.864907 -1.850389 0.300001
v -5.853312 -1.824313 0.300001
v -5.840592 -1.797111 0.300001
v -5.826928 -1.769076 0.300001
v -5.812500 -1.740500 0.300001
v -5.797488 -1.711674 0.300001
v -5.782074 -1.682889 0.300001
v -5.766438 -1.654438 0.300001
v -5.750759 -1.626611 0.300001
v -5.735220 -1.599701 0.300001
v -5.720000 -1.574000 0.300001
v -5.822001 -1.520000 0.300001
v -5.379813 -1.595091 0.300001
v -5.366334 -1.630231 0.300001
v -5.351688 -1.665219 0.300001
v -5.336000 -1.699852 0.300001
v -5.319396 -1.733929 0.300001
v -5.302000 -1.767250 0.300001
v -5.283937 -1.799612 0.300001
v -5.265333 -1.830815 0.300001
v -5.246312 -1.860656 0.300001
v -5.226999 -1.888935 0.300001
v -5.207520 -1.915450 0.300001
v -5.188000 -1.940000 0.300001
v -5.181446 -1.934647 0.300001
v -5.173899 -1.928676 0.300001
v -5.165532 -1.922219 0.300001
v -5.156520 -1.915407 0.300001
v -5.147035 -1.908374 0.300001
v -5.137251 -1.901250 0.300001
v -5.127342 -1.894168 0.300001
v -5.117482 -1.887259 0.300001
v -5.107844 -1.880656 0.300001
v -5.098602 -1.874491 0.300001
v -5.089930 -1.868895 0.300001
v -5.082000 -1.864000 0.300001
v -5.102160 -1.841272 0.300001
v -5.121620 -1.817176 0.300001
v -5.140344 -1.791844 0.300001
v -5.158297 -1.765408 0.300001
v -5.175444 -1.737999 0.300001
v -5.191751 -1.709750 0.300001
v -5.207182 -1.680793 0.300001
v -5.221704 -1.651259 0.300001
v -5.235281 -1.621281 0.300001
v -5.247880 -1.590991 0.300001
v -5.259464 -1.560520 0.300001
v -5.270000 -1.530000 0.300001
v -5.392000 -1.560000 0.300001
v -6.854000 -0.466000 0.300001
v -6.810795 -0.481286 0.300001
v -6.765352 -0.496120 0.300001
v -6.717937 -0.510469 0.300001
v -6.668815 -0.524296 0.300001
v -6.618248 -0.537568 0.300001
v -6.566501 -0.550250 0.300001
v -6.513836 -0.562307 0.300001
v -6.460519 -0.573704 0.300001
v -6.406813 -0.584406 0.300001
v -6.352982 -0.594380 0.300001
v -6.299290 -0.603589 0.300001
v -6.246000 -0.612000 0.300001
v -6.246000 -0.996000 0.300001
v -6.916000 -0.996000 0.300001
v -6.916000 -1.136000 0.300001
v -6.696000 -1.136000 0.300001
v -6.696000 -2.150000 0.300001
v -6.550000 -2.150000 0.300001
v -6.550000 -1.136000 0.300001
v -6.246000 -1.136000 0.300001
v -6.246000 -1.200000 0.300001
v -6.245384 -1.274070 0.300001
v -6.243224 -1.351722 0.300001
v -6.239064 -1.432125 0.300001
v -6.232446 -1.514445 0.300001
v -6.222911 -1.597847 0.300001
v -6.210001 -1.681500 0.300001
v -6.193258 -1.764570 0.300001
v -6.172223 -1.846222 0.300001
v -6.146439 -1.925625 0.300001
v -6.115445 -2.001945 0.300001
v -6.078785 -2.074347 0.300001
v -6.036000 -2.142000 0.300001
v -6.029287 -2.134652 0.300001
v -6.021297 -2.126713 0.300001
v -6.012250 -2.118344 0.300001
v -6.002370 -2.109704 0.300001
v -5.991879 -2.100953 0.300001
v -5.981000 -2.092250 0.300001
v -5.969954 -2.083756 0.300001
v -5.958962 -2.075630 0.300001
v -5.948250 -2.068031 0.300001
v -5.938037 -2.061121 0.300001
v -5.928546 -2.055057 0.300001
v -5.920000 -2.050000 0.300001
v -5.959371 -1.987938 0.300001
v -5.992805 -1.922176 0.300001
v -6.020781 -1.853343 0.300001
v -6.043777 -1.782074 0.300001
v -6.062274 -1.708999 0.300001
v -6.076750 -1.634750 0.300001
v -6.087684 -1.559959 0.300001
v -6.095555 -1.485259 0.300001
v -6.100843 -1.411281 0.300001
v -6.104028 -1.338657 0.300001
v -6.105587 -1.268020 0.300001
v -6.106000 -1.200000 0.300001
v -6.106000 -0.512000 0.300001
v -6.162622 -0.502514 0.300001
v -6.220148 -0.492111 0.300001
v -6.278063 -0.480875 0.300001
v -6.335853 -0.468889 0.300001
v -6.393003 -0.456236 0.300001
v -6.449001 -0.443000 0.300001
v -6.503332 -0.429264 0.300001
v -6.555483 -0.415111 0.300001
v -6.604939 -0.400625 0.300001
v -6.651186 -0.385889 0.300001
v -6.693711 -0.370986 0.300001
v -6.732000 -0.356000 0.300001
v -5.573612 -0.328893 0.300001
v -5.583390 -0.346481 0.300001
v -5.593251 -0.364625 0.300001
v -5.603112 -0.383185 0.300001
v -5.612890 -0.402023 0.300001
v -5.622501 -0.421000 0.300001
v -5.631863 -0.439977 0.300001
v -5.640890 -0.458815 0.300001
v -5.649501 -0.477375 0.300001
v -5.657612 -0.495519 0.300001
v -5.665139 -0.513106 0.300001
v -5.672000 -0.530000 0.300001
v -6.006001 -0.530000 0.300001
v -6.006001 -0.656000 0.300001
v -5.122000 -0.656000 0.300001
v -5.122000 -0.530000 0.300001
v -5.516000 -0.530000 0.300001
v -5.509838 -0.514845 0.300001
v -5.503370 -0.499426 0.300001
v -5.496625 -0.483812 0.300001
v -5.489630 -0.468074 0.300001
v -5.482412 -0.452280 0.300001
v -5.475000 -0.436500 0.300001
v -5.467422 -0.420803 0.300001
v -5.459704 -0.405259 0.300001
v -5.451876 -0.389937 0.300001
v -5.443964 -0.374907 0.300001
v -5.435996 -0.360238 0.300001
v -5.428000 -0.346000 0.300001
v -5.564000 -0.312000 0.300001
v -5.884958 -0.720689 0.300001
v -5.875841 -0.745676 0.300001
v -5.866654 -0.770844 0.300001
v -5.857406 -0.796074 0.300001
v -5.848102 -0.821249 0.300001
v -5.838749 -0.846250 0.300001
v -5.829354 -0.870959 0.300001
v -5.819925 -0.895259 0.300001
v -5.810468 -0.919031 0.300001
v -5.800990 -0.942157 0.300001
v -5.791498 -0.964520 0.300001
v -5.782000 -0.986000 0.300001
v -6.038000 -0.986000 0.300001
v -6.038000 -1.114000 0.300001
v -5.640000 -1.114000 0.300001
v -5.640000 -1.322000 0.300001
v -6.014000 -1.322000 0.300001
v -6.014000 -1.454000 0.300001
v -5.640000 -1.454000 0.300001
v -5.640000 -1.966000 0.300001
v -5.639698 -1.982803 0.300001
v -5.638750 -1.998259 0.300001
v -5.637094 -2.012437 0.300001
v -5.634666 -2.025407 0.300001
v -5.631406 -2.037238 0.300001
v -5.627250 -2.048000 0.300001
v -5.622135 -2.057761 0.300001
v -5.616000 -2.066592 0.300001
v -5.608782 -2.074562 0.300001
v -5.600417 -2.081741 0.300001
v -5.590844 -2.088197 0.300001
v -5.580000 -2.094000 0.300001
v -5.568037 -2.099094 0.300001
v -5.555130 -2.103417 0.300001
v -5.541250 -2.107031 0.300001
v -5.526371 -2.110000 0.300001
v -5.510464 -2.112386 0.300001
v -5.493501 -2.114250 0.300001
v -5.475454 -2.115656 0.300001
v -5.456297 -2.116667 0.300001
v -5.436001 -2.117344 0.300001
v -5.414537 -2.117750 0.300001
v -5.391880 -2.117948 0.300001
v -5.368000 -2.118000 0.300001
v -5.366676 -2.108606 0.300001
v -5.364741 -2.098518 0.300001
v -5.362250 -2.087875 0.300001
v -5.359260 -2.076815 0.300001
v -5.355824 -2.065477 0.300001
v -5.352000 -2.054000 0.300001
v -5.347843 -2.042523 0.300001
v -5.343408 -2.031185 0.300001
v -5.338750 -2.020125 0.300001
v -5.333926 -2.009481 0.300001
v -5.328991 -1.999394 0.300001
v -5.324000 -1.990000 0.300001
v -5.341315 -1.990458 0.300001
v -5.358186 -1.990833 0.300001
v -5.374500 -1.991125 0.300001
v -5.390148 -1.991333 0.300001
v -5.405019 -1.991459 0.300001
v -5.419001 -1.991500 0.300001
v -5.431982 -1.991459 0.300001
v -5.443852 -1.991333 0.300001
v -5.454500 -1.991125 0.300001
v -5.463815 -1.990833 0.300001
v -5.471685 -1.990458 0.300001
v -5.478000 -1.990000 0.300001
v -5.482673 -1.989870 0.300001
v -5.486721 -1.989463 0.300001
v -5.490187 -1.988750 0.300001
v -5.493111 -1.987704 0.300001
v -5.495534 -1.986296 0.300001
v -5.497499 -1.984500 0.300001
v -5.499048 -1.982287 0.300001
v -5.500222 -1.979630 0.300001
v -5.501062 -1.976500 0.300001
v -5.501611 -1.972870 0.300001
v -5.501909 -1.968713 0.300001
v -5.502000 -1.964000 0.300001
v -5.502000 -1.454000 0.300001
v -5.100000 -1.454000 0.300001
v -5.100000 -1.322000 0.300001
v -5.502000 -1.322000 0.300001
v -5.502000 -1.114000 0.300001
v -5.092000 -1.114000 0.300001
v -5.092000 -0.986000 0.300001
v -5.646000 -0.986000 0.300001
v -5.655650 -0.962134 0.300001
v -5.665528 -0.936741 0.300001
v -5.675531 -0.910125 0.300001
v -5.685555 -0.882592 0.300001
v -5.695497 -0.854449 0.300001
v -5.705250 -0.826000 0.300001
v -5.714711 -0.797551 0.300001
v -5.723777 -0.769407 0.300001
v -5.732343 -0.741875 0.300001
v -5.740305 -0.715259 0.300001
v -5.747559 -0.689866 0.300001
v -5.754000 -0.666000 0.300001
v -5.894000 -0.696000 0.300001
v -5.384324 -0.692124 0.300001
v -5.394259 -0.715324 0.300001
v -5.403750 -0.739344 0.300001
v -5.412742 -0.763926 0.300001
v -5.421177 -0.788814 0.300001
v -5.429001 -0.813750 0.300001
v -5.436158 -0.838478 0.300001
v -5.442594 -0.862741 0.300001
v -5.448251 -0.886281 0.300001
v -5.453074 -0.908843 0.300001
v -5.457009 -0.930168 0.300001
v -5.460000 -0.950000 0.300001
v -5.330000 -0.986000 0.300001
v -5.327548 -0.965667 0.300001
v -5.324222 -0.943833 0.300001
v -5.320062 -0.920750 0.300001
v -5.315110 -0.896667 0.300001
v -5.309409 -0.871833 0.300001
v -5.302999 -0.846500 0.300001
v -5.295923 -0.820917 0.300001
v -5.288221 -0.795333 0.300001
v -5.279937 -0.770000 0.300001
v -5.271111 -0.745167 0.300001
v -5.261785 -0.721083 0.300001
v -5.252000 -0.698000 0.300001
v -5.374000 -0.670000 0.300001
v -3.770056 -1.751794 0.300001
v -3.790278 -1.731185 0.300001
v -3.808750 -1.710187 0.300001
v -3.825556 -1.688815 0.300001
v -3.840778 -1.667081 0.300001
v -3.854501 -1.645000 0.300001
v -3.866806 -1.622586 0.300001
v -3.877778 -1.599852 0.300001
v -3.887500 -1.576813 0.300001
v -3.896055 -1.553481 0.300001
v -3.903527 -1.529873 0.300001
v -3.910000 -1.506000 0.300001
v -3.312000 -1.506000 0.300001
v -3.312000 -0.732000 0.300001
v -3.934000 -0.732000 0.300001
v -3.934000 -0.562000 0.300001
v -3.130000 -0.562000 0.300001
v -3.130000 -0.426000 0.300001
v -4.870000 -0.426000 0.300001
v -4.870000 -0.562000 0.300001
v -4.090000 -0.562000 0.300001
v -4.090000 -0.732000 0.300001
v -4.746000 -0.732000 0.300001
v -4.746000 -1.506000 0.300001
v -4.068000 -1.506000 0.300001
v -4.061363 -1.536830 0.300001
v -4.053407 -1.567306 0.300001
v -4.044062 -1.597406 0.300001
v -4.033258 -1.627111 0.300001
v -4.020927 -1.656399 0.300001
v -4.006999 -1.685250 0.300001
v -3.991405 -1.713642 0.300001
v -3.974073 -1.741555 0.300001
v -3.954937 -1.768969 0.300001
v -3.933926 -1.795861 0.300001
v -3.910970 -1.822212 0.300001
v -3.886000 -1.848000 0.300001
v -3.952340 -1.875247 0.300001
v -4.022397 -1.899148 0.300001
v -4.096218 -1.919937 0.300001
v -4.173851 -1.937852 0.300001
v -4.255345 -1.953127 0.300001
v -4.340750 -1.966000 0.300001
v -4.430112 -1.976706 0.300001
v -4.523481 -1.985481 0.300001
v -4.620906 -1.992562 0.300001
v -4.722435 -1.998185 0.300001
v -4.828116 -2.002586 0.300001
v -4.938000 -2.006000 0.300001
v -4.931012 -2.015100 0.300001
v -4.924093 -2.025296 0.300001
v -4.917314 -2.036438 0.300001
v -4.910742 -2.048370 0.300001
v -4.904448 -2.060942 0.300001
v -4.898500 -2.074000 0.300001
v -4.892970 -2.087391 0.300001
v -4.887926 -2.100963 0.300001
v -4.883438 -2.114563 0.300001
v -4.879575 -2.128037 0.300001
v -4.876406 -2.141234 0.300001
v -4.874001 -2.154000 0.300001
v -4.759540 -2.148875 0.300001
v -4.649140 -2.142333 0.300001
v -4.542783 -2.134125 0.300001
v -4.440446 -2.124000 0.300001
v -4.342109 -2.111708 0.300001
v -4.247751 -2.097000 0.300001
v -4.157351 -2.079625 0.300001
v -4.070889 -2.059333 0.300001
v -3.988344 -2.035875 0.300001
v -3.909695 -2.009000 0.300001
v -3.834920 -1.978458 0.300001
v -3.764000 -1.944000 0.300001
v -3.729404 -1.965706 0.300001
v -3.692565 -1.986815 0.300001
v -3.653406 -2.007313 0.300001
v -3.611852 -2.027185 0.300001
v -3.567825 -2.046419 0.300001
v -3.521250 -2.065000 0.300001
v -3.472050 -2.082914 0.300001
v -3.420148 -2.100148 0.300001
v -3.365468 -2.116688 0.300001
v -3.307935 -2.132519 0.300001
v -3.247471 -2.147627 0.300001
v -3.184000 -2.162000 0.300001
v -3.179059 -2.152910 0.300001
v -3.173306 -2.142778 0.300001
v -3.166843 -2.131813 0.300001
v -3.159778 -2.120222 0.300001
v -3.152212 -2.108215 0.300001
v -3.144250 -2.096000 0.300001
v -3.135997 -2.083785 0.300001
v -3.127556 -2.071778 0.300001
v -3.119032 -2.060187 0.300001
v -3.110528 -2.049222 0.300001
v -3.102149 -2.039090 0.300001
v -3.094000 -2.030000 0.300001
v -3.152135 -2.018709 0.300001
v -3.207575 -2.006843 0.300001
v -3.260376 -1.994406 0.300001
v -3.310594 -1.981407 0.300001
v -3.358283 -1.967853 0.300001
v -3.403501 -1.953750 0.300001
v -3.446301 -1.939105 0.300001
v -3.486741 -1.923926 0.300001
v -3.524876 -1.908219 0.300001
v -3.560760 -1.891991 0.300001
v -3.594449 -1.875249 0.300001
v -3.626000 -1.858000 0.300001
v -3.601792 -1.839122 0.300001
v -3.578176 -1.819472 0.300001
v -3.555156 -1.799031 0.300001
v -3.532741 -1.777778 0.300001
v -3.510936 -1.755691 0.300001
v -3.489750 -1.732750 0.300001
v -3.469189 -1.708934 0.300001
v -3.449260 -1.684222 0.300001
v -3.429969 -1.658594 0.300001
v -3.411325 -1.632028 0.300001
v -3.393332 -1.604503 0.300001
v -3.376000 -1.576000 0.300001
v -3.504000 -1.524000 0.300001
v -3.520832 -1.549504 0.300001
v -3.538324 -1.574037 0.300001
v -3.556469 -1.597625 0.300001
v -3.575259 -1.620296 0.300001
v -3.594688 -1.642079 0.300001
v -3.614750 -1.663000 0.300001
v -3.635436 -1.683088 0.300001
v -3.656740 -1.702370 0.300001
v -3.678656 -1.720875 0.300001
v -3.701176 -1.738630 0.300001
v -3.724293 -1.755662 0.300001
v -3.748000 -1.772000 0.300001
v -3.930000 -1.382000 0.300001
v -3.930920 -1.371960 0.300001
v -3.931685 -1.361843 0.300001
v -3.932313 -1.351656 0.300001
v -3.932816 -1.341407 0.300001
v -3.933207 -1.331103 0.300001
v -3.933500 -1.320750 0.300001
v -3.933711 -1.310355 0.300001
v -3.933852 -1.299926 0.300001
v -3.933938 -1.289469 0.300001
v -3.933982 -1.278991 0.300001
v -3.933998 -1.268499 0.300001
v -3.934000 -1.258000 0.300001
v -3.934000 -1.178000 0.300001
v -3.456000 -1.178000 0.300001
v -3.456000 -1.382000 0.300001
v -4.596000 -1.178000 0.300001
v -4.090000 -1.178000 0.300001
v -4.090000 -1.260000 0.300001
v -4.089959 -1.270460 0.300001
v -4.089842 -1.280843 0.300001
v -4.089656 -1.291156 0.300001
v -4.089407 -1.301407 0.300001
v -4.089103 -1.311603 0.300001
v -4.088750 -1.321750 0.300001
v -4.088355 -1.331855 0.300001
v -4.087926 -1.341926 0.300001
v -4.087469 -1.351969 0.300001
v -4.086991 -1.361991 0.300001
v -4.086499 -1.371999 0.300001
v -4.086000 -1.382000 0.300001
v -4.596000 -1.382000 0.300001
v -3.934000 -1.058000 0.300001
v -3.934000 -0.858000 0.300001
v -3.456000 -0.858000 0.300001
v -3.456000 -1.058000 0.300001
v -4.596000 -1.058000 0.300001
v -4.596000 -0.858000 0.300001
v -4.090000 -0.858000 0.300001
v -4.090000 -1.058000 0.300001
v -2.557386 -1.192832 0.300001
v -2.527593 -1.204324 0.300001
v -2.496688 -1.216469 0.300001
v -2.464741 -1.229259 0.300001
v -2.431822 -1.242689 0.300001
v -2.398000 -1.256750 0.300001
v -2.363344 -1.271436 0.300001
v -2.327926 -1.286741 0.300001
v -2.291812 -1.302656 0.300001
v -2.255074 -1.319176 0.300001
v -2.217780 -1.336293 0.300001
v -2.180000 -1.354000 0.300001
v -2.186000 -1.738000 0.300001
v -2.032000 -1.738000 0.300001
v -2.032958 -1.717462 0.300001
v -2.033834 -1.695028 0.300001
v -2.034625 -1.670969 0.300001
v -2.035334 -1.645555 0.300001
v -2.035958 -1.619059 0.300001
v -2.036500 -1.591750 0.300001
v -2.036959 -1.563899 0.300001
v -2.037333 -1.535778 0.300001
v -2.037625 -1.507656 0.300001
v -2.037833 -1.479806 0.300001
v -2.037958 -1.452497 0.300001
v -2.038000 -1.426000 0.300001
v -1.992710 -1.450677 0.300001
v -1.950010 -1.475750 0.300001
v -1.910157 -1.501281 0.300001
v -1.873408 -1.527333 0.300001
v -1.840020 -1.553969 0.300001
v -1.810250 -1.581250 0.300001
v -1.784355 -1.609240 0.300001
v -1.762592 -1.638000 0.300001
v -1.745218 -1.667594 0.300001
v -1.732491 -1.698083 0.300001
v -1.724666 -1.729531 0.300001
v -1.722000 -1.762000 0.300001
v -1.725190 -1.798312 0.300001
v -1.734510 -1.829500 0.300001
v -1.749595 -1.855937 0.300001
v -1.770075 -1.878000 0.300001
v -1.795583 -1.896062 0.300001
v -1.825750 -1.910500 0.300001
v -1.860209 -1.921687 0.300001
v -1.898593 -1.930000 0.300001
v -1.940532 -1.935812 0.300001
v -1.985658 -1.939500 0.300001
v -2.033603 -1.941437 0.300001
v -2.084000 -1.942000 0.300001
v -2.124152 -1.941628 0.300001
v -2.166389 -1.940528 0.300001
v -2.210375 -1.938719 0.300001
v -2.255777 -1.936222 0.300001
v -2.302263 -1.933059 0.300001
v -2.349500 -1.929250 0.300001
v -2.397153 -1.924816 0.300001
v -2.444889 -1.919778 0.300001
v -2.492375 -1.914156 0.300001
v -2.539278 -1.907972 0.300001
v -2.585264 -1.901247 0.300001
v -2.630000 -1.894000 0.300001
v -2.626000 -2.054000 0.300001
v -2.586610 -2.058910 0.300001
v -2.544713 -2.063611 0.300001
v -2.500719 -2.068063 0.300001
v -2.455037 -2.072222 0.300001
v -2.408077 -2.076049 0.300001
v -2.360250 -2.079500 0.300001
v -2.311964 -2.082535 0.300001
v -2.263630 -2.085111 0.300001
v -2.215656 -2.087188 0.300001
v -2.168454 -2.088722 0.300001
v -2.122432 -2.089674 0.300001
v -2.078000 -2.090000 0.300001
v -2.007766 -2.088638 0.300001
v -1.940471 -2.084277 0.300001
v -1.876718 -2.076499 0.300001
v -1.817110 -2.064888 0.300001
v -1.762253 -2.049027 0.300001
v -1.712749 -2.028500 0.300001
v -1.669205 -2.002889 0.300001
v -1.632222 -1.971778 0.300001
v -1.602407 -1.934750 0.300001
v -1.580361 -1.891389 0.300001
v -1.566691 -1.841278 0.300001
v -1.562000 -1.784000 0.300001
v -1.566818 -1.726798 0.300001
v -1.580713 -1.673046 0.300001
v -1.602844 -1.622531 0.300001
v -1.632371 -1.575037 0.300001
v -1.668453 -1.530348 0.300001
v -1.710251 -1.488250 0.300001
v -1.756924 -1.448527 0.300001
v -1.807631 -1.410963 0.300001
v -1.861532 -1.375344 0.300001
v -1.917788 -1.341454 0.300001
v -1.975557 -1.309078 0.300001
v -2.034000 -1.278000 0.300001
v -2.027936 -1.257494 0.300001
v -2.019824 -1.238954 0.300001
v -2.009781 -1.222344 0.300001
v -1.997926 -1.207630 0.300001
v -1.984376 -1.194777 0.300001
v -1.969250 -1.183750 0.300001
v -1.952665 -1.174515 0.300001
v -1.934741 -1.167037 0.300001
v -1.915594 -1.161281 0.300001
v -1.895343 -1.157213 0.300001
v -1.874105 -1.154798 0.300001
v -1.852000 -1.154000 0.300001
v -1.820480 -1.155268 0.300001
v -1.789018 -1.158981 0.300001
v -1.757750 -1.165000 0.300001
v -1.726814 -1.173185 0.300001
v -1.696351 -1.183398 0.300001
v -1.666499 -1.195500 0.300001
v -1.637398 -1.209352 0.300001
v -1.609185 -1.224815 0.300001
v -1.582000 -1.241750 0.300001
v -1.555982 -1.260018 0.300001
v -1.531269 -1.279481 0.300001
v -1.508000 -1.300000 0.300001
v -1.493533 -1.313909 0.300001
v -1.479101 -1.328602 0.300001
v -1.464656 -1.344031 0.300001
v -1.450148 -1.360148 0.300001
v -1.435529 -1.376904 0.300001
v -1.420750 -1.394250 0.300001
v -1.405763 -1.412138 0.300001
v -1.390518 -1.430518 0.300001
v -1.374969 -1.449344 0.300001
v -1.359065 -1.468565 0.300001
v -1.342758 -1.488133 0.300001
v -1.326000 -1.508000 0.300001
v -1.190000 -1.408000 0.300001
v -1.250577 -1.347795 0.300001
v -1.306445 -1.289194 0.300001
v -1.357813 -1.232219 0.300001
v -1.404889 -1.176889 0.300001
v -1.447883 -1.123226 0.300001
v -1.487000 -1.071250 0.300001
v -1.522452 -1.020983 0.300001
v -1.554445 -0.972444 0.300001
v -1.583188 -0.925656 0.300001
v -1.608890 -0.880639 0.300001
v -1.631758 -0.837413 0.300001
v -1.652000 -0.796000 0.300001
v -1.564000 -0.796000 0.300001
v -1.541580 -0.795916 0.300001
v -1.517481 -0.795667 0.300001
v -1.491937 -0.795250 0.300001
v -1.465184 -0.794667 0.300001
v -1.437460 -0.793917 0.300001
v -1.408999 -0.793000 0.300001
v -1.380039 -0.791917 0.300001
v -1.350815 -0.790667 0.300001
v -1.321563 -0.789250 0.300001
v -1.292519 -0.787667 0.300001
v -1.263919 -0.785917 0.300001
v -1.236000 -0.784000 0.300001
v -1.236000 -0.634000 0.300001
v -1.263161 -0.637374 0.300001
v -1.291453 -0.640491 0.300001
v -1.320594 -0.643344 0.300001
v -1.350296 -0.645926 0.300001
v -1.380277 -0.648230 0.300001
v -1.410250 -0.650250 0.300001
v -1.439932 -0.651978 0.300001
v -1.469037 -0.653407 0.300001
v -1.497281 -0.654531 0.300001
v -1.524380 -0.655342 0.300001
v -1.550048 -0.655834 0.300001
v -1.574000 -0.656000 0.300001
v -1.706000 -0.654000 0.300001
v -1.712789 -0.632428 0.300001
v -1.719148 -0.610759 0.300001
v -1.725062 -0.589062 0.300001
v -1.730518 -0.567407 0.300001
v -1.735502 -0.545863 0.300001
v -1.740000 -0.524500 0.300001
v -1.743998 -0.503386 0.300001
v -1.747481 -0.482592 0.300001
v -1.750438 -0.462187 0.300001
v -1.752852 -0.442241 0.300001
v -1.754711 -0.422822 0.300001
v -1.756001 -0.404000 0.300001
v -1.920000 -0.418000 0.300001
v -1.916909 -0.433374 0.300001
v -1.913619 -0.449491 0.300001
v -1.910092 -0.466344 0.300001
v -1.906295 -0.483926 0.300001
v -1.902192 -0.502230 0.300001
v -1.897749 -0.521250 0.300001
v -1.892931 -0.540978 0.300001
v -1.887703 -0.561407 0.300001
v -1.882030 -0.582531 0.300001
v -1.875879 -0.604343 0.300001
v -1.869214 -0.626834 0.300001
v -1.862000 -0.650000 0.300001
v -1.913266 -0.647329 0.300001
v -1.964963 -0.644296 0.300001
v -2.016937 -0.640875 0.300001
v -2.069036 -0.637037 0.300001
v -2.121108 -0.632755 0.300001
v -2.172999 -0.628000 0.300001
v -2.224557 -0.622745 0.300001
v -2.275629 -0.616963 0.300001
v -2.326062 -0.610625 0.300001
v -2.375704 -0.603704 0.300001
v -2.424400 -0.596171 0.300001
v -2.472000 -0.588000 0.300001
v -2.470000 -0.736000 0.300001
v -2.419504 -0.743671 0.300001
v -2.367204 -0.750704 0.300001
v -2.313375 -0.757125 0.300001
v -2.258297 -0.762963 0.300001
v -2.202246 -0.768245 0.300001
v -2.145500 -0.773000 0.300001
v -2.088338 -0.777255 0.300001
v -2.031037 -0.781037 0.300001
v -1.973875 -0.784375 0.300001
v -1.917130 -0.787296 0.300001
v -1.861078 -0.789829 0.300001
v -1.806000 -0.792000 0.300001
v -1.794094 -0.818648 0.300001
v -1.781417 -0.845518 0.300001
v -1.768031 -0.872500 0.300001
v -1.754000 -0.899481 0.300001
v -1.739386 -0.926352 0.300001
v -1.724250 -0.953000 0.300001
v -1.708656 -0.979315 0.300001
v -1.692667 -1.005185 0.300001
v -1.676344 -1.030500 0.300001
v -1.659750 -1.055148 0.300001
v -1.642948 -1.079018 0.300001
v -1.626000 -1.102000 0.300001
v -1.645794 -1.090461 0.300001
v -1.667010 -1.079852 0.300001
v -1.689407 -1.070187 0.300001
v -1.712742 -1.061481 0.300001
v -1.736771 -1.053748 0.300001
v -1.761250 -1.047000 0.300001
v -1.785939 -1.041252 0.300001
v -1.810594 -1.036518 0.300001
v -1.834970 -1.032812 0.300001
v -1.858825 -1.030148 0.300001
v -1.881916 -1.028539 0.300001
v -1.904000 -1.028000 0.300001
v -1.935970 -1.029326 0.300001
v -1.966760 -1.033278 0.300001
v -1.996188 -1.039812 0.300001
v -2.024075 -1.048889 0.300001
v -2.050239 -1.060465 0.300001
v -2.074500 -1.074500 0.300001
v -2.096679 -1.090951 0.300001
v -2.116593 -1.109778 0.300001
v -2.134063 -1.130937 0.300001
v -2.148908 -1.154389 0.300001
v -2.160947 -1.180090 0.300001
v -2.170000 -1.208000 0.300001
v -2.204165 -1.191865 0.300001
v -2.237658 -1.176417 0.300001
v -2.270469 -1.161594 0.300001
v -2.302592 -1.147334 0.300001
v -2.334022 -1.133573 0.300001
v -2.364750 -1.120250 0.300001
v -2.394770 -1.107302 0.300001
v -2.424074 -1.094667 0.300001
v -2.452657 -1.082281 0.300001
v -2.480510 -1.070083 0.300001
v -2.507627 -1.058010 0.300001
v -2.534000 -1.046000 0.300001
v -2.548761 -1.039577 0.300001
v -2.563092 -1.033278 0.300001
v -2.577062 -1.027063 0.300001
v -2.590740 -1.020889 0.300001
v -2.604197 -1.014715 0.300001
v -2.617499 -1.008500 0.300001
v -2.630719 -1.002201 0.300001
v -2.643926 -0.995778 0.300001
v -2.657187 -0.989187 0.300001
v -2.670574 -0.982389 0.300001
v -2.684155 -0.975340 0.300001
v -2.698000 -0.968000 0.300001
v -2.764000 -1.118000 0.300001
v -2.750607 -1.121780 0.300001
v -2.736510 -1.126074 0.300001
v -2.721845 -1.130813 0.300001
v -2.706741 -1.135926 0.300001
v -2.691333 -1.141345 0.300001
v -2.675751 -1.147000 0.300001
v -2.660127 -1.152822 0.300001
v -2.644593 -1.158741 0.300001
v -2.629282 -1.164688 0.300001
v -2.614325 -1.170593 0.300001
v -2.599854 -1.176386 0.300001
v -2.586000 -1.182000 0.300001
v -0.785751 -0.756413 0.300001
v -0.759168 -0.797139 0.300001
v -0.728501 -0.841406 0.300001
v -0.694001 -0.888444 0.300001
v -0.655918 -0.937482 0.300001
v -0.614501 -0.987750 0.300001
v -0.570001 -1.038476 0.300001
v -0.522667 -1.088889 0.300001
v -0.472751 -1.138219 0.300001
v -0.420501 -1.185694 0.300001
v -0.366167 -1.230545 0.300001
v -0.310000 -1.272000 0.300001
v -0.178000 -1.166000 0.300001
v -0.224011 -1.137286 0.300001
v -0.269751 -1.104620 0.300001
v -0.314782 -1.068719 0.300001
v -0.358667 -1.030296 0.300001
v -0.400970 -0.990068 0.300001
v -0.441251 -0.948750 0.300001
v -0.479074 -0.907057 0.300001
v -0.514001 -0.865704 0.300001
v -0.545594 -0.825406 0.300001
v -0.573417 -0.786880 0.300001
v -0.597032 -0.750839 0.300001
v -0.616000 -0.718000 0.300001
v -0.565954 -0.718000 0.300001
v -0.489471 -0.718000 0.300001
v -0.392031 -0.718000 0.300001
v -0.279111 -0.718000 0.300001
v -0.156191 -0.718000 0.300001
v -0.028749 -0.718000 0.300001
v 0.097733 -0.718000 0.300001
v 0.217778 -0.718000 0.300001
v 0.325907 -0.718000 0.300001
v 0.416639 -0.718000 0.300001
v 0.484497 -0.718000 0.300001
v 0.524000 -0.718000 0.300001
v 0.542542 -0.718083 0.300001
v 0.561167 -0.718333 0.300001
v 0.579875 -0.718750 0.300001
v 0.598666 -0.719333 0.300001
v 0.617541 -0.720083 0.300001
v 0.636499 -0.721000 0.300001
v 0.655541 -0.722083 0.300001
v 0.674666 -0.723333 0.300001
v 0.693874 -0.724750 0.300001
v 0.713166 -0.726333 0.300001
v 0.732541 -0.728083 0.300001
v 0.752000 -0.730000 0.300001
v 0.752000 -0.548000 0.300001
v 0.734221 -0.550455 0.300001
v 0.715943 -0.552806 0.300001
v 0.697248 -0.555031 0.300001
v 0.678221 -0.557111 0.300001
v 0.658943 -0.559024 0.300001
v 0.639499 -0.560750 0.300001
v 0.619971 -0.562267 0.300001
v 0.600444 -0.563556 0.300001
v 0.580999 -0.564594 0.300001
v 0.561722 -0.565361 0.300001
v 0.542694 -0.565837 0.300001
v 0.524000 -0.566000 0.300001
v 0.483538 -0.566000 0.300001
v 0.413963 -0.566000 0.300001
v 0.321000 -0.566000 0.300001
v 0.210370 -0.566000 0.300001
v 0.087796 -0.566000 0.300001
v -0.041000 -0.566000 0.300001
v -0.170297 -0.566000 0.300001
v -0.294371 -0.566000 0.300001
v -0.407500 -0.566000 0.300001
v -0.503963 -0.566000 0.300001
v -0.578037 -0.566000 0.300001
v -0.624001 -0.566000 0.300001
v -0.634164 -0.565879 0.300001
v -0.645481 -0.565528 0.300001
v -0.657687 -0.564969 0.300001
v -0.670518 -0.564222 0.300001
v -0.683710 -0.563309 0.300001
v -0.697000 -0.562250 0.300001
v -0.710122 -0.561066 0.300001
v -0.722815 -0.559778 0.300001
v -0.734812 -0.558406 0.300001
v -0.745852 -0.556972 0.300001
v -0.755669 -0.555496 0.300001
v -0.764000 -0.554000 0.300001
v -0.862000 -0.648000 0.300001
v -0.858264 -0.653198 0.300001
v -0.854111 -0.658750 0.300001
v -0.849625 -0.664594 0.300001
v -0.844889 -0.670667 0.300001
v -0.839986 -0.676906 0.300001
v -0.835000 -0.683250 0.300001
v -0.830014 -0.689635 0.300001
v -0.825111 -0.696000 0.300001
v -0.820375 -0.702281 0.300001
v -0.815889 -0.708417 0.300001
v -0.811737 -0.714344 0.300001
v -0.808001 -0.720000 0.300001
v 0.642000 -1.954000 0.300001
v 0.627764 -1.949212 0.300001
v 0.613111 -1.943861 0.300001
v 0.598125 -1.937969 0.300001
v 0.582889 -1.931556 0.300001
v 0.567486 -1.924642 0.300001
v 0.552000 -1.917250 0.300001
v 0.536514 -1.909399 0.300001
v 0.521111 -1.901111 0.300001
v 0.505876 -1.892406 0.300001
v 0.490890 -1.883306 0.300001
v 0.476236 -1.873830 0.300001
v 0.462000 -1.864000 0.300001
v 0.389914 -1.814987 0.300001
v 0.328139 -1.762065 0.300001
v 0.275907 -1.705406 0.300001
v 0.232445 -1.645185 0.300001
v 0.196983 -1.581575 0.300001
v 0.168751 -1.514750 0.300001
v 0.146976 -1.444883 0.300001
v 0.130890 -1.372148 0.300001
v 0.119720 -1.296719 0.300001
v 0.112695 -1.218768 0.300001
v 0.109045 -1.138471 0.300001
v 0.108000 -1.056000 0.300001
v 0.108043 -1.044076 0.300001
v 0.108176 -1.032278 0.300001
v 0.108407 -1.020562 0.300001
v 0.108742 -1.008889 0.300001
v 0.109187 -0.997215 0.300001
v 0.109751 -0.985500 0.300001
v 0.110439 -0.973701 0.300001
v 0.111259 -0.961778 0.300001
v 0.112219 -0.949687 0.300001
v 0.113324 -0.937389 0.300001
v 0.114582 -0.924840 0.300001
v 0.116000 -0.912000 0.300001
v -0.064000 -0.912000 0.300001
v -0.062760 -1.043870 0.300001
v -0.058084 -1.168630 0.300001
v -0.048532 -1.286500 0.300001
v -0.032667 -1.397704 0.300001
v -0.009052 -1.502463 0.300001
v 0.023749 -1.601000 0.300001
v 0.067177 -1.693537 0.300001
v 0.122666 -1.780296 0.300001
v 0.191656 -1.861500 0.300001
v 0.275583 -1.937370 0.300001
v 0.375885 -2.008130 0.300001
v 0.493999 -2.074000 0.300001
v 1.478000 -1.744000 0.300001
v 1.478000 -0.800000 0.300001
v 2.436000 -0.800000 0.300001
v 2.454996 -0.800080 0.300001
v 2.474797 -0.800305 0.300001
v 2.495126 -0.800656 0.300001
v 2.515705 -0.801111 0.300001
v 2.536255 -0.801649 0.300001
v 2.556501 -0.802250 0.300001
v 2.576163 -0.802892 0.300001
v 2.594964 -0.803555 0.300001
v 2.612626 -0.804219 0.300001
v 2.628871 -0.804861 0.300001
v 2.643422 -0.805462 0.300001
v 2.656000 -0.806000 0.300001
v 2.656000 -0.628000 0.300001
v 2.639068 -0.629917 0.300001
v 2.621379 -0.631667 0.300001
v 2.603094 -0.633250 0.300001
v 2.584370 -0.634667 0.300001
v 2.565369 -0.635917 0.300001
v 2.546250 -0.637000 0.300001
v 2.527172 -0.637917 0.300001
v 2.508296 -0.638667 0.300001
v 2.489781 -0.639250 0.300001
v 2.471786 -0.639667 0.300001
v 2.454473 -0.639917 0.300001
v 2.438000 -0.640000 0.300001
v 1.452000 -0.640000 0.300001
v 1.439768 -0.639959 0.300001
v 1.427147 -0.639843 0.300001
v 1.414249 -0.639656 0.300001
v 1.401185 -0.639407 0.300001
v 1.388064 -0.639103 0.300001
v 1.375000 -0.638750 0.300001
v 1.362102 -0.638355 0.300001
v 1.349481 -0.637926 0.300001
v 1.337250 -0.637469 0.300001
v 1.325518 -0.636991 0.300001
v 1.314398 -0.636499 0.300001
v 1.304000 -0.636000 0.300001
v 1.304538 -0.647816 0.300001
v 1.305139 -0.660194 0.300001
v 1.305781 -0.673031 0.300001
v 1.306445 -0.686222 0.300001
v 1.307108 -0.699663 0.300001
v 1.307750 -0.713250 0.300001
v 1.308351 -0.726878 0.300001
v 1.308889 -0.740444 0.300001
v 1.309344 -0.753844 0.300001
v 1.309695 -0.766972 0.300001
v 1.309920 -0.779726 0.300001
v 1.310000 -0.792000 0.300001
v 1.310000 -1.824000 0.300001
v 1.309881 -1.842331 0.300001
v 1.309546 -1.861148 0.300001
v 1.309031 -1.880188 0.300001
v 1.308371 -1.899185 0.300001
v 1.307599 -1.917877 0.300001
v 1.306750 -1.936000 0.300001
v 1.305860 -1.953289 0.300001
v 1.304963 -1.969481 0.300001
v 1.304094 -1.984312 0.300001
v 1.303287 -1.997518 0.300001
v 1.302577 -2.008836 0.300001
v 1.302000 -2.018000 0.300001
v 1.482000 -2.018000 0.300001
v 1.478000 -1.906000 0.300001
v 2.456000 -1.906000 0.300001
v 2.476641 -1.906081 0.300001
v 2.497463 -1.906315 0.300001
v 2.518312 -1.906687 0.300001
v 2.539037 -1.907185 0.300001
v 2.559484 -1.907794 0.300001
v 2.579500 -1.908500 0.300001
v 2.598933 -1.909289 0.300001
v 2.617630 -1.910148 0.300001
v 2.635438 -1.911062 0.300001
v 2.652204 -1.912019 0.300001
v 2.667776 -1.913002 0.300001
v 2.682000 -1.914000 0.300001
v 2.682000 -1.732000 0.300001
v 2.668313 -1.733497 0.300001
v 2.653334 -1.734972 0.300001
v 2.637188 -1.736406 0.300001
v 2.620000 -1.737778 0.300001
v 2.601896 -1.739066 0.300001
v 2.583001 -1.740250 0.300001
v 2.563438 -1.741309 0.300001
v 2.543334 -1.742222 0.300001
v 2.522813 -1.742969 0.300001
v 2.502000 -1.743528 0.300001
v 2.481021 -1.743878 0.300001
v 2.460000 -1.744000 0.300001
v 3.468184 -0.794225 0.300001
v 3.488638 -0.840630 0.300001
v 3.511218 -0.888812 0.300001
v 3.535777 -0.938370 0.300001
v 3.562170 -0.988900 0.300001
v 3.590250 -1.040000 0.300001
v 3.619871 -1.091266 0.300001
v 3.650888 -1.142296 0.300001
v 3.683156 -1.192687 0.300001
v 3.716527 -1.242037 0.300001
v 3.750857 -1.289942 0.300001
v 3.786000 -1.336000 0.300001
v 3.732877 -1.382561 0.300001
v 3.678852 -1.431824 0.300001
v 3.624438 -1.483156 0.300001
v 3.570148 -1.535926 0.300001
v 3.516498 -1.589501 0.300001
v 3.464000 -1.643250 0.300001
v 3.413169 -1.696541 0.300001
v 3.364519 -1.748741 0.300001
v 3.318563 -1.799219 0.300001
v 3.275815 -1.847343 0.300001
v 3.236789 -1.892480 0.300001
v 3.202000 -1.934000 0.300001
v 3.342000 -2.054000 0.300001
v 3.377075 -2.008396 0.300001
v 3.415102 -1.960833 0.300001
v 3.455781 -1.911688 0.300001
v 3.498815 -1.861333 0.300001
v 3.543904 -1.810146 0.300001
v 3.590750 -1.758500 0.300001
v 3.639054 -1.706771 0.300001
v 3.688519 -1.655333 0.300001
v 3.738844 -1.604563 0.300001
v 3.789732 -1.554833 0.300001
v 3.840883 -1.506521 0.300001
v 3.892000 -1.460000 0.300001
v 3.946649 -1.517248 0.300001
v 4.003528 -1.573815 0.300001
v 4.062531 -1.629438 0.300001
v 4.123555 -1.683852 0.300001
v 4.186496 -1.736794 0.300001
v 4.251250 -1.788000 0.300001
v 4.317711 -1.837206 0.300000
v 4.385777 -1.884148 0.300000
v 4.455343 -1.928563 0.300000
v 4.526305 -1.970185 0.300000
v 4.598559 -2.008752 0.300000
v 4.672000 -2.044000 0.300000
v 4.800000 -1.910000 0.300000
v 4.720078 -1.876236 0.300000
v 4.641463 -1.838222 0.300000
v 4.564375 -1.796375 0.300000
v 4.489037 -1.751111 0.300000
v 4.415671 -1.702847 0.300000
v 4.344500 -1.652000 0.300000
v 4.275745 -1.598986 0.300000
v 4.209630 -1.544222 0.300000
v 4.146375 -1.488125 0.300000
v 4.086204 -1.431111 0.300001
v 4.029338 -1.373597 0.300001
v 3.976000 -1.316000 0.300001
v 3.941853 -1.275880 0.300001
v 3.907658 -1.232870 0.300001
v 3.873782 -1.187500 0.300001
v 3.840593 -1.140296 0.300001
v 3.808460 -1.091787 0.300001
v 3.777750 -1.042500 0.300001
v 3.748833 -0.992963 0.300001
v 3.722075 -0.943704 0.300001
v 3.697844 -0.895250 0.300001
v 3.676509 -0.848130 0.300001
v 3.658439 -0.802870 0.300001
v 3.644000 -0.760000 0.300001
v 3.673136 -0.760000 0.300001
v 3.721917 -0.760000 0.300001
v 3.786407 -0.760000 0.300000
v 3.862667 -0.760000 0.300000
v 3.946761 -0.760000 0.300000
v 4.034750 -0.760000 0.300000
v 4.122698 -0.760000 0.300000
v 4.206666 -0.760000 0.300000
v 4.282719 -0.760000 0.300000
v 4.346917 -0.760000 0.300000
v 4.395323 -0.760000 0.300000
v 4.424000 -0.760000 0.300000
v 4.442258 -0.760159 0.300000
v 4.461740 -0.760602 0.300000
v 4.481999 -0.761281 0.300000
v 4.502592 -0.762148 0.300000
v 4.523074 -0.763154 0.300000
v 4.543000 -0.764250 0.300000
v 4.561926 -0.765388 0.300000
v 4.579407 -0.766518 0.300000
v 4.595000 -0.767594 0.300000
v 4.608259 -0.768565 0.300000
v 4.618741 -0.769383 0.300000
v 4.626000 -0.770000 0.300000
v 4.626000 -0.588000 0.300000
v 4.617290 -0.589076 0.300000
v 4.605482 -0.590278 0.300000
v 4.591063 -0.591562 0.300000
v 4.574519 -0.592889 0.300000
v 4.556336 -0.594215 0.300000
v 4.537001 -0.595500 0.300000
v 4.516998 -0.596701 0.300000
v 4.496815 -0.597778 0.300000
v 4.476938 -0.598687 0.300000
v 4.457852 -0.599389 0.300000
v 4.440044 -0.599840 0.300000
v 4.424000 -0.600000 0.300000
v 4.393418 -0.600000 0.300000
v 4.344176 -0.600000 0.300000
v 4.280031 -0.600000 0.300000
v 4.204741 -0.600000 0.300000
v 4.122061 -0.600000 0.300000
v 4.035750 -0.600000 0.300000
v 3.949564 -0.600000 0.300000
v 3.867259 -0.600000 0.300000
v 3.792593 -0.600000 0.300000
v 3.729324 -0.600000 0.300000
v 3.681207 -0.600000 0.300000
v 3.652000 -0.600000 0.300001
v 3.635796 -0.599876 0.300001
v 3.620195 -0.599509 0.300001
v 3.605219 -0.598906 0.300001
v 3.590889 -0.598074 0.300001
v 3.577226 -0.597020 0.300001
v 3.564250 -0.595750 0.300001
v 3.551983 -0.594272 0.300001
v 3.540445 -0.592593 0.300001
v 3.529656 -0.590719 0.300001
v 3.519639 -0.588657 0.300001
v 3.510413 -0.586415 0.300001
v 3.502000 -0.584000 0.300001
v 3.400000 -0.662000 0.300001
v 3.403275 -0.666558 0.300001
v 3.407037 -0.672130 0.300001
v 3.411187 -0.678562 0.300001
v 3.415629 -0.685704 0.300001
v 3.420266 -0.693400 0.300001
v 3.425000 -0.701500 0.300001
v 3.429733 -0.709849 0.300001
v 3.434370 -0.718296 0.300001
v 3.438812 -0.726687 0.300001
v 3.442963 -0.734870 0.300001
v 3.446724 -0.742692 0.300001
v 3.450000 -0.750000 0.300001
v 5.902198 -0.870613 0.300000
v 5.850917 -0.835574 0.300000
v 5.800344 -0.799062 0.300000
v 5.750667 -0.761259 0.300000
v 5.702073 -0.722345 0.300000
v 5.654750 -0.682500 0.300000
v 5.608885 -0.641905 0.300000
v 5.564667 -0.600741 0.300000
v 5.522281 -0.559187 0.300000
v 5.481916 -0.517426 0.300000
v 5.443760 -0.475636 0.300000
v 5.408000 -0.434000 0.300000
v 5.274000 -0.558000 0.300000
v 5.312660 -0.597369 0.300000
v 5.352611 -0.636454 0.300000
v 5.393812 -0.675219 0.300000
v 5.436222 -0.713630 0.300000
v 5.479798 -0.751652 0.300000
v 5.524500 -0.789250 0.300000
v 5.570285 -0.826390 0.300000
v 5.617111 -0.863037 0.300000
v 5.664937 -0.899156 0.300000
v 5.713722 -0.934713 0.300000
v 5.763423 -0.969672 0.300000
v 5.814000 -1.004000 0.300000
v 5.814000 -1.848000 0.300000
v 5.813917 -1.867412 0.300000
v 5.813667 -1.887463 0.300000
v 5.813251 -1.907875 0.300000
v 5.812667 -1.928370 0.300000
v 5.811917 -1.948671 0.300000
v 5.811000 -1.968500 0.300000
v 5.809916 -1.987579 0.300000
v 5.808667 -2.005630 0.300000
v 5.807250 -2.022375 0.300000
v 5.805667 -2.037537 0.300000
v 5.803917 -2.050838 0.300000
v 5.802000 -2.062000 0.300000
v 5.998000 -2.062000 0.300000
v 5.996504 -2.051258 0.300000
v 5.995028 -2.038231 0.300000
v 5.993594 -2.023219 0.300000
v 5.992222 -2.006518 0.300000
v 5.990934 -1.988429 0.300000
v 5.989750 -1.969250 0.300000
v 5.988691 -1.949279 0.300000
v 5.987778 -1.928815 0.300000
v 5.987031 -1.908156 0.300000
v 5.986472 -1.887602 0.300000
v 5.986122 -1.867450 0.300000
v 5.986000 -1.848000 0.300000
v 5.986000 -1.108000 0.300000
v 6.039798 -1.137980 0.300000
v 6.096055 -1.167843 0.300000
v 6.154562 -1.197469 0.300000
v 6.215111 -1.226741 0.300000
v 6.277493 -1.255541 0.300000
v 6.341500 -1.283750 0.300000
v 6.406923 -1.311251 0.300000
v 6.473556 -1.337926 0.300000
v 6.541187 -1.363656 0.300000
v 6.609611 -1.388324 0.300000
v 6.678618 -1.411811 0.300000
v 6.748000 -1.434000 0.300000
v 6.828000 -1.278000 0.300000
v 6.742358 -1.253568 0.300000
v 6.658537 -1.227379 0.300000
v 6.576687 -1.199594 0.300000
v 6.496963 -1.170370 0.300000
v 6.419516 -1.139869 0.300000
v 6.344500 -1.108250 0.300000
v 6.272067 -1.075672 0.300000
v 6.202370 -1.042296 0.300000
v 6.135562 -1.008281 0.300000
v 6.071796 -0.973787 0.300000
v 6.011225 -0.938973 0.300000
v 5.954000 -0.904000 0.300000
v 7.684000 -0.602000 0.300000
v 7.663511 -0.641096 0.300000
v 7.641259 -0.684935 0.300000
v 7.617562 -0.732844 0.300000
v 7.592741 -0.784148 0.300000
v 7.567113 -0.838175 0.300000
v 7.541000 -0.894250 0.300000
v 7.514720 -0.951700 0.300000
v 7.488593 -1.009852 0.300000
v 7.462937 -1.068031 0.300000
v 7.438074 -1.125565 0.300000
v 7.414322 -1.181779 0.300000
v 7.392000 -1.236000 0.300000
v 7.371503 -1.287194 0.300000
v 7.350194 -1.342222 0.300000
v 7.328344 -1.400250 0.300000
v 7.306222 -1.460444 0.300000
v 7.284101 -1.521972 0.300000
v 7.262250 -1.584000 0.300000
v 7.240941 -1.645694 0.300000
v 7.220445 -1.706222 0.300000
v 7.201031 -1.764750 0.300000
v 7.182972 -1.820444 0.300000
v 7.166538 -1.872472 0.300000
v 7.152000 -1.920000 0.300000
v 7.330000 -1.978000 0.300000
v 7.343384 -1.925658 0.300000
v 7.358407 -1.870926 0.300000
v 7.374875 -1.814250 0.300000
v 7.392592 -1.756074 0.300000
v 7.411366 -1.696843 0.300000
v 7.431000 -1.637000 0.300000
v 7.451301 -1.576991 0.300000
v 7.472074 -1.517259 0.300000
v 7.493125 -1.458250 0.300000
v 7.514259 -1.400407 0.300000
v 7.535282 -1.344176 0.300000
v 7.556000 -1.290000 0.300000
v 7.576869 -1.237116 0.300000
v 7.599287 -1.181926 0.300000
v 7.622969 -1.125125 0.300000
v 7.647629 -1.067407 0.300000
v 7.672985 -1.009468 0.300000
v 7.698750 -0.952000 0.300000
v 7.724640 -0.895699 0.300000
v 7.750370 -0.841259 0.300000
v 7.775656 -0.789375 0.300000
v 7.800213 -0.740741 0.300000
v 7.823756 -0.696051 0.300000
v 7.846000 -0.656000 0.300000
v 8.166000 -0.660000 0.300000
v 8.169497 -0.671314 0.300000
v 8.172981 -0.683176 0.300000
v 8.176437 -0.695469 0.300000
v 8.179852 -0.708074 0.300000
v 8.183210 -0.720874 0.300000
v 8.186500 -0.733750 0.300000
v 8.189706 -0.746584 0.300000
v 8.192815 -0.759259 0.300000
v 8.195812 -0.771656 0.300000
v 8.198685 -0.783657 0.300000
v 8.201419 -0.795145 0.300000
v 8.204000 -0.806000 0.300000
v 8.211399 -0.840432 0.300000
v 8.220528 -0.881120 0.300000
v 8.231281 -0.927156 0.300000
v 8.243555 -0.977630 0.300000
v 8.257246 -1.031631 0.300000
v 8.272250 -1.088250 0.300000
v 8.288462 -1.146577 0.300000
v 8.305778 -1.205704 0.300000
v 8.324094 -1.264719 0.300000
v 8.343306 -1.322713 0.300000
v 8.363309 -1.378777 0.300000
v 8.384000 -1.432000 0.300000
v 8.403231 -1.478380 0.300000
v 8.423842 -1.525379 0.300000
v 8.445719 -1.572781 0.300000
v 8.468740 -1.620370 0.300000
v 8.492790 -1.667932 0.300000
v 8.517750 -1.715250 0.300000
v 8.543501 -1.762110 0.300000
v 8.569926 -1.808296 0.300000
v 8.596907 -1.853594 0.300000
v 8.624324 -1.897787 0.300000
v 8.652061 -1.940661 0.300000
v 8.680000 -1.982000 0.300000
v 8.850000 -1.910000 0.300000
v 8.818769 -1.867595 0.300000
v 8.788157 -1.823592 0.300000
v 8.758282 -1.778312 0.300000
v 8.729259 -1.732074 0.300000
v 8.701210 -1.685197 0.300000
v 8.674250 -1.638000 0.300000
v 8.648499 -1.590803 0.300000
v 8.624074 -1.543926 0.300000
v 8.601093 -1.497687 0.300000
v 8.579676 -1.452407 0.300000
v 8.559938 -1.408405 0.300000
v 8.542000 -1.366000 0.300000
v 8.520153 -1.312098 0.300000
v 8.498722 -1.254787 0.300000
v 8.477875 -1.194656 0.300000
v 8.457778 -1.132296 0.300000
v 8.438597 -1.068297 0.300000
v 8.420500 -1.003250 0.300000
v 8.403653 -0.937744 0.300000
v 8.388222 -0.872370 0.300000
v 8.374375 -0.807719 0.300000
v 8.362278 -0.744380 0.300000
v 8.352098 -0.682943 0.300000
v 8.344000 -0.624000 0.300000
v -5.304001 1.032000 0.300001
v -5.306001 1.310000 0.300001
v -5.305918 1.325185 0.300001
v -5.305668 1.339815 0.300001
v -5.305251 1.354000 0.300001
v -5.304667 1.367852 0.300001
v -5.303918 1.381481 0.300001
v -5.303001 1.395000 0.300001
v -5.301918 1.408519 0.300001
v -5.300668 1.422148 0.300001
v -5.299251 1.436000 0.300001
v -5.297668 1.450185 0.300001
v -5.295918 1.464815 0.300001
v -5.294001 1.480000 0.300001
v -5.468000 1.480000 0.300001
v -5.467003 1.468333 0.300001
v -5.466019 1.456333 0.300001
v -5.465063 1.444000 0.300001
v -5.464149 1.431333 0.300001
v -5.463290 1.418333 0.300001
v -5.462501 1.405000 0.300001
v -5.461795 1.391333 0.300001
v -5.461186 1.377333 0.300001
v -5.460689 1.363000 0.300001
v -5.460316 1.348333 0.300001
v -5.460082 1.333333 0.300001
v -5.460001 1.318000 0.300001
v -5.458001 1.048000 0.300001
v -5.507720 1.052579 0.300001
v -5.558751 1.057297 0.300001
v -5.610908 1.062125 0.300001
v -5.664001 1.067037 0.300001
v -5.717845 1.072005 0.300001
v -5.772251 1.077000 0.300001
v -5.827032 1.081995 0.300001
v -5.882001 1.086963 0.300001
v -5.936970 1.091875 0.300001
v -5.991751 1.096704 0.300001
v -6.046157 1.101421 0.300001
v -6.100000 1.106000 0.300001
v -6.100000 1.392000 0.300001
v -6.099919 1.403545 0.300001
v -6.099677 1.416028 0.300001
v -6.099282 1.429219 0.300001
v -6.098742 1.442889 0.300001
v -6.098063 1.456809 0.300001
v -6.097251 1.470750 0.300001
v -6.096314 1.484483 0.300001
v -6.095260 1.497778 0.300001
v -6.094094 1.510406 0.300001
v -6.092825 1.522139 0.300001
v -6.091458 1.532747 0.300001
v -6.090001 1.542000 0.300001
v -6.260000 1.542000 0.300001
v -6.258580 1.532827 0.300001
v -6.257314 1.522445 0.300001
v -6.256186 1.511063 0.300001
v -6.255184 1.498889 0.300001
v -6.254293 1.486132 0.300001
v -6.253500 1.473000 0.300001
v -6.252789 1.459701 0.300001
v -6.252149 1.446445 0.300001
v -6.251563 1.433438 0.300001
v -6.251019 1.420889 0.300001
v -6.250504 1.409007 0.300001
v -6.250001 1.398000 0.300001
v -6.246000 1.118000 0.300001
v -6.468000 1.132000 0.300001
v -6.481076 1.132999 0.300001
v -6.494278 1.133991 0.300001
v -6.507563 1.134969 0.300001
v -6.520889 1.135926 0.300001
v -6.534216 1.136855 0.300001
v -6.547501 1.137750 0.300001
v -6.560702 1.138603 0.300001
v -6.573779 1.139408 0.300001
v -6.586689 1.140156 0.300001
v -6.599390 1.140843 0.300001
v -6.611841 1.141460 0.300001
v -6.624001 1.142000 0.300001
v -6.624001 0.986000 0.300001
v -6.615124 0.986420 0.300001
v -6.604657 0.986694 0.300001
v -6.592844 0.986844 0.300001
v -6.579926 0.986889 0.300001
v -6.566148 0.986851 0.300001
v -6.551751 0.986750 0.300001
v -6.536979 0.986608 0.300001
v -6.522075 0.986444 0.300001
v -6.507282 0.986281 0.300001
v -6.492844 0.986139 0.300001
v -6.479002 0.986038 0.300001
v -6.466001 0.986000 0.300001
v -6.450668 0.985458 0.300001
v -6.434685 0.984833 0.300001
v -6.418062 0.984125 0.300001
v -6.400815 0.983333 0.300001
v -6.382957 0.982458 0.300001
v -6.364500 0.981500 0.300001
v -6.345461 0.980458 0.300001
v -6.325852 0.979333 0.300001
v -6.305688 0.978125 0.300001
v -6.284982 0.976833 0.300001
v -6.263748 0.975458 0.300001
v -6.242001 0.974000 0.300001
v -6.240991 0.936900 0.300001
v -6.239926 0.898870 0.300001
v -6.238750 0.860313 0.300001
v -6.237408 0.821630 0.300001
v -6.235843 0.783225 0.300001
v -6.234000 0.745500 0.300001
v -6.231824 0.708859 0.300001
v -6.229259 0.673704 0.300001
v -6.226251 0.640437 0.300001
v -6.222741 0.609463 0.300001
v -6.218677 0.581183 0.300001
v -6.214001 0.556000 0.300001
v -6.208945 0.535271 0.300001
v -6.202731 0.517000 0.300001
v -6.195281 0.501063 0.300001
v -6.186519 0.487333 0.300001
v -6.176367 0.475688 0.300001
v -6.164750 0.466000 0.300001
v -6.151591 0.458146 0.300001
v -6.136815 0.452000 0.300001
v -6.120344 0.447438 0.300001
v -6.102102 0.444333 0.300001
v -6.082013 0.442563 0.300001
v -6.060000 0.442000 0.300001
v -6.040713 0.442360 0.300001
v -6.019196 0.443380 0.300001
v -5.995970 0.444969 0.300001
v -5.971557 0.447037 0.300001
v -5.946477 0.449494 0.300001
v -5.921251 0.452250 0.300001
v -5.896400 0.455214 0.300001
v -5.872445 0.458296 0.300001
v -5.849907 0.461406 0.300001
v -5.829307 0.464454 0.300001
v -5.811164 0.467348 0.300001
v -5.796000 0.470000 0.300001
v -5.800001 0.608000 0.300001
v -5.817343 0.604127 0.300001
v -5.835233 0.600519 0.300001
v -5.853470 0.597188 0.300001
v -5.871853 0.594148 0.300001
v -5.890181 0.591414 0.300001
v -5.908251 0.589000 0.300001
v -5.925863 0.586919 0.300001
v -5.942816 0.585185 0.300001
v -5.958907 0.583812 0.300001
v -5.973936 0.582815 0.300001
v -5.987701 0.582206 0.300001
v -6.000001 0.582000 0.300001
v -6.011465 0.582184 0.300001
v -6.021880 0.582806 0.300001
v -6.031281 0.583969 0.300001
v -6.039704 0.585778 0.300001
v -6.047182 0.588337 0.300001
v -6.053750 0.591750 0.300001
v -6.059443 0.596122 0.300001
v -6.064297 0.601556 0.300001
v -6.068344 0.608156 0.300001
v -6.071621 0.616028 0.300001
v -6.074162 0.625274 0.300001
v -6.076000 0.636000 0.300001
v -6.078459 0.653912 0.300001
v -6.080826 0.674463 0.300001
v -6.083096 0.697375 0.300001
v -6.085261 0.722370 0.300001
v -6.087316 0.749171 0.300001
v -6.089252 0.777500 0.300001
v -6.091063 0.807079 0.300001
v -6.092742 0.837630 0.300001
v -6.094282 0.868875 0.300001
v -6.095676 0.900537 0.300001
v -6.096918 0.932338 0.300001
v -6.098001 0.964000 0.300001
v -6.045953 0.959840 0.300001
v -5.992954 0.955389 0.300001
v -5.939219 0.950688 0.300001
v -5.884964 0.945778 0.300001
v -5.830402 0.940701 0.300001
v -5.775751 0.935500 0.300001
v -5.721225 0.930215 0.300001
v -5.667039 0.924889 0.300001
v -5.613408 0.919563 0.300001
v -5.560548 0.914278 0.300001
v -5.508674 0.909076 0.300001
v -5.458001 0.904000 0.300001
v -5.457542 0.852535 0.300001
v -5.457168 0.801444 0.300001
v -5.456876 0.751188 0.300001
v -5.456667 0.702222 0.300001
v -5.456542 0.655007 0.300001
v -5.456500 0.610000 0.300001
v -5.456542 0.567660 0.300001
v -5.456667 0.528444 0.300001
v -5.456876 0.492813 0.300001
v -5.457168 0.461222 0.300001
v -5.457542 0.434132 0.300001
v -5.458001 0.412000 0.300001
v -5.459659 0.360880 0.300001
v -5.462427 0.315370 0.300001
v -5.467501 0.275250 0.300001
v -5.476074 0.240296 0.300001
v -5.489343 0.210287 0.300001
v -5.508500 0.185000 0.300001
v -5.534740 0.164213 0.300001
v -5.569259 0.147704 0.300001
v -5.613250 0.135250 0.300001
v -5.667908 0.126630 0.300001
v -5.734426 0.121620 0.300001
v -5.814001 0.120000 0.300001
v -5.868581 0.120486 0.300001
v -5.923973 0.121889 0.300001
v -5.979657 0.124125 0.300001
v -6.035112 0.127111 0.300001
v -6.089817 0.130764 0.300001
v -6.143251 0.135000 0.300001
v -6.194894 0.139736 0.300001
v -6.244224 0.144889 0.300001
v -6.290720 0.150375 0.300001
v -6.333862 0.156111 0.300001
v -6.373130 0.162014 0.300001
v -6.408001 0.168000 0.300001
v -6.402000 -0.002000 0.300001
v -6.366297 -0.005571 0.300001
v -6.326537 -0.009231 0.300001
v -6.283250 -0.012906 0.300001
v -6.236963 -0.016519 0.300001
v -6.188204 -0.019992 0.300001
v -6.137500 -0.023250 0.300001
v -6.085380 -0.026216 0.300001
v -6.032371 -0.028815 0.300001
v -5.979000 -0.030969 0.300001
v -5.925797 -0.032602 0.300001
v -5.873287 -0.033638 0.300001
v -5.822001 -0.034000 0.300001
v -5.714986 -0.031730 0.300001
v -5.624055 -0.024676 0.300001
v -5.547874 -0.012469 0.300001
v -5.485110 0.005259 0.300001
v -5.434430 0.028876 0.300001
v -5.394500 0.058750 0.300001
v -5.363986 0.095249 0.300001
v -5.341556 0.138741 0.300001
v -5.325875 0.189594 0.300001
v -5.315612 0.248176 0.300001
v -5.309431 0.314855 0.300001
v -5.306001 0.390000 0.300001
v -5.305540 0.414045 0.300001
v -5.305157 0.442861 0.300001
v -5.304843 0.475969 0.300001
v -5.304592 0.512889 0.300001
v -5.304397 0.553142 0.300001
v -5.304250 0.596250 0.300001
v -5.304145 0.641733 0.300001
v -5.304074 0.689111 0.300001
v -5.304031 0.737906 0.300001
v -5.304009 0.787639 0.300001
v -5.304002 0.837830 0.300001
v -5.304001 0.888000 0.300001
v -5.090001 0.864000 0.300001
v -5.074034 0.861921 0.300001
v -5.057261 0.859704 0.300001
v -5.039876 0.857375 0.300001
v -5.022075 0.854963 0.300001
v -5.004051 0.852495 0.300001
v -4.986000 0.850000 0.300001
v -4.968116 0.847505 0.300001
v -4.950593 0.845037 0.300001
v -4.933625 0.842625 0.300001
v -4.917408 0.840296 0.300001
v -4.902135 0.838079 0.300001
v -4.888000 0.836000 0.300001
v -4.870001 1.000000 0.300001
v -4.885743 1.000083 0.300001
v -4.901937 1.000333 0.300001
v -4.918532 1.000750 0.300001
v -4.935483 1.001333 0.300001
v -4.952739 1.002083 0.300001
v -4.970251 1.003000 0.300001
v -4.987972 1.004083 0.300001
v -5.005853 1.005333 0.300001
v -5.023845 1.006750 0.300001
v -5.041899 1.008333 0.300001
v -5.059967 1.010083 0.300001
v -5.078001 1.012000 0.300001
v -3.294001 1.276000 0.300001
v -3.532001 1.276000 0.300001
v -3.532001 1.134000 0.300001
v -3.294001 1.134000 0.300001
v -3.294001 0.746000 0.300001
v -3.542001 0.818000 0.300001
v -3.560000 0.678000 0.300001
v -3.294001 0.596000 0.300001
v -3.294001 0.018000 0.300001
v -3.293617 -0.002559 0.300001
v -3.292427 -0.021306 0.300001
v -3.290376 -0.038344 0.300001
v -3.287408 -0.053778 0.300001
v -3.283468 -0.067712 0.300001
v -3.278501 -0.080250 0.300001
v -3.272449 -0.091497 0.300001
v -3.265260 -0.101556 0.300001
v -3.256875 -0.110531 0.300001
v -3.247241 -0.118528 0.300001
v -3.236301 -0.125649 0.300001
v -3.224001 -0.132000 0.300001
v -3.209943 -0.137171 0.300001
v -3.194704 -0.141704 0.300001
v -3.178188 -0.145625 0.300001
v -3.160297 -0.148963 0.300001
v -3.140934 -0.151745 0.300001
v -3.120001 -0.154000 0.300001
v -3.097402 -0.155755 0.300001
v -3.073038 -0.157037 0.300001
v -3.046813 -0.157875 0.300001
v -3.018630 -0.158296 0.300001
v -2.988392 -0.158329 0.300001
v -2.956000 -0.158000 0.300001
v -2.954178 -0.148486 0.300001
v -2.951759 -0.138056 0.300001
v -2.948812 -0.126875 0.300001
v -2.945408 -0.115111 0.300001
v -2.941614 -0.102931 0.300001
v -2.937501 -0.090500 0.300001
v -2.933138 -0.077986 0.300001
v -2.928594 -0.065556 0.300001
v -2.923939 -0.053375 0.300001
v -2.919242 -0.041611 0.300001
v -2.914573 -0.030431 0.300001
v -2.910001 -0.020000 0.300001
v -2.932768 -0.020459 0.300001
v -2.954956 -0.020843 0.300001
v -2.976409 -0.021156 0.300001
v -2.996965 -0.021407 0.300001
v -3.016466 -0.021603 0.300001
v -3.034752 -0.021750 0.300001
v -3.051662 -0.021855 0.300001
v -3.067039 -0.021926 0.300001
v -3.080720 -0.021969 0.300001
v -3.092547 -0.021991 0.300001
v -3.102361 -0.021999 0.300001
v -3.110001 -0.022000 0.300001
v -3.116210 -0.021367 0.300001
v -3.121843 -0.020435 0.300001
v -3.126907 -0.019156 0.300001
v -3.131409 -0.017481 0.300001
v -3.135354 -0.015362 0.300001
v -3.138751 -0.012750 0.300001
v -3.141606 -0.009596 0.300001
v -3.143927 -0.005852 0.300001
v -3.145720 -0.001469 0.300001
v -3.146992 0.003602 0.300001
v -3.147750 0.009409 0.300001
v -3.148001 0.016000 0.300001
v -3.148001 0.552000 0.300001
v -2.886001 0.474000 0.300001
v -2.842001 0.620000 0.300001
v -3.148001 0.704000 0.300001
v -3.148001 1.134000 0.300001
v -2.868001 1.134000 0.300001
v -2.868001 1.276000 0.300001
v -3.148001 1.276000 0.300001
v -3.148001 1.680000 0.300001
v -3.294001 1.680000 0.300001
v -4.515619 1.429794 0.300001
v -4.459771 1.410185 0.300001
v -4.400908 1.391188 0.300001
v -4.339483 1.372815 0.300001
v -4.275948 1.355081 0.300001
v -4.210752 1.338000 0.300001
v -4.144347 1.321586 0.300001
v -4.077187 1.305852 0.300001
v -4.009720 1.290812 0.300001
v -3.942399 1.276482 0.300001
v -3.875675 1.262873 0.300001
v -3.810000 1.250000 0.300001
v -3.810000 1.104000 0.300001
v -3.810548 1.088102 0.300001
v -3.812380 1.074315 0.300001
v -3.815782 1.062500 0.300001
v -3.821037 1.052519 0.300001
v -3.828432 1.044232 0.300001
v -3.838250 1.037500 0.300001
v -3.850777 1.032185 0.300001
v -3.866297 1.028148 0.300001
v -3.885095 1.025250 0.300001
v -3.907454 1.023352 0.300001
v -3.933661 1.022315 0.300001
v -3.964001 1.022000 0.300001
v -3.983932 1.022000 0.300001
v -4.012612 1.022000 0.300001
v -4.048376 1.022000 0.300001
v -4.089557 1.022000 0.300001
v -4.134487 1.022000 0.300001
v -4.181501 1.022000 0.300001
v -4.228931 1.022000 0.300001
v -4.275112 1.022000 0.300001
v -4.318376 1.022000 0.300001
v -4.357056 1.022000 0.300001
v -4.389486 1.022000 0.300001
v -4.414001 1.022000 0.300001
v -4.439634 1.022833 0.300001
v -4.461733 1.025667 0.300001
v -4.480596 1.031000 0.300001
v -4.496520 1.039333 0.300001
v -4.509806 1.051167 0.300001
v -4.520751 1.067000 0.300001
v -4.529655 1.087333 0.300001
v -4.536816 1.112667 0.300001
v -4.542532 1.143500 0.300001
v -4.547103 1.180333 0.300001
v -4.550826 1.223667 0.300001
v -4.554001 1.274000 0.300001
v -4.562636 1.268469 0.300001
v -4.572417 1.262917 0.300001
v -4.583157 1.257406 0.300001
v -4.594667 1.252000 0.300001
v -4.606761 1.246760 0.300001
v -4.619250 1.241750 0.300001
v -4.631948 1.237031 0.300001
v -4.644668 1.232667 0.300001
v -4.657220 1.228719 0.300001
v -4.669417 1.225250 0.300001
v -4.681073 1.222323 0.300001
v -4.692000 1.220000 0.300001
v -4.685848 1.157130 0.300001
v -4.678112 1.102204 0.300001
v -4.668376 1.054750 0.300001
v -4.656223 1.014296 0.300001
v -4.641237 0.980370 0.300001
v -4.623001 0.952500 0.300001
v -4.601098 0.930213 0.300001
v -4.575112 0.913037 0.300001
v -4.544626 0.900500 0.300001
v -4.509223 0.892130 0.300001
v -4.468487 0.887454 0.300001
v -4.422001 0.886000 0.300001
v -4.403244 0.886000 0.300001
v -4.373453 0.886000 0.300001
v -4.334844 0.886000 0.300001
v -4.289630 0.886000 0.300001
v -4.240026 0.886000 0.300001
v -4.188250 0.886000 0.300001
v -4.136515 0.886000 0.300001
v -4.087037 0.886000 0.300001
v -4.042031 0.886000 0.300001
v -4.003713 0.886000 0.300001
v -3.974298 0.886000 0.300001
v -3.956000 0.886000 0.300001
v -3.901479 0.886967 0.300001
v -3.853666 0.890065 0.300001
v -3.812187 0.895594 0.300001
v -3.776667 0.903852 0.300001
v -3.746729 0.915138 0.300001
v -3.722000 0.929750 0.300001
v -3.702105 0.947987 0.300001
v -3.686667 0.970148 0.300001
v -3.675313 0.996531 0.300001
v -3.667667 1.027435 0.300001
v -3.663355 1.063159 0.300001
v -3.662001 1.104000 0.300001
v -3.662001 1.672000 0.300001
v -3.810000 1.672000 0.300001
v -3.810000 1.374000 0.300001
v -3.869766 1.386904 0.300001
v -3.929789 1.400565 0.300001
v -3.989657 1.414906 0.300001
v -4.048965 1.429852 0.300001
v -4.107299 1.445325 0.300001
v -4.164251 1.461250 0.300001
v -4.219412 1.477550 0.300001
v -4.272371 1.494148 0.300001
v -4.322720 1.510969 0.300001
v -4.370048 1.527935 0.300001
v -4.413944 1.544971 0.300001
v -4.454000 1.562000 0.300001
v -4.568001 1.450000 0.300001
v -4.456001 0.058000 0.300001
v -4.456001 0.268000 0.300001
v -3.804001 0.268000 0.300001
v -3.804001 0.058000 0.300001
v -4.456001 0.590000 0.300001
v -3.804001 0.590000 0.300001
v -3.804001 0.390000 0.300001
v -4.456001 0.390000 0.300001
v -4.604001 -0.150000 0.300001
v -4.456001 -0.150000 0.300001
v -4.456001 -0.066000 0.300001
v -3.804001 -0.066000 0.300001
v -3.804001 -0.158000 0.300001
v -3.662001 -0.158000 0.300001
v -3.662001 0.718000 0.300001
v -4.604001 0.718000 0.300001
v -2.298000 0.610000 0.300001
v -2.298000 0.940000 0.300001
v -1.246000 0.940000 0.300001
v -1.246000 0.610000 0.300001
v -2.298000 1.408000 0.300001
v -1.246000 1.408000 0.300001
v -1.246000 1.084000 0.300001
v -2.298000 1.084000 0.300001
v -2.298000 0.134000 0.300001
v -2.298000 0.466000 0.300001
v -1.246000 0.466000 0.300001
v -1.246000 0.134000 0.300001
v -2.454000 -0.148000 0.300001
v -2.298000 -0.148000 0.300001
v -2.298000 -0.012000 0.300001
v -1.246000 -0.012000 0.300001
v -1.246000 -0.148000 0.300001
v -1.096001 -0.148000 0.300001
v -1.096001 1.556000 0.300001
v -2.454000 1.556000 0.300001
v -0.337388 0.807168 0.300001
v -0.307594 0.795676 0.300001
v -0.276690 0.783531 0.300001
v -0.244742 0.770741 0.300001
v -0.211823 0.757311 0.300001
v -0.178001 0.743250 0.300001
v -0.143346 0.728564 0.300001
v -0.107926 0.713259 0.300001
v -0.071813 0.697344 0.300001
v -0.035074 0.680824 0.300001
v 0.002220 0.663707 0.300001
v 0.040000 0.646000 0.300001
v 0.033999 0.262000 0.300001
v 0.188000 0.262000 0.300001
v 0.187041 0.282538 0.300001
v 0.186167 0.304972 0.300001
v 0.185375 0.329031 0.300001
v 0.184667 0.354444 0.300001
v 0.184042 0.380941 0.300001
v 0.183500 0.408250 0.300001
v 0.183042 0.436101 0.300001
v 0.182667 0.464222 0.300001
v 0.182375 0.492344 0.300001
v 0.182166 0.520194 0.300001
v 0.182041 0.547503 0.300001
v 0.181999 0.574000 0.300001
v 0.227289 0.549323 0.300001
v 0.269990 0.524250 0.300001
v 0.309843 0.498719 0.300001
v 0.346592 0.472667 0.300001
v 0.379980 0.446031 0.300001
v 0.409750 0.418750 0.300001
v 0.435645 0.390760 0.300001
v 0.457408 0.362000 0.300001
v 0.474782 0.332406 0.300001
v 0.487510 0.301917 0.300001
v 0.495335 0.270469 0.300001
v 0.498000 0.238000 0.300001
v 0.494810 0.201688 0.300001
v 0.485490 0.170500 0.300001
v 0.470406 0.144063 0.300001
v 0.449925 0.122000 0.300001
v 0.424417 0.103938 0.300001
v 0.394250 0.089500 0.300001
v 0.359791 0.078313 0.300001
v 0.321407 0.070000 0.300001
v 0.279469 0.064188 0.300001
v 0.234343 0.060500 0.300001
v 0.186397 0.058563 0.300001
v 0.136000 0.058000 0.300001
v 0.095848 0.058372 0.300001
v 0.053612 0.059472 0.300001
v 0.009625 0.061281 0.300001
v -0.035777 0.063778 0.300001
v -0.082263 0.066941 0.300001
v -0.129499 0.070750 0.300001
v -0.177153 0.075184 0.300001
v -0.224889 0.080222 0.300001
v -0.272375 0.085844 0.300001
v -0.319278 0.092028 0.300001
v -0.365264 0.098753 0.300001
v -0.410000 0.106000 0.300001
v -0.406000 -0.054000 0.300001
v -0.366611 -0.058910 0.300001
v -0.324714 -0.063611 0.300001
v -0.280720 -0.068062 0.300001
v -0.235038 -0.072222 0.300001
v -0.188078 -0.076049 0.300001
v -0.140250 -0.079500 0.300001
v -0.091965 -0.082535 0.300001
v -0.043631 -0.085111 0.300001
v 0.004343 -0.087187 0.300001
v 0.051546 -0.088722 0.300001
v 0.097569 -0.089674 0.300001
v 0.142000 -0.090000 0.300001
v 0.212234 -0.088639 0.300001
v 0.279530 -0.084278 0.300001
v 0.343283 -0.076500 0.300001
v 0.402890 -0.064889 0.300001
v 0.457747 -0.049028 0.300001
v 0.507251 -0.028500 0.300001
v 0.550796 -0.002889 0.300001
v 0.587778 0.028222 0.300001
v 0.617594 0.065250 0.300001
v 0.639639 0.108611 0.300001
v 0.653309 0.158722 0.300001
v 0.658000 0.216000 0.300001
v 0.653182 0.273202 0.300001
v 0.639287 0.326954 0.300001
v 0.617156 0.377469 0.300001
v 0.587629 0.424963 0.300001
v 0.551547 0.469652 0.300001
v 0.509749 0.511750 0.300001
v 0.463077 0.551473 0.300001
v 0.412370 0.589037 0.300001
v 0.358468 0.624656 0.300001
v 0.302213 0.658546 0.300001
v 0.244443 0.690922 0.300001
v 0.186000 0.722000 0.300001
v 0.192063 0.742506 0.300001
v 0.200175 0.761046 0.300001
v 0.210218 0.777656 0.300001
v 0.222074 0.792370 0.300001
v 0.235623 0.805223 0.300001
v 0.250750 0.816250 0.300001
v 0.267334 0.825485 0.300001
v 0.285259 0.832963 0.300001
v 0.304406 0.838719 0.300001
v 0.324657 0.842787 0.300001
v 0.345895 0.845203 0.300001
v 0.368000 0.846000 0.300001
v 0.399519 0.844731 0.300001
v 0.430982 0.841018 0.300001
v 0.462250 0.835000 0.300001
v 0.493185 0.826815 0.300001
v 0.523648 0.816602 0.300001
v 0.553500 0.804500 0.300001
v 0.582603 0.790648 0.300001
v 0.610815 0.775185 0.300001
v 0.638000 0.758250 0.300001
v 0.664019 0.739982 0.300001
v 0.688731 0.720519 0.300001
v 0.712000 0.700000 0.300001
v 0.726466 0.686091 0.300001
v 0.740898 0.671398 0.300001
v 0.755343 0.655969 0.300001
v 0.769852 0.639852 0.300001
v 0.784471 0.623096 0.300001
v 0.799250 0.605750 0.300001
v 0.814237 0.587862 0.300001
v 0.829481 0.569481 0.300001
v 0.845031 0.550656 0.300001
v 0.860935 0.531435 0.300001
v 0.877242 0.511867 0.300001
v 0.894000 0.492000 0.300001
v 1.030000 0.592000 0.300001
v 0.969421 0.652205 0.300001
v 0.913553 0.710805 0.300001
v 0.862185 0.767781 0.300001
v 0.815109 0.823111 0.300001
v 0.772117 0.876774 0.300001
v 0.732999 0.928750 0.300001
v 0.697548 0.979017 0.300001
v 0.665555 1.027556 0.300001
v 0.636812 1.074344 0.300001
v 0.611111 1.119361 0.300001
v 0.588243 1.162587 0.300001
v 0.568000 1.204000 0.300001
v 0.656000 1.204000 0.300001
v 0.678420 1.204083 0.300001
v 0.702519 1.204333 0.300001
v 0.728064 1.204750 0.300001
v 0.754816 1.205333 0.300001
v 0.782540 1.206083 0.300001
v 0.811001 1.207000 0.300001
v 0.839961 1.208083 0.300001
v 0.869185 1.209333 0.300001
v 0.898438 1.210750 0.300001
v 0.927482 1.212333 0.300001
v 0.956081 1.214083 0.300001
v 0.984000 1.216000 0.300001
v 0.984000 1.366000 0.300001
v 0.956840 1.362626 0.300001
v 0.928547 1.359509 0.300001
v 0.899406 1.356656 0.300001
v 0.869704 1.354074 0.300001
v 0.839724 1.351770 0.300001
v 0.809751 1.349750 0.300001
v 0.780068 1.348022 0.300001
v 0.750963 1.346593 0.300001
v 0.722719 1.345469 0.300001
v 0.695621 1.344657 0.300001
v 0.669952 1.344166 0.300001
v 0.646000 1.344000 0.300001
v 0.514000 1.346000 0.300001
v 0.507212 1.367572 0.300001
v 0.500853 1.389241 0.300001
v 0.494938 1.410938 0.300001
v 0.489482 1.432593 0.300001
v 0.484498 1.454137 0.300001
v 0.480000 1.475500 0.300001
v 0.476003 1.496614 0.300001
v 0.472519 1.517408 0.300001
v 0.469563 1.537813 0.300001
v 0.467148 1.557759 0.300001
v 0.465289 1.577178 0.300001
v 0.464000 1.596000 0.300001
v 0.300000 1.582000 0.300001
v 0.303090 1.566626 0.300001
v 0.306380 1.550509 0.300001
v 0.309907 1.533656 0.300001
v 0.313704 1.516074 0.300001
v 0.317807 1.497770 0.300001
v 0.322250 1.478750 0.300001
v 0.327068 1.459022 0.300001
v 0.332296 1.438593 0.300001
v 0.337969 1.417469 0.300001
v 0.344120 1.395658 0.300001
v 0.350785 1.373166 0.300001
v 0.358000 1.350000 0.300001
v 0.306733 1.352671 0.300001
v 0.255036 1.355704 0.300001
v 0.203062 1.359125 0.300001
v 0.150963 1.362963 0.300001
v 0.098891 1.367245 0.300001
v 0.047000 1.372000 0.300001
v -0.004558 1.377255 0.300001
v -0.055630 1.383037 0.300001
v -0.106063 1.389375 0.300001
v -0.155704 1.396296 0.300001
v -0.204401 1.403829 0.300001
v -0.252001 1.412000 0.300001
v -0.250000 1.264000 0.300001
v -0.199505 1.256329 0.300001
v -0.147204 1.249296 0.300001
v -0.093376 1.242875 0.300001
v -0.038298 1.237037 0.300001
v 0.017754 1.231755 0.300001
v 0.074499 1.227000 0.300001
v 0.131661 1.222745 0.300001
v 0.188962 1.218963 0.300001
v 0.246124 1.215625 0.300001
v 0.302870 1.212704 0.300001
v 0.358921 1.210171 0.300001
v 0.414000 1.208000 0.300001
v 0.425905 1.181352 0.300001
v 0.438582 1.154482 0.300001
v 0.451968 1.127500 0.300001
v 0.466000 1.100519 0.300001
v 0.480615 1.073648 0.300001
v 0.495750 1.047000 0.300001
v 0.511344 1.020685 0.300001
v 0.527333 0.994815 0.300001
v 0.543656 0.969500 0.300001
v 0.560250 0.944852 0.300001
v 0.577052 0.920982 0.300001
v 0.594000 0.898000 0.300001
v 0.574206 0.909539 0.300001
v 0.552990 0.920148 0.300001
v 0.530593 0.929813 0.300001
v 0.507258 0.938519 0.300001
v 0.483230 0.946252 0.300001
v 0.458750 0.953000 0.300001
v 0.434061 0.958748 0.300001
v 0.409407 0.963482 0.300001
v 0.385031 0.967188 0.300001
v 0.361176 0.969852 0.300001
v 0.338084 0.971461 0.300001
v 0.316000 0.972000 0.300001
v 0.284030 0.970674 0.300001
v 0.253241 0.966722 0.300001
v 0.223812 0.960188 0.300001
v 0.195926 0.951111 0.300001
v 0.169762 0.939535 0.300001
v 0.145500 0.925500 0.300001
v 0.123322 0.909049 0.300001
v 0.103407 0.890222 0.300001
v 0.085937 0.869063 0.300001
v 0.071092 0.845611 0.300001
v 0.059052 0.819910 0.300001
v 0.049999 0.792000 0.300001
v 0.015835 0.808136 0.300001
v -0.017657 0.823583 0.300001
v -0.050468 0.838406 0.300001
v -0.082592 0.852667 0.300001
v -0.114021 0.866427 0.300001
v -0.144750 0.879750 0.300001
v -0.174769 0.892698 0.300001
v -0.204074 0.905333 0.300001
v -0.232656 0.917719 0.300001
v -0.260509 0.929917 0.300001
v -0.287626 0.941990 0.300001
v -0.314000 0.954000 0.300001
v -0.328760 0.960424 0.300001
v -0.343091 0.966722 0.300001
v -0.357061 0.972938 0.300001
v -0.370740 0.979111 0.300001
v -0.384196 0.985285 0.300001
v -0.397499 0.991500 0.300001
v -0.410719 0.997799 0.300001
v -0.423925 1.004222 0.300001
v -0.437187 1.010813 0.300001
v -0.450574 1.017611 0.300001
v -0.464155 1.024660 0.300001
v -0.478001 1.032000 0.300001
v -0.544001 0.882000 0.300001
v -0.530606 0.878220 0.300001
v -0.516510 0.873926 0.300001
v -0.501844 0.869188 0.300001
v -0.486741 0.864074 0.300001
v -0.471333 0.858655 0.300001
v -0.455750 0.853000 0.300001
v -0.440126 0.847178 0.300001
v -0.424593 0.841259 0.300001
v -0.409282 0.835313 0.300001
v -0.394324 0.829407 0.300001
v -0.379853 0.823613 0.300001
v -0.366000 0.818000 0.300001
v 2.740774 0.232793 0.300001
v 2.759027 0.193343 0.300001
v 2.778656 0.153906 0.300001
v 2.799555 0.114741 0.300001
v 2.821621 0.076103 0.300001
v 2.844750 0.038250 0.300001
v 2.868837 0.001439 0.300001
v 2.893778 -0.034074 0.300001
v 2.919469 -0.068031 0.300001
v 2.945806 -0.100176 0.300001
v 2.972684 -0.130251 0.300001
v 3.000000 -0.158000 0.300001
v 3.136000 -0.092000 0.300001
v 3.109604 -0.067590 0.300001
v 3.083500 -0.040556 0.300001
v 3.057812 -0.011188 0.300001
v 3.032666 0.020222 0.300001
v 3.008187 0.053382 0.300001
v 2.984500 0.088000 0.300001
v 2.961729 0.123785 0.300001
v 2.940000 0.160444 0.300001
v 2.919437 0.197687 0.300001
v 2.900167 0.235222 0.300001
v 2.882312 0.272757 0.300001
v 2.866000 0.310000 0.300001
v 2.724000 0.272000 0.300001
v 1.700000 0.572000 0.300001
v 1.700000 0.930000 0.300001
v 2.746000 0.930000 0.300001
v 2.746000 0.572000 0.300001
v 2.310000 1.680000 0.300001
v 2.160000 1.680000 0.300001
v 2.160000 1.468000 0.300001
v 1.400000 1.468000 0.300001
v 1.400000 1.326000 0.300001
v 2.160000 1.326000 0.300001
v 2.160000 1.072000 0.300001
v 1.550000 1.072000 0.300001
v 1.550000 0.432000 0.300001
v 2.888000 0.432000 0.300001
v 2.888000 1.072000 0.300000
v 2.310000 1.072000 0.300001
v 2.390712 0.235271 0.300001
v 2.383870 0.201333 0.300001
v 2.377499 0.166563 0.300001
v 2.371629 0.131333 0.300001
v 2.366286 0.096021 0.300001
v 2.361499 0.061000 0.300001
v 2.357296 0.026646 0.300001
v 2.353703 -0.006667 0.300001
v 2.350749 -0.038562 0.300001
v 2.348463 -0.068667 0.300001
v 2.346870 -0.096604 0.300001
v 2.346000 -0.122000 0.300001
v 2.498000 -0.142000 0.300001
v 2.498330 -0.115645 0.300001
v 2.499305 -0.086824 0.300001
v 2.500906 -0.055906 0.300001
v 2.503111 -0.023259 0.300001
v 2.505899 0.010749 0.300001
v 2.509250 0.045750 0.300001
v 2.513142 0.081376 0.300001
v 2.517555 0.117259 0.300001
v 2.522469 0.153031 0.300001
v 2.527861 0.188324 0.300001
v 2.533712 0.222770 0.300001
v 2.540000 0.256000 0.300001
v 2.398000 0.268000 0.300001
v 1.974483 0.252726 0.300001
v 1.959028 0.220139 0.300001
v 1.943781 0.186594 0.300001
v 1.928889 0.152444 0.300001
v 1.914496 0.118045 0.300001
v 1.900750 0.083750 0.300001
v 1.887795 0.049913 0.300001
v 1.875778 0.016889 0.300001
v 1.864844 -0.014969 0.300001
v 1.855139 -0.045306 0.300001
v 1.846809 -0.073767 0.300001
v 1.840000 -0.100000 0.300001
v 1.986000 -0.138000 0.300001
v 1.992269 -0.111648 0.300001
v 1.999982 -0.082852 0.300001
v 2.009000 -0.052000 0.300001
v 2.019186 -0.019481 0.300001
v 2.030398 0.014315 0.300001
v 2.042500 0.049000 0.300001
v 2.055352 0.084185 0.300001
v 2.068815 0.119482 0.300001
v 2.082750 0.154500 0.300001
v 2.097018 0.188852 0.300001
v 2.111481 0.222148 0.300001
v 2.125999 0.254000 0.300001
v 1.990000 0.284000 0.300001
v 1.558713 0.289643 0.300001
v 1.533045 0.255815 0.300001
v 1.507280 0.220875 0.300001
v 1.481703 0.185185 0.300001
v 1.456597 0.149107 0.300001
v 1.432249 0.113000 0.300001
v 1.408942 0.077227 0.300001
v 1.386962 0.042148 0.300001
v 1.366593 0.008125 0.300001
v 1.348120 -0.024481 0.300001
v 1.331827 -0.055310 0.300001
v 1.318000 -0.084000 0.300001
v 1.460000 -0.144000 0.300001
v 1.472829 -0.115153 0.300001
v 1.488138 -0.083889 0.300001
v 1.505656 -0.050625 0.300001
v 1.525111 -0.015778 0.300001
v 1.546232 0.020236 0.300001
v 1.568749 0.057000 0.300001
v 1.592392 0.094097 0.300001
v 1.616889 0.131111 0.300001
v 1.641968 0.167625 0.300001
v 1.667361 0.203222 0.300001
v 1.692795 0.237486 0.300001
v 1.717999 0.270000 0.300001
v 1.584000 0.322000 0.300001
v 3.784116 -0.012248 0.300000
v 3.844259 0.004685 0.300000
v 3.900125 0.032313 0.300000
v 3.951407 0.070148 0.300000
v 3.997801 0.117706 0.300000
v 4.039000 0.174500 0.300000
v 4.074699 0.240044 0.300000
v 4.104592 0.313852 0.300000
v 4.128375 0.395438 0.300000
v 4.145741 0.484315 0.300000
v 4.156384 0.579998 0.300000
v 4.160000 0.682000 0.300000
v 4.156384 0.784003 0.300000
v 4.145740 0.879685 0.300000
v 4.128374 0.968563 0.300000
v 4.104592 1.050148 0.300000
v 4.074698 1.123956 0.300000
v 4.039000 1.189500 0.300000
v 3.997800 1.246294 0.300000
v 3.951407 1.293852 0.300000
v 3.900125 1.331688 0.300000
v 3.844259 1.359315 0.300000
v 3.784115 1.376248 0.300000
v 3.720000 1.382000 0.300000
v 3.655884 1.376248 0.300000
v 3.595740 1.359315 0.300000
v 3.539875 1.331688 0.300000
v 3.488592 1.293852 0.300000
v 3.442199 1.246294 0.300000
v 3.401000 1.189500 0.300000
v 3.365301 1.123956 0.300000
v 3.335407 1.050148 0.300000
v 3.311625 0.968563 0.300000
v 3.294259 0.879685 0.300000
v 3.283616 0.784002 0.300000
v 3.280000 0.682000 0.300000
v 3.283616 0.579998 0.300000
v 3.294260 0.484315 0.300000
v 3.311625 0.395438 0.300000
v 3.335408 0.313852 0.300000
v 3.365301 0.240044 0.300000
v 3.401000 0.174500 0.300000
v 3.442199 0.117706 0.300000
v 3.488593 0.070148 0.300000
v 3.539875 0.032313 0.300000
v 3.595741 0.004685 0.300000
v 3.655884 -0.012248 0.300000
v 3.720000 -0.018000 0.300000
v 3.756730 1.191998 0.300000
v 3.790851 1.180148 0.300000
v 3.822249 1.160688 0.300000
v 3.850814 1.133852 0.300000
v 3.876434 1.099877 0.300000
v 3.898999 1.059000 0.300000
v 3.918397 1.011456 0.300000
v 3.934518 0.957482 0.300000
v 3.947249 0.897313 0.300000
v 3.956481 0.831185 0.300000
v 3.962101 0.759336 0.300000
v 3.964000 0.682000 0.300000
v 3.962102 0.604664 0.300000
v 3.956482 0.532815 0.300000
v 3.947250 0.466688 0.300000
v 3.934519 0.406519 0.300000
v 3.918398 0.352544 0.300000
v 3.899000 0.305000 0.300000
v 3.876435 0.264123 0.300000
v 3.850815 0.230148 0.300000
v 3.822250 0.203313 0.300000
v 3.790852 0.183852 0.300000
v 3.756731 0.172002 0.300000
v 3.720000 0.168000 0.300000
v 3.683270 0.172002 0.300000
v 3.649149 0.183852 0.300000
v 3.617751 0.203313 0.300000
v 3.589186 0.230148 0.300000
v 3.563565 0.264123 0.300000
v 3.541000 0.305000 0.300000
v 3.521602 0.352544 0.300000
v 3.505482 0.406519 0.300000
v 3.492750 0.466688 0.300000
v 3.483519 0.532815 0.300000
v 3.477898 0.604664 0.300000
v 3.476000 0.682000 0.300000
v 3.477897 0.759336 0.300000
v 3.483518 0.831185 0.300000
v 3.492749 0.897312 0.300000
v 3.505481 0.957481 0.300000
v 3.521601 1.011456 0.300000
v 3.540999 1.059000 0.300000
v 3.563564 1.099877 0.300000
v 3.589185 1.133852 0.300000
v 3.617750 1.160688 0.300000
v 3.649148 1.180148 0.300000
v 3.683269 1.191998 0.300000
v 3.720000 1.196000 0.300000
v 4.784115 -0.012248 0.300000
v 4.844259 0.004685 0.300000
v 4.900125 0.032313 0.300000
v 4.951407 0.070148 0.300000
v 4.997800 0.117706 0.300000
v 5.039000 0.174500 0.300000
v 5.074698 0.240044 0.300000
v 5.104592 0.313852 0.300000
v 5.128375 0.395438 0.300000
v 5.145741 0.484315 0.300000
v 5.156384 0.579998 0.300000
v 5.160000 0.682000 0.300000
v 5.156384 0.784003 0.300000
v 5.145741 0.879685 0.300000
v 5.128375 0.968563 0.300000
v 5.104592 1.050148 0.300000
v 5.074698 1.123956 0.300000
v 5.039000 1.189500 0.300000
v 4.997800 1.246294 0.300000
v 4.951407 1.293852 0.300000
v 4.900125 1.331688 0.300000
v 4.844259 1.359315 0.300000
v 4.784115 1.376248 0.300000
v 4.720000 1.382000 0.300000
v 4.655884 1.376248 0.300000
v 4.595740 1.359315 0.300000
v 4.539875 1.331688 0.300000
v 4.488592 1.293852 0.300000
v 4.442199 1.246294 0.300000
v 4.401000 1.189500 0.300000
v 4.365301 1.123956 0.300000
v 4.335407 1.050148 0.300000
v 4.311625 0.968563 0.300000
v 4.294259 0.879685 0.300000
v 4.283616 0.784002 0.300000
v 4.280000 0.682000 0.300000
v 4.283616 0.579998 0.300000
v 4.294260 0.484315 0.300000
v 4.311625 0.395438 0.300000
v 4.335408 0.313852 0.300000
v 4.365301 0.240044 0.300000
v 4.401000 0.174500 0.300000
v 4.442199 0.117706 0.300000
v 4.488593 0.070148 0.300000
v 4.539875 0.032313 0.300000
v 4.595741 0.004685 0.300000
v 4.655884 -0.012248 0.300000
v 4.720000 -0.018000 0.300000
v 4.756730 1.191998 0.300000
v 4.790851 1.180148 0.300000
v 4.822249 1.160688 0.300000
v 4.850814 1.133852 0.300000
v 4.876434 1.099877 0.300000
v 4.898999 1.059000 0.300000
v 4.918397 1.011456 0.300000
v 4.934518 0.957482 0.300000
v 4.947249 0.897313 0.300000
v 4.956481 0.831185 0.300000
v 4.962101 0.759336 0.300000
v 4.964000 0.682000 0.300000
v 4.962102 0.604664 0.300000
v 4.956482 0.532815 0.300000
v 4.947250 0.466688 0.300000
v 4.934519 0.406519 0.300000
v 4.918398 0.352544 0.300000
v 4.899000 0.305000 0.300000
v 4.876435 0.264123 0.300000
v 4.850815 0.230148 0.300000
v 4.822250 0.203313 0.300000
v 4.790852 0.183852 0.300000
v 4.756731 0.172002 0.300000
v 4.720000 0.168000 0.300000
v 4.683270 0.172002 0.300000
v 4.649149 0.183852 0.300000
v 4.617751 0.203313 0.300000
v 4.589186 0.230148 0.300000
v 4.563565 0.264123 0.300000
v 4.541000 0.305000 0.300000
v 4.521602 0.352544 0.300000
v 4.505482 0.406519 0.300000
v 4.492750 0.466688 0.300000
v 4.483519 0.532815 0.300000
v 4.477898 0.604664 0.300000
v 4.476000 0.682000 0.300000
v 4.477897 0.759336 0.300000
v 4.483518 0.831185 0.300000
v 4.492749 0.897312 0.300000
v 4.505481 0.957481 0.300000
v 4.521601 1.011456 0.300000
v 4.540999 1.059000 0.300000
v 4.563564 1.099877 0.300000
v 4.589185 1.133852 0.300000
v 4.617750 1.160688 0.300000
v 4.649148 1.180148 0.300000
v 4.683269 1.191998 0.300000
v 4.720000 1.196000 0.300000
v 5.816000 0.000000 0.300000
v 5.816000 1.364000 0.300000
v 5.620000 1.364000 0.300000
v 5.620000 0.000000 0.300000
v 5.816000 0.000000 0.300000
v 5.816000 -0.000000 -0.300000
v 5.816000 1.364000 0.300000
v 5.816000 1.364000 -0.300000
v 5.620000 1.364000 0.300000
v 5.620000 1.364000 -0.300000
v 5.620000 0.000000 0.300000
v 5.620000 -0.000000 -0.300000
v 4.784115 -0.012248 0.300000
v 4.784115 -0.012248 -0.300000
v 4.844259 0.004685 0.300000
v 4.844259 0.004685 -0.300000
v 4.900125 0.032313 0.300000
v 4.900125 0.032313 -0.300000
v 4.951407 0.070148 0.300000
v 4.951407 0.070148 -0.300000
v 4.997800 0.117706 0.300000
v 4.997800 0.117706 -0.300000
v 5.039000 0.174500 0.300000
v 5.039000 0.174500 -0.300000
v 5.074698 0.240044 0.300000
v 5.074698 0.240044 -0.300000
v 5.104592 0.313852 0.300000
v 5.104592 0.313852 -0.300000
v 5.128375 0.395438 0.300000
v 5.128375 0.395438 -0.300000
v 5.145741 0.484315 0.300000
v 5.145741 0.484315 -0.300000
v 5.156384 0.579998 0.300000
v 5.156384 0.579998 -0.300000
v 5.160000 0.682000 0.300000
v 5.160000 0.682000 -0.300000
v 5.156384 0.784003 0.300000
v 5.156384 0.784003 -0.300000
v 5.145741 0.879685 0.300000
v 5.145741 0.879685 -0.300000
v 5.128375 0.968563 0.300000
v 5.128375 0.968563 -0.300000
v 5.104592 1.050148 0.300000
v 5.104592 1.050148 -0.300000
v 5.074698 1.123956 0.300000
v 5.074698 1.123956 -0.300000
v 5.039000 1.189500 0.300000
v 5.039000 1.189500 -0.300000
v 4.997800 1.246294 0.300000
v 4.997800 1.246294 -0.300000
v 4.951407 1.293852 0.300000
v 4.951407 1.293852 -0.300000
v 4.900125 1.331688 0.300000
v 4.900125 1.331688 -0.300000
v 4.844259 1.359315 0.300000
v 4.844259 1.359315 -0.300000
v 4.784115 1.376248 0.300000
v 4.784115 1.376248 -0.300000
v 4.720000 1.382000 0.300000
v 4.720000 1.382000 -0.300000
v 4.655884 1.376248 0.300000
v 4.655884 1.376248 -0.300000
v 4.595740 1.359315 0.300000
v 4.595740 1.359315 -0.300000
v 4.539875 1.331688 0.300000
v 4.539875 1.331688 -0.300000
v 4.488592 1.293852 0.300000
v 4.488592 1.293852 -0.300000
v 4.442199 1.246294 0.300000
v 4.442199 1.246294 -0.300000
v 4.401000 1.189500 0.300000
v 4.401000 1.189500 -0.300000
v 4.365301 1.123956 0.300000
v 4.365301 1.123956 -0.300000
v 4.335407 1.050148 0.300000
v 4.335407 1.050148 -0.300000
v 4.311625 0.968563 0.300000
v 4.311625 0.968563 -0.300000
v 4.294259 0.879685 0.300000
v 4.294259 0.879685 -0.300000
v 4.283616 0.784002 0.300000
v 4.283616 0.784002 -0.300000
v 4.280000 0.682000 0.300000
v 4.280000 0.682000 -0.300000
v 4.283616 0.579998 0.300000
v 4.283616 0.579998 -0.300000
v 4.294260 0.484315 0.300000
v 4.294260 0.484315 -0.300000
v 4.311625 0.395438 0.300000
v 4.311625 0.395438 -0.300000
v 4.335408 0.313852 0.300000
v 4.335408 0.313852 -0.300000
v 4.365301 0.240044 0.300000
v 4.365301 0.240044 -0.300000
v 4.401000 0.174500 0.300000
v 4.401000 0.174500 -0.300000
v 4.442199 0.117706 0.300000
v 4.442199 0.117706 -0.300000
v 4.488593 0.070148 0.300000
v 4.488593 0.070148 -0.300000
v 4.539875 0.032313 0.300000
v 4.539875 0.032312 -0.300000
v 4.595741 0.004685 0.300000
v 4.595741 0.004685 -0.300000
v 4.655884 -0.012248 0.300000
v 4.655884 -0.012248 -0.300000
v 4.720000 -0.018000 0.300000
v 4.720000 -0.018000 -0.300000
v 4.756730 1.191998 0.300000
v 4.756730 1.191998 -0.300000
v 4.790851 1.180148 0.300000
v 4.790851 1.180148 -0.300000
v 4.822249 1.160688 0.300000
v 4.822249 1.160688 -0.300000
v 4.850814 1.133852 0.300000
v 4.850814 1.133852 -0.300000
v 4.876434 1.099877 0.300000
v 4.876434 1.099877 -0.300000
v 4.898999 1.059000 0.300000
v 4.898999 1.059000 -0.300000
v 4.918397 1.011456 0.300000
v 4.918397 1.011456 -0.300000
v 4.934518 0.957482 0.300000
v 4.934518 0.957482 -0.300000
v 4.947249 0.897313 0.300000
v 4.947249 0.897313 -0.300000
v 4.956481 0.831185 0.300000
v 4.956481 0.831185 -0.300000
v 4.962101 0.759336 0.300000
v 4.962101 0.759336 -0.300000
v 4.964000 0.682000 0.300000
v 4.964000 0.682000 -0.300000
v 4.962102 0.604664 0.300000
v 4.962102 0.604664 -0.300000
v 4.956482 0.532815 0.300000
v 4.956482 0.532815 -0.300000
v 4.947250 0.466688 0.300000
v 4.947250 0.466688 -0.300000
v 4.934519 0.406519 0.300000
v 4.934519 0.406519 -0.300000
v 4.918398 0.352544 0.300000
v 4.918398 0.352544 -0.300000
v 4.899000 0.305000 0.300000
v 4.899000 0.305000 -0.300000
v 4.876435 0.264123 0.300000
v 4.876435 0.264123 -0.300000
v 4.850815 0.230148 0.300000
v 4.850815 0.230148 -0.300000
v 4.822250 0.203313 0.300000
v 4.822250 0.203313 -0.300000
v 4.790852 0.183852 0.300000
v 4.790852 0.183852 -0.300000
v 4.756731 0.172002 0.300000
v 4.756731 0.172002 -0.300000
v 4.720000 0.168000 0.300000
v 4.720000 0.168000 -0.300000
v 4.683270 0.172002 0.300000
v 4.683270 0.172002 -0.300000
v 4.649149 0.183852 0.300000
v 4.649149 0.183852 -0.300000
v 4.617751 0.203313 0.300000
v 4.617751 0.203313 -0.300000
v 4.589186 0.230148 0.300000
v 4.589186 0.230148 -0.300000
v 4.563565 0.264123 0.300000
v 4.563565 0.264123 -0.300000
v 4.541000 0.305000 0.300000
v 4.541000 0.305000 -0.300000
v 4.521602 0.352544 0.300000
v 4.521602 0.352544 -0.300000
v 4.505482 0.406519 0.300000
v 4.505482 0.406519 -0.300000
v 4.492750 0.466688 0.300000
v 4.492750 0.466688 -0.300000
v 4.483519 0.532815 0.300000
v 4.483519 0.532815 -0.300000
v 4.477898 0.604664 0.300000
v 4.477898 0.604664 -0.300000
v 4.476000 0.682000 0.300000
v 4.476000 0.682000 -0.300000
v 4.477897 0.759336 0.300000
v 4.477897 0.759336 -0.300000
v 4.483518 0.831185 0.300000
v 4.483518 0.831185 -0.300000
v 4.492749 0.897312 0.300000
v 4.492749 0.897312 -0.300000
v 4.505481 0.957481 0.300000
v 4.505481 0.957481 -0.300000
v 4.521601 1.011456 0.300000
v 4.521601 1.011456 -0.300000
v 4.540999 1.059000 0.300000
v 4.540999 1.059000 -0.300000
v 4.563564 1.099877 0.300000
v 4.563564 1.099877 -0.300000
v 4.589185 1.133852 0.300000
v 4.589185 1.133852 -0.300000
v 4.617750 1.160688 0.300000
v 4.617750 1.160688 -0.300000
v 4.649148 1.180148 0.300000
v 4.649148 1.180148 -0.300000
v 4.683269 1.191998 0.300000
v 4.683269 1.191998 -0.300000
v 4.720000 1.196000 0.300000
v 4.720000 1.196000 -0.300000
v 3.784116 -0.012248 0.300000
v 3.784116 -0.012248 -0.300000
v 3.844259 0.004685 0.300000
v 3.844259 0.004685 -0.300000
v 3.900125 0.032313 0.300000
v 3.900125 0.032313 -0.300000
v 3.951407 0.070148 0.300000
v 3.951407 0.070148 -0.300000
v 3.997801 0.117706 0.300000
v 3.997801 0.117706 -0.300000
v 4.039000 0.174500 0.300000
v 4.039000 0.174500 -0.300000
v 4.074699 0.240044 0.300000
v 4.074699 0.240044 -0.300000
v 4.104592 0.313852 0.300000
v 4.104592 0.313852 -0.300000
v 4.128375 0.395438 0.300000
v 4.128375 0.395438 -0.300000
v 4.145741 0.484315 0.300000
v 4.145741 0.484315 -0.300000
v 4.156384 0.579998 0.300000
v 4.156384 0.579998 -0.300000
v 4.160000 0.682000 0.300000
v 4.160000 0.682000 -0.300000
v 4.156384 0.784003 0.300000
v 4.156384 0.784003 -0.300000
v 4.145740 0.879685 0.300000
v 4.145740 0.879685 -0.300000
v 4.128374 0.968563 0.300000
v 4.128374 0.968563 -0.300000
v 4.104592 1.050148 0.300000
v 4.104592 1.050148 -0.300000
v 4.074698 1.123956 0.300000
v 4.074698 1.123956 -0.300000
v 4.039000 1.189500 0.300000
v 4.039000 1.189500 -0.300000
v 3.997800 1.246294 0.300000
v 3.997800 1.246294 -0.300000
v 3.951407 1.293852 0.300000
v 3.951407 1.293852 -0.300000
v 3.900125 1.331688 0.300000
v 3.900125 1.331688 -0.300000
v 3.844259 1.359315 0.300000
v 3.844259 1.359315 -0.300000
v 3.784115 1.376248 0.300000
v 3.784115 1.376248 -0.300000
v 3.720000 1.382000 0.300000
v 3.720000 1.382000 -0.300000
v 3.655884 1.376248 0.300000
v 3.655884 1.376248 -0.300000
v 3.595740 1.359315 0.300000
v 3.595740 1.359315 -0.300000
v 3.539875 1.331688 0.300000
v 3.539875 1.331688 -0.300000
v 3.488592 1.293852 0.300000
v 3.488592 1.293852 -0.300000
v 3.442199 1.246294 0.300000
v 3.442199 1.246294 -0.300000
v 3.401000 1.189500 0.300000
v 3.401000 1.189500 -0.300000
v 3.365301 1.123956 0.300000
v 3.365301 1.123956 -0.300000
v 3.335407 1.050148 0.300000
v 3.335407 1.050148 -0.300000
v 3.311625 0.968563 0.300000
v 3.311625 0.968563 -0.300000
v 3.294259 0.879685 0.300000
v 3.294259 0.879685 -0.300000
v 3.283616 0.784002 0.300000
v 3.283616 0.784002 -0.300000
v 3.280000 0.682000 0.300000
v 3.280000 0.682000 -0.300000
v 3.283616 0.579998 0.300000
v 3.283616 0.579998 -0.300000
v 3.294260 0.484315 0.300000
v 3.294260 0.484315 -0.300000
v 3.311625 0.395438 0.300000
v 3.311625 0.395438 -0.300000
v 3.335408 0.313852 0.300000
v 3.335408 0.313852 -0.300000
v 3.365301 0.240044 0.300000
v 3.365301 0.240044 -0.300000
v 3.401000 0.174500 0.300000
v 3.401000 0.174500 -0.300000
v 3.442199 0.117706 0.300000
v 3.442199 0.117706 -0.300000
v 3.488593 0.070148 0.300000
v 3.488593 0.070148 -0.300000
v 3.539875 0.032313 0.300000
v 3.539875 0.032312 -0.300000
v 3.595741 0.004685 0.300000
v 3.595741 0.004685 -0.300000
v 3.655884 -0.012248 0.300000
v 3.655884 -0.012248 -0.300000
v 3.720000 -0.018000 0.300000
v 3.720000 -0.018000 -0.300000
v 3.756730 1.191998 0.300000
v 3.756730 1.191998 -0.300000
v 3.790851 1.180148 0.300000
v 3.790851 1.180148 -0.300000
v 3.822249 1.160688 0.300000
v 3.822249 1.160688 -0.300000
v 3.850814 1.133852 0.300000
v 3.850814 1.133852 -0.300000
v 3.876434 1.099877 0.300000
v 3.876434 1.099877 -0.300000
v 3.898999 1.059000 0.300000
v 3.898999 1.059000 -0.300000
v 3.918397 1.011456 0.300000
v 3.918397 1.011456 -0.300000
v 3.934518 0.957482 0.300000
v 3.934518 0.957482 -0.300000
v 3.947249 0.897313 0.300000
v 3.947249 0.897313 -0.300000
v 3.956481 0.831185 0.300000
v 3.956481 0.831185 -0.300000
v 3.962101 0.759336 0.300000
v 3.962101 0.759336 -0.300000
v 3.964000 0.682000 0.300000
v 3.964000 0.682000 -0.300000
v 3.962102 0.604664 0.300000
v 3.962102 0.604664 -0.300000
v 3.956482 0.532815 0.300000
v 3.956482 0.532815 -0.300000
v 3.947250 0.466688 0.300000
v 3.947250 0.466688 -0.300000
v 3.934519 0.406519 0.300000
v 3.934519 0.406519 -0.300000
v 3.918398 0.352544 0.300000
v 3.918398 0.352544 -0.300000
v 3.899000 0.305000 0.300000
v 3.899000 0.305000 -0.300000
v 3.876435 0.264123 0.300000
v 3.876435 0.264123 -0.300000
v 3.850815 0.230148 0.300000
v 3.850815 0.230148 -0.300000
v 3.822250 0.203313 0.300000
v 3.822250 0.203313 -0.300000
v 3.790852 0.183852 0.300000
v 3.790852 0.183852 -0.300000
v 3.756731 0.172002 0.300000
v 3.756731 0.172002 -0.300000
v 3.720000 0.168000 0.300000
v 3.720000 0.168000 -0.300000
v 3.683270 0.172002 0.300000
v 3.683270 0.172002 -0.300000
v 3.649149 0.183852 0.300000
v 3.649149 0.183852 -0.300000
v 3.617751 0.203313 0.300000
v 3.617751 0.203313 -0.300000
v 3.589186 0.230148 0.300000
v 3.589186 0.230148 -0.300000
v 3.563565 0.264123 0.300000
v 3.563565 0.264123 -0.300000
v 3.541000 0.305000 0.300000
v 3.541000 0.305000 -0.300000
v 3.521602 0.352544 0.300000
v 3.521602 0.352544 -0.300000
v 3.505482 0.406519 0.300000
v 3.505482 0.406519 -0.300000
v 3.492750 0.466688 0.300000
v 3.492750 0.466688 -0.300000
v 3.483519 0.532815 0.300000
v 3.483519 0.532815 -0.300000
v 3.477898 0.604664 0.300000
v 3.477898 0.604664 -0.300000
v 3.476000 0.682000 0.300000
v 3.476000 0.682000 -0.300000
v 3.477897 0.759336 0.300000
v 3.477897 0.759336 -0.300000
v 3.483518 0.831185 0.300000
v 3.483518 0.831185 -0.300000
v 3.492749 0.897312 0.300000
v 3.492749 0.897312 -0.300000
v 3.505481 0.957481 0.300000
v 3.505481 0.957481 -0.300000
v 3.521601 1.011456 0.300000
v 3.521601 1.011456 -0.300000
v 3.540999 1.059000 0.300000
v 3.540999 1.059000 -0.300000
v 3.563564 1.099877 0.300000
v 3.563564 1.099877 -0.300000
v 3.589185 1.133852 0.300000
v 3.589185 1.133852 -0.300000
v 3.617750 1.160688 0.300000
v 3.617750 1.160688 -0.300000
v 3.649148 1.180148 0.300000
v 3.649148 1.180148 -0.300000
v 3.683269 1.191998 0.300000
v 3.683269 1.191998 -0.300000
v 3.720000 1.196000 0.300000
v 3.720000 1.196000 -0.300000
v 1.700000 0.572000 0.300001
v 1.700000 0.572000 -0.299999
v 1.700000 0.930000 0.300001
v 1.700000 0.930000 -0.299999
v 2.746000 0.930000 0.300001
v 2.746000 0.930000 -0.300000
v 2.746000 0.572000 0.300001
v 2.746000 0.572000 -0.299999
v 2.390712 0.235271 0.300001
v 2.390712 0.235271 -0.299999
v 2.383870 0.201333 0.300001
v 2.383870 0.201333 -0.299999
v 2.377499 0.166563 0.300001
v 2.377499 0.166562 -0.299999
v 2.371629 0.131333 0.300001
v 2.371629 0.131333 -0.299999
v 2.366286 0.096021 0.300001
v 2.366286 0.096021 -0.299999
v 2.361499 0.061000 0.300001
v 2.361499 0.061000 -0.299999
v 2.357296 0.026646 0.300001
v 2.357296 0.026646 -0.299999
v 2.353703 -0.006667 0.300001
v 2.353703 -0.006667 -0.299999
v 2.350749 -0.038562 0.300001
v 2.350749 -0.038563 -0.299999
v 2.348463 -0.068667 0.300001
v 2.348463 -0.068667 -0.299999
v 2.346870 -0.096604 0.300001
v 2.346870 -0.096604 -0.299999
v 2.346000 -0.122000 0.300001
v 2.346000 -0.122000 -0.299999
v 2.498000 -0.142000 0.300001
v 2.498000 -0.142000 -0.299999
v 2.498330 -0.115645 0.300001
v 2.498330 -0.115645 -0.299999
v 2.499305 -0.086824 0.300001
v 2.499305 -0.086824 -0.299999
v 2.500906 -0.055906 0.300001
v 2.500906 -0.055906 -0.299999
v 2.503111 -0.023259 0.300001
v 2.503111 -0.023259 -0.299999
v 2.505899 0.010749 0.300001
v 2.505899 0.010749 -0.299999
v 2.509250 0.045750 0.300001
v 2.509250 0.045750 -0.299999
v 2.513142 0.081376 0.300001
v 2.513142 0.081376 -0.299999
v 2.517555 0.117259 0.300001
v 2.517555 0.117259 -0.299999
v 2.522469 0.153031 0.300001
v 2.522469 0.153031 -0.299999
v 2.527861 0.188324 0.300001
v 2.527861 0.188324 -0.299999
v 2.533712 0.222770 0.300001
v 2.533712 0.222770 -0.299999
v 2.540000 0.256000 0.300001
v 2.540000 0.256000 -0.299999
v 2.398000 0.268000 0.300001
v 2.398000 0.268000 -0.299999
v 1.974483 0.252726 0.300001
v 1.974483 0.252726 -0.299999
v 1.959028 0.220139 0.300001
v 1.959028 0.220139 -0.299999
v 1.943781 0.186594 0.300001
v 1.943781 0.186594 -0.299999
v 1.928889 0.152444 0.300001
v 1.928889 0.152444 -0.299999
v 1.914496 0.118045 0.300001
v 1.914496 0.118045 -0.299999
v 1.900750 0.083750 0.300001
v 1.900750 0.083750 -0.299999
v 1.887795 0.049913 0.300001
v 1.887795 0.049913 -0.299999
v 1.875778 0.016889 0.300001
v 1.875778 0.016889 -0.299999
v 1.864844 -0.014969 0.300001
v 1.864844 -0.014969 -0.299999
v 1.855139 -0.045306 0.300001
v 1.855139 -0.045306 -0.299999
v 1.846809 -0.073767 0.300001
v 1.846809 -0.073767 -0.299999
v 1.840000 -0.100000 0.300001
v 1.840000 -0.100000 -0.299999
v 1.986000 -0.138000 0.300001
v 1.986000 -0.138000 -0.299999
v 1.992269 -0.111648 0.300001
v 1.992269 -0.111648 -0.299999
v 1.999982 -0.082852 0.300001
v 1.999982 -0.082852 -0.299999
v 2.009000 -0.052000 0.300001
v 2.009000 -0.052000 -0.299999
v 2.019186 -0.019481 0.300001
v 2.019186 -0.019481 -0.299999
v 2.030398 0.014315 0.300001
v 2.030398 0.014315 -0.299999
v 2.042500 0.049000 0.300001
v 2.042500 0.049000 -0.299999
v 2.055352 0.084185 0.300001
v 2.055352 0.084185 -0.299999
v 2.068815 0.119482 0.300001
v 2.068815 0.119482 -0.299999
v 2.082750 0.154500 0.300001
v 2.082750 0.154500 -0.299999
v 2.097018 0.188852 0.300001
v 2.097018 0.188852 -0.299999
v 2.111481 0.222148 0.300001
v 2.111481 0.222148 -0.299999
v 2.125999 0.254000 0.300001
v 2.125999 0.254000 -0.299999
v 1.990000 0.284000 0.300001
v 1.990000 0.284000 -0.299999
v 1.558713 0.289643 0.300001
v 1.558713 0.289643 -0.299999
v 1.533045 0.255815 0.300001
v 1.533045 0.255815 -0.299999
v 1.507280 0.220875 0.300001
v 1.507280 0.220875 -0.299999
v 1.481703 0.185185 0.300001
v 1.481703 0.185185 -0.299999
v 1.456597 0.149107 0.300001
v 1.456597 0.149106 -0.299999
v 1.432249 0.113000 0.300001
v 1.432249 0.113000 -0.299999
v 1.408942 0.077227 0.300001
v 1.408942 0.077227 -0.299999
v 1.386962 0.042148 0.300001
v 1.386962 0.042148 -0.299999
v 1.366593 0.008125 0.300001
v 1.366593 0.008125 -0.299999
v 1.348120 -0.024481 0.300001
v 1.348120 -0.024481 -0.299999
v 1.331827 -0.055310 0.300001
v 1.331827 -0.055310 -0.299999
v 1.318000 -0.084000 0.300001
v 1.318000 -0.084000 -0.299999
v 1.460000 -0.144000 0.300001
v 1.460000 -0.144000 -0.299999
v 1.472829 -0.115153 0.300001
v 1.472829 -0.115153 -0.299999
v 1.488138 -0.083889 0.300001
v 1.488138 -0.083889 -0.299999
v 1.505656 -0.050625 0.300001
v 1.505656 -0.050625 -0.299999
v 1.525111 -0.015778 0.300001
v 1.525111 -0.015778 -0.299999
v 1.546232 0.020236 0.300001
v 1.546232 0.020236 -0.299999
v 1.568749 0.057000 0.300001
v 1.568749 0.057000 -0.299999
v 1.592392 0.094097 0.300001
v 1.592392 0.094097 -0.299999
v 1.616889 0.131111 0.300001
v 1.616889 0.131111 -0.299999
v 1.641968 0.167625 0.300001
v 1.641968 0.167625 -0.299999
v 1.667361 0.203222 0.300001
v 1.667361 0.203222 -0.299999
v 1.692795 0.237486 0.300001
v 1.692795 0.237486 -0.299999
v 1.717999 0.270000 0.300001
v 1.717999 0.270000 -0.299999
v 1.584000 0.322000 0.300001
v 1.584000 0.322000 -0.299999
v 2.740774 0.232793 0.300001
v 2.740774 0.232793 -0.299999
v 2.759027 0.193343 0.300001
v 2.759027 0.193343 -0.299999
v 2.778656 0.153906 0.300001
v 2.778656 0.153906 -0.299999
v 2.799555 0.114741 0.300001
v 2.799555 0.114741 -0.299999
v 2.821621 0.076103 0.300001
v 2.821621 0.076103 -0.299999
v 2.844750 0.038250 0.300001
v 2.844750 0.038250 -0.299999
v 2.868837 0.001439 0.300001
v 2.868837 0.001439 -0.299999
v 2.893778 -0.034074 0.300001
v 2.893778 -0.034074 -0.299999
v 2.919469 -0.068031 0.300001
v 2.919469 -0.068031 -0.299999
v 2.945806 -0.100176 0.300001
v 2.945806 -0.100176 -0.299999
v 2.972684 -0.130251 0.300001
v 2.972684 -0.130251 -0.299999
v 3.000000 -0.158000 0.300001
v 3.000000 -0.158000 -0.299999
v 3.136000 -0.092000 0.300001
v 3.136000 -0.092000 -0.300000
v 3.109604 -0.067590 0.300001
v 3.109604 -0.067590 -0.300000
v 3.083500 -0.040556 0.300001
v 3.083500 -0.040556 -0.300000
v 3.057812 -0.011188 0.300001
v 3.057812 -0.011188 -0.300000
v 3.032666 0.020222 0.300001
v 3.032666 0.020222 -0.300000
v 3.008187 0.053382 0.300001
v 3.008187 0.053382 -0.300000
v 2.984500 0.088000 0.300001
v 2.984500 0.088000 -0.299999
v 2.961729 0.123785 0.300001
v 2.961729 0.123785 -0.299999
v 2.940000 0.160444 0.300001
v 2.940000 0.160444 -0.299999
v 2.919437 0.197687 0.300001
v 2.919437 0.197687 -0.299999
v 2.900167 0.235222 0.300001
v 2.900167 0.235222 -0.299999
v 2.882312 0.272757 0.300001
v 2.882312 0.272757 -0.299999
v 2.866000 0.310000 0.300001
v 2.866000 0.310000 -0.299999
v 2.724000 0.272000 0.300001
v 2.724000 0.272000 -0.299999
v 2.310000 1.680000 0.300001
v 2.310000 1.680000 -0.300000
v 2.160000 1.680000 0.300001
v 2.160000 1.680000 -0.299999
v 2.160000 1.468000 0.300001
v 2.160000 1.468000 -0.299999
v 1.400000 1.468000 0.300001
v 1.400000 1.468000 -0.299999
v 1.400000 1.326000 0.300001
v 1.400000 1.326000 -0.299999
v 2.160000 1.326000 0.300001
v 2.160000 1.326000 -0.299999
v 2.160000 1.072000 0.300001
v 2.160000 1.072000 -0.299999
v 1.550000 1.072000 0.300001
v 1.550000 1.072000 -0.299999
v 1.550000 0.432000 0.300001
v 1.550000 0.432000 -0.299999
v 2.888000 0.432000 0.300001
v 2.888000 0.432000 -0.300000
v 2.888000 1.072000 0.300000
v 2.888000 1.072000 -0.300000
v 2.310000 1.072000 0.300001
v 2.310000 1.072000 -0.299999
v -0.337388 0.807168 0.300001
v -0.337388 0.807168 -0.299999
v -0.307594 0.795676 0.300001
v -0.307594 0.795676 -0.299999
v -0.276690 0.783531 0.300001
v -0.276690 0.783531 -0.299999
v -0.244742 0.770741 0.300001
v -0.244742 0.770741 -0.299999
v -0.211823 0.757311 0.300001
v -0.211823 0.757311 -0.299999
v -0.178001 0.743250 0.300001
v -0.178001 0.743250 -0.299999
v -0.143346 0.728564 0.300001
v -0.143346 0.728564 -0.299999
v -0.107926 0.713259 0.300001
v -0.107926 0.713259 -0.299999
v -0.071813 0.697344 0.300001
v -0.071813 0.697344 -0.299999
v -0.035074 0.680824 0.300001
v -0.035074 0.680824 -0.299999
v 0.002220 0.663707 0.300001
v 0.002220 0.663707 -0.299999
v 0.040000 0.646000 0.300001
v 0.040000 0.646000 -0.299999
v 0.033999 0.262000 0.300001
v 0.033999 0.262000 -0.299999
v 0.188000 0.262000 0.300001
v 0.188000 0.262000 -0.299999
v 0.187041 0.282538 0.300001
v 0.187041 0.282538 -0.299999
v 0.186167 0.304972 0.300001
v 0.186167 0.304972 -0.299999
v 0.185375 0.329031 0.300001
v 0.185375 0.329031 -0.299999
v 0.184667 0.354444 0.300001
v 0.184667 0.354444 -0.299999
v 0.184042 0.380941 0.300001
v 0.184042 0.380941 -0.299999
v 0.183500 0.408250 0.300001
v 0.183500 0.408250 -0.299999
v 0.183042 0.436101 0.300001
v 0.183042 0.436101 -0.299999
v 0.182667 0.464222 0.300001
v 0.182667 0.464222 -0.299999
v 0.182375 0.492344 0.300001
v 0.182375 0.492344 -0.299999
v 0.182166 0.520194 0.300001
v 0.182166 0.520194 -0.299999
v 0.182041 0.547503 0.300001
v 0.182041 0.547503 -0.299999
v 0.181999 0.574000 0.300001
v 0.181999 0.574000 -0.299999
v 0.227289 0.549323 0.300001
v 0.227289 0.549323 -0.299999
v 0.269990 0.524250 0.300001
v 0.269990 0.524250 -0.299999
v 0.309843 0.498719 0.300001
v 0.309843 0.498719 -0.299999
v 0.346592 0.472667 0.300001
v 0.346592 0.472667 -0.299999
v 0.379980 0.446031 0.300001
v 0.379980 0.446031 -0.299999
v 0.409750 0.418750 0.300001
v 0.409750 0.418750 -0.299999
v 0.435645 0.390760 0.300001
v 0.435645 0.390760 -0.299999
v 0.457408 0.362000 0.300001
v 0.457408 0.362000 -0.299999
v 0.474782 0.332406 0.300001
v 0.474782 0.332406 -0.299999
v 0.487510 0.301917 0.300001
v 0.487510 0.301917 -0.299999
v 0.495335 0.270469 0.300001
v 0.495335 0.270469 -0.299999
v 0.498000 0.238000 0.300001
v 0.498000 0.238000 -0.299999
v 0.494810 0.201688 0.300001
v 0.494810 0.201687 -0.299999
v 0.485490 0.170500 0.300001
v 0.485490 0.170500 -0.299999
v 0.470406 0.144063 0.300001
v 0.470406 0.144062 -0.299999
v 0.449925 0.122000 0.300001
v 0.449925 0.122000 -0.299999
v 0.424417 0.103938 0.300001
v 0.424417 0.103937 -0.299999
v 0.394250 0.089500 0.300001
v 0.394250 0.089500 -0.299999
v 0.359791 0.078313 0.300001
v 0.359791 0.078312 -0.299999
v 0.321407 0.070000 0.300001
v 0.321407 0.070000 -0.299999
v 0.279469 0.064188 0.300001
v 0.279469 0.064187 -0.299999
v 0.234343 0.060500 0.300001
v 0.234343 0.060500 -0.299999
v 0.186397 0.058563 0.300001
v 0.186397 0.058562 -0.299999
v 0.136000 0.058000 0.300001
v 0.136000 0.058000 -0.299999
v 0.095848 0.058372 0.300001
v 0.095848 0.058372 -0.299999
v 0.053612 0.059472 0.300001
v 0.053612 0.059472 -0.299999
v 0.009625 0.061281 0.300001
v 0.009625 0.061281 -0.299999
v -0.035777 0.063778 0.300001
v -0.035777 0.063778 -0.299999
v -0.082263 0.066941 0.300001
v -0.082263 0.066941 -0.299999
v -0.129499 0.070750 0.300001
v -0.129499 0.070750 -0.299999
v -0.177153 0.075184 0.300001
v -0.177153 0.075184 -0.299999
v -0.224889 0.080222 0.300001
v -0.224889 0.080222 -0.299999
v -0.272375 0.085844 0.300001
v -0.272375 0.085844 -0.299999
v -0.319278 0.092028 0.300001
v -0.319278 0.092028 -0.299999
v -0.365264 0.098753 0.300001
v -0.365264 0.098753 -0.299999
v -0.410000 0.106000 0.300001
v -0.410000 0.106000 -0.299999
v -0.406000 -0.054000 0.300001
v -0.406000 -0.054000 -0.299999
v -0.366611 -0.058910 0.300001
v -0.366611 -0.058910 -0.299999
v -0.324714 -0.063611 0.300001
v -0.324714 -0.063611 -0.299999
v -0.280720 -0.068062 0.300001
v -0.280720 -0.068063 -0.299999
v -0.235038 -0.072222 0.300001
v -0.235038 -0.072222 -0.299999
v -0.188078 -0.076049 0.300001
v -0.188078 -0.076049 -0.299999
v -0.140250 -0.079500 0.300001
v -0.140250 -0.079500 -0.299999
v -0.091965 -0.082535 0.300001
v -0.091965 -0.082535 -0.299999
v -0.043631 -0.085111 0.300001
v -0.043631 -0.085111 -0.299999
v 0.004343 -0.087187 0.300001
v 0.004343 -0.087188 -0.299999
v 0.051546 -0.088722 0.300001
v 0.051546 -0.088722 -0.299999
v 0.097569 -0.089674 0.300001
v 0.097569 -0.089674 -0.299999
v 0.142000 -0.090000 0.300001
v 0.142000 -0.090000 -0.299999
v 0.212234 -0.088639 0.300001
v 0.212234 -0.088639 -0.299999
v 0.279530 -0.084278 0.300001
v 0.279530 -0.084278 -0.299999
v 0.343283 -0.076500 0.300001
v 0.343283 -0.076500 -0.299999
v 0.402890 -0.064889 0.300001
v 0.402890 -0.064889 -0.299999
v 0.457747 -0.049028 0.300001
v 0.457747 -0.049028 -0.299999
v 0.507251 -0.028500 0.300001
v 0.507251 -0.028500 -0.299999
v 0.550796 -0.002889 0.300001
v 0.550796 -0.002889 -0.299999
v 0.587778 0.028222 0.300001
v 0.587778 0.028222 -0.299999
v 0.617594 0.065250 0.300001
v 0.617594 0.065250 -0.299999
v 0.639639 0.108611 0.300001
v 0.639639 0.108611 -0.299999
v 0.653309 0.158722 0.300001
v 0.653309 0.158722 -0.299999
v 0.658000 0.216000 0.300001
v 0.658000 0.216000 -0.299999
v 0.653182 0.273202 0.300001
v 0.653182 0.273202 -0.299999
v 0.639287 0.326954 0.300001
v 0.639287 0.326954 -0.299999
v 0.617156 0.377469 0.300001
v 0.617156 0.377469 -0.299999
v 0.587629 0.424963 0.300001
v 0.587629 0.424963 -0.299999
v 0.551547 0.469652 0.300001
v 0.551547 0.469652 -0.299999
v 0.509749 0.511750 0.300001
v 0.509749 0.511750 -0.299999
v 0.463077 0.551473 0.300001
v 0.463077 0.551473 -0.299999
v 0.412370 0.589037 0.300001
v 0.412370 0.589037 -0.299999
v 0.358468 0.624656 0.300001
v 0.358468 0.624656 -0.299999
v 0.302213 0.658546 0.300001
v 0.302213 0.658546 -0.299999
v 0.244443 0.690922 0.300001
v 0.244443 0.690922 -0.299999
v 0.186000 0.722000 0.300001
v 0.186000 0.722000 -0.299999
v 0.192063 0.742506 0.300001
v 0.192063 0.742506 -0.299999
v 0.200175 0.761046 0.300001
v 0.200175 0.761046 -0.299999
v 0.210218 0.777656 0.300001
v 0.210218 0.777656 -0.299999
v 0.222074 0.792370 0.300001
v 0.222074 0.792370 -0.299999
v 0.235623 0.805223 0.300001
v 0.235623 0.805223 -0.299999
v 0.250750 0.816250 0.300001
v 0.250750 0.816250 -0.299999
v 0.267334 0.825485 0.300001
v 0.267334 0.825485 -0.299999
v 0.285259 0.832963 0.300001
v 0.285259 0.832963 -0.299999
v 0.304406 0.838719 0.300001
v 0.304406 0.838719 -0.299999
v 0.324657 0.842787 0.300001
v 0.324657 0.842787 -0.299999
v 0.345895 0.845203 0.300001
v 0.345895 0.845203 -0.299999
v 0.368000 0.846000 0.300001
v 0.368000 0.846000 -0.299999
v 0.399519 0.844731 0.300001
v 0.399519 0.844731 -0.299999
v 0.430982 0.841018 0.300001
v 0.430982 0.841018 -0.299999
v 0.462250 0.835000 0.300001
v 0.462250 0.835000 -0.299999
v 0.493185 0.826815 0.300001
v 0.493185 0.826815 -0.299999
v 0.523648 0.816602 0.300001
v 0.523648 0.816602 -0.299999
v 0.553500 0.804500 0.300001
v 0.553500 0.804500 -0.299999
v 0.582603 0.790648 0.300001
v 0.582603 0.790648 -0.299999
v 0.610815 0.775185 0.300001
v 0.610815 0.775185 -0.299999
v 0.638000 0.758250 0.300001
v 0.638000 0.758250 -0.299999
v 0.664019 0.739982 0.300001
v 0.664019 0.739982 -0.299999
v 0.688731 0.720519 0.300001
v 0.688731 0.720519 -0.299999
v 0.712000 0.700000 0.300001
v 0.712000 0.700000 -0.299999
v 0.726466 0.686091 0.300001
v 0.726466 0.686091 -0.299999
v 0.740898 0.671398 0.300001
v 0.740898 0.671398 -0.299999
v 0.755343 0.655969 0.300001
v 0.755343 0.655969 -0.299999
v 0.769852 0.639852 0.300001
v 0.769852 0.639852 -0.299999
v 0.784471 0.623096 0.300001
v 0.784471 0.623096 -0.299999
v 0.799250 0.605750 0.300001
v 0.799250 0.605750 -0.299999
v 0.814237 0.587862 0.300001
v 0.814237 0.587862 -0.299999
v 0.829481 0.569481 0.300001
v 0.829481 0.569481 -0.299999
v 0.845031 0.550656 0.300001
v 0.845031 0.550656 -0.299999
v 0.860935 0.531435 0.300001
v 0.860935 0.531435 -0.299999
v 0.877242 0.511867 0.300001
v 0.877242 0.511867 -0.299999
v 0.894000 0.492000 0.300001
v 0.894000 0.492000 -0.299999
v 1.030000 0.592000 0.300001
v 1.030000 0.592000 -0.299999
v 0.969421 0.652205 0.300001
v 0.969421 0.652205 -0.299999
v 0.913553 0.710805 0.300001
v 0.913553 0.710805 -0.299999
v 0.862185 0.767781 0.300001
v 0.862185 0.767781 -0.299999
v 0.815109 0.823111 0.300001
v 0.815109 0.823111 -0.299999
v 0.772117 0.876774 0.300001
v 0.772117 0.876774 -0.299999
v 0.732999 0.928750 0.300001
v 0.732999 0.928750 -0.299999
v 0.697548 0.979017 0.300001
v 0.697548 0.979017 -0.299999
v 0.665555 1.027556 0.300001
v 0.665555 1.027556 -0.299999
v 0.636812 1.074344 0.300001
v 0.636812 1.074344 -0.299999
v 0.611111 1.119361 0.300001
v 0.611111 1.119361 -0.299999
v 0.588243 1.162587 0.300001
v 0.588243 1.162587 -0.299999
v 0.568000 1.204000 0.300001
v 0.568000 1.204000 -0.299999
v 0.656000 1.204000 0.300001
v 0.656000 1.204000 -0.299999
v 0.678420 1.204083 0.300001
v 0.678420 1.204083 -0.299999
v 0.702519 1.204333 0.300001
v 0.702519 1.204333 -0.299999
v 0.728064 1.204750 0.300001
v 0.728064 1.204750 -0.299999
v 0.754816 1.205333 0.300001
v 0.754816 1.205333 -0.299999
v 0.782540 1.206083 0.300001
v 0.782540 1.206083 -0.299999
v 0.811001 1.207000 0.300001
v 0.811001 1.207000 -0.299999
v 0.839961 1.208083 0.300001
v 0.839961 1.208083 -0.299999
v 0.869185 1.209333 0.300001
v 0.869185 1.209333 -0.299999
v 0.898438 1.210750 0.300001
v 0.898438 1.210750 -0.299999
v 0.927482 1.212333 0.300001
v 0.927482 1.212333 -0.299999
v 0.956081 1.214083 0.300001
v 0.956081 1.214083 -0.299999
v 0.984000 1.216000 0.300001
v 0.984000 1.216000 -0.299999
v 0.984000 1.366000 0.300001
v 0.984000 1.366000 -0.299999
v 0.956840 1.362626 0.300001
v 0.956840 1.362626 -0.299999
v 0.928547 1.359509 0.300001
v 0.928547 1.359509 -0.299999
v 0.899406 1.356656 0.300001
v 0.899406 1.356656 -0.299999
v 0.869704 1.354074 0.300001
v 0.869704 1.354074 -0.299999
v 0.839724 1.351770 0.300001
v 0.839724 1.351770 -0.299999
v 0.809751 1.349750 0.300001
v 0.809751 1.349750 -0.299999
v 0.780068 1.348022 0.300001
v 0.780068 1.348022 -0.299999
v 0.750963 1.346593 0.300001
v 0.750963 1.346593 -0.299999
v 0.722719 1.345469 0.300001
v 0.722719 1.345469 -0.299999
v 0.695621 1.344657 0.300001
v 0.695621 1.344657 -0.299999
v 0.669952 1.344166 0.300001
v 0.669952 1.344166 -0.299999
v 0.646000 1.344000 0.300001
v 0.646000 1.344000 -0.299999
v 0.514000 1.346000 0.300001
v 0.514000 1.346000 -0.299999
v 0.507212 1.367572 0.300001
v 0.507212 1.367572 -0.299999
v 0.500853 1.389241 0.300001
v 0.500853 1.389241 -0.299999
v 0.494938 1.410938 0.300001
v 0.494938 1.410938 -0.299999
v 0.489482 1.432593 0.300001
v 0.489482 1.432593 -0.299999
v 0.484498 1.454137 0.300001
v 0.484498 1.454137 -0.299999
v 0.480000 1.475500 0.300001
v 0.480000 1.475500 -0.299999
v 0.476003 1.496614 0.300001
v 0.476003 1.496614 -0.299999
v 0.472519 1.517408 0.300001
v 0.472519 1.517408 -0.299999
v 0.469563 1.537813 0.300001
v 0.469563 1.537813 -0.299999
v 0.467148 1.557759 0.300001
v 0.467148 1.557759 -0.299999
v 0.465289 1.577178 0.300001
v 0.465289 1.577178 -0.299999
v 0.464000 1.596000 0.300001
v 0.464000 1.596000 -0.299999
v 0.300000 1.582000 0.300001
v 0.300000 1.582000 -0.299999
v 0.303090 1.566626 0.300001
v 0.303090 1.566626 -0.299999
v 0.306380 1.550509 0.300001
v 0.306380 1.550509 -0.299999
v 0.309907 1.533656 0.300001
v 0.309907 1.533656 -0.299999
v 0.313704 1.516074 0.300001
v 0.313704 1.516074 -0.299999
v 0.317807 1.497770 0.300001
v 0.317807 1.497770 -0.299999
v 0.322250 1.478750 0.300001
v 0.322250 1.478750 -0.299999
v 0.327068 1.459022 0.300001
v 0.327068 1.459022 -0.299999
v 0.332296 1.438593 0.300001
v 0.332296 1.438593 -0.299999
v 0.337969 1.417469 0.300001
v 0.337969 1.417469 -0.299999
v 0.344120 1.395658 0.300001
v 0.344120 1.395658 -0.299999
v 0.350785 1.373166 0.300001
v 0.350785 1.373166 -0.299999
v 0.358000 1.350000 0.300001
v 0.358000 1.350000 -0.299999
v 0.306733 1.352671 0.300001
v 0.306733 1.352671 -0.299999
v 0.255036 1.355704 0.300001
v 0.255036 1.355704 -0.299999
v 0.203062 1.359125 0.300001
v 0.203062 1.359125 -0.299999
v 0.150963 1.362963 0.300001
v 0.150963 1.362963 -0.299999
v 0.098891 1.367245 0.300001
v 0.098891 1.367245 -0.299999
v 0.047000 1.372000 0.300001
v 0.047000 1.372000 -0.299999
v -0.004558 1.377255 0.300001
v -0.004558 1.377255 -0.299999
v -0.055630 1.383037 0.300001
v -0.055630 1.383037 -0.299999
v -0.106063 1.389375 0.300001
v -0.106063 1.389375 -0.299999
v -0.155704 1.396296 0.300001
v -0.155704 1.396296 -0.299999
v -0.204401 1.403829 0.300001
v -0.204401 1.403829 -0.299999
v -0.252001 1.412000 0.300001
v -0.252001 1.412000 -0.299999
v -0.250000 1.264000 0.300001
v -0.250000 1.264000 -0.299999
v -0.199505 1.256329 0.300001
v -0.199505 1.256329 -0.299999
v -0.147204 1.249296 0.300001
v -0.147204 1.249296 -0.299999
v -0.093376 1.242875 0.300001
v -0.093376 1.242875 -0.299999
v -0.038298 1.237037 0.300001
v -0.038298 1.237037 -0.299999
v 0.017754 1.231755 0.300001
v 0.017754 1.231755 -0.299999
v 0.074499 1.227000 0.300001
v 0.074499 1.227000 -0.299999
v 0.131661 1.222745 0.300001
v 0.131661 1.222745 -0.299999
v 0.188962 1.218963 0.300001
v 0.188962 1.218963 -0.299999
v 0.246124 1.215625 0.300001
v 0.246124 1.215625 -0.299999
v 0.302870 1.212704 0.300001
v 0.302870 1.212704 -0.299999
v 0.358921 1.210171 0.300001
v 0.358921 1.210171 -0.299999
v 0.414000 1.208000 0.300001
v 0.414000 1.208000 -0.299999
v 0.425905 1.181352 0.300001
v 0.425905 1.181352 -0.299999
v 0.438582 1.154482 0.300001
v 0.438582 1.154482 -0.299999
v 0.451968 1.127500 0.300001
v 0.451968 1.127500 -0.299999
v 0.466000 1.100519 0.300001
v 0.466000 1.100519 -0.299999
v 0.480615 1.073648 0.300001
v 0.480615 1.073648 -0.299999
v 0.495750 1.047000 0.300001
v 0.495750 1.047000 -0.299999
v 0.511344 1.020685 0.300001
v 0.511344 1.020685 -0.299999
v 0.527333 0.994815 0.300001
v 0.527333 0.994815 -0.299999
v 0.543656 0.969500 0.300001
v 0.543656 0.969500 -0.299999
v 0.560250 0.944852 0.300001
v 0.560250 0.944852 -0.299999
v 0.577052 0.920982 0.300001
v 0.577052 0.920982 -0.299999
v 0.594000 0.898000 0.300001
v 0.594000 0.898000 -0.299999
v 0.574206 0.909539 0.300001
v 0.574206 0.909539 -0.299999
v 0.552990 0.920148 0.300001
v 0.552990 0.920148 -0.299999
v 0.530593 0.929813 0.300001
v 0.530593 0.929813 -0.299999
v 0.507258 0.938519 0.300001
v 0.507258 0.938519 -0.299999
v 0.483230 0.946252 0.300001
v 0.483230 0.946252 -0.299999
v 0.458750 0.953000 0.300001
v 0.458750 0.953000 -0.299999
v 0.434061 0.958748 0.300001
v 0.434061 0.958748 -0.299999
v 0.409407 0.963482 0.300001
v 0.409407 0.963482 -0.299999
v 0.385031 0.967188 0.300001
v 0.385031 0.967188 -0.299999
v 0.361176 0.969852 0.300001
v 0.361176 0.969852 -0.299999
v 0.338084 0.971461 0.300001
v 0.338084 0.971461 -0.299999
v 0.316000 0.972000 0.300001
v 0.316000 0.972000 -0.299999
v 0.284030 0.970674 0.300001
v 0.284030 0.970674 -0.299999
v 0.253241 0.966722 0.300001
v 0.253241 0.966722 -0.299999
v 0.223812 0.960188 0.300001
v 0.223812 0.960188 -0.299999
v 0.195926 0.951111 0.300001
v 0.195926 0.951111 -0.299999
v 0.169762 0.939535 0.300001
v 0.169762 0.939535 -0.299999
v 0.145500 0.925500 0.300001
v 0.145500 0.925500 -0.299999
v 0.123322 0.909049 0.300001
v 0.123322 0.909049 -0.299999
v 0.103407 0.890222 0.300001
v 0.103407 0.890222 -0.299999
v 0.085937 0.869063 0.300001
v 0.085937 0.869063 -0.299999
v 0.071092 0.845611 0.300001
v 0.071092 0.845611 -0.299999
v 0.059052 0.819910 0.300001
v 0.059052 0.819910 -0.299999
v 0.049999 0.792000 0.300001
v 0.049999 0.792000 -0.299999
v 0.015835 0.808136 0.300001
v 0.015835 0.808136 -0.299999
v -0.017657 0.823583 0.300001
v -0.017657 0.823583 -0.299999
v -0.050468 0.838406 0.300001
v -0.050468 0.838406 -0.299999
v -0.082592 0.852667 0.300001
v -0.082592 0.852667 -0.299999
v -0.114021 0.866427 0.300001
v -0.114021 0.866427 -0.299999
v -0.144750 0.879750 0.300001
v -0.144750 0.879750 -0.299999
v -0.174769 0.892698 0.300001
v -0.174769 0.892698 -0.299999
v -0.204074 0.905333 0.300001
v -0.204074 0.905333 -0.299999
v -0.232656 0.917719 0.300001
v -0.232656 0.917719 -0.299999
v -0.260509 0.929917 0.300001
v -0.260509 0.929917 -0.299999
v -0.287626 0.941990 0.300001
v -0.287626 0.941990 -0.299999
v -0.314000 0.954000 0.300001
v -0.314000 0.954000 -0.299999
v -0.328760 0.960424 0.300001
v -0.328760 0.960424 -0.299999
v -0.343091 0.966722 0.300001
v -0.343091 0.966722 -0.299999
v -0.357061 0.972938 0.300001
v -0.357061 0.972938 -0.299999
v -0.370740 0.979111 0.300001
v -0.370740 0.979111 -0.299999
v -0.384196 0.985285 0.300001
v -0.384196 0.985285 -0.299999
v -0.397499 0.991500 0.300001
v -0.397499 0.991500 -0.299999
v -0.410719 0.997799 0.300001
v -0.410719 0.997799 -0.299999
v -0.423925 1.004222 0.300001
v -0.423925 1.004222 -0.299999
v -0.437187 1.010813 0.300001
v -0.437187 1.010813 -0.299999
v -0.450574 1.017611 0.300001
v -0.450574 1.017611 -0.299999
v -0.464155 1.024660 0.300001
v -0.464155 1.024660 -0.299999
v -0.478001 1.032000 0.300001
v -0.478001 1.032000 -0.299999
v -0.544001 0.882000 0.300001
v -0.544001 0.882000 -0.299999
v -0.530606 0.878220 0.300001
v -0.530606 0.878220 -0.299999
v -0.516510 0.873926 0.300001
v -0.516510 0.873926 -0.299999
v -0.501844 0.869188 0.300001
v -0.501844 0.869188 -0.299999
v -0.486741 0.864074 0.300001
v -0.486741 0.864074 -0.299999
v -0.471333 0.858655 0.300001
v -0.471333 0.858655 -0.299999
v -0.455750 0.853000 0.300001
v -0.455750 0.853000 -0.299999
v -0.440126 0.847178 0.300001
v -0.440126 0.847178 -0.299999
v -0.424593 0.841259 0.300001
v -0.424593 0.841259 -0.299999
v -0.409282 0.835313 0.300001
v -0.409282 0.835313 -0.299999
v -0.394324 0.829407 0.300001
v -0.394324 0.829407 -0.299999
v -0.379853 0.823613 0.300001
v -0.379853 0.823613 -0.299999
v -0.366000 0.818000 0.300001
v -0.366000 0.818000 -0.299999
v -2.298000 0.610000 0.300001
v -2.298000 0.610000 -0.299999
v -2.298000 0.940000 0.300001
v -2.298000 0.940000 -0.299999
v -1.246000 0.940000 0.300001
v -1.246000 0.940000 -0.299999
v -1.246000 0.610000 0.300001
v -1.246000 0.610000 -0.299999
v -2.298000 1.408000 0.300001
v -2.298000 1.408000 -0.299999
v -1.246000 1.408000 0.300001
v -1.246000 1.408000 -0.299999
v -1.246000 1.084000 0.300001
v -1.246000 1.084000 -0.299999
v -2.298000 1.084000 0.300001
v -2.298000 1.084000 -0.299999
v -2.298000 0.134000 0.300001
v -2.298000 0.134000 -0.299999
v -2.298000 0.466000 0.300001
v -2.298000 0.466000 -0.299999
v -1.246000 0.466000 0.300001
v -1.246000 0.466000 -0.299999
v -1.246000 0.134000 0.300001
v -1.246000 0.134000 -0.299999
v -2.454000 -0.148000 0.300001
v -2.454000 -0.148000 -0.299999
v -2.298000 -0.148000 0.300001
v -2.298000 -0.148000 -0.299999
v -2.298000 -0.012000 0.300001
v -2.298000 -0.012000 -0.299999
v -1.246000 -0.012000 0.300001
v -1.246000 -0.012000 -0.299999
v -1.246000 -0.148000 0.300001
v -1.246000 -0.148000 -0.299999
v -1.096001 -0.148000 0.300001
v -1.096001 -0.148000 -0.299999
v -1.096001 1.556000 0.300001
v -1.096001 1.556000 -0.299999
v -2.454000 1.556000 0.300001
v -2.454000 1.556000 -0.299999
v -4.515619 1.429794 0.300001
v -4.515619 1.429794 -0.299999
v -4.459771 1.410185 0.300001
v -4.459771 1.410185 -0.299999
v -4.400908 1.391188 0.300001
v -4.400908 1.391188 -0.299999
v -4.339483 1.372815 0.300001
v -4.339483 1.372815 -0.299999
v -4.275948 1.355081 0.300001
v -4.275948 1.355081 -0.299999
v -4.210752 1.338000 0.300001
v -4.210752 1.338000 -0.299999
v -4.144347 1.321586 0.300001
v -4.144347 1.321586 -0.299999
v -4.077187 1.305852 0.300001
v -4.077187 1.305852 -0.299999
v -4.009720 1.290812 0.300001
v -4.009720 1.290812 -0.299999
v -3.942399 1.276482 0.300001
v -3.942399 1.276482 -0.299999
v -3.875675 1.262873 0.300001
v -3.875675 1.262873 -0.299999
v -3.810000 1.250000 0.300001
v -3.810000 1.250000 -0.299999
v -3.810000 1.104000 0.300001
v -3.810000 1.104000 -0.299999
v -3.810548 1.088102 0.300001
v -3.810548 1.088102 -0.299999
v -3.812380 1.074315 0.300001
v -3.812380 1.074315 -0.299999
v -3.815782 1.062500 0.300001
v -3.815782 1.062500 -0.299999
v -3.821037 1.052519 0.300001
v -3.821037 1.052519 -0.299999
v -3.828432 1.044232 0.300001
v -3.828432 1.044232 -0.299999
v -3.838250 1.037500 0.300001
v -3.838250 1.037500 -0.299999
v -3.850777 1.032185 0.300001
v -3.850777 1.032185 -0.299999
v -3.866297 1.028148 0.300001
v -3.866297 1.028148 -0.299999
v -3.885095 1.025250 0.300001
v -3.885095 1.025250 -0.299999
v -3.907454 1.023352 0.300001
v -3.907454 1.023352 -0.299999
v -3.933661 1.022315 0.300001
v -3.933661 1.022315 -0.299999
v -3.964001 1.022000 0.300001
v -3.964001 1.022000 -0.299999
v -3.983932 1.022000 0.300001
v -3.983932 1.022000 -0.299999
v -4.012612 1.022000 0.300001
v -4.012612 1.022000 -0.299999
v -4.048376 1.022000 0.300001
v -4.048376 1.022000 -0.299999
v -4.089557 1.022000 0.300001
v -4.089557 1.022000 -0.299999
v -4.134487 1.022000 0.300001
v -4.134487 1.022000 -0.299999
v -4.181501 1.022000 0.300001
v -4.181501 1.022000 -0.299999
v -4.228931 1.022000 0.300001
v -4.228931 1.022000 -0.299999
v -4.275112 1.022000 0.300001
v -4.275112 1.022000 -0.299999
v -4.318376 1.022000 0.300001
v -4.318376 1.022000 -0.299999
v -4.357056 1.022000 0.300001
v -4.357056 1.022000 -0.299999
v -4.389486 1.022000 0.300001
v -4.389486 1.022000 -0.299999
v -4.414001 1.022000 0.300001
v -4.414001 1.022000 -0.299999
v -4.439634 1.022833 0.300001
v -4.439634 1.022833 -0.299999
v -4.461733 1.025667 0.300001
v -4.461733 1.025667 -0.299999
v -4.480596 1.031000 0.300001
v -4.480596 1.031000 -0.299999
v -4.496520 1.039333 0.300001
v -4.496520 1.039333 -0.299999
v -4.509806 1.051167 0.300001
v -4.509806 1.051167 -0.299999
v -4.520751 1.067000 0.300001
v -4.520751 1.067000 -0.299999
v -4.529655 1.087333 0.300001
v -4.529655 1.087333 -0.299999
v -4.536816 1.112667 0.300001
v -4.536816 1.112667 -0.299999
v -4.542532 1.143500 0.300001
v -4.542532 1.143500 -0.299999
v -4.547103 1.180333 0.300001
v -4.547103 1.180333 -0.299999
v -4.550826 1.223667 0.300001
v -4.550826 1.223667 -0.299999
v -4.554001 1.274000 0.300001
v -4.554001 1.274000 -0.299999
v -4.562636 1.268469 0.300001
v -4.562636 1.268469 -0.299999
v -4.572417 1.262917 0.300001
v -4.572417 1.262917 -0.299999
v -4.583157 1.257406 0.300001
v -4.583157 1.257406 -0.299999
v -4.594667 1.252000 0.300001
v -4.594667 1.252000 -0.299999
v -4.606761 1.246760 0.300001
v -4.606761 1.246760 -0.299999
v -4.619250 1.241750 0.300001
v -4.619250 1.241750 -0.299999
v -4.631948 1.237031 0.300001
v -4.631948 1.237031 -0.299999
v -4.644668 1.232667 0.300001
v -4.644668 1.232667 -0.299999
v -4.657220 1.228719 0.300001
v -4.657220 1.228719 -0.299999
v -4.669417 1.225250 0.300001
v -4.669417 1.225250 -0.299999
v -4.681073 1.222323 0.300001
v -4.681073 1.222323 -0.299999
v -4.692000 1.220000 0.300001
v -4.692000 1.220000 -0.299999
v -4.685848 1.157130 0.300001
v -4.685848 1.157130 -0.299999
v -4.678112 1.102204 0.300001
v -4.678112 1.102204 -0.299999
v -4.668376 1.054750 0.300001
v -4.668376 1.054750 -0.299999
v -4.656223 1.014296 0.300001
v -4.656223 1.014296 -0.299999
v -4.641237 0.980370 0.300001
v -4.641237 0.980370 -0.299999
v -4.623001 0.952500 0.300001
v -4.623001 0.952500 -0.299999
v -4.601098 0.930213 0.300001
v -4.601098 0.930213 -0.299999
v -4.575112 0.913037 0.300001
v -4.575112 0.913037 -0.299999
v -4.544626 0.900500 0.300001
v -4.544626 0.900500 -0.299999
v -4.509223 0.892130 0.300001
v -4.509223 0.892130 -0.299999
v -4.468487 0.887454 0.300001
v -4.468487 0.887454 -0.299999
v -4.422001 0.886000 0.300001
v -4.422001 0.886000 -0.299999
v -4.403244 0.886000 0.300001
v -4.403244 0.886000 -0.299999
v -4.373453 0.886000 0.300001
v -4.373453 0.886000 -0.299999
v -4.334844 0.886000 0.300001
v -4.334844 0.886000 -0.299999
v -4.289630 0.886000 0.300001
v -4.289630 0.886000 -0.299999
v -4.240026 0.886000 0.300001
v -4.240026 0.886000 -0.299999
v -4.188250 0.886000 0.300001
v -4.188250 0.886000 -0.299999
v -4.136515 0.886000 0.300001
v -4.136515 0.886000 -0.299999
v -4.087037 0.886000 0.300001
v -4.087037 0.886000 -0.299999
v -4.042031 0.886000 0.300001
v -4.042031 0.886000 -0.299999
v -4.003713 0.886000 0.300001
v -4.003713 0.886000 -0.299999
v -3.974298 0.886000 0.300001
v -3.974298 0.886000 -0.299999
v -3.956000 0.886000 0.300001
v -3.956000 0.886000 -0.299999
v -3.901479 0.886967 0.300001
v -3.901479 0.886967 -0.299999
v -3.853666 0.890065 0.300001
v -3.853666 0.890065 -0.299999
v -3.812187 0.895594 0.300001
v -3.812187 0.895594 -0.299999
v -3.776667 0.903852 0.300001
v -3.776667 0.903852 -0.299999
v -3.746729 0.915138 0.300001
v -3.746729 0.915138 -0.299999
v -3.722000 0.929750 0.300001
v -3.722000 0.929750 -0.299999
v -3.702105 0.947987 0.300001
v -3.702105 0.947987 -0.299999
v -3.686667 0.970148 0.300001
v -3.686667 0.970148 -0.299999
v -3.675313 0.996531 0.300001
v -3.675313 0.996531 -0.299999
v -3.667667 1.027435 0.300001
v -3.667667 1.027435 -0.299999
v -3.663355 1.063159 0.300001
v -3.663355 1.063159 -0.299999
v -3.662001 1.104000 0.300001
v -3.662001 1.104000 -0.299999
v -3.662001 1.672000 0.300001
v -3.662001 1.672000 -0.299999
v -3.810000 1.672000 0.300001
v -3.810000 1.672000 -0.299999
v -3.810000 1.374000 0.300001
v -3.810000 1.374000 -0.299999
v -3.869766 1.386904 0.300001
v -3.869766 1.386904 -0.299999
v -3.929789 1.400565 0.300001
v -3.929789 1.400565 -0.299999
v -3.989657 1.414906 0.300001
v -3.989657 1.414906 -0.299999
v -4.048965 1.429852 0.300001
v -4.048965 1.429852 -0.299999
v -4.107299 1.445325 0.300001
v -4.107299 1.445325 -0.299999
v -4.164251 1.461250 0.300001
v -4.164251 1.461250 -0.299999
v -4.219412 1.477550 0.300001
v -4.219412 1.477550 -0.299999
v -4.272371 1.494148 0.300001
v -4.272371 1.494148 -0.299999
v -4.322720 1.510969 0.300001
v -4.322720 1.510969 -0.299999
v -4.370048 1.527935 0.300001
v -4.370048 1.527935 -0.299999
v -4.413944 1.544971 0.300001
v -4.413944 1.544971 -0.299999
v -4.454000 1.562000 0.300001
v -4.454000 1.562000 -0.299999
v -4.568001 1.450000 0.300001
v -4.568001 1.450000 -0.299999
v -4.456001 0.058000 0.300001
v -4.456001 0.058000 -0.299999
v -4.456001 0.268000 0.300001
v -4.456001 0.268000 -0.299999
v -3.804001 0.268000 0.300001
v -3.804001 0.268000 -0.299999
v -3.804001 0.058000 0.300001
v -3.804001 0.058000 -0.299999
v -4.456001 0.590000 0.300001
v -4.456001 0.590000 -0.299999
v -3.804001 0.590000 0.300001
v -3.804001 0.590000 -0.299999
v -3.804001 0.390000 0.300001
v -3.804001 0.390000 -0.299999
v -4.456001 0.390000 0.300001
v -4.456001 0.390000 -0.299999
v -4.604001 -0.150000 0.300001
v -4.604001 -0.150000 -0.299999
v -4.456001 -0.150000 0.300001
v -4.456001 -0.150000 -0.299999
v -4.456001 -0.066000 0.300001
v -4.456001 -0.066000 -0.299999
v -3.804001 -0.066000 0.300001
v -3.804001 -0.066000 -0.299999
v -3.804001 -0.158000 0.300001
v -3.804001 -0.158000 -0.299999
v -3.662001 -0.158000 0.300001
v -3.662001 -0.158000 -0.299999
v -3.662001 0.718000 0.300001
v -3.662001 0.718000 -0.299999
v -4.604001 0.718000 0.300001
v -4.604001 0.718000 -0.299999
v -3.294001 1.276000 0.300001
v -3.294001 1.276000 -0.299999
v -3.532001 1.276000 0.300001
v -3.532001 1.276000 -0.299999
v -3.532001 1.134000 0.300001
v -3.532001 1.134000 -0.299999
v -3.294001 1.134000 0.300001
v -3.294001 1.134000 -0.299999
v -3.294001 0.746000 0.300001
v -3.294001 0.746000 -0.299999
v -3.542001 0.818000 0.300001
v -3.542001 0.818000 -0.299999
v -3.560000 0.678000 0.300001
v -3.560000 0.678000 -0.299999
v -3.294001 0.596000 0.300001
v -3.294001 0.596000 -0.299999
v -3.294001 0.018000 0.300001
v -3.294001 0.018000 -0.299999
v -3.293617 -0.002559 0.300001
v -3.293617 -0.002559 -0.299999
v -3.292427 -0.021306 0.300001
v -3.292427 -0.021306 -0.299999
v -3.290376 -0.038344 0.300001
v -3.290376 -0.038344 -0.299999
v -3.287408 -0.053778 0.300001
v -3.287408 -0.053778 -0.299999
v -3.283468 -0.067712 0.300001
v -3.283468 -0.067712 -0.299999
v -3.278501 -0.080250 0.300001
v -3.278501 -0.080250 -0.299999
v -3.272449 -0.091497 0.300001
v -3.272449 -0.091497 -0.299999
v -3.265260 -0.101556 0.300001
v -3.265260 -0.101556 -0.299999
v -3.256875 -0.110531 0.300001
v -3.256875 -0.110531 -0.299999
v -3.247241 -0.118528 0.300001
v -3.247241 -0.118528 -0.299999
v -3.236301 -0.125649 0.300001
v -3.236301 -0.125649 -0.299999
v -3.224001 -0.132000 0.300001
v -3.224001 -0.132000 -0.299999
v -3.209943 -0.137171 0.300001
v -3.209943 -0.137171 -0.299999
v -3.194704 -0.141704 0.300001
v -3.194704 -0.141704 -0.299999
v -3.178188 -0.145625 0.300001
v -3.178188 -0.145625 -0.299999
v -3.160297 -0.148963 0.300001
v -3.160297 -0.148963 -0.299999
v -3.140934 -0.151745 0.300001
v -3.140934 -0.151745 -0.299999
v -3.120001 -0.154000 0.300001
v -3.120001 -0.154000 -0.299999
v -3.097402 -0.155755 0.300001
v -3.097402 -0.155755 -0.299999
v -3.073038 -0.157037 0.300001
v -3.073038 -0.157037 -0.299999
v -3.046813 -0.157875 0.300001
v -3.046813 -0.157875 -0.299999
v -3.018630 -0.158296 0.300001
v -3.018630 -0.158296 -0.299999
v -2.988392 -0.158329 0.300001
v -2.988392 -0.158329 -0.299999
v -2.956000 -0.158000 0.300001
v -2.956000 -0.158000 -0.299999
v -2.954178 -0.148486 0.300001
v -2.954178 -0.148486 -0.299999
v -2.951759 -0.138056 0.300001
v -2.951759 -0.138056 -0.299999
v -2.948812 -0.126875 0.300001
v -2.948812 -0.126875 -0.299999
v -2.945408 -0.115111 0.300001
v -2.945408 -0.115111 -0.299999
v -2.941614 -0.102931 0.300001
v -2.941614 -0.102931 -0.299999
v -2.937501 -0.090500 0.300001
v -2.937501 -0.090500 -0.299999
v -2.933138 -0.077986 0.300001
v -2.933138 -0.077986 -0.299999
v -2.928594 -0.065556 0.300001
v -2.928594 -0.065556 -0.299999
v -2.923939 -0.053375 0.300001
v -2.923939 -0.053375 -0.299999
v -2.919242 -0.041611 0.300001
v -2.919242 -0.041611 -0.299999
v -2.914573 -0.030431 0.300001
v -2.914573 -0.030431 -0.299999
v -2.910001 -0.020000 0.300001
v -2.910001 -0.020000 -0.299999
v -2.932768 -0.020459 0.300001
v -2.932768 -0.020460 -0.299999
v -2.954956 -0.020843 0.300001
v -2.954956 -0.020843 -0.299999
v -2.976409 -0.021156 0.300001
v -2.976409 -0.021156 -0.299999
v -2.996965 -0.021407 0.300001
v -2.996965 -0.021407 -0.299999
v -3.016466 -0.021603 0.300001
v -3.016466 -0.021603 -0.299999
v -3.034752 -0.021750 0.300001
v -3.034752 -0.021750 -0.299999
v -3.051662 -0.021855 0.300001
v -3.051662 -0.021855 -0.299999
v -3.067039 -0.021926 0.300001
v -3.067039 -0.021926 -0.299999
v -3.080720 -0.021969 0.300001
v -3.080720 -0.021969 -0.299999
v -3.092547 -0.021991 0.300001
v -3.092547 -0.021991 -0.299999
v -3.102361 -0.021999 0.300001
v -3.102361 -0.021999 -0.299999
v -3.110001 -0.022000 0.300001
v -3.110001 -0.022000 -0.299999
v -3.116210 -0.021367 0.300001
v -3.116210 -0.021367 -0.299999
v -3.121843 -0.020435 0.300001
v -3.121843 -0.020435 -0.299999
v -3.126907 -0.019156 0.300001
v -3.126907 -0.019156 -0.299999
v -3.131409 -0.017481 0.300001
v -3.131409 -0.017481 -0.299999
v -3.135354 -0.015362 0.300001
v -3.135354 -0.015362 -0.299999
v -3.138751 -0.012750 0.300001
v -3.138751 -0.012750 -0.299999
v -3.141606 -0.009596 0.300001
v -3.141606 -0.009596 -0.299999
v -3.143927 -0.005852 0.300001
v -3.143927 -0.005852 -0.299999
v -3.145720 -0.001469 0.300001
v -3.145720 -0.001469 -0.299999
v -3.146992 0.003602 0.300001
v -3.146992 0.003602 -0.299999
v -3.147750 0.009409 0.300001
v -3.147750 0.009409 -0.299999
v -3.148001 0.016000 0.300001
v -3.148001 0.016000 -0.299999
v -3.148001 0.552000 0.300001
v -3.148001 0.552000 -0.299999
v -2.886001 0.474000 0.300001
v -2.886001 0.474000 -0.299999
v -2.842001 0.620000 0.300001
v -2.842001 0.620000 -0.299999
v -3.148001 0.704000 0.300001
v -3.148001 0.704000 -0.299999
v -3.148001 1.134000 0.300001
v -3.148001 1.134000 -0.299999
v -2.868001 1.134000 0.300001
v -2.868001 1.134000 -0.299999
v -2.868001 1.276000 0.300001
v -2.868001 1.276000 -0.299999
v -3.148001 1.276000 0.300001
v -3.148001 1.276000 -0.299999
v -3.148001 1.680000 0.300001
v -3.148001 1.680000 -0.299999
v -3.294001 1.680000 0.300001
v -3.294001 1.680000 -0.299999
v -5.304001 1.032000 0.300001
v -5.304001 1.032000 -0.299999
v -5.306001 1.310000 0.300001
v -5.306001 1.310000 -0.299999
v -5.305918 1.325185 0.300001
v -5.305918 1.325185 -0.299999
v -5.305668 1.339815 0.300001
v -5.305668 1.339815 -0.299999
v -5.305251 1.354000 0.300001
v -5.305251 1.354000 -0.299999
v -5.304667 1.367852 0.300001
v -5.304667 1.367852 -0.299999
v -5.303918 1.381481 0.300001
v -5.303918 1.381481 -0.299999
v -5.303001 1.395000 0.300001
v -5.303001 1.395000 -0.299999
v -5.301918 1.408519 0.300001
v -5.301918 1.408519 -0.299999
v -5.300668 1.422148 0.300001
v -5.300668 1.422148 -0.299999
v -5.299251 1.436000 0.300001
v -5.299251 1.436000 -0.299999
v -5.297668 1.450185 0.300001
v -5.297668 1.450185 -0.299999
v -5.295918 1.464815 0.300001
v -5.295918 1.464815 -0.299999
v -5.294001 1.480000 0.300001
v -5.294001 1.480000 -0.299999
v -5.468000 1.480000 0.300001
v -5.468000 1.480000 -0.299999
v -5.467003 1.468333 0.300001
v -5.467003 1.468333 -0.299999
v -5.466019 1.456333 0.300001
v -5.466019 1.456333 -0.299999
v -5.465063 1.444000 0.300001
v -5.465063 1.444000 -0.299999
v -5.464149 1.431333 0.300001
v -5.464149 1.431333 -0.299999
v -5.463290 1.418333 0.300001
v -5.463290 1.418333 -0.299999
v -5.462501 1.405000 0.300001
v -5.462501 1.405000 -0.299999
v -5.461795 1.391333 0.300001
v -5.461795 1.391333 -0.299999
v -5.461186 1.377333 0.300001
v -5.461186 1.377333 -0.299999
v -5.460689 1.363000 0.300001
v -5.460689 1.363000 -0.299999
v -5.460316 1.348333 0.300001
v -5.460316 1.348333 -0.299999
v -5.460082 1.333333 0.300001
v -5.460082 1.333333 -0.299999
v -5.460001 1.318000 0.300001
v -5.460001 1.318000 -0.299999
v -5.458001 1.048000 0.300001
v -5.458001 1.048000 -0.299999
v -5.507720 1.052579 0.300001
v -5.507720 1.052579 -0.299999
v -5.558751 1.057297 0.300001
v -5.558751 1.057297 -0.299999
v -5.610908 1.062125 0.300001
v -5.610908 1.062125 -0.299999
v -5.664001 1.067037 0.300001
v -5.664001 1.067037 -0.299999
v -5.717845 1.072005 0.300001
v -5.717845 1.072005 -0.299999
v -5.772251 1.077000 0.300001
v -5.772251 1.077000 -0.299999
v -5.827032 1.081995 0.300001
v -5.827032 1.081995 -0.299999
v -5.882001 1.086963 0.300001
v -5.882001 1.086963 -0.299999
v -5.936970 1.091875 0.300001
v -5.936970 1.091875 -0.299999
v -5.991751 1.096704 0.300001
v -5.991751 1.096704 -0.299999
v -6.046157 1.101421 0.300001
v -6.046157 1.101421 -0.299999
v -6.100000 1.106000 0.300001
v -6.100000 1.106000 -0.299999
v -6.100000 1.392000 0.300001
v -6.100000 1.392000 -0.299999
v -6.099919 1.403545 0.300001
v -6.099919 1.403545 -0.299999
v -6.099677 1.416028 0.300001
v -6.099677 1.416028 -0.299999
v -6.099282 1.429219 0.300001
v -6.099282 1.429219 -0.299999
v -6.098742 1.442889 0.300001
v -6.098742 1.442889 -0.299999
v -6.098063 1.456809 0.300001
v -6.098063 1.456809 -0.299999
v -6.097251 1.470750 0.300001
v -6.097251 1.470750 -0.299999
v -6.096314 1.484483 0.300001
v -6.096314 1.484483 -0.299999
v -6.095260 1.497778 0.300001
v -6.095260 1.497778 -0.299999
v -6.094094 1.510406 0.300001
v -6.094094 1.510406 -0.299999
v -6.092825 1.522139 0.300001
v -6.092825 1.522139 -0.299999
v -6.091458 1.532747 0.300001
v -6.091458 1.532747 -0.299999
v -6.090001 1.542000 0.300001
v -6.090001 1.542000 -0.299999
v -6.260000 1.542000 0.300001
v -6.260000 1.542000 -0.299999
v -6.258580 1.532827 0.300001
v -6.258580 1.532827 -0.299999
v -6.257314 1.522445 0.300001
v -6.257314 1.522445 -0.299999
v -6.256186 1.511063 0.300001
v -6.256186 1.511063 -0.299999
v -6.255184 1.498889 0.300001
v -6.255184 1.498889 -0.299999
v -6.254293 1.486132 0.300001
v -6.254293 1.486132 -0.299999
v -6.253500 1.473000 0.300001
v -6.253500 1.473000 -0.299999
v -6.252789 1.459701 0.300001
v -6.252789 1.459701 -0.299999
v -6.252149 1.446445 0.300001
v -6.252149 1.446445 -0.299999
v -6.251563 1.433438 0.300001
v -6.251563 1.433438 -0.299999
v -6.251019 1.420889 0.300001
v -6.251019 1.420889 -0.299999
v -6.250504 1.409007 0.300001
v -6.250504 1.409007 -0.299999
v -6.250001 1.398000 0.300001
v -6.250001 1.398000 -0.299999
v -6.246000 1.118000 0.300001
v -6.246000 1.118000 -0.299999
v -6.468000 1.132000 0.300001
v -6.468000 1.132000 -0.299999
v -6.481076 1.132999 0.300001
v -6.481076 1.132999 -0.299999
v -6.494278 1.133991 0.300001
v -6.494278 1.133991 -0.299999
v -6.507563 1.134969 0.300001
v -6.507563 1.134969 -0.299999
v -6.520889 1.135926 0.300001
v -6.520889 1.135926 -0.299999
v -6.534216 1.136855 0.300001
v -6.534216 1.136855 -0.299999
v -6.547501 1.137750 0.300001
v -6.547501 1.137750 -0.299999
v -6.560702 1.138603 0.300001
v -6.560702 1.138603 -0.299999
v -6.573779 1.139408 0.300001
v -6.573779 1.139408 -0.299999
v -6.586689 1.140156 0.300001
v -6.586689 1.140156 -0.299999
v -6.599390 1.140843 0.300001
v -6.599390 1.140843 -0.299999
v -6.611841 1.141460 0.300001
v -6.611841 1.141460 -0.299999
v -6.624001 1.142000 0.300001
v -6.624001 1.142000 -0.299999
v -6.624001 0.986000 0.300001
v -6.624001 0.986000 -0.299999
v -6.615124 0.986420 0.300001
v -6.615124 0.986420 -0.299999
v -6.604657 0.986694 0.300001
v -6.604657 0.986694 -0.299999
v -6.592844 0.986844 0.300001
v -6.592844 0.986844 -0.299999
v -6.579926 0.986889 0.300001
v -6.579926 0.986889 -0.299999
v -6.566148 0.986851 0.300001
v -6.566148 0.986851 -0.299999
v -6.551751 0.986750 0.300001
v -6.551751 0.986750 -0.299999
v -6.536979 0.986608 0.300001
v -6.536979 0.986608 -0.299999
v -6.522075 0.986444 0.300001
v -6.522075 0.986444 -0.299999
v -6.507282 0.986281 0.300001
v -6.507282 0.986281 -0.299999
v -6.492844 0.986139 0.300001
v -6.492844 0.986139 -0.299999
v -6.479002 0.986038 0.300001
v -6.479002 0.986038 -0.299999
v -6.466001 0.986000 0.300001
v -6.466001 0.986000 -0.299999
v -6.450668 0.985458 0.300001
v -6.450668 0.985458 -0.299999
v -6.434685 0.984833 0.300001
v -6.434685 0.984833 -0.299999
v -6.418062 0.984125 0.300001
v -6.418062 0.984125 -0.299999
v -6.400815 0.983333 0.300001
v -6.400815 0.983333 -0.299999
v -6.382957 0.982458 0.300001
v -6.382957 0.982458 -0.299999
v -6.364500 0.981500 0.300001
v -6.364500 0.981500 -0.299999
v -6.345461 0.980458 0.300001
v -6.345461 0.980458 -0.299999
v -6.325852 0.979333 0.300001
v -6.325852 0.979333 -0.299999
v -6.305688 0.978125 0.300001
v -6.305688 0.978125 -0.299999
v -6.284982 0.976833 0.300001
v -6.284982 0.976833 -0.299999
v -6.263748 0.975458 0.300001
v -6.263748 0.975458 -0.299999
v -6.242001 0.974000 0.300001
v -6.242001 0.974000 -0.299999
v -6.240991 0.936900 0.300001
v -6.240991 0.936900 -0.299999
v -6.239926 0.898870 0.300001
v -6.239926 0.898870 -0.299999
v -6.238750 0.860313 0.300001
v -6.238750 0.860313 -0.299999
v -6.237408 0.821630 0.300001
v -6.237408 0.821630 -0.299999
v -6.235843 0.783225 0.300001
v -6.235843 0.783225 -0.299999
v -6.234000 0.745500 0.300001
v -6.234000 0.745500 -0.299999
v -6.231824 0.708859 0.300001
v -6.231824 0.708859 -0.299999
v -6.229259 0.673704 0.300001
v -6.229259 0.673704 -0.299999
v -6.226251 0.640437 0.300001
v -6.226251 0.640437 -0.299999
v -6.222741 0.609463 0.300001
v -6.222741 0.609463 -0.299999
v -6.218677 0.581183 0.300001
v -6.218677 0.581183 -0.299999
v -6.214001 0.556000 0.300001
v -6.214001 0.556000 -0.299999
v -6.208945 0.535271 0.300001
v -6.208945 0.535271 -0.299999
v -6.202731 0.517000 0.300001
v -6.202731 0.517000 -0.299999
v -6.195281 0.501063 0.300001
v -6.195281 0.501063 -0.299999
v -6.186519 0.487333 0.300001
v -6.186519 0.487333 -0.299999
v -6.176367 0.475688 0.300001
v -6.176367 0.475688 -0.299999
v -6.164750 0.466000 0.300001
v -6.164750 0.466000 -0.299999
v -6.151591 0.458146 0.300001
v -6.151591 0.458146 -0.299999
v -6.136815 0.452000 0.300001
v -6.136815 0.452000 -0.299999
v -6.120344 0.447438 0.300001
v -6.120344 0.447438 -0.299999
v -6.102102 0.444333 0.300001
v -6.102102 0.444333 -0.299999
v -6.082013 0.442563 0.300001
v -6.082013 0.442563 -0.299999
v -6.060000 0.442000 0.300001
v -6.060000 0.442000 -0.299999
v -6.040713 0.442360 0.300001
v -6.040713 0.442360 -0.299999
v -6.019196 0.443380 0.300001
v -6.019196 0.443380 -0.299999
v -5.995970 0.444969 0.300001
v -5.995970 0.444969 -0.299999
v -5.971557 0.447037 0.300001
v -5.971557 0.447037 -0.299999
v -5.946477 0.449494 0.300001
v -5.946477 0.449494 -0.299999
v -5.921251 0.452250 0.300001
v -5.921251 0.452250 -0.299999
v -5.896400 0.455214 0.300001
v -5.896400 0.455214 -0.299999
v -5.872445 0.458296 0.300001
v -5.872445 0.458296 -0.299999
v -5.849907 0.461406 0.300001
v -5.849907 0.461406 -0.299999
v -5.829307 0.464454 0.300001
v -5.829307 0.464454 -0.299999
v -5.811164 0.467348 0.300001
v -5.811164 0.467348 -0.299999
v -5.796000 0.470000 0.300001
v -5.796000 0.470000 -0.299999
v -5.800001 0.608000 0.300001
v -5.800001 0.608000 -0.299999
v -5.817343 0.604127 0.300001
v -5.817343 0.604127 -0.299999
v -5.835233 0.600519 0.300001
v -5.835233 0.600519 -0.299999
v -5.853470 0.597188 0.300001
v -5.853470 0.597188 -0.299999
v -5.871853 0.594148 0.300001
v -5.871853 0.594148 -0.299999
v -5.890181 0.591414 0.300001
v -5.890181 0.591414 -0.299999
v -5.908251 0.589000 0.300001
v -5.908251 0.589000 -0.299999
v -5.925863 0.586919 0.300001
v -5.925863 0.586919 -0.299999
v -5.942816 0.585185 0.300001
v -5.942816 0.585185 -0.299999
v -5.958907 0.583812 0.300001
v -5.958907 0.583812 -0.299999
v -5.973936 0.582815 0.300001
v -5.973936 0.582815 -0.299999
v -5.987701 0.582206 0.300001
v -5.987701 0.582206 -0.299999
v -6.000001 0.582000 0.300001
v -6.000001 0.582000 -0.299999
v -6.011465 0.582184 0.300001
v -6.011465 0.582184 -0.299999
v -6.021880 0.582806 0.300001
v -6.021880 0.582806 -0.299999
v -6.031281 0.583969 0.300001
v -6.031281 0.583969 -0.299999
v -6.039704 0.585778 0.300001
v -6.039704 0.585778 -0.299999
v -6.047182 0.588337 0.300001
v -6.047182 0.588337 -0.299999
v -6.053750 0.591750 0.300001
v -6.053750 0.591750 -0.299999
v -6.059443 0.596122 0.300001
v -6.059443 0.596122 -0.299999
v -6.064297 0.601556 0.300001
v -6.064297 0.601556 -0.299999
v -6.068344 0.608156 0.300001
v -6.068344 0.608156 -0.299999
v -6.071621 0.616028 0.300001
v -6.071621 0.616028 -0.299999
v -6.074162 0.625274 0.300001
v -6.074162 0.625274 -0.299999
v -6.076000 0.636000 0.300001
v -6.076000 0.636000 -0.299999
v -6.078459 0.653912 0.300001
v -6.078459 0.653912 -0.299999
v -6.080826 0.674463 0.300001
v -6.080826 0.674463 -0.299999
v -6.083096 0.697375 0.300001
v -6.083096 0.697375 -0.299999
v -6.085261 0.722370 0.300001
v -6.085261 0.722370 -0.299999
v -6.087316 0.749171 0.300001
v -6.087316 0.749171 -0.299999
v -6.089252 0.777500 0.300001
v -6.089252 0.777500 -0.299999
v -6.091063 0.807079 0.300001
v -6.091063 0.807079 -0.299999
v -6.092742 0.837630 0.300001
v -6.092742 0.837630 -0.299999
v -6.094282 0.868875 0.300001
v -6.094282 0.868875 -0.299999
v -6.095676 0.900537 0.300001
v -6.095676 0.900537 -0.299999
v -6.096918 0.932338 0.300001
v -6.096918 0.932338 -0.299999
v -6.098001 0.964000 0.300001
v -6.098001 0.964000 -0.299999
v -6.045953 0.959840 0.300001
v -6.045953 0.959840 -0.299999
v -5.992954 0.955389 0.300001
v -5.992954 0.955389 -0.299999
v -5.939219 0.950688 0.300001
v -5.939219 0.950688 -0.299999
v -5.884964 0.945778 0.300001
v -5.884964 0.945778 -0.299999
v -5.830402 0.940701 0.300001
v -5.830402 0.940701 -0.299999
v -5.775751 0.935500 0.300001
v -5.775751 0.935500 -0.299999
v -5.721225 0.930215 0.300001
v -5.721225 0.930215 -0.299999
v -5.667039 0.924889 0.300001
v -5.667039 0.924889 -0.299999
v -5.613408 0.919563 0.300001
v -5.613408 0.919563 -0.299999
v -5.560548 0.914278 0.300001
v -5.560548 0.914278 -0.299999
v -5.508674 0.909076 0.300001
v -5.508674 0.909076 -0.299999
v -5.458001 0.904000 0.300001
v -5.458001 0.904000 -0.299999
v -5.457542 0.852535 0.300001
v -5.457542 0.852535 -0.299999
v -5.457168 0.801444 0.300001
v -5.457168 0.801444 -0.299999
v -5.456876 0.751188 0.300001
v -5.456876 0.751188 -0.299999
v -5.456667 0.702222 0.300001
v -5.456667 0.702222 -0.299999
v -5.456542 0.655007 0.300001
v -5.456542 0.655007 -0.299999
v -5.456500 0.610000 0.300001
v -5.456500 0.610000 -0.299999
v -5.456542 0.567660 0.300001
v -5.456542 0.567660 -0.299999
v -5.456667 0.528444 0.300001
v -5.456667 0.528444 -0.299999
v -5.456876 0.492813 0.300001
v -5.456876 0.492813 -0.299999
v -5.457168 0.461222 0.300001
v -5.457168 0.461222 -0.299999
v -5.457542 0.434132 0.300001
v -5.457542 0.434132 -0.299999
v -5.458001 0.412000 0.300001
v -5.458001 0.412000 -0.299999
v -5.459659 0.360880 0.300001
v -5.459659 0.360880 -0.299999
v -5.462427 0.315370 0.300001
v -5.462427 0.315370 -0.299999
v -5.467501 0.275250 0.300001
v -5.467501 0.275250 -0.299999
v -5.476074 0.240296 0.300001
v -5.476074 0.240296 -0.299999
v -5.489343 0.210287 0.300001
v -5.489343 0.210287 -0.299999
v -5.508500 0.185000 0.300001
v -5.508500 0.185000 -0.299999
v -5.534740 0.164213 0.300001
v -5.534740 0.164213 -0.299999
v -5.569259 0.147704 0.300001
v -5.569259 0.147704 -0.299999
v -5.613250 0.135250 0.300001
v -5.613250 0.135250 -0.299999
v -5.667908 0.126630 0.300001
v -5.667908 0.126630 -0.299999
v -5.734426 0.121620 0.300001
v -5.734426 0.121620 -0.299999
v -5.814001 0.120000 0.300001
v -5.814001 0.120000 -0.299999
v -5.868581 0.120486 0.300001
v -5.868581 0.120486 -0.299999
v -5.923973 0.121889 0.300001
v -5.923973 0.121889 -0.299999
v -5.979657 0.124125 0.300001
v -5.979657 0.124125 -0.299999
v -6.035112 0.127111 0.300001
v -6.035112 0.127111 -0.299999
v -6.089817 0.130764 0.300001
v -6.089817 0.130764 -0.299999
v -6.143251 0.135000 0.300001
v -6.143251 0.135000 -0.299999
v -6.194894 0.139736 0.300001
v -6.194894 0.139736 -0.299999
v -6.244224 0.144889 0.300001
v -6.244224 0.144889 -0.299999
v -6.290720 0.150375 0.300001
v -6.290720 0.150375 -0.299999
v -6.333862 0.156111 0.300001
v -6.333862 0.156111 -0.299999
v -6.373130 0.162014 0.300001
v -6.373130 0.162014 -0.299999
v -6.408001 0.168000 0.300001
v -6.408001 0.168000 -0.299999
v -6.402000 -0.002000 0.300001
v -6.402000 -0.002000 -0.299999
v -6.366297 -0.005571 0.300001
v -6.366297 -0.005571 -0.299999
v -6.326537 -0.009231 0.300001
v -6.326537 -0.009231 -0.299999
v -6.283250 -0.012906 0.300001
v -6.283250 -0.012906 -0.299999
v -6.236963 -0.016519 0.300001
v -6.236963 -0.016519 -0.299999
v -6.188204 -0.019992 0.300001
v -6.188204 -0.019992 -0.299999
v -6.137500 -0.023250 0.300001
v -6.137500 -0.023250 -0.299999
v -6.085380 -0.026216 0.300001
v -6.085380 -0.026216 -0.299999
v -6.032371 -0.028815 0.300001
v -6.032371 -0.028815 -0.299999
v -5.979000 -0.030969 0.300001
v -5.979000 -0.030969 -0.299999
v -5.925797 -0.032602 0.300001
v -5.925797 -0.032602 -0.299999
v -5.873287 -0.033638 0.300001
v -5.873287 -0.033638 -0.299999
v -5.822001 -0.034000 0.300001
v -5.822001 -0.034000 -0.299999
v -5.714986 -0.031730 0.300001
v -5.714986 -0.031730 -0.299999
v -5.624055 -0.024676 0.300001
v -5.624055 -0.024676 -0.299999
v -5.547874 -0.012469 0.300001
v -5.547874 -0.012469 -0.299999
v -5.485110 0.005259 0.300001
v -5.485110 0.005259 -0.299999
v -5.434430 0.028876 0.300001
v -5.434430 0.028876 -0.299999
v -5.394500 0.058750 0.300001
v -5.394500 0.058750 -0.299999
v -5.363986 0.095249 0.300001
v -5.363986 0.095249 -0.299999
v -5.341556 0.138741 0.300001
v -5.341556 0.138741 -0.299999
v -5.325875 0.189594 0.300001
v -5.325875 0.189594 -0.299999
v -5.315612 0.248176 0.300001
v -5.315612 0.248176 -0.299999
v -5.309431 0.314855 0.300001
v -5.309431 0.314855 -0.299999
v -5.306001 0.390000 0.300001
v -5.306001 0.390000 -0.299999
v -5.305540 0.414045 0.300001
v -5.305540 0.414045 -0.299999
v -5.305157 0.442861 0.300001
v -5.305157 0.442861 -0.299999
v -5.304843 0.475969 0.300001
v -5.304843 0.475969 -0.299999
v -5.304592 0.512889 0.300001
v -5.304592 0.512889 -0.299999
v -5.304397 0.553142 0.300001
v -5.304397 0.553142 -0.299999
v -5.304250 0.596250 0.300001
v -5.304250 0.596250 -0.299999
v -5.304145 0.641733 0.300001
v -5.304145 0.641733 -0.299999
v -5.304074 0.689111 0.300001
v -5.304074 0.689111 -0.299999
v -5.304031 0.737906 0.300001
v -5.304031 0.737906 -0.299999
v -5.304009 0.787639 0.300001
v -5.304009 0.787639 -0.299999
v -5.304002 0.837830 0.300001
v -5.304002 0.837830 -0.299999
v -5.304001 0.888000 0.300001
v -5.304001 0.888000 -0.299999
v -5.090001 0.864000 0.300001
v -5.090001 0.864000 -0.299999
v -5.074034 0.861921 0.300001
v -5.074034 0.861921 -0.299999
v -5.057261 0.859704 0.300001
v -5.057261 0.859704 -0.299999
v -5.039876 0.857375 0.300001
v -5.039876 0.857375 -0.299999
v -5.022075 0.854963 0.300001
v -5.022075 0.854963 -0.299999
v -5.004051 0.852495 0.300001
v -5.004051 0.852495 -0.299999
v -4.986000 0.850000 0.300001
v -4.986000 0.850000 -0.299999
v -4.968116 0.847505 0.300001
v -4.968116 0.847505 -0.299999
v -4.950593 0.845037 0.300001
v -4.950593 0.845037 -0.299999
v -4.933625 0.842625 0.300001
v -4.933625 0.842625 -0.299999
v -4.917408 0.840296 0.300001
v -4.917408 0.840296 -0.299999
v -4.902135 0.838079 0.300001
v -4.902135 0.838079 -0.299999
v -4.888000 0.836000 0.300001
v -4.888000 0.836000 -0.299999
v -4.870001 1.000000 0.300001
v -4.870001 1.000000 -0.299999
v -4.885743 1.000083 0.300001
v -4.885743 1.000083 -0.299999
v -4.901937 1.000333 0.300001
v -4.901937 1.000333 -0.299999
v -4.918532 1.000750 0.300001
v -4.918532 1.000750 -0.299999
v -4.935483 1.001333 0.300001
v -4.935483 1.001333 -0.299999
v -4.952739 1.002083 0.300001
v -4.952739 1.002083 -0.299999
v -4.970251 1.003000 0.300001
v -4.970251 1.003000 -0.299999
v -4.987972 1.004083 0.300001
v -4.987972 1.004083 -0.299999
v -5.005853 1.005333 0.300001
v -5.005853 1.005333 -0.299999
v -5.023845 1.006750 0.300001
v -5.023845 1.006750 -0.299999
v -5.041899 1.008333 0.300001
v -5.041899 1.008333 -0.299999
v -5.059967 1.010083 0.300001
v -5.059967 1.010083 -0.299999
v -5.078001 1.012000 0.300001
v -5.078001 1.012000 -0.299999
v 8.166000 -0.660000 0.300000
v 8.166000 -0.660000 -0.300000
v 8.169497 -0.671314 0.300000
v 8.169497 -0.671314 -0.300000
v 8.172981 -0.683176 0.300000
v 8.172981 -0.683176 -0.300000
v 8.176437 -0.695469 0.300000
v 8.176437 -0.695469 -0.300000
v 8.179852 -0.708074 0.300000
v 8.179852 -0.708074 -0.300000
v 8.183210 -0.720874 0.300000
v 8.183210 -0.720874 -0.300000
v 8.186500 -0.733750 0.300000
v 8.186500 -0.733750 -0.300000
v 8.189706 -0.746584 0.300000
v 8.189706 -0.746584 -0.300000
v 8.192815 -0.759259 0.300000
v 8.192815 -0.759259 -0.300000
v 8.195812 -0.771656 0.300000
v 8.195812 -0.771656 -0.300000
v 8.198685 -0.783657 0.300000
v 8.198685 -0.783657 -0.300000
v 8.201419 -0.795145 0.300000
v 8.201419 -0.795145 -0.300000
v 8.204000 -0.806000 0.300000
v 8.204000 -0.806000 -0.300000
v 8.211399 -0.840432 0.300000
v 8.211399 -0.840432 -0.300000
v 8.220528 -0.881120 0.300000
v 8.220528 -0.881120 -0.300000
v 8.231281 -0.927156 0.300000
v 8.231281 -0.927156 -0.300000
v 8.243555 -0.977630 0.300000
v 8.243555 -0.977630 -0.300000
v 8.257246 -1.031631 0.300000
v 8.257246 -1.031631 -0.300000
v 8.272250 -1.088250 0.300000
v 8.272250 -1.088250 -0.300000
v 8.288462 -1.146577 0.300000
v 8.288462 -1.146577 -0.300000
v 8.305778 -1.205704 0.300000
v 8.305778 -1.205704 -0.300000
v 8.324094 -1.264719 0.300000
v 8.324094 -1.264719 -0.300000
v 8.343306 -1.322713 0.300000
v 8.343306 -1.322713 -0.300000
v 8.363309 -1.378777 0.300000
v 8.363309 -1.378777 -0.300000
v 8.384000 -1.432000 0.300000
v 8.384000 -1.432000 -0.300000
v 8.403231 -1.478380 0.300000
v 8.403231 -1.478380 -0.300000
v 8.423842 -1.525379 0.300000
v 8.423842 -1.525379 -0.300000
v 8.445719 -1.572781 0.300000
v 8.445719 -1.572781 -0.300000
v 8.468740 -1.620370 0.300000
v 8.468740 -1.620370 -0.300000
v 8.492790 -1.667932 0.300000
v 8.492790 -1.667932 -0.300000
v 8.517750 -1.715250 0.300000
v 8.517750 -1.715250 -0.300000
v 8.543501 -1.762110 0.300000
v 8.543501 -1.762110 -0.300000
v 8.569926 -1.808296 0.300000
v 8.569926 -1.808296 -0.300000
v 8.596907 -1.853594 0.300000
v 8.596907 -1.853594 -0.300000
v 8.624324 -1.897787 0.300000
v 8.624324 -1.897787 -0.300000
v 8.652061 -1.940661 0.300000
v 8.652061 -1.940661 -0.300000
v 8.680000 -1.982000 0.300000
v 8.680000 -1.982000 -0.300000
v 8.850000 -1.910000 0.300000
v 8.850000 -1.910000 -0.300000
v 8.818769 -1.867595 0.300000
v 8.818769 -1.867595 -0.300000
v 8.788157 -1.823592 0.300000
v 8.788157 -1.823592 -0.300000
v 8.758282 -1.778312 0.300000
v 8.758282 -1.778312 -0.300000
v 8.729259 -1.732074 0.300000
v 8.729259 -1.732074 -0.300000
v 8.701210 -1.685197 0.300000
v 8.701209 -1.685197 -0.300000
v 8.674250 -1.638000 0.300000
v 8.674250 -1.638000 -0.300000
v 8.648499 -1.590803 0.300000
v 8.648499 -1.590803 -0.300000
v 8.624074 -1.543926 0.300000
v 8.624074 -1.543926 -0.300000
v 8.601093 -1.497687 0.300000
v 8.601093 -1.497687 -0.300000
v 8.579676 -1.452407 0.300000
v 8.579676 -1.452407 -0.300000
v 8.559938 -1.408405 0.300000
v 8.559938 -1.408405 -0.300000
v 8.542000 -1.366000 0.300000
v 8.542000 -1.366000 -0.300000
v 8.520153 -1.312098 0.300000
v 8.520153 -1.312098 -0.300000
v 8.498722 -1.254787 0.300000
v 8.498722 -1.254787 -0.300000
v 8.477875 -1.194656 0.300000
v 8.477875 -1.194656 -0.300000
v 8.457778 -1.132296 0.300000
v 8.457778 -1.132296 -0.300000
v 8.438597 -1.068297 0.300000
v 8.438597 -1.068297 -0.300000
v 8.420500 -1.003250 0.300000
v 8.420500 -1.003250 -0.300000
v 8.403653 -0.937744 0.300000
v 8.403653 -0.937744 -0.300000
v 8.388222 -0.872370 0.300000
v 8.388222 -0.872370 -0.300000
v 8.374375 -0.807719 0.300000
v 8.374375 -0.807719 -0.300000
v 8.362278 -0.744380 0.300000
v 8.362278 -0.744380 -0.300000
v 8.352098 -0.682943 0.300000
v 8.352098 -0.682943 -0.300000
v 8.344000 -0.624000 0.300000
v 8.344000 -0.624000 -0.300000
v 7.684000 -0.602000 0.300000
v 7.684000 -0.602000 -0.300000
v 7.663511 -0.641096 0.300000
v 7.663511 -0.641096 -0.300000
v 7.641259 -0.684935 0.300000
v 7.641259 -0.684935 -0.300000
v 7.617562 -0.732844 0.300000
v 7.617562 -0.732844 -0.300000
v 7.592741 -0.784148 0.300000
v 7.592741 -0.784148 -0.300000
v 7.567113 -0.838175 0.300000
v 7.567113 -0.838175 -0.300000
v 7.541000 -0.894250 0.300000
v 7.541000 -0.894250 -0.300000
v 7.514720 -0.951700 0.300000
v 7.514720 -0.951700 -0.300000
v 7.488593 -1.009852 0.300000
v 7.488593 -1.009852 -0.300000
v 7.462937 -1.068031 0.300000
v 7.462937 -1.068031 -0.300000
v 7.438074 -1.125565 0.300000
v 7.438074 -1.125565 -0.300000
v 7.414322 -1.181779 0.300000
v 7.414322 -1.181779 -0.300000
v 7.392000 -1.236000 0.300000
v 7.392000 -1.236000 -0.300000
v 7.371503 -1.287194 0.300000
v 7.371503 -1.287194 -0.300000
v 7.350194 -1.342222 0.300000
v 7.350194 -1.342222 -0.300000
v 7.328344 -1.400250 0.300000
v 7.328344 -1.400250 -0.300000
v 7.306222 -1.460444 0.300000
v 7.306222 -1.460444 -0.300000
v 7.284101 -1.521972 0.300000
v 7.284101 -1.521972 -0.300000
v 7.262250 -1.584000 0.300000
v 7.262250 -1.584000 -0.300000
v 7.240941 -1.645694 0.300000
v 7.240941 -1.645694 -0.300000
v 7.220445 -1.706222 0.300000
v 7.220445 -1.706222 -0.300000
v 7.201031 -1.764750 0.300000
v 7.201031 -1.764750 -0.300000
v 7.182972 -1.820444 0.300000
v 7.182972 -1.820444 -0.300000
v 7.166538 -1.872472 0.300000
v 7.166538 -1.872472 -0.300000
v 7.152000 -1.920000 0.300000
v 7.152000 -1.920000 -0.300000
v 7.330000 -1.978000 0.300000
v 7.330000 -1.978000 -0.300000
v 7.343384 -1.925658 0.300000
v 7.343384 -1.925658 -0.300000
v 7.358407 -1.870926 0.300000
v 7.358407 -1.870926 -0.300000
v 7.374875 -1.814250 0.300000
v 7.374875 -1.814250 -0.300000
v 7.392592 -1.756074 0.300000
v 7.392592 -1.756074 -0.300000
v 7.411366 -1.696843 0.300000
v 7.411366 -1.696843 -0.300000
v 7.431000 -1.637000 0.300000
v 7.431000 -1.637000 -0.300000
v 7.451301 -1.576991 0.300000
v 7.451301 -1.576991 -0.300000
v 7.472074 -1.517259 0.300000
v 7.472074 -1.517259 -0.300000
v 7.493125 -1.458250 0.300000
v 7.493125 -1.458250 -0.300000
v 7.514259 -1.400407 0.300000
v 7.514259 -1.400407 -0.300000
v 7.535282 -1.344176 0.300000
v 7.535282 -1.344176 -0.300000
v 7.556000 -1.290000 0.300000
v 7.556000 -1.290000 -0.300000
v 7.576869 -1.237116 0.300000
v 7.576869 -1.237116 -0.300000
v 7.599287 -1.181926 0.300000
v 7.599287 -1.181926 -0.300000
v 7.622969 -1.125125 0.300000
v 7.622969 -1.125125 -0.300000
v 7.647629 -1.067407 0.300000
v 7.647629 -1.067407 -0.300000
v 7.672985 -1.009468 0.300000
v 7.672985 -1.009468 -0.300000
v 7.698750 -0.952000 0.300000
v 7.698750 -0.952000 -0.300000
v 7.724640 -0.895699 0.300000
v 7.724640 -0.895699 -0.300000
v 7.750370 -0.841259 0.300000
v 7.750370 -0.841259 -0.300000
v 7.775656 -0.789375 0.300000
v 7.775656 -0.789375 -0.300000
v 7.800213 -0.740741 0.300000
v 7.800213 -0.740741 -0.300000
v 7.823756 -0.696051 0.300000
v 7.823756 -0.696051 -0.300000
v 7.846000 -0.656000 0.300000
v 7.846000 -0.656000 -0.300000
v 5.902198 -0.870613 0.300000
v 5.902198 -0.870613 -0.300000
v 5.850917 -0.835574 0.300000
v 5.850917 -0.835574 -0.300000
v 5.800344 -0.799062 0.300000
v 5.800344 -0.799062 -0.300000
v 5.750667 -0.761259 0.300000
v 5.750667 -0.761259 -0.300000
v 5.702073 -0.722345 0.300000
v 5.702073 -0.722345 -0.300000
v 5.654750 -0.682500 0.300000
v 5.654750 -0.682500 -0.300000
v 5.608885 -0.641905 0.300000
v 5.608885 -0.641905 -0.300000
v 5.564667 -0.600741 0.300000
v 5.564667 -0.600741 -0.300000
v 5.522281 -0.559187 0.300000
v 5.522281 -0.559187 -0.300000
v 5.481916 -0.517426 0.300000
v 5.481916 -0.517426 -0.300000
v 5.443760 -0.475636 0.300000
v 5.443760 -0.475636 -0.300000
v 5.408000 -0.434000 0.300000
v 5.408000 -0.434000 -0.300000
v 5.274000 -0.558000 0.300000
v 5.274000 -0.558000 -0.300000
v 5.312660 -0.597369 0.300000
v 5.312660 -0.597369 -0.300000
v 5.352611 -0.636454 0.300000
v 5.352611 -0.636454 -0.300000
v 5.393812 -0.675219 0.300000
v 5.393812 -0.675219 -0.300000
v 5.436222 -0.713630 0.300000
v 5.436222 -0.713630 -0.300000
v 5.479798 -0.751652 0.300000
v 5.479798 -0.751652 -0.300000
v 5.524500 -0.789250 0.300000
v 5.524500 -0.789250 -0.300000
v 5.570285 -0.826390 0.300000
v 5.570285 -0.826390 -0.300000
v 5.617111 -0.863037 0.300000
v 5.617111 -0.863037 -0.300000
v 5.664937 -0.899156 0.300000
v 5.664937 -0.899156 -0.300000
v 5.713722 -0.934713 0.300000
v 5.713722 -0.934713 -0.300000
v 5.763423 -0.969672 0.300000
v 5.763423 -0.969672 -0.300000
v 5.814000 -1.004000 0.300000
v 5.814000 -1.004000 -0.300000
v 5.814000 -1.848000 0.300000
v 5.814000 -1.848000 -0.300000
v 5.813917 -1.867412 0.300000
v 5.813917 -1.867412 -0.300000
v 5.813667 -1.887463 0.300000
v 5.813667 -1.887463 -0.300000
v 5.813251 -1.907875 0.300000
v 5.813251 -1.907875 -0.300000
v 5.812667 -1.928370 0.300000
v 5.812667 -1.928370 -0.300000
v 5.811917 -1.948671 0.300000
v 5.811917 -1.948671 -0.300000
v 5.811000 -1.968500 0.300000
v 5.811000 -1.968500 -0.300000
v 5.809916 -1.987579 0.300000
v 5.809916 -1.987579 -0.300000
v 5.808667 -2.005630 0.300000
v 5.808667 -2.005630 -0.300000
v 5.807250 -2.022375 0.300000
v 5.807250 -2.022375 -0.300000
v 5.805667 -2.037537 0.300000
v 5.805667 -2.037537 -0.300000
v 5.803917 -2.050838 0.300000
v 5.803917 -2.050838 -0.300000
v 5.802000 -2.062000 0.300000
v 5.802000 -2.062000 -0.300000
v 5.998000 -2.062000 0.300000
v 5.998000 -2.062000 -0.300000
v 5.996504 -2.051258 0.300000
v 5.996504 -2.051258 -0.300000
v 5.995028 -2.038231 0.300000
v 5.995028 -2.038231 -0.300000
v 5.993594 -2.023219 0.300000
v 5.993594 -2.023219 -0.300000
v 5.992222 -2.006518 0.300000
v 5.992222 -2.006518 -0.300000
v 5.990934 -1.988429 0.300000
v 5.990934 -1.988429 -0.300000
v 5.989750 -1.969250 0.300000
v 5.989750 -1.969250 -0.300000
v 5.988691 -1.949279 0.300000
v 5.988691 -1.949279 -0.300000
v 5.987778 -1.928815 0.300000
v 5.987778 -1.928815 -0.300000
v 5.987031 -1.908156 0.300000
v 5.987031 -1.908156 -0.300000
v 5.986472 -1.887602 0.300000
v 5.986472 -1.887602 -0.300000
v 5.986122 -1.867450 0.300000
v 5.986122 -1.867450 -0.300000
v 5.986000 -1.848000 0.300000
v 5.986000 -1.848000 -0.300000
v 5.986000 -1.108000 0.300000
v 5.986000 -1.108000 -0.300000
v 6.039798 -1.137980 0.300000
v 6.039798 -1.137980 -0.300000
v 6.096055 -1.167843 0.300000
v 6.096055 -1.167843 -0.300000
v 6.154562 -1.197469 0.300000
v 6.154562 -1.197469 -0.300000
v 6.215111 -1.226741 0.300000
v 6.215111 -1.226741 -0.300000
v 6.277493 -1.255541 0.300000
v 6.277493 -1.255541 -0.300000
v 6.341500 -1.283750 0.300000
v 6.341500 -1.283750 -0.300000
v 6.406923 -1.311251 0.300000
v 6.406923 -1.311251 -0.300000
v 6.473556 -1.337926 0.300000
v 6.473556 -1.337926 -0.300000
v 6.541187 -1.363656 0.300000
v 6.541187 -1.363656 -0.300000
v 6.609611 -1.388324 0.300000
v 6.609611 -1.388324 -0.300000
v 6.678618 -1.411811 0.300000
v 6.678618 -1.411811 -0.300000
v 6.748000 -1.434000 0.300000
v 6.748000 -1.434000 -0.300000
v 6.828000 -1.278000 0.300000
v 6.828000 -1.278000 -0.300000
v 6.742358 -1.253568 0.300000
v 6.742358 -1.253568 -0.300000
v 6.658537 -1.227379 0.300000
v 6.658537 -1.227379 -0.300000
v 6.576687 -1.199594 0.300000
v 6.576687 -1.199594 -0.300000
v 6.496963 -1.170370 0.300000
v 6.496963 -1.170370 -0.300000
v 6.419516 -1.139869 0.300000
v 6.419516 -1.139869 -0.300000
v 6.344500 -1.108250 0.300000
v 6.344500 -1.108250 -0.300000
v 6.272067 -1.075672 0.300000
v 6.272067 -1.075672 -0.300000
v 6.202370 -1.042296 0.300000
v 6.202370 -1.042296 -0.300000
v 6.135562 -1.008281 0.300000
v 6.135562 -1.008281 -0.300000
v 6.071796 -0.973787 0.300000
v 6.071796 -0.973787 -0.300000
v 6.011225 -0.938973 0.300000
v 6.011225 -0.938973 -0.300000
v 5.954000 -0.904000 0.300000
v 5.954000 -0.904000 -0.300000
v 3.468184 -0.794225 0.300001
v 3.468184 -0.794225 -0.300000
v 3.488638 -0.840630 0.300001
v 3.488638 -0.840630 -0.300000
v 3.511218 -0.888812 0.300001
v 3.511218 -0.888812 -0.300000
v 3.535777 -0.938370 0.300001
v 3.535777 -0.938370 -0.300000
v 3.562170 -0.988900 0.300001
v 3.562170 -0.988900 -0.300000
v 3.590250 -1.040000 0.300001
v 3.590250 -1.040000 -0.300000
v 3.619871 -1.091266 0.300001
v 3.619871 -1.091266 -0.300000
v 3.650888 -1.142296 0.300001
v 3.650888 -1.142296 -0.300000
v 3.683156 -1.192687 0.300001
v 3.683156 -1.192687 -0.300000
v 3.716527 -1.242037 0.300001
v 3.716527 -1.242037 -0.300000
v 3.750857 -1.289942 0.300001
v 3.750857 -1.289942 -0.300000
v 3.786000 -1.336000 0.300001
v 3.786000 -1.336000 -0.300000
v 3.732877 -1.382561 0.300001
v 3.732877 -1.382561 -0.300000
v 3.678852 -1.431824 0.300001
v 3.678852 -1.431824 -0.299999
v 3.624438 -1.483156 0.300001
v 3.624438 -1.483156 -0.299999
v 3.570148 -1.535926 0.300001
v 3.570148 -1.535926 -0.299999
v 3.516498 -1.589501 0.300001
v 3.516498 -1.589501 -0.299999
v 3.464000 -1.643250 0.300001
v 3.464000 -1.643250 -0.299999
v 3.413169 -1.696541 0.300001
v 3.413169 -1.696541 -0.299999
v 3.364519 -1.748741 0.300001
v 3.364519 -1.748741 -0.299999
v 3.318563 -1.799219 0.300001
v 3.318563 -1.799219 -0.299999
v 3.275815 -1.847343 0.300001
v 3.275815 -1.847343 -0.299999
v 3.236789 -1.892480 0.300001
v 3.236789 -1.892480 -0.299999
v 3.202000 -1.934000 0.300001
v 3.202000 -1.934000 -0.299999
v 3.342000 -2.054000 0.300001
v 3.342000 -2.054000 -0.299999
v 3.377075 -2.008396 0.300001
v 3.377075 -2.008396 -0.299999
v 3.415102 -1.960833 0.300001
v 3.415102 -1.960833 -0.299999
v 3.455781 -1.911688 0.300001
v 3.455781 -1.911688 -0.299999
v 3.498815 -1.861333 0.300001
v 3.498815 -1.861333 -0.299999
v 3.543904 -1.810146 0.300001
v 3.543904 -1.810146 -0.299999
v 3.590750 -1.758500 0.300001
v 3.590750 -1.758500 -0.299999
v 3.639054 -1.706771 0.300001
v 3.639054 -1.706771 -0.299999
v 3.688519 -1.655333 0.300001
v 3.688519 -1.655333 -0.299999
v 3.738844 -1.604563 0.300001
v 3.738844 -1.604563 -0.299999
v 3.789732 -1.554833 0.300001
v 3.789732 -1.554833 -0.299999
v 3.840883 -1.506521 0.300001
v 3.840883 -1.506521 -0.300000
v 3.892000 -1.460000 0.300001
v 3.892000 -1.460000 -0.300000
v 3.946649 -1.517248 0.300001
v 3.946649 -1.517248 -0.300000
v 4.003528 -1.573815 0.300001
v 4.003528 -1.573815 -0.300000
v 4.062531 -1.629438 0.300001
v 4.062531 -1.629438 -0.300000
v 4.123555 -1.683852 0.300001
v 4.123555 -1.683852 -0.300000
v 4.186496 -1.736794 0.300001
v 4.186496 -1.736794 -0.300000
v 4.251250 -1.788000 0.300001
v 4.251250 -1.788000 -0.300000
v 4.317711 -1.837206 0.300000
v 4.317711 -1.837206 -0.300000
v 4.385777 -1.884148 0.300000
v 4.385777 -1.884148 -0.300000
v 4.455343 -1.928563 0.300000
v 4.455343 -1.928563 -0.300000
v 4.526305 -1.970185 0.300000
v 4.526305 -1.970185 -0.300000
v 4.598559 -2.008752 0.300000
v 4.598559 -2.008752 -0.300000
v 4.672000 -2.044000 0.300000
v 4.672000 -2.044000 -0.300000
v 4.800000 -1.910000 0.300000
v 4.800000 -1.910000 -0.300000
v 4.720078 -1.876236 0.300000
v 4.720078 -1.876236 -0.300000
v 4.641463 -1.838222 0.300000
v 4.641463 -1.838222 -0.300000
v 4.564375 -1.796375 0.300000
v 4.564375 -1.796375 -0.300000
v 4.489037 -1.751111 0.300000
v 4.489037 -1.751111 -0.300000
v 4.415671 -1.702847 0.300000
v 4.415671 -1.702847 -0.300000
v 4.344500 -1.652000 0.300000
v 4.344500 -1.652000 -0.300000
v 4.275745 -1.598986 0.300000
v 4.275745 -1.598986 -0.300000
v 4.209630 -1.544222 0.300000
v 4.209630 -1.544222 -0.300000
v 4.146375 -1.488125 0.300000
v 4.146375 -1.488125 -0.300000
v 4.086204 -1.431111 0.300001
v 4.086204 -1.431111 -0.300000
v 4.029338 -1.373597 0.300001
v 4.029338 -1.373597 -0.300000
v 3.976000 -1.316000 0.300001
v 3.976000 -1.316000 -0.300000
v 3.941853 -1.275880 0.300001
v 3.941853 -1.275880 -0.300000
v 3.907658 -1.232870 0.300001
v 3.907658 -1.232870 -0.300000
v 3.873782 -1.187500 0.300001
v 3.873782 -1.187500 -0.300000
v 3.840593 -1.140296 0.300001
v 3.840593 -1.140296 -0.300000
v 3.808460 -1.091787 0.300001
v 3.808460 -1.091787 -0.300000
v 3.777750 -1.042500 0.300001
v 3.777750 -1.042500 -0.300000
v 3.748833 -0.992963 0.300001
v 3.748833 -0.992963 -0.300000
v 3.722075 -0.943704 0.300001
v 3.722075 -0.943704 -0.300000
v 3.697844 -0.895250 0.300001
v 3.697844 -0.895250 -0.300000
v 3.676509 -0.848130 0.300001
v 3.676509 -0.848130 -0.300000
v 3.658439 -0.802870 0.300001
v 3.658439 -0.802870 -0.300000
v 3.644000 -0.760000 0.300001
v 3.644000 -0.760000 -0.300000
v 3.673136 -0.760000 0.300001
v 3.673136 -0.760000 -0.300000
v 3.721917 -0.760000 0.300001
v 3.721917 -0.760000 -0.300000
v 3.786407 -0.760000 0.300000
v 3.786407 -0.760000 -0.300000
v 3.862667 -0.760000 0.300000
v 3.862667 -0.760000 -0.300000
v 3.946761 -0.760000 0.300000
v 3.946761 -0.760000 -0.300000
v 4.034750 -0.760000 0.300000
v 4.034750 -0.760000 -0.300000
v 4.122698 -0.760000 0.300000
v 4.122698 -0.760000 -0.300000
v 4.206666 -0.760000 0.300000
v 4.206666 -0.760000 -0.300000
v 4.282719 -0.760000 0.300000
v 4.282719 -0.760000 -0.300000
v 4.346917 -0.760000 0.300000
v 4.346917 -0.760000 -0.300000
v 4.395323 -0.760000 0.300000
v 4.395323 -0.760000 -0.300000
v 4.424000 -0.760000 0.300000
v 4.424000 -0.760000 -0.300000
v 4.442258 -0.760159 0.300000
v 4.442258 -0.760159 -0.300000
v 4.461740 -0.760602 0.300000
v 4.461740 -0.760602 -0.300000
v 4.481999 -0.761281 0.300000
v 4.481999 -0.761281 -0.300000
v 4.502592 -0.762148 0.300000
v 4.502592 -0.762148 -0.300000
v 4.523074 -0.763154 0.300000
v 4.523074 -0.763154 -0.300000
v 4.543000 -0.764250 0.300000
v 4.543000 -0.764250 -0.300000
v 4.561926 -0.765388 0.300000
v 4.561926 -0.765388 -0.300000
v 4.579407 -0.766518 0.300000
v 4.579407 -0.766518 -0.300000
v 4.595000 -0.767594 0.300000
v 4.595000 -0.767594 -0.300000
v 4.608259 -0.768565 0.300000
v 4.608259 -0.768565 -0.300000
v 4.618741 -0.769383 0.300000
v 4.618741 -0.769383 -0.300000
v 4.626000 -0.770000 0.300000
v 4.626000 -0.770000 -0.300000
v 4.626000 -0.588000 0.300000
v 4.626000 -0.588000 -0.300000
v 4.617290 -0.589076 0.300000
v 4.617290 -0.589076 -0.300000
v 4.605482 -0.590278 0.300000
v 4.605482 -0.590278 -0.300000
v 4.591063 -0.591562 0.300000
v 4.591063 -0.591562 -0.300000
v 4.574519 -0.592889 0.300000
v 4.574519 -0.592889 -0.300000
v 4.556336 -0.594215 0.300000
v 4.556336 -0.594215 -0.300000
v 4.537001 -0.595500 0.300000
v 4.537001 -0.595500 -0.300000
v 4.516998 -0.596701 0.300000
v 4.516998 -0.596701 -0.300000
v 4.496815 -0.597778 0.300000
v 4.496815 -0.597778 -0.300000
v 4.476938 -0.598687 0.300000
v 4.476938 -0.598687 -0.300000
v 4.457852 -0.599389 0.300000
v 4.457852 -0.599389 -0.300000
v 4.440044 -0.599840 0.300000
v 4.440044 -0.599840 -0.300000
v 4.424000 -0.600000 0.300000
v 4.424000 -0.600000 -0.300000
v 4.393418 -0.600000 0.300000
v 4.393418 -0.600000 -0.300000
v 4.344176 -0.600000 0.300000
v 4.344176 -0.600000 -0.300000
v 4.280031 -0.600000 0.300000
v 4.280031 -0.600000 -0.300000
v 4.204741 -0.600000 0.300000
v 4.204741 -0.600000 -0.300000
v 4.122061 -0.600000 0.300000
v 4.122061 -0.600000 -0.300000
v 4.035750 -0.600000 0.300000
v 4.035750 -0.600000 -0.300000
v 3.949564 -0.600000 0.300000
v 3.949564 -0.600000 -0.300000
v 3.867259 -0.600000 0.300000
v 3.867259 -0.600000 -0.300000
v 3.792593 -0.600000 0.300000
v 3.792593 -0.600000 -0.300000
v 3.729324 -0.600000 0.300000
v 3.729324 -0.600000 -0.300000
v 3.681207 -0.600000 0.300000
v 3.681207 -0.600000 -0.300000
v 3.652000 -0.600000 0.300001
v 3.652000 -0.600000 -0.300000
v 3.635796 -0.599876 0.300001
v 3.635796 -0.599876 -0.300000
v 3.620195 -0.599509 0.300001
v 3.620195 -0.599509 -0.300000
v 3.605219 -0.598906 0.300001
v 3.605219 -0.598906 -0.300000
v 3.590889 -0.598074 0.300001
v 3.590889 -0.598074 -0.300000
v 3.577226 -0.597020 0.300001
v 3.577226 -0.597020 -0.300000
v 3.564250 -0.595750 0.300001
v 3.564250 -0.595750 -0.300000
v 3.551983 -0.594272 0.300001
v 3.551983 -0.594272 -0.300000
v 3.540445 -0.592593 0.300001
v 3.540445 -0.592593 -0.300000
v 3.529656 -0.590719 0.300001
v 3.529656 -0.590719 -0.300000
v 3.519639 -0.588657 0.300001
v 3.519639 -0.588657 -0.300000
v 3.510413 -0.586415 0.300001
v 3.510413 -0.586415 -0.300000
v 3.502000 -0.584000 0.300001
v 3.502000 -0.584000 -0.300000
v 3.400000 -0.662000 0.300001
v 3.400000 -0.662000 -0.300000
v 3.403275 -0.666558 0.300001
v 3.403275 -0.666558 -0.300000
v 3.407037 -0.672130 0.300001
v 3.407037 -0.672130 -0.300000
v 3.411187 -0.678562 0.300001
v 3.411187 -0.678562 -0.300000
v 3.415629 -0.685704 0.300001
v 3.415629 -0.685704 -0.300000
v 3.420266 -0.693400 0.300001
v 3.420266 -0.693400 -0.300000
v 3.425000 -0.701500 0.300001
v 3.425000 -0.701500 -0.300000
v 3.429733 -0.709849 0.300001
v 3.429733 -0.709849 -0.300000
v 3.434370 -0.718296 0.300001
v 3.434370 -0.718296 -0.300000
v 3.438812 -0.726687 0.300001
v 3.438812 -0.726687 -0.300000
v 3.442963 -0.734870 0.300001
v 3.442963 -0.734870 -0.300000
v 3.446724 -0.742692 0.300001
v 3.446724 -0.742692 -0.300000
v 3.450000 -0.750000 0.300001
v 3.450000 -0.750000 -0.300000
v 1.478000 -1.744000 0.300001
v 1.478000 -1.744000 -0.299999
v 1.478000 -0.800000 0.300001
v 1.478000 -0.800000 -0.299999
v 2.436000 -0.800000 0.300001
v 2.436000 -0.800000 -0.299999
v 2.454996 -0.800080 0.300001
v 2.454996 -0.800080 -0.299999
v 2.474797 -0.800305 0.300001
v 2.474797 -0.800305 -0.299999
v 2.495126 -0.800656 0.300001
v 2.495126 -0.800656 -0.299999
v 2.515705 -0.801111 0.300001
v 2.515705 -0.801111 -0.299999
v 2.536255 -0.801649 0.300001
v 2.536255 -0.801649 -0.299999
v 2.556501 -0.802250 0.300001
v 2.556501 -0.802250 -0.299999
v 2.576163 -0.802892 0.300001
v 2.576163 -0.802892 -0.299999
v 2.594964 -0.803555 0.300001
v 2.594964 -0.803555 -0.299999
v 2.612626 -0.804219 0.300001
v 2.612626 -0.804219 -0.299999
v 2.628871 -0.804861 0.300001
v 2.628871 -0.804861 -0.299999
v 2.643422 -0.805462 0.300001
v 2.643422 -0.805462 -0.299999
v 2.656000 -0.806000 0.300001
v 2.656000 -0.806000 -0.299999
v 2.656000 -0.628000 0.300001
v 2.656000 -0.628000 -0.299999
v 2.639068 -0.629917 0.300001
v 2.639068 -0.629917 -0.299999
v 2.621379 -0.631667 0.300001
v 2.621379 -0.631667 -0.299999
v 2.603094 -0.633250 0.300001
v 2.603094 -0.633250 -0.299999
v 2.584370 -0.634667 0.300001
v 2.584370 -0.634667 -0.299999
v 2.565369 -0.635917 0.300001
v 2.565369 -0.635917 -0.299999
v 2.546250 -0.637000 0.300001
v 2.546250 -0.637000 -0.299999
v 2.527172 -0.637917 0.300001
v 2.527172 -0.637917 -0.299999
v 2.508296 -0.638667 0.300001
v 2.508296 -0.638667 -0.299999
v 2.489781 -0.639250 0.300001
v 2.489781 -0.639250 -0.299999
v 2.471786 -0.639667 0.300001
v 2.471786 -0.639667 -0.299999
v 2.454473 -0.639917 0.300001
v 2.454473 -0.639917 -0.299999
v 2.438000 -0.640000 0.300001
v 2.438000 -0.640000 -0.299999
v 1.452000 -0.640000 0.300001
v 1.452000 -0.640000 -0.299999
v 1.439768 -0.639959 0.300001
v 1.439768 -0.639959 -0.299999
v 1.427147 -0.639843 0.300001
v 1.427147 -0.639843 -0.299999
v 1.414249 -0.639656 0.300001
v 1.414249 -0.639656 -0.299999
v 1.401185 -0.639407 0.300001
v 1.401185 -0.639407 -0.299999
v 1.388064 -0.639103 0.300001
v 1.388064 -0.639103 -0.299999
v 1.375000 -0.638750 0.300001
v 1.375000 -0.638750 -0.299999
v 1.362102 -0.638355 0.300001
v 1.362102 -0.638355 -0.299999
v 1.349481 -0.637926 0.300001
v 1.349481 -0.637926 -0.299999
v 1.337250 -0.637469 0.300001
v 1.337250 -0.637469 -0.299999
v 1.325518 -0.636991 0.300001
v 1.325518 -0.636991 -0.299999
v 1.314398 -0.636499 0.300001
v 1.314398 -0.636499 -0.299999
v 1.304000 -0.636000 0.300001
v 1.304000 -0.636000 -0.299999
v 1.304538 -0.647816 0.300001
v 1.304538 -0.647816 -0.299999
v 1.305139 -0.660194 0.300001
v 1.305139 -0.660194 -0.299999
v 1.305781 -0.673031 0.300001
v 1.305781 -0.673031 -0.299999
v 1.306445 -0.686222 0.300001
v 1.306445 -0.686222 -0.299999
v 1.307108 -0.699663 0.300001
v 1.307108 -0.699663 -0.299999
v 1.307750 -0.713250 0.300001
v 1.307750 -0.713250 -0.299999
v 1.308351 -0.726878 0.300001
v 1.308351 -0.726878 -0.299999
v 1.308889 -0.740444 0.300001
v 1.308889 -0.740444 -0.299999
v 1.309344 -0.753844 0.300001
v 1.309344 -0.753844 -0.299999
v 1.309695 -0.766972 0.300001
v 1.309695 -0.766972 -0.299999
v 1.309920 -0.779726 0.300001
v 1.309920 -0.779726 -0.299999
v 1.310000 -0.792000 0.300001
v 1.310000 -0.792000 -0.299999
v 1.310000 -1.824000 0.300001
v 1.310000 -1.824000 -0.299999
v 1.309881 -1.842331 0.300001
v 1.309881 -1.842331 -0.299999
v 1.309546 -1.861148 0.300001
v 1.309546 -1.861148 -0.299999
v 1.309031 -1.880188 0.300001
v 1.309031 -1.880188 -0.299999
v 1.308371 -1.899185 0.300001
v 1.308371 -1.899185 -0.299999
v 1.307599 -1.917877 0.300001
v 1.307599 -1.917877 -0.299999
v 1.306750 -1.936000 0.300001
v 1.306750 -1.936000 -0.299999
v 1.305860 -1.953289 0.300001
v 1.305860 -1.953289 -0.299999
v 1.304963 -1.969481 0.300001
v 1.304963 -1.969481 -0.299999
v 1.304094 -1.984312 0.300001
v 1.304094 -1.984312 -0.299999
v 1.303287 -1.997518 0.300001
v 1.303287 -1.997518 -0.299999
v 1.302577 -2.008836 0.300001
v 1.302577 -2.008836 -0.299999
v 1.302000 -2.018000 0.300001
v 1.302000 -2.018000 -0.299999
v 1.482000 -2.018000 0.300001
v 1.482000 -2.018000 -0.299999
v 1.478000 -1.906000 0.300001
v 1.478000 -1.906000 -0.299999
v 2.456000 -1.906000 0.300001
v 2.456000 -1.906000 -0.299999
v 2.476641 -1.906081 0.300001
v 2.476641 -1.906081 -0.299999
v 2.497463 -1.906315 0.300001
v 2.497463 -1.906315 -0.299999
v 2.518312 -1.906687 0.300001
v 2.518312 -1.906687 -0.299999
v 2.539037 -1.907185 0.300001
v 2.539037 -1.907185 -0.299999
v 2.559484 -1.907794 0.300001
v 2.559484 -1.907794 -0.299999
v 2.579500 -1.908500 0.300001
v 2.579500 -1.908500 -0.299999
v 2.598933 -1.909289 0.300001
v 2.598933 -1.909289 -0.299999
v 2.617630 -1.910148 0.300001
v 2.617630 -1.910148 -0.299999
v 2.635438 -1.911062 0.300001
v 2.635438 -1.911062 -0.299999
v 2.652204 -1.912019 0.300001
v 2.652204 -1.912019 -0.299999
v 2.667776 -1.913002 0.300001
v 2.667776 -1.913002 -0.299999
v 2.682000 -1.914000 0.300001
v 2.682000 -1.914000 -0.299999
v 2.682000 -1.732000 0.300001
v 2.682000 -1.732000 -0.299999
v 2.668313 -1.733497 0.300001
v 2.668313 -1.733497 -0.299999
v 2.653334 -1.734972 0.300001
v 2.653334 -1.734972 -0.299999
v 2.637188 -1.736406 0.300001
v 2.637188 -1.736406 -0.299999
v 2.620000 -1.737778 0.300001
v 2.620000 -1.737778 -0.299999
v 2.601896 -1.739066 0.300001
v 2.601896 -1.739066 -0.299999
v 2.583001 -1.740250 0.300001
v 2.583001 -1.740250 -0.299999
v 2.563438 -1.741309 0.300001
v 2.563438 -1.741309 -0.299999
v 2.543334 -1.742222 0.300001
v 2.543334 -1.742222 -0.299999
v 2.522813 -1.742969 0.300001
v 2.522813 -1.742969 -0.299999
v 2.502000 -1.743528 0.300001
v 2.502000 -1.743528 -0.299999
v 2.481021 -1.743878 0.300001
v 2.481021 -1.743878 -0.299999
v 2.460000 -1.744000 0.300001
v 2.460000 -1.744000 -0.299999
v -0.785751 -0.756413 0.300001
v -0.785751 -0.756413 -0.299999
v -0.759168 -0.797139 0.300001
v -0.759168 -0.797139 -0.299999
v -0.728501 -0.841406 0.300001
v -0.728501 -0.841406 -0.299999
v -0.694001 -0.888444 0.300001
v -0.694001 -0.888444 -0.299999
v -0.655918 -0.937482 0.300001
v -0.655918 -0.937482 -0.299999
v -0.614501 -0.987750 0.300001
v -0.614501 -0.987750 -0.299999
v -0.570001 -1.038476 0.300001
v -0.570001 -1.038476 -0.299999
v -0.522667 -1.088889 0.300001
v -0.522667 -1.088889 -0.299999
v -0.472751 -1.138219 0.300001
v -0.472751 -1.138219 -0.299999
v -0.420501 -1.185694 0.300001
v -0.420501 -1.185694 -0.299999
v -0.366167 -1.230545 0.300001
v -0.366167 -1.230545 -0.299999
v -0.310000 -1.272000 0.300001
v -0.310000 -1.272000 -0.299999
v -0.178000 -1.166000 0.300001
v -0.178000 -1.166000 -0.299999
v -0.224011 -1.137286 0.300001
v -0.224011 -1.137286 -0.299999
v -0.269751 -1.104620 0.300001
v -0.269751 -1.104620 -0.299999
v -0.314782 -1.068719 0.300001
v -0.314782 -1.068719 -0.299999
v -0.358667 -1.030296 0.300001
v -0.358667 -1.030296 -0.299999
v -0.400970 -0.990068 0.300001
v -0.400970 -0.990068 -0.299999
v -0.441251 -0.948750 0.300001
v -0.441251 -0.948750 -0.299999
v -0.479074 -0.907057 0.300001
v -0.479074 -0.907057 -0.299999
v -0.514001 -0.865704 0.300001
v -0.514001 -0.865704 -0.299999
v -0.545594 -0.825406 0.300001
v -0.545594 -0.825406 -0.299999
v -0.573417 -0.786880 0.300001
v -0.573417 -0.786880 -0.299999
v -0.597032 -0.750839 0.300001
v -0.597032 -0.750839 -0.299999
v -0.616000 -0.718000 0.300001
v -0.616000 -0.718000 -0.299999
v -0.565954 -0.718000 0.300001
v -0.565954 -0.718000 -0.299999
v -0.489471 -0.718000 0.300001
v -0.489471 -0.718000 -0.299999
v -0.392031 -0.718000 0.300001
v -0.392031 -0.718000 -0.299999
v -0.279111 -0.718000 0.300001
v -0.279111 -0.718000 -0.299999
v -0.156191 -0.718000 0.300001
v -0.156191 -0.718000 -0.299999
v -0.028749 -0.718000 0.300001
v -0.028749 -0.718000 -0.299999
v 0.097733 -0.718000 0.300001
v 0.097733 -0.718000 -0.299999
v 0.217778 -0.718000 0.300001
v 0.217778 -0.718000 -0.299999
v 0.325907 -0.718000 0.300001
v 0.325907 -0.718000 -0.299999
v 0.416639 -0.718000 0.300001
v 0.416639 -0.718000 -0.299999
v 0.484497 -0.718000 0.300001
v 0.484497 -0.718000 -0.299999
v 0.524000 -0.718000 0.300001
v 0.524000 -0.718000 -0.299999
v 0.542542 -0.718083 0.300001
v 0.542542 -0.718083 -0.299999
v 0.561167 -0.718333 0.300001
v 0.561167 -0.718333 -0.299999
v 0.579875 -0.718750 0.300001
v 0.579875 -0.718750 -0.299999
v 0.598666 -0.719333 0.300001
v 0.598666 -0.719333 -0.299999
v 0.617541 -0.720083 0.300001
v 0.617541 -0.720083 -0.299999
v 0.636499 -0.721000 0.300001
v 0.636499 -0.721000 -0.299999
v 0.655541 -0.722083 0.300001
v 0.655541 -0.722083 -0.299999
v 0.674666 -0.723333 0.300001
v 0.674666 -0.723333 -0.299999
v 0.693874 -0.724750 0.300001
v 0.693874 -0.724750 -0.299999
v 0.713166 -0.726333 0.300001
v 0.713166 -0.726333 -0.299999
v 0.732541 -0.728083 0.300001
v 0.732541 -0.728083 -0.299999
v 0.752000 -0.730000 0.300001
v 0.752000 -0.730000 -0.299999
v 0.752000 -0.548000 0.300001
v 0.752000 -0.548000 -0.299999
v 0.734221 -0.550455 0.300001
v 0.734221 -0.550455 -0.299999
v 0.715943 -0.552806 0.300001
v 0.715943 -0.552806 -0.299999
v 0.697248 -0.555031 0.300001
v 0.697248 -0.555031 -0.299999
v 0.678221 -0.557111 0.300001
v 0.678221 -0.557111 -0.299999
v 0.658943 -0.559024 0.300001
v 0.658943 -0.559024 -0.299999
v 0.639499 -0.560750 0.300001
v 0.639499 -0.560750 -0.299999
v 0.619971 -0.562267 0.300001
v 0.619971 -0.562267 -0.299999
v 0.600444 -0.563556 0.300001
v 0.600444 -0.563556 -0.299999
v 0.580999 -0.564594 0.300001
v 0.580999 -0.564594 -0.299999
v 0.561722 -0.565361 0.300001
v 0.561722 -0.565361 -0.299999
v 0.542694 -0.565837 0.300001
v 0.542694 -0.565837 -0.299999
v 0.524000 -0.566000 0.300001
v 0.524000 -0.566000 -0.299999
v 0.483538 -0.566000 0.300001
v 0.483538 -0.566000 -0.299999
v 0.413963 -0.566000 0.300001
v 0.413963 -0.566000 -0.299999
v 0.321000 -0.566000 0.300001
v 0.321000 -0.566000 -0.299999
v 0.210370 -0.566000 0.300001
v 0.210370 -0.566000 -0.299999
v 0.087796 -0.566000 0.300001
v 0.087796 -0.566000 -0.299999
v -0.041000 -0.566000 0.300001
v -0.041000 -0.566000 -0.299999
v -0.170297 -0.566000 0.300001
v -0.170297 -0.566000 -0.299999
v -0.294371 -0.566000 0.300001
v -0.294371 -0.566000 -0.299999
v -0.407500 -0.566000 0.300001
v -0.407500 -0.566000 -0.299999
v -0.503963 -0.566000 0.300001
v -0.503963 -0.566000 -0.299999
v -0.578037 -0.566000 0.300001
v -0.578037 -0.566000 -0.299999
v -0.624001 -0.566000 0.300001
v -0.624001 -0.566000 -0.299999
v -0.634164 -0.565879 0.300001
v -0.634164 -0.565879 -0.299999
v -0.645481 -0.565528 0.300001
v -0.645481 -0.565528 -0.299999
v -0.657687 -0.564969 0.300001
v -0.657687 -0.564969 -0.299999
v -0.670518 -0.564222 0.300001
v -0.670518 -0.564222 -0.299999
v -0.683710 -0.563309 0.300001
v -0.683710 -0.563309 -0.299999
v -0.697000 -0.562250 0.300001
v -0.697000 -0.562250 -0.299999
v -0.710122 -0.561066 0.300001
v -0.710122 -0.561066 -0.299999
v -0.722815 -0.559778 0.300001
v -0.722815 -0.559778 -0.299999
v -0.734812 -0.558406 0.300001
v -0.734812 -0.558406 -0.299999
v -0.745852 -0.556972 0.300001
v -0.745852 -0.556972 -0.299999
v -0.755669 -0.555496 0.300001
v -0.755669 -0.555496 -0.299999
v -0.764000 -0.554000 0.300001
v -0.764000 -0.554000 -0.299999
v -0.862000 -0.648000 0.300001
v -0.862000 -0.648000 -0.299999
v -0.858264 -0.653198 0.300001
v -0.858264 -0.653198 -0.299999
v -0.854111 -0.658750 0.300001
v -0.854111 -0.658750 -0.299999
v -0.849625 -0.664594 0.300001
v -0.849625 -0.664594 -0.299999
v -0.844889 -0.670667 0.300001
v -0.844889 -0.670667 -0.299999
v -0.839986 -0.676906 0.300001
v -0.839986 -0.676906 -0.299999
v -0.835000 -0.683250 0.300001
v -0.835000 -0.683250 -0.299999
v -0.830014 -0.689635 0.300001
v -0.830014 -0.689635 -0.299999
v -0.825111 -0.696000 0.300001
v -0.825111 -0.696000 -0.299999
v -0.820375 -0.702281 0.300001
v -0.820375 -0.702281 -0.299999
v -0.815889 -0.708417 0.300001
v -0.815889 -0.708417 -0.299999
v -0.811737 -0.714344 0.300001
v -0.811737 -0.714344 -0.299999
v -0.808001 -0.720000 0.300001
v -0.808001 -0.720000 -0.299999
v 0.642000 -1.954000 0.300001
v 0.642000 -1.954000 -0.299999
v 0.627764 -1.949212 0.300001
v 0.627764 -1.949212 -0.299999
v 0.613111 -1.943861 0.300001
v 0.613111 -1.943861 -0.299999
v 0.598125 -1.937969 0.300001
v 0.598125 -1.937969 -0.299999
v 0.582889 -1.931556 0.300001
v 0.582889 -1.931556 -0.299999
v 0.567486 -1.924642 0.300001
v 0.567486 -1.924642 -0.299999
v 0.552000 -1.917250 0.300001
v 0.552000 -1.917250 -0.299999
v 0.536514 -1.909399 0.300001
v 0.536514 -1.909399 -0.299999
v 0.521111 -1.901111 0.300001
v 0.521111 -1.901111 -0.299999
v 0.505876 -1.892406 0.300001
v 0.505876 -1.892406 -0.299999
v 0.490890 -1.883306 0.300001
v 0.490890 -1.883306 -0.299999
v 0.476236 -1.873830 0.300001
v 0.476236 -1.873830 -0.299999
v 0.462000 -1.864000 0.300001
v 0.462000 -1.864000 -0.299999
v 0.389914 -1.814987 0.300001
v 0.389914 -1.814987 -0.299999
v 0.328139 -1.762065 0.300001
v 0.328139 -1.762065 -0.299999
v 0.275907 -1.705406 0.300001
v 0.275907 -1.705406 -0.299999
v 0.232445 -1.645185 0.300001
v 0.232445 -1.645185 -0.299999
v 0.196983 -1.581575 0.300001
v 0.196983 -1.581575 -0.299999
v 0.168751 -1.514750 0.300001
v 0.168751 -1.514750 -0.299999
v 0.146976 -1.444883 0.300001
v 0.146976 -1.444883 -0.299999
v 0.130890 -1.372148 0.300001
v 0.130890 -1.372148 -0.299999
v 0.119720 -1.296719 0.300001
v 0.119720 -1.296719 -0.299999
v 0.112695 -1.218768 0.300001
v 0.112695 -1.218768 -0.299999
v 0.109045 -1.138471 0.300001
v 0.109045 -1.138471 -0.299999
v 0.108000 -1.056000 0.300001
v 0.108000 -1.056000 -0.299999
v 0.108043 -1.044076 0.300001
v 0.108043 -1.044076 -0.299999
v 0.108176 -1.032278 0.300001
v 0.108176 -1.032278 -0.299999
v 0.108407 -1.020562 0.300001
v 0.108407 -1.020562 -0.299999
v 0.108742 -1.008889 0.300001
v 0.108742 -1.008889 -0.299999
v 0.109187 -0.997215 0.300001
v 0.109187 -0.997215 -0.299999
v 0.109751 -0.985500 0.300001
v 0.109751 -0.985500 -0.299999
v 0.110439 -0.973701 0.300001
v 0.110439 -0.973701 -0.299999
v 0.111259 -0.961778 0.300001
v 0.111259 -0.961778 -0.299999
v 0.112219 -0.949687 0.300001
v 0.112219 -0.949687 -0.299999
v 0.113324 -0.937389 0.300001
v 0.113324 -0.937389 -0.299999
v 0.114582 -0.924840 0.300001
v 0.114582 -0.924840 -0.299999
v 0.116000 -0.912000 0.300001
v 0.116000 -0.912000 -0.299999
v -0.064000 -0.912000 0.300001
v -0.064000 -0.912000 -0.299999
v -0.062760 -1.043870 0.300001
v -0.062760 -1.043870 -0.299999
v -0.058084 -1.168630 0.300001
v -0.058084 -1.168630 -0.299999
v -0.048532 -1.286500 0.300001
v -0.048532 -1.286500 -0.299999
v -0.032667 -1.397704 0.300001
v -0.032667 -1.397704 -0.299999
v -0.009052 -1.502463 0.300001
v -0.009052 -1.502463 -0.299999
v 0.023749 -1.601000 0.300001
v 0.023749 -1.601000 -0.299999
v 0.067177 -1.693537 0.300001
v 0.067177 -1.693537 -0.299999
v 0.122666 -1.780296 0.300001
v 0.122666 -1.780296 -0.299999
v 0.191656 -1.861500 0.300001
v 0.191656 -1.861500 -0.299999
v 0.275583 -1.937370 0.300001
v 0.275583 -1.937370 -0.299999
v 0.375885 -2.008130 0.300001
v 0.375885 -2.008130 -0.299999
v 0.493999 -2.074000 0.300001
v 0.493999 -2.074000 -0.299999
v -2.557386 -1.192832 0.300001
v -2.557386 -1.192832 -0.299999
v -2.527593 -1.204324 0.300001
v -2.527593 -1.204324 -0.299999
v -2.496688 -1.216469 0.300001
v -2.496688 -1.216469 -0.299999
v -2.464741 -1.229259 0.300001
v -2.464741 -1.229259 -0.299999
v -2.431822 -1.242689 0.300001
v -2.431822 -1.242689 -0.299999
v -2.398000 -1.256750 0.300001
v -2.398000 -1.256750 -0.299999
v -2.363344 -1.271436 0.300001
v -2.363344 -1.271436 -0.299999
v -2.327926 -1.286741 0.300001
v -2.327926 -1.286741 -0.299999
v -2.291812 -1.302656 0.300001
v -2.291812 -1.302656 -0.299999
v -2.255074 -1.319176 0.300001
v -2.255074 -1.319176 -0.299999
v -2.217780 -1.336293 0.300001
v -2.217780 -1.336293 -0.299999
v -2.180000 -1.354000 0.300001
v -2.180000 -1.354000 -0.299999
v -2.186000 -1.738000 0.300001
v -2.186000 -1.738000 -0.299999
v -2.032000 -1.738000 0.300001
v -2.032000 -1.738000 -0.299999
v -2.032958 -1.717462 0.300001
v -2.032958 -1.717462 -0.299999
v -2.033834 -1.695028 0.300001
v -2.033834 -1.695028 -0.299999
v -2.034625 -1.670969 0.300001
v -2.034625 -1.670969 -0.299999
v -2.035334 -1.645555 0.300001
v -2.035334 -1.645555 -0.299999
v -2.035958 -1.619059 0.300001
v -2.035958 -1.619059 -0.299999
v -2.036500 -1.591750 0.300001
v -2.036500 -1.591750 -0.299999
v -2.036959 -1.563899 0.300001
v -2.036959 -1.563899 -0.299999
v -2.037333 -1.535778 0.300001
v -2.037333 -1.535778 -0.299999
v -2.037625 -1.507656 0.300001
v -2.037625 -1.507656 -0.299999
v -2.037833 -1.479806 0.300001
v -2.037833 -1.479806 -0.299999
v -2.037958 -1.452497 0.300001
v -2.037958 -1.452497 -0.299999
v -2.038000 -1.426000 0.300001
v -2.038000 -1.426000 -0.299999
v -1.992710 -1.450677 0.300001
v -1.992710 -1.450677 -0.299999
v -1.950010 -1.475750 0.300001
v -1.950010 -1.475750 -0.299999
v -1.910157 -1.501281 0.300001
v -1.910157 -1.501281 -0.299999
v -1.873408 -1.527333 0.300001
v -1.873408 -1.527333 -0.299999
v -1.840020 -1.553969 0.300001
v -1.840020 -1.553969 -0.299999
v -1.810250 -1.581250 0.300001
v -1.810250 -1.581250 -0.299999
v -1.784355 -1.609240 0.300001
v -1.784355 -1.609240 -0.299999
v -1.762592 -1.638000 0.300001
v -1.762592 -1.638000 -0.299999
v -1.745218 -1.667594 0.300001
v -1.745218 -1.667594 -0.299999
v -1.732491 -1.698083 0.300001
v -1.732491 -1.698083 -0.299999
v -1.724666 -1.729531 0.300001
v -1.724666 -1.729531 -0.299999
v -1.722000 -1.762000 0.300001
v -1.722000 -1.762000 -0.299999
v -1.725190 -1.798312 0.300001
v -1.725190 -1.798312 -0.299999
v -1.734510 -1.829500 0.300001
v -1.734510 -1.829500 -0.299999
v -1.749595 -1.855937 0.300001
v -1.749595 -1.855937 -0.299999
v -1.770075 -1.878000 0.300001
v -1.770075 -1.878000 -0.299999
v -1.795583 -1.896062 0.300001
v -1.795583 -1.896062 -0.299999
v -1.825750 -1.910500 0.300001
v -1.825750 -1.910500 -0.299999
v -1.860209 -1.921687 0.300001
v -1.860209 -1.921687 -0.299999
v -1.898593 -1.930000 0.300001
v -1.898593 -1.930000 -0.299999
v -1.940532 -1.935812 0.300001
v -1.940532 -1.935812 -0.299999
v -1.985658 -1.939500 0.300001
v -1.985658 -1.939500 -0.299999
v -2.033603 -1.941437 0.300001
v -2.033603 -1.941437 -0.299999
v -2.084000 -1.942000 0.300001
v -2.084000 -1.942000 -0.299999
v -2.124152 -1.941628 0.300001
v -2.124152 -1.941628 -0.299999
v -2.166389 -1.940528 0.300001
v -2.166389 -1.940528 -0.299999
v -2.210375 -1.938719 0.300001
v -2.210375 -1.938719 -0.299999
v -2.255777 -1.936222 0.300001
v -2.255777 -1.936222 -0.299999
v -2.302263 -1.933059 0.300001
v -2.302263 -1.933059 -0.299999
v -2.349500 -1.929250 0.300001
v -2.349500 -1.929250 -0.299999
v -2.397153 -1.924816 0.300001
v -2.397153 -1.924816 -0.299999
v -2.444889 -1.919778 0.300001
v -2.444889 -1.919778 -0.299999
v -2.492375 -1.914156 0.300001
v -2.492375 -1.914156 -0.299999
v -2.539278 -1.907972 0.300001
v -2.539278 -1.907972 -0.299999
v -2.585264 -1.901247 0.300001
v -2.585264 -1.901247 -0.299999
v -2.630000 -1.894000 0.300001
v -2.630000 -1.894000 -0.299999
v -2.626000 -2.054000 0.300001
v -2.626000 -2.054000 -0.299999
v -2.586610 -2.058910 0.300001
v -2.586610 -2.058910 -0.299999
v -2.544713 -2.063611 0.300001
v -2.544713 -2.063611 -0.299999
v -2.500719 -2.068063 0.300001
v -2.500719 -2.068063 -0.299999
v -2.455037 -2.072222 0.300001
v -2.455037 -2.072222 -0.299999
v -2.408077 -2.076049 0.300001
v -2.408077 -2.076049 -0.299999
v -2.360250 -2.079500 0.300001
v -2.360250 -2.079500 -0.299999
v -2.311964 -2.082535 0.300001
v -2.311964 -2.082535 -0.299999
v -2.263630 -2.085111 0.300001
v -2.263630 -2.085111 -0.299999
v -2.215656 -2.087188 0.300001
v -2.215656 -2.087188 -0.299999
v -2.168454 -2.088722 0.300001
v -2.168454 -2.088722 -0.299999
v -2.122432 -2.089674 0.300001
v -2.122432 -2.089674 -0.299999
v -2.078000 -2.090000 0.300001
v -2.078000 -2.090000 -0.299999
v -2.007766 -2.088638 0.300001
v -2.007766 -2.088638 -0.299999
v -1.940471 -2.084277 0.300001
v -1.940471 -2.084277 -0.299999
v -1.876718 -2.076499 0.300001
v -1.876718 -2.076499 -0.299999
v -1.817110 -2.064888 0.300001
v -1.817110 -2.064888 -0.299999
v -1.762253 -2.049027 0.300001
v -1.762253 -2.049027 -0.299999
v -1.712749 -2.028500 0.300001
v -1.712749 -2.028500 -0.299999
v -1.669205 -2.002889 0.300001
v -1.669205 -2.002889 -0.299999
v -1.632222 -1.971778 0.300001
v -1.632222 -1.971778 -0.299999
v -1.602407 -1.934750 0.300001
v -1.602407 -1.934750 -0.299999
v -1.580361 -1.891389 0.300001
v -1.580361 -1.891389 -0.299999
v -1.566691 -1.841278 0.300001
v -1.566691 -1.841278 -0.299999
v -1.562000 -1.784000 0.300001
v -1.562000 -1.784000 -0.299999
v -1.566818 -1.726798 0.300001
v -1.566818 -1.726798 -0.299999
v -1.580713 -1.673046 0.300001
v -1.580713 -1.673046 -0.299999
v -1.602844 -1.622531 0.300001
v -1.602844 -1.622531 -0.299999
v -1.632371 -1.575037 0.300001
v -1.632371 -1.575037 -0.299999
v -1.668453 -1.530348 0.300001
v -1.668453 -1.530348 -0.299999
v -1.710251 -1.488250 0.300001
v -1.710251 -1.488250 -0.299999
v -1.756924 -1.448527 0.300001
v -1.756924 -1.448527 -0.299999
v -1.807631 -1.410963 0.300001
v -1.807631 -1.410963 -0.299999
v -1.861532 -1.375344 0.300001
v -1.861532 -1.375344 -0.299999
v -1.917788 -1.341454 0.300001
v -1.917788 -1.341454 -0.299999
v -1.975557 -1.309078 0.300001
v -1.975557 -1.309078 -0.299999
v -2.034000 -1.278000 0.300001
v -2.034000 -1.278000 -0.299999
v -2.027936 -1.257494 0.300001
v -2.027936 -1.257494 -0.299999
v -2.019824 -1.238954 0.300001
v -2.019824 -1.238954 -0.299999
v -2.009781 -1.222344 0.300001
v -2.009781 -1.222344 -0.299999
v -1.997926 -1.207630 0.300001
v -1.997926 -1.207630 -0.299999
v -1.984376 -1.194777 0.300001
v -1.984376 -1.194777 -0.299999
v -1.969250 -1.183750 0.300001
v -1.969250 -1.183750 -0.299999
v -1.952665 -1.174515 0.300001
v -1.952665 -1.174515 -0.299999
v -1.934741 -1.167037 0.300001
v -1.934741 -1.167037 -0.299999
v -1.915594 -1.161281 0.300001
v -1.915594 -1.161281 -0.299999
v -1.895343 -1.157213 0.300001
v -1.895343 -1.157213 -0.299999
v -1.874105 -1.154798 0.300001
v -1.874105 -1.154798 -0.299999
v -1.852000 -1.154000 0.300001
v -1.852000 -1.154000 -0.299999
v -1.820480 -1.155268 0.300001
v -1.820480 -1.155268 -0.299999
v -1.789018 -1.158981 0.300001
v -1.789018 -1.158981 -0.299999
v -1.757750 -1.165000 0.300001
v -1.757750 -1.165000 -0.299999
v -1.726814 -1.173185 0.300001
v -1.726814 -1.173185 -0.299999
v -1.696351 -1.183398 0.300001
v -1.696351 -1.183398 -0.299999
v -1.666499 -1.195500 0.300001
v -1.666499 -1.195500 -0.299999
v -1.637398 -1.209352 0.300001
v -1.637398 -1.209352 -0.299999
v -1.609185 -1.224815 0.300001
v -1.609185 -1.224815 -0.299999
v -1.582000 -1.241750 0.300001
v -1.582000 -1.241750 -0.299999
v -1.555982 -1.260018 0.300001
v -1.555982 -1.260018 -0.299999
v -1.531269 -1.279481 0.300001
v -1.531269 -1.279481 -0.299999
v -1.508000 -1.300000 0.300001
v -1.508000 -1.300000 -0.299999
v -1.493533 -1.313909 0.300001
v -1.493533 -1.313909 -0.299999
v -1.479101 -1.328602 0.300001
v -1.479101 -1.328602 -0.299999
v -1.464656 -1.344031 0.300001
v -1.464656 -1.344031 -0.299999
v -1.450148 -1.360148 0.300001
v -1.450148 -1.360148 -0.299999
v -1.435529 -1.376904 0.300001
v -1.435529 -1.376904 -0.299999
v -1.420750 -1.394250 0.300001
v -1.420750 -1.394250 -0.299999
v -1.405763 -1.412138 0.300001
v -1.405763 -1.412138 -0.299999
v -1.390518 -1.430518 0.300001
v -1.390518 -1.430518 -0.299999
v -1.374969 -1.449344 0.300001
v -1.374969 -1.449344 -0.299999
v -1.359065 -1.468565 0.300001
v -1.359065 -1.468565 -0.299999
v -1.342758 -1.488133 0.300001
v -1.342758 -1.488133 -0.299999
v -1.326000 -1.508000 0.300001
v -1.326000 -1.508000 -0.299999
v -1.190000 -1.408000 0.300001
v -1.190000 -1.408000 -0.299999
v -1.250577 -1.347795 0.300001
v -1.250577 -1.347795 -0.299999
v -1.306445 -1.289194 0.300001
v -1.306445 -1.289194 -0.299999
v -1.357813 -1.232219 0.300001
v -1.357813 -1.232219 -0.299999
v -1.404889 -1.176889 0.300001
v -1.404889 -1.176889 -0.299999
v -1.447883 -1.123226 0.300001
v -1.447883 -1.123226 -0.299999
v -1.487000 -1.071250 0.300001
v -1.487000 -1.071250 -0.299999
v -1.522452 -1.020983 0.300001
v -1.522452 -1.020983 -0.299999
v -1.554445 -0.972444 0.300001
v -1.554445 -0.972444 -0.299999
v -1.583188 -0.925656 0.300001
v -1.583188 -0.925656 -0.299999
v -1.608890 -0.880639 0.300001
v -1.608890 -0.880639 -0.299999
v -1.631758 -0.837413 0.300001
v -1.631758 -0.837413 -0.299999
v -1.652000 -0.796000 0.300001
v -1.652000 -0.796000 -0.299999
v -1.564000 -0.796000 0.300001
v -1.564000 -0.796000 -0.299999
v -1.541580 -0.795916 0.300001
v -1.541580 -0.795916 -0.299999
v -1.517481 -0.795667 0.300001
v -1.517481 -0.795667 -0.299999
v -1.491937 -0.795250 0.300001
v -1.491937 -0.795250 -0.299999
v -1.465184 -0.794667 0.300001
v -1.465184 -0.794667 -0.299999
v -1.437460 -0.793917 0.300001
v -1.437460 -0.793917 -0.299999
v -1.408999 -0.793000 0.300001
v -1.408999 -0.793000 -0.299999
v -1.380039 -0.791917 0.300001
v -1.380039 -0.791917 -0.299999
v -1.350815 -0.790667 0.300001
v -1.350815 -0.790667 -0.299999
v -1.321563 -0.789250 0.300001
v -1.321563 -0.789250 -0.299999
v -1.292519 -0.787667 0.300001
v -1.292519 -0.787667 -0.299999
v -1.263919 -0.785917 0.300001
v -1.263919 -0.785917 -0.299999
v -1.236000 -0.784000 0.300001
v -1.236000 -0.784000 -0.299999
v -1.236000 -0.634000 0.300001
v -1.236000 -0.634000 -0.299999
v -1.263161 -0.637374 0.300001
v -1.263161 -0.637374 -0.299999
v -1.291453 -0.640491 0.300001
v -1.291453 -0.640491 -0.299999
v -1.320594 -0.643344 0.300001
v -1.320594 -0.643344 -0.299999
v -1.350296 -0.645926 0.300001
v -1.350296 -0.645926 -0.299999
v -1.380277 -0.648230 0.300001
v -1.380277 -0.648230 -0.299999
v -1.410250 -0.650250 0.300001
v -1.410250 -0.650250 -0.299999
v -1.439932 -0.651978 0.300001
v -1.439932 -0.651978 -0.299999
v -1.469037 -0.653407 0.300001
v -1.469037 -0.653407 -0.299999
v -1.497281 -0.654531 0.300001
v -1.497281 -0.654531 -0.299999
v -1.524380 -0.655342 0.300001
v -1.524380 -0.655342 -0.299999
v -1.550048 -0.655834 0.300001
v -1.550048 -0.655834 -0.299999
v -1.574000 -0.656000 0.300001
v -1.574000 -0.656000 -0.299999
v -1.706000 -0.654000 0.300001
v -1.706000 -0.654000 -0.299999
v -1.712789 -0.632428 0.300001
v -1.712789 -0.632428 -0.299999
v -1.719148 -0.610759 0.300001
v -1.719148 -0.610759 -0.299999
v -1.725062 -0.589062 0.300001
v -1.725062 -0.589062 -0.299999
v -1.730518 -0.567407 0.300001
v -1.730518 -0.567407 -0.299999
v -1.735502 -0.545863 0.300001
v -1.735502 -0.545863 -0.299999
v -1.740000 -0.524500 0.300001
v -1.740000 -0.524500 -0.299999
v -1.743998 -0.503386 0.300001
v -1.743998 -0.503386 -0.299999
v -1.747481 -0.482592 0.300001
v -1.747481 -0.482592 -0.299999
v -1.750438 -0.462187 0.300001
v -1.750438 -0.462187 -0.299999
v -1.752852 -0.442241 0.300001
v -1.752852 -0.442241 -0.299999
v -1.754711 -0.422822 0.300001
v -1.754711 -0.422822 -0.299999
v -1.756001 -0.404000 0.300001
v -1.756001 -0.404000 -0.299999
v -1.920000 -0.418000 0.300001
v -1.920000 -0.418000 -0.299999
v -1.916909 -0.433374 0.300001
v -1.916909 -0.433374 -0.299999
v -1.913619 -0.449491 0.300001
v -1.913619 -0.449491 -0.299999
v -1.910092 -0.466344 0.300001
v -1.910092 -0.466344 -0.299999
v -1.906295 -0.483926 0.300001
v -1.906295 -0.483926 -0.299999
v -1.902192 -0.502230 0.300001
v -1.902192 -0.502230 -0.299999
v -1.897749 -0.521250 0.300001
v -1.897749 -0.521250 -0.299999
v -1.892931 -0.540978 0.300001
v -1.892931 -0.540978 -0.299999
v -1.887703 -0.561407 0.300001
v -1.887703 -0.561407 -0.299999
v -1.882030 -0.582531 0.300001
v -1.882030 -0.582531 -0.299999
v -1.875879 -0.604343 0.300001
v -1.875879 -0.604343 -0.299999
v -1.869214 -0.626834 0.300001
v -1.869214 -0.626834 -0.299999
v -1.862000 -0.650000 0.300001
v -1.862000 -0.650000 -0.299999
v -1.913266 -0.647329 0.300001
v -1.913266 -0.647329 -0.299999
v -1.964963 -0.644296 0.300001
v -1.964963 -0.644296 -0.299999
v -2.016937 -0.640875 0.300001
v -2.016937 -0.640875 -0.299999
v -2.069036 -0.637037 0.300001
v -2.069036 -0.637037 -0.299999
v -2.121108 -0.632755 0.300001
v -2.121108 -0.632755 -0.299999
v -2.172999 -0.628000 0.300001
v -2.172999 -0.628000 -0.299999
v -2.224557 -0.622745 0.300001
v -2.224557 -0.622745 -0.299999
v -2.275629 -0.616963 0.300001
v -2.275629 -0.616963 -0.299999
v -2.326062 -0.610625 0.300001
v -2.326062 -0.610625 -0.299999
v -2.375704 -0.603704 0.300001
v -2.375704 -0.603704 -0.299999
v -2.424400 -0.596171 0.300001
v -2.424400 -0.596171 -0.299999
v -2.472000 -0.588000 0.300001
v -2.472000 -0.588000 -0.299999
v -2.470000 -0.736000 0.300001
v -2.470000 -0.736000 -0.299999
v -2.419504 -0.743671 0.300001
v -2.419504 -0.743671 -0.299999
v -2.367204 -0.750704 0.300001
v -2.367204 -0.750704 -0.299999
v -2.313375 -0.757125 0.300001
v -2.313375 -0.757125 -0.299999
v -2.258297 -0.762963 0.300001
v -2.258297 -0.762963 -0.299999
v -2.202246 -0.768245 0.300001
v -2.202246 -0.768245 -0.299999
v -2.145500 -0.773000 0.300001
v -2.145500 -0.773000 -0.299999
v -2.088338 -0.777255 0.300001
v -2.088338 -0.777255 -0.299999
v -2.031037 -0.781037 0.300001
v -2.031037 -0.781037 -0.299999
v -1.973875 -0.784375 0.300001
v -1.973875 -0.784375 -0.299999
v -1.917130 -0.787296 0.300001
v -1.917130 -0.787296 -0.299999
v -1.861078 -0.789829 0.300001
v -1.861078 -0.789829 -0.299999
v -1.806000 -0.792000 0.300001
v -1.806000 -0.792000 -0.299999
v -1.794094 -0.818648 0.300001
v -1.794094 -0.818648 -0.299999
v -1.781417 -0.845518 0.300001
v -1.781417 -0.845518 -0.299999
v -1.768031 -0.872500 0.300001
v -1.768031 -0.872500 -0.299999
v -1.754000 -0.899481 0.300001
v -1.754000 -0.899481 -0.299999
v -1.739386 -0.926352 0.300001
v -1.739386 -0.926352 -0.299999
v -1.724250 -0.953000 0.300001
v -1.724250 -0.953000 -0.299999
v -1.708656 -0.979315 0.300001
v -1.708656 -0.979315 -0.299999
v -1.692667 -1.005185 0.300001
v -1.692667 -1.005185 -0.299999
v -1.676344 -1.030500 0.300001
v -1.676344 -1.030500 -0.299999
v -1.659750 -1.055148 0.300001
v -1.659750 -1.055148 -0.299999
v -1.642948 -1.079018 0.300001
v -1.642948 -1.079018 -0.299999
v -1.626000 -1.102000 0.300001
v -1.626000 -1.102000 -0.299999
v -1.645794 -1.090461 0.300001
v -1.645794 -1.090461 -0.299999
v -1.667010 -1.079852 0.300001
v -1.667010 -1.079852 -0.299999
v -1.689407 -1.070187 0.300001
v -1.689407 -1.070187 -0.299999
v -1.712742 -1.061481 0.300001
v -1.712742 -1.061481 -0.299999
v -1.736771 -1.053748 0.300001
v -1.736771 -1.053748 -0.299999
v -1.761250 -1.047000 0.300001
v -1.761250 -1.047000 -0.299999
v -1.785939 -1.041252 0.300001
v -1.785939 -1.041252 -0.299999
v -1.810594 -1.036518 0.300001
v -1.810594 -1.036518 -0.299999
v -1.834970 -1.032812 0.300001
v -1.834970 -1.032812 -0.299999
v -1.858825 -1.030148 0.300001
v -1.858825 -1.030148 -0.299999
v -1.881916 -1.028539 0.300001
v -1.881916 -1.028539 -0.299999
v -1.904000 -1.028000 0.300001
v -1.904000 -1.028000 -0.299999
v -1.935970 -1.029326 0.300001
v -1.935970 -1.029326 -0.299999
v -1.966760 -1.033278 0.300001
v -1.966760 -1.033278 -0.299999
v -1.996188 -1.039812 0.300001
v -1.996188 -1.039812 -0.299999
v -2.024075 -1.048889 0.300001
v -2.024075 -1.048889 -0.299999
v -2.050239 -1.060465 0.300001
v -2.050239 -1.060465 -0.299999
v -2.074500 -1.074500 0.300001
v -2.074500 -1.074500 -0.299999
v -2.096679 -1.090951 0.300001
v -2.096679 -1.090951 -0.299999
v -2.116593 -1.109778 0.300001
v -2.116593 -1.109778 -0.299999
v -2.134063 -1.130937 0.300001
v -2.134063 -1.130937 -0.299999
v -2.148908 -1.154389 0.300001
v -2.148908 -1.154389 -0.299999
v -2.160947 -1.180090 0.300001
v -2.160947 -1.180090 -0.299999
v -2.170000 -1.208000 0.300001
v -2.170000 -1.208000 -0.299999
v -2.204165 -1.191865 0.300001
v -2.204165 -1.191865 -0.299999
v -2.237658 -1.176417 0.300001
v -2.237658 -1.176417 -0.299999
v -2.270469 -1.161594 0.300001
v -2.270469 -1.161594 -0.299999
v -2.302592 -1.147334 0.300001
v -2.302592 -1.147334 -0.299999
v -2.334022 -1.133573 0.300001
v -2.334022 -1.133573 -0.299999
v -2.364750 -1.120250 0.300001
v -2.364750 -1.120250 -0.299999
v -2.394770 -1.107302 0.300001
v -2.394770 -1.107302 -0.299999
v -2.424074 -1.094667 0.300001
v -2.424074 -1.094667 -0.299999
v -2.452657 -1.082281 0.300001
v -2.452657 -1.082281 -0.299999
v -2.480510 -1.070083 0.300001
v -2.480510 -1.070083 -0.299999
v -2.507627 -1.058010 0.300001
v -2.507627 -1.058010 -0.299999
v -2.534000 -1.046000 0.300001
v -2.534000 -1.046000 -0.299999
v -2.548761 -1.039577 0.300001
v -2.548761 -1.039577 -0.299999
v -2.563092 -1.033278 0.300001
v -2.563092 -1.033278 -0.299999
v -2.577062 -1.027063 0.300001
v -2.577062 -1.027063 -0.299999
v -2.590740 -1.020889 0.300001
v -2.590740 -1.020889 -0.299999
v -2.604197 -1.014715 0.300001
v -2.604197 -1.014715 -0.299999
v -2.617499 -1.008500 0.300001
v -2.617499 -1.008500 -0.299999
v -2.630719 -1.002201 0.300001
v -2.630719 -1.002201 -0.299999
v -2.643926 -0.995778 0.300001
v -2.643926 -0.995778 -0.299999
v -2.657187 -0.989187 0.300001
v -2.657187 -0.989187 -0.299999
v -2.670574 -0.982389 0.300001
v -2.670574 -0.982389 -0.299999
v -2.684155 -0.975340 0.300001
v -2.684155 -0.975340 -0.299999
v -2.698000 -0.968000 0.300001
v -2.698000 -0.968000 -0.299999
v -2.764000 -1.118000 0.300001
v -2.764000 -1.118000 -0.299999
v -2.750607 -1.121780 0.300001
v -2.750607 -1.121780 -0.299999
v -2.736510 -1.126074 0.300001
v -2.736510 -1.126074 -0.299999
v -2.721845 -1.130813 0.300001
v -2.721845 -1.130813 -0.299999
v -2.706741 -1.135926 0.300001
v -2.706741 -1.135926 -0.299999
v -2.691333 -1.141345 0.300001
v -2.691333 -1.141345 -0.299999
v -2.675751 -1.147000 0.300001
v -2.675751 -1.147000 -0.299999
v -2.660127 -1.152822 0.300001
v -2.660127 -1.152822 -0.299999
v -2.644593 -1.158741 0.300001
v -2.644593 -1.158741 -0.299999
v -2.629282 -1.164688 0.300001
v -2.629282 -1.164688 -0.299999
v -2.614325 -1.170593 0.300001
v -2.614325 -1.170593 -0.299999
v -2.599854 -1.176386 0.300001
v -2.599854 -1.176386 -0.299999
v -2.586000 -1.182000 0.300001
v -2.586000 -1.182000 -0.299999
v -3.770056 -1.751794 0.300001
v -3.770056 -1.751794 -0.299999
v -3.790278 -1.731185 0.300001
v -3.790278 -1.731185 -0.299999
v -3.808750 -1.710187 0.300001
v -3.808750 -1.710187 -0.299999
v -3.825556 -1.688815 0.300001
v -3.825556 -1.688815 -0.299999
v -3.840778 -1.667081 0.300001
v -3.840778 -1.667081 -0.299999
v -3.854501 -1.645000 0.300001
v -3.854501 -1.645000 -0.299999
v -3.866806 -1.622586 0.300001
v -3.866806 -1.622586 -0.299999
v -3.877778 -1.599852 0.300001
v -3.877778 -1.599852 -0.299999
v -3.887500 -1.576813 0.300001
v -3.887500 -1.576813 -0.299999
v -3.896055 -1.553481 0.300001
v -3.896055 -1.553481 -0.299999
v -3.903527 -1.529873 0.300001
v -3.903527 -1.529873 -0.299999
v -3.910000 -1.506000 0.300001
v -3.910000 -1.506000 -0.299999
v -3.312000 -1.506000 0.300001
v -3.312000 -1.506000 -0.299999
v -3.312000 -0.732000 0.300001
v -3.312000 -0.732000 -0.299999
v -3.934000 -0.732000 0.300001
v -3.934000 -0.732000 -0.299999
v -3.934000 -0.562000 0.300001
v -3.934000 -0.562000 -0.299999
v -3.130000 -0.562000 0.300001
v -3.130000 -0.562000 -0.299999
v -3.130000 -0.426000 0.300001
v -3.130000 -0.426000 -0.299999
v -4.870000 -0.426000 0.300001
v -4.870000 -0.426000 -0.299999
v -4.870000 -0.562000 0.300001
v -4.870000 -0.562000 -0.299999
v -4.090000 -0.562000 0.300001
v -4.090000 -0.562000 -0.299999
v -4.090000 -0.732000 0.300001
v -4.090000 -0.732000 -0.299999
v -4.746000 -0.732000 0.300001
v -4.746000 -0.732000 -0.299999
v -4.746000 -1.506000 0.300001
v -4.746000 -1.506000 -0.299999
v -4.068000 -1.506000 0.300001
v -4.068000 -1.506000 -0.299999
v -4.061363 -1.536830 0.300001
v -4.061363 -1.536830 -0.299999
v -4.053407 -1.567306 0.300001
v -4.053407 -1.567306 -0.299999
v -4.044062 -1.597406 0.300001
v -4.044062 -1.597406 -0.299999
v -4.033258 -1.627111 0.300001
v -4.033258 -1.627111 -0.299999
v -4.020927 -1.656399 0.300001
v -4.020927 -1.656399 -0.299999
v -4.006999 -1.685250 0.300001
v -4.006999 -1.685250 -0.299999
v -3.991405 -1.713642 0.300001
v -3.991405 -1.713642 -0.299999
v -3.974073 -1.741555 0.300001
v -3.974073 -1.741555 -0.299999
v -3.954937 -1.768969 0.300001
v -3.954937 -1.768969 -0.299999
v -3.933926 -1.795861 0.300001
v -3.933926 -1.795861 -0.299999
v -3.910970 -1.822212 0.300001
v -3.910970 -1.822212 -0.299999
v -3.886000 -1.848000 0.300001
v -3.886000 -1.848000 -0.299999
v -3.952340 -1.875247 0.300001
v -3.952340 -1.875247 -0.299999
v -4.022397 -1.899148 0.300001
v -4.022397 -1.899148 -0.299999
v -4.096218 -1.919937 0.300001
v -4.096218 -1.919937 -0.299999
v -4.173851 -1.937852 0.300001
v -4.173851 -1.937852 -0.299999
v -4.255345 -1.953127 0.300001
v -4.255345 -1.953127 -0.299999
v -4.340750 -1.966000 0.300001
v -4.340750 -1.966000 -0.299999
v -4.430112 -1.976706 0.300001
v -4.430112 -1.976706 -0.299999
v -4.523481 -1.985481 0.300001
v -4.523481 -1.985481 -0.299999
v -4.620906 -1.992562 0.300001
v -4.620906 -1.992562 -0.299999
v -4.722435 -1.998185 0.300001
v -4.722435 -1.998185 -0.299999
v -4.828116 -2.002586 0.300001
v -4.828116 -2.002586 -0.299999
v -4.938000 -2.006000 0.300001
v -4.938000 -2.006000 -0.299999
v -4.931012 -2.015100 0.300001
v -4.931012 -2.015100 -0.299999
v -4.924093 -2.025296 0.300001
v -4.924093 -2.025296 -0.299999
v -4.917314 -2.036438 0.300001
v -4.917314 -2.036438 -0.299999
v -4.910742 -2.048370 0.300001
v -4.910742 -2.048370 -0.299999
v -4.904448 -2.060942 0.300001
v -4.904448 -2.060942 -0.299999
v -4.898500 -2.074000 0.300001
v -4.898500 -2.074000 -0.299999
v -4.892970 -2.087391 0.300001
v -4.892970 -2.087391 -0.299999
v -4.887926 -2.100963 0.300001
v -4.887926 -2.100963 -0.299999
v -4.883438 -2.114563 0.300001
v -4.883438 -2.114563 -0.299999
v -4.879575 -2.128037 0.300001
v -4.879575 -2.128037 -0.299999
v -4.876406 -2.141234 0.300001
v -4.876406 -2.141234 -0.299999
v -4.874001 -2.154000 0.300001
v -4.874001 -2.154000 -0.299999
v -4.759540 -2.148875 0.300001
v -4.759540 -2.148875 -0.299999
v -4.649140 -2.142333 0.300001
v -4.649140 -2.142333 -0.299999
v -4.542783 -2.134125 0.300001
v -4.542783 -2.134125 -0.299999
v -4.440446 -2.124000 0.300001
v -4.440446 -2.124000 -0.299999
v -4.342109 -2.111708 0.300001
v -4.342109 -2.111708 -0.299999
v -4.247751 -2.097000 0.300001
v -4.247751 -2.097000 -0.299999
v -4.157351 -2.079625 0.300001
v -4.157351 -2.079625 -0.299999
v -4.070889 -2.059333 0.300001
v -4.070889 -2.059333 -0.299999
v -3.988344 -2.035875 0.300001
v -3.988344 -2.035875 -0.299999
v -3.909695 -2.009000 0.300001
v -3.909695 -2.009000 -0.299999
v -3.834920 -1.978458 0.300001
v -3.834920 -1.978458 -0.299999
v -3.764000 -1.944000 0.300001
v -3.764000 -1.944000 -0.299999
v -3.729404 -1.965706 0.300001
v -3.729404 -1.965706 -0.299999
v -3.692565 -1.986815 0.300001
v -3.692565 -1.986815 -0.299999
v -3.653406 -2.007313 0.300001
v -3.653406 -2.007313 -0.299999
v -3.611852 -2.027185 0.300001
v -3.611852 -2.027185 -0.299999
v -3.567825 -2.046419 0.300001
v -3.567825 -2.046419 -0.299999
v -3.521250 -2.065000 0.300001
v -3.521250 -2.065000 -0.299999
v -3.472050 -2.082914 0.300001
v -3.472050 -2.082914 -0.299999
v -3.420148 -2.100148 0.300001
v -3.420148 -2.100148 -0.299999
v -3.365468 -2.116688 0.300001
v -3.365468 -2.116688 -0.299999
v -3.307935 -2.132519 0.300001
v -3.307935 -2.132519 -0.299999
v -3.247471 -2.147627 0.300001
v -3.247471 -2.147627 -0.299999
v -3.184000 -2.162000 0.300001
v -3.184000 -2.162000 -0.299999
v -3.179059 -2.152910 0.300001
v -3.179059 -2.152910 -0.299999
v -3.173306 -2.142778 0.300001
v -3.173306 -2.142778 -0.299999
v -3.166843 -2.131813 0.300001
v -3.166843 -2.131813 -0.299999
v -3.159778 -2.120222 0.300001
v -3.159778 -2.120222 -0.299999
v -3.152212 -2.108215 0.300001
v -3.152212 -2.108215 -0.299999
v -3.144250 -2.096000 0.300001
v -3.144250 -2.096000 -0.299999
v -3.135997 -2.083785 0.300001
v -3.135997 -2.083785 -0.299999
v -3.127556 -2.071778 0.300001
v -3.127556 -2.071778 -0.299999
v -3.119032 -2.060187 0.300001
v -3.119032 -2.060187 -0.299999
v -3.110528 -2.049222 0.300001
v -3.110528 -2.049222 -0.299999
v -3.102149 -2.039090 0.300001
v -3.102149 -2.039090 -0.299999
v -3.094000 -2.030000 0.300001
v -3.094000 -2.030000 -0.299999
v -3.152135 -2.018709 0.300001
v -3.152135 -2.018709 -0.299999
v -3.207575 -2.006843 0.300001
v -3.207575 -2.006843 -0.299999
v -3.260376 -1.994406 0.300001
v -3.260376 -1.994406 -0.299999
v -3.310594 -1.981407 0.300001
v -3.310594 -1.981407 -0.299999
v -3.358283 -1.967853 0.300001
v -3.358283 -1.967853 -0.299999
v -3.403501 -1.953750 0.300001
v -3.403501 -1.953750 -0.299999
v -3.446301 -1.939105 0.300001
v -3.446301 -1.939105 -0.299999
v -3.486741 -1.923926 0.300001
v -3.486741 -1.923926 -0.299999
v -3.524876 -1.908219 0.300001
v -3.524876 -1.908219 -0.299999
v -3.560760 -1.891991 0.300001
v -3.560760 -1.891991 -0.299999
v -3.594449 -1.875249 0.300001
v -3.594449 -1.875249 -0.299999
v -3.626000 -1.858000 0.300001
v -3.626000 -1.858000 -0.299999
v -3.601792 -1.839122 0.300001
v -3.601792 -1.839122 -0.299999
v -3.578176 -1.819472 0.300001
v -3.578176 -1.819472 -0.299999
v -3.555156 -1.799031 0.300001
v -3.555156 -1.799031 -0.299999
v -3.532741 -1.777778 0.300001
v -3.532741 -1.777778 -0.299999
v -3.510936 -1.755691 0.300001
v -3.510936 -1.755691 -0.299999
v -3.489750 -1.732750 0.300001
v -3.489750 -1.732750 -0.299999
v -3.469189 -1.708934 0.300001
v -3.469189 -1.708934 -0.299999
v -3.449260 -1.684222 0.300001
v -3.449260 -1.684222 -0.299999
v -3.429969 -1.658594 0.300001
v -3.429969 -1.658594 -0.299999
v -3.411325 -1.632028 0.300001
v -3.411325 -1.632028 -0.299999
v -3.393332 -1.604503 0.300001
v -3.393332 -1.604503 -0.299999
v -3.376000 -1.576000 0.300001
v -3.376000 -1.576000 -0.299999
v -3.504000 -1.524000 0.300001
v -3.504000 -1.524000 -0.299999
v -3.520832 -1.549504 0.300001
v -3.520832 -1.549504 -0.299999
v -3.538324 -1.574037 0.300001
v -3.538324 -1.574037 -0.299999
v -3.556469 -1.597625 0.300001
v -3.556469 -1.597625 -0.299999
v -3.575259 -1.620296 0.300001
v -3.575259 -1.620296 -0.299999
v -3.594688 -1.642079 0.300001
v -3.594688 -1.642079 -0.299999
v -3.614750 -1.663000 0.300001
v -3.614750 -1.663000 -0.299999
v -3.635436 -1.683088 0.300001
v -3.635436 -1.683088 -0.299999
v -3.656740 -1.702370 0.300001
v -3.656740 -1.702370 -0.299999
v -3.678656 -1.720875 0.300001
v -3.678656 -1.720875 -0.299999
v -3.701176 -1.738630 0.300001
v -3.701176 -1.738630 -0.299999
v -3.724293 -1.755662 0.300001
v -3.724293 -1.755662 -0.299999
v -3.748000 -1.772000 0.300001
v -3.748000 -1.772000 -0.299999
v -3.930000 -1.382000 0.300001
v -3.930000 -1.382000 -0.299999
v -3.930920 -1.371960 0.300001
v -3.930920 -1.371960 -0.299999
v -3.931685 -1.361843 0.300001
v -3.931685 -1.361843 -0.299999
v -3.932313 -1.351656 0.300001
v -3.932313 -1.351656 -0.299999
v -3.932816 -1.341407 0.300001
v -3.932816 -1.341407 -0.299999
v -3.933207 -1.331103 0.300001
v -3.933207 -1.331103 -0.299999
v -3.933500 -1.320750 0.300001
v -3.933500 -1.320750 -0.299999
v -3.933711 -1.310355 0.300001
v -3.933711 -1.310355 -0.299999
v -3.933852 -1.299926 0.300001
v -3.933852 -1.299926 -0.299999
v -3.933938 -1.289469 0.300001
v -3.933938 -1.289469 -0.299999
v -3.933982 -1.278991 0.300001
v -3.933982 -1.278991 -0.299999
v -3.933998 -1.268499 0.300001
v -3.933998 -1.268499 -0.299999
v -3.934000 -1.258000 0.300001
v -3.934000 -1.258000 -0.299999
v -3.934000 -1.178000 0.300001
v -3.934000 -1.178000 -0.299999
v -3.456000 -1.178000 0.300001
v -3.456000 -1.178000 -0.299999
v -3.456000 -1.382000 0.300001
v -3.456000 -1.382000 -0.299999
v -4.596000 -1.178000 0.300001
v -4.596000 -1.178000 -0.299999
v -4.090000 -1.178000 0.300001
v -4.090000 -1.178000 -0.299999
v -4.090000 -1.260000 0.300001
v -4.090000 -1.260000 -0.299999
v -4.089959 -1.270460 0.300001
v -4.089959 -1.270460 -0.299999
v -4.089842 -1.280843 0.300001
v -4.089842 -1.280843 -0.299999
v -4.089656 -1.291156 0.300001
v -4.089656 -1.291156 -0.299999
v -4.089407 -1.301407 0.300001
v -4.089407 -1.301407 -0.299999
v -4.089103 -1.311603 0.300001
v -4.089103 -1.311603 -0.299999
v -4.088750 -1.321750 0.300001
v -4.088750 -1.321750 -0.299999
v -4.088355 -1.331855 0.300001
v -4.088355 -1.331855 -0.299999
v -4.087926 -1.341926 0.300001
v -4.087926 -1.341926 -0.299999
v -4.087469 -1.351969 0.300001
v -4.087469 -1.351969 -0.299999
v -4.086991 -1.361991 0.300001
v -4.086991 -1.361991 -0.299999
v -4.086499 -1.371999 0.300001
v -4.086499 -1.371999 -0.299999
v -4.086000 -1.382000 0.300001
v -4.086000 -1.382000 -0.299999
v -4.596000 -1.382000 0.300001
v -4.596000 -1.382000 -0.299999
v -3.934000 -1.058000 0.300001
v -3.934000 -1.058000 -0.299999
v -3.934000 -0.858000 0.300001
v -3.934000 -0.858000 -0.299999
v -3.456000 -0.858000 0.300001
v -3.456000 -0.858000 -0.299999
v -3.456000 -1.058000 0.300001
v -3.456000 -1.058000 -0.299999
v -4.596000 -1.058000 0.300001
v -4.596000 -1.058000 -0.299999
v -4.596000 -0.858000 0.300001
v -4.596000 -0.858000 -0.299999
v -4.090000 -0.858000 0.300001
v -4.090000 -0.858000 -0.299999
v -4.090000 -1.058000 0.300001
v -4.090000 -1.058000 -0.299999
v -5.838598 -1.545581 0.300001
v -5.838598 -1.545581 -0.299999
v -5.855279 -1.572148 0.300001
v -5.855279 -1.572148 -0.299999
v -5.871876 -1.599438 0.300001
v -5.871876 -1.599438 -0.299999
v -5.888223 -1.627185 0.300001
v -5.888223 -1.627185 -0.299999
v -5.904153 -1.655127 0.300001
v -5.904153 -1.655127 -0.299999
v -5.919500 -1.683000 0.300001
v -5.919500 -1.683000 -0.299999
v -5.934097 -1.710539 0.300001
v -5.934097 -1.710539 -0.299999
v -5.947778 -1.737482 0.300001
v -5.947778 -1.737482 -0.299999
v -5.960375 -1.763563 0.300001
v -5.960375 -1.763563 -0.299999
v -5.971722 -1.788519 0.300001
v -5.971722 -1.788519 -0.299999
v -5.981652 -1.812086 0.300001
v -5.981652 -1.812086 -0.299999
v -5.990000 -1.834000 0.300001
v -5.990000 -1.834000 -0.299999
v -5.884000 -1.898000 0.300001
v -5.884000 -1.898000 -0.299999
v -5.875196 -1.875049 0.300001
v -5.875196 -1.875049 -0.299999
v -5.864907 -1.850389 0.300001
v -5.864907 -1.850389 -0.299999
v -5.853312 -1.824313 0.300001
v -5.853312 -1.824313 -0.299999
v -5.840592 -1.797111 0.300001
v -5.840592 -1.797111 -0.299999
v -5.826928 -1.769076 0.300001
v -5.826928 -1.769076 -0.299999
v -5.812500 -1.740500 0.300001
v -5.812500 -1.740500 -0.299999
v -5.797488 -1.711674 0.300001
v -5.797488 -1.711674 -0.299999
v -5.782074 -1.682889 0.300001
v -5.782074 -1.682889 -0.299999
v -5.766438 -1.654438 0.300001
v -5.766438 -1.654438 -0.299999
v -5.750759 -1.626611 0.300001
v -5.750759 -1.626611 -0.299999
v -5.735220 -1.599701 0.300001
v -5.735220 -1.599701 -0.299999
v -5.720000 -1.574000 0.300001
v -5.720000 -1.574000 -0.299999
v -5.822001 -1.520000 0.300001
v -5.822001 -1.520000 -0.299999
v -5.379813 -1.595091 0.300001
v -5.379813 -1.595091 -0.299999
v -5.366334 -1.630231 0.300001
v -5.366334 -1.630231 -0.299999
v -5.351688 -1.665219 0.300001
v -5.351688 -1.665219 -0.299999
v -5.336000 -1.699852 0.300001
v -5.336000 -1.699852 -0.299999
v -5.319396 -1.733929 0.300001
v -5.319396 -1.733929 -0.299999
v -5.302000 -1.767250 0.300001
v -5.302000 -1.767250 -0.299999
v -5.283937 -1.799612 0.300001
v -5.283937 -1.799612 -0.299999
v -5.265333 -1.830815 0.300001
v -5.265333 -1.830815 -0.299999
v -5.246312 -1.860656 0.300001
v -5.246312 -1.860656 -0.299999
v -5.226999 -1.888935 0.300001
v -5.226999 -1.888935 -0.299999
v -5.207520 -1.915450 0.300001
v -5.207520 -1.915450 -0.299999
v -5.188000 -1.940000 0.300001
v -5.188000 -1.940000 -0.299999
v -5.181446 -1.934647 0.300001
v -5.181446 -1.934647 -0.299999
v -5.173899 -1.928676 0.300001
v -5.173899 -1.928676 -0.299999
v -5.165532 -1.922219 0.300001
v -5.165532 -1.922219 -0.299999
v -5.156520 -1.915407 0.300001
v -5.156520 -1.915407 -0.299999
v -5.147035 -1.908374 0.300001
v -5.147035 -1.908374 -0.299999
v -5.137251 -1.901250 0.300001
v -5.137251 -1.901250 -0.299999
v -5.127342 -1.894168 0.300001
v -5.127342 -1.894168 -0.299999
v -5.117482 -1.887259 0.300001
v -5.117482 -1.887259 -0.299999
v -5.107844 -1.880656 0.300001
v -5.107844 -1.880656 -0.299999
v -5.098602 -1.874491 0.300001
v -5.098602 -1.874491 -0.299999
v -5.089930 -1.868895 0.300001
v -5.089930 -1.868895 -0.299999
v -5.082000 -1.864000 0.300001
v -5.082000 -1.864000 -0.299999
v -5.102160 -1.841272 0.300001
v -5.102160 -1.841272 -0.299999
v -5.121620 -1.817176 0.300001
v -5.121620 -1.817176 -0.299999
v -5.140344 -1.791844 0.300001
v -5.140344 -1.791844 -0.299999
v -5.158297 -1.765408 0.300001
v -5.158297 -1.765408 -0.299999
v -5.175444 -1.737999 0.300001
v -5.175444 -1.737999 -0.299999
v -5.191751 -1.709750 0.300001
v -5.191751 -1.709750 -0.299999
v -5.207182 -1.680793 0.300001
v -5.207182 -1.680793 -0.299999
v -5.221704 -1.651259 0.300001
v -5.221704 -1.651259 -0.299999
v -5.235281 -1.621281 0.300001
v -5.235281 -1.621281 -0.299999
v -5.247880 -1.590991 0.300001
v -5.247880 -1.590991 -0.299999
v -5.259464 -1.560520 0.300001
v -5.259464 -1.560520 -0.299999
v -5.270000 -1.530000 0.300001
v -5.270000 -1.530000 -0.299999
v -5.392000 -1.560000 0.300001
v -5.392000 -1.560000 -0.299999
v -6.854000 -0.466000 0.300001
v -6.854000 -0.466000 -0.299999
v -6.810795 -0.481286 0.300001
v -6.810795 -0.481286 -0.299999
v -6.765352 -0.496120 0.300001
v -6.765352 -0.496120 -0.299999
v -6.717937 -0.510469 0.300001
v -6.717937 -0.510469 -0.299999
v -6.668815 -0.524296 0.300001
v -6.668815 -0.524296 -0.299999
v -6.618248 -0.537568 0.300001
v -6.618248 -0.537568 -0.299999
v -6.566501 -0.550250 0.300001
v -6.566501 -0.550250 -0.299999
v -6.513836 -0.562307 0.300001
v -6.513836 -0.562307 -0.299999
v -6.460519 -0.573704 0.300001
v -6.460519 -0.573704 -0.299999
v -6.406813 -0.584406 0.300001
v -6.406813 -0.584406 -0.299999
v -6.352982 -0.594380 0.300001
v -6.352982 -0.594380 -0.299999
v -6.299290 -0.603589 0.300001
v -6.299290 -0.603589 -0.299999
v -6.246000 -0.612000 0.300001
v -6.246000 -0.612000 -0.299999
v -6.246000 -0.996000 0.300001
v -6.246000 -0.996000 -0.299999
v -6.916000 -0.996000 0.300001
v -6.916000 -0.996000 -0.299999
v -6.916000 -1.136000 0.300001
v -6.916000 -1.136000 -0.299999
v -6.696000 -1.136000 0.300001
v -6.696000 -1.136000 -0.299999
v -6.696000 -2.150000 0.300001
v -6.696000 -2.150000 -0.299999
v -6.550000 -2.150000 0.300001
v -6.550000 -2.150000 -0.299999
v -6.550000 -1.136000 0.300001
v -6.550000 -1.136000 -0.299999
v -6.246000 -1.136000 0.300001
v -6.246000 -1.136000 -0.299999
v -6.246000 -1.200000 0.300001
v -6.246000 -1.200000 -0.299999
v -6.245384 -1.274070 0.300001
v -6.245384 -1.274070 -0.299999
v -6.243224 -1.351722 0.300001
v -6.243224 -1.351722 -0.299999
v -6.239064 -1.432125 0.300001
v -6.239064 -1.432125 -0.299999
v -6.232446 -1.514445 0.300001
v -6.232446 -1.514445 -0.299999
v -6.222911 -1.597847 0.300001
v -6.222911 -1.597847 -0.299999
v -6.210001 -1.681500 0.300001
v -6.210001 -1.681500 -0.299999
v -6.193258 -1.764570 0.300001
v -6.193258 -1.764570 -0.299999
v -6.172223 -1.846222 0.300001
v -6.172223 -1.846222 -0.299999
v -6.146439 -1.925625 0.300001
v -6.146439 -1.925625 -0.299999
v -6.115445 -2.001945 0.300001
v -6.115445 -2.001945 -0.299999
v -6.078785 -2.074347 0.300001
v -6.078785 -2.074347 -0.299999
v -6.036000 -2.142000 0.300001
v -6.036000 -2.142000 -0.299999
v -6.029287 -2.134652 0.300001
v -6.029287 -2.134652 -0.299999
v -6.021297 -2.126713 0.300001
v -6.021297 -2.126713 -0.299999
v -6.012250 -2.118344 0.300001
v -6.012250 -2.118344 -0.299999
v -6.002370 -2.109704 0.300001
v -6.002370 -2.109704 -0.299999
v -5.991879 -2.100953 0.300001
v -5.991879 -2.100953 -0.299999
v -5.981000 -2.092250 0.300001
v -5.981000 -2.092250 -0.299999
v -5.969954 -2.083756 0.300001
v -5.969954 -2.083756 -0.299999
v -5.958962 -2.075630 0.300001
v -5.958962 -2.075630 -0.299999
v -5.948250 -2.068031 0.300001
v -5.948250 -2.068031 -0.299999
v -5.938037 -2.061121 0.300001
v -5.938037 -2.061121 -0.299999
v -5.928546 -2.055057 0.300001
v -5.928546 -2.055057 -0.299999
v -5.920000 -2.050000 0.300001
v -5.920000 -2.050000 -0.299999
v -5.959371 -1.987938 0.300001
v -5.959371 -1.987938 -0.299999
v -5.992805 -1.922176 0.300001
v -5.992805 -1.922176 -0.299999
v -6.020781 -1.853343 0.300001
v -6.020781 -1.853343 -0.299999
v -6.043777 -1.782074 0.300001
v -6.043777 -1.782074 -0.299999
v -6.062274 -1.708999 0.300001
v -6.062274 -1.708999 -0.299999
v -6.076750 -1.634750 0.300001
v -6.076750 -1.634750 -0.299999
v -6.087684 -1.559959 0.300001
v -6.087684 -1.559959 -0.299999
v -6.095555 -1.485259 0.300001
v -6.095555 -1.485259 -0.299999
v -6.100843 -1.411281 0.300001
v -6.100843 -1.411281 -0.299999
v -6.104028 -1.338657 0.300001
v -6.104028 -1.338657 -0.299999
v -6.105587 -1.268020 0.300001
v -6.105587 -1.268020 -0.299999
v -6.106000 -1.200000 0.300001
v -6.106000 -1.200000 -0.299999
v -6.106000 -0.512000 0.300001
v -6.106000 -0.512000 -0.299999
v -6.162622 -0.502514 0.300001
v -6.162622 -0.502514 -0.299999
v -6.220148 -0.492111 0.300001
v -6.220148 -0.492111 -0.299999
v -6.278063 -0.480875 0.300001
v -6.278063 -0.480875 -0.299999
v -6.335853 -0.468889 0.300001
v -6.335853 -0.468889 -0.299999
v -6.393003 -0.456236 0.300001
v -6.393003 -0.456236 -0.299999
v -6.449001 -0.443000 0.300001
v -6.449001 -0.443000 -0.299999
v -6.503332 -0.429264 0.300001
v -6.503332 -0.429264 -0.299999
v -6.555483 -0.415111 0.300001
v -6.555483 -0.415111 -0.299999
v -6.604939 -0.400625 0.300001
v -6.604939 -0.400625 -0.299999
v -6.651186 -0.385889 0.300001
v -6.651186 -0.385889 -0.299999
v -6.693711 -0.370986 0.300001
v -6.693711 -0.370986 -0.299999
v -6.732000 -0.356000 0.300001
v -6.732000 -0.356000 -0.299999
v -5.573612 -0.328893 0.300001
v -5.573612 -0.328893 -0.299999
v -5.583390 -0.346481 0.300001
v -5.583390 -0.346481 -0.299999
v -5.593251 -0.364625 0.300001
v -5.593251 -0.364625 -0.299999
v -5.603112 -0.383185 0.300001
v -5.603112 -0.383185 -0.299999
v -5.612890 -0.402023 0.300001
v -5.612890 -0.402023 -0.299999
v -5.622501 -0.421000 0.300001
v -5.622501 -0.421000 -0.299999
v -5.631863 -0.439977 0.300001
v -5.631863 -0.439977 -0.299999
v -5.640890 -0.458815 0.300001
v -5.640890 -0.458815 -0.299999
v -5.649501 -0.477375 0.300001
v -5.649501 -0.477375 -0.299999
v -5.657612 -0.495519 0.300001
v -5.657612 -0.495519 -0.299999
v -5.665139 -0.513106 0.300001
v -5.665139 -0.513106 -0.299999
v -5.672000 -0.530000 0.300001
v -5.672000 -0.530000 -0.299999
v -6.006001 -0.530000 0.300001
v -6.006001 -0.530000 -0.299999
v -6.006001 -0.656000 0.300001
v -6.006001 -0.656000 -0.299999
v -5.122000 -0.656000 0.300001
v -5.122000 -0.656000 -0.299999
v -5.122000 -0.530000 0.300001
v -5.122000 -0.530000 -0.299999
v -5.516000 -0.530000 0.300001
v -5.516000 -0.530000 -0.299999
v -5.509838 -0.514845 0.300001
v -5.509838 -0.514845 -0.299999
v -5.503370 -0.499426 0.300001
v -5.503370 -0.499426 -0.299999
v -5.496625 -0.483812 0.300001
v -5.496625 -0.483812 -0.299999
v -5.489630 -0.468074 0.300001
v -5.489630 -0.468074 -0.299999
v -5.482412 -0.452280 0.300001
v -5.482412 -0.452280 -0.299999
v -5.475000 -0.436500 0.300001
v -5.475000 -0.436500 -0.299999
v -5.467422 -0.420803 0.300001
v -5.467422 -0.420803 -0.299999
v -5.459704 -0.405259 0.300001
v -5.459704 -0.405259 -0.299999
v -5.451876 -0.389937 0.300001
v -5.451876 -0.389937 -0.299999
v -5.443964 -0.374907 0.300001
v -5.443964 -0.374907 -0.299999
v -5.435996 -0.360238 0.300001
v -5.435996 -0.360238 -0.299999
v -5.428000 -0.346000 0.300001
v -5.428000 -0.346000 -0.299999
v -5.564000 -0.312000 0.300001
v -5.564000 -0.312000 -0.299999
v -5.884958 -0.720689 0.300001
v -5.884958 -0.720689 -0.299999
v -5.875841 -0.745676 0.300001
v -5.875841 -0.745676 -0.299999
v -5.866654 -0.770844 0.300001
v -5.866654 -0.770844 -0.299999
v -5.857406 -0.796074 0.300001
v -5.857406 -0.796074 -0.299999
v -5.848102 -0.821249 0.300001
v -5.848102 -0.821249 -0.299999
v -5.838749 -0.846250 0.300001
v -5.838749 -0.846250 -0.299999
v -5.829354 -0.870959 0.300001
v -5.829354 -0.870959 -0.299999
v -5.819925 -0.895259 0.300001
v -5.819925 -0.895259 -0.299999
v -5.810468 -0.919031 0.300001
v -5.810468 -0.919031 -0.299999
v -5.800990 -0.942157 0.300001
v -5.800990 -0.942157 -0.299999
v -5.791498 -0.964520 0.300001
v -5.791498 -0.964520 -0.299999
v -5.782000 -0.986000 0.300001
v -5.782000 -0.986000 -0.299999
v -6.038000 -0.986000 0.300001
v -6.038000 -0.986000 -0.299999
v -6.038000 -1.114000 0.300001
v -6.038000 -1.114000 -0.299999
v -5.640000 -1.114000 0.300001
v -5.640000 -1.114000 -0.299999
v -5.640000 -1.322000 0.300001
v -5.640000 -1.322000 -0.299999
v -6.014000 -1.322000 0.300001
v -6.014000 -1.322000 -0.299999
v -6.014000 -1.454000 0.300001
v -6.014000 -1.454000 -0.299999
v -5.640000 -1.454000 0.300001
v -5.640000 -1.454000 -0.299999
v -5.640000 -1.966000 0.300001
v -5.640000 -1.966000 -0.299999
v -5.639698 -1.982803 0.300001
v -5.639698 -1.982803 -0.299999
v -5.638750 -1.998259 0.300001
v -5.638750 -1.998259 -0.299999
v -5.637094 -2.012437 0.300001
v -5.637094 -2.012437 -0.299999
v -5.634666 -2.025407 0.300001
v -5.634666 -2.025407 -0.299999
v -5.631406 -2.037238 0.300001
v -5.631406 -2.037238 -0.299999
v -5.627250 -2.048000 0.300001
v -5.627250 -2.048000 -0.299999
v -5.622135 -2.057761 0.300001
v -5.622135 -2.057761 -0.299999
v -5.616000 -2.066592 0.300001
v -5.616000 -2.066592 -0.299999
v -5.608782 -2.074562 0.300001
v -5.608782 -2.074562 -0.299999
v -5.600417 -2.081741 0.300001
v -5.600417 -2.081741 -0.299999
v -5.590844 -2.088197 0.300001
v -5.590844 -2.088197 -0.299999
v -5.580000 -2.094000 0.300001
v -5.580000 -2.094000 -0.299999
v -5.568037 -2.099094 0.300001
v -5.568037 -2.099094 -0.299999
v -5.555130 -2.103417 0.300001
v -5.555130 -2.103417 -0.299999
v -5.541250 -2.107031 0.300001
v -5.541250 -2.107031 -0.299999
v -5.526371 -2.110000 0.300001
v -5.526371 -2.110000 -0.299999
v -5.510464 -2.112386 0.300001
v -5.510464 -2.112386 -0.299999
v -5.493501 -2.114250 0.300001
v -5.493501 -2.114250 -0.299999
v -5.475454 -2.115656 0.300001
v -5.475454 -2.115656 -0.299999
v -5.456297 -2.116667 0.300001
v -5.456297 -2.116667 -0.299999
v -5.436001 -2.117344 0.300001
v -5.436001 -2.117344 -0.299999
v -5.414537 -2.117750 0.300001
v -5.414537 -2.117750 -0.299999
v -5.391880 -2.117948 0.300001
v -5.391880 -2.117948 -0.299999
v -5.368000 -2.118000 0.300001
v -5.368000 -2.118000 -0.299999
v -5.366676 -2.108606 0.300001
v -5.366676 -2.108606 -0.299999
v -5.364741 -2.098518 0.300001
v -5.364741 -2.098518 -0.299999
v -5.362250 -2.087875 0.300001
v -5.362250 -2.087875 -0.299999
v -5.359260 -2.076815 0.300001
v -5.359260 -2.076815 -0.299999
v -5.355824 -2.065477 0.300001
v -5.355824 -2.065477 -0.299999
v -5.352000 -2.054000 0.300001
v -5.352000 -2.054000 -0.299999
v -5.347843 -2.042523 0.300001
v -5.347843 -2.042523 -0.299999
v -5.343408 -2.031185 0.300001
v -5.343408 -2.031185 -0.299999
v -5.338750 -2.020125 0.300001
v -5.338750 -2.020125 -0.299999
v -5.333926 -2.009481 0.300001
v -5.333926 -2.009481 -0.299999
v -5.328991 -1.999394 0.300001
v -5.328991 -1.999394 -0.299999
v -5.324000 -1.990000 0.300001
v -5.324000 -1.990000 -0.299999
v -5.341315 -1.990458 0.300001
v -5.341315 -1.990458 -0.299999
v -5.358186 -1.990833 0.300001
v -5.358186 -1.990833 -0.299999
v -5.374500 -1.991125 0.300001
v -5.374500 -1.991125 -0.299999
v -5.390148 -1.991333 0.300001
v -5.390148 -1.991333 -0.299999
v -5.405019 -1.991459 0.300001
v -5.405019 -1.991459 -0.299999
v -5.419001 -1.991500 0.300001
v -5.419001 -1.991500 -0.299999
v -5.431982 -1.991459 0.300001
v -5.431982 -1.991459 -0.299999
v -5.443852 -1.991333 0.300001
v -5.443852 -1.991333 -0.299999
v -5.454500 -1.991125 0.300001
v -5.454500 -1.991125 -0.299999
v -5.463815 -1.990833 0.300001
v -5.463815 -1.990833 -0.299999
v -5.471685 -1.990458 0.300001
v -5.471685 -1.990458 -0.299999
v -5.478000 -1.990000 0.300001
v -5.478000 -1.990000 -0.299999
v -5.482673 -1.989870 0.300001
v -5.482673 -1.989870 -0.299999
v -5.486721 -1.989463 0.300001
v -5.486721 -1.989463 -0.299999
v -5.490187 -1.988750 0.300001
v -5.490187 -1.988750 -0.299999
v -5.493111 -1.987704 0.300001
v -5.493111 -1.987704 -0.299999
v -5.495534 -1.986296 0.300001
v -5.495534 -1.986296 -0.299999
v -5.497499 -1.984500 0.300001
v -5.497499 -1.984500 -0.299999
v -5.499048 -1.982287 0.300001
v -5.499048 -1.982287 -0.299999
v -5.500222 -1.979630 0.300001
v -5.500222 -1.979630 -0.299999
v -5.501062 -1.976500 0.300001
v -5.501062 -1.976500 -0.299999
v -5.501611 -1.972870 0.300001
v -5.501611 -1.972870 -0.299999
v -5.501909 -1.968713 0.300001
v -5.501909 -1.968713 -0.299999
v -5.502000 -1.964000 0.300001
v -5.502000 -1.964000 -0.299999
v -5.502000 -1.454000 0.300001
v -5.502000 -1.454000 -0.299999
v -5.100000 -1.454000 0.300001
v -5.100000 -1.454000 -0.299999
v -5.100000 -1.322000 0.300001
v -5.100000 -1.322000 -0.299999
v -5.502000 -1.322000 0.300001
v -5.502000 -1.322000 -0.299999
v -5.502000 -1.114000 0.300001
v -5.502000 -1.114000 -0.299999
v -5.092000 -1.114000 0.300001
v -5.092000 -1.114000 -0.299999
v -5.092000 -0.986000 0.300001
v -5.092000 -0.986000 -0.299999
v -5.646000 -0.986000 0.300001
v -5.646000 -0.986000 -0.299999
v -5.655650 -0.962134 0.300001
v -5.655650 -0.962134 -0.299999
v -5.665528 -0.936741 0.300001
v -5.665528 -0.936741 -0.299999
v -5.675531 -0.910125 0.300001
v -5.675531 -0.910125 -0.299999
v -5.685555 -0.882592 0.300001
v -5.685555 -0.882592 -0.299999
v -5.695497 -0.854449 0.300001
v -5.695497 -0.854449 -0.299999
v -5.705250 -0.826000 0.300001
v -5.705250 -0.826000 -0.299999
v -5.714711 -0.797551 0.300001
v -5.714711 -0.797551 -0.299999
v -5.723777 -0.769407 0.300001
v -5.723777 -0.769407 -0.299999
v -5.732343 -0.741875 0.300001
v -5.732343 -0.741875 -0.299999
v -5.740305 -0.715259 0.300001
v -5.740305 -0.715259 -0.299999
v -5.747559 -0.689866 0.300001
v -5.747559 -0.689866 -0.299999
v -5.754000 -0.666000 0.300001
v -5.754000 -0.666000 -0.299999
v -5.894000 -0.696000 0.300001
v -5.894000 -0.696000 -0.299999
v -5.384324 -0.692124 0.300001
v -5.384324 -0.692124 -0.299999
v -5.394259 -0.715324 0.300001
v -5.394259 -0.715324 -0.299999
v -5.403750 -0.739344 0.300001
v -5.403750 -0.739344 -0.299999
v -5.412742 -0.763926 0.300001
v -5.412742 -0.763926 -0.299999
v -5.421177 -0.788814 0.300001
v -5.421177 -0.788814 -0.299999
v -5.429001 -0.813750 0.300001
v -5.429001 -0.813750 -0.299999
v -5.436158 -0.838478 0.300001
v -5.436158 -0.838478 -0.299999
v -5.442594 -0.862741 0.300001
v -5.442594 -0.862741 -0.299999
v -5.448251 -0.886281 0.300001
v -5.448251 -0.886281 -0.299999
v -5.453074 -0.908843 0.300001
v -5.453074 -0.908843 -0.299999
v -5.457009 -0.930168 0.300001
v -5.457009 -0.930168 -0.299999
v -5.460000 -0.950000 0.300001
v -5.460000 -0.950000 -0.299999
v -5.330000 -0.986000 0.300001
v -5.330000 -0.986000 -0.299999
v -5.327548 -0.965667 0.300001
v -5.327548 -0.965667 -0.299999
v -5.324222 -0.943833 0.300001
v -5.324222 -0.943833 -0.299999
v -5.320062 -0.920750 0.300001
v -5.320062 -0.920750 -0.299999
v -5.315110 -0.896667 0.300001
v -5.315110 -0.896667 -0.299999
v -5.309409 -0.871833 0.300001
v -5.309409 -0.871833 -0.299999
v -5.302999 -0.846500 0.300001
v -5.302999 -0.846500 -0.299999
v -5.295923 -0.820917 0.300001
v -5.295923 -0.820917 -0.299999
v -5.288221 -0.795333 0.300001
v -5.288221 -0.795333 -0.299999
v -5.279937 -0.770000 0.300001
v -5.279937 -0.770000 -0.299999
v -5.271111 -0.745167 0.300001
v -5.271111 -0.745167 -0.299999
v -5.261785 -0.721083 0.300001
v -5.261785 -0.721083 -0.299999
v -5.252000 -0.698000 0.300001
v -5.252000 -0.698000 -0.299999
v -5.374000 -0.670000 0.300001
v -5.374000 -0.670000 -0.299999
v -7.659426 -0.705382 0.300002
v -7.659426 -0.705382 -0.299999
v -7.656748 -0.775556 0.300002
v -7.656748 -0.775556 -0.299999
v -7.654030 -0.853063 0.300002
v -7.654030 -0.853063 -0.299999
v -7.651333 -0.936445 0.300002
v -7.651333 -0.936445 -0.299999
v -7.648718 -1.024243 0.300002
v -7.648718 -1.024243 -0.299999
v -7.646250 -1.115000 0.300002
v -7.646250 -1.115000 -0.299999
v -7.643990 -1.207257 0.300002
v -7.643990 -1.207257 -0.299998
v -7.642000 -1.299556 0.300002
v -7.642000 -1.299556 -0.299998
v -7.640345 -1.390437 0.300002
v -7.640345 -1.390437 -0.299998
v -7.639084 -1.478444 0.300002
v -7.639084 -1.478444 -0.299998
v -7.638281 -1.562118 0.300002
v -7.638281 -1.562118 -0.299998
v -7.638000 -1.640000 0.300002
v -7.638000 -1.640000 -0.299998
v -7.640829 -1.692079 0.300002
v -7.640829 -1.692079 -0.299998
v -7.649105 -1.738463 0.300002
v -7.649105 -1.738463 -0.299998
v -7.662535 -1.779375 0.300002
v -7.662535 -1.779375 -0.299998
v -7.680819 -1.815037 0.300002
v -7.680819 -1.815037 -0.299998
v -7.703657 -1.845671 0.300002
v -7.703657 -1.845671 -0.299998
v -7.730753 -1.871500 0.300002
v -7.730753 -1.871500 -0.299998
v -7.761806 -1.892745 0.300002
v -7.761806 -1.892745 -0.299998
v -7.796520 -1.909630 0.300002
v -7.796520 -1.909630 -0.299998
v -7.834595 -1.922375 0.300002
v -7.834595 -1.922375 -0.299998
v -7.875732 -1.931204 0.300002
v -7.875732 -1.931204 -0.299998
v -7.919634 -1.936338 0.300002
v -7.919634 -1.936338 -0.299998
v -7.966000 -1.938000 0.300002
v -7.966000 -1.938000 -0.299998
v -8.054226 -1.933826 0.300002
v -8.054226 -1.933826 -0.299998
v -8.136124 -1.921778 0.300002
v -8.136124 -1.921778 -0.299998
v -8.212034 -1.902562 0.300002
v -8.212034 -1.902562 -0.299998
v -8.282299 -1.876889 0.300002
v -8.282299 -1.876889 -0.299998
v -8.347258 -1.845465 0.300002
v -8.347258 -1.845465 -0.299998
v -8.407251 -1.809000 0.300002
v -8.407251 -1.809000 -0.299998
v -8.462620 -1.768201 0.300002
v -8.462620 -1.768201 -0.299998
v -8.513704 -1.723778 0.300002
v -8.513704 -1.723778 -0.299998
v -8.560844 -1.676437 0.300002
v -8.560844 -1.676437 -0.299998
v -8.604380 -1.626889 0.300002
v -8.604380 -1.626889 -0.299998
v -8.644651 -1.575840 0.300002
v -8.644651 -1.575840 -0.299998
v -8.681999 -1.524000 0.300002
v -8.681999 -1.524000 -0.299998
v -8.796000 -1.660000 0.300002
v -8.796000 -1.660000 -0.299998
v -8.758966 -1.708610 0.300002
v -8.758966 -1.708610 -0.299998
v -8.716715 -1.758713 0.300002
v -8.716715 -1.758713 -0.299998
v -8.669033 -1.809219 0.300002
v -8.669033 -1.809219 -0.299998
v -8.615705 -1.859037 0.300002
v -8.615705 -1.859037 -0.299998
v -8.556517 -1.907078 0.300002
v -8.556517 -1.907078 -0.299998
v -8.491251 -1.952250 0.300002
v -8.491251 -1.952250 -0.299998
v -8.419695 -1.993464 0.300002
v -8.419695 -1.993464 -0.299998
v -8.341631 -2.029630 0.300002
v -8.341631 -2.029630 -0.299998
v -8.256845 -2.059656 0.300002
v -8.256845 -2.059656 -0.299998
v -8.165121 -2.082454 0.300002
v -8.165121 -2.082454 -0.299998
v -8.066244 -2.096932 0.300002
v -8.066244 -2.096932 -0.299998
v -7.959999 -2.102000 0.300002
v -7.959999 -2.102000 -0.299998
v -7.889936 -2.099450 0.300002
v -7.889936 -2.099450 -0.299998
v -7.823999 -2.091602 0.300002
v -7.823999 -2.091602 -0.299998
v -7.762562 -2.078156 0.300002
v -7.762562 -2.078156 -0.299998
v -7.705999 -2.058815 0.300002
v -7.705999 -2.058815 -0.299998
v -7.654688 -2.033279 0.300002
v -7.654688 -2.033279 -0.299998
v -7.609001 -2.001250 0.300002
v -7.609001 -2.001250 -0.299998
v -7.569313 -1.962429 0.300002
v -7.569313 -1.962429 -0.299998
v -7.536001 -1.916519 0.300002
v -7.536001 -1.916519 -0.299998
v -7.509439 -1.863219 0.300002
v -7.509439 -1.863219 -0.299998
v -7.490002 -1.802232 0.300002
v -7.490002 -1.802232 -0.299998
v -7.478064 -1.733258 0.300002
v -7.478064 -1.733258 -0.299998
v -7.474001 -1.656000 0.300002
v -7.474001 -1.656000 -0.299998
v -7.474396 -1.577918 0.300002
v -7.474396 -1.577918 -0.299998
v -7.475483 -1.492843 0.300002
v -7.475483 -1.492843 -0.299998
v -7.477127 -1.402531 0.300002
v -7.477127 -1.402531 -0.299999
v -7.479187 -1.308741 0.300002
v -7.479187 -1.308741 -0.299999
v -7.481525 -1.213228 0.300002
v -7.481525 -1.213228 -0.299999
v -7.484001 -1.117750 0.300002
v -7.484001 -1.117750 -0.299999
v -7.486477 -1.024064 0.300002
v -7.486477 -1.024064 -0.299999
v -7.488815 -0.933926 0.300002
v -7.488815 -0.933926 -0.299999
v -7.490875 -0.849094 0.300002
v -7.490875 -0.849094 -0.299999
v -7.492519 -0.771324 0.300002
v -7.492519 -0.771324 -0.299999
v -7.493607 -0.702374 0.300001
v -7.493607 -0.702374 -0.299999
v -7.493999 -0.644000 0.300001
v -7.493999 -0.644000 -0.299999
v -7.493914 -0.625549 0.300001
v -7.493914 -0.625549 -0.299999
v -7.493647 -0.607222 0.300001
v -7.493647 -0.607222 -0.299999
v -7.493187 -0.589062 0.300001
v -7.493187 -0.589062 -0.299999
v -7.492517 -0.571111 0.300001
v -7.492517 -0.571111 -0.299999
v -7.491627 -0.553410 0.300001
v -7.491627 -0.553410 -0.299999
v -7.490499 -0.536000 0.300001
v -7.490499 -0.536000 -0.299999
v -7.489122 -0.518924 0.300001
v -7.489122 -0.518924 -0.299999
v -7.487482 -0.502222 0.300001
v -7.487482 -0.502222 -0.299999
v -7.485563 -0.485937 0.300001
v -7.485563 -0.485937 -0.299999
v -7.483353 -0.470111 0.300001
v -7.483353 -0.470111 -0.299999
v -7.480837 -0.454785 0.300001
v -7.480837 -0.454785 -0.299999
v -7.478001 -0.440000 0.300001
v -7.478001 -0.440000 -0.299999
v -7.680000 -0.442000 0.300002
v -7.680000 -0.442000 -0.299999
v -7.677586 -0.458579 0.300002
v -7.677586 -0.458579 -0.299999
v -7.675335 -0.475296 0.300002
v -7.675335 -0.475296 -0.299999
v -7.673252 -0.492125 0.300002
v -7.673252 -0.492125 -0.299999
v -7.671335 -0.509037 0.300002
v -7.671335 -0.509037 -0.299999
v -7.669584 -0.526005 0.300002
v -7.669584 -0.526005 -0.299999
v -7.668001 -0.543000 0.300002
v -7.668001 -0.543000 -0.299999
v -7.666584 -0.559995 0.300002
v -7.666584 -0.559995 -0.299999
v -7.665335 -0.576963 0.300002
v -7.665335 -0.576963 -0.299999
v -7.664251 -0.593875 0.300002
v -7.664251 -0.593875 -0.299999
v -7.663334 -0.610704 0.300002
v -7.663334 -0.610704 -0.299999
v -7.662584 -0.627421 0.300002
v -7.662584 -0.627421 -0.299999
v -7.662001 -0.644000 0.300002
v -7.662001 -0.644000 -0.299999
v -9.637400 -0.545799 0.300002
v -9.637400 -0.545799 -0.299998
v -9.683020 -0.545222 0.300002
v -9.683020 -0.545222 -0.299998
v -9.738501 -0.544312 0.300002
v -9.738501 -0.544312 -0.299998
v -9.801481 -0.543111 0.300002
v -9.801481 -0.543111 -0.299998
v -9.869602 -0.541660 0.300002
v -9.869602 -0.541660 -0.299998
v -9.940500 -0.540000 0.300002
v -9.940500 -0.540000 -0.299998
v -10.011816 -0.538173 0.300002
v -10.011816 -0.538173 -0.299998
v -10.081186 -0.536222 0.300002
v -10.081186 -0.536222 -0.299998
v -10.146252 -0.534187 0.300002
v -10.146252 -0.534187 -0.299998
v -10.204649 -0.532111 0.300002
v -10.204649 -0.532111 -0.299998
v -10.254019 -0.530035 0.300002
v -10.254019 -0.530035 -0.299998
v -10.292000 -0.528000 0.300002
v -10.292000 -0.528000 -0.299998
v -10.300774 -0.526958 0.300002
v -10.300774 -0.526958 -0.299998
v -10.310019 -0.525833 0.300002
v -10.310019 -0.525833 -0.299998
v -10.319626 -0.524625 0.300002
v -10.319626 -0.524625 -0.299998
v -10.329483 -0.523333 0.300002
v -10.329483 -0.523333 -0.299998
v -10.339478 -0.521958 0.300002
v -10.339478 -0.521958 -0.299998
v -10.349501 -0.520500 0.300002
v -10.349501 -0.520500 -0.299998
v -10.359440 -0.518958 0.300002
v -10.359440 -0.518958 -0.299998
v -10.369184 -0.517333 0.300002
v -10.369184 -0.517333 -0.299998
v -10.378624 -0.515625 0.300002
v -10.378624 -0.515625 -0.299998
v -10.387648 -0.513833 0.300002
v -10.387648 -0.513833 -0.299998
v -10.396143 -0.511958 0.300002
v -10.396143 -0.511958 -0.299998
v -10.403999 -0.510000 0.300002
v -10.403999 -0.510000 -0.299998
v -10.500000 -0.626000 0.300002
v -10.500000 -0.626000 -0.299998
v -10.493191 -0.629777 0.300002
v -10.493191 -0.629777 -0.299998
v -10.485846 -0.634046 0.300002
v -10.485846 -0.634046 -0.299998
v -10.478096 -0.638719 0.300002
v -10.478096 -0.638719 -0.299998
v -10.470076 -0.643704 0.300002
v -10.470076 -0.643704 -0.299998
v -10.461918 -0.648911 0.300002
v -10.461918 -0.648911 -0.299998
v -10.453753 -0.654250 0.300002
v -10.453753 -0.654250 -0.299998
v -10.445711 -0.659631 0.300002
v -10.445711 -0.659631 -0.299998
v -10.437927 -0.664963 0.300002
v -10.437927 -0.664963 -0.299998
v -10.430532 -0.670156 0.300002
v -10.430532 -0.670156 -0.299998
v -10.423658 -0.675120 0.300002
v -10.423658 -0.675120 -0.299998
v -10.417437 -0.679765 0.300002
v -10.417437 -0.679765 -0.299998
v -10.412001 -0.684000 0.300002
v -10.412001 -0.684000 -0.299998
v -10.373177 -0.716424 0.300002
v -10.373177 -0.716424 -0.299998
v -10.331099 -0.751389 0.300002
v -10.331099 -0.751389 -0.299998
v -10.286341 -0.788437 0.300002
v -10.286341 -0.788437 -0.299998
v -10.239479 -0.827111 0.300002
v -10.239479 -0.827111 -0.299998
v -10.191090 -0.866951 0.300002
v -10.191090 -0.866951 -0.299998
v -10.141748 -0.907500 0.300002
v -10.141748 -0.907500 -0.299998
v -10.092031 -0.948299 0.300002
v -10.092031 -0.948299 -0.299998
v -10.042517 -0.988889 0.300002
v -10.042517 -0.988889 -0.299998
v -9.993780 -1.028813 0.300002
v -9.993780 -1.028813 -0.299998
v -9.946398 -1.067611 0.300002
v -9.946398 -1.067611 -0.299998
v -9.900946 -1.104826 0.300002
v -9.900946 -1.104826 -0.299998
v -9.858000 -1.140000 0.300002
v -9.858000 -1.140000 -0.299998
v -9.884787 -1.130535 0.300002
v -9.884787 -1.130535 -0.299998
v -9.911129 -1.122111 0.300002
v -9.911129 -1.122111 -0.299998
v -9.937000 -1.114688 0.300002
v -9.937000 -1.114688 -0.299998
v -9.962370 -1.108222 0.300002
v -9.962370 -1.108222 -0.299998
v -9.987213 -1.102674 0.300002
v -9.987213 -1.102674 -0.299998
v -10.011499 -1.098000 0.300002
v -10.011499 -1.098000 -0.299998
v -10.035204 -1.094160 0.300002
v -10.035204 -1.094160 -0.299998
v -10.058296 -1.091111 0.300002
v -10.058296 -1.091111 -0.299998
v -10.080750 -1.088812 0.300002
v -10.080750 -1.088812 -0.299998
v -10.102537 -1.087222 0.300002
v -10.102537 -1.087222 -0.299998
v -10.123631 -1.086299 0.300002
v -10.123631 -1.086299 -0.299998
v -10.144001 -1.086000 0.300002
v -10.144001 -1.086000 -0.299998
v -10.224762 -1.089817 0.300002
v -10.224762 -1.089817 -0.299998
v -10.300760 -1.101037 0.300002
v -10.300760 -1.101037 -0.299998
v -10.371563 -1.119313 0.300002
v -10.371563 -1.119313 -0.299998
v -10.436741 -1.144296 0.300002
v -10.436741 -1.144296 -0.299998
v -10.495863 -1.175641 0.300002
v -10.495863 -1.175641 -0.299998
v -10.548500 -1.213000 0.300002
v -10.548500 -1.213000 -0.299998
v -10.594219 -1.256026 0.300002
v -10.594219 -1.256026 -0.299998
v -10.632591 -1.304370 0.300002
v -10.632591 -1.304370 -0.299998
v -10.663187 -1.357687 0.300002
v -10.663187 -1.357687 -0.299998
v -10.685574 -1.415630 0.300002
v -10.685574 -1.415630 -0.299998
v -10.699322 -1.477849 0.300002
v -10.699322 -1.477849 -0.299998
v -10.704000 -1.544000 0.300002
v -10.704000 -1.544000 -0.299998
v -10.696180 -1.635824 0.300002
v -10.696180 -1.635824 -0.299998
v -10.672935 -1.720093 0.300002
v -10.672935 -1.720093 -0.299998
v -10.634594 -1.796500 0.300002
v -10.634594 -1.796500 -0.299998
v -10.581482 -1.864741 0.300002
v -10.581482 -1.864741 -0.299998
v -10.513926 -1.924509 0.300002
v -10.513926 -1.924509 -0.299998
v -10.432251 -1.975500 0.300002
v -10.432251 -1.975500 -0.299998
v -10.336784 -2.017407 0.300002
v -10.336784 -2.017407 -0.299998
v -10.227852 -2.049926 0.300002
v -10.227852 -2.049926 -0.299998
v -10.105782 -2.072750 0.300002
v -10.105782 -2.072750 -0.299998
v -9.970898 -2.085574 0.300002
v -9.970898 -2.085574 -0.299998
v -9.823528 -2.088093 0.300002
v -9.823528 -2.088093 -0.299998
v -9.664000 -2.080000 0.300002
v -9.664000 -2.080000 -0.299998
v -9.620001 -1.918000 0.300002
v -9.620001 -1.918000 -0.299998
v -9.754404 -1.930539 0.300002
v -9.754404 -1.930539 -0.299998
v -9.880215 -1.934314 0.300002
v -9.880215 -1.934314 -0.299998
v -9.996845 -1.929562 0.300002
v -9.996845 -1.929562 -0.299998
v -10.103704 -1.916518 0.300002
v -10.103704 -1.916518 -0.299998
v -10.200203 -1.895419 0.300002
v -10.200203 -1.895419 -0.299998
v -10.285749 -1.866500 0.300002
v -10.285749 -1.866500 -0.299998
v -10.359755 -1.829998 0.300002
v -10.359755 -1.829998 -0.299998
v -10.421629 -1.786148 0.300002
v -10.421629 -1.786148 -0.299998
v -10.470781 -1.735188 0.300002
v -10.470781 -1.735188 -0.299998
v -10.506620 -1.677352 0.300002
v -10.506620 -1.677352 -0.299998
v -10.528557 -1.612877 0.300002
v -10.528557 -1.612877 -0.299998
v -10.535999 -1.542000 0.300002
v -10.535999 -1.542000 -0.299998
v -10.532627 -1.495291 0.300002
v -10.532627 -1.495291 -0.299998
v -10.522669 -1.451333 0.300002
v -10.522669 -1.451333 -0.299998
v -10.506376 -1.410375 0.300002
v -10.506376 -1.410375 -0.299998
v -10.484001 -1.372666 0.300002
v -10.484001 -1.372666 -0.299998
v -10.455793 -1.338458 0.300002
v -10.455793 -1.338458 -0.299998
v -10.422001 -1.308000 0.300002
v -10.422001 -1.308000 -0.299998
v -10.382875 -1.281541 0.300002
v -10.382875 -1.281541 -0.299998
v -10.338667 -1.259333 0.300002
v -10.338667 -1.259333 -0.299998
v -10.289625 -1.241625 0.300002
v -10.289625 -1.241625 -0.299998
v -10.236000 -1.228667 0.300002
v -10.236000 -1.228667 -0.299998
v -10.178041 -1.220708 0.300002
v -10.178041 -1.220708 -0.299998
v -10.115999 -1.218000 0.300002
v -10.115999 -1.218000 -0.299998
v -10.032784 -1.221602 0.300002
v -10.032784 -1.221602 -0.299998
v -9.955593 -1.232148 0.300002
v -9.955593 -1.232148 -0.299998
v -9.883625 -1.249250 0.300002
v -9.883625 -1.249250 -0.299998
v -9.816074 -1.272519 0.300002
v -9.816074 -1.272519 -0.299998
v -9.752134 -1.301565 0.300002
v -9.752134 -1.301565 -0.299998
v -9.691000 -1.336000 0.300002
v -9.691000 -1.336000 -0.299998
v -9.631866 -1.375435 0.300002
v -9.631866 -1.375435 -0.299998
v -9.573927 -1.419481 0.300002
v -9.573927 -1.419481 -0.299998
v -9.516376 -1.467750 0.300002
v -9.516376 -1.467750 -0.299998
v -9.458408 -1.519852 0.300002
v -9.458408 -1.519852 -0.299998
v -9.399218 -1.575398 0.300002
v -9.399218 -1.575398 -0.299998
v -9.337999 -1.634000 0.300002
v -9.337999 -1.634000 -0.299998
v -9.216000 -1.510000 0.300002
v -9.216000 -1.510000 -0.299998
v -9.293573 -1.448821 0.300002
v -9.293573 -1.448821 -0.299998
v -9.378918 -1.380398 0.300002
v -9.378918 -1.380398 -0.299998
v -9.469969 -1.306406 0.300002
v -9.469969 -1.306406 -0.299998
v -9.564667 -1.228518 0.300002
v -9.564667 -1.228518 -0.299998
v -9.660948 -1.148409 0.300002
v -9.660948 -1.148409 -0.299998
v -9.756750 -1.067750 0.300002
v -9.756750 -1.067750 -0.299998
v -9.850010 -0.988216 0.300002
v -9.850010 -0.988216 -0.299998
v -9.938665 -0.911481 0.300002
v -9.938665 -0.911481 -0.299998
v -10.020655 -0.839219 0.300002
v -10.020655 -0.839219 -0.299998
v -10.093916 -0.773102 0.300002
v -10.093916 -0.773102 -0.299998
v -10.156385 -0.714804 0.300002
v -10.156385 -0.714804 -0.299998
v -10.205999 -0.666000 0.300002
v -10.205999 -0.666000 -0.299998
v -10.170549 -0.667697 0.300002
v -10.170549 -0.667697 -0.299998
v -10.126431 -0.669741 0.300002
v -10.126431 -0.669741 -0.299998
v -10.075464 -0.672062 0.300002
v -10.075464 -0.672062 -0.299998
v -10.019478 -0.674592 0.300002
v -10.019478 -0.674592 -0.299998
v -9.960297 -0.677261 0.300002
v -9.960297 -0.677261 -0.299998
v -9.899748 -0.680000 0.300002
v -9.899748 -0.680000 -0.299998
v -9.839657 -0.682738 0.300002
v -9.839657 -0.682738 -0.299998
v -9.781851 -0.685407 0.300002
v -9.781851 -0.685407 -0.299998
v -9.728155 -0.687937 0.300002
v -9.728155 -0.687937 -0.299998
v -9.680397 -0.690259 0.300002
v -9.680397 -0.690259 -0.299998
v -9.640404 -0.692303 0.300002
v -9.640404 -0.692303 -0.299998
v -9.610001 -0.694000 0.300002
v -9.610001 -0.694000 -0.299998
v -9.598768 -0.694581 0.300002
v -9.598768 -0.694581 -0.299998
v -9.587124 -0.695315 0.300002
v -9.587124 -0.695315 -0.299998
v -9.575159 -0.696187 0.300002
v -9.575159 -0.696187 -0.299998
v -9.562965 -0.697185 0.300002
v -9.562965 -0.697185 -0.299998
v -9.550632 -0.698294 0.300002
v -9.550632 -0.698294 -0.299998
v -9.538252 -0.699500 0.300002
v -9.538252 -0.699500 -0.299998
v -9.525913 -0.700789 0.300002
v -9.525913 -0.700789 -0.299998
v -9.513706 -0.702148 0.300002
v -9.513706 -0.702148 -0.299998
v -9.501720 -0.703562 0.300002
v -9.501720 -0.703562 -0.299998
v -9.490047 -0.705018 0.300002
v -9.490047 -0.705018 -0.299998
v -9.478777 -0.706502 0.300002
v -9.478777 -0.706502 -0.299998
v -9.468000 -0.708000 0.300002
v -9.468000 -0.708000 -0.299998
v -9.464001 -0.540000 0.300002
v -9.464001 -0.540000 -0.299998
v -9.473284 -0.540958 0.300002
v -9.473284 -0.540958 -0.299998
v -9.483118 -0.541833 0.300002
v -9.483118 -0.541833 -0.299998
v -9.493465 -0.542625 0.300002
v -9.493465 -0.542625 -0.299998
v -9.504293 -0.543333 0.300002
v -9.504293 -0.543333 -0.299998
v -9.515566 -0.543958 0.300002
v -9.515566 -0.543958 -0.299998
v -9.527248 -0.544500 0.300002
v -9.527248 -0.544500 -0.299998
v -9.539305 -0.544958 0.300002
v -9.539305 -0.544958 -0.299998
v -9.551702 -0.545333 0.300002
v -9.551702 -0.545333 -0.299998
v -9.564405 -0.545625 0.300002
v -9.564405 -0.545625 -0.299998
v -9.577379 -0.545833 0.300002
v -9.577379 -0.545833 -0.299998
v -9.590590 -0.545958 0.300002
v -9.590590 -0.545958 -0.299998
v -9.604000 -0.546000 0.300002
v -9.604000 -0.546000 -0.299998
v -11.288172 -0.620043 0.300002
v -11.288172 -0.620043 -0.299998
v -11.304688 -0.626176 0.300002
v -11.304688 -0.626176 -0.299998
v -11.319565 -0.636406 0.300002
v -11.319565 -0.636406 -0.299998
v -11.332817 -0.650741 0.300002
v -11.332817 -0.650741 -0.299998
v -11.344458 -0.669186 0.300002
v -11.344458 -0.669186 -0.299998
v -11.354502 -0.691750 0.300002
v -11.354502 -0.691750 -0.299998
v -11.362963 -0.718439 0.300002
v -11.362963 -0.718439 -0.299998
v -11.369854 -0.749259 0.300002
v -11.369854 -0.749259 -0.299998
v -11.375189 -0.784219 0.300002
v -11.375189 -0.784219 -0.299998
v -11.378983 -0.823324 0.300002
v -11.378983 -0.823324 -0.299998
v -11.381248 -0.866582 0.300002
v -11.381248 -0.866582 -0.299998
v -11.382000 -0.914000 0.300002
v -11.382000 -0.914000 -0.299998
v -11.381916 -0.935665 0.300002
v -11.381916 -0.935665 -0.299998
v -11.381666 -0.956657 0.300002
v -11.381666 -0.956657 -0.299998
v -11.381250 -0.976969 0.300002
v -11.381250 -0.976969 -0.299998
v -11.380667 -0.996592 0.300002
v -11.380667 -0.996592 -0.299998
v -11.379917 -1.015522 0.300002
v -11.379917 -1.015522 -0.299998
v -11.379000 -1.033750 0.300002
v -11.379000 -1.033750 -0.299998
v -11.377916 -1.051270 0.300002
v -11.377916 -1.051270 -0.299998
v -11.376667 -1.068074 0.300002
v -11.376667 -1.068074 -0.299998
v -11.375250 -1.084156 0.300002
v -11.375250 -1.084156 -0.299998
v -11.373667 -1.099509 0.300002
v -11.373667 -1.099509 -0.299998
v -11.371918 -1.114126 0.300002
v -11.371918 -1.114126 -0.299998
v -11.370001 -1.128000 0.300002
v -11.370001 -1.128000 -0.299998
v -11.320000 -1.472000 0.300002
v -11.320000 -1.472000 -0.299998
v -11.316994 -1.492965 0.300002
v -11.316994 -1.492965 -0.299998
v -11.313936 -1.511889 0.300002
v -11.313936 -1.511889 -0.299998
v -11.310781 -1.528813 0.300002
v -11.310781 -1.528813 -0.299998
v -11.307482 -1.543778 0.300002
v -11.307482 -1.543778 -0.299998
v -11.303988 -1.556826 0.300002
v -11.303988 -1.556826 -0.299998
v -11.300251 -1.568000 0.300002
v -11.300251 -1.568000 -0.299998
v -11.296223 -1.577340 0.300002
v -11.296223 -1.577340 -0.299998
v -11.291853 -1.584889 0.300002
v -11.291853 -1.584889 -0.299998
v -11.287094 -1.590688 0.300002
v -11.287094 -1.590688 -0.299998
v -11.281898 -1.594778 0.300002
v -11.281898 -1.594778 -0.299998
v -11.276217 -1.597201 0.300002
v -11.276217 -1.597201 -0.299998
v -11.270000 -1.598000 0.300002
v -11.270000 -1.598000 -0.299998
v -11.263784 -1.597201 0.300002
v -11.263784 -1.597201 -0.299998
v -11.258102 -1.594778 0.300002
v -11.258102 -1.594778 -0.299998
v -11.252907 -1.590688 0.300002
v -11.252907 -1.590688 -0.299998
v -11.248148 -1.584889 0.300002
v -11.248148 -1.584889 -0.299998
v -11.243778 -1.577340 0.300002
v -11.243778 -1.577340 -0.299998
v -11.239750 -1.568000 0.300002
v -11.239750 -1.568000 -0.299998
v -11.236013 -1.556826 0.300002
v -11.236013 -1.556826 -0.299998
v -11.232519 -1.543778 0.300002
v -11.232519 -1.543778 -0.299998
v -11.229219 -1.528813 0.300002
v -11.229219 -1.528813 -0.299998
v -11.226065 -1.511889 0.300002
v -11.226065 -1.511889 -0.299998
v -11.223007 -1.492965 0.300002
v -11.223007 -1.492965 -0.299998
v -11.219999 -1.472000 0.300002
v -11.219999 -1.472000 -0.299998
v -11.170000 -1.128000 0.300002
v -11.170000 -1.128000 -0.299998
v -11.168083 -1.114126 0.300002
v -11.168083 -1.114126 -0.299998
v -11.166334 -1.099509 0.300002
v -11.166334 -1.099509 -0.299998
v -11.164751 -1.084156 0.300002
v -11.164751 -1.084156 -0.299998
v -11.163334 -1.068074 0.300002
v -11.163334 -1.068074 -0.299998
v -11.162085 -1.051270 0.300002
v -11.162085 -1.051270 -0.299998
v -11.161001 -1.033750 0.300002
v -11.161001 -1.033750 -0.299998
v -11.160084 -1.015522 0.300002
v -11.160084 -1.015522 -0.299998
v -11.159334 -0.996593 0.300002
v -11.159334 -0.996593 -0.299998
v -11.158751 -0.976969 0.300002
v -11.158751 -0.976969 -0.299998
v -11.158335 -0.956657 0.300002
v -11.158335 -0.956657 -0.299998
v -11.158085 -0.935665 0.300002
v -11.158085 -0.935665 -0.299998
v -11.158001 -0.914000 0.300002
v -11.158001 -0.914000 -0.299998
v -11.158754 -0.866582 0.300002
v -11.158754 -0.866582 -0.299998
v -11.161020 -0.823324 0.300002
v -11.161020 -0.823324 -0.299998
v -11.164814 -0.784219 0.300002
v -11.164814 -0.784219 -0.299998
v -11.170149 -0.749259 0.300002
v -11.170149 -0.749259 -0.299998
v -11.177040 -0.718439 0.300002
v -11.177040 -0.718439 -0.299998
v -11.185501 -0.691750 0.300002
v -11.185501 -0.691750 -0.299998
v -11.195545 -0.669186 0.300002
v -11.195545 -0.669186 -0.299998
v -11.207186 -0.650741 0.300002
v -11.207186 -0.650741 -0.299998
v -11.220438 -0.636406 0.300002
v -11.220438 -0.636406 -0.299998
v -11.235315 -0.626176 0.300002
v -11.235315 -0.626176 -0.299998
v -11.251831 -0.620043 0.300002
v -11.251831 -0.620043 -0.299998
v -11.270000 -0.618000 0.300002
v -11.270000 -0.618000 -0.299998
v -11.390896 -1.914226 0.300002
v -11.390896 -1.914226 -0.299998
v -11.387691 -1.929806 0.300002
v -11.387691 -1.929806 -0.299998
v -11.382528 -1.944594 0.300002
v -11.382528 -1.944594 -0.299998
v -11.375553 -1.958444 0.300002
v -11.375553 -1.958444 -0.299998
v -11.366911 -1.971212 0.300002
v -11.366911 -1.971212 -0.299998
v -11.356749 -1.982750 0.300002
v -11.356749 -1.982750 -0.299998
v -11.345211 -1.992913 0.300002
v -11.345211 -1.992913 -0.299998
v -11.332443 -2.001555 0.300002
v -11.332443 -2.001555 -0.299998
v -11.318592 -2.008531 0.300002
v -11.318592 -2.008531 -0.299998
v -11.303804 -2.013694 0.300002
v -11.303804 -2.013694 -0.299998
v -11.288225 -2.016899 0.300002
v -11.288225 -2.016899 -0.299998
v -11.271999 -2.018000 0.300002
v -11.271999 -2.018000 -0.299998
v -11.255772 -2.016899 0.300002
v -11.255772 -2.016899 -0.299998
v -11.240192 -2.013694 0.300002
v -11.240192 -2.013694 -0.299998
v -11.225405 -2.008531 0.300002
v -11.225405 -2.008531 -0.299998
v -11.211554 -2.001555 0.300002
v -11.211554 -2.001555 -0.299998
v -11.198786 -1.992913 0.300002
v -11.198786 -1.992913 -0.299998
v -11.187248 -1.982750 0.300002
v -11.187248 -1.982750 -0.299998
v -11.177086 -1.971212 0.300002
v -11.177086 -1.971212 -0.299998
v -11.168444 -1.958444 0.300002
v -11.168444 -1.958444 -0.299998
v -11.161469 -1.944594 0.300002
v -11.161469 -1.944594 -0.299998
v -11.156305 -1.929806 0.300002
v -11.156305 -1.929806 -0.299998
v -11.153101 -1.914226 0.300002
v -11.153101 -1.914226 -0.299998
v -11.152000 -1.898000 0.300002
v -11.152000 -1.898000 -0.299998
v -11.153103 -1.881774 0.300002
v -11.153103 -1.881774 -0.299998
v -11.156307 -1.866194 0.300002
v -11.156307 -1.866194 -0.299998
v -11.161470 -1.851406 0.300002
v -11.161470 -1.851406 -0.299998
v -11.168446 -1.837555 0.300002
v -11.168446 -1.837555 -0.299998
v -11.177088 -1.824788 0.300002
v -11.177088 -1.824788 -0.299998
v -11.187250 -1.813250 0.300002
v -11.187250 -1.813250 -0.299998
v -11.198788 -1.803087 0.300002
v -11.198788 -1.803087 -0.299998
v -11.211555 -1.794444 0.300002
v -11.211555 -1.794444 -0.299998
v -11.225407 -1.787469 0.300002
v -11.225407 -1.787469 -0.299998
v -11.240194 -1.782305 0.300002
v -11.240194 -1.782305 -0.299998
v -11.255774 -1.779101 0.300002
v -11.255774 -1.779101 -0.299998
v -11.271999 -1.778000 0.300002
v -11.271999 -1.778000 -0.299998
v -11.288229 -1.779101 0.300002
v -11.288229 -1.779101 -0.299998
v -11.303808 -1.782306 0.300002
v -11.303808 -1.782306 -0.299998
v -11.318596 -1.787469 0.300002
v -11.318596 -1.787469 -0.299998
v -11.332447 -1.794445 0.300002
v -11.332447 -1.794445 -0.299998
v -11.345215 -1.803087 0.300002
v -11.345215 -1.803087 -0.299998
v -11.356752 -1.813250 0.300002
v -11.356752 -1.813250 -0.299998
v -11.366915 -1.824788 0.300002
v -11.366915 -1.824788 -0.299998
v -11.375557 -1.837556 0.300002
v -11.375557 -1.837556 -0.299998
v -11.382532 -1.851406 0.300002
v -11.382532 -1.851406 -0.299998
v -11.387695 -1.866194 0.300002
v -11.387695 -1.866194 -0.299998
v -11.390900 -1.881774 0.300002
v -11.390900 -1.881774 -0.299998
v -11.392000 -1.898000 0.300002
v -11.392000 -1.898000 -0.299998
v -11.830172 -0.620043 0.300002
v -11.830172 -0.620043 -0.299998
v -11.846687 -0.626176 0.300002
v -11.846687 -0.626176 -0.299998
v -11.861565 -0.636406 0.300002
v -11.861565 -0.636406 -0.299998
v -11.874817 -0.650741 0.300002
v -11.874817 -0.650741 -0.299998
v -11.886457 -0.669186 0.300002
v -11.886457 -0.669186 -0.299998
v -11.896502 -0.691750 0.300002
v -11.896502 -0.691750 -0.299998
v -11.904963 -0.718439 0.300002
v -11.904963 -0.718439 -0.299998
v -11.911854 -0.749259 0.300002
v -11.911854 -0.749259 -0.299998
v -11.917189 -0.784219 0.300002
v -11.917189 -0.784219 -0.299998
v -11.920982 -0.823324 0.300002
v -11.920982 -0.823324 -0.299998
v -11.923248 -0.866582 0.300002
v -11.923248 -0.866582 -0.299998
v -11.924000 -0.914000 0.300002
v -11.924000 -0.914000 -0.299998
v -11.923916 -0.935665 0.300002
v -11.923916 -0.935665 -0.299998
v -11.923666 -0.956657 0.300002
v -11.923666 -0.956657 -0.299998
v -11.923250 -0.976969 0.300002
v -11.923250 -0.976969 -0.299998
v -11.922667 -0.996592 0.300002
v -11.922667 -0.996592 -0.299998
v -11.921917 -1.015522 0.300002
v -11.921917 -1.015522 -0.299998
v -11.921000 -1.033750 0.300002
v -11.921000 -1.033750 -0.299998
v -11.919916 -1.051270 0.300002
v -11.919916 -1.051270 -0.299998
v -11.918667 -1.068074 0.300002
v -11.918667 -1.068074 -0.299998
v -11.917250 -1.084156 0.300002
v -11.917250 -1.084156 -0.299998
v -11.915667 -1.099509 0.300002
v -11.915667 -1.099509 -0.299998
v -11.913918 -1.114126 0.300002
v -11.913918 -1.114126 -0.299998
v -11.912001 -1.128000 0.300002
v -11.912001 -1.128000 -0.299998
v -11.862000 -1.472000 0.300002
v -11.862000 -1.472000 -0.299998
v -11.858994 -1.492965 0.300002
v -11.858994 -1.492965 -0.299998
v -11.855936 -1.511889 0.300002
v -11.855936 -1.511889 -0.299998
v -11.852781 -1.528813 0.300002
v -11.852781 -1.528813 -0.299998
v -11.849482 -1.543778 0.300002
v -11.849482 -1.543778 -0.299998
v -11.845987 -1.556826 0.300002
v -11.845987 -1.556826 -0.299998
v -11.842251 -1.568000 0.300002
v -11.842251 -1.568000 -0.299998
v -11.838223 -1.577340 0.300002
v -11.838223 -1.577340 -0.299998
v -11.833853 -1.584889 0.300002
v -11.833853 -1.584889 -0.299998
v -11.829094 -1.590688 0.300002
v -11.829094 -1.590688 -0.299998
v -11.823898 -1.594778 0.300002
v -11.823898 -1.594778 -0.299998
v -11.818216 -1.597201 0.300002
v -11.818216 -1.597201 -0.299998
v -11.812000 -1.598000 0.300002
v -11.812000 -1.598000 -0.299998
v -11.805784 -1.597201 0.300002
v -11.805784 -1.597201 -0.299998
v -11.800102 -1.594778 0.300002
v -11.800102 -1.594778 -0.299998
v -11.794907 -1.590688 0.300002
v -11.794907 -1.590688 -0.299998
v -11.790148 -1.584889 0.300002
v -11.790148 -1.584889 -0.299998
v -11.785778 -1.577340 0.300002
v -11.785778 -1.577340 -0.299998
v -11.781750 -1.568000 0.300002
v -11.781750 -1.568000 -0.299998
v -11.778013 -1.556826 0.300002
v -11.778013 -1.556826 -0.299998
v -11.774519 -1.543778 0.300002
v -11.774519 -1.543778 -0.299998
v -11.771219 -1.528813 0.300002
v -11.771219 -1.528813 -0.299998
v -11.768064 -1.511889 0.300002
v -11.768064 -1.511889 -0.299998
v -11.765007 -1.492965 0.300002
v -11.765007 -1.492965 -0.299998
v -11.761999 -1.472000 0.300002
v -11.761999 -1.472000 -0.299998
v -11.712000 -1.128000 0.300002
v -11.712000 -1.128000 -0.299998
v -11.710083 -1.114126 0.300002
v -11.710083 -1.114126 -0.299998
v -11.708334 -1.099509 0.300002
v -11.708334 -1.099509 -0.299998
v -11.706751 -1.084156 0.300002
v -11.706751 -1.084156 -0.299998
v -11.705334 -1.068074 0.300002
v -11.705334 -1.068074 -0.299998
v -11.704084 -1.051270 0.300002
v -11.704084 -1.051270 -0.299998
v -11.703001 -1.033750 0.300002
v -11.703001 -1.033750 -0.299998
v -11.702084 -1.015522 0.300002
v -11.702084 -1.015522 -0.299998
v -11.701334 -0.996593 0.300002
v -11.701334 -0.996593 -0.299998
v -11.700750 -0.976969 0.300002
v -11.700750 -0.976969 -0.299998
v -11.700335 -0.956657 0.300002
v -11.700335 -0.956657 -0.299998
v -11.700085 -0.935665 0.300002
v -11.700085 -0.935665 -0.299998
v -11.700001 -0.914000 0.300002
v -11.700001 -0.914000 -0.299998
v -11.700754 -0.866582 0.300002
v -11.700754 -0.866582 -0.299998
v -11.703020 -0.823324 0.300002
v -11.703020 -0.823324 -0.299998
v -11.706814 -0.784219 0.300002
v -11.706814 -0.784219 -0.299998
v -11.712149 -0.749259 0.300002
v -11.712149 -0.749259 -0.299998
v -11.719040 -0.718439 0.300002
v -11.719040 -0.718439 -0.299998
v -11.727501 -0.691750 0.300002
v -11.727501 -0.691750 -0.299998
v -11.737545 -0.669186 0.300002
v -11.737545 -0.669186 -0.299998
v -11.749186 -0.650741 0.300002
v -11.749186 -0.650741 -0.299998
v -11.762438 -0.636406 0.300002
v -11.762438 -0.636406 -0.299998
v -11.777315 -0.626176 0.300002
v -11.777315 -0.626176 -0.299998
v -11.793831 -0.620043 0.300002
v -11.793831 -0.620043 -0.299998
v -11.812000 -0.618000 0.300002
v -11.812000 -0.618000 -0.299998
v -11.932896 -1.914226 0.300002
v -11.932896 -1.914226 -0.299998
v -11.929691 -1.929806 0.300002
v -11.929691 -1.929806 -0.299998
v -11.924528 -1.944594 0.300002
v -11.924528 -1.944594 -0.299998
v -11.917553 -1.958444 0.300002
v -11.917553 -1.958444 -0.299998
v -11.908911 -1.971212 0.300002
v -11.908911 -1.971212 -0.299998
v -11.898748 -1.982750 0.300002
v -11.898748 -1.982750 -0.299998
v -11.887211 -1.992913 0.300002
v -11.887211 -1.992913 -0.299998
v -11.874443 -2.001555 0.300002
v -11.874443 -2.001555 -0.299998
v -11.860592 -2.008531 0.300002
v -11.860592 -2.008531 -0.299998
v -11.845804 -2.013694 0.300002
v -11.845804 -2.013694 -0.299998
v -11.830225 -2.016899 0.300002
v -11.830225 -2.016899 -0.299998
v -11.813999 -2.018000 0.300002
v -11.813999 -2.018000 -0.299998
v -11.797771 -2.016899 0.300002
v -11.797771 -2.016899 -0.299998
v -11.782192 -2.013694 0.300002
v -11.782192 -2.013694 -0.299998
v -11.767405 -2.008531 0.300002
v -11.767405 -2.008531 -0.299998
v -11.753553 -2.001555 0.300002
v -11.753553 -2.001555 -0.299998
v -11.740786 -1.992913 0.300002
v -11.740786 -1.992913 -0.299998
v -11.729248 -1.982750 0.300002
v -11.729248 -1.982750 -0.299998
v -11.719086 -1.971212 0.300002
v -11.719086 -1.971212 -0.299998
v -11.710443 -1.958444 0.300002
v -11.710443 -1.958444 -0.299998
v -11.703468 -1.944594 0.300002
v -11.703468 -1.944594 -0.299998
v -11.698305 -1.929806 0.300002
v -11.698305 -1.929806 -0.299998
v -11.695101 -1.914226 0.300002
v -11.695101 -1.914226 -0.299998
v -11.694000 -1.898000 0.300002
v -11.694000 -1.898000 -0.299998
v -11.695103 -1.881774 0.300002
v -11.695103 -1.881774 -0.299998
v -11.698307 -1.866194 0.300002
v -11.698307 -1.866194 -0.299998
v -11.703470 -1.851406 0.300002
v -11.703470 -1.851406 -0.299998
v -11.710445 -1.837555 0.300002
v -11.710445 -1.837555 -0.299998
v -11.719088 -1.824788 0.300002
v -11.719088 -1.824788 -0.299998
v -11.729250 -1.813250 0.300002
v -11.729250 -1.813250 -0.299998
v -11.740788 -1.803087 0.300002
v -11.740788 -1.803087 -0.299998
v -11.753555 -1.794444 0.300002
v -11.753555 -1.794444 -0.299998
v -11.767406 -1.787469 0.300002
v -11.767406 -1.787469 -0.299998
v -11.782194 -1.782305 0.300002
v -11.782194 -1.782305 -0.299998
v -11.797773 -1.779101 0.300002
v -11.797773 -1.779101 -0.299998
v -11.813999 -1.778000 0.300002
v -11.813999 -1.778000 -0.299998
v -11.830229 -1.779101 0.300002
v -11.830229 -1.779101 -0.299998
v -11.845808 -1.782306 0.300002
v -11.845808 -1.782306 -0.299998
v -11.860596 -1.787469 0.300002
v -11.860596 -1.787469 -0.299998
v -11.874447 -1.794445 0.300002
v -11.874447 -1.794445 -0.299998
v -11.887215 -1.803087 0.300002
v -11.887215 -1.803087 -0.299998
v -11.898752 -1.813250 0.300002
v -11.898752 -1.813250 -0.299998
v -11.908915 -1.824788 0.300002
v -11.908915 -1.824788 -0.299998
v -11.917557 -1.837556 0.300002
v -11.917557 -1.837556 -0.299998
v -11.924532 -1.851406 0.300002
v -11.924532 -1.851406 -0.299998
v -11.929695 -1.866194 0.300002
v -11.929695 -1.866194 -0.299998
v -11.932899 -1.881774 0.300002
v -11.932899 -1.881774 -0.299998
v -11.934000 -1.898000 0.300002
v -11.934000 -1.898000 -0.299998
vn -0.0000 -0.0000 -1.0000
vn 0.0001 -0.0000 -1.0000
vn -0.0001 -0.0000 -1.0000
vn -0.0000 -0.0000 1.0000
vn -0.0004 -0.0000 -1.0000
vn -0.0002 -0.0000 -1.0000
vn 0.0001 -0.0000 1.0000
vn -0.0001 -0.0000 1.0000
vn -0.0004 -0.0000 1.0000
vn -0.0002 -0.0000 1.0000
vn 0.7071 -0.7071 -0.0000
vn 0.7071 0.7071 -0.0000
vn -0.7071 0.7071 -0.0000
vn -0.7071 -0.7071 -0.0000
vn 0.1810 -0.9835 -0.0000
vn 0.3587 -0.9335 -0.0000
vn 0.5205 -0.8539 -0.0000
vn 0.6569 -0.7540 -0.0000
vn 0.7647 -0.6444 -0.0000
vn 0.8456 -0.5339 -0.0000
vn 0.9040 -0.4275 -0.0000
vn 0.9447 -0.3280 -0.0000
vn 0.9717 -0.2361 -0.0000
vn 0.9885 -0.1513 -0.0000
vn 0.9973 -0.0730 -0.0000
vn 1.0000 -0.0000 -0.0000
vn 0.9973 0.0730 -0.0000
vn 0.9885 0.1513 -0.0000
vn 0.9717 0.2361 -0.0000
vn 0.9447 0.3280 -0.0000
vn 0.9040 0.4275 -0.0000
vn 0.8456 0.5339 -0.0000
vn 0.7647 0.6444 -0.0000
vn 0.6569 0.7540 -0.0000
vn 0.5205 0.8539 -0.0000
vn 0.3587 0.9335 -0.0000
vn 0.1810 0.9835 -0.0000
vn -0.0000 1.0000 -0.0000
vn -0.1810 0.9835 -0.0000
vn -0.3587 0.9335 -0.0000
vn -0.5205 0.8539 -0.0000
vn -0.6569 0.7540 -0.0000
vn -0.7647 0.6444 -0.0000
vn -0.8456 0.5339 -0.0000
vn -0.9040 0.4275 -0.0000
vn -0.9447 0.3280 -0.0000
vn -0.9717 0.2361 -0.0000
vn -0.9885 0.1513 -0.0000
vn -0.9973 0.0730 -0.0000
vn -1.0000 -0.0000 -0.0000
vn -0.9973 -0.0730 -0.0000
vn -0.9885 -0.1513 -0.0000
vn -0.9717 -0.2361 -0.0000
vn -0.9447 -0.3280 -0.0000
vn -0.9040 -0.4275 -0.0000
vn -0.8456 -0.5339 -0.0000
vn -0.7647 -0.6444 -0.0000
vn -0.6569 -0.7540 -0.0000
vn -0.5205 -0.8539 -0.0000
vn -0.3587 -0.9335 -0.0000
vn -0.1810 -0.9835 -0.0000
vn -0.0000 -1.0000 -0.0000
vn -0.2196 -0.9756 -0.0000
vn -0.4301 -0.9028 -0.0000
vn -0.6088 -0.7933 -0.0000
vn -0.7443 -0.6679 -0.0000
vn -0.8391 -0.5440 -0.0000
vn -0.9022 -0.4313 -0.0000
vn -0.9432 -0.3324 -0.0000
vn -0.9691 -0.2468 -0.0000
vn -0.9850 -0.1727 -0.0000
vn -0.9941 -0.1082 -0.0000
vn -0.9987 -0.0513 -0.0000
vn -0.9987 0.0513 -0.0000
vn -0.9941 0.1082 -0.0000
vn -0.9850 0.1727 -0.0000
vn -0.9691 0.2468 -0.0000
vn -0.9432 0.3324 -0.0000
vn -0.9022 0.4313 -0.0000
vn -0.8391 0.5441 -0.0000
vn -0.7443 0.6679 -0.0000
vn -0.6088 0.7933 -0.0000
vn -0.4301 0.9028 -0.0000
vn -0.2196 0.9756 -0.0000
vn 0.2196 0.9756 -0.0000
vn 0.4301 0.9028 -0.0000
vn 0.6088 0.7933 -0.0000
vn 0.7443 0.6679 -0.0000
vn 0.8391 0.5440 -0.0000
vn 0.9022 0.4313 -0.0000
vn 0.9431 0.3324 -0.0000
vn 0.9691 0.2468 -0.0000
vn 0.9850 0.1727 -0.0000
vn 0.9941 0.1082 -0.0000
vn 0.9987 0.0513 -0.0000
vn 0.9987 -0.0513 -0.0000
vn 0.9941 -0.1082 -0.0000
vn 0.9850 -0.1727 -0.0000
vn 0.9691 -0.2468 -0.0000
vn 0.9432 -0.3324 -0.0000
vn 0.9022 -0.4313 -0.0000
vn 0.8391 -0.5441 -0.0000
vn 0.7443 -0.6679 -0.0000
vn 0.6088 -0.7933 -0.0000
vn 0.4301 -0.9028 -0.0000
vn 0.2196 -0.9756 -0.0000
vn -0.8391 -0.5441 -0.0000
vn -0.8391 0.5440 -0.0000
vn 0.9431 -0.3324 -0.0000
vn 0.8391 -0.5440 -0.0000
vn -0.9782 0.2075 -0.0000
vn -0.9820 0.1889 -0.0000
vn -0.9850 0.1723 -0.0000
vn -0.9876 0.1570 -0.0000
vn -0.9898 0.1425 -0.0000
vn -0.9917 0.1284 -0.0000
vn -0.9934 0.1143 -0.0000
vn -0.9950 0.0997 -0.0000
vn -0.9965 0.0840 -0.0000
vn -0.9978 0.0663 -0.0000
vn -0.9990 0.0456 -0.0000
vn -0.7630 -0.6464 -0.0000
vn 0.6547 -0.7559 -0.0000
vn 0.9997 -0.0232 -0.0000
vn 0.9991 -0.0428 -0.0000
vn 0.9982 -0.0596 -0.0000
vn 0.9972 -0.0745 -0.0000
vn 0.9961 -0.0885 -0.0000
vn 0.9948 -0.1020 -0.0000
vn 0.9933 -0.1153 -0.0000
vn 0.9916 -0.1291 -0.0000
vn 0.9896 -0.1436 -0.0000
vn 0.9872 -0.1593 -0.0000
vn 0.9843 -0.1767 -0.0000
vn 0.7962 0.6050 -0.0000
vn -0.5921 0.8058 -0.0000
vn -0.8997 0.4365 -0.0000
vn -0.9070 0.4212 -0.0000
vn -0.9135 0.4068 -0.0000
vn -0.9196 0.3929 -0.0000
vn -0.9254 0.3790 -0.0000
vn -0.9311 0.3648 -0.0000
vn -0.9368 0.3498 -0.0000
vn -0.9428 0.3333 -0.0000
vn -0.9492 0.3147 -0.0000
vn -0.9562 0.2928 -0.0000
vn -0.9639 0.2661 -0.0000
vn -0.8622 -0.5065 -0.0000
vn 0.5153 -0.8570 -0.0000
vn 0.9695 -0.2451 -0.0000
vn 0.9630 -0.2697 -0.0000
vn 0.9571 -0.2897 -0.0000
vn 0.9517 -0.3069 -0.0000
vn 0.9467 -0.3222 -0.0000
vn 0.9418 -0.3363 -0.0000
vn 0.9368 -0.3497 -0.0000
vn 0.9318 -0.3631 -0.0000
vn 0.9263 -0.3767 -0.0000
vn 0.9204 -0.3910 -0.0000
vn 0.9136 -0.4066 -0.0000
vn 0.8947 0.4466 -0.0000
vn -0.4319 0.9019 -0.0000
vn -0.7923 0.6101 -0.0000
vn -0.8008 0.5990 -0.0000
vn -0.8088 0.5880 -0.0000
vn -0.8168 0.5769 -0.0000
vn -0.8250 0.5652 -0.0000
vn -0.8335 0.5525 -0.0000
vn -0.8427 0.5384 -0.0000
vn -0.8527 0.5223 -0.0000
vn -0.8641 0.5033 -0.0000
vn -0.8772 0.4801 -0.0000
vn -0.8926 0.4508 -0.0000
vn -0.9356 -0.3532 -0.0000
vn 0.3674 -0.9300 -0.0000
vn 0.9061 -0.4231 -0.0000
vn 0.8916 -0.4529 -0.0000
vn 0.8790 -0.4767 -0.0000
vn 0.8679 -0.4967 -0.0000
vn 0.8577 -0.5141 -0.0000
vn 0.8481 -0.5299 -0.0000
vn 0.8386 -0.5447 -0.0000
vn 0.8291 -0.5591 -0.0000
vn 0.8192 -0.5735 -0.0000
vn 0.8086 -0.5884 -0.0000
vn 0.7967 -0.6044 -0.0000
vn 0.9636 0.2673 -0.0000
vn -0.2654 0.9641 -0.0000
vn -0.9136 -0.4067 -0.0000
vn -0.9015 -0.4328 -0.0000
vn -0.8888 -0.4582 -0.0000
vn -0.8754 -0.4834 -0.0000
vn -0.8609 -0.5087 -0.0000
vn -0.8452 -0.5345 -0.0000
vn -0.8277 -0.5612 -0.0000
vn -0.8080 -0.5891 -0.0000
vn -0.7856 -0.6187 -0.0000
vn -0.7598 -0.6502 -0.0000
vn -0.7293 -0.6841 -0.0000
vn -0.1699 -0.9855 -0.0000
vn 0.9892 -0.1467 -0.0000
vn 0.6994 0.7147 -0.0000
vn 0.7363 0.6767 -0.0000
vn 0.7669 0.6418 -0.0000
vn 0.7927 0.6096 -0.0000
vn 0.8150 0.5794 -0.0000
vn 0.8346 0.5509 -0.0000
vn 0.8521 0.5234 -0.0000
vn 0.8679 0.4967 -0.0000
vn 0.8826 0.4701 -0.0000
vn 0.8964 0.4432 -0.0000
vn 0.9096 0.4154 -0.0000
vn 0.4334 0.9012 -0.0000
vn -0.8993 0.4372 -0.0000
vn -0.3570 -0.9341 -0.0000
vn -0.3628 -0.9319 -0.0000
vn -0.3687 -0.9295 -0.0000
vn -0.3747 -0.9271 -0.0000
vn -0.3808 -0.9247 -0.0000
vn -0.3870 -0.9221 -0.0000
vn -0.3934 -0.9194 -0.0000
vn -0.4000 -0.9165 -0.0000
vn -0.4067 -0.9136 -0.0000
vn -0.4136 -0.9104 -0.0000
vn -0.4208 -0.9072 -0.0000
vn -0.8481 -0.5299 -0.0000
vn -0.7126 -0.7016 -0.0000
vn 0.7234 -0.6904 -0.0000
vn 0.9991 0.0428 -0.0000
vn 0.9994 0.0359 -0.0000
vn 0.9995 0.0304 -0.0000
vn 0.9997 0.0257 -0.0000
vn 0.9998 0.0217 -0.0000
vn 0.9998 0.0182 -0.0000
vn 0.9999 0.0149 -0.0000
vn 0.9999 0.0118 -0.0000
vn 1.0000 0.0089 -0.0000
vn 1.0000 0.0060 -0.0000
vn 1.0000 0.0031 -0.0000
vn 0.5113 -0.8594 -0.0000
vn -0.4925 -0.8703 -0.0000
vn -0.5230 -0.8523 -0.0000
vn -0.5590 -0.8291 -0.0000
vn -0.6012 -0.7991 -0.0000
vn -0.6500 -0.7599 -0.0000
vn -0.7054 -0.7088 -0.0000
vn -0.7667 -0.6420 -0.0000
vn -0.8313 -0.5558 -0.0000
vn -0.8946 -0.4468 -0.0000
vn -0.9493 -0.3142 -0.0000
vn -0.9868 -0.1622 -0.0000
vn -1.0000 0.0029 -0.0000
vn -0.9822 0.1879 -0.0000
vn -0.9193 0.3935 -0.0000
vn -0.8060 0.5919 -0.0000
vn -0.6589 0.7522 -0.0000
vn -0.5066 0.8622 -0.0000
vn -0.3711 0.9286 -0.0000
vn -0.2606 0.9655 -0.0000
vn -0.1746 0.9846 -0.0000
vn -0.1094 0.9940 -0.0000
vn -0.0609 0.9981 -0.0000
vn -0.0258 0.9997 -0.0000
vn -0.0010 1.0000 -0.0000
vn 0.0177 0.9998 -0.0000
vn 0.0336 0.9994 -0.0000
vn 0.0480 0.9988 -0.0000
vn 0.0614 0.9981 -0.0000
vn 0.0741 0.9972 -0.0000
vn 0.0865 0.9963 -0.0000
vn 0.0988 0.9951 -0.0000
vn 0.1113 0.9938 -0.0000
vn 0.1241 0.9923 -0.0000
vn 0.1377 0.9905 -0.0000
vn 0.1523 0.9883 -0.0000
vn -0.6576 0.7534 -0.0000
vn -0.7412 -0.6712 -0.0000
vn -0.1176 -0.9931 -0.0000
vn -0.1061 -0.9944 -0.0000
vn -0.0957 -0.9954 -0.0000
vn -0.0859 -0.9963 -0.0000
vn -0.0766 -0.9971 -0.0000
vn -0.0674 -0.9977 -0.0000
vn -0.0580 -0.9983 -0.0000
vn -0.0482 -0.9988 -0.0000
vn -0.0379 -0.9993 -0.0000
vn -0.0266 -0.9996 -0.0000
vn -0.0140 -0.9999 -0.0000
vn 0.0060 -1.0000 -0.0000
vn 0.0420 -0.9991 -0.0000
vn 0.0929 -0.9957 -0.0000
vn 0.1562 -0.9877 -0.0000
vn 0.2347 -0.9721 -0.0000
vn 0.3309 -0.9437 -0.0000
vn 0.4461 -0.8950 -0.0000
vn 0.5774 -0.8165 -0.0000
vn 0.7147 -0.6995 -0.0000
vn 0.8397 -0.5431 -0.0000
vn 0.9329 -0.3601 -0.0000
vn 0.9849 -0.1731 -0.0000
vn 1.0000 0.0012 -0.0000
vn 0.9858 0.1677 -0.0000
vn 0.9451 0.3268 -0.0000
vn 0.8849 0.4658 -0.0000
vn 0.8152 0.5792 -0.0000
vn 0.7448 0.6673 -0.0000
vn 0.6795 0.7337 -0.0000
vn 0.6221 0.7830 -0.0000
vn 0.5735 0.8192 -0.0000
vn 0.5338 0.8456 -0.0000
vn 0.5025 0.8646 -0.0000
vn 0.4792 0.8777 -0.0000
vn 0.9221 0.3869 -0.0000
vn 0.9394 -0.3429 -0.0000
vn 0.8879 -0.4601 -0.0000
vn 0.8191 -0.5737 -0.0000
vn 0.7351 -0.6780 -0.0000
vn 0.6400 -0.7684 -0.0000
vn 0.5388 -0.8424 -0.0000
vn 0.4365 -0.8997 -0.0000
vn 0.3369 -0.9415 -0.0000
vn 0.2427 -0.9701 -0.0000
vn 0.1551 -0.9879 -0.0000
vn 0.0746 -0.9972 -0.0000
vn -0.0021 -1.0000 -0.0000
vn -0.0788 -0.9969 -0.0000
vn -0.1532 -0.9882 -0.0000
vn -0.2225 -0.9749 -0.0000
vn -0.2870 -0.9579 -0.0000
vn -0.3469 -0.9379 -0.0000
vn -0.4029 -0.9152 -0.0000
vn -0.4554 -0.8903 -0.0000
vn -0.5049 -0.8632 -0.0000
vn -0.5519 -0.8339 -0.0000
vn -0.5969 -0.8023 -0.0000
vn -0.6403 -0.7681 -0.0000
vn -0.6774 -0.7356 -0.0000
vn -0.7033 -0.7109 -0.0000
vn -0.7218 -0.6921 -0.0000
vn -0.7366 -0.6763 -0.0000
vn -0.7484 -0.6632 -0.0000
vn -0.7574 -0.6530 -0.0000
vn -0.7639 -0.6454 -0.0000
vn -0.7681 -0.6403 -0.0000
vn -0.7704 -0.6376 -0.0000
vn -0.7707 -0.6372 -0.0000
vn -0.7693 -0.6388 -0.0000
vn -0.7663 -0.6425 -0.0000
vn -0.1178 -0.9930 -0.0000
vn 0.9973 -0.0741 -0.0000
vn 0.7144 0.6997 -0.0000
vn 0.7333 0.6799 -0.0000
vn 0.7522 0.6589 -0.0000
vn 0.7711 0.6367 -0.0000
vn 0.7898 0.6134 -0.0000
vn 0.8082 0.5889 -0.0000
vn 0.8262 0.5634 -0.0000
vn 0.8436 0.5370 -0.0000
vn 0.8604 0.5097 -0.0000
vn 0.8763 0.4818 -0.0000
vn 0.8913 0.4534 -0.0000
vn 0.8483 -0.5296 -0.0000
vn 0.0019 -1.0000 -0.0000
vn 0.0070 -1.0000 -0.0000
vn 0.0133 -0.9999 -0.0000
vn 0.0191 -0.9998 -0.0000
vn 0.0244 -0.9997 -0.0000
vn 0.0296 -0.9996 -0.0000
vn 0.0348 -0.9994 -0.0000
vn 0.0401 -0.9992 -0.0000
vn 0.0456 -0.9990 -0.0000
vn 0.0514 -0.9987 -0.0000
vn 0.0578 -0.9983 -0.0000
vn 0.0648 -0.9979 -0.0000
vn 0.7309 -0.6825 -0.0000
vn 0.6621 0.7494 -0.0000
vn -0.1164 0.9932 -0.0000
vn -0.1035 0.9946 -0.0000
vn -0.0920 0.9958 -0.0000
vn -0.0816 0.9967 -0.0000
vn -0.0719 0.9974 -0.0000
vn -0.0627 0.9980 -0.0000
vn -0.0536 0.9986 -0.0000
vn -0.0444 0.9990 -0.0000
vn -0.0348 0.9994 -0.0000
vn -0.0245 0.9997 -0.0000
vn -0.0130 0.9999 -0.0000
vn 0.0041 1.0000 -0.0000
vn 0.5976 0.8018 -0.0000
vn 0.9568 0.2909 -0.0000
vn 0.9622 0.2723 -0.0000
vn 0.9673 0.2537 -0.0000
vn 0.9720 0.2349 -0.0000
vn 0.9765 0.2157 -0.0000
vn 0.9806 0.1960 -0.0000
vn 0.9845 0.1756 -0.0000
vn 0.9880 0.1543 -0.0000
vn 0.9913 0.1318 -0.0000
vn 0.9942 0.1077 -0.0000
vn 0.9966 0.0818 -0.0000
vn 0.6508 0.7593 -0.0000
vn -0.7999 0.6001 -0.0000
vn -0.9801 -0.1985 -0.0000
vn -0.9793 -0.2024 -0.0000
vn -0.9781 -0.2080 -0.0000
vn -0.9766 -0.2149 -0.0000
vn -0.9748 -0.2231 -0.0000
vn -0.9726 -0.2324 -0.0000
vn -0.9701 -0.2426 -0.0000
vn -0.9673 -0.2536 -0.0000
vn -0.9641 -0.2654 -0.0000
vn -0.9606 -0.2778 -0.0000
vn -0.9568 -0.2907 -0.0000
vn -0.7897 0.6135 -0.0000
vn 0.0553 0.9985 -0.0000
vn 0.0621 0.9981 -0.0000
vn 0.0696 0.9976 -0.0000
vn 0.0777 0.9970 -0.0000
vn 0.0866 0.9962 -0.0000
vn 0.0963 0.9954 -0.0000
vn 0.1069 0.9943 -0.0000
vn 0.1186 0.9929 -0.0000
vn 0.1314 0.9913 -0.0000
vn 0.1455 0.9894 -0.0000
vn 0.1610 0.9869 -0.0000
vn -0.6497 0.7602 -0.0000
vn -0.7539 -0.6570 -0.0000
vn -0.1417 -0.9899 -0.0000
vn -0.1259 -0.9920 -0.0000
vn -0.1119 -0.9937 -0.0000
vn -0.0996 -0.9950 -0.0000
vn -0.0887 -0.9961 -0.0000
vn -0.0789 -0.9969 -0.0000
vn -0.0700 -0.9975 -0.0000
vn -0.0621 -0.9981 -0.0000
vn -0.0549 -0.9985 -0.0000
vn -0.0483 -0.9988 -0.0000
vn -0.0423 -0.9991 -0.0000
vn -0.5605 -0.8281 -0.0000
vn -0.9088 -0.4173 -0.0000
vn -0.9002 -0.4356 -0.0000
vn -0.8915 -0.4529 -0.0000
vn -0.8829 -0.4696 -0.0000
vn -0.8740 -0.4859 -0.0000
vn -0.8650 -0.5019 -0.0000
vn -0.8555 -0.5178 -0.0000
vn -0.8350 -0.5502 -0.0000
vn -0.8237 -0.5671 -0.0000
vn -0.8113 -0.5846 -0.0000
vn -0.7441 0.6681 -0.0000
vn 0.4757 0.8796 -0.0000
vn 0.4219 0.9067 -0.0000
vn 0.3730 0.9278 -0.0000
vn 0.3281 0.9447 -0.0000
vn 0.2861 0.9582 -0.0000
vn 0.2463 0.9692 -0.0000
vn 0.2077 0.9782 -0.0000
vn 0.1695 0.9855 -0.0000
vn 0.1307 0.9914 -0.0000
vn 0.0903 0.9959 -0.0000
vn 0.0470 0.9989 -0.0000
vn -0.0085 1.0000 -0.0000
vn -0.0844 0.9964 -0.0000
vn -0.1722 0.9851 -0.0000
vn -0.2634 0.9647 -0.0000
vn -0.3575 0.9339 -0.0000
vn -0.4533 0.8913 -0.0000
vn -0.5491 0.8357 -0.0000
vn -0.6425 0.7663 -0.0000
vn -0.7304 0.6830 -0.0000
vn -0.8096 0.5869 -0.0000
vn -0.8770 0.4805 -0.0000
vn -0.9302 0.3671 -0.0000
vn -0.3967 0.9179 -0.0000
vn 0.4230 0.9062 -0.0000
vn 0.4153 0.9097 -0.0000
vn 0.4087 0.9127 -0.0000
vn 0.4034 0.9150 -0.0000
vn 0.3994 0.9168 -0.0000
vn 0.3969 0.9179 -0.0000
vn 0.3960 0.9183 -0.0000
vn 0.3968 0.9179 -0.0000
vn 0.4039 0.9148 -0.0000
vn 0.4106 0.9118 -0.0000
vn 0.4068 0.9135 -0.0000
vn 0.4007 0.9162 -0.0000
vn 0.4044 0.9146 -0.0000
vn 0.4089 0.9126 -0.0000
vn 0.4142 0.9102 -0.0000
vn 0.4201 0.9075 -0.0000
vn 0.4267 0.9044 -0.0000
vn 0.4338 0.9010 -0.0000
vn 0.4412 0.8974 -0.0000
vn 0.4489 0.8936 -0.0000
vn 0.4567 0.8896 -0.0000
vn 0.4645 0.8856 -0.0000
vn -0.3282 0.9446 -0.0000
vn -0.9045 -0.4265 -0.0000
vn -0.2815 -0.9596 -0.0000
vn -0.2994 -0.9541 -0.0000
vn -0.3141 -0.9494 -0.0000
vn -0.3262 -0.9453 -0.0000
vn -0.3365 -0.9417 -0.0000
vn -0.3452 -0.9385 -0.0000
vn -0.3526 -0.9358 -0.0000
vn -0.3591 -0.9333 -0.0000
vn -0.3646 -0.9312 -0.0000
vn -0.3695 -0.9292 -0.0000
vn -0.3736 -0.9276 -0.0000
vn -0.3648 -0.9311 -0.0000
vn -0.3456 -0.9384 -0.0000
vn -0.3192 -0.9477 -0.0000
vn -0.2969 -0.9549 -0.0000
vn -0.2777 -0.9607 -0.0000
vn -0.2611 -0.9653 -0.0000
vn -0.2467 -0.9691 -0.0000
vn -0.2340 -0.9722 -0.0000
vn -0.2228 -0.9749 -0.0000
vn -0.2129 -0.9771 -0.0000
vn -0.2040 -0.9790 -0.0000
vn -0.1961 -0.9806 -0.0000
vn -0.7721 -0.6355 -0.0000
vn -0.9999 0.0172 -0.0000
vn -0.9965 0.0832 -0.0000
vn -0.9788 0.2048 -0.0000
vn -0.9277 0.3733 -0.0000
vn -0.8216 0.5701 -0.0000
vn -0.6606 0.7507 -0.0000
vn -0.4804 0.8770 -0.0000
vn -0.3220 0.9467 -0.0000
vn -0.2023 0.9793 -0.0000
vn -0.1185 0.9929 -0.0000
vn -0.0621 0.9981 -0.0000
vn -0.0250 0.9997 -0.0000
vn -0.0052 1.0000 -0.0000
vn 0.0162 0.9999 -0.0000
vn 0.0799 0.9968 -0.0000
vn 0.2002 0.9798 -0.0000
vn 0.3698 0.9291 -0.0000
vn 0.5687 0.8226 -0.0000
vn 0.7492 0.6624 -0.0000
vn 0.8733 0.4871 -0.0000
vn 0.9414 0.3374 -0.0000
vn 0.9738 0.2274 -0.0000
vn 0.9883 0.1528 -0.0000
vn 0.9945 0.1044 -0.0000
vn 0.9972 0.0743 -0.0000
vn 0.4521 0.8920 -0.0000
vn -0.5167 0.8562 -0.0000
vn -0.4752 0.8799 -0.0000
vn -0.4409 0.8976 -0.0000
vn -0.4114 0.9115 -0.0000
vn -0.3850 0.9229 -0.0000
vn -0.3604 0.9328 -0.0000
vn -0.3365 0.9417 -0.0000
vn -0.3123 0.9500 -0.0000
vn -0.2868 0.9580 -0.0000
vn -0.2586 0.9660 -0.0000
vn -0.2258 0.9742 -0.0000
vn -0.8069 0.5907 -0.0000
vn -0.9930 -0.1185 -0.0000
vn -0.9854 -0.1703 -0.0000
vn -0.9696 -0.2446 -0.0000
vn -0.9380 -0.3465 -0.0000
vn -0.8787 -0.4774 -0.0000
vn -0.7788 -0.6273 -0.0000
vn -0.6358 -0.7718 -0.0000
vn -0.4681 -0.8837 -0.0000
vn -0.3062 -0.9520 -0.0000
vn -0.1724 -0.9850 -0.0000
vn -0.0727 -0.9974 -0.0000
vn -0.0156 -0.9999 -0.0000
vn 0.0089 -1.0000 -0.0000
vn 0.0412 -0.9992 -0.0000
vn 0.0985 -0.9951 -0.0000
vn 0.1795 -0.9838 -0.0000
vn 0.2902 -0.9570 -0.0000
vn 0.4324 -0.9017 -0.0000
vn 0.5954 -0.8034 -0.0000
vn 0.7527 -0.6584 -0.0000
vn 0.8740 -0.4859 -0.0000
vn 0.9478 -0.3188 -0.0000
vn 0.9836 -0.1803 -0.0000
vn 0.9971 -0.0766 -0.0000
vn 0.9999 -0.0166 -0.0000
vn -0.6281 0.7782 -0.0000
vn 0.2165 0.9763 -0.0000
vn 0.2274 0.9738 -0.0000
vn 0.2387 0.9711 -0.0000
vn 0.2504 0.9681 -0.0000
vn 0.2628 0.9648 -0.0000
vn 0.2763 0.9611 -0.0000
vn 0.2912 0.9567 -0.0000
vn 0.3080 0.9514 -0.0000
vn 0.3272 0.9450 -0.0000
vn 0.3497 0.9369 -0.0000
vn 0.3766 0.9264 -0.0000
vn -0.1862 0.9825 -0.0000
vn -0.9792 -0.2028 -0.0000
vn -0.6005 0.7996 -0.0000
vn -0.5482 0.8364 -0.0000
vn -0.8408 -0.5413 -0.0000
vn -0.8045 -0.5939 -0.0000
vn -1.0000 -0.0093 -0.0000
vn -0.9992 -0.0410 -0.0000
vn -0.9958 -0.0915 -0.0000
vn -0.9880 -0.1543 -0.0000
vn -0.9730 -0.2306 -0.0000
vn -0.9472 -0.3206 -0.0000
vn -0.9067 -0.4218 -0.0000
vn -0.8488 -0.5287 -0.0000
vn -0.7738 -0.6334 -0.0000
vn -0.6861 -0.7275 -0.0000
vn -0.5931 -0.8051 -0.0000
vn -0.5028 -0.8644 -0.0000
vn -0.4028 -0.9153 -0.0000
vn -0.3153 -0.9490 -0.0000
vn -0.2581 -0.9661 -0.0000
vn -0.2073 -0.9783 -0.0000
vn -0.1629 -0.9866 -0.0000
vn -0.1247 -0.9922 -0.0000
vn -0.0923 -0.9957 -0.0000
vn -0.0650 -0.9979 -0.0000
vn -0.0234 -0.9997 -0.0000
vn -0.0080 -1.0000 -0.0000
vn 0.0045 -1.0000 -0.0000
vn 0.6410 -0.7675 -0.0000
vn 0.9783 -0.2071 -0.0000
vn 0.9707 -0.2404 -0.0000
vn 0.9638 -0.2665 -0.0000
vn 0.9577 -0.2877 -0.0000
vn 0.9521 -0.3058 -0.0000
vn 0.9468 -0.3217 -0.0000
vn 0.9367 -0.3502 -0.0000
vn 0.9314 -0.3639 -0.0000
vn 0.9258 -0.3781 -0.0000
vn 0.9194 -0.3934 -0.0000
vn 0.8315 0.5555 -0.0000
vn -0.0187 0.9998 -0.0000
vn -0.0159 0.9999 -0.0000
vn -0.0134 0.9999 -0.0000
vn -0.0111 0.9999 -0.0000
vn -0.0090 1.0000 -0.0000
vn -0.0071 1.0000 -0.0000
vn -0.0054 1.0000 -0.0000
vn -0.0039 1.0000 -0.0000
vn -0.0025 1.0000 -0.0000
vn -0.0013 1.0000 -0.0000
vn -0.0005 1.0000 -0.0000
vn 0.0507 0.9987 -0.0000
vn 0.1324 0.9912 -0.0000
vn 0.2042 0.9789 -0.0000
vn 0.2972 0.9548 -0.0000
vn 0.4119 0.9112 -0.0000
vn 0.5432 0.8396 -0.0000
vn 0.6782 0.7349 -0.0000
vn 0.7989 0.6014 -0.0000
vn 0.8909 0.4543 -0.0000
vn 0.9502 0.3117 -0.0000
vn 0.9824 0.1867 -0.0000
vn 0.9965 0.0839 -0.0000
vn 0.9998 0.0190 -0.0000
vn 0.5978 -0.8017 -0.0000
vn 0.4745 -0.8803 -0.0000
vn 0.8751 0.4839 -0.0000
vn 0.7952 0.6063 -0.0000
vn 0.7352 0.6779 -0.0000
vn 1.0000 0.0009 -0.0000
vn 0.9999 -0.0113 -0.0000
vn 0.9997 -0.0233 -0.0000
vn 0.9994 -0.0357 -0.0000
vn 0.9988 -0.0485 -0.0000
vn 0.9981 -0.0613 -0.0000
vn 0.9973 -0.0738 -0.0000
vn 0.9963 -0.0856 -0.0000
vn 0.9953 -0.0966 -0.0000
vn 0.9943 -0.1064 -0.0000
vn 0.9934 -0.1148 -0.0000
vn 0.9925 -0.1220 -0.0000
vn 0.7501 0.6613 -0.0000
vn -0.7366 0.6763 -0.0000
vn -0.9965 -0.0835 -0.0000
vn -0.9968 -0.0795 -0.0000
vn -0.9972 -0.0746 -0.0000
vn -0.9976 -0.0689 -0.0000
vn -0.9980 -0.0625 -0.0000
vn -0.9985 -0.0554 -0.0000
vn -0.9989 -0.0475 -0.0000
vn -0.9992 -0.0391 -0.0000
vn -0.9995 -0.0301 -0.0000
vn -0.9998 -0.0205 -0.0000
vn -0.9999 -0.0104 -0.0000
vn -1.0000 -0.0063 -0.0000
vn -0.6766 0.7363 -0.0000
vn 0.0919 0.9958 -0.0000
vn 0.0921 0.9957 -0.0000
vn 0.0922 0.9957 -0.0000
vn 0.0920 0.9958 -0.0000
vn 0.0916 0.9958 -0.0000
vn 0.0911 0.9958 -0.0000
vn 0.0904 0.9959 -0.0000
vn 0.0895 0.9960 -0.0000
vn 0.0884 0.9961 -0.0000
vn 0.0871 0.9962 -0.0000
vn 0.0856 0.9963 -0.0000
vn 0.7365 0.6765 -0.0000
vn 1.0000 -0.0035 -0.0000
vn 0.9999 -0.0132 -0.0000
vn 0.9997 -0.0247 -0.0000
vn 0.9994 -0.0347 -0.0000
vn 0.9990 -0.0441 -0.0000
vn 0.9986 -0.0534 -0.0000
vn 0.9980 -0.0631 -0.0000
vn 0.9973 -0.0735 -0.0000
vn 0.9963 -0.0855 -0.0000
vn 0.9950 -0.0997 -0.0000
vn 0.9931 -0.1176 -0.0000
vn 0.9899 -0.1417 -0.0000
vn 0.7601 0.6498 -0.0000
vn -0.7592 0.6508 -0.0000
vn -0.9906 -0.1370 -0.0000
vn -0.9940 -0.1098 -0.0000
vn -0.9959 -0.0903 -0.0000
vn -0.9971 -0.0759 -0.0000
vn -0.9979 -0.0649 -0.0000
vn -0.9984 -0.0568 -0.0000
vn -0.9987 -0.0508 -0.0000
vn -0.9989 -0.0467 -0.0000
vn -0.9990 -0.0442 -0.0000
vn -0.9991 -0.0433 -0.0000
vn -0.9990 -0.0445 -0.0000
vn -0.9995 -0.0300 -0.0000
vn -0.6897 0.7241 -0.0000
vn 0.0755 0.9971 -0.0000
vn 0.0742 0.9972 -0.0000
vn 0.0725 0.9974 -0.0000
vn 0.0706 0.9975 -0.0000
vn 0.0684 0.9977 -0.0000
vn 0.0658 0.9978 -0.0000
vn 0.0629 0.9980 -0.0000
vn 0.0597 0.9982 -0.0000
vn 0.0559 0.9984 -0.0000
vn 0.0517 0.9987 -0.0000
vn 0.0469 0.9989 -0.0000
vn -0.6912 0.7226 -0.0000
vn -0.6902 -0.7236 -0.0000
vn 0.0367 -0.9993 -0.0000
vn 0.0194 -0.9998 -0.0000
vn 0.0081 -1.0000 -0.0000
vn 0.0004 -1.0000 -0.0000
vn -0.0049 -1.0000 -0.0000
vn -0.0083 -1.0000 -0.0000
vn -0.0103 -0.9999 -0.0000
vn -0.0110 -0.9999 -0.0000
vn -0.0104 -0.9999 -0.0000
vn -0.0086 -1.0000 -0.0000
vn -0.0051 -1.0000 -0.0000
vn -0.0191 -0.9998 -0.0000
vn -0.0372 -0.9993 -0.0000
vn -0.0408 -0.9992 -0.0000
vn -0.0442 -0.9990 -0.0000
vn -0.0474 -0.9989 -0.0000
vn -0.0504 -0.9987 -0.0000
vn -0.0532 -0.9986 -0.0000
vn -0.0560 -0.9984 -0.0000
vn -0.0585 -0.9983 -0.0000
vn -0.0610 -0.9981 -0.0000
vn -0.0634 -0.9980 -0.0000
vn -0.0658 -0.9978 -0.0000
vn -0.7210 -0.6929 -0.0000
vn -0.9996 -0.0276 -0.0000
vn -0.9996 -0.0292 -0.0000
vn -0.9995 -0.0326 -0.0000
vn -0.9993 -0.0377 -0.0000
vn -0.9990 -0.0447 -0.0000
vn -0.9985 -0.0541 -0.0000
vn -0.9978 -0.0660 -0.0000
vn -0.9967 -0.0814 -0.0000
vn -0.9949 -0.1013 -0.0000
vn -0.9918 -0.1274 -0.0000
vn -0.9867 -0.1624 -0.0000
vn -0.9777 -0.2098 -0.0000
vn -0.9601 -0.2797 -0.0000
vn -0.9277 -0.3733 -0.0000
vn -0.8763 -0.4818 -0.0000
vn -0.8006 -0.5992 -0.0000
vn -0.6993 -0.7148 -0.0000
vn -0.5783 -0.8159 -0.0000
vn -0.4494 -0.8933 -0.0000
vn -0.3261 -0.9453 -0.0000
vn -0.2176 -0.9760 -0.0000
vn -0.1279 -0.9918 -0.0000
vn -0.0567 -0.9984 -0.0000
vn -0.0034 -1.0000 -0.0000
vn 0.0330 -0.9995 -0.0000
vn 0.0763 -0.9971 -0.0000
vn 0.0910 -0.9959 -0.0000
vn 0.1031 -0.9947 -0.0000
vn 0.1135 -0.9935 -0.0000
vn 0.1230 -0.9924 -0.0000
vn 0.1322 -0.9912 -0.0000
vn 0.1415 -0.9899 -0.0000
vn 0.1520 -0.9884 -0.0000
vn 0.1649 -0.9863 -0.0000
vn 0.7748 -0.6322 -0.0000
vn 0.6139 0.7894 -0.0000
vn -0.2079 0.9782 -0.0000
vn -0.1887 0.9820 -0.0000
vn -0.1714 0.9852 -0.0000
vn -0.1553 0.9879 -0.0000
vn -0.1400 0.9902 -0.0000
vn -0.1249 0.9922 -0.0000
vn -0.1095 0.9940 -0.0000
vn -0.0934 0.9956 -0.0000
vn -0.0756 0.9971 -0.0000
vn -0.0552 0.9985 -0.0000
vn -0.0305 0.9995 -0.0000
vn -0.0003 1.0000 -0.0000
vn 0.0378 0.9993 -0.0000
vn 0.0912 0.9958 -0.0000
vn 0.1666 0.9860 -0.0000
vn 0.2673 0.9636 -0.0000
vn 0.3936 0.9193 -0.0000
vn 0.5371 0.8435 -0.0000
vn 0.6804 0.7328 -0.0000
vn 0.8024 0.5968 -0.0000
vn 0.8905 0.4549 -0.0000
vn 0.9456 0.3253 -0.0000
vn 0.9761 0.2173 -0.0000
vn 0.9883 0.1525 -0.0000
vn 0.9921 0.1252 -0.0000
vn 0.9943 0.1065 -0.0000
vn 0.9957 0.0924 -0.0000
vn 0.9967 0.0814 -0.0000
vn 0.9974 0.0723 -0.0000
vn 0.9979 0.0646 -0.0000
vn 0.9983 0.0580 -0.0000
vn 0.9986 0.0521 -0.0000
vn 0.9989 0.0466 -0.0000
vn 0.9991 0.0415 -0.0000
vn 0.9993 0.0366 -0.0000
vn 0.6908 -0.7230 -0.0000
vn -0.0817 -0.9967 -0.0000
vn -0.0854 -0.9963 -0.0000
vn -0.0886 -0.9961 -0.0000
vn -0.0914 -0.9958 -0.0000
vn -0.0937 -0.9956 -0.0000
vn -0.0956 -0.9954 -0.0000
vn -0.0971 -0.9953 -0.0000
vn -0.0983 -0.9952 -0.0000
vn -0.0992 -0.9951 -0.0000
vn -0.0997 -0.9950 -0.0000
vn -0.7385 -0.6742 -0.0000
vn -1.0000 -0.0081 -0.0000
vn -1.0000 -0.0066 -0.0000
vn -1.0000 -0.0050 -0.0000
vn -1.0000 -0.0035 -0.0000
vn -1.0000 -0.0018 -0.0000
vn -1.0000 0.0021 -0.0000
vn -1.0000 0.0045 -0.0000
vn -1.0000 0.0076 -0.0000
vn -0.9999 0.0116 -0.0000
vn -0.9999 0.0173 -0.0000
vn -0.9996 0.0265 -0.0000
vn -0.9989 0.0466 -0.0000
vn -0.9957 0.0931 -0.0000
vn -0.9833 0.1821 -0.0000
vn -0.9466 0.3226 -0.0000
vn -0.8616 0.5075 -0.0000
vn -0.7147 0.6994 -0.0000
vn -0.5295 0.8483 -0.0000
vn -0.3532 0.9355 -0.0000
vn -0.2145 0.9767 -0.0000
vn -0.1155 0.9933 -0.0000
vn -0.0477 0.9989 -0.0000
vn -0.0057 1.0000 -0.0000
vn 0.0171 0.9999 -0.0000
vn 0.0327 0.9995 -0.0000
vn 0.0602 0.9982 -0.0000
vn 0.0728 0.9973 -0.0000
vn 0.0852 0.9964 -0.0000
vn 0.0976 0.9952 -0.0000
vn 0.1105 0.9939 -0.0000
vn 0.1245 0.9922 -0.0000
vn 0.1402 0.9901 -0.0000
vn 0.1589 0.9873 -0.0000
vn -0.6579 0.7531 -0.0000
vn -0.7295 -0.6840 -0.0000
vn -0.0881 -0.9961 -0.0000
vn -0.0812 -0.9967 -0.0000
vn -0.0744 -0.9972 -0.0000
vn -0.0676 -0.9977 -0.0000
vn -0.0605 -0.9982 -0.0000
vn -0.0529 -0.9986 -0.0000
vn -0.0446 -0.9990 -0.0000
vn -0.0355 -0.9994 -0.0000
vn -0.0252 -0.9997 -0.0000
vn -0.0134 -0.9999 -0.0000
vn 0.0071 -1.0000 -0.0000
vn 0.0493 -0.9988 -0.0000
vn 0.1179 -0.9930 -0.0000
vn 0.2154 -0.9765 -0.0000
vn 0.3482 -0.9374 -0.0000
vn 0.5134 -0.8581 -0.0000
vn 0.6878 -0.7259 -0.0000
vn 0.8330 -0.5532 -0.0000
vn 0.9258 -0.3780 -0.0000
vn 0.9722 -0.2341 -0.0000
vn 0.9912 -0.1325 -0.0000
vn 0.9976 -0.0690 -0.0000
vn 0.9995 -0.0324 -0.0000
vn 0.9999 -0.0162 -0.0000
vn 0.9999 -0.0114 -0.0000
vn 1.0000 -0.0081 -0.0000
vn 1.0000 -0.0058 -0.0000
vn 1.0000 -0.0041 -0.0000
vn 1.0000 -0.0029 -0.0000
vn 1.0000 -0.0019 -0.0000
vn 1.0000 -0.0012 -0.0000
vn 1.0000 -0.0007 -0.0000
vn 1.0000 -0.0003 -0.0000
vn 1.0000 -0.0001 -0.0000
vn 0.6665 -0.7455 -0.0000
vn -0.1203 -0.9927 -0.0000
vn -0.1301 -0.9915 -0.0000
vn -0.1319 -0.9913 -0.0000
vn -0.1335 -0.9910 -0.0000
vn -0.1350 -0.9909 -0.0000
vn -0.1363 -0.9907 -0.0000
vn -0.1376 -0.9905 -0.0000
vn -0.1388 -0.9903 -0.0000
vn -0.1401 -0.9901 -0.0000
vn -0.1414 -0.9899 -0.0000
vn -0.1429 -0.9897 -0.0000
vn -0.1446 -0.9895 -0.0000
vn 0.6113 -0.7914 -0.0000
vn 0.7464 0.6654 -0.0000
vn 0.0104 0.9999 -0.0000
vn 0.0203 0.9998 -0.0000
vn 0.0297 0.9996 -0.0000
vn 0.0389 0.9992 -0.0000
vn 0.0479 0.9989 -0.0000
vn 0.0566 0.9984 -0.0000
vn 0.0654 0.9979 -0.0000
vn 0.0829 0.9966 -0.0000
vn 0.1010 0.9949 -0.0000
vn 0.0969 0.9953 -0.0000
vn -0.8599 0.5104 -0.0000
vn -0.9575 -0.2886 -0.0000
vn -0.9611 -0.2762 -0.0000
vn -0.9640 -0.2660 -0.0000
vn -0.9662 -0.2576 -0.0000
vn -0.9681 -0.2507 -0.0000
vn -0.9695 -0.2449 -0.0000
vn -0.9707 -0.2403 -0.0000
vn -0.9716 -0.2366 -0.0000
vn -0.9723 -0.2339 -0.0000
vn -0.9727 -0.2322 -0.0000
vn -0.9729 -0.2314 -0.0000
vn -0.9753 -0.2207 -0.0000
vn -0.9767 -0.2145 -0.0000
vn -0.9748 -0.2232 -0.0000
vn -0.9727 -0.2319 -0.0000
vn -0.9705 -0.2410 -0.0000
vn -0.9680 -0.2510 -0.0000
vn -0.9651 -0.2620 -0.0000
vn -0.9616 -0.2744 -0.0000
vn -0.9574 -0.2887 -0.0000
vn -0.9522 -0.3055 -0.0000
vn -0.9456 -0.3253 -0.0000
vn -0.9370 -0.3492 -0.0000
vn -0.9280 -0.3727 -0.0000
vn -0.9198 -0.3923 -0.0000
vn -0.9119 -0.4104 -0.0000
vn -0.9041 -0.4273 -0.0000
vn -0.8963 -0.4434 -0.0000
vn -0.8885 -0.4589 -0.0000
vn -0.8805 -0.4741 -0.0000
vn -0.8722 -0.4891 -0.0000
vn -0.8636 -0.5042 -0.0000
vn -0.8545 -0.5195 -0.0000
vn -0.8447 -0.5352 -0.0000
vn -0.8341 -0.5516 -0.0000
vn -0.2840 -0.9588 -0.0000
vn 0.9644 -0.2645 -0.0000
vn 0.8131 0.5821 -0.0000
vn 0.8278 0.5610 -0.0000
vn 0.8409 0.5412 -0.0000
vn 0.8526 0.5226 -0.0000
vn 0.8633 0.5048 -0.0000
vn 0.8731 0.4875 -0.0000
vn 0.8824 0.4705 -0.0000
vn 0.8912 0.4536 -0.0000
vn 0.8998 0.4363 -0.0000
vn 0.9082 0.4184 -0.0000
vn 0.9168 0.3995 -0.0000
vn 0.9239 0.3826 -0.0000
vn 0.9318 0.3630 -0.0000
vn 0.9408 0.3389 -0.0000
vn 0.9484 0.3172 -0.0000
vn 0.9549 0.2969 -0.0000
vn 0.9607 0.2776 -0.0000
vn 0.9660 0.2586 -0.0000
vn 0.9709 0.2394 -0.0000
vn 0.9756 0.2196 -0.0000
vn 0.9801 0.1985 -0.0000
vn 0.9887 0.1498 -0.0000
vn 0.5789 0.8154 -0.0000
vn -0.3739 0.9275 -0.0000
vn -0.8887 0.4584 -0.0000
vn -0.8940 0.4480 -0.0000
vn -0.8983 0.4394 -0.0000
vn -0.9019 0.4320 -0.0000
vn -0.9050 0.4254 -0.0000
vn -0.9080 0.4191 -0.0000
vn -0.9108 0.4129 -0.0000
vn -0.9136 0.4067 -0.0000
vn -0.9165 0.4001 -0.0000
vn -0.9196 0.3930 -0.0000
vn -0.9229 0.3850 -0.0000
vn -0.9265 0.3762 -0.0000
vn -0.9305 0.3664 -0.0000
vn -0.9342 0.3568 -0.0000
vn -0.9372 0.3487 -0.0000
vn -0.9398 0.3416 -0.0000
vn -0.9421 0.3353 -0.0000
vn -0.9442 0.3294 -0.0000
vn -0.9462 0.3236 -0.0000
vn -0.9482 0.3178 -0.0000
vn -0.9502 0.3116 -0.0000
vn -0.9524 0.3048 -0.0000
vn -0.9549 0.2969 -0.0000
vn -0.8872 -0.4613 -0.0000
vn 0.4818 -0.8763 -0.0000
vn 0.9666 -0.2562 -0.0000
vn 0.9623 -0.2719 -0.0000
vn 0.9585 -0.2852 -0.0000
vn 0.9550 -0.2967 -0.0000
vn 0.9487 -0.3161 -0.0000
vn 0.9459 -0.3245 -0.0000
vn 0.9432 -0.3322 -0.0000
vn 0.9406 -0.3396 -0.0000
vn 0.9380 -0.3467 -0.0000
vn 0.9354 -0.3537 -0.0000
vn 0.9321 -0.3621 -0.0000
vn 0.9284 -0.3717 -0.0000
vn 0.9247 -0.3806 -0.0000
vn 0.9213 -0.3889 -0.0000
vn 0.9179 -0.3969 -0.0000
vn 0.9143 -0.4050 -0.0000
vn 0.9105 -0.4135 -0.0000
vn 0.9063 -0.4226 -0.0000
vn 0.9015 -0.4327 -0.0000
vn 0.8958 -0.4444 -0.0000
vn 0.8887 -0.4584 -0.0000
vn 0.8795 -0.4758 -0.0000
vn 0.9320 0.3626 -0.0000
vn 0.5530 0.8332 -0.0000
vn 0.5748 0.8183 -0.0000
vn 0.5955 0.8033 -0.0000
vn 0.6154 0.7882 -0.0000
vn 0.6346 0.7728 -0.0000
vn 0.6535 0.7569 -0.0000
vn 0.6721 0.7404 -0.0000
vn 0.6908 0.7231 -0.0000
vn 0.7096 0.7046 -0.0000
vn 0.7288 0.6847 -0.0000
vn 0.7486 0.6630 -0.0000
vn 0.0572 0.9984 -0.0000
vn -0.9997 0.0239 -0.0000
vn -0.7064 -0.7078 -0.0000
vn -0.6923 -0.7216 -0.0000
vn -0.6783 -0.7348 -0.0000
vn -0.6644 -0.7474 -0.0000
vn -0.6506 -0.7594 -0.0000
vn -0.6369 -0.7710 -0.0000
vn -0.6232 -0.7821 -0.0000
vn -0.6095 -0.7928 -0.0000
vn -0.5959 -0.8031 -0.0000
vn -0.5822 -0.8131 -0.0000
vn -0.5685 -0.8227 -0.0000
vn -0.8836 -0.4682 -0.0000
vn -1.0000 0.0084 -0.0000
vn -0.9999 0.0164 -0.0000
vn -0.9997 0.0244 -0.0000
vn -0.9995 0.0327 -0.0000
vn -0.9991 0.0416 -0.0000
vn -0.9987 0.0514 -0.0000
vn -0.9980 0.0629 -0.0000
vn -0.9971 0.0767 -0.0000
vn -0.9956 0.0941 -0.0000
vn -0.9931 0.1172 -0.0000
vn -0.9887 0.1499 -0.0000
vn -0.7646 -0.6445 -0.0000
vn 0.7543 -0.6565 -0.0000
vn 0.9921 0.1253 -0.0000
vn 0.9946 0.1038 -0.0000
vn 0.9961 0.0885 -0.0000
vn 0.9971 0.0764 -0.0000
vn 0.9978 0.0663 -0.0000
vn 0.9984 0.0573 -0.0000
vn 0.9988 0.0488 -0.0000
vn 0.9992 0.0403 -0.0000
vn 0.9995 0.0317 -0.0000
vn 0.9998 0.0223 -0.0000
vn 0.5066 -0.8622 -0.0000
vn -0.4778 -0.8784 -0.0000
vn -0.4603 -0.8877 -0.0000
vn -0.4435 -0.8963 -0.0000
vn -0.4272 -0.9041 -0.0000
vn -0.4112 -0.9115 -0.0000
vn -0.3954 -0.9185 -0.0000
vn -0.3796 -0.9252 -0.0000
vn -0.3636 -0.9315 -0.0000
vn -0.3474 -0.9377 -0.0000
vn -0.3307 -0.9437 -0.0000
vn -0.3134 -0.9496 -0.0000
vn 0.3836 -0.9235 -0.0000
vn 0.9173 0.3982 -0.0000
vn 0.2863 0.9581 -0.0000
vn 0.3099 0.9508 -0.0000
vn 0.3328 0.9430 -0.0000
vn 0.3553 0.9347 -0.0000
vn 0.3774 0.9260 -0.0000
vn 0.3993 0.9168 -0.0000
vn 0.4211 0.9070 -0.0000
vn 0.4428 0.8966 -0.0000
vn 0.4648 0.8854 -0.0000
vn 0.4871 0.8734 -0.0000
vn 0.5099 0.8602 -0.0000
vn 0.5316 0.8470 -0.0000
vn -0.9200 -0.3918 -0.0000
vn -0.9103 -0.4139 -0.0000
vn -0.9008 -0.4342 -0.0000
vn -0.8912 -0.4535 -0.0000
vn -0.8814 -0.4723 -0.0000
vn -0.8712 -0.4910 -0.0000
vn -0.8602 -0.5099 -0.0000
vn -0.8484 -0.5294 -0.0000
vn -0.8353 -0.5498 -0.0000
vn -0.8207 -0.5714 -0.0000
vn -0.8040 -0.5946 -0.0000
vn -0.9950 0.0995 -0.0000
vn -0.6665 0.7455 -0.0000
vn -0.6800 0.7332 -0.0000
vn -0.6916 0.7223 -0.0000
vn -0.7018 0.7124 -0.0000
vn -0.7110 0.7032 -0.0000
vn -0.7195 0.6945 -0.0000
vn -0.7276 0.6860 -0.0000
vn -0.7355 0.6775 -0.0000
vn -0.7436 0.6687 -0.0000
vn -0.7521 0.6591 -0.0000
vn -0.7615 0.6482 -0.0000
vn -0.9966 -0.0823 -0.0000
vn 0.7869 -0.6171 -0.0000
vn 0.7757 -0.6311 -0.0000
vn 0.7653 -0.6437 -0.0000
vn 0.7553 -0.6554 -0.0000
vn 0.7456 -0.6664 -0.0000
vn 0.7358 -0.6772 -0.0000
vn 0.7259 -0.6878 -0.0000
vn 0.7155 -0.6986 -0.0000
vn 0.7046 -0.7096 -0.0000
vn 0.6928 -0.7211 -0.0000
vn 0.6799 -0.7333 -0.0000
vn -0.0351 -0.9994 -0.0000
vn -0.7143 -0.6998 -0.0000
vn -0.6956 -0.7184 -0.0000
vn -0.6758 -0.7371 -0.0000
vn -0.6547 -0.7559 -0.0000
vn -0.6321 -0.7749 -0.0000
vn -0.6077 -0.7941 -0.0000
vn -0.5815 -0.8136 -0.0000
vn -0.5530 -0.8332 -0.0000
vn -0.5221 -0.8529 -0.0000
vn -0.4885 -0.8726 -0.0000
vn -0.4519 -0.8921 -0.0000
vn 0.1794 -0.9838 -0.0000
vn 0.9792 0.2029 -0.0000
vn 0.4124 0.9110 -0.0000
vn 0.4563 0.8898 -0.0000
vn 0.4962 0.8682 -0.0000
vn 0.5324 0.8465 -0.0000
vn 0.5656 0.8247 -0.0000
vn 0.5961 0.8029 -0.0000
vn 0.6244 0.7811 -0.0000
vn 0.6757 0.7371 -0.0000
vn 0.6995 0.7146 -0.0000
vn 0.7225 0.6914 -0.0000
vn 0.7478 0.6639 -0.0000
vn 0.7722 0.6353 -0.0000
vn 0.7921 0.6104 -0.0000
vn 0.8097 0.5868 -0.0000
vn 0.8259 0.5638 -0.0000
vn 0.8413 0.5406 -0.0000
vn 0.8563 0.5165 -0.0000
vn 0.8713 0.4908 -0.0000
vn 0.8867 0.4624 -0.0000
vn 0.9029 0.4299 -0.0000
vn 0.9201 0.3917 -0.0000
vn 0.9386 0.3451 -0.0000
vn 0.8122 -0.5834 -0.0000
vn -0.0043 -1.0000 -0.0000
vn -0.0157 -0.9999 -0.0000
vn -0.0281 -0.9996 -0.0000
vn -0.0378 -0.9993 -0.0000
vn -0.0456 -0.9990 -0.0000
vn -0.0520 -0.9986 -0.0000
vn -0.0575 -0.9983 -0.0000
vn -0.0623 -0.9981 -0.0000
vn -0.0667 -0.9978 -0.0000
vn -0.0709 -0.9975 -0.0000
vn -0.0754 -0.9972 -0.0000
vn -0.0813 -0.9967 -0.0000
vn 0.6765 -0.7364 -0.0000
vn 0.6623 0.7492 -0.0000
vn -0.1119 0.9937 -0.0000
vn -0.0950 0.9955 -0.0000
vn -0.0843 0.9964 -0.0000
vn -0.0763 0.9971 -0.0000
vn -0.0695 0.9976 -0.0000
vn -0.0631 0.9980 -0.0000
vn -0.0566 0.9984 -0.0000
vn -0.0495 0.9988 -0.0000
vn -0.0412 0.9991 -0.0000
vn -0.0310 0.9995 -0.0000
vn -0.0176 0.9998 -0.0000
vn -0.0050 1.0000 -0.0000
vn 0.0038 1.0000 -0.0000
vn 0.0156 0.9999 -0.0000
vn 0.0319 0.9995 -0.0000
vn 0.0491 0.9988 -0.0000
vn 0.0675 0.9977 -0.0000
vn 0.0872 0.9962 -0.0000
vn 0.1085 0.9941 -0.0000
vn 0.1318 0.9913 -0.0000
vn 0.1576 0.9875 -0.0000
vn 0.1864 0.9825 -0.0000
vn 0.2189 0.9758 -0.0000
vn 0.2561 0.9667 -0.0000
vn -0.1856 0.9826 -0.0000
vn -0.9892 0.1469 -0.0000
vn -0.8205 -0.5716 -0.0000
vn -0.8346 -0.5508 -0.0000
vn -0.8529 -0.5221 -0.0000
vn -0.8600 -0.5103 -0.0000
vn -0.8667 -0.4989 -0.0000
vn -0.8733 -0.4872 -0.0000
vn -0.8802 -0.4746 -0.0000
vn -0.8879 -0.4601 -0.0000
vn -0.8966 -0.4429 -0.0000
vn -0.9069 -0.4213 -0.0000
vn -0.9188 -0.3947 -0.0000
vn -0.0078 -1.0000 -0.0000
vn -0.0143 -0.9999 -0.0000
vn -0.0197 -0.9998 -0.0000
vn -0.0241 -0.9997 -0.0000
vn -0.0279 -0.9996 -0.0000
vn -0.0312 -0.9995 -0.0000
vn -0.0340 -0.9994 -0.0000
vn -0.0364 -0.9993 -0.0000
vn -0.0385 -0.9993 -0.0000
vn -0.0404 -0.9992 -0.0000
vn -0.0420 -0.9991 -0.0000
vn 0.6918 -0.7221 -0.0000
vn 0.6662 0.7458 -0.0000
vn -0.1055 0.9944 -0.0000
vn -0.0924 0.9957 -0.0000
vn -0.0809 0.9967 -0.0000
vn -0.0705 0.9975 -0.0000
vn -0.0611 0.9981 -0.0000
vn -0.0523 0.9986 -0.0000
vn -0.0438 0.9990 -0.0000
vn -0.0356 0.9994 -0.0000
vn -0.0273 0.9996 -0.0000
vn -0.0188 0.9998 -0.0000
vn -0.0097 1.0000 -0.0000
vn 0.0017 1.0000 -0.0000
vn 0.0063 1.0000 -0.0000
vn 0.0119 0.9999 -0.0000
vn 0.0167 0.9999 -0.0000
vn 0.0211 0.9998 -0.0000
vn 0.0251 0.9997 -0.0000
vn 0.0288 0.9996 -0.0000
vn 0.0323 0.9995 -0.0000
vn 0.0357 0.9994 -0.0000
vn 0.0390 0.9992 -0.0000
vn 0.0425 0.9991 -0.0000
vn 0.0461 0.9989 -0.0000
vn -0.7063 0.7079 -0.0000
vn -0.9989 -0.0470 -0.0000
vn -0.9988 -0.0492 -0.0000
vn -0.9987 -0.0501 -0.0000
vn -0.9988 -0.0497 -0.0000
vn -0.9988 -0.0482 -0.0000
vn -0.9990 -0.0456 -0.0000
vn -0.9991 -0.0419 -0.0000
vn -0.9993 -0.0368 -0.0000
vn -0.9995 -0.0303 -0.0000
vn -0.9998 -0.0222 -0.0000
vn -0.9999 -0.0121 -0.0000
vn -1.0000 -0.0032 -0.0000
vn -1.0000 0.0033 -0.0000
vn -0.9999 0.0121 -0.0000
vn -0.9997 0.0224 -0.0000
vn -0.9995 0.0309 -0.0000
vn -0.9993 0.0380 -0.0000
vn -0.9990 0.0440 -0.0000
vn -0.9988 0.0491 -0.0000
vn -0.9986 0.0534 -0.0000
vn -0.9984 0.0569 -0.0000
vn -0.9982 0.0597 -0.0000
vn -0.9981 0.0618 -0.0000
vn -0.9980 0.0627 -0.0000
vn -0.7290 -0.6845 -0.0000
vn 0.7196 -0.6944 -0.0000
vn -0.0020 -1.0000 -0.0000
vn -0.0076 -1.0000 -0.0000
vn -0.0145 -0.9999 -0.0000
vn -0.0209 -0.9998 -0.0000
vn -0.0269 -0.9996 -0.0000
vn -0.0325 -0.9995 -0.0000
vn -0.0432 -0.9991 -0.0000
vn -0.0486 -0.9988 -0.0000
vn -0.0541 -0.9985 -0.0000
vn -0.0600 -0.9982 -0.0000
vn -0.0665 -0.9978 -0.0000
vn 0.6819 -0.7314 -0.0000
vn 0.6676 0.7445 -0.0000
vn -0.1034 0.9946 -0.0000
vn -0.0933 0.9956 -0.0000
vn -0.0840 0.9965 -0.0000
vn -0.0753 0.9972 -0.0000
vn -0.0668 0.9978 -0.0000
vn -0.0583 0.9983 -0.0000
vn -0.0497 0.9988 -0.0000
vn -0.0409 0.9992 -0.0000
vn -0.0316 0.9995 -0.0000
vn -0.0218 0.9998 -0.0000
vn -0.0112 0.9999 -0.0000
vn -0.0029 1.0000 -0.0000
vn -0.8454 -0.5341 -0.0000
vn -0.8298 -0.5581 -0.0000
vn -0.8143 -0.5805 -0.0000
vn -0.7982 -0.6025 -0.0000
vn -0.7809 -0.6247 -0.0000
vn -0.7618 -0.6478 -0.0000
vn -0.7405 -0.6721 -0.0000
vn -0.7161 -0.6980 -0.0000
vn -0.6879 -0.7258 -0.0000
vn -0.6154 -0.7882 -0.0000
vn 0.0204 -0.9998 -0.0000
vn 0.9982 0.0593 -0.0000
vn 0.5556 0.8315 -0.0000
vn 0.6025 0.7981 -0.0000
vn 0.6412 0.7674 -0.0000
vn 0.6741 0.7387 -0.0000
vn 0.7027 0.7115 -0.0000
vn 0.7285 0.6851 -0.0000
vn 0.7524 0.6587 -0.0000
vn 0.7756 0.6312 -0.0000
vn 0.7990 0.6013 -0.0000
vn 0.8238 0.5669 -0.0000
vn 0.8515 0.5243 -0.0000
vn 0.8661 -0.4999 -0.0000
vn -0.0022 -1.0000 -0.0000
vn -0.0090 -1.0000 -0.0000
vn -0.0178 -0.9998 -0.0000
vn -0.0354 -0.9994 -0.0000
vn -0.0440 -0.9990 -0.0000
vn -0.0525 -0.9986 -0.0000
vn -0.0694 -0.9976 -0.0000
vn -0.0777 -0.9970 -0.0000
vn -0.0940 -0.9956 -0.0000
vn 0.6716 -0.7410 -0.0000
vn 0.6570 0.7539 -0.0000
vn -0.1322 0.9912 -0.0000
vn -0.1229 0.9924 -0.0000
vn -0.1134 0.9935 -0.0000
vn -0.1037 0.9946 -0.0000
vn -0.0936 0.9956 -0.0000
vn -0.0829 0.9966 -0.0000
vn -0.0716 0.9974 -0.0000
vn -0.0596 0.9982 -0.0000
vn -0.0465 0.9989 -0.0000
vn -0.0324 0.9995 -0.0000
vn -0.0169 0.9999 -0.0000
vn -0.0044 1.0000 -0.0000
vn 0.0060 1.0000 -0.0000
vn 0.0215 0.9998 -0.0000
vn 0.0384 0.9993 -0.0000
vn 0.0519 0.9987 -0.0000
vn 0.0636 0.9980 -0.0000
vn 0.0847 0.9964 -0.0000
vn 0.0954 0.9954 -0.0000
vn 0.1073 0.9942 -0.0000
vn 0.1212 0.9926 -0.0000
vn 0.1387 0.9903 -0.0000
vn 0.1627 0.9867 -0.0000
vn -0.2892 0.9573 -0.0000
vn -0.9958 0.0913 -0.0000
vn -0.8064 -0.5914 -0.0000
vn -0.7970 -0.6040 -0.0000
vn -0.7909 -0.6119 -0.0000
vn -0.7874 -0.6164 -0.0000
vn -0.7863 -0.6179 -0.0000
vn -0.7872 -0.6167 -0.0000
vn -0.7902 -0.6128 -0.0000
vn -0.7953 -0.6062 -0.0000
vn -0.8029 -0.5961 -0.0000
vn -0.8132 -0.5820 -0.0000
vn -0.8268 -0.5626 -0.0000
vn -0.8440 -0.5364 -0.0000
vn 0.9841 0.1775 -0.0000
vn 0.3309 0.9437 -0.0000
vn 0.3545 0.9351 -0.0000
vn 0.3770 0.9262 -0.0000
vn 0.3987 0.9171 -0.0000
vn 0.4202 0.9074 -0.0000
vn 0.4415 0.8973 -0.0000
vn 0.4630 0.8863 -0.0000
vn 0.4850 0.8745 -0.0000
vn 0.5076 0.8616 -0.0000
vn 0.5311 0.8473 -0.0000
vn 0.5557 0.8314 -0.0000
vn 0.5652 0.8249 -0.0000
vn 0.6074 0.7944 -0.0000
vn 0.6941 0.7199 -0.0000
vn 0.7744 0.6326 -0.0000
vn 0.8986 0.4387 -0.0000
vn 0.9391 0.3438 -0.0000
vn 0.9664 0.2570 -0.0000
vn 0.9834 0.1813 -0.0000
vn 0.9930 0.1182 -0.0000
vn 0.9977 0.0676 -0.0000
vn 0.9996 0.0290 -0.0000
vn 1.0000 0.0045 -0.0000
vn 1.0000 -0.0075 -0.0000
vn 0.9999 -0.0155 -0.0000
vn 0.9997 -0.0242 -0.0000
vn 0.9994 -0.0334 -0.0000
vn 0.9991 -0.0431 -0.0000
vn 0.9986 -0.0532 -0.0000
vn 0.9980 -0.0635 -0.0000
vn 0.9973 -0.0739 -0.0000
vn 0.9964 -0.0843 -0.0000
vn 0.9955 -0.0946 -0.0000
vn 0.9945 -0.1048 -0.0000
vn 0.7449 0.6672 -0.0000
vn -0.7104 0.7038 -0.0000
vn -0.9997 -0.0234 -0.0000
vn -0.9983 -0.0591 -0.0000
vn -0.9938 -0.1111 -0.0000
vn -0.9835 -0.1807 -0.0000
vn -0.9634 -0.2682 -0.0000
vn -0.9286 -0.3710 -0.0000
vn -0.8757 -0.4828 -0.0000
vn -0.8041 -0.5945 -0.0000
vn -0.7179 -0.6961 -0.0000
vn -0.6247 -0.7809 -0.0000
vn -0.5325 -0.8464 -0.0000
vn 0.0862 -0.9963 -0.0000
vn -0.9801 -0.1986 -0.0000
vn -0.0845 0.9964 -0.0000
vn 0.4229 0.9062 -0.0000
vn -0.3694 -0.9293 -0.0000
vn 0.6949 0.7191 -0.0000
vn 0.7326 0.6807 -0.0000
vn 0.7687 0.6396 -0.0000
vn 0.8029 0.5961 -0.0000
vn 0.8345 0.5510 -0.0000
vn 0.8633 0.5047 -0.0000
vn 0.8889 0.4581 -0.0000
vn 0.9113 0.4118 -0.0000
vn 0.9304 0.3666 -0.0000
vn 0.9464 0.3231 -0.0000
vn 0.9595 0.2818 -0.0000
vn 0.7943 -0.6076 -0.0000
vn -0.6283 -0.7780 -0.0000
vn -0.9728 -0.2316 -0.0000
vn -0.9616 -0.2746 -0.0000
vn -0.9477 -0.3192 -0.0000
vn -0.9310 -0.3650 -0.0000
vn -0.9114 -0.4115 -0.0000
vn -0.8633 -0.5046 -0.0000
vn -0.8351 -0.5501 -0.0000
vn -0.8043 -0.5943 -0.0000
vn -0.7713 -0.6365 -0.0000
vn -0.7365 -0.6765 -0.0000
vn -0.9789 0.2045 -0.0000
vn -0.3516 0.9362 -0.0000
vn -0.2971 0.9548 -0.0000
vn -0.2480 0.9688 -0.0000
vn -0.2046 0.9788 -0.0000
vn -0.1667 0.9860 -0.0000
vn -0.1340 0.9910 -0.0000
vn -0.1063 0.9943 -0.0000
vn -0.0830 0.9965 -0.0000
vn -0.0639 0.9980 -0.0000
vn -0.0485 0.9988 -0.0000
vn -0.0363 0.9993 -0.0000
vn -0.9037 0.4281 -0.0000
vn -0.8106 -0.5856 -0.0000
vn -0.8411 -0.5408 -0.0000
vn -0.8653 -0.5012 -0.0000
vn -0.8852 -0.4652 -0.0000
vn -0.9023 -0.4311 -0.0000
vn -0.9173 -0.3982 -0.0000
vn -0.9310 -0.3651 -0.0000
vn -0.9437 -0.3309 -0.0000
vn -0.9556 -0.2945 -0.0000
vn -0.9670 -0.2546 -0.0000
vn -0.9778 -0.2094 -0.0000
vn -0.6209 -0.7839 -0.0000
vn 0.0519 -0.9987 -0.0000
vn 0.0681 -0.9977 -0.0000
vn 0.0877 -0.9961 -0.0000
vn 0.1113 -0.9938 -0.0000
vn 0.1390 -0.9903 -0.0000
vn 0.1714 -0.9852 -0.0000
vn 0.2087 -0.9780 -0.0000
vn 0.2510 -0.9680 -0.0000
vn 0.2985 -0.9544 -0.0000
vn 0.3509 -0.9364 -0.0000
vn 0.4078 -0.9131 -0.0000
vn -0.0540 -0.9985 -0.0000
vn -0.5144 -0.8575 -0.0000
vn -0.4805 -0.8770 -0.0000
vn -0.4477 -0.8942 -0.0000
vn -0.4159 -0.9094 -0.0000
vn -0.3855 -0.9227 -0.0000
vn -0.3564 -0.9343 -0.0000
vn -0.3287 -0.9444 -0.0000
vn -0.3024 -0.9532 -0.0000
vn -0.2774 -0.9607 -0.0000
vn -0.2539 -0.9672 -0.0000
vn -0.2317 -0.9728 -0.0000
vn 0.4124 -0.9110 -0.0000
vn 0.8741 -0.4857 -0.0000
vn 0.8656 -0.5008 -0.0000
vn 0.8500 -0.5268 -0.0000
vn 0.8419 -0.5396 -0.0000
vn 0.8332 -0.5530 -0.0000
vn 0.8234 -0.5675 -0.0000
vn 0.8119 -0.5838 -0.0000
vn 0.7980 -0.6027 -0.0000
vn 0.7805 -0.6251 -0.0000
vn 0.7578 -0.6525 -0.0000
vn 0.9480 0.3184 -0.0000
vn 0.2000 0.9798 -0.0000
vn 0.2193 0.9757 -0.0000
vn 0.2399 0.9708 -0.0000
vn 0.2620 0.9651 -0.0000
vn 0.2856 0.9584 -0.0000
vn 0.3108 0.9505 -0.0000
vn 0.3376 0.9413 -0.0000
vn 0.3662 0.9305 -0.0000
vn 0.3965 0.9180 -0.0000
vn 0.4286 0.9035 -0.0000
vn 0.4624 0.8866 -0.0000
vn 0.9967 0.0809 -0.0000
vn 0.6273 -0.7787 -0.0000
vn 0.6519 -0.7583 -0.0000
vn 0.6761 -0.7368 -0.0000
vn 0.6999 -0.7142 -0.0000
vn 0.7232 -0.6906 -0.0000
vn 0.7459 -0.6661 -0.0000
vn 0.7678 -0.6407 -0.0000
vn 0.7888 -0.6147 -0.0000
vn 0.8089 -0.5880 -0.0000
vn 0.8279 -0.5609 -0.0000
vn 0.8458 -0.5334 -0.0000
vn 0.9495 0.3139 -0.0000
vn -0.2963 0.9551 -0.0000
vn -0.8245 0.5658 -0.0000
vn -0.8036 0.5952 -0.0000
vn -0.7814 0.6240 -0.0000
vn -0.7582 0.6520 -0.0000
vn -0.7342 0.6790 -0.0000
vn -0.7093 0.7049 -0.0000
vn -0.6840 0.7295 -0.0000
vn -0.6582 0.7528 -0.0000
vn -0.6322 0.7748 -0.0000
vn -0.6062 0.7953 -0.0000
vn -0.5804 0.8143 -0.0000
vn 0.0691 0.9976 -0.0000
vn 0.6741 0.7386 -0.0000
vn 0.9965 0.0834 -0.0000
vn 0.9977 0.0685 -0.0000
vn 0.9985 0.0552 -0.0000
vn 0.9991 0.0435 -0.0000
vn 0.9995 0.0331 -0.0000
vn 0.9997 0.0243 -0.0000
vn 0.9999 0.0169 -0.0000
vn 0.9999 0.0109 -0.0000
vn 1.0000 0.0062 -0.0000
vn 1.0000 0.0029 -0.0000
vn 1.0000 0.0001 -0.0000
vn -1.0000 -0.0020 -0.0000
vn -1.0000 -0.0076 -0.0000
vn -0.9999 -0.0147 -0.0000
vn -0.9998 -0.0211 -0.0000
vn -0.9996 -0.0270 -0.0000
vn -0.9995 -0.0323 -0.0000
vn -0.9993 -0.0369 -0.0000
vn -0.9992 -0.0408 -0.0000
vn -0.9990 -0.0440 -0.0000
vn -0.9989 -0.0465 -0.0000
vn -0.9988 -0.0484 -0.0000
vn -0.9988 -0.0495 -0.0000
vn -0.7245 0.6893 -0.0000
vn -0.8429 0.5380 -0.0000
vn -0.8507 0.5257 -0.0000
vn -0.8580 0.5136 -0.0000
vn -0.8652 0.5014 -0.0000
vn -0.8724 0.4888 -0.0000
vn -0.8798 0.4753 -0.0000
vn -0.8876 0.4606 -0.0000
vn -0.8961 0.4438 -0.0000
vn -0.9055 0.4244 -0.0000
vn -0.9160 0.4012 -0.0000
vn -0.9282 0.3722 -0.0000
vn -0.9454 -0.3258 -0.0000
vn 0.3247 -0.9458 -0.0000
vn 0.9284 -0.3716 -0.0000
vn 0.9184 -0.3957 -0.0000
vn 0.9098 -0.4150 -0.0000
vn 0.9024 -0.4309 -0.0000
vn 0.8898 -0.4563 -0.0000
vn 0.8843 -0.4670 -0.0000
vn 0.8790 -0.4769 -0.0000
vn 0.8738 -0.4863 -0.0000
vn 0.8686 -0.4955 -0.0000
vn 0.8632 -0.5048 -0.0000
vn 0.9625 0.2712 -0.0000
vn -0.2515 0.9679 -0.0000
vn -0.9393 -0.3432 -0.0000
vn -0.9282 -0.3722 -0.0000
vn -0.9168 -0.3994 -0.0000
vn -0.9050 -0.4254 -0.0000
vn -0.8928 -0.4505 -0.0000
vn -0.8799 -0.4751 -0.0000
vn -0.8661 -0.4998 -0.0000
vn -0.8512 -0.5249 -0.0000
vn -0.8160 -0.5781 -0.0000
vn -0.7945 -0.6073 -0.0000
vn -0.1069 -0.9943 -0.0000
vn 0.6265 -0.7794 -0.0000
vn 0.6157 -0.7880 -0.0000
vn 0.6070 -0.7947 -0.0000
vn 0.5993 -0.8005 -0.0000
vn 0.5921 -0.8058 -0.0000
vn 0.5851 -0.8110 -0.0000
vn 0.5776 -0.8163 -0.0000
vn 0.5695 -0.8220 -0.0000
vn 0.5601 -0.8284 -0.0000
vn 0.5486 -0.8361 -0.0000
vn 0.5338 -0.8456 -0.0000
vn 0.9893 -0.1456 -0.0000
vn 0.7632 0.6461 -0.0000
vn 0.7913 0.6115 -0.0000
vn 0.8159 0.5782 -0.0000
vn 0.8377 0.5462 -0.0000
vn 0.8570 0.5152 -0.0000
vn 0.8744 0.4852 -0.0000
vn 0.8901 0.4558 -0.0000
vn 0.9043 0.4270 -0.0000
vn 0.9172 0.3983 -0.0000
vn 0.9291 0.3697 -0.0000
vn 0.9401 0.3409 -0.0000
vn 0.4782 0.8782 -0.0000
vn -0.8787 0.4774 -0.0000
vn -0.9807 -0.1956 -0.0000
vn -0.3220 -0.9468 -0.0000
vn -0.3000 -0.9539 -0.0000
vn -0.2803 -0.9599 -0.0000
vn -0.2624 -0.9650 -0.0000
vn -0.2460 -0.9693 -0.0000
vn -0.2306 -0.9730 -0.0000
vn -0.2161 -0.9764 -0.0000
vn -0.2022 -0.9793 -0.0000
vn -0.1888 -0.9820 -0.0000
vn -0.1756 -0.9845 -0.0000
vn -0.1625 -0.9867 -0.0000
vn -0.7602 -0.6497 -0.0000
vn -1.0000 -0.0042 -0.0000
vn -0.9998 -0.0181 -0.0000
vn -0.9992 -0.0397 -0.0000
vn -0.9978 -0.0659 -0.0000
vn -0.9953 -0.0969 -0.0000
vn -0.9911 -0.1331 -0.0000
vn -0.9846 -0.1751 -0.0000
vn -0.9747 -0.2236 -0.0000
vn -0.9602 -0.2793 -0.0000
vn -0.9394 -0.3428 -0.0000
vn -0.9101 -0.4144 -0.0000
vn -0.8696 -0.4937 -0.0000
vn 0.7217 -0.6922 -0.0000
vn 0.6920 -0.7218 -0.0000
vn 0.6687 -0.7435 -0.0000
vn 0.6495 -0.7604 -0.0000
vn 0.6327 -0.7744 -0.0000
vn 0.6172 -0.7868 -0.0000
vn 0.6021 -0.7985 -0.0000
vn 0.5865 -0.8099 -0.0000
vn 0.5494 -0.8355 -0.0000
vn 0.5239 -0.8518 -0.0000
vn 0.9724 -0.2334 -0.0000
vn 0.8689 0.4950 -0.0000
vn 0.9097 0.4152 -0.0000
vn 0.9397 0.3420 -0.0000
vn 0.9610 0.2764 -0.0000
vn 0.9758 0.2184 -0.0000
vn 0.9858 0.1681 -0.0000
vn 0.9922 0.1248 -0.0000
vn 0.9961 0.0881 -0.0000
vn 0.9983 0.0576 -0.0000
vn 0.9995 0.0329 -0.0000
vn 0.9999 0.0141 -0.0000
vn 1.0000 0.0030 -0.0000
vn 0.7633 0.6461 -0.0000
vn 0.1716 0.9852 -0.0000
vn 0.1842 0.9829 -0.0000
vn 0.1968 0.9804 -0.0000
vn 0.2096 0.9778 -0.0000
vn 0.2231 0.9748 -0.0000
vn 0.2376 0.9714 -0.0000
vn 0.2535 0.9673 -0.0000
vn 0.2715 0.9624 -0.0000
vn 0.2924 0.9563 -0.0000
vn 0.3172 0.9484 -0.0000
vn 0.3477 0.9376 -0.0000
vn -0.1793 0.9838 -0.0000
vn -0.8716 0.4902 -0.0000
vn -0.8763 0.4817 -0.0000
vn -0.8809 0.4734 -0.0000
vn -0.8853 0.4650 -0.0000
vn -0.8898 0.4563 -0.0000
vn -0.8945 0.4471 -0.0000
vn -0.8993 0.4373 -0.0000
vn -0.9045 0.4265 -0.0000
vn -0.9101 0.4145 -0.0000
vn -0.9162 0.4008 -0.0000
vn -0.9230 0.3849 -0.0000
vn -0.5584 0.8296 -0.0000
vn 0.8297 0.5583 -0.0000
vn 0.9243 -0.3817 -0.0000
vn 0.9201 -0.3917 -0.0000
vn 0.9159 -0.4014 -0.0000
vn 0.9117 -0.4109 -0.0000
vn 0.9073 -0.4204 -0.0000
vn 0.9028 -0.4300 -0.0000
vn 0.8981 -0.4397 -0.0000
vn 0.8931 -0.4499 -0.0000
vn 0.8877 -0.4604 -0.0000
vn 0.8818 -0.4715 -0.0000
vn 0.8753 -0.4835 -0.0000
vn 0.9183 0.3959 -0.0000
vn -0.3934 0.9194 -0.0000
vn -0.9392 -0.3433 -0.0000
vn -0.9391 -0.3435 -0.0000
vn -0.9384 -0.3454 -0.0000
vn -0.9373 -0.3485 -0.0000
vn -0.9357 -0.3529 -0.0000
vn -0.9335 -0.3586 -0.0000
vn -0.9307 -0.3657 -0.0000
vn -0.9272 -0.3744 -0.0000
vn -0.9229 -0.3850 -0.0000
vn -0.9176 -0.3976 -0.0000
vn -0.8380 0.5457 -0.0000
vn -1.0000 -0.0090 -0.0000
vn -0.9992 -0.0396 -0.0000
vn -0.9961 -0.0887 -0.0000
vn -0.9887 -0.1501 -0.0000
vn -0.9744 -0.2250 -0.0000
vn -0.9496 -0.3134 -0.0000
vn -0.9108 -0.4129 -0.0000
vn -0.8552 -0.5183 -0.0000
vn -0.7829 -0.6222 -0.0000
vn -0.6976 -0.7165 -0.0000
vn -0.6062 -0.7953 -0.0000
vn -0.5161 -0.8565 -0.0000
vn -0.4322 -0.9018 -0.0000
vn -0.3549 -0.9349 -0.0000
vn -0.2850 -0.9585 -0.0000
vn -0.2239 -0.9746 -0.0000
vn -0.1720 -0.9851 -0.0000
vn -0.1288 -0.9917 -0.0000
vn -0.0935 -0.9956 -0.0000
vn -0.0652 -0.9979 -0.0000
vn -0.0430 -0.9991 -0.0000
vn -0.0261 -0.9997 -0.0000
vn -0.0138 -0.9999 -0.0000
vn -0.0055 -1.0000 -0.0000
vn 0.6551 -0.7555 -0.0000
vn 0.9865 -0.1640 -0.0000
vn 0.9781 -0.2082 -0.0000
vn 0.9696 -0.2445 -0.0000
vn 0.9613 -0.2755 -0.0000
vn 0.9530 -0.3031 -0.0000
vn 0.9446 -0.3283 -0.0000
vn 0.9358 -0.3525 -0.0000
vn 0.9265 -0.3762 -0.0000
vn 0.9163 -0.4005 -0.0000
vn 0.9046 -0.4262 -0.0000
vn 0.8908 -0.4544 -0.0000
vn 0.8502 0.5265 -0.0000
vn -0.0243 0.9997 -0.0000
vn -0.0201 0.9998 -0.0000
vn -0.0156 0.9999 -0.0000
vn -0.0109 0.9999 -0.0000
vn 0.0001 1.0000 -0.0000
vn 0.0069 1.0000 -0.0000
vn 0.0150 0.9999 -0.0000
vn 0.0254 0.9997 -0.0000
vn 0.0394 0.9992 -0.0000
vn 0.0600 0.9982 -0.0000
vn 0.0501 0.9987 -0.0000
vn 0.0640 0.9980 -0.0000
vn 0.1510 0.9885 -0.0000
vn 0.2699 0.9629 -0.0000
vn 0.4213 0.9069 -0.0000
vn 0.5919 0.8060 -0.0000
vn 0.7515 0.6598 -0.0000
vn 0.8711 0.4911 -0.0000
vn 0.9431 0.3326 -0.0000
vn 0.9788 0.2047 -0.0000
vn 0.9939 0.1106 -0.0000
vn 0.9990 0.0455 -0.0000
vn 1.0000 0.0096 -0.0000
vn 0.5591 0.8291 -0.0000
vn 0.9295 0.3687 -0.0000
vn 0.9340 0.3572 -0.0000
vn 0.9379 0.3470 -0.0000
vn 0.9413 0.3376 -0.0000
vn 0.9444 0.3287 -0.0000
vn 0.9474 0.3199 -0.0000
vn 0.9504 0.3111 -0.0000
vn 0.9534 0.3018 -0.0000
vn 0.9565 0.2918 -0.0000
vn 0.9598 0.2806 -0.0000
vn 0.9635 0.2676 -0.0000
vn 0.5210 0.8535 -0.0000
vn -0.8755 0.4832 -0.0000
vn -0.9128 0.4083 -0.0000
vn -0.9247 0.3806 -0.0000
vn -0.9347 0.3555 -0.0000
vn -0.9432 0.3323 -0.0000
vn -0.9507 0.3102 -0.0000
vn -0.9574 0.2887 -0.0000
vn -0.9636 0.2672 -0.0000
vn -0.9695 0.2450 -0.0000
vn -0.9752 0.2214 -0.0000
vn -0.9807 0.1953 -0.0000
vn -0.9862 0.1653 -0.0000
vn -0.8389 -0.5442 -0.0000
vn 0.5566 -0.8308 -0.0000
vn 0.9908 -0.1352 -0.0000
vn 0.9819 -0.1894 -0.0000
vn 0.9771 -0.2126 -0.0000
vn 0.9721 -0.2345 -0.0000
vn 0.9667 -0.2559 -0.0000
vn 0.9607 -0.2775 -0.0000
vn 0.9541 -0.2996 -0.0000
vn 0.9464 -0.3229 -0.0000
vn 0.9375 -0.3481 -0.0000
vn 0.9267 -0.3758 -0.0000
vn 0.8906 0.4548 -0.0000
vn -0.4388 0.8986 -0.0000
vn -0.9992 -0.0400 -0.0000
vn -0.9993 -0.0366 -0.0000
vn -0.9994 -0.0337 -0.0000
vn -0.9995 -0.0310 -0.0000
vn -0.9996 -0.0285 -0.0000
vn -0.9997 -0.0258 -0.0000
vn -0.9997 -0.0230 -0.0000
vn -0.9998 -0.0199 -0.0000
vn -0.9999 -0.0163 -0.0000
vn -0.9999 -0.0120 -0.0000
vn -0.9997 0.0253 -0.0000
vn -0.9933 0.1152 -0.0000
vn -0.9697 0.2444 -0.0000
vn -0.9228 0.3852 -0.0000
vn -0.8487 0.5288 -0.0000
vn -0.7485 0.6631 -0.0000
vn -0.6294 0.7771 -0.0000
vn -0.5024 0.8646 -0.0000
vn -0.3782 0.9257 -0.0000
vn -0.2640 0.9645 -0.0000
vn -0.1632 0.9866 -0.0000
vn -0.0761 0.9971 -0.0000
vn 0.0057 1.0000 -0.0000
vn 0.0965 0.9953 -0.0000
vn 0.1957 0.9807 -0.0000
vn 0.2947 0.9556 -0.0000
vn 0.3898 0.9209 -0.0000
vn 0.4780 0.8784 -0.0000
vn 0.5569 0.8306 -0.0000
vn 0.6252 0.7805 -0.0000
vn 0.6828 0.7306 -0.0000
vn 0.7303 0.6832 -0.0000
vn 0.7684 0.6399 -0.0000
vn 0.7984 0.6021 -0.0000
vn 0.0367 0.9993 -0.0000
vn -0.9997 0.0233 -0.0000
vn -0.7802 -0.6255 -0.0000
vn -0.7461 -0.6658 -0.0000
vn -0.7052 -0.7090 -0.0000
vn -0.6568 -0.7540 -0.0000
vn -0.6001 -0.7999 -0.0000
vn -0.5346 -0.8451 -0.0000
vn -0.4602 -0.8878 -0.0000
vn -0.3775 -0.9260 -0.0000
vn -0.2879 -0.9577 -0.0000
vn -0.1933 -0.9811 -0.0000
vn -0.0964 -0.9953 -0.0000
vn -0.0056 -1.0000 -0.0000
vn 0.0773 -0.9970 -0.0000
vn 0.1662 -0.9861 -0.0000
vn 0.2691 -0.9631 -0.0000
vn 0.3854 -0.9228 -0.0000
vn 0.5112 -0.8594 -0.0000
vn 0.6388 -0.7694 -0.0000
vn 0.7570 -0.6534 -0.0000
vn 0.8551 -0.5184 -0.0000
vn 0.9266 -0.3760 -0.0000
vn 0.9713 -0.2377 -0.0000
vn 0.9937 -0.1117 -0.0000
vn 0.9997 -0.0237 -0.0000
vn 0.9999 0.0155 -0.0000
vn 0.9998 0.0201 -0.0000
vn 0.9997 0.0232 -0.0000
vn 0.9997 0.0252 -0.0000
vn 0.9997 0.0262 -0.0000
vn 0.9997 0.0251 -0.0000
vn 0.9997 0.0227 -0.0000
vn 0.9998 0.0184 -0.0000
vn 0.9999 0.0113 -0.0000
vn 1.0000 0.0011 -0.0000
vn 1.0000 -0.0096 -0.0000
vn 0.9998 -0.0200 -0.0000
vn 0.9995 -0.0313 -0.0000
vn 0.9990 -0.0437 -0.0000
vn 0.9984 -0.0574 -0.0000
vn 0.9974 -0.0725 -0.0000
vn 0.9960 -0.0891 -0.0000
vn 0.9942 -0.1074 -0.0000
vn 0.9918 -0.1277 -0.0000
vn 0.9887 -0.1502 -0.0000
vn 0.9845 -0.1752 -0.0000
vn 0.7677 0.6408 -0.0000
vn -0.7596 0.6504 -0.0000
vn -0.9903 -0.1388 -0.0000
vn -0.9918 -0.1281 -0.0000
vn -0.9930 -0.1177 -0.0000
vn -0.9942 -0.1077 -0.0000
vn -0.9952 -0.0977 -0.0000
vn -0.9961 -0.0879 -0.0000
vn -0.9969 -0.0783 -0.0000
vn -0.9976 -0.0687 -0.0000
vn -0.9982 -0.0591 -0.0000
vn -0.9988 -0.0496 -0.0000
vn -0.9993 -0.0385 -0.0000
vn 0.0093 1.0000 -0.0000
vn 0.0145 0.9999 -0.0000
vn 0.0202 0.9998 -0.0000
vn 0.0224 0.9998 -0.0000
vn 0.0245 0.9997 -0.0000
vn 0.0269 0.9996 -0.0000
vn 0.0334 0.9994 -0.0000
vn 0.0388 0.9992 -0.0000
vn 0.0478 0.9989 -0.0000
vn 0.0857 0.9963 -0.0000
vn 0.1193 0.9929 -0.0000
vn 0.1228 0.9924 -0.0000
vn 0.1274 0.9919 -0.0000
vn 0.1331 0.9911 -0.0000
vn 0.1401 0.9901 -0.0000
vn 0.1486 0.9889 -0.0000
vn 0.1713 0.9852 -0.0000
vn 0.2051 0.9787 -0.0000
vn 0.2287 0.9735 -0.0000
vn -0.9827 -0.1855 -0.0000
vn -0.4938 -0.8696 -0.0000
vn -0.5095 -0.8605 -0.0000
vn -0.5330 -0.8461 -0.0000
vn -0.5426 -0.8400 -0.0000
vn -0.5517 -0.8340 -0.0000
vn -0.5607 -0.8280 -0.0000
vn -0.5699 -0.8217 -0.0000
vn -0.5801 -0.8145 -0.0000
vn -0.5919 -0.8060 -0.0000
vn -0.6064 -0.7952 -0.0000
vn -0.6279 -0.7783 -0.0000
vn -0.6401 -0.7683 -0.0000
vn -0.6384 -0.7697 -0.0000
vn -0.6371 -0.7708 -0.0000
vn -0.6361 -0.7716 -0.0000
vn -0.6353 -0.7723 -0.0000
vn -0.6346 -0.7728 -0.0000
vn -0.6342 -0.7732 -0.0000
vn -0.6338 -0.7735 -0.0000
vn -0.6336 -0.7736 -0.0000
vn -0.6335 -0.7737 -0.0000
vn -0.6336 -0.7737 -0.0000
vn -0.8713 0.4907 -0.0000
vn 0.3189 0.9478 -0.0000
vn 0.2902 0.9570 -0.0000
vn 0.2614 0.9652 -0.0000
vn 0.2325 0.9726 -0.0000
vn 0.2035 0.9791 -0.0000
vn 0.1745 0.9847 -0.0000
vn 0.1454 0.9894 -0.0000
vn 0.1164 0.9932 -0.0000
vn 0.0873 0.9962 -0.0000
vn 0.0583 0.9983 -0.0000
vn 0.0292 0.9996 -0.0000
vn -0.0163 0.9999 -0.0000
vn -0.0968 0.9953 -0.0000
vn -0.1983 0.9801 -0.0000
vn -0.3044 0.9525 -0.0000
vn -0.4139 0.9103 -0.0000
vn -0.5247 0.8513 -0.0000
vn -0.6336 0.7737 -0.0000
vn -0.7362 0.6767 -0.0000
vn -0.8276 0.5613 -0.0000
vn -0.9027 0.4303 -0.0000
vn -0.9574 0.2889 -0.0000
vn -0.9896 0.1436 -0.0000
vn -1.0000 -0.0072 -0.0000
vn -0.9844 -0.1761 -0.0000
vn -0.9334 -0.3589 -0.0000
vn -0.8455 -0.5339 -0.0000
vn -0.5982 -0.8014 -0.0000
vn -0.4670 -0.8843 -0.0000
vn -0.3447 -0.9387 -0.0000
vn -0.2352 -0.9719 -0.0000
vn -0.1394 -0.9902 -0.0000
vn -0.0559 -0.9984 -0.0000
vn 0.0168 -0.9999 -0.0000
vn 0.7653 0.6437 -0.0000
vn -0.0615 0.9981 -0.0000
vn 0.0054 1.0000 -0.0000
vn 0.0810 0.9967 -0.0000
vn 0.1676 0.9859 -0.0000
vn 0.3821 0.9241 -0.0000
vn 0.5119 0.8591 -0.0000
vn 0.6518 0.7584 -0.0000
vn 0.7893 0.6139 -0.0000
vn 0.9042 0.4272 -0.0000
vn 0.9767 0.2146 -0.0000
vn 0.9999 0.0163 -0.0000
vn 0.9892 -0.1469 -0.0000
vn 0.9551 -0.2962 -0.0000
vn 0.8973 -0.4413 -0.0000
vn 0.8182 -0.5750 -0.0000
vn 0.7225 -0.6914 -0.0000
vn 0.6163 -0.7875 -0.0000
vn 0.5056 -0.8628 -0.0000
vn 0.3950 -0.9187 -0.0000
vn 0.2877 -0.9577 -0.0000
vn 0.1857 -0.9826 -0.0000
vn 0.0899 -0.9959 -0.0000
vn 0.0002 -1.0000 -0.0000
vn -0.0894 -0.9960 -0.0000
vn -0.1835 -0.9830 -0.0000
vn -0.2788 -0.9604 -0.0000
vn -0.3701 -0.9290 -0.0000
vn -0.4526 -0.8917 -0.0000
vn -0.5232 -0.8522 -0.0000
vn -0.5803 -0.8144 -0.0000
vn -0.6241 -0.7814 -0.0000
vn -0.6556 -0.7551 -0.0000
vn -0.6764 -0.7365 -0.0000
vn 0.0150 -0.9999 -0.0000
vn 0.9980 0.0628 -0.0000
vn 0.6224 0.7827 -0.0000
vn 0.6281 0.7781 -0.0000
vn 0.6329 0.7742 -0.0000
vn 0.6374 0.7705 -0.0000
vn 0.6418 0.7668 -0.0000
vn 0.6465 0.7629 -0.0000
vn 0.6517 0.7585 -0.0000
vn 0.6578 0.7532 -0.0000
vn 0.6656 0.7463 -0.0000
vn 0.6762 0.7368 -0.0000
vn 0.6918 0.7221 -0.0000
vn 0.9161 -0.4009 -0.0000
vn -0.0470 -0.9989 -0.0000
vn -0.0459 -0.9989 -0.0000
vn -0.0453 -0.9990 -0.0000
vn -0.0451 -0.9990 -0.0000
vn -0.0454 -0.9990 -0.0000
vn -0.0458 -0.9989 -0.0000
vn -0.0466 -0.9989 -0.0000
vn -0.0478 -0.9989 -0.0000
vn -0.0498 -0.9988 -0.0000
vn -0.0534 -0.9986 -0.0000
vn -0.0537 -0.9986 -0.0000
vn -0.0573 -0.9984 -0.0000
vn -0.0678 -0.9977 -0.0000
vn -0.0771 -0.9970 -0.0000
vn -0.0855 -0.9963 -0.0000
vn -0.0933 -0.9956 -0.0000
vn -0.1004 -0.9949 -0.0000
vn -0.1073 -0.9942 -0.0000
vn -0.1139 -0.9935 -0.0000
vn -0.1205 -0.9927 -0.0000
vn -0.1272 -0.9919 -0.0000
vn -0.1341 -0.9910 -0.0000
vn 0.6476 -0.7620 -0.0000
vn 0.6786 0.7345 -0.0000
vn -0.0957 0.9954 -0.0000
vn -0.0825 0.9966 -0.0000
vn -0.0708 0.9975 -0.0000
vn -0.0603 0.9982 -0.0000
vn -0.0508 0.9987 -0.0000
vn -0.0422 0.9991 -0.0000
vn -0.0341 0.9994 -0.0000
vn -0.0266 0.9996 -0.0000
vn -0.0195 0.9998 -0.0000
vn -0.0128 0.9999 -0.0000
vn -0.0063 1.0000 -0.0000
vn 0.0015 1.0000 -0.0000
vn -0.2316 0.9728 -0.0000
vn -0.4609 0.8875 -0.0000
vn -0.6545 0.7561 -0.0000
vn -0.7933 0.6088 -0.0000
vn -0.8819 0.4714 -0.0000
vn -0.9349 0.3550 -0.0000
vn -0.9655 0.2605 -0.0000
vn -0.9828 0.1846 -0.0000
vn -0.9923 0.1237 -0.0000
vn -0.9972 0.0744 -0.0000
vn -0.9994 0.0341 -0.0000
vn -1.0000 0.0060 -0.0000
vn -1.0000 -0.0079 -0.0000
vn -0.9999 -0.0162 -0.0000
vn -0.9997 -0.0251 -0.0000
vn -0.9994 -0.0347 -0.0000
vn -0.9990 -0.0449 -0.0000
vn -0.9984 -0.0560 -0.0000
vn -0.9977 -0.0679 -0.0000
vn -0.9967 -0.0810 -0.0000
vn -0.9955 -0.0952 -0.0000
vn -0.9939 -0.1107 -0.0000
vn -0.9918 -0.1278 -0.0000
vn -0.9901 -0.1404 -0.0000
vn -0.9897 -0.1429 -0.0000
vn -0.9886 -0.1507 -0.0000
vn -0.9852 -0.1714 -0.0000
vn -0.9799 -0.1993 -0.0000
vn -0.9715 -0.2370 -0.0000
vn -0.9576 -0.2880 -0.0000
vn -0.9341 -0.3569 -0.0000
vn -0.8934 -0.4492 -0.0000
vn -0.8219 -0.5696 -0.0000
vn -0.6999 -0.7143 -0.0000
vn -0.5099 -0.8603 -0.0000
vn 0.2624 -0.9650 -0.0000
vn 0.5099 -0.8602 -0.0000
vn 0.6999 -0.7143 -0.0000
vn 0.8219 -0.5696 -0.0000
vn 0.8934 -0.4493 -0.0000
vn 0.9341 -0.3570 -0.0000
vn 0.9576 -0.2880 -0.0000
vn 0.9715 -0.2370 -0.0000
vn 0.9799 -0.1993 -0.0000
vn 0.9852 -0.1714 -0.0000
vn 0.9886 -0.1508 -0.0000
vn 0.9897 -0.1429 -0.0000
vn 0.9901 -0.1404 -0.0000
vn 0.9918 -0.1278 -0.0000
vn 0.9939 -0.1107 -0.0000
vn 0.9955 -0.0952 -0.0000
vn 0.9967 -0.0810 -0.0000
vn 0.9977 -0.0679 -0.0000
vn 0.9984 -0.0560 -0.0000
vn 0.9990 -0.0449 -0.0000
vn 0.9997 -0.0251 -0.0000
vn 1.0000 -0.0079 -0.0000
vn 0.9994 0.0341 -0.0000
vn 0.9972 0.0745 -0.0000
vn 0.9923 0.1237 -0.0000
vn 0.9828 0.1846 -0.0000
vn 0.9655 0.2605 -0.0000
vn 0.9349 0.3550 -0.0000
vn 0.8819 0.4714 -0.0000
vn 0.7933 0.6088 -0.0000
vn 0.6545 0.7561 -0.0000
vn 0.4609 0.8875 -0.0000
vn 0.2316 0.9728 -0.0000
vn -0.9908 -0.1350 -0.0000
vn -0.9639 -0.2661 -0.0000
vn -0.9206 -0.3905 -0.0000
vn -0.8624 -0.5062 -0.0000
vn -0.7909 -0.6120 -0.0000
vn -0.6120 -0.7908 -0.0000
vn -0.5062 -0.8624 -0.0000
vn -0.3905 -0.9206 -0.0000
vn -0.2662 -0.9639 -0.0000
vn -0.1349 -0.9909 -0.0000
vn 0.1349 -0.9909 -0.0000
vn 0.2662 -0.9639 -0.0000
vn 0.3906 -0.9206 -0.0000
vn 0.5062 -0.8624 -0.0000
vn 0.6120 -0.7909 -0.0000
vn 0.7909 -0.6120 -0.0000
vn 0.8624 -0.5062 -0.0000
vn 0.9206 -0.3905 -0.0000
vn 0.9639 -0.2662 -0.0000
vn 0.9909 -0.1349 -0.0000
vn 0.9909 0.1349 -0.0000
vn 0.9639 0.2661 -0.0000
vn 0.9206 0.3905 -0.0000
vn 0.8624 0.5062 -0.0000
vn 0.7909 0.6120 -0.0000
vn 0.6120 0.7909 -0.0000
vn 0.5062 0.8624 -0.0000
vn 0.3906 0.9206 -0.0000
vn 0.2662 0.9639 -0.0000
vn 0.1349 0.9909 -0.0000
vn -0.1349 0.9909 -0.0000
vn -0.2662 0.9639 -0.0000
vn -0.3906 0.9206 -0.0000
vn -0.5062 0.8624 -0.0000
vn -0.6120 0.7909 -0.0000
vn -0.7909 0.6120 -0.0000
vn -0.8624 0.5062 -0.0000
vn -0.9206 0.3905 -0.0000
vn -0.9909 0.1349 -0.0000
vn -1.0000 -0.0001 -0.0000
vn -0.9655 0.2604 -0.0000
vn -0.9923 0.1238 -0.0000
vn -0.9994 -0.0346 -0.0000
vn -0.8934 -0.4493 -0.0000
vn -0.6999 -0.7142 -0.0000
vn -0.5099 -0.8602 -0.0000
vn 0.9341 -0.3569 -0.0000
vn 0.9994 -0.0346 -0.0000
vn 0.9972 0.0744 -0.0000
vn 0.9923 0.1238 -0.0000
vn -0.9639 -0.2662 -0.0000
vn 0.3905 -0.9206 -0.0000
vn 0.6120 -0.7908 -0.0000
vn 0.9639 0.2662 -0.0000
vn -0.2661 0.9639 -0.0000
vt 0.991736 0.000000
vt 0.396694 0.000000
vt 1.000000 0.000000
vt 0.983471 0.000000
vt 0.404959 0.000000
vt 0.975207 0.000000
vt 0.413223 0.000000
vt 0.966942 0.000000
vt 0.421488 0.000000
vt 0.958678 0.000000
vt 0.429752 0.000000
vt 0.950413 0.000000
vt 0.438017 0.000000
vt 0.942149 0.000000
vt 0.446281 0.000000
vt 0.933884 0.000000
vt 0.454545 0.000000
vt 0.925620 0.000000
vt 0.462810 0.000000
vt 0.917355 0.000000
vt 0.471074 0.000000
vt 0.909091 0.000000
vt 0.479339 0.000000
vt 0.900826 0.000000
vt 0.487603 0.000000
vt 0.892562 0.000000
vt 0.495868 0.000000
vt 0.504132 0.000000
vt 0.884298 0.000000
vt 0.512397 0.000000
vt 0.876033 0.000000
vt 0.520661 0.000000
vt 0.867769 0.000000
vt 0.528926 0.000000
vt 0.859504 0.000000
vt 0.851240 0.000000
vt 0.537190 0.000000
vt 0.842975 0.000000
vt 0.545455 0.000000
vt 0.834711 0.000000
vt 0.553719 0.000000
vt 0.826446 0.000000
vt 0.561983 0.000000
vt 0.818182 0.000000
vt 0.570248 0.000000
vt 0.809917 0.000000
vt 0.578512 0.000000
vt 0.801653 0.000000
vt 0.586777 0.000000
vt 0.793388 0.000000
vt 0.595041 0.000000
vt 0.785124 0.000000
vt 0.603306 0.000000
vt 0.776860 0.000000
vt 0.611570 0.000000
vt 0.768595 0.000000
vt 0.619835 0.000000
vt 0.760331 0.000000
vt 0.628099 0.000000
vt 0.752066 0.000000
vt 0.636364 0.000000
vt 0.743802 0.000000
vt 0.644628 0.000000
vt 0.735537 0.000000
vt 0.652893 0.000000
vt 0.727273 0.000000
vt 0.661157 0.000000
vt 0.719008 0.000000
vt 0.669421 0.000000
vt 0.710744 0.000000
vt 0.677686 0.000000
vt 0.702479 0.000000
vt 0.685950 0.000000
vt 0.694215 0.000000
vt 0.280992 0.000000
vt 0.297521 0.000000
vt 0.289256 0.000000
vt 0.272727 0.000000
vt 0.305785 0.000000
vt 0.264463 0.000000
vt 0.314050 0.000000
vt 0.256198 0.000000
vt 0.322314 0.000000
vt 0.247934 0.000000
vt 0.330579 0.000000
vt 0.239669 0.000000
vt 0.338843 0.000000
vt 0.231405 0.000000
vt 0.347107 0.000000
vt 0.223140 0.000000
vt 0.355372 0.000000
vt 0.214876 0.000000
vt 0.363636 0.000000
vt 0.206612 0.000000
vt 0.371901 0.000000
vt 0.198347 0.000000
vt 0.380165 0.000000
vt 0.190083 0.000000
vt 0.388430 0.000000
vt 0.181818 0.000000
vt 0.000000 0.000000
vt 0.173554 0.000000
vt 0.008264 0.000000
vt 0.165289 0.000000
vt 0.016529 0.000000
vt 0.157025 0.000000
vt 0.024793 0.000000
vt 0.148760 0.000000
vt 0.033058 0.000000
vt 0.140496 0.000000
vt 0.041322 0.000000
vt 0.132231 0.000000
vt 0.049587 0.000000
vt 0.123967 0.000000
vt 0.057851 0.000000
vt 0.115702 0.000000
vt 0.066116 0.000000
vt 0.107438 0.000000
vt 0.074380 0.000000
vt 0.099174 0.000000
vt 0.082645 0.000000
vt 0.090909 0.000000
vt 0.128655 0.000000
vt 0.140351 0.000000
vt 0.134503 0.000000
vt 0.122807 0.000000
vt 0.116959 0.000000
vt 0.111111 0.000000
vt 0.105263 0.000000
vt 0.099415 0.000000
vt 0.093567 0.000000
vt 0.087719 0.000000
vt 0.081871 0.000000
vt 0.076023 0.000000
vt 0.070175 0.000000
vt 0.064327 0.000000
vt 0.058480 0.000000
vt 0.052632 0.000000
vt 0.046784 0.000000
vt 0.040936 0.000000
vt 0.035088 0.000000
vt 0.029240 0.000000
vt 0.023392 0.000000
vt 0.923977 0.000000
vt 0.935673 0.000000
vt 0.929825 0.000000
vt 0.941520 0.000000
vt 0.017544 0.000000
vt 0.947368 0.000000
vt 0.953216 0.000000
vt 0.011696 0.000000
vt 0.959064 0.000000
vt 0.964912 0.000000
vt 0.005848 0.000000
vt 0.970760 0.000000
vt 0.976608 0.000000
vt 0.982456 0.000000
vt 0.988304 0.000000
vt 0.994152 0.000000
vt 0.918129 0.000000
vt 0.912281 0.000000
vt 0.906433 0.000000
vt 0.900585 0.000000
vt 0.894737 0.000000
vt 0.888889 0.000000
vt 0.883041 0.000000
vt 0.877193 0.000000
vt 0.871345 0.000000
vt 0.865497 0.000000
vt 0.146199 0.000000
vt 0.152047 0.000000
vt 0.157895 0.000000
vt 0.859649 0.000000
vt 0.163743 0.000000
vt 0.847953 0.000000
vt 0.169591 0.000000
vt 0.842105 0.000000
vt 0.836257 0.000000
vt 0.830409 0.000000
vt 0.175439 0.000000
vt 0.824561 0.000000
vt 0.783626 0.000000
vt 0.181287 0.000000
vt 0.187135 0.000000
vt 0.192982 0.000000
vt 0.818713 0.000000
vt 0.789474 0.000000
vt 0.777778 0.000000
vt 0.795322 0.000000
vt 0.812865 0.000000
vt 0.801170 0.000000
vt 0.198830 0.000000
vt 0.807018 0.000000
vt 0.204678 0.000000
vt 0.210526 0.000000
vt 0.216374 0.000000
vt 0.853801 0.000000
vt 0.771930 0.000000
vt 0.222222 0.000000
vt 0.228070 0.000000
vt 0.766082 0.000000
vt 0.233918 0.000000
vt 0.239766 0.000000
vt 0.760234 0.000000
vt 0.245614 0.000000
vt 0.251462 0.000000
vt 0.754386 0.000000
vt 0.257310 0.000000
vt 0.748538 0.000000
vt 0.263158 0.000000
vt 0.269006 0.000000
vt 0.274854 0.000000
vt 0.742690 0.000000
vt 0.345029 0.000000
vt 0.356725 0.000000
vt 0.350877 0.000000
vt 0.339181 0.000000
vt 0.333333 0.000000
vt 0.327485 0.000000
vt 0.362573 0.000000
vt 0.321637 0.000000
vt 0.315789 0.000000
vt 0.309942 0.000000
vt 0.368421 0.000000
vt 0.304094 0.000000
vt 0.280702 0.000000
vt 0.298246 0.000000
vt 0.292398 0.000000
vt 0.374269 0.000000
vt 0.286550 0.000000
vt 0.380117 0.000000
vt 0.736842 0.000000
vt 0.637427 0.000000
vt 0.385965 0.000000
vt 0.631579 0.000000
vt 0.391813 0.000000
vt 0.643275 0.000000
vt 0.625731 0.000000
vt 0.649123 0.000000
vt 0.730994 0.000000
vt 0.619883 0.000000
vt 0.654971 0.000000
vt 0.614035 0.000000
vt 0.660819 0.000000
vt 0.397661 0.000000
vt 0.608187 0.000000
vt 0.666667 0.000000
vt 0.602339 0.000000
vt 0.672515 0.000000
vt 0.403509 0.000000
vt 0.725146 0.000000
vt 0.596491 0.000000
vt 0.678363 0.000000
vt 0.590643 0.000000
vt 0.409357 0.000000
vt 0.584795 0.000000
vt 0.684211 0.000000
vt 0.719298 0.000000
vt 0.578947 0.000000
vt 0.415205 0.000000
vt 0.690058 0.000000
vt 0.713450 0.000000
vt 0.573099 0.000000
vt 0.695906 0.000000
vt 0.421053 0.000000
vt 0.567251 0.000000
vt 0.707602 0.000000
vt 0.701754 0.000000
vt 0.561404 0.000000
vt 0.426901 0.000000
vt 0.555556 0.000000
vt 0.432749 0.000000
vt 0.549708 0.000000
vt 0.438596 0.000000
vt 0.543860 0.000000
vt 0.538012 0.000000
vt 0.444444 0.000000
vt 0.532164 0.000000
vt 0.450292 0.000000
vt 0.526316 0.000000
vt 0.520468 0.000000
vt 0.514620 0.000000
vt 0.491228 0.000000
vt 0.502924 0.000000
vt 0.497076 0.000000
vt 0.456140 0.000000
vt 0.508772 0.000000
vt 0.461988 0.000000
vt 0.467836 0.000000
vt 0.473684 0.000000
vt 0.479532 0.000000
vt 0.485380 0.000000
vt 0.855670 0.000000
vt 0.876289 0.000000
vt 0.865979 0.000000
vt 0.886598 0.000000
vt 0.845361 0.000000
vt 0.896907 0.000000
vt 0.835052 0.000000
vt 0.907216 0.000000
vt 0.824742 0.000000
vt 0.917526 0.000000
vt 0.814433 0.000000
vt 0.927835 0.000000
vt 0.804124 0.000000
vt 0.938144 0.000000
vt 0.793814 0.000000
vt 0.948454 0.000000
vt 0.783505 0.000000
vt 0.958763 0.000000
vt 0.773196 0.000000
vt 0.969072 0.000000
vt 0.762887 0.000000
vt 0.979381 0.000000
vt 0.752577 0.000000
vt 0.989691 0.000000
vt 0.742268 0.000000
vt 0.731959 0.000000
vt 0.721649 0.000000
vt 0.010309 0.000000
vt 0.711340 0.000000
vt 0.020619 0.000000
vt 0.701031 0.000000
vt 0.030928 0.000000
vt 0.690722 0.000000
vt 0.041237 0.000000
vt 0.680412 0.000000
vt 0.051546 0.000000
vt 0.061856 0.000000
vt 0.670103 0.000000
vt 0.072165 0.000000
vt 0.659794 0.000000
vt 0.082474 0.000000
vt 0.649485 0.000000
vt 0.092784 0.000000
vt 0.639175 0.000000
vt 0.103093 0.000000
vt 0.628866 0.000000
vt 0.350515 0.000000
vt 0.371134 0.000000
vt 0.360825 0.000000
vt 0.113402 0.000000
vt 0.340206 0.000000
vt 0.618557 0.000000
vt 0.329897 0.000000
vt 0.123711 0.000000
vt 0.608247 0.000000
vt 0.381443 0.000000
vt 0.319588 0.000000
vt 0.134021 0.000000
vt 0.391753 0.000000
vt 0.309278 0.000000
vt 0.597938 0.000000
vt 0.144330 0.000000
vt 0.402062 0.000000
vt 0.298969 0.000000
vt 0.154639 0.000000
vt 0.587629 0.000000
vt 0.288660 0.000000
vt 0.412371 0.000000
vt 0.164948 0.000000
vt 0.278351 0.000000
vt 0.175258 0.000000
vt 0.422680 0.000000
vt 0.577320 0.000000
vt 0.185567 0.000000
vt 0.268041 0.000000
vt 0.195876 0.000000
vt 0.257732 0.000000
vt 0.432990 0.000000
vt 0.206186 0.000000
vt 0.567010 0.000000
vt 0.247423 0.000000
vt 0.216495 0.000000
vt 0.226804 0.000000
vt 0.237113 0.000000
vt 0.443299 0.000000
vt 0.556701 0.000000
vt 0.453608 0.000000
vt 0.546392 0.000000
vt 0.463918 0.000000
vt 0.536082 0.000000
vt 0.525773 0.000000
vt 0.474227 0.000000
vt 0.515464 0.000000
vt 0.484536 0.000000
vt 0.505155 0.000000
vt 0.494845 0.000000
vt 0.558621 0.000000
vt 0.462069 0.000000
vt 0.562069 0.000000
vt 0.465517 0.000000
vt 0.555172 0.000000
vt 0.468966 0.000000
vt 0.455172 0.000000
vt 0.217241 0.000000
vt 0.458621 0.000000
vt 0.551724 0.000000
vt 0.472414 0.000000
vt 0.451724 0.000000
vt 0.548276 0.000000
vt 0.475862 0.000000
vt 0.448276 0.000000
vt 0.544828 0.000000
vt 0.444828 0.000000
vt 0.479310 0.000000
vt 0.541379 0.000000
vt 0.441379 0.000000
vt 0.537931 0.000000
vt 0.482759 0.000000
vt 0.437931 0.000000
vt 0.534483 0.000000
vt 0.486207 0.000000
vt 0.434483 0.000000
vt 0.531034 0.000000
vt 0.431034 0.000000
vt 0.489655 0.000000
vt 0.220690 0.000000
vt 0.527586 0.000000
vt 0.427586 0.000000
vt 0.493103 0.000000
vt 0.424138 0.000000
vt 0.224138 0.000000
vt 0.524138 0.000000
vt 0.420690 0.000000
vt 0.496552 0.000000
vt 0.227586 0.000000
vt 0.520690 0.000000
vt 0.417241 0.000000
vt 0.231034 0.000000
vt 0.413793 0.000000
vt 0.258621 0.000000
vt 0.500000 0.000000
vt 0.517241 0.000000
vt 0.234483 0.000000
vt 0.510345 0.000000
vt 0.513793 0.000000
vt 0.503448 0.000000
vt 0.506897 0.000000
vt 0.237931 0.000000
vt 0.241379 0.000000
vt 0.244828 0.000000
vt 0.248276 0.000000
vt 0.251724 0.000000
vt 0.255172 0.000000
vt 0.262069 0.000000
vt 0.903448 0.000000
vt 0.910345 0.000000
vt 0.906897 0.000000
vt 0.996552 0.000000
vt 0.913793 0.000000
vt 0.900000 0.000000
vt 0.917241 0.000000
vt 0.565517 0.000000
vt 0.993103 0.000000
vt 0.896552 0.000000
vt 0.920690 0.000000
vt 0.568965 0.000000
vt 0.989655 0.000000
vt 0.924138 0.000000
vt 0.893103 0.000000
vt 0.986207 0.000000
vt 0.572414 0.000000
vt 0.927586 0.000000
vt 0.889655 0.000000
vt 0.982759 0.000000
vt 0.575862 0.000000
vt 0.931035 0.000000
vt 0.979310 0.000000
vt 0.579310 0.000000
vt 0.886207 0.000000
vt 0.934483 0.000000
vt 0.975862 0.000000
vt 0.582759 0.000000
vt 0.882759 0.000000
vt 0.937931 0.000000
vt 0.586207 0.000000
vt 0.972414 0.000000
vt 0.879310 0.000000
vt 0.941379 0.000000
vt 0.589655 0.000000
vt 0.968966 0.000000
vt 0.875862 0.000000
vt 0.944828 0.000000
vt 0.593103 0.000000
vt 0.965517 0.000000
vt 0.948276 0.000000
vt 0.872414 0.000000
vt 0.596552 0.000000
vt 0.962069 0.000000
vt 0.951724 0.000000
vt 0.868966 0.000000
vt 0.600000 0.000000
vt 0.958621 0.000000
vt 0.955172 0.000000
vt 0.865517 0.000000
vt 0.603448 0.000000
vt 0.858621 0.000000
vt 0.862069 0.000000
vt 0.606897 0.000000
vt 0.610345 0.000000
vt 0.286207 0.000000
vt 0.265517 0.000000
vt 0.268966 0.000000
vt 0.855172 0.000000
vt 0.851724 0.000000
vt 0.613793 0.000000
vt 0.617241 0.000000
vt 0.289655 0.000000
vt 0.282759 0.000000
vt 0.279310 0.000000
vt 0.272414 0.000000
vt 0.275862 0.000000
vt 0.410345 0.000000
vt 0.293103 0.000000
vt 0.406897 0.000000
vt 0.296552 0.000000
vt 0.844828 0.000000
vt 0.848276 0.000000
vt 0.620690 0.000000
vt 0.624138 0.000000
vt 0.403448 0.000000
vt 0.300000 0.000000
vt 0.400000 0.000000
vt 0.303448 0.000000
vt 0.841379 0.000000
vt 0.837931 0.000000
vt 0.627586 0.000000
vt 0.631034 0.000000
vt 0.396552 0.000000
vt 0.306897 0.000000
vt 0.082759 0.000000
vt 0.086207 0.000000
vt 0.206897 0.000000
vt 0.213793 0.000000
vt 0.210345 0.000000
vt 0.003448 0.000000
vt 0.393103 0.000000
vt 0.089655 0.000000
vt 0.203448 0.000000
vt 0.006897 0.000000
vt 0.079310 0.000000
vt 0.200000 0.000000
vt 0.093103 0.000000
vt 0.310345 0.000000
vt 0.010345 0.000000
vt 0.075862 0.000000
vt 0.196552 0.000000
vt 0.072414 0.000000
vt 0.013793 0.000000
vt 0.096552 0.000000
vt 0.389655 0.000000
vt 0.193103 0.000000
vt 0.068966 0.000000
vt 0.017241 0.000000
vt 0.100000 0.000000
vt 0.189655 0.000000
vt 0.313793 0.000000
vt 0.065517 0.000000
vt 0.020690 0.000000
vt 0.103448 0.000000
vt 0.386207 0.000000
vt 0.186207 0.000000
vt 0.024138 0.000000
vt 0.062069 0.000000
vt 0.106897 0.000000
vt 0.027586 0.000000
vt 0.182759 0.000000
vt 0.058621 0.000000
vt 0.031034 0.000000
vt 0.317241 0.000000
vt 0.179310 0.000000
vt 0.110345 0.000000
vt 0.055172 0.000000
vt 0.382759 0.000000
vt 0.034483 0.000000
vt 0.175862 0.000000
vt 0.051724 0.000000
vt 0.113793 0.000000
vt 0.037931 0.000000
vt 0.172414 0.000000
vt 0.048276 0.000000
vt 0.117241 0.000000
vt 0.044828 0.000000
vt 0.041379 0.000000
vt 0.168966 0.000000
vt 0.320690 0.000000
vt 0.379310 0.000000
vt 0.120690 0.000000
vt 0.165517 0.000000
vt 0.162069 0.000000
vt 0.158621 0.000000
vt 0.155172 0.000000
vt 0.151724 0.000000
vt 0.124138 0.000000
vt 0.148276 0.000000
vt 0.144828 0.000000
vt 0.141379 0.000000
vt 0.137931 0.000000
vt 0.134483 0.000000
vt 0.131034 0.000000
vt 0.127586 0.000000
vt 0.375862 0.000000
vt 0.324138 0.000000
vt 0.834483 0.000000
vt 0.634483 0.000000
vt 0.831034 0.000000
vt 0.827586 0.000000
vt 0.824138 0.000000
vt 0.820690 0.000000
vt 0.817241 0.000000
vt 0.637931 0.000000
vt 0.813793 0.000000
vt 0.810345 0.000000
vt 0.806897 0.000000
vt 0.372414 0.000000
vt 0.803448 0.000000
vt 0.800000 0.000000
vt 0.796552 0.000000
vt 0.751724 0.000000
vt 0.758621 0.000000
vt 0.755172 0.000000
vt 0.793103 0.000000
vt 0.762069 0.000000
vt 0.789655 0.000000
vt 0.765517 0.000000
vt 0.786207 0.000000
vt 0.768966 0.000000
vt 0.782759 0.000000
vt 0.772414 0.000000
vt 0.779310 0.000000
vt 0.775862 0.000000
vt 0.641379 0.000000
vt 0.748276 0.000000
vt 0.327586 0.000000
vt 0.744828 0.000000
vt 0.644828 0.000000
vt 0.741379 0.000000
vt 0.648276 0.000000
vt 0.737931 0.000000
vt 0.651724 0.000000
vt 0.734483 0.000000
vt 0.655172 0.000000
vt 0.368966 0.000000
vt 0.731034 0.000000
vt 0.365517 0.000000
vt 0.658621 0.000000
vt 0.362069 0.000000
vt 0.727586 0.000000
vt 0.662069 0.000000
vt 0.358621 0.000000
vt 0.355172 0.000000
vt 0.351724 0.000000
vt 0.348276 0.000000
vt 0.344828 0.000000
vt 0.341379 0.000000
vt 0.337931 0.000000
vt 0.334483 0.000000
vt 0.331034 0.000000
vt 0.665517 0.000000
vt 0.724138 0.000000
vt 0.668966 0.000000
vt 0.720690 0.000000
vt 0.672414 0.000000
vt 0.675862 0.000000
vt 0.717241 0.000000
vt 0.679310 0.000000
vt 0.682759 0.000000
vt 0.686207 0.000000
vt 0.713793 0.000000
vt 0.689655 0.000000
vt 0.693103 0.000000
vt 0.696552 0.000000
vt 0.700000 0.000000
vt 0.703448 0.000000
vt 0.706897 0.000000
vt 0.710345 0.000000
vt 0.092486 0.000000
vt 0.104046 0.000000
vt 0.098266 0.000000
vt 0.109827 0.000000
vt 0.086705 0.000000
vt 0.080925 0.000000
vt 0.115607 0.000000
vt 0.121387 0.000000
vt 0.069364 0.000000
vt 0.971098 0.000000
vt 0.075145 0.000000
vt 0.127168 0.000000
vt 0.994220 0.000000
vt 0.988439 0.000000
vt 0.132948 0.000000
vt 0.976879 0.000000
vt 0.965318 0.000000
vt 0.959538 0.000000
vt 0.982659 0.000000
vt 0.855491 0.000000
vt 0.872832 0.000000
vt 0.867052 0.000000
vt 0.861272 0.000000
vt 0.849711 0.000000
vt 0.843931 0.000000
vt 0.878613 0.000000
vt 0.953757 0.000000
vt 0.838150 0.000000
vt 0.884393 0.000000
vt 0.832370 0.000000
vt 0.890173 0.000000
vt 0.826590 0.000000
vt 0.895954 0.000000
vt 0.820809 0.000000
vt 0.901734 0.000000
vt 0.815029 0.000000
vt 0.907514 0.000000
vt 0.809249 0.000000
vt 0.913295 0.000000
vt 0.803468 0.000000
vt 0.919075 0.000000
vt 0.797688 0.000000
vt 0.924855 0.000000
vt 0.791907 0.000000
vt 0.930636 0.000000
vt 0.786127 0.000000
vt 0.936416 0.000000
vt 0.780347 0.000000
vt 0.942197 0.000000
vt 0.774566 0.000000
vt 0.947977 0.000000
vt 0.063584 0.000000
vt 0.057803 0.000000
vt 0.138728 0.000000
vt 0.144509 0.000000
vt 0.693642 0.000000
vt 0.705202 0.000000
vt 0.699422 0.000000
vt 0.052023 0.000000
vt 0.150289 0.000000
vt 0.710983 0.000000
vt 0.046243 0.000000
vt 0.156069 0.000000
vt 0.716763 0.000000
vt 0.687861 0.000000
vt 0.040462 0.000000
vt 0.161850 0.000000
vt 0.722543 0.000000
vt 0.034682 0.000000
vt 0.682081 0.000000
vt 0.728324 0.000000
vt 0.028902 0.000000
vt 0.167630 0.000000
vt 0.676301 0.000000
vt 0.734104 0.000000
vt 0.023121 0.000000
vt 0.173410 0.000000
vt 0.670520 0.000000
vt 0.739884 0.000000
vt 0.017341 0.000000
vt 0.745665 0.000000
vt 0.664740 0.000000
vt 0.179191 0.000000
vt 0.011561 0.000000
vt 0.751445 0.000000
vt 0.658960 0.000000
vt 0.005780 0.000000
vt 0.184971 0.000000
vt 0.757225 0.000000
vt 0.653179 0.000000
vt 0.763006 0.000000
vt 0.190751 0.000000
vt 0.768786 0.000000
vt 0.647399 0.000000
vt 0.196532 0.000000
vt 0.641618 0.000000
vt 0.202312 0.000000
vt 0.635838 0.000000
vt 0.630058 0.000000
vt 0.208092 0.000000
vt 0.624277 0.000000
vt 0.213873 0.000000
vt 0.618497 0.000000
vt 0.219653 0.000000
vt 0.612717 0.000000
vt 0.606936 0.000000
vt 0.225434 0.000000
vt 0.601156 0.000000
vt 0.231214 0.000000
vt 0.595376 0.000000
vt 0.416185 0.000000
vt 0.236994 0.000000
vt 0.589595 0.000000
vt 0.421965 0.000000
vt 0.410405 0.000000
vt 0.242775 0.000000
vt 0.583815 0.000000
vt 0.427746 0.000000
vt 0.248555 0.000000
vt 0.578035 0.000000
vt 0.254335 0.000000
vt 0.404624 0.000000
vt 0.572254 0.000000
vt 0.260116 0.000000
vt 0.433526 0.000000
vt 0.265896 0.000000
vt 0.566474 0.000000
vt 0.271676 0.000000
vt 0.277457 0.000000
vt 0.283237 0.000000
vt 0.560694 0.000000
vt 0.439306 0.000000
vt 0.398844 0.000000
vt 0.289017 0.000000
vt 0.554913 0.000000
vt 0.294798 0.000000
vt 0.445087 0.000000
vt 0.549133 0.000000
vt 0.393064 0.000000
vt 0.300578 0.000000
vt 0.543353 0.000000
vt 0.450867 0.000000
vt 0.306358 0.000000
vt 0.537572 0.000000
vt 0.387283 0.000000
vt 0.531792 0.000000
vt 0.312139 0.000000
vt 0.456647 0.000000
vt 0.526012 0.000000
vt 0.317919 0.000000
vt 0.381503 0.000000
vt 0.462428 0.000000
vt 0.520231 0.000000
vt 0.323699 0.000000
vt 0.514451 0.000000
vt 0.375723 0.000000
vt 0.468208 0.000000
vt 0.329480 0.000000
vt 0.508671 0.000000
vt 0.369942 0.000000
vt 0.335260 0.000000
vt 0.473988 0.000000
vt 0.502890 0.000000
vt 0.364162 0.000000
vt 0.341040 0.000000
vt 0.497110 0.000000
vt 0.479769 0.000000
vt 0.358382 0.000000
vt 0.346821 0.000000
vt 0.352601 0.000000
vt 0.491329 0.000000
vt 0.485549 0.000000
vt 0.622896 0.000000
vt 0.629630 0.000000
vt 0.626263 0.000000
vt 0.632997 0.000000
vt 0.619529 0.000000
vt 0.616162 0.000000
vt 0.639731 0.000000
vt 0.612795 0.000000
vt 0.643098 0.000000
vt 0.609428 0.000000
vt 0.646465 0.000000
vt 0.649832 0.000000
vt 0.606061 0.000000
vt 0.653199 0.000000
vt 0.602694 0.000000
vt 0.656566 0.000000
vt 0.599327 0.000000
vt 0.659933 0.000000
vt 0.595960 0.000000
vt 0.663300 0.000000
vt 0.707071 0.000000
vt 0.713805 0.000000
vt 0.710438 0.000000
vt 0.592593 0.000000
vt 0.703704 0.000000
vt 0.700337 0.000000
vt 0.696970 0.000000
vt 0.589226 0.000000
vt 0.693603 0.000000
vt 0.690236 0.000000
vt 0.670034 0.000000
vt 0.686869 0.000000
vt 0.585859 0.000000
vt 0.683502 0.000000
vt 0.538721 0.000000
vt 0.542088 0.000000
vt 0.680135 0.000000
vt 0.548822 0.000000
vt 0.552189 0.000000
vt 0.676768 0.000000
vt 0.673401 0.000000
vt 0.558923 0.000000
vt 0.562290 0.000000
vt 0.565657 0.000000
vt 0.569024 0.000000
vt 0.572391 0.000000
vt 0.582492 0.000000
vt 0.575758 0.000000
vt 0.579125 0.000000
vt 0.717172 0.000000
vt 0.720539 0.000000
vt 0.723906 0.000000
vt 0.730640 0.000000
vt 0.734007 0.000000
vt 0.737374 0.000000
vt 0.740741 0.000000
vt 0.744108 0.000000
vt 0.535354 0.000000
vt 0.747475 0.000000
vt 0.531987 0.000000
vt 0.750842 0.000000
vt 0.528620 0.000000
vt 0.525253 0.000000
vt 0.754209 0.000000
vt 0.521886 0.000000
vt 0.518519 0.000000
vt 0.494949 0.000000
vt 0.757576 0.000000
vt 0.515152 0.000000
vt 0.511784 0.000000
vt 0.508417 0.000000
vt 0.505050 0.000000
vt 0.501683 0.000000
vt 0.498316 0.000000
vt 0.491582 0.000000
vt 0.760943 0.000000
vt 0.488215 0.000000
vt 0.764310 0.000000
vt 0.767677 0.000000
vt 0.484848 0.000000
vt 0.771044 0.000000
vt 0.481481 0.000000
vt 0.774411 0.000000
vt 0.952862 0.000000
vt 0.959596 0.000000
vt 0.956229 0.000000
vt 0.478114 0.000000
vt 0.949495 0.000000
vt 0.781145 0.000000
vt 0.946128 0.000000
vt 0.942761 0.000000
vt 0.939394 0.000000
vt 0.936027 0.000000
vt 0.784512 0.000000
vt 0.932660 0.000000
vt 0.929293 0.000000
vt 0.925926 0.000000
vt 0.474747 0.000000
vt 0.922559 0.000000
vt 0.831650 0.000000
vt 0.838384 0.000000
vt 0.835017 0.000000
vt 0.828283 0.000000
vt 0.841751 0.000000
vt 0.824916 0.000000
vt 0.787879 0.000000
vt 0.821549 0.000000
vt 0.845118 0.000000
vt 0.919192 0.000000
vt 0.915825 0.000000
vt 0.848485 0.000000
vt 0.814815 0.000000
vt 0.912458 0.000000
vt 0.811448 0.000000
vt 0.851852 0.000000
vt 0.808081 0.000000
vt 0.791246 0.000000
vt 0.855219 0.000000
vt 0.804714 0.000000
vt 0.905724 0.000000
vt 0.801347 0.000000
vt 0.471380 0.000000
vt 0.858586 0.000000
vt 0.794613 0.000000
vt 0.797980 0.000000
vt 0.902357 0.000000
vt 0.861953 0.000000
vt 0.898990 0.000000
vt 0.895623 0.000000
vt 0.865320 0.000000
vt 0.962963 0.000000
vt 0.892256 0.000000
vt 0.966330 0.000000
vt 0.468013 0.000000
vt 0.969697 0.000000
vt 0.973064 0.000000
vt 0.373737 0.000000
vt 0.370370 0.000000
vt 0.868687 0.000000
vt 0.976431 0.000000
vt 0.979798 0.000000
vt 0.983165 0.000000
vt 0.885522 0.000000
vt 0.986532 0.000000
vt 0.367003 0.000000
vt 0.872054 0.000000
vt 0.377104 0.000000
vt 0.360269 0.000000
vt 0.989899 0.000000
vt 0.380471 0.000000
vt 0.356902 0.000000
vt 0.882155 0.000000
vt 0.993266 0.000000
vt 0.383838 0.000000
vt 0.353535 0.000000
vt 0.996633 0.000000
vt 0.387205 0.000000
vt 0.350168 0.000000
vt 0.878788 0.000000
vt 0.464646 0.000000
vt 0.875421 0.000000
vt 0.390572 0.000000
vt 0.346801 0.000000
vt 0.003367 0.000000
vt 0.343434 0.000000
vt 0.393939 0.000000
vt 0.006734 0.000000
vt 0.340067 0.000000
vt 0.397306 0.000000
vt 0.010101 0.000000
vt 0.336700 0.000000
vt 0.400673 0.000000
vt 0.013468 0.000000
vt 0.461279 0.000000
vt 0.404040 0.000000
vt 0.016835 0.000000
vt 0.020202 0.000000
vt 0.329966 0.000000
vt 0.407407 0.000000
vt 0.023569 0.000000
vt 0.326599 0.000000
vt 0.410774 0.000000
vt 0.026936 0.000000
vt 0.457912 0.000000
vt 0.414141 0.000000
vt 0.030303 0.000000
vt 0.323232 0.000000
vt 0.417508 0.000000
vt 0.033670 0.000000
vt 0.420875 0.000000
vt 0.037037 0.000000
vt 0.319865 0.000000
vt 0.424242 0.000000
vt 0.084175 0.000000
vt 0.040404 0.000000
vt 0.427609 0.000000
vt 0.316498 0.000000
vt 0.430976 0.000000
vt 0.434343 0.000000
vt 0.451178 0.000000
vt 0.313131 0.000000
vt 0.437710 0.000000
vt 0.087542 0.000000
vt 0.080808 0.000000
vt 0.441077 0.000000
vt 0.309764 0.000000
vt 0.077441 0.000000
vt 0.447811 0.000000
vt 0.094276 0.000000
vt 0.074074 0.000000
vt 0.306397 0.000000
vt 0.097643 0.000000
vt 0.070707 0.000000
vt 0.101010 0.000000
vt 0.303030 0.000000
vt 0.067340 0.000000
vt 0.104377 0.000000
vt 0.063973 0.000000
vt 0.299663 0.000000
vt 0.107744 0.000000
vt 0.060606 0.000000
vt 0.057239 0.000000
vt 0.296296 0.000000
vt 0.114478 0.000000
vt 0.053872 0.000000
vt 0.117845 0.000000
vt 0.050505 0.000000
vt 0.292929 0.000000
vt 0.047138 0.000000
vt 0.121212 0.000000
vt 0.043771 0.000000
vt 0.289562 0.000000
vt 0.124579 0.000000
vt 0.127946 0.000000
vt 0.286195 0.000000
vt 0.131313 0.000000
vt 0.134680 0.000000
vt 0.282828 0.000000
vt 0.138047 0.000000
vt 0.141414 0.000000
vt 0.279461 0.000000
vt 0.202020 0.000000
vt 0.208754 0.000000
vt 0.205387 0.000000
vt 0.144781 0.000000
vt 0.198653 0.000000
vt 0.195286 0.000000
vt 0.148148 0.000000
vt 0.191919 0.000000
vt 0.188552 0.000000
vt 0.151515 0.000000
vt 0.185185 0.000000
vt 0.154882 0.000000
vt 0.178451 0.000000
vt 0.276094 0.000000
vt 0.158249 0.000000
vt 0.175084 0.000000
vt 0.171717 0.000000
vt 0.161616 0.000000
vt 0.168350 0.000000
vt 0.164983 0.000000
vt 0.269360 0.000000
vt 0.265993 0.000000
vt 0.262626 0.000000
vt 0.212121 0.000000
vt 0.215488 0.000000
vt 0.218855 0.000000
vt 0.259259 0.000000
vt 0.225589 0.000000
vt 0.228956 0.000000
vt 0.255892 0.000000
vt 0.232323 0.000000
vt 0.235690 0.000000
vt 0.252525 0.000000
vt 0.239057 0.000000
vt 0.242424 0.000000
vt 0.249158 0.000000
vt 0.245791 0.000000
vt 0.324324 0.000000
vt 0.337838 0.000000
vt 0.331081 0.000000
vt 0.344595 0.000000
vt 0.351351 0.000000
vt 0.567568 0.000000
vt 0.581081 0.000000
vt 0.574324 0.000000
vt 0.358108 0.000000
vt 0.560811 0.000000
vt 0.554054 0.000000
vt 0.364865 0.000000
vt 0.547297 0.000000
vt 0.371622 0.000000
vt 0.540541 0.000000
vt 0.378378 0.000000
vt 0.533784 0.000000
vt 0.527027 0.000000
vt 0.385135 0.000000
vt 0.520270 0.000000
vt 0.391892 0.000000
vt 0.513514 0.000000
vt 0.398649 0.000000
vt 0.506757 0.000000
vt 0.405405 0.000000
vt 0.412162 0.000000
vt 0.493243 0.000000
vt 0.418919 0.000000
vt 0.425676 0.000000
vt 0.432432 0.000000
vt 0.439189 0.000000
vt 0.445946 0.000000
vt 0.452703 0.000000
vt 0.459459 0.000000
vt 0.466216 0.000000
vt 0.472973 0.000000
vt 0.479730 0.000000
vt 0.486486 0.000000
vt 0.317568 0.000000
vt 0.310811 0.000000
vt 0.304054 0.000000
vt 0.297297 0.000000
vt 0.290541 0.000000
vt 0.283784 0.000000
vt 0.277027 0.000000
vt 0.587838 0.000000
vt 0.594595 0.000000
vt 0.270270 0.000000
vt 0.601351 0.000000
vt 0.608108 0.000000
vt 0.263514 0.000000
vt 0.614865 0.000000
vt 0.621622 0.000000
vt 0.256757 0.000000
vt 0.628378 0.000000
vt 0.635135 0.000000
vt 0.250000 0.000000
vt 0.641892 0.000000
vt 0.648649 0.000000
vt 0.243243 0.000000
vt 0.655405 0.000000
vt 0.236486 0.000000
vt 0.229730 0.000000
vt 0.222973 0.000000
vt 0.216216 0.000000
vt 0.209459 0.000000
vt 0.202703 0.000000
vt 0.195946 0.000000
vt 0.189189 0.000000
vt 0.182432 0.000000
vt 0.168919 0.000000
vt 0.162162 0.000000
vt 0.662162 0.000000
vt 0.175676 0.000000
vt 0.155405 0.000000
vt 0.148649 0.000000
vt 0.006757 0.000000
vt 0.141892 0.000000
vt 0.013514 0.000000
vt 0.135135 0.000000
vt 0.020270 0.000000
vt 0.128378 0.000000
vt 0.027027 0.000000
vt 0.121622 0.000000
vt 0.905405 0.000000
vt 0.918919 0.000000
vt 0.912162 0.000000
vt 0.925676 0.000000
vt 0.898649 0.000000
vt 0.891892 0.000000
vt 0.033784 0.000000
vt 0.114865 0.000000
vt 0.885135 0.000000
vt 0.878378 0.000000
vt 0.871622 0.000000
vt 0.864865 0.000000
vt 0.040541 0.000000
vt 0.108108 0.000000
vt 0.858108 0.000000
vt 0.851351 0.000000
vt 0.844595 0.000000
vt 0.101351 0.000000
vt 0.837838 0.000000
vt 0.047297 0.000000
vt 0.932432 0.000000
vt 0.831081 0.000000
vt 0.824324 0.000000
vt 0.094595 0.000000
vt 0.054054 0.000000
vt 0.087838 0.000000
vt 0.081081 0.000000
vt 0.060811 0.000000
vt 0.817568 0.000000
vt 0.074324 0.000000
vt 0.939189 0.000000
vt 0.067568 0.000000
vt 0.810811 0.000000
vt 0.945946 0.000000
vt 0.804054 0.000000
vt 0.797297 0.000000
vt 0.952703 0.000000
vt 0.790541 0.000000
vt 0.959459 0.000000
vt 0.783784 0.000000
vt 0.777027 0.000000
vt 0.966216 0.000000
vt 0.770270 0.000000
vt 0.972973 0.000000
vt 0.763514 0.000000
vt 0.756757 0.000000
vt 0.979730 0.000000
vt 0.750000 0.000000
vt 0.986486 0.000000
vt 0.743243 0.000000
vt 0.736486 0.000000
vt 0.729730 0.000000
vt 0.722973 0.000000
vt 0.716216 0.000000
vt 0.709459 0.000000
vt 0.702703 0.000000
vt 0.695946 0.000000
vt 0.689189 0.000000
vt 0.993243 0.000000
vt 0.682432 0.000000
vt 0.675676 0.000000
vt 0.668919 0.000000
vt 0.150538 0.000000
vt 0.172043 0.000000
vt 0.161290 0.000000
vt 0.182796 0.000000
vt 0.193548 0.000000
vt 0.204301 0.000000
vt 0.215054 0.000000
vt 0.225806 0.000000
vt 0.419355 0.000000
vt 0.440860 0.000000
vt 0.430108 0.000000
vt 0.408602 0.000000
vt 0.397849 0.000000
vt 0.236559 0.000000
vt 0.387097 0.000000
vt 0.247312 0.000000
vt 0.376344 0.000000
vt 0.365591 0.000000
vt 0.258065 0.000000
vt 0.354839 0.000000
vt 0.344086 0.000000
vt 0.268817 0.000000
vt 0.322581 0.000000
vt 0.279570 0.000000
vt 0.311828 0.000000
vt 0.290323 0.000000
vt 0.301075 0.000000
vt 0.451613 0.000000
vt 0.462366 0.000000
vt 0.473118 0.000000
vt 0.483871 0.000000
vt 0.494624 0.000000
vt 0.505376 0.000000
vt 0.516129 0.000000
vt 0.139785 0.000000
vt 0.129032 0.000000
vt 0.118280 0.000000
vt 0.526882 0.000000
vt 0.107527 0.000000
vt 0.096774 0.000000
vt 0.086022 0.000000
vt 0.075269 0.000000
vt 0.537634 0.000000
vt 0.064516 0.000000
vt 0.053763 0.000000
vt 0.548387 0.000000
vt 0.043011 0.000000
vt 0.032258 0.000000
vt 0.559140 0.000000
vt 0.021505 0.000000
vt 0.010753 0.000000
vt 0.569892 0.000000
vt 0.860215 0.000000
vt 0.881720 0.000000
vt 0.870968 0.000000
vt 0.892473 0.000000
vt 0.903226 0.000000
vt 0.913979 0.000000
vt 0.924731 0.000000
vt 0.935484 0.000000
vt 0.946237 0.000000
vt 0.956989 0.000000
vt 0.967742 0.000000
vt 0.978495 0.000000
vt 0.989247 0.000000
vt 0.849462 0.000000
vt 0.838710 0.000000
vt 0.827957 0.000000
vt 0.580645 0.000000
vt 0.817204 0.000000
vt 0.806452 0.000000
vt 0.795699 0.000000
vt 0.591398 0.000000
vt 0.784946 0.000000
vt 0.774194 0.000000
vt 0.763441 0.000000
vt 0.602151 0.000000
vt 0.752688 0.000000
vt 0.741935 0.000000
vt 0.612903 0.000000
vt 0.731183 0.000000
vt 0.720430 0.000000
vt 0.623656 0.000000
vt 0.709677 0.000000
vt 0.634409 0.000000
vt 0.645161 0.000000
vt 0.655914 0.000000
vt 0.677419 0.000000
vt 0.688172 0.000000
vt 0.698925 0.000000
vt 0.904762 0.000000
vt 0.918367 0.000000
vt 0.911565 0.000000
vt 0.897959 0.000000
vt 0.659864 0.000000
vt 0.673469 0.000000
vt 0.891156 0.000000
vt 0.680272 0.000000
vt 0.687075 0.000000
vt 0.884354 0.000000
vt 0.693878 0.000000
vt 0.877551 0.000000
vt 0.700680 0.000000
vt 0.707483 0.000000
vt 0.870748 0.000000
vt 0.714286 0.000000
vt 0.863946 0.000000
vt 0.721088 0.000000
vt 0.857143 0.000000
vt 0.727891 0.000000
vt 0.850340 0.000000
vt 0.734694 0.000000
vt 0.843537 0.000000
vt 0.741497 0.000000
vt 0.836735 0.000000
vt 0.748299 0.000000
vt 0.829932 0.000000
vt 0.755102 0.000000
vt 0.761905 0.000000
vt 0.768707 0.000000
vt 0.775510 0.000000
vt 0.782313 0.000000
vt 0.789116 0.000000
vt 0.795918 0.000000
vt 0.802721 0.000000
vt 0.809524 0.000000
vt 0.816327 0.000000
vt 0.823129 0.000000
vt 0.653061 0.000000
vt 0.925170 0.000000
vt 0.931973 0.000000
vt 0.646259 0.000000
vt 0.938776 0.000000
vt 0.639456 0.000000
vt 0.945578 0.000000
vt 0.632653 0.000000
vt 0.625850 0.000000
vt 0.952381 0.000000
vt 0.619048 0.000000
vt 0.959184 0.000000
vt 0.612245 0.000000
vt 0.605442 0.000000
vt 0.965986 0.000000
vt 0.598639 0.000000
vt 0.972789 0.000000
vt 0.591837 0.000000
vt 0.979592 0.000000
vt 0.986395 0.000000
vt 0.585034 0.000000
vt 0.993197 0.000000
vt 0.578231 0.000000
vt 0.564626 0.000000
vt 0.557823 0.000000
vt 0.551020 0.000000
vt 0.544218 0.000000
vt 0.537415 0.000000
vt 0.530612 0.000000
vt 0.523810 0.000000
vt 0.517007 0.000000
vt 0.510204 0.000000
vt 0.503401 0.000000
vt 0.496599 0.000000
vt 0.571429 0.000000
vt 0.489796 0.000000
vt 0.006803 0.000000
vt 0.482993 0.000000
vt 0.013605 0.000000
vt 0.476190 0.000000
vt 0.020408 0.000000
vt 0.469388 0.000000
vt 0.027211 0.000000
vt 0.462585 0.000000
vt 0.034014 0.000000
vt 0.455782 0.000000
vt 0.040816 0.000000
vt 0.448980 0.000000
vt 0.047619 0.000000
vt 0.442177 0.000000
vt 0.435374 0.000000
vt 0.054422 0.000000
vt 0.428571 0.000000
vt 0.061224 0.000000
vt 0.421769 0.000000
vt 0.068027 0.000000
vt 0.414966 0.000000
vt 0.074830 0.000000
vt 0.408163 0.000000
vt 0.081633 0.000000
vt 0.401361 0.000000
vt 0.088435 0.000000
vt 0.394558 0.000000
vt 0.244898 0.000000
vt 0.095238 0.000000
vt 0.251701 0.000000
vt 0.238095 0.000000
vt 0.102041 0.000000
vt 0.387755 0.000000
vt 0.231293 0.000000
vt 0.258503 0.000000
vt 0.108844 0.000000
vt 0.380952 0.000000
vt 0.224490 0.000000
vt 0.265306 0.000000
vt 0.115646 0.000000
vt 0.374150 0.000000
vt 0.217687 0.000000
vt 0.272109 0.000000
vt 0.122449 0.000000
vt 0.367347 0.000000
vt 0.210884 0.000000
vt 0.278912 0.000000
vt 0.129252 0.000000
vt 0.360544 0.000000
vt 0.204082 0.000000
vt 0.285714 0.000000
vt 0.136054 0.000000
vt 0.353741 0.000000
vt 0.197279 0.000000
vt 0.292517 0.000000
vt 0.346939 0.000000
vt 0.142857 0.000000
vt 0.190476 0.000000
vt 0.299320 0.000000
vt 0.340136 0.000000
vt 0.149660 0.000000
vt 0.183673 0.000000
vt 0.306122 0.000000
vt 0.156463 0.000000
vt 0.326531 0.000000
vt 0.176871 0.000000
vt 0.312925 0.000000
vt 0.170068 0.000000
vt 0.163265 0.000000
vt 0.319728 0.000000
vt 0.131579 0.000000
vt 0.144737 0.000000
vt 0.118421 0.000000
vt 0.171053 0.000000
vt 0.092105 0.000000
vt 0.184211 0.000000
vt 0.078947 0.000000
vt 0.197368 0.000000
vt 0.065789 0.000000
vt 0.223684 0.000000
vt 0.039474 0.000000
vt 0.236842 0.000000
vt 0.026316 0.000000
vt 0.013158 0.000000
vt 0.276316 0.000000
vt 0.289474 0.000000
vt 0.986842 0.000000
vt 0.302632 0.000000
vt 0.973684 0.000000
vt 0.960526 0.000000
vt 0.671053 0.000000
vt 0.328947 0.000000
vt 0.934211 0.000000
vt 0.921053 0.000000
vt 0.657895 0.000000
vt 0.907895 0.000000
vt 0.697368 0.000000
vt 0.710526 0.000000
vt 0.881579 0.000000
vt 0.723684 0.000000
vt 0.868421 0.000000
vt 0.855263 0.000000
vt 0.828947 0.000000
vt 0.763158 0.000000
vt 0.776316 0.000000
vt 0.802632 0.000000
vt 0.815789 0.000000
vt 0.644737 0.000000
vt 0.342105 0.000000
vt 0.355263 0.000000
vt 0.618421 0.000000
vt 0.381579 0.000000
vt 0.605263 0.000000
vt 0.394737 0.000000
vt 0.592105 0.000000
vt 0.407895 0.000000
vt 0.565789 0.000000
vt 0.434211 0.000000
vt 0.552632 0.000000
vt 0.447368 0.000000
vt 0.539474 0.000000
vt 0.460526 0.000000
vt 0.513158 0.000000
vt 0.486842 0.000000
vt 0.990991 0.000000
vt 0.450450 0.000000
vt 0.468468 0.000000
vt 0.981982 0.000000
vt 0.477477 0.000000
vt 0.495495 0.000000
vt 0.504505 0.000000
vt 0.522523 0.000000
vt 0.531532 0.000000
vt 0.549550 0.000000
vt 0.558559 0.000000
vt 0.963964 0.000000
vt 0.576577 0.000000
vt 0.954955 0.000000
vt 0.585586 0.000000
vt 0.603604 0.000000
vt 0.936937 0.000000
vt 0.612613 0.000000
vt 0.927928 0.000000
vt 0.630631 0.000000
vt 0.909910 0.000000
vt 0.639640 0.000000
vt 0.900901 0.000000
vt 0.657658 0.000000
vt 0.882883 0.000000
vt 0.873874 0.000000
vt 0.684685 0.000000
vt 0.855856 0.000000
vt 0.693694 0.000000
vt 0.846847 0.000000
vt 0.711712 0.000000
vt 0.828829 0.000000
vt 0.720721 0.000000
vt 0.819820 0.000000
vt 0.738739 0.000000
vt 0.801802 0.000000
vt 0.747748 0.000000
vt 0.792793 0.000000
vt 0.765766 0.000000
vt 0.774775 0.000000
vt 0.441441 0.000000
vt 0.009009 0.000000
vt 0.018018 0.000000
vt 0.423423 0.000000
vt 0.036036 0.000000
vt 0.414414 0.000000
vt 0.045045 0.000000
vt 0.396396 0.000000
vt 0.063063 0.000000
vt 0.387387 0.000000
vt 0.072072 0.000000
vt 0.369369 0.000000
vt 0.360360 0.000000
vt 0.090090 0.000000
vt 0.099099 0.000000
vt 0.342342 0.000000
vt 0.117117 0.000000
vt 0.126126 0.000000
vt 0.315315 0.000000
vt 0.144144 0.000000
vt 0.306306 0.000000
vt 0.153153 0.000000
vt 0.288288 0.000000
vt 0.279279 0.000000
vt 0.171171 0.000000
vt 0.180180 0.000000
vt 0.261261 0.000000
vt 0.252252 0.000000
vt 0.198198 0.000000
vt 0.207207 0.000000
vt 0.234234 0.000000
vt 0.225225 0.000000
vt 0.177083 0.000000
vt 0.184028 0.000000
vt 0.180556 0.000000
vt 0.187500 0.000000
vt 0.190972 0.000000
vt 0.173611 0.000000
vt 0.194444 0.000000
vt 0.170139 0.000000
vt 0.197917 0.000000
vt 0.166667 0.000000
vt 0.201389 0.000000
vt 0.163194 0.000000
vt 0.204861 0.000000
vt 0.159722 0.000000
vt 0.041667 0.000000
vt 0.048611 0.000000
vt 0.045139 0.000000
vt 0.052083 0.000000
vt 0.208333 0.000000
vt 0.156250 0.000000
vt 0.055556 0.000000
vt 0.038194 0.000000
vt 0.211806 0.000000
vt 0.152778 0.000000
vt 0.059028 0.000000
vt 0.034722 0.000000
vt 0.215278 0.000000
vt 0.062500 0.000000
vt 0.149306 0.000000
vt 0.031250 0.000000
vt 0.218750 0.000000
vt 0.065972 0.000000
vt 0.145833 0.000000
vt 0.027778 0.000000
vt 0.069444 0.000000
vt 0.142361 0.000000
vt 0.225694 0.000000
vt 0.024306 0.000000
vt 0.072917 0.000000
vt 0.138889 0.000000
vt 0.229167 0.000000
vt 0.020833 0.000000
vt 0.135417 0.000000
vt 0.076389 0.000000
vt 0.017361 0.000000
vt 0.079861 0.000000
vt 0.013889 0.000000
vt 0.083333 0.000000
vt 0.010417 0.000000
vt 0.086806 0.000000
vt 0.006944 0.000000
vt 0.090278 0.000000
vt 0.003472 0.000000
vt 0.093750 0.000000
vt 0.270833 0.000000
vt 0.277778 0.000000
vt 0.274306 0.000000
vt 0.267361 0.000000
vt 0.263889 0.000000
vt 0.260417 0.000000
vt 0.256944 0.000000
vt 0.253472 0.000000
vt 0.246528 0.000000
vt 0.243056 0.000000
vt 0.239583 0.000000
vt 0.236111 0.000000
vt 0.232639 0.000000
vt 0.131944 0.000000
vt 0.128472 0.000000
vt 0.125000 0.000000
vt 0.121528 0.000000
vt 0.118056 0.000000
vt 0.114583 0.000000
vt 0.107639 0.000000
vt 0.104167 0.000000
vt 0.100694 0.000000
vt 0.097222 0.000000
vt 0.281250 0.000000
vt 0.284722 0.000000
vt 0.996528 0.000000
vt 0.993056 0.000000
vt 0.989583 0.000000
vt 0.986111 0.000000
vt 0.288194 0.000000
vt 0.982639 0.000000
vt 0.979167 0.000000
vt 0.975694 0.000000
vt 0.972222 0.000000
vt 0.968750 0.000000
vt 0.965278 0.000000
vt 0.961806 0.000000
vt 0.958333 0.000000
vt 0.954861 0.000000
vt 0.951389 0.000000
vt 0.947917 0.000000
vt 0.944444 0.000000
vt 0.940972 0.000000
vt 0.937500 0.000000
vt 0.934028 0.000000
vt 0.930556 0.000000
vt 0.927083 0.000000
vt 0.923611 0.000000
vt 0.920139 0.000000
vt 0.916667 0.000000
vt 0.913194 0.000000
vt 0.909722 0.000000
vt 0.656250 0.000000
vt 0.649306 0.000000
vt 0.645833 0.000000
vt 0.642361 0.000000
vt 0.638889 0.000000
vt 0.635417 0.000000
vt 0.631944 0.000000
vt 0.628472 0.000000
vt 0.625000 0.000000
vt 0.621528 0.000000
vt 0.618056 0.000000
vt 0.614583 0.000000
vt 0.361111 0.000000
vt 0.357639 0.000000
vt 0.354167 0.000000
vt 0.350694 0.000000
vt 0.347222 0.000000
vt 0.343750 0.000000
vt 0.340278 0.000000
vt 0.336806 0.000000
vt 0.329861 0.000000
vt 0.326389 0.000000
vt 0.322917 0.000000
vt 0.319444 0.000000
vt 0.298611 0.000000
vt 0.295139 0.000000
vt 0.291667 0.000000
vt 0.302083 0.000000
vt 0.305556 0.000000
vt 0.309028 0.000000
vt 0.312500 0.000000
vt 0.315972 0.000000
vt 0.364583 0.000000
vt 0.611111 0.000000
vt 0.368056 0.000000
vt 0.607639 0.000000
vt 0.652778 0.000000
vt 0.659722 0.000000
vt 0.604167 0.000000
vt 0.371528 0.000000
vt 0.906250 0.000000
vt 0.600694 0.000000
vt 0.375000 0.000000
vt 0.663194 0.000000
vt 0.902778 0.000000
vt 0.597222 0.000000
vt 0.378472 0.000000
vt 0.593750 0.000000
vt 0.899306 0.000000
vt 0.381944 0.000000
vt 0.590278 0.000000
vt 0.670139 0.000000
vt 0.586806 0.000000
vt 0.385417 0.000000
vt 0.895833 0.000000
vt 0.583333 0.000000
vt 0.388889 0.000000
vt 0.673611 0.000000
vt 0.579861 0.000000
vt 0.892361 0.000000
vt 0.576389 0.000000
vt 0.392361 0.000000
vt 0.677083 0.000000
vt 0.572917 0.000000
vt 0.395833 0.000000
vt 0.569444 0.000000
vt 0.565972 0.000000
vt 0.562500 0.000000
vt 0.680556 0.000000
vt 0.399306 0.000000
vt 0.559028 0.000000
vt 0.486111 0.000000
vt 0.493056 0.000000
vt 0.489583 0.000000
vt 0.496528 0.000000
vt 0.503472 0.000000
vt 0.885417 0.000000
vt 0.552083 0.000000
vt 0.506944 0.000000
vt 0.548611 0.000000
vt 0.510417 0.000000
vt 0.513889 0.000000
vt 0.545139 0.000000
vt 0.517361 0.000000
vt 0.541667 0.000000
vt 0.520833 0.000000
vt 0.538194 0.000000
vt 0.524306 0.000000
vt 0.527778 0.000000
vt 0.534722 0.000000
vt 0.531250 0.000000
vt 0.402778 0.000000
vt 0.684028 0.000000
vt 0.406250 0.000000
vt 0.881944 0.000000
vt 0.409722 0.000000
vt 0.687500 0.000000
vt 0.413194 0.000000
vt 0.878472 0.000000
vt 0.416667 0.000000
vt 0.690972 0.000000
vt 0.420139 0.000000
vt 0.875000 0.000000
vt 0.423611 0.000000
vt 0.482639 0.000000
vt 0.479167 0.000000
vt 0.427083 0.000000
vt 0.475694 0.000000
vt 0.472222 0.000000
vt 0.694444 0.000000
vt 0.468750 0.000000
vt 0.430556 0.000000
vt 0.465278 0.000000
vt 0.461806 0.000000
vt 0.434028 0.000000
vt 0.458333 0.000000
vt 0.437500 0.000000
vt 0.454861 0.000000
vt 0.451389 0.000000
vt 0.440972 0.000000
vt 0.447917 0.000000
vt 0.871528 0.000000
vt 0.697917 0.000000
vt 0.868056 0.000000
vt 0.701389 0.000000
vt 0.864583 0.000000
vt 0.704861 0.000000
vt 0.708333 0.000000
vt 0.861111 0.000000
vt 0.711806 0.000000
vt 0.857639 0.000000
vt 0.715278 0.000000
vt 0.718750 0.000000
vt 0.854167 0.000000
vt 0.722222 0.000000
vt 0.784722 0.000000
vt 0.781250 0.000000
vt 0.725694 0.000000
vt 0.774306 0.000000
vt 0.770833 0.000000
vt 0.767361 0.000000
vt 0.729167 0.000000
vt 0.763889 0.000000
vt 0.760417 0.000000
vt 0.850694 0.000000
vt 0.732639 0.000000
vt 0.756944 0.000000
vt 0.753472 0.000000
vt 0.736111 0.000000
vt 0.746528 0.000000
vt 0.743056 0.000000
vt 0.739583 0.000000
vt 0.847222 0.000000
vt 0.843750 0.000000
vt 0.840278 0.000000
vt 0.836806 0.000000
vt 0.788194 0.000000
vt 0.791667 0.000000
vt 0.795139 0.000000
vt 0.833333 0.000000
vt 0.798611 0.000000
vt 0.802083 0.000000
vt 0.805556 0.000000
vt 0.809028 0.000000
vt 0.829861 0.000000
vt 0.812500 0.000000
vt 0.815972 0.000000
vt 0.819444 0.000000
vt 0.826389 0.000000
vt 0.822917 0.000000
vt 0.845411 0.000000
vt 0.855072 0.000000
vt 0.850242 0.000000
vt 0.859903 0.000000
vt 0.913043 0.000000
vt 0.922705 0.000000
vt 0.917874 0.000000
vt 0.908213 0.000000
vt 0.903382 0.000000
vt 0.898551 0.000000
vt 0.893720 0.000000
vt 0.884058 0.000000
vt 0.381643 0.000000
vt 0.879227 0.000000
vt 0.874396 0.000000
vt 0.386473 0.000000
vt 0.869565 0.000000
vt 0.391304 0.000000
vt 0.864734 0.000000
vt 0.396135 0.000000
vt 0.434783 0.000000
vt 0.400966 0.000000
vt 0.405797 0.000000
vt 0.410628 0.000000
vt 0.415459 0.000000
vt 0.420290 0.000000
vt 0.425121 0.000000
vt 0.429952 0.000000
vt 0.608696 0.000000
vt 0.618357 0.000000
vt 0.613527 0.000000
vt 0.623188 0.000000
vt 0.628019 0.000000
vt 0.632850 0.000000
vt 0.637681 0.000000
vt 0.439614 0.000000
vt 0.642512 0.000000
vt 0.647343 0.000000
vt 0.652174 0.000000
vt 0.657005 0.000000
vt 0.661836 0.000000
vt 0.603865 0.000000
vt 0.671498 0.000000
vt 0.676328 0.000000
vt 0.599034 0.000000
vt 0.681159 0.000000
vt 0.594203 0.000000
vt 0.589372 0.000000
vt 0.840580 0.000000
vt 0.685990 0.000000
vt 0.449275 0.000000
vt 0.584541 0.000000
vt 0.454106 0.000000
vt 0.579710 0.000000
vt 0.835749 0.000000
vt 0.458937 0.000000
vt 0.690821 0.000000
vt 0.463768 0.000000
vt 0.574879 0.000000
vt 0.468599 0.000000
vt 0.570048 0.000000
vt 0.473430 0.000000
vt 0.478261 0.000000
vt 0.565217 0.000000
vt 0.483092 0.000000
vt 0.830918 0.000000
vt 0.560386 0.000000
vt 0.487923 0.000000
vt 0.492754 0.000000
vt 0.497585 0.000000
vt 0.502415 0.000000
vt 0.507246 0.000000
vt 0.512077 0.000000
vt 0.516908 0.000000
vt 0.521739 0.000000
vt 0.526570 0.000000
vt 0.531401 0.000000
vt 0.536232 0.000000
vt 0.541063 0.000000
vt 0.545894 0.000000
vt 0.550725 0.000000
vt 0.695652 0.000000
vt 0.826087 0.000000
vt 0.700483 0.000000
vt 0.821256 0.000000
vt 0.705314 0.000000
vt 0.816425 0.000000
vt 0.710145 0.000000
vt 0.811594 0.000000
vt 0.806763 0.000000
vt 0.714976 0.000000
vt 0.801932 0.000000
vt 0.719807 0.000000
vt 0.797101 0.000000
vt 0.724638 0.000000
vt 0.792271 0.000000
vt 0.729469 0.000000
vt 0.787440 0.000000
vt 0.782609 0.000000
vt 0.772947 0.000000
vt 0.768116 0.000000
vt 0.763285 0.000000
vt 0.758454 0.000000
vt 0.753623 0.000000
vt 0.748792 0.000000
vt 0.743961 0.000000
vt 0.739130 0.000000
vt 0.734300 0.000000
vt 0.990338 0.000000
vt 0.951691 0.000000
vt 0.995169 0.000000
vt 0.946860 0.000000
vt 0.966184 0.000000
vt 0.956522 0.000000
vt 0.961353 0.000000
vt 0.937198 0.000000
vt 0.932367 0.000000
vt 0.942029 0.000000
vt 0.927536 0.000000
vt 0.980676 0.000000
vt 0.975845 0.000000
vt 0.985507 0.000000
vt 0.971014 0.000000
vt 0.367150 0.000000
vt 0.376812 0.000000
vt 0.371981 0.000000
vt 0.357488 0.000000
vt 0.362319 0.000000
vt 0.004831 0.000000
vt 0.009662 0.000000
vt 0.352657 0.000000
vt 0.347826 0.000000
vt 0.014493 0.000000
vt 0.019324 0.000000
vt 0.028986 0.000000
vt 0.024155 0.000000
vt 0.342995 0.000000
vt 0.033816 0.000000
vt 0.338164 0.000000
vt 0.038647 0.000000
vt 0.328502 0.000000
vt 0.043478 0.000000
vt 0.323671 0.000000
vt 0.318841 0.000000
vt 0.314010 0.000000
vt 0.309179 0.000000
vt 0.048309 0.000000
vt 0.304348 0.000000
vt 0.299517 0.000000
vt 0.294686 0.000000
vt 0.289855 0.000000
vt 0.285024 0.000000
vt 0.280193 0.000000
vt 0.207729 0.000000
vt 0.217391 0.000000
vt 0.212560 0.000000
vt 0.275362 0.000000
vt 0.227053 0.000000
vt 0.231884 0.000000
vt 0.053140 0.000000
vt 0.270531 0.000000
vt 0.236715 0.000000
vt 0.241546 0.000000
vt 0.246377 0.000000
vt 0.251208 0.000000
vt 0.256039 0.000000
vt 0.260870 0.000000
vt 0.265700 0.000000
vt 0.202899 0.000000
vt 0.057971 0.000000
vt 0.198068 0.000000
vt 0.193237 0.000000
vt 0.062802 0.000000
vt 0.188406 0.000000
vt 0.067633 0.000000
vt 0.183575 0.000000
vt 0.072464 0.000000
vt 0.178744 0.000000
vt 0.077295 0.000000
vt 0.082126 0.000000
vt 0.173913 0.000000
vt 0.086957 0.000000
vt 0.169082 0.000000
vt 0.091787 0.000000
vt 0.096618 0.000000
vt 0.164251 0.000000
vt 0.101449 0.000000
vt 0.106280 0.000000
vt 0.159420 0.000000
vt 0.115942 0.000000
vt 0.154589 0.000000
vt 0.120773 0.000000
vt 0.125604 0.000000
vt 0.130435 0.000000
vt 0.135266 0.000000
vt 0.140097 0.000000
vt 0.144928 0.000000
vt 0.149758 0.000000
vt 0.344538 0.000000
vt 0.260504 0.000000
vt 0.252101 0.000000
vt 0.268908 0.000000
vt 0.294118 0.000000
vt 0.277311 0.000000
vt 0.302521 0.000000
vt 0.327731 0.000000
vt 0.235294 0.000000
vt 0.336134 0.000000
vt 0.310924 0.000000
vt 0.226891 0.000000
vt 0.319328 0.000000
vt 0.243697 0.000000
vt 0.218487 0.000000
vt 0.554622 0.000000
vt 0.352941 0.000000
vt 0.563025 0.000000
vt 0.546219 0.000000
vt 0.361345 0.000000
vt 0.537815 0.000000
vt 0.369748 0.000000
vt 0.529412 0.000000
vt 0.378151 0.000000
vt 0.521008 0.000000
vt 0.386555 0.000000
vt 0.512605 0.000000
vt 0.394958 0.000000
vt 0.504202 0.000000
vt 0.403361 0.000000
vt 0.495798 0.000000
vt 0.411765 0.000000
vt 0.487395 0.000000
vt 0.420168 0.000000
vt 0.478992 0.000000
vt 0.470588 0.000000
vt 0.436975 0.000000
vt 0.462185 0.000000
vt 0.445378 0.000000
vt 0.453782 0.000000
vt 0.773109 0.000000
vt 0.781513 0.000000
vt 0.764706 0.000000
vt 0.579832 0.000000
vt 0.756303 0.000000
vt 0.588235 0.000000
vt 0.747899 0.000000
vt 0.596639 0.000000
vt 0.739496 0.000000
vt 0.605042 0.000000
vt 0.731092 0.000000
vt 0.613445 0.000000
vt 0.722689 0.000000
vt 0.621849 0.000000
vt 0.630252 0.000000
vt 0.638655 0.000000
vt 0.705882 0.000000
vt 0.647059 0.000000
vt 0.697479 0.000000
vt 0.655462 0.000000
vt 0.689076 0.000000
vt 0.663866 0.000000
vt 0.680672 0.000000
vt 0.672269 0.000000
vt 0.991597 0.000000
vt 0.789916 0.000000
vt 0.798319 0.000000
vt 0.983193 0.000000
vt 0.806723 0.000000
vt 0.974790 0.000000
vt 0.815126 0.000000
vt 0.966387 0.000000
vt 0.823529 0.000000
vt 0.957983 0.000000
vt 0.831933 0.000000
vt 0.949580 0.000000
vt 0.840336 0.000000
vt 0.941176 0.000000
vt 0.848740 0.000000
vt 0.932773 0.000000
vt 0.924370 0.000000
vt 0.865546 0.000000
vt 0.915966 0.000000
vt 0.873950 0.000000
vt 0.907563 0.000000
vt 0.882353 0.000000
vt 0.899160 0.000000
vt 0.890756 0.000000
vt 0.193277 0.000000
vt 0.210084 0.000000
vt 0.201681 0.000000
vt 0.184874 0.000000
vt 0.176471 0.000000
vt 0.008403 0.000000
vt 0.168067 0.000000
vt 0.016807 0.000000
vt 0.159664 0.000000
vt 0.025210 0.000000
vt 0.151261 0.000000
vt 0.033613 0.000000
vt 0.042017 0.000000
vt 0.134454 0.000000
vt 0.050420 0.000000
vt 0.126050 0.000000
vt 0.058824 0.000000
vt 0.117647 0.000000
vt 0.067227 0.000000
vt 0.109244 0.000000
vt 0.100840 0.000000
vt 0.075630 0.000000
vt 0.092437 0.000000
vt 0.084034 0.000000
vt 0.231579 0.000000
vt 0.252632 0.000000
vt 0.242105 0.000000
vt 0.221053 0.000000
vt 0.273684 0.000000
vt 0.284211 0.000000
vt 0.189474 0.000000
vt 0.294737 0.000000
vt 0.178947 0.000000
vt 0.305263 0.000000
vt 0.505263 0.000000
vt 0.989474 0.000000
vt 0.515789 0.000000
vt 0.978947 0.000000
vt 0.168421 0.000000
vt 0.968421 0.000000
vt 0.536842 0.000000
vt 0.957895 0.000000
vt 0.547368 0.000000
vt 0.326316 0.000000
vt 0.557895 0.000000
vt 0.936842 0.000000
vt 0.568421 0.000000
vt 0.926316 0.000000
vt 0.147368 0.000000
vt 0.336842 0.000000
vt 0.915789 0.000000
vt 0.136842 0.000000
vt 0.347368 0.000000
vt 0.589474 0.000000
vt 0.905263 0.000000
vt 0.126316 0.000000
vt 0.357895 0.000000
vt 0.610526 0.000000
vt 0.884211 0.000000
vt 0.115789 0.000000
vt 0.621053 0.000000
vt 0.873684 0.000000
vt 0.863158 0.000000
vt 0.378947 0.000000
vt 0.642105 0.000000
vt 0.852632 0.000000
vt 0.094737 0.000000
vt 0.389474 0.000000
vt 0.652632 0.000000
vt 0.084211 0.000000
vt 0.831579 0.000000
vt 0.663158 0.000000
vt 0.821053 0.000000
vt 0.673684 0.000000
vt 0.073684 0.000000
vt 0.410526 0.000000
vt 0.810526 0.000000
vt 0.063158 0.000000
vt 0.694737 0.000000
vt 0.705263 0.000000
vt 0.431579 0.000000
vt 0.778947 0.000000
vt 0.715789 0.000000
vt 0.768421 0.000000
vt 0.726316 0.000000
vt 0.757895 0.000000
vt 0.042105 0.000000
vt 0.442105 0.000000
vt 0.747368 0.000000
vt 0.031579 0.000000
vt 0.452632 0.000000
vt 0.021053 0.000000
vt 0.463158 0.000000
vt 0.010526 0.000000
vt 0.484211 0.000000
vt 0.494737 0.000000
vt 0.000000 1.000000
vt 0.250000 1.000000
vt 0.500000 1.000000
vt 0.750000 1.000000
vt 1.000000 1.000000
vt 0.020833 1.000000
vt 0.041667 1.000000
vt 0.062500 1.000000
vt 0.083333 1.000000
vt 0.104167 1.000000
vt 0.125000 1.000000
vt 0.145833 1.000000
vt 0.166667 1.000000
vt 0.187500 1.000000
vt 0.208333 1.000000
vt 0.229167 1.000000
vt 0.270833 1.000000
vt 0.291667 1.000000
vt 0.312500 1.000000
vt 0.333333 1.000000
vt 0.354167 1.000000
vt 0.375000 1.000000
vt 0.395833 1.000000
vt 0.416667 1.000000
vt 0.437500 1.000000
vt 0.458333 1.000000
vt 0.479167 1.000000
vt 0.520833 1.000000
vt 0.541667 1.000000
vt 0.562500 1.000000
vt 0.583333 1.000000
vt 0.604167 1.000000
vt 0.625000 1.000000
vt 0.645833 1.000000
vt 0.666667 1.000000
vt 0.687500 1.000000
vt 0.708333 1.000000
vt 0.729167 1.000000
vt 0.770833 1.000000
vt 0.791667 1.000000
vt 0.812500 1.000000
vt 0.833333 1.000000
vt 0.854167 1.000000
vt 0.875000 1.000000
vt 0.895833 1.000000
vt 0.916667 1.000000
vt 0.937500 1.000000
vt 0.958333 1.000000
vt 0.979167 1.000000
vt 0.038462 1.000000
vt 0.038462 0.000000
vt 0.076923 1.000000
vt 0.076923 0.000000
vt 0.115385 1.000000
vt 0.115385 0.000000
vt 0.153846 1.000000
vt 0.153846 0.000000
vt 0.192308 1.000000
vt 0.192308 0.000000
vt 0.230769 1.000000
vt 0.230769 0.000000
vt 0.269231 1.000000
vt 0.269231 0.000000
vt 0.307692 1.000000
vt 0.307692 0.000000
vt 0.346154 1.000000
vt 0.346154 0.000000
vt 0.384615 1.000000
vt 0.384615 0.000000
vt 0.423077 1.000000
vt 0.423077 0.000000
vt 0.461538 1.000000
vt 0.461538 0.000000
vt 0.538462 1.000000
vt 0.538462 0.000000
vt 0.576923 1.000000
vt 0.576923 0.000000
vt 0.615385 1.000000
vt 0.615385 0.000000
vt 0.653846 1.000000
vt 0.653846 0.000000
vt 0.692308 1.000000
vt 0.692308 0.000000
vt 0.730769 1.000000
vt 0.730769 0.000000
vt 0.769231 1.000000
vt 0.769231 0.000000
vt 0.807692 1.000000
vt 0.807692 0.000000
vt 0.846154 1.000000
vt 0.846154 0.000000
vt 0.884615 1.000000
vt 0.884615 0.000000
vt 0.923077 1.000000
vt 0.923077 0.000000
vt 0.961538 1.000000
vt 0.961538 0.000000
vt 0.003356 1.000000
vt 0.003356 0.000000
vt 0.006711 1.000000
vt 0.006711 0.000000
vt 0.010067 1.000000
vt 0.010067 0.000000
vt 0.013423 1.000000
vt 0.013423 0.000000
vt 0.016779 1.000000
vt 0.016779 0.000000
vt 0.020134 1.000000
vt 0.020134 0.000000
vt 0.023490 1.000000
vt 0.023490 0.000000
vt 0.026846 1.000000
vt 0.026846 0.000000
vt 0.030201 1.000000
vt 0.030201 0.000000
vt 0.033557 1.000000
vt 0.033557 0.000000
vt 0.036913 1.000000
vt 0.036913 0.000000
vt 0.040268 1.000000
vt 0.040268 0.000000
vt 0.043624 1.000000
vt 0.043624 0.000000
vt 0.046980 1.000000
vt 0.046980 0.000000
vt 0.050336 1.000000
vt 0.050336 0.000000
vt 0.053691 1.000000
vt 0.053691 0.000000
vt 0.057047 1.000000
vt 0.057047 0.000000
vt 0.060403 1.000000
vt 0.060403 0.000000
vt 0.063758 1.000000
vt 0.063758 0.000000
vt 0.067114 1.000000
vt 0.067114 0.000000
vt 0.070470 1.000000
vt 0.070470 0.000000
vt 0.073826 1.000000
vt 0.073826 0.000000
vt 0.077181 1.000000
vt 0.077181 0.000000
vt 0.080537 1.000000
vt 0.080537 0.000000
vt 0.083893 1.000000
vt 0.083893 0.000000
vt 0.087248 1.000000
vt 0.087248 0.000000
vt 0.090604 1.000000
vt 0.090604 0.000000
vt 0.093960 1.000000
vt 0.093960 0.000000
vt 0.097315 1.000000
vt 0.097315 0.000000
vt 0.100671 1.000000
vt 0.100671 0.000000
vt 0.104027 1.000000
vt 0.104027 0.000000
vt 0.107383 1.000000
vt 0.107383 0.000000
vt 0.110738 1.000000
vt 0.110738 0.000000
vt 0.114094 1.000000
vt 0.114094 0.000000
vt 0.117450 1.000000
vt 0.117450 0.000000
vt 0.120805 1.000000
vt 0.120805 0.000000
vt 0.124161 1.000000
vt 0.124161 0.000000
vt 0.127517 1.000000
vt 0.127517 0.000000
vt 0.130872 1.000000
vt 0.130872 0.000000
vt 0.134228 1.000000
vt 0.134228 0.000000
vt 0.137584 1.000000
vt 0.137584 0.000000
vt 0.140940 1.000000
vt 0.140940 0.000000
vt 0.144295 1.000000
vt 0.144295 0.000000
vt 0.147651 1.000000
vt 0.147651 0.000000
vt 0.151007 1.000000
vt 0.151007 0.000000
vt 0.154362 1.000000
vt 0.154362 0.000000
vt 0.157718 1.000000
vt 0.157718 0.000000
vt 0.161074 1.000000
vt 0.161074 0.000000
vt 0.164430 1.000000
vt 0.164430 0.000000
vt 0.167785 1.000000
vt 0.167785 0.000000
vt 0.171141 1.000000
vt 0.171141 0.000000
vt 0.174497 1.000000
vt 0.174497 0.000000
vt 0.177852 1.000000
vt 0.177852 0.000000
vt 0.181208 1.000000
vt 0.181208 0.000000
vt 0.184564 1.000000
vt 0.184564 0.000000
vt 0.187919 1.000000
vt 0.187919 0.000000
vt 0.191275 1.000000
vt 0.191275 0.000000
vt 0.194631 1.000000
vt 0.194631 0.000000
vt 0.197987 1.000000
vt 0.197987 0.000000
vt 0.201342 1.000000
vt 0.201342 0.000000
vt 0.204698 1.000000
vt 0.204698 0.000000
vt 0.208054 1.000000
vt 0.208054 0.000000
vt 0.211409 1.000000
vt 0.211409 0.000000
vt 0.214765 1.000000
vt 0.214765 0.000000
vt 0.218121 1.000000
vt 0.218121 0.000000
vt 0.221477 1.000000
vt 0.221477 0.000000
vt 0.224832 1.000000
vt 0.224832 0.000000
vt 0.228188 1.000000
vt 0.228188 0.000000
vt 0.231544 1.000000
vt 0.231544 0.000000
vt 0.234899 1.000000
vt 0.234899 0.000000
vt 0.238255 1.000000
vt 0.238255 0.000000
vt 0.241611 1.000000
vt 0.241611 0.000000
vt 0.244966 1.000000
vt 0.244966 0.000000
vt 0.248322 1.000000
vt 0.248322 0.000000
vt 0.251678 1.000000
vt 0.251678 0.000000
vt 0.255034 1.000000
vt 0.255034 0.000000
vt 0.258389 1.000000
vt 0.258389 0.000000
vt 0.261745 1.000000
vt 0.261745 0.000000
vt 0.265101 1.000000
vt 0.265101 0.000000
vt 0.268456 1.000000
vt 0.268456 0.000000
vt 0.271812 1.000000
vt 0.271812 0.000000
vt 0.275168 1.000000
vt 0.275168 0.000000
vt 0.278524 1.000000
vt 0.278524 0.000000
vt 0.281879 1.000000
vt 0.281879 0.000000
vt 0.285235 1.000000
vt 0.285235 0.000000
vt 0.288591 1.000000
vt 0.288591 0.000000
vt 0.291946 1.000000
vt 0.291946 0.000000
vt 0.295302 1.000000
vt 0.295302 0.000000
vt 0.298658 1.000000
vt 0.298658 0.000000
vt 0.302013 1.000000
vt 0.302013 0.000000
vt 0.305369 1.000000
vt 0.305369 0.000000
vt 0.308725 1.000000
vt 0.308725 0.000000
vt 0.312081 1.000000
vt 0.312081 0.000000
vt 0.315436 1.000000
vt 0.315436 0.000000
vt 0.318792 1.000000
vt 0.318792 0.000000
vt 0.322148 1.000000
vt 0.322148 0.000000
vt 0.325503 1.000000
vt 0.325503 0.000000
vt 0.328859 1.000000
vt 0.328859 0.000000
vt 0.332215 1.000000
vt 0.332215 0.000000
vt 0.335570 1.000000
vt 0.335570 0.000000
vt 0.338926 1.000000
vt 0.338926 0.000000
vt 0.342282 1.000000
vt 0.342282 0.000000
vt 0.345638 1.000000
vt 0.345638 0.000000
vt 0.348993 1.000000
vt 0.348993 0.000000
vt 0.352349 1.000000
vt 0.352349 0.000000
vt 0.355705 1.000000
vt 0.355705 0.000000
vt 0.359060 1.000000
vt 0.359060 0.000000
vt 0.362416 1.000000
vt 0.362416 0.000000
vt 0.365772 1.000000
vt 0.365772 0.000000
vt 0.369128 1.000000
vt 0.369128 0.000000
vt 0.372483 1.000000
vt 0.372483 0.000000
vt 0.375839 1.000000
vt 0.375839 0.000000
vt 0.379195 1.000000
vt 0.379195 0.000000
vt 0.382550 1.000000
vt 0.382550 0.000000
vt 0.385906 1.000000
vt 0.385906 0.000000
vt 0.389262 1.000000
vt 0.389262 0.000000
vt 0.392617 1.000000
vt 0.392617 0.000000
vt 0.395973 1.000000
vt 0.395973 0.000000
vt 0.399329 1.000000
vt 0.399329 0.000000
vt 0.402685 1.000000
vt 0.402685 0.000000
vt 0.406040 1.000000
vt 0.406040 0.000000
vt 0.409396 1.000000
vt 0.409396 0.000000
vt 0.412752 1.000000
vt 0.412752 0.000000
vt 0.416107 1.000000
vt 0.416107 0.000000
vt 0.419463 1.000000
vt 0.419463 0.000000
vt 0.422819 1.000000
vt 0.422819 0.000000
vt 0.426174 1.000000
vt 0.426174 0.000000
vt 0.429530 1.000000
vt 0.429530 0.000000
vt 0.432886 1.000000
vt 0.432886 0.000000
vt 0.436242 1.000000
vt 0.436242 0.000000
vt 0.439597 1.000000
vt 0.439597 0.000000
vt 0.442953 1.000000
vt 0.442953 0.000000
vt 0.446309 1.000000
vt 0.446309 0.000000
vt 0.449664 1.000000
vt 0.449664 0.000000
vt 0.453020 1.000000
vt 0.453020 0.000000
vt 0.456376 1.000000
vt 0.456376 0.000000
vt 0.459732 1.000000
vt 0.459732 0.000000
vt 0.463087 1.000000
vt 0.463087 0.000000
vt 0.466443 1.000000
vt 0.466443 0.000000
vt 0.469799 1.000000
vt 0.469799 0.000000
vt 0.473154 1.000000
vt 0.473154 0.000000
vt 0.476510 1.000000
vt 0.476510 0.000000
vt 0.479866 1.000000
vt 0.479866 0.000000
vt 0.483221 1.000000
vt 0.483221 0.000000
vt 0.486577 1.000000
vt 0.486577 0.000000
vt 0.489933 1.000000
vt 0.489933 0.000000
vt 0.493289 1.000000
vt 0.493289 0.000000
vt 0.496644 1.000000
vt 0.496644 0.000000
vt 0.503356 1.000000
vt 0.503356 0.000000
vt 0.506711 1.000000
vt 0.506711 0.000000
vt 0.510067 1.000000
vt 0.510067 0.000000
vt 0.513423 1.000000
vt 0.513423 0.000000
vt 0.516779 1.000000
vt 0.516779 0.000000
vt 0.520134 1.000000
vt 0.520134 0.000000
vt 0.523490 1.000000
vt 0.523490 0.000000
vt 0.526846 1.000000
vt 0.526846 0.000000
vt 0.530201 1.000000
vt 0.530201 0.000000
vt 0.533557 1.000000
vt 0.533557 0.000000
vt 0.536913 1.000000
vt 0.536913 0.000000
vt 0.540268 1.000000
vt 0.540268 0.000000
vt 0.543624 1.000000
vt 0.543624 0.000000
vt 0.546980 1.000000
vt 0.546980 0.000000
vt 0.550336 1.000000
vt 0.550336 0.000000
vt 0.553691 1.000000
vt 0.553691 0.000000
vt 0.557047 1.000000
vt 0.557047 0.000000
vt 0.560403 1.000000
vt 0.560403 0.000000
vt 0.563758 1.000000
vt 0.563758 0.000000
vt 0.567114 1.000000
vt 0.567114 0.000000
vt 0.570470 1.000000
vt 0.570470 0.000000
vt 0.573825 1.000000
vt 0.573825 0.000000
vt 0.577181 1.000000
vt 0.577181 0.000000
vt 0.580537 1.000000
vt 0.580537 0.000000
vt 0.583893 1.000000
vt 0.583893 0.000000
vt 0.587248 1.000000
vt 0.587248 0.000000
vt 0.590604 1.000000
vt 0.590604 0.000000
vt 0.593960 1.000000
vt 0.593960 0.000000
vt 0.597315 1.000000
vt 0.597315 0.000000
vt 0.600671 1.000000
vt 0.600671 0.000000
vt 0.604027 1.000000
vt 0.604027 0.000000
vt 0.607383 1.000000
vt 0.607383 0.000000
vt 0.610738 1.000000
vt 0.610738 0.000000
vt 0.614094 1.000000
vt 0.614094 0.000000
vt 0.617450 1.000000
vt 0.617450 0.000000
vt 0.620805 1.000000
vt 0.620805 0.000000
vt 0.624161 1.000000
vt 0.624161 0.000000
vt 0.627517 1.000000
vt 0.627517 0.000000
vt 0.630872 1.000000
vt 0.630872 0.000000
vt 0.634228 1.000000
vt 0.634228 0.000000
vt 0.637584 1.000000
vt 0.637584 0.000000
vt 0.640940 1.000000
vt 0.640940 0.000000
vt 0.644295 1.000000
vt 0.644295 0.000000
vt 0.647651 1.000000
vt 0.647651 0.000000
vt 0.651007 1.000000
vt 0.651007 0.000000
vt 0.654362 1.000000
vt 0.654362 0.000000
vt 0.657718 1.000000
vt 0.657718 0.000000
vt 0.661074 1.000000
vt 0.661074 0.000000
vt 0.664430 1.000000
vt 0.664430 0.000000
vt 0.667785 1.000000
vt 0.667785 0.000000
vt 0.671141 1.000000
vt 0.671141 0.000000
vt 0.674497 1.000000
vt 0.674497 0.000000
vt 0.677852 1.000000
vt 0.677852 0.000000
vt 0.681208 1.000000
vt 0.681208 0.000000
vt 0.684564 1.000000
vt 0.684564 0.000000
vt 0.687919 1.000000
vt 0.687919 0.000000
vt 0.691275 1.000000
vt 0.691275 0.000000
vt 0.694631 1.000000
vt 0.694631 0.000000
vt 0.697987 1.000000
vt 0.697987 0.000000
vt 0.701342 1.000000
vt 0.701342 0.000000
vt 0.704698 1.000000
vt 0.704698 0.000000
vt 0.708054 1.000000
vt 0.708054 0.000000
vt 0.711409 1.000000
vt 0.711409 0.000000
vt 0.714765 1.000000
vt 0.714765 0.000000
vt 0.718121 1.000000
vt 0.718121 0.000000
vt 0.721476 1.000000
vt 0.721476 0.000000
vt 0.724832 1.000000
vt 0.724832 0.000000
vt 0.728188 1.000000
vt 0.728188 0.000000
vt 0.731544 1.000000
vt 0.731544 0.000000
vt 0.734899 1.000000
vt 0.734899 0.000000
vt 0.738255 1.000000
vt 0.738255 0.000000
vt 0.741611 1.000000
vt 0.741611 0.000000
vt 0.744966 1.000000
vt 0.744966 0.000000
vt 0.748322 1.000000
vt 0.748322 0.000000
vt 0.751678 1.000000
vt 0.751678 0.000000
vt 0.755034 1.000000
vt 0.755034 0.000000
vt 0.758389 1.000000
vt 0.758389 0.000000
vt 0.761745 1.000000
vt 0.761745 0.000000
vt 0.765101 1.000000
vt 0.765101 0.000000
vt 0.768456 1.000000
vt 0.768456 0.000000
vt 0.771812 1.000000
vt 0.771812 0.000000
vt 0.775168 1.000000
vt 0.775168 0.000000
vt 0.778524 1.000000
vt 0.778524 0.000000
vt 0.781879 1.000000
vt 0.781879 0.000000
vt 0.785235 1.000000
vt 0.785235 0.000000
vt 0.788591 1.000000
vt 0.788591 0.000000
vt 0.791946 1.000000
vt 0.791946 0.000000
vt 0.795302 1.000000
vt 0.795302 0.000000
vt 0.798658 1.000000
vt 0.798658 0.000000
vt 0.802013 1.000000
vt 0.802013 0.000000
vt 0.805369 1.000000
vt 0.805369 0.000000
vt 0.808725 1.000000
vt 0.808725 0.000000
vt 0.812081 1.000000
vt 0.812081 0.000000
vt 0.815436 1.000000
vt 0.815436 0.000000
vt 0.818792 1.000000
vt 0.818792 0.000000
vt 0.822148 1.000000
vt 0.822148 0.000000
vt 0.825503 1.000000
vt 0.825503 0.000000
vt 0.828859 1.000000
vt 0.828859 0.000000
vt 0.832215 1.000000
vt 0.832215 0.000000
vt 0.835570 1.000000
vt 0.835570 0.000000
vt 0.838926 1.000000
vt 0.838926 0.000000
vt 0.842282 1.000000
vt 0.842282 0.000000
vt 0.845638 1.000000
vt 0.845638 0.000000
vt 0.848993 1.000000
vt 0.848993 0.000000
vt 0.852349 1.000000
vt 0.852349 0.000000
vt 0.855705 1.000000
vt 0.855705 0.000000
vt 0.859060 1.000000
vt 0.859060 0.000000
vt 0.862416 1.000000
vt 0.862416 0.000000
vt 0.865772 1.000000
vt 0.865772 0.000000
vt 0.869128 1.000000
vt 0.869128 0.000000
vt 0.872483 1.000000
vt 0.872483 0.000000
vt 0.875839 1.000000
vt 0.875839 0.000000
vt 0.879195 1.000000
vt 0.879195 0.000000
vt 0.882550 1.000000
vt 0.882550 0.000000
vt 0.885906 1.000000
vt 0.885906 0.000000
vt 0.889262 1.000000
vt 0.889262 0.000000
vt 0.892617 1.000000
vt 0.892617 0.000000
vt 0.895973 1.000000
vt 0.895973 0.000000
vt 0.899329 1.000000
vt 0.899329 0.000000
vt 0.902685 1.000000
vt 0.902685 0.000000
vt 0.906040 1.000000
vt 0.906040 0.000000
vt 0.909396 1.000000
vt 0.909396 0.000000
vt 0.912752 1.000000
vt 0.912752 0.000000
vt 0.916107 1.000000
vt 0.916107 0.000000
vt 0.919463 1.000000
vt 0.919463 0.000000
vt 0.922819 1.000000
vt 0.922819 0.000000
vt 0.926175 1.000000
vt 0.926175 0.000000
vt 0.929530 1.000000
vt 0.929530 0.000000
vt 0.932886 1.000000
vt 0.932886 0.000000
vt 0.936242 1.000000
vt 0.936242 0.000000
vt 0.939597 1.000000
vt 0.939597 0.000000
vt 0.942953 1.000000
vt 0.942953 0.000000
vt 0.946309 1.000000
vt 0.946309 0.000000
vt 0.949664 1.000000
vt 0.949664 0.000000
vt 0.953020 1.000000
vt 0.953020 0.000000
vt 0.956376 1.000000
vt 0.956376 0.000000
vt 0.959732 1.000000
vt 0.959732 0.000000
vt 0.963087 1.000000
vt 0.963087 0.000000
vt 0.966443 1.000000
vt 0.966443 0.000000
vt 0.969799 1.000000
vt 0.969799 0.000000
vt 0.973154 1.000000
vt 0.973154 0.000000
vt 0.976510 1.000000
vt 0.976510 0.000000
vt 0.979866 1.000000
vt 0.979866 0.000000
vt 0.983221 1.000000
vt 0.983221 0.000000
vt 0.986577 1.000000
vt 0.986577 0.000000
vt 0.989933 1.000000
vt 0.989933 0.000000
vt 0.993289 1.000000
vt 0.993289 0.000000
vt 0.996644 1.000000
vt 0.996644 0.000000
vt 0.008850 1.000000
vt 0.008850 0.000000
vt 0.017699 1.000000
vt 0.017699 0.000000
vt 0.026549 1.000000
vt 0.026549 0.000000
vt 0.035398 1.000000
vt 0.035398 0.000000
vt 0.044248 1.000000
vt 0.044248 0.000000
vt 0.053097 1.000000
vt 0.053097 0.000000
vt 0.061947 1.000000
vt 0.061947 0.000000
vt 0.070796 1.000000
vt 0.070796 0.000000
vt 0.079646 1.000000
vt 0.079646 0.000000
vt 0.088496 1.000000
vt 0.088496 0.000000
vt 0.097345 1.000000
vt 0.097345 0.000000
vt 0.106195 1.000000
vt 0.106195 0.000000
vt 0.115044 1.000000
vt 0.115044 0.000000
vt 0.123894 1.000000
vt 0.123894 0.000000
vt 0.132743 1.000000
vt 0.132743 0.000000
vt 0.141593 1.000000
vt 0.141593 0.000000
vt 0.150442 1.000000
vt 0.150442 0.000000
vt 0.159292 1.000000
vt 0.159292 0.000000
vt 0.168142 1.000000
vt 0.168142 0.000000
vt 0.176991 1.000000
vt 0.176991 0.000000
vt 0.185841 1.000000
vt 0.185841 0.000000
vt 0.194690 1.000000
vt 0.194690 0.000000
vt 0.203540 1.000000
vt 0.203540 0.000000
vt 0.212389 1.000000
vt 0.212389 0.000000
vt 0.221239 1.000000
vt 0.221239 0.000000
vt 0.230089 1.000000
vt 0.230089 0.000000
vt 0.238938 1.000000
vt 0.238938 0.000000
vt 0.247788 1.000000
vt 0.247788 0.000000
vt 0.256637 1.000000
vt 0.256637 0.000000
vt 0.265487 1.000000
vt 0.265487 0.000000
vt 0.274336 1.000000
vt 0.274336 0.000000
vt 0.283186 1.000000
vt 0.283186 0.000000
vt 0.292035 1.000000
vt 0.292035 0.000000
vt 0.300885 1.000000
vt 0.300885 0.000000
vt 0.309735 1.000000
vt 0.309735 0.000000
vt 0.318584 1.000000
vt 0.318584 0.000000
vt 0.327434 1.000000
vt 0.327434 0.000000
vt 0.336283 1.000000
vt 0.336283 0.000000
vt 0.345133 1.000000
vt 0.345133 0.000000
vt 0.353982 1.000000
vt 0.353982 0.000000
vt 0.362832 1.000000
vt 0.362832 0.000000
vt 0.371681 1.000000
vt 0.371681 0.000000
vt 0.380531 1.000000
vt 0.380531 0.000000
vt 0.389381 1.000000
vt 0.389381 0.000000
vt 0.398230 1.000000
vt 0.398230 0.000000
vt 0.407080 1.000000
vt 0.407080 0.000000
vt 0.415929 1.000000
vt 0.415929 0.000000
vt 0.424779 1.000000
vt 0.424779 0.000000
vt 0.433628 1.000000
vt 0.433628 0.000000
vt 0.442478 1.000000
vt 0.442478 0.000000
vt 0.451327 1.000000
vt 0.451327 0.000000
vt 0.460177 1.000000
vt 0.460177 0.000000
vt 0.469027 1.000000
vt 0.469027 0.000000
vt 0.477876 1.000000
vt 0.477876 0.000000
vt 0.486726 1.000000
vt 0.486726 0.000000
vt 0.495575 1.000000
vt 0.495575 0.000000
vt 0.504425 1.000000
vt 0.504425 0.000000
vt 0.513274 1.000000
vt 0.513274 0.000000
vt 0.522124 1.000000
vt 0.522124 0.000000
vt 0.530973 1.000000
vt 0.530973 0.000000
vt 0.539823 1.000000
vt 0.539823 0.000000
vt 0.548673 1.000000
vt 0.548673 0.000000
vt 0.557522 1.000000
vt 0.557522 0.000000
vt 0.566372 1.000000
vt 0.566372 0.000000
vt 0.575221 1.000000
vt 0.575221 0.000000
vt 0.584071 1.000000
vt 0.584071 0.000000
vt 0.592920 1.000000
vt 0.592920 0.000000
vt 0.601770 1.000000
vt 0.601770 0.000000
vt 0.610619 1.000000
vt 0.610619 0.000000
vt 0.619469 1.000000
vt 0.619469 0.000000
vt 0.628319 1.000000
vt 0.628319 0.000000
vt 0.637168 1.000000
vt 0.637168 0.000000
vt 0.646018 1.000000
vt 0.646018 0.000000
vt 0.654867 1.000000
vt 0.654867 0.000000
vt 0.663717 1.000000
vt 0.663717 0.000000
vt 0.672566 1.000000
vt 0.672566 0.000000
vt 0.681416 1.000000
vt 0.681416 0.000000
vt 0.690265 1.000000
vt 0.690265 0.000000
vt 0.699115 1.000000
vt 0.699115 0.000000
vt 0.707965 1.000000
vt 0.707965 0.000000
vt 0.716814 1.000000
vt 0.716814 0.000000
vt 0.725664 1.000000
vt 0.725664 0.000000
vt 0.734513 1.000000
vt 0.734513 0.000000
vt 0.743363 1.000000
vt 0.743363 0.000000
vt 0.752212 1.000000
vt 0.752212 0.000000
vt 0.761062 1.000000
vt 0.761062 0.000000
vt 0.769912 1.000000
vt 0.769912 0.000000
vt 0.778761 1.000000
vt 0.778761 0.000000
vt 0.787611 1.000000
vt 0.787611 0.000000
vt 0.796460 1.000000
vt 0.796460 0.000000
vt 0.805310 1.000000
vt 0.805310 0.000000
vt 0.814159 1.000000
vt 0.814159 0.000000
vt 0.823009 1.000000
vt 0.823009 0.000000
vt 0.831858 1.000000
vt 0.831858 0.000000
vt 0.840708 1.000000
vt 0.840708 0.000000
vt 0.849558 1.000000
vt 0.849558 0.000000
vt 0.858407 1.000000
vt 0.858407 0.000000
vt 0.867257 1.000000
vt 0.867257 0.000000
vt 0.876106 1.000000
vt 0.876106 0.000000
vt 0.884956 1.000000
vt 0.884956 0.000000
vt 0.893805 1.000000
vt 0.893805 0.000000
vt 0.902655 1.000000
vt 0.902655 0.000000
vt 0.911504 1.000000
vt 0.911504 0.000000
vt 0.920354 1.000000
vt 0.920354 0.000000
vt 0.929204 1.000000
vt 0.929204 0.000000
vt 0.938053 1.000000
vt 0.938053 0.000000
vt 0.946903 1.000000
vt 0.946903 0.000000
vt 0.955752 1.000000
vt 0.955752 0.000000
vt 0.964602 1.000000
vt 0.964602 0.000000
vt 0.973451 1.000000
vt 0.973451 0.000000
vt 0.982301 1.000000
vt 0.982301 0.000000
vt 0.991150 1.000000
vt 0.991150 0.000000
vt 0.012658 1.000000
vt 0.012658 0.000000
vt 0.025316 1.000000
vt 0.025316 0.000000
vt 0.037975 1.000000
vt 0.037975 0.000000
vt 0.050633 1.000000
vt 0.050633 0.000000
vt 0.063291 1.000000
vt 0.063291 0.000000
vt 0.075949 1.000000
vt 0.075949 0.000000
vt 0.088608 1.000000
vt 0.088608 0.000000
vt 0.101266 1.000000
vt 0.101266 0.000000
vt 0.113924 1.000000
vt 0.113924 0.000000
vt 0.126582 1.000000
vt 0.126582 0.000000
vt 0.139241 1.000000
vt 0.139241 0.000000
vt 0.151899 1.000000
vt 0.151899 0.000000
vt 0.164557 1.000000
vt 0.164557 0.000000
vt 0.177215 1.000000
vt 0.177215 0.000000
vt 0.189873 1.000000
vt 0.189873 0.000000
vt 0.202532 1.000000
vt 0.202532 0.000000
vt 0.215190 1.000000
vt 0.215190 0.000000
vt 0.227848 1.000000
vt 0.227848 0.000000
vt 0.240506 1.000000
vt 0.240506 0.000000
vt 0.253165 1.000000
vt 0.253165 0.000000
vt 0.265823 1.000000
vt 0.265823 0.000000
vt 0.278481 1.000000
vt 0.278481 0.000000
vt 0.291139 1.000000
vt 0.291139 0.000000
vt 0.303797 1.000000
vt 0.303797 0.000000
vt 0.316456 1.000000
vt 0.316456 0.000000
vt 0.329114 1.000000
vt 0.329114 0.000000
vt 0.341772 1.000000
vt 0.341772 0.000000
vt 0.354430 1.000000
vt 0.354430 0.000000
vt 0.367089 1.000000
vt 0.367089 0.000000
vt 0.379747 1.000000
vt 0.379747 0.000000
vt 0.392405 1.000000
vt 0.392405 0.000000
vt 0.405063 1.000000
vt 0.405063 0.000000
vt 0.417722 1.000000
vt 0.417722 0.000000
vt 0.430380 1.000000
vt 0.430380 0.000000
vt 0.443038 1.000000
vt 0.443038 0.000000
vt 0.455696 1.000000
vt 0.455696 0.000000
vt 0.468354 1.000000
vt 0.468354 0.000000
vt 0.481013 1.000000
vt 0.481013 0.000000
vt 0.493671 1.000000
vt 0.493671 0.000000
vt 0.506329 1.000000
vt 0.506329 0.000000
vt 0.518987 1.000000
vt 0.518987 0.000000
vt 0.531646 1.000000
vt 0.531646 0.000000
vt 0.544304 1.000000
vt 0.544304 0.000000
vt 0.556962 1.000000
vt 0.556962 0.000000
vt 0.569620 1.000000
vt 0.569620 0.000000
vt 0.582278 1.000000
vt 0.582278 0.000000
vt 0.594937 1.000000
vt 0.594937 0.000000
vt 0.607595 1.000000
vt 0.607595 0.000000
vt 0.620253 1.000000
vt 0.620253 0.000000
vt 0.632911 1.000000
vt 0.632911 0.000000
vt 0.645570 1.000000
vt 0.645570 0.000000
vt 0.658228 1.000000
vt 0.658228 0.000000
vt 0.670886 1.000000
vt 0.670886 0.000000
vt 0.683544 1.000000
vt 0.683544 0.000000
vt 0.696203 1.000000
vt 0.696203 0.000000
vt 0.708861 1.000000
vt 0.708861 0.000000
vt 0.721519 1.000000
vt 0.721519 0.000000
vt 0.734177 1.000000
vt 0.734177 0.000000
vt 0.746835 1.000000
vt 0.746835 0.000000
vt 0.759494 1.000000
vt 0.759494 0.000000
vt 0.772152 1.000000
vt 0.772152 0.000000
vt 0.784810 1.000000
vt 0.784810 0.000000
vt 0.797468 1.000000
vt 0.797468 0.000000
vt 0.810127 1.000000
vt 0.810127 0.000000
vt 0.822785 1.000000
vt 0.822785 0.000000
vt 0.835443 1.000000
vt 0.835443 0.000000
vt 0.848101 1.000000
vt 0.848101 0.000000
vt 0.860759 1.000000
vt 0.860759 0.000000
vt 0.873418 1.000000
vt 0.873418 0.000000
vt 0.886076 1.000000
vt 0.886076 0.000000
vt 0.898734 1.000000
vt 0.898734 0.000000
vt 0.911392 1.000000
vt 0.911392 0.000000
vt 0.924051 1.000000
vt 0.924051 0.000000
vt 0.936709 1.000000
vt 0.936709 0.000000
vt 0.949367 1.000000
vt 0.949367 0.000000
vt 0.962025 1.000000
vt 0.962025 0.000000
vt 0.974684 1.000000
vt 0.974684 0.000000
vt 0.987342 1.000000
vt 0.987342 0.000000
vt 0.003460 1.000000
vt 0.003460 0.000000
vt 0.006920 1.000000
vt 0.006920 0.000000
vt 0.010381 1.000000
vt 0.010381 0.000000
vt 0.013841 1.000000
vt 0.013841 0.000000
vt 0.017301 1.000000
vt 0.017301 0.000000
vt 0.020761 1.000000
vt 0.020761 0.000000
vt 0.024221 1.000000
vt 0.024221 0.000000
vt 0.027682 1.000000
vt 0.027682 0.000000
vt 0.031142 1.000000
vt 0.031142 0.000000
vt 0.034602 1.000000
vt 0.034602 0.000000
vt 0.038062 1.000000
vt 0.038062 0.000000
vt 0.041522 1.000000
vt 0.041522 0.000000
vt 0.044983 1.000000
vt 0.044983 0.000000
vt 0.048443 1.000000
vt 0.048443 0.000000
vt 0.051903 1.000000
vt 0.051903 0.000000
vt 0.055363 1.000000
vt 0.055363 0.000000
vt 0.058824 1.000000
vt 0.062284 1.000000
vt 0.062284 0.000000
vt 0.065744 1.000000
vt 0.065744 0.000000
vt 0.069204 1.000000
vt 0.069204 0.000000
vt 0.072664 1.000000
vt 0.072664 0.000000
vt 0.076125 1.000000
vt 0.076125 0.000000
vt 0.079585 1.000000
vt 0.079585 0.000000
vt 0.083045 1.000000
vt 0.083045 0.000000
vt 0.086505 1.000000
vt 0.086505 0.000000
vt 0.089965 1.000000
vt 0.089965 0.000000
vt 0.093426 1.000000
vt 0.093426 0.000000
vt 0.096886 1.000000
vt 0.096886 0.000000
vt 0.100346 1.000000
vt 0.100346 0.000000
vt 0.103806 1.000000
vt 0.103806 0.000000
vt 0.107266 1.000000
vt 0.107266 0.000000
vt 0.110727 1.000000
vt 0.110727 0.000000
vt 0.114187 1.000000
vt 0.114187 0.000000
vt 0.117647 1.000000
vt 0.121107 1.000000
vt 0.121107 0.000000
vt 0.124567 1.000000
vt 0.124567 0.000000
vt 0.128028 1.000000
vt 0.128028 0.000000
vt 0.131488 1.000000
vt 0.131488 0.000000
vt 0.134948 1.000000
vt 0.134948 0.000000
vt 0.138408 1.000000
vt 0.138408 0.000000
vt 0.141869 1.000000
vt 0.141869 0.000000
vt 0.145329 1.000000
vt 0.145329 0.000000
vt 0.148789 1.000000
vt 0.148789 0.000000
vt 0.152249 1.000000
vt 0.152249 0.000000
vt 0.155709 1.000000
vt 0.155709 0.000000
vt 0.159170 1.000000
vt 0.159170 0.000000
vt 0.162630 1.000000
vt 0.162630 0.000000
vt 0.166090 1.000000
vt 0.166090 0.000000
vt 0.169550 1.000000
vt 0.169550 0.000000
vt 0.173010 1.000000
vt 0.173010 0.000000
vt 0.176471 1.000000
vt 0.179931 1.000000
vt 0.179931 0.000000
vt 0.183391 1.000000
vt 0.183391 0.000000
vt 0.186851 1.000000
vt 0.186851 0.000000
vt 0.190311 1.000000
vt 0.190311 0.000000
vt 0.193772 1.000000
vt 0.193772 0.000000
vt 0.197232 1.000000
vt 0.197232 0.000000
vt 0.200692 1.000000
vt 0.200692 0.000000
vt 0.204152 1.000000
vt 0.204152 0.000000
vt 0.207612 1.000000
vt 0.207612 0.000000
vt 0.211073 1.000000
vt 0.211073 0.000000
vt 0.214533 1.000000
vt 0.214533 0.000000
vt 0.217993 1.000000
vt 0.217993 0.000000
vt 0.221453 1.000000
vt 0.221453 0.000000
vt 0.224913 1.000000
vt 0.224913 0.000000
vt 0.228374 1.000000
vt 0.228374 0.000000
vt 0.231834 1.000000
vt 0.231834 0.000000
vt 0.235294 1.000000
vt 0.238754 1.000000
vt 0.238754 0.000000
vt 0.242215 1.000000
vt 0.242215 0.000000
vt 0.245675 1.000000
vt 0.245675 0.000000
vt 0.249135 1.000000
vt 0.249135 0.000000
vt 0.252595 1.000000
vt 0.252595 0.000000
vt 0.256055 1.000000
vt 0.256055 0.000000
vt 0.259516 1.000000
vt 0.259516 0.000000
vt 0.262976 1.000000
vt 0.262976 0.000000
vt 0.266436 1.000000
vt 0.266436 0.000000
vt 0.269896 1.000000
vt 0.269896 0.000000
vt 0.273356 1.000000
vt 0.273356 0.000000
vt 0.276817 1.000000
vt 0.276817 0.000000
vt 0.280277 1.000000
vt 0.280277 0.000000
vt 0.283737 1.000000
vt 0.283737 0.000000
vt 0.287197 1.000000
vt 0.287197 0.000000
vt 0.290657 1.000000
vt 0.290657 0.000000
vt 0.294118 1.000000
vt 0.297578 1.000000
vt 0.297578 0.000000
vt 0.301038 1.000000
vt 0.301038 0.000000
vt 0.304498 1.000000
vt 0.304498 0.000000
vt 0.307958 1.000000
vt 0.307958 0.000000
vt 0.311419 1.000000
vt 0.311419 0.000000
vt 0.314879 1.000000
vt 0.314879 0.000000
vt 0.318339 1.000000
vt 0.318339 0.000000
vt 0.321799 1.000000
vt 0.321799 0.000000
vt 0.325260 1.000000
vt 0.325260 0.000000
vt 0.328720 1.000000
vt 0.328720 0.000000
vt 0.332180 1.000000
vt 0.332180 0.000000
vt 0.335640 1.000000
vt 0.335640 0.000000
vt 0.339100 1.000000
vt 0.339100 0.000000
vt 0.342561 1.000000
vt 0.342561 0.000000
vt 0.346021 1.000000
vt 0.346021 0.000000
vt 0.349481 1.000000
vt 0.349481 0.000000
vt 0.352941 1.000000
vt 0.356401 1.000000
vt 0.356401 0.000000
vt 0.359862 1.000000
vt 0.359862 0.000000
vt 0.363322 1.000000
vt 0.363322 0.000000
vt 0.366782 1.000000
vt 0.366782 0.000000
vt 0.370242 1.000000
vt 0.370242 0.000000
vt 0.373702 1.000000
vt 0.373702 0.000000
vt 0.377163 1.000000
vt 0.377163 0.000000
vt 0.380623 1.000000
vt 0.380623 0.000000
vt 0.384083 1.000000
vt 0.384083 0.000000
vt 0.387543 1.000000
vt 0.387543 0.000000
vt 0.391003 1.000000
vt 0.391003 0.000000
vt 0.394464 1.000000
vt 0.394464 0.000000
vt 0.397924 1.000000
vt 0.397924 0.000000
vt 0.401384 1.000000
vt 0.401384 0.000000
vt 0.404844 1.000000
vt 0.404844 0.000000
vt 0.408305 1.000000
vt 0.408305 0.000000
vt 0.411765 1.000000
vt 0.415225 1.000000
vt 0.415225 0.000000
vt 0.418685 1.000000
vt 0.418685 0.000000
vt 0.422145 1.000000
vt 0.422145 0.000000
vt 0.425606 1.000000
vt 0.425606 0.000000
vt 0.429066 1.000000
vt 0.429066 0.000000
vt 0.432526 1.000000
vt 0.432526 0.000000
vt 0.435986 1.000000
vt 0.435986 0.000000
vt 0.439446 1.000000
vt 0.439446 0.000000
vt 0.442907 1.000000
vt 0.442907 0.000000
vt 0.446367 1.000000
vt 0.446367 0.000000
vt 0.449827 1.000000
vt 0.449827 0.000000
vt 0.453287 1.000000
vt 0.453287 0.000000
vt 0.456747 1.000000
vt 0.456747 0.000000
vt 0.460208 1.000000
vt 0.460208 0.000000
vt 0.463668 1.000000
vt 0.463668 0.000000
vt 0.467128 1.000000
vt 0.467128 0.000000
vt 0.470588 1.000000
vt 0.474048 1.000000
vt 0.474048 0.000000
vt 0.477509 1.000000
vt 0.477509 0.000000
vt 0.480969 1.000000
vt 0.480969 0.000000
vt 0.484429 1.000000
vt 0.484429 0.000000
vt 0.487889 1.000000
vt 0.487889 0.000000
vt 0.491349 1.000000
vt 0.491349 0.000000
vt 0.494810 1.000000
vt 0.494810 0.000000
vt 0.498270 1.000000
vt 0.498270 0.000000
vt 0.501730 1.000000
vt 0.501730 0.000000
vt 0.505190 1.000000
vt 0.505190 0.000000
vt 0.508651 1.000000
vt 0.508651 0.000000
vt 0.512111 1.000000
vt 0.512111 0.000000
vt 0.515571 1.000000
vt 0.515571 0.000000
vt 0.519031 1.000000
vt 0.519031 0.000000
vt 0.522491 1.000000
vt 0.522491 0.000000
vt 0.525952 1.000000
vt 0.525952 0.000000
vt 0.529412 1.000000
vt 0.532872 1.000000
vt 0.532872 0.000000
vt 0.536332 1.000000
vt 0.536332 0.000000
vt 0.539792 1.000000
vt 0.539792 0.000000
vt 0.543253 1.000000
vt 0.543253 0.000000
vt 0.546713 1.000000
vt 0.546713 0.000000
vt 0.550173 1.000000
vt 0.550173 0.000000
vt 0.553633 1.000000
vt 0.553633 0.000000
vt 0.557093 1.000000
vt 0.557093 0.000000
vt 0.560554 1.000000
vt 0.560554 0.000000
vt 0.564014 1.000000
vt 0.564014 0.000000
vt 0.567474 1.000000
vt 0.567474 0.000000
vt 0.570934 1.000000
vt 0.570934 0.000000
vt 0.574394 1.000000
vt 0.574394 0.000000
vt 0.577855 1.000000
vt 0.577855 0.000000
vt 0.581315 1.000000
vt 0.581315 0.000000
vt 0.584775 1.000000
vt 0.584775 0.000000
vt 0.588235 1.000000
vt 0.591695 1.000000
vt 0.591695 0.000000
vt 0.595156 1.000000
vt 0.595156 0.000000
vt 0.598616 1.000000
vt 0.598616 0.000000
vt 0.602076 1.000000
vt 0.602076 0.000000
vt 0.605536 1.000000
vt 0.605536 0.000000
vt 0.608997 1.000000
vt 0.608997 0.000000
vt 0.612457 1.000000
vt 0.612457 0.000000
vt 0.615917 1.000000
vt 0.615917 0.000000
vt 0.619377 1.000000
vt 0.619377 0.000000
vt 0.622837 1.000000
vt 0.622837 0.000000
vt 0.626298 1.000000
vt 0.626298 0.000000
vt 0.629758 1.000000
vt 0.629758 0.000000
vt 0.633218 1.000000
vt 0.633218 0.000000
vt 0.636678 1.000000
vt 0.636678 0.000000
vt 0.640138 1.000000
vt 0.640138 0.000000
vt 0.643599 1.000000
vt 0.643599 0.000000
vt 0.647059 1.000000
vt 0.650519 1.000000
vt 0.650519 0.000000
vt 0.653979 1.000000
vt 0.653979 0.000000
vt 0.657439 1.000000
vt 0.657439 0.000000
vt 0.660900 1.000000
vt 0.660900 0.000000
vt 0.664360 1.000000
vt 0.664360 0.000000
vt 0.667820 1.000000
vt 0.667820 0.000000
vt 0.671280 1.000000
vt 0.671280 0.000000
vt 0.674740 1.000000
vt 0.674740 0.000000
vt 0.678201 1.000000
vt 0.678201 0.000000
vt 0.681661 1.000000
vt 0.681661 0.000000
vt 0.685121 1.000000
vt 0.685121 0.000000
vt 0.688581 1.000000
vt 0.688581 0.000000
vt 0.692042 1.000000
vt 0.692042 0.000000
vt 0.695502 1.000000
vt 0.695502 0.000000
vt 0.698962 1.000000
vt 0.698962 0.000000
vt 0.702422 1.000000
vt 0.702422 0.000000
vt 0.705882 1.000000
vt 0.709343 1.000000
vt 0.709343 0.000000
vt 0.712803 1.000000
vt 0.712803 0.000000
vt 0.716263 1.000000
vt 0.716263 0.000000
vt 0.719723 1.000000
vt 0.719723 0.000000
vt 0.723183 1.000000
vt 0.723183 0.000000
vt 0.726644 1.000000
vt 0.726644 0.000000
vt 0.730104 1.000000
vt 0.730104 0.000000
vt 0.733564 1.000000
vt 0.733564 0.000000
vt 0.737024 1.000000
vt 0.737024 0.000000
vt 0.740484 1.000000
vt 0.740484 0.000000
vt 0.743945 1.000000
vt 0.743945 0.000000
vt 0.747405 1.000000
vt 0.747405 0.000000
vt 0.750865 1.000000
vt 0.750865 0.000000
vt 0.754325 1.000000
vt 0.754325 0.000000
vt 0.757785 1.000000
vt 0.757785 0.000000
vt 0.761246 1.000000
vt 0.761246 0.000000
vt 0.764706 1.000000
vt 0.768166 1.000000
vt 0.768166 0.000000
vt 0.771626 1.000000
vt 0.771626 0.000000
vt 0.775087 1.000000
vt 0.775087 0.000000
vt 0.778547 1.000000
vt 0.778547 0.000000
vt 0.782007 1.000000
vt 0.782007 0.000000
vt 0.785467 1.000000
vt 0.785467 0.000000
vt 0.788927 1.000000
vt 0.788927 0.000000
vt 0.792388 1.000000
vt 0.792388 0.000000
vt 0.795848 1.000000
vt 0.795848 0.000000
vt 0.799308 1.000000
vt 0.799308 0.000000
vt 0.802768 1.000000
vt 0.802768 0.000000
vt 0.806228 1.000000
vt 0.806228 0.000000
vt 0.809689 1.000000
vt 0.809689 0.000000
vt 0.813149 1.000000
vt 0.813149 0.000000
vt 0.816609 1.000000
vt 0.816609 0.000000
vt 0.820069 1.000000
vt 0.820069 0.000000
vt 0.823529 1.000000
vt 0.826990 1.000000
vt 0.826990 0.000000
vt 0.830450 1.000000
vt 0.830450 0.000000
vt 0.833910 1.000000
vt 0.833910 0.000000
vt 0.837370 1.000000
vt 0.837370 0.000000
vt 0.840830 1.000000
vt 0.840830 0.000000
vt 0.844291 1.000000
vt 0.844291 0.000000
vt 0.847751 1.000000
vt 0.847751 0.000000
vt 0.851211 1.000000
vt 0.851211 0.000000
vt 0.854671 1.000000
vt 0.854671 0.000000
vt 0.858131 1.000000
vt 0.858131 0.000000
vt 0.861592 1.000000
vt 0.861592 0.000000
vt 0.865052 1.000000
vt 0.865052 0.000000
vt 0.868512 1.000000
vt 0.868512 0.000000
vt 0.871972 1.000000
vt 0.871972 0.000000
vt 0.875433 1.000000
vt 0.875433 0.000000
vt 0.878893 1.000000
vt 0.878893 0.000000
vt 0.882353 1.000000
vt 0.885813 1.000000
vt 0.885813 0.000000
vt 0.889273 1.000000
vt 0.889273 0.000000
vt 0.892734 1.000000
vt 0.892734 0.000000
vt 0.896194 1.000000
vt 0.896194 0.000000
vt 0.899654 1.000000
vt 0.899654 0.000000
vt 0.903114 1.000000
vt 0.903114 0.000000
vt 0.906574 1.000000
vt 0.906574 0.000000
vt 0.910035 1.000000
vt 0.910035 0.000000
vt 0.913495 1.000000
vt 0.913495 0.000000
vt 0.916955 1.000000
vt 0.916955 0.000000
vt 0.920415 1.000000
vt 0.920415 0.000000
vt 0.923875 1.000000
vt 0.923875 0.000000
vt 0.927336 1.000000
vt 0.927336 0.000000
vt 0.930796 1.000000
vt 0.930796 0.000000
vt 0.934256 1.000000
vt 0.934256 0.000000
vt 0.937716 1.000000
vt 0.937716 0.000000
vt 0.941176 1.000000
vt 0.944637 1.000000
vt 0.944637 0.000000
vt 0.948097 1.000000
vt 0.948097 0.000000
vt 0.951557 1.000000
vt 0.951557 0.000000
vt 0.955017 1.000000
vt 0.955017 0.000000
vt 0.958477 1.000000
vt 0.958477 0.000000
vt 0.961938 1.000000
vt 0.961938 0.000000
vt 0.965398 1.000000
vt 0.965398 0.000000
vt 0.968858 1.000000
vt 0.968858 0.000000
vt 0.972318 1.000000
vt 0.972318 0.000000
vt 0.975779 1.000000
vt 0.975779 0.000000
vt 0.979239 1.000000
vt 0.979239 0.000000
vt 0.982699 1.000000
vt 0.982699 0.000000
vt 0.986159 1.000000
vt 0.986159 0.000000
vt 0.989619 1.000000
vt 0.989619 0.000000
vt 0.993080 1.000000
vt 0.993080 0.000000
vt 0.996540 1.000000
vt 0.996540 0.000000
vt 0.016129 1.000000
vt 0.016129 0.000000
vt 0.032258 1.000000
vt 0.048387 1.000000
vt 0.048387 0.000000
vt 0.064516 1.000000
vt 0.080645 1.000000
vt 0.080645 0.000000
vt 0.096774 1.000000
vt 0.112903 1.000000
vt 0.112903 0.000000
vt 0.129032 1.000000
vt 0.145161 1.000000
vt 0.145161 0.000000
vt 0.161290 1.000000
vt 0.177419 1.000000
vt 0.177419 0.000000
vt 0.193548 1.000000
vt 0.209677 1.000000
vt 0.209677 0.000000
vt 0.225806 1.000000
vt 0.241935 1.000000
vt 0.241935 0.000000
vt 0.258065 1.000000
vt 0.274194 1.000000
vt 0.274194 0.000000
vt 0.290323 1.000000
vt 0.306452 1.000000
vt 0.306452 0.000000
vt 0.322581 1.000000
vt 0.338710 1.000000
vt 0.338710 0.000000
vt 0.354839 1.000000
vt 0.370968 1.000000
vt 0.370968 0.000000
vt 0.387097 1.000000
vt 0.403226 1.000000
vt 0.403226 0.000000
vt 0.419355 1.000000
vt 0.435484 1.000000
vt 0.435484 0.000000
vt 0.451613 1.000000
vt 0.467742 1.000000
vt 0.467742 0.000000
vt 0.483871 1.000000
vt 0.516129 1.000000
vt 0.532258 1.000000
vt 0.532258 0.000000
vt 0.548387 1.000000
vt 0.564516 1.000000
vt 0.564516 0.000000
vt 0.580645 1.000000
vt 0.596774 1.000000
vt 0.596774 0.000000
vt 0.612903 1.000000
vt 0.629032 1.000000
vt 0.629032 0.000000
vt 0.645161 1.000000
vt 0.661290 1.000000
vt 0.661290 0.000000
vt 0.677419 1.000000
vt 0.693548 1.000000
vt 0.693548 0.000000
vt 0.709677 1.000000
vt 0.725806 1.000000
vt 0.725806 0.000000
vt 0.741935 1.000000
vt 0.758065 1.000000
vt 0.758065 0.000000
vt 0.774194 1.000000
vt 0.790323 1.000000
vt 0.790323 0.000000
vt 0.806452 1.000000
vt 0.822581 1.000000
vt 0.822581 0.000000
vt 0.838710 1.000000
vt 0.854839 1.000000
vt 0.854839 0.000000
vt 0.870968 1.000000
vt 0.887097 1.000000
vt 0.887097 0.000000
vt 0.903226 1.000000
vt 0.919355 1.000000
vt 0.919355 0.000000
vt 0.935484 1.000000
vt 0.951613 1.000000
vt 0.951613 0.000000
vt 0.967742 1.000000
vt 0.983871 1.000000
vt 0.983871 0.000000
vt 0.020000 1.000000
vt 0.020000 0.000000
vt 0.040000 1.000000
vt 0.040000 0.000000
vt 0.060000 1.000000
vt 0.060000 0.000000
vt 0.080000 1.000000
vt 0.080000 0.000000
vt 0.100000 1.000000
vt 0.120000 1.000000
vt 0.120000 0.000000
vt 0.140000 1.000000
vt 0.140000 0.000000
vt 0.160000 1.000000
vt 0.160000 0.000000
vt 0.180000 1.000000
vt 0.180000 0.000000
vt 0.200000 1.000000
vt 0.220000 1.000000
vt 0.220000 0.000000
vt 0.240000 1.000000
vt 0.240000 0.000000
vt 0.260000 1.000000
vt 0.260000 0.000000
vt 0.280000 1.000000
vt 0.280000 0.000000
vt 0.300000 1.000000
vt 0.320000 1.000000
vt 0.320000 0.000000
vt 0.340000 1.000000
vt 0.340000 0.000000
vt 0.360000 1.000000
vt 0.360000 0.000000
vt 0.380000 1.000000
vt 0.380000 0.000000
vt 0.400000 1.000000
vt 0.420000 1.000000
vt 0.420000 0.000000
vt 0.440000 1.000000
vt 0.440000 0.000000
vt 0.460000 1.000000
vt 0.460000 0.000000
vt 0.480000 1.000000
vt 0.480000 0.000000
vt 0.520000 1.000000
vt 0.520000 0.000000
vt 0.540000 1.000000
vt 0.540000 0.000000
vt 0.560000 1.000000
vt 0.560000 0.000000
vt 0.580000 1.000000
vt 0.580000 0.000000
vt 0.600000 1.000000
vt 0.620000 1.000000
vt 0.620000 0.000000
vt 0.640000 1.000000
vt 0.640000 0.000000
vt 0.660000 1.000000
vt 0.660000 0.000000
vt 0.680000 1.000000
vt 0.680000 0.000000
vt 0.700000 1.000000
vt 0.720000 1.000000
vt 0.720000 0.000000
vt 0.740000 1.000000
vt 0.740000 0.000000
vt 0.760000 1.000000
vt 0.760000 0.000000
vt 0.780000 1.000000
vt 0.780000 0.000000
vt 0.800000 1.000000
vt 0.820000 1.000000
vt 0.820000 0.000000
vt 0.840000 1.000000
vt 0.840000 0.000000
vt 0.860000 1.000000
vt 0.860000 0.000000
vt 0.880000 1.000000
vt 0.880000 0.000000
vt 0.900000 1.000000
vt 0.920000 1.000000
vt 0.920000 0.000000
vt 0.940000 1.000000
vt 0.940000 0.000000
vt 0.960000 1.000000
vt 0.960000 0.000000
vt 0.980000 1.000000
vt 0.980000 0.000000
vt 0.012987 1.000000
vt 0.012987 0.000000
vt 0.025974 1.000000
vt 0.025974 0.000000
vt 0.038961 1.000000
vt 0.038961 0.000000
vt 0.051948 1.000000
vt 0.051948 0.000000
vt 0.064935 1.000000
vt 0.064935 0.000000
vt 0.077922 1.000000
vt 0.077922 0.000000
vt 0.090909 1.000000
vt 0.103896 1.000000
vt 0.103896 0.000000
vt 0.116883 1.000000
vt 0.116883 0.000000
vt 0.129870 1.000000
vt 0.129870 0.000000
vt 0.142857 1.000000
vt 0.155844 1.000000
vt 0.155844 0.000000
vt 0.168831 1.000000
vt 0.168831 0.000000
vt 0.181818 1.000000
vt 0.194805 1.000000
vt 0.194805 0.000000
vt 0.207792 1.000000
vt 0.207792 0.000000
vt 0.220779 1.000000
vt 0.220779 0.000000
vt 0.233766 1.000000
vt 0.233766 0.000000
vt 0.246753 1.000000
vt 0.246753 0.000000
vt 0.259740 1.000000
vt 0.259740 0.000000
vt 0.272727 1.000000
vt 0.285714 1.000000
vt 0.298701 1.000000
vt 0.298701 0.000000
vt 0.311688 1.000000
vt 0.311688 0.000000
vt 0.324675 1.000000
vt 0.324675 0.000000
vt 0.337662 1.000000
vt 0.337662 0.000000
vt 0.350649 1.000000
vt 0.350649 0.000000
vt 0.363636 1.000000
vt 0.376623 1.000000
vt 0.376623 0.000000
vt 0.389610 1.000000
vt 0.389610 0.000000
vt 0.402597 1.000000
vt 0.402597 0.000000
vt 0.415584 1.000000
vt 0.415584 0.000000
vt 0.428571 1.000000
vt 0.441558 1.000000
vt 0.441558 0.000000
vt 0.454545 1.000000
vt 0.467532 1.000000
vt 0.467532 0.000000
vt 0.480519 1.000000
vt 0.480519 0.000000
vt 0.493506 1.000000
vt 0.493506 0.000000
vt 0.506494 1.000000
vt 0.506494 0.000000
vt 0.519481 1.000000
vt 0.519481 0.000000
vt 0.532468 1.000000
vt 0.532468 0.000000
vt 0.545455 1.000000
vt 0.558442 1.000000
vt 0.558442 0.000000
vt 0.571429 1.000000
vt 0.584416 1.000000
vt 0.584416 0.000000
vt 0.597403 1.000000
vt 0.597403 0.000000
vt 0.610390 1.000000
vt 0.610390 0.000000
vt 0.623377 1.000000
vt 0.623377 0.000000
vt 0.636364 1.000000
vt 0.649351 1.000000
vt 0.649351 0.000000
vt 0.662338 1.000000
vt 0.662338 0.000000
vt 0.675325 1.000000
vt 0.675325 0.000000
vt 0.688312 1.000000
vt 0.688312 0.000000
vt 0.701299 1.000000
vt 0.701299 0.000000
vt 0.714286 1.000000
vt 0.727273 1.000000
vt 0.740260 1.000000
vt 0.740260 0.000000
vt 0.753247 1.000000
vt 0.753247 0.000000
vt 0.766234 1.000000
vt 0.766234 0.000000
vt 0.779221 1.000000
vt 0.779221 0.000000
vt 0.792208 1.000000
vt 0.792208 0.000000
vt 0.805195 1.000000
vt 0.805195 0.000000
vt 0.818182 1.000000
vt 0.831169 1.000000
vt 0.831169 0.000000
vt 0.844156 1.000000
vt 0.844156 0.000000
vt 0.857143 1.000000
vt 0.870130 1.000000
vt 0.870130 0.000000
vt 0.883117 1.000000
vt 0.883117 0.000000
vt 0.896104 1.000000
vt 0.896104 0.000000
vt 0.909091 1.000000
vt 0.922078 1.000000
vt 0.922078 0.000000
vt 0.935065 1.000000
vt 0.935065 0.000000
vt 0.948052 1.000000
vt 0.948052 0.000000
vt 0.961039 1.000000
vt 0.961039 0.000000
vt 0.974026 1.000000
vt 0.974026 0.000000
vt 0.987013 1.000000
vt 0.987013 0.000000
vt 0.006757 1.000000
vt 0.013514 1.000000
vt 0.020270 1.000000
vt 0.027027 1.000000
vt 0.033784 1.000000
vt 0.040541 1.000000
vt 0.047297 1.000000
vt 0.054054 1.000000
vt 0.060811 1.000000
vt 0.067568 1.000000
vt 0.074324 1.000000
vt 0.081081 1.000000
vt 0.087838 1.000000
vt 0.094595 1.000000
vt 0.101351 1.000000
vt 0.108108 1.000000
vt 0.114865 1.000000
vt 0.121622 1.000000
vt 0.128378 1.000000
vt 0.135135 1.000000
vt 0.141892 1.000000
vt 0.148649 1.000000
vt 0.155405 1.000000
vt 0.162162 1.000000
vt 0.168919 1.000000
vt 0.175676 1.000000
vt 0.182432 1.000000
vt 0.189189 1.000000
vt 0.195946 1.000000
vt 0.202703 1.000000
vt 0.209459 1.000000
vt 0.216216 1.000000
vt 0.222973 1.000000
vt 0.229730 1.000000
vt 0.236486 1.000000
vt 0.243243 1.000000
vt 0.256757 1.000000
vt 0.263514 1.000000
vt 0.270270 1.000000
vt 0.277027 1.000000
vt 0.283784 1.000000
vt 0.290541 1.000000
vt 0.297297 1.000000
vt 0.304054 1.000000
vt 0.310811 1.000000
vt 0.317568 1.000000
vt 0.324324 1.000000
vt 0.331081 1.000000
vt 0.337838 1.000000
vt 0.344595 1.000000
vt 0.351351 1.000000
vt 0.358108 1.000000
vt 0.364865 1.000000
vt 0.371622 1.000000
vt 0.378378 1.000000
vt 0.385135 1.000000
vt 0.391892 1.000000
vt 0.398649 1.000000
vt 0.405405 1.000000
vt 0.412162 1.000000
vt 0.418919 1.000000
vt 0.425676 1.000000
vt 0.432432 1.000000
vt 0.439189 1.000000
vt 0.445946 1.000000
vt 0.452703 1.000000
vt 0.459459 1.000000
vt 0.466216 1.000000
vt 0.472973 1.000000
vt 0.479730 1.000000
vt 0.486486 1.000000
vt 0.493243 1.000000
vt 0.506757 1.000000
vt 0.513514 1.000000
vt 0.520270 1.000000
vt 0.527027 1.000000
vt 0.533784 1.000000
vt 0.540541 1.000000
vt 0.547297 1.000000
vt 0.554054 1.000000
vt 0.560811 1.000000
vt 0.567568 1.000000
vt 0.574324 1.000000
vt 0.581081 1.000000
vt 0.587838 1.000000
vt 0.594595 1.000000
vt 0.601351 1.000000
vt 0.608108 1.000000
vt 0.614865 1.000000
vt 0.621622 1.000000
vt 0.628378 1.000000
vt 0.635135 1.000000
vt 0.641892 1.000000
vt 0.648649 1.000000
vt 0.655405 1.000000
vt 0.662162 1.000000
vt 0.668919 1.000000
vt 0.675676 1.000000
vt 0.682432 1.000000
vt 0.689189 1.000000
vt 0.695946 1.000000
vt 0.702703 1.000000
vt 0.709459 1.000000
vt 0.716216 1.000000
vt 0.722973 1.000000
vt 0.729730 1.000000
vt 0.736486 1.000000
vt 0.743243 1.000000
vt 0.756757 1.000000
vt 0.763514 1.000000
vt 0.770270 1.000000
vt 0.777027 1.000000
vt 0.783784 1.000000
vt 0.790541 1.000000
vt 0.797297 1.000000
vt 0.804054 1.000000
vt 0.810811 1.000000
vt 0.817568 1.000000
vt 0.824324 1.000000
vt 0.831081 1.000000
vt 0.837838 1.000000
vt 0.844595 1.000000
vt 0.851351 1.000000
vt 0.858108 1.000000
vt 0.864865 1.000000
vt 0.871622 1.000000
vt 0.878378 1.000000
vt 0.885135 1.000000
vt 0.891892 1.000000
vt 0.898649 1.000000
vt 0.905405 1.000000
vt 0.912162 1.000000
vt 0.918919 1.000000
vt 0.925676 1.000000
vt 0.932432 1.000000
vt 0.939189 1.000000
vt 0.945946 1.000000
vt 0.952703 1.000000
vt 0.959459 1.000000
vt 0.966216 1.000000
vt 0.972973 1.000000
vt 0.979730 1.000000
vt 0.986486 1.000000
vt 0.993243 1.000000
vt 0.010638 1.000000
vt 0.010638 0.000000
vt 0.021277 1.000000
vt 0.021277 0.000000
vt 0.031915 1.000000
vt 0.031915 0.000000
vt 0.042553 1.000000
vt 0.042553 0.000000
vt 0.053191 1.000000
vt 0.053191 0.000000
vt 0.063830 1.000000
vt 0.063830 0.000000
vt 0.074468 1.000000
vt 0.074468 0.000000
vt 0.085106 1.000000
vt 0.085106 0.000000
vt 0.095745 1.000000
vt 0.095745 0.000000
vt 0.106383 1.000000
vt 0.106383 0.000000
vt 0.117021 1.000000
vt 0.117021 0.000000
vt 0.127660 1.000000
vt 0.127660 0.000000
vt 0.138298 1.000000
vt 0.138298 0.000000
vt 0.148936 1.000000
vt 0.148936 0.000000
vt 0.159574 1.000000
vt 0.159574 0.000000
vt 0.170213 1.000000
vt 0.170213 0.000000
vt 0.180851 1.000000
vt 0.180851 0.000000
vt 0.191489 1.000000
vt 0.191489 0.000000
vt 0.202128 1.000000
vt 0.202128 0.000000
vt 0.212766 1.000000
vt 0.212766 0.000000
vt 0.223404 1.000000
vt 0.223404 0.000000
vt 0.234043 1.000000
vt 0.234043 0.000000
vt 0.244681 1.000000
vt 0.244681 0.000000
vt 0.255319 1.000000
vt 0.255319 0.000000
vt 0.265957 1.000000
vt 0.265957 0.000000
vt 0.276596 1.000000
vt 0.276596 0.000000
vt 0.287234 1.000000
vt 0.287234 0.000000
vt 0.297872 1.000000
vt 0.297872 0.000000
vt 0.308511 1.000000
vt 0.308511 0.000000
vt 0.319149 1.000000
vt 0.319149 0.000000
vt 0.329787 1.000000
vt 0.329787 0.000000
vt 0.340426 1.000000
vt 0.340426 0.000000
vt 0.351064 1.000000
vt 0.351064 0.000000
vt 0.361702 1.000000
vt 0.361702 0.000000
vt 0.372340 1.000000
vt 0.372340 0.000000
vt 0.382979 1.000000
vt 0.382979 0.000000
vt 0.393617 1.000000
vt 0.393617 0.000000
vt 0.404255 1.000000
vt 0.404255 0.000000
vt 0.414894 1.000000
vt 0.414894 0.000000
vt 0.425532 1.000000
vt 0.425532 0.000000
vt 0.436170 1.000000
vt 0.436170 0.000000
vt 0.446809 1.000000
vt 0.446809 0.000000
vt 0.457447 1.000000
vt 0.457447 0.000000
vt 0.468085 1.000000
vt 0.468085 0.000000
vt 0.478723 1.000000
vt 0.478723 0.000000
vt 0.489362 1.000000
vt 0.489362 0.000000
vt 0.510638 1.000000
vt 0.510638 0.000000
vt 0.521277 1.000000
vt 0.521277 0.000000
vt 0.531915 1.000000
vt 0.531915 0.000000
vt 0.542553 1.000000
vt 0.542553 0.000000
vt 0.553191 1.000000
vt 0.553191 0.000000
vt 0.563830 1.000000
vt 0.563830 0.000000
vt 0.574468 1.000000
vt 0.574468 0.000000
vt 0.585106 1.000000
vt 0.585106 0.000000
vt 0.595745 1.000000
vt 0.595745 0.000000
vt 0.606383 1.000000
vt 0.606383 0.000000
vt 0.617021 1.000000
vt 0.617021 0.000000
vt 0.627660 1.000000
vt 0.627660 0.000000
vt 0.638298 1.000000
vt 0.638298 0.000000
vt 0.648936 1.000000
vt 0.648936 0.000000
vt 0.659574 1.000000
vt 0.659574 0.000000
vt 0.670213 1.000000
vt 0.670213 0.000000
vt 0.680851 1.000000
vt 0.680851 0.000000
vt 0.691489 1.000000
vt 0.691489 0.000000
vt 0.702128 1.000000
vt 0.702128 0.000000
vt 0.712766 1.000000
vt 0.712766 0.000000
vt 0.723404 1.000000
vt 0.723404 0.000000
vt 0.734043 1.000000
vt 0.734043 0.000000
vt 0.744681 1.000000
vt 0.744681 0.000000
vt 0.755319 1.000000
vt 0.755319 0.000000
vt 0.765957 1.000000
vt 0.765957 0.000000
vt 0.776596 1.000000
vt 0.776596 0.000000
vt 0.787234 1.000000
vt 0.787234 0.000000
vt 0.797872 1.000000
vt 0.797872 0.000000
vt 0.808511 1.000000
vt 0.808511 0.000000
vt 0.819149 1.000000
vt 0.819149 0.000000
vt 0.829787 1.000000
vt 0.829787 0.000000
vt 0.840426 1.000000
vt 0.840426 0.000000
vt 0.851064 1.000000
vt 0.851064 0.000000
vt 0.861702 1.000000
vt 0.861702 0.000000
vt 0.872340 1.000000
vt 0.872340 0.000000
vt 0.882979 1.000000
vt 0.882979 0.000000
vt 0.893617 1.000000
vt 0.893617 0.000000
vt 0.904255 1.000000
vt 0.904255 0.000000
vt 0.914894 1.000000
vt 0.914894 0.000000
vt 0.925532 1.000000
vt 0.925532 0.000000
vt 0.936170 1.000000
vt 0.936170 0.000000
vt 0.946809 1.000000
vt 0.946809 0.000000
vt 0.957447 1.000000
vt 0.957447 0.000000
vt 0.968085 1.000000
vt 0.968085 0.000000
vt 0.978723 1.000000
vt 0.978723 0.000000
vt 0.989362 1.000000
vt 0.989362 0.000000
vt 0.010101 1.000000
vt 0.020202 1.000000
vt 0.030303 1.000000
vt 0.040404 1.000000
vt 0.050505 1.000000
vt 0.060606 1.000000
vt 0.070707 1.000000
vt 0.080808 1.000000
vt 0.101010 1.000000
vt 0.111111 1.000000
vt 0.121212 1.000000
vt 0.131313 1.000000
vt 0.141414 1.000000
vt 0.151515 1.000000
vt 0.161616 1.000000
vt 0.171717 1.000000
vt 0.191919 1.000000
vt 0.202020 1.000000
vt 0.212121 1.000000
vt 0.222222 1.000000
vt 0.232323 1.000000
vt 0.242424 1.000000
vt 0.252525 1.000000
vt 0.262626 1.000000
vt 0.282828 1.000000
vt 0.292929 1.000000
vt 0.303030 1.000000
vt 0.313131 1.000000
vt 0.323232 1.000000
vt 0.343434 1.000000
vt 0.353535 1.000000
vt 0.373737 1.000000
vt 0.383838 1.000000
vt 0.393939 1.000000
vt 0.404040 1.000000
vt 0.414141 1.000000
vt 0.424242 1.000000
vt 0.434343 1.000000
vt 0.444444 1.000000
vt 0.464646 1.000000
vt 0.474747 1.000000
vt 0.484848 1.000000
vt 0.494949 1.000000
vt 0.505050 1.000000
vt 0.515152 1.000000
vt 0.525253 1.000000
vt 0.535354 1.000000
vt 0.555556 1.000000
vt 0.565657 1.000000
vt 0.575758 1.000000
vt 0.585859 1.000000
vt 0.595960 1.000000
vt 0.606061 1.000000
vt 0.616162 1.000000
vt 0.626263 1.000000
vt 0.646465 1.000000
vt 0.656566 1.000000
vt 0.676768 1.000000
vt 0.686869 1.000000
vt 0.696970 1.000000
vt 0.707071 1.000000
vt 0.717172 1.000000
vt 0.737374 1.000000
vt 0.747475 1.000000
vt 0.757576 1.000000
vt 0.767677 1.000000
vt 0.777778 1.000000
vt 0.787879 1.000000
vt 0.797980 1.000000
vt 0.808081 1.000000
vt 0.828283 1.000000
vt 0.838384 1.000000
vt 0.848485 1.000000
vt 0.858586 1.000000
vt 0.868687 1.000000
vt 0.878788 1.000000
vt 0.888889 1.000000
vt 0.898990 1.000000
vt 0.919192 1.000000
vt 0.929293 1.000000
vt 0.939394 1.000000
vt 0.949495 1.000000
vt 0.959596 1.000000
vt 0.969697 1.000000
vt 0.979798 1.000000
vt 0.989899 1.000000
vt 0.007463 1.000000
vt 0.007463 0.000000
vt 0.014925 1.000000
vt 0.014925 0.000000
vt 0.022388 1.000000
vt 0.022388 0.000000
vt 0.029851 1.000000
vt 0.029851 0.000000
vt 0.037313 1.000000
vt 0.037313 0.000000
vt 0.044776 1.000000
vt 0.044776 0.000000
vt 0.052239 1.000000
vt 0.052239 0.000000
vt 0.059701 1.000000
vt 0.059701 0.000000
vt 0.067164 1.000000
vt 0.067164 0.000000
vt 0.074627 1.000000
vt 0.074627 0.000000
vt 0.082090 1.000000
vt 0.082090 0.000000
vt 0.089552 1.000000
vt 0.089552 0.000000
vt 0.097015 1.000000
vt 0.097015 0.000000
vt 0.104478 1.000000
vt 0.104478 0.000000
vt 0.111940 1.000000
vt 0.111940 0.000000
vt 0.119403 1.000000
vt 0.119403 0.000000
vt 0.126866 1.000000
vt 0.126866 0.000000
vt 0.134328 1.000000
vt 0.134328 0.000000
vt 0.141791 1.000000
vt 0.141791 0.000000
vt 0.149254 1.000000
vt 0.149254 0.000000
vt 0.156716 1.000000
vt 0.156716 0.000000
vt 0.164179 1.000000
vt 0.164179 0.000000
vt 0.171642 1.000000
vt 0.171642 0.000000
vt 0.179104 1.000000
vt 0.179104 0.000000
vt 0.186567 1.000000
vt 0.186567 0.000000
vt 0.194030 1.000000
vt 0.194030 0.000000
vt 0.201493 1.000000
vt 0.201493 0.000000
vt 0.208955 1.000000
vt 0.208955 0.000000
vt 0.216418 1.000000
vt 0.216418 0.000000
vt 0.223881 1.000000
vt 0.223881 0.000000
vt 0.231343 1.000000
vt 0.231343 0.000000
vt 0.238806 1.000000
vt 0.238806 0.000000
vt 0.246269 1.000000
vt 0.246269 0.000000
vt 0.253731 1.000000
vt 0.253731 0.000000
vt 0.261194 1.000000
vt 0.261194 0.000000
vt 0.268657 1.000000
vt 0.268657 0.000000
vt 0.276119 1.000000
vt 0.276119 0.000000
vt 0.283582 1.000000
vt 0.283582 0.000000
vt 0.291045 1.000000
vt 0.291045 0.000000
vt 0.298507 1.000000
vt 0.298507 0.000000
vt 0.305970 1.000000
vt 0.305970 0.000000
vt 0.313433 1.000000
vt 0.313433 0.000000
vt 0.320896 1.000000
vt 0.320896 0.000000
vt 0.328358 1.000000
vt 0.328358 0.000000
vt 0.335821 1.000000
vt 0.335821 0.000000
vt 0.343284 1.000000
vt 0.343284 0.000000
vt 0.350746 1.000000
vt 0.350746 0.000000
vt 0.358209 1.000000
vt 0.358209 0.000000
vt 0.365672 1.000000
vt 0.365672 0.000000
vt 0.373134 1.000000
vt 0.373134 0.000000
vt 0.380597 1.000000
vt 0.380597 0.000000
vt 0.388060 1.000000
vt 0.388060 0.000000
vt 0.395522 1.000000
vt 0.395522 0.000000
vt 0.402985 1.000000
vt 0.402985 0.000000
vt 0.410448 1.000000
vt 0.410448 0.000000
vt 0.417910 1.000000
vt 0.417910 0.000000
vt 0.425373 1.000000
vt 0.425373 0.000000
vt 0.432836 1.000000
vt 0.432836 0.000000
vt 0.440298 1.000000
vt 0.440298 0.000000
vt 0.447761 1.000000
vt 0.447761 0.000000
vt 0.455224 1.000000
vt 0.455224 0.000000
vt 0.462687 1.000000
vt 0.462687 0.000000
vt 0.470149 1.000000
vt 0.470149 0.000000
vt 0.477612 1.000000
vt 0.477612 0.000000
vt 0.485075 1.000000
vt 0.485075 0.000000
vt 0.492537 1.000000
vt 0.492537 0.000000
vt 0.507463 1.000000
vt 0.507463 0.000000
vt 0.514925 1.000000
vt 0.514925 0.000000
vt 0.522388 1.000000
vt 0.522388 0.000000
vt 0.529851 1.000000
vt 0.529851 0.000000
vt 0.537313 1.000000
vt 0.537313 0.000000
vt 0.544776 1.000000
vt 0.544776 0.000000
vt 0.552239 1.000000
vt 0.552239 0.000000
vt 0.559702 1.000000
vt 0.559702 0.000000
vt 0.567164 1.000000
vt 0.567164 0.000000
vt 0.574627 1.000000
vt 0.574627 0.000000
vt 0.582090 1.000000
vt 0.582090 0.000000
vt 0.589552 1.000000
vt 0.589552 0.000000
vt 0.597015 1.000000
vt 0.597015 0.000000
vt 0.604478 1.000000
vt 0.604478 0.000000
vt 0.611940 1.000000
vt 0.611940 0.000000
vt 0.619403 1.000000
vt 0.619403 0.000000
vt 0.626866 1.000000
vt 0.626866 0.000000
vt 0.634328 1.000000
vt 0.634328 0.000000
vt 0.641791 1.000000
vt 0.641791 0.000000
vt 0.649254 1.000000
vt 0.649254 0.000000
vt 0.656716 1.000000
vt 0.656716 0.000000
vt 0.664179 1.000000
vt 0.664179 0.000000
vt 0.671642 1.000000
vt 0.671642 0.000000
vt 0.679105 1.000000
vt 0.679105 0.000000
vt 0.686567 1.000000
vt 0.686567 0.000000
vt 0.694030 1.000000
vt 0.694030 0.000000
vt 0.701493 1.000000
vt 0.701493 0.000000
vt 0.708955 1.000000
vt 0.708955 0.000000
vt 0.716418 1.000000
vt 0.716418 0.000000
vt 0.723881 1.000000
vt 0.723881 0.000000
vt 0.731343 1.000000
vt 0.731343 0.000000
vt 0.738806 1.000000
vt 0.738806 0.000000
vt 0.746269 1.000000
vt 0.746269 0.000000
vt 0.753731 1.000000
vt 0.753731 0.000000
vt 0.761194 1.000000
vt 0.761194 0.000000
vt 0.768657 1.000000
vt 0.768657 0.000000
vt 0.776119 1.000000
vt 0.776119 0.000000
vt 0.783582 1.000000
vt 0.783582 0.000000
vt 0.791045 1.000000
vt 0.791045 0.000000
vt 0.798507 1.000000
vt 0.798507 0.000000
vt 0.805970 1.000000
vt 0.805970 0.000000
vt 0.813433 1.000000
vt 0.813433 0.000000
vt 0.820895 1.000000
vt 0.820895 0.000000
vt 0.828358 1.000000
vt 0.828358 0.000000
vt 0.835821 1.000000
vt 0.835821 0.000000
vt 0.843284 1.000000
vt 0.843284 0.000000
vt 0.850746 1.000000
vt 0.850746 0.000000
vt 0.858209 1.000000
vt 0.858209 0.000000
vt 0.865672 1.000000
vt 0.865672 0.000000
vt 0.873134 1.000000
vt 0.873134 0.000000
vt 0.880597 1.000000
vt 0.880597 0.000000
vt 0.888060 1.000000
vt 0.888060 0.000000
vt 0.895522 1.000000
vt 0.895522 0.000000
vt 0.902985 1.000000
vt 0.902985 0.000000
vt 0.910448 1.000000
vt 0.910448 0.000000
vt 0.917910 1.000000
vt 0.917910 0.000000
vt 0.925373 1.000000
vt 0.925373 0.000000
vt 0.932836 1.000000
vt 0.932836 0.000000
vt 0.940298 1.000000
vt 0.940298 0.000000
vt 0.947761 1.000000
vt 0.947761 0.000000
vt 0.955224 1.000000
vt 0.955224 0.000000
vt 0.962687 1.000000
vt 0.962687 0.000000
vt 0.970149 1.000000
vt 0.970149 0.000000
vt 0.977612 1.000000
vt 0.977612 0.000000
vt 0.985075 1.000000
vt 0.985075 0.000000
vt 0.992537 1.000000
vt 0.992537 0.000000
vt 0.014085 1.000000
vt 0.014085 0.000000
vt 0.028169 1.000000
vt 0.028169 0.000000
vt 0.042254 1.000000
vt 0.042254 0.000000
vt 0.056338 1.000000
vt 0.056338 0.000000
vt 0.070423 1.000000
vt 0.070423 0.000000
vt 0.084507 1.000000
vt 0.084507 0.000000
vt 0.098592 1.000000
vt 0.098592 0.000000
vt 0.112676 1.000000
vt 0.112676 0.000000
vt 0.126761 1.000000
vt 0.126761 0.000000
vt 0.140845 1.000000
vt 0.140845 0.000000
vt 0.154930 1.000000
vt 0.154930 0.000000
vt 0.169014 1.000000
vt 0.169014 0.000000
vt 0.183099 1.000000
vt 0.183099 0.000000
vt 0.197183 1.000000
vt 0.197183 0.000000
vt 0.211268 1.000000
vt 0.211268 0.000000
vt 0.225352 1.000000
vt 0.225352 0.000000
vt 0.239437 1.000000
vt 0.239437 0.000000
vt 0.253521 1.000000
vt 0.253521 0.000000
vt 0.267606 1.000000
vt 0.267606 0.000000
vt 0.281690 1.000000
vt 0.281690 0.000000
vt 0.295775 1.000000
vt 0.295775 0.000000
vt 0.309859 1.000000
vt 0.309859 0.000000
vt 0.323944 1.000000
vt 0.323944 0.000000
vt 0.338028 1.000000
vt 0.338028 0.000000
vt 0.352113 1.000000
vt 0.352113 0.000000
vt 0.366197 1.000000
vt 0.366197 0.000000
vt 0.380282 1.000000
vt 0.380282 0.000000
vt 0.394366 1.000000
vt 0.394366 0.000000
vt 0.408451 1.000000
vt 0.408451 0.000000
vt 0.422535 1.000000
vt 0.422535 0.000000
vt 0.436620 1.000000
vt 0.436620 0.000000
vt 0.450704 1.000000
vt 0.450704 0.000000
vt 0.464789 1.000000
vt 0.464789 0.000000
vt 0.478873 1.000000
vt 0.478873 0.000000
vt 0.492958 1.000000
vt 0.492958 0.000000
vt 0.507042 1.000000
vt 0.507042 0.000000
vt 0.521127 1.000000
vt 0.521127 0.000000
vt 0.535211 1.000000
vt 0.535211 0.000000
vt 0.549296 1.000000
vt 0.549296 0.000000
vt 0.563380 1.000000
vt 0.563380 0.000000
vt 0.577465 1.000000
vt 0.577465 0.000000
vt 0.591549 1.000000
vt 0.591549 0.000000
vt 0.605634 1.000000
vt 0.605634 0.000000
vt 0.619718 1.000000
vt 0.619718 0.000000
vt 0.633803 1.000000
vt 0.633803 0.000000
vt 0.647887 1.000000
vt 0.647887 0.000000
vt 0.661972 1.000000
vt 0.661972 0.000000
vt 0.676056 1.000000
vt 0.676056 0.000000
vt 0.690141 1.000000
vt 0.690141 0.000000
vt 0.704225 1.000000
vt 0.704225 0.000000
vt 0.718310 1.000000
vt 0.718310 0.000000
vt 0.732394 1.000000
vt 0.732394 0.000000
vt 0.746479 1.000000
vt 0.746479 0.000000
vt 0.760563 1.000000
vt 0.760563 0.000000
vt 0.774648 1.000000
vt 0.774648 0.000000
vt 0.788732 1.000000
vt 0.788732 0.000000
vt 0.802817 1.000000
vt 0.802817 0.000000
vt 0.816901 1.000000
vt 0.816901 0.000000
vt 0.830986 1.000000
vt 0.830986 0.000000
vt 0.845070 1.000000
vt 0.845070 0.000000
vt 0.859155 1.000000
vt 0.859155 0.000000
vt 0.873239 1.000000
vt 0.873239 0.000000
vt 0.887324 1.000000
vt 0.887324 0.000000
vt 0.901408 1.000000
vt 0.901408 0.000000
vt 0.915493 1.000000
vt 0.915493 0.000000
vt 0.929577 1.000000
vt 0.929577 0.000000
vt 0.943662 1.000000
vt 0.943662 0.000000
vt 0.957747 1.000000
vt 0.957747 0.000000
vt 0.971831 1.000000
vt 0.971831 0.000000
vt 0.985915 1.000000
vt 0.985915 0.000000
vt 0.033333 1.000000
vt 0.033333 0.000000
vt 0.066667 1.000000
vt 0.066667 0.000000
vt 0.133333 1.000000
vt 0.133333 0.000000
vt 0.233333 1.000000
vt 0.233333 0.000000
vt 0.266667 1.000000
vt 0.266667 0.000000
vt 0.366667 1.000000
vt 0.366667 0.000000
vt 0.433333 1.000000
vt 0.433333 0.000000
vt 0.466667 1.000000
vt 0.466667 0.000000
vt 0.533333 1.000000
vt 0.533333 0.000000
vt 0.566667 1.000000
vt 0.566667 0.000000
vt 0.633333 1.000000
vt 0.633333 0.000000
vt 0.733333 1.000000
vt 0.733333 0.000000
vt 0.766667 1.000000
vt 0.766667 0.000000
vt 0.866667 1.000000
vt 0.866667 0.000000
vt 0.933333 1.000000
vt 0.933333 0.000000
vt 0.966667 1.000000
vt 0.966667 0.000000
vt 0.009901 1.000000
vt 0.009901 0.000000
vt 0.019802 1.000000
vt 0.019802 0.000000
vt 0.029703 1.000000
vt 0.029703 0.000000
vt 0.039604 1.000000
vt 0.039604 0.000000
vt 0.049505 1.000000
vt 0.049505 0.000000
vt 0.059406 1.000000
vt 0.059406 0.000000
vt 0.069307 1.000000
vt 0.069307 0.000000
vt 0.079208 1.000000
vt 0.079208 0.000000
vt 0.089109 1.000000
vt 0.089109 0.000000
vt 0.099010 1.000000
vt 0.099010 0.000000
vt 0.108911 1.000000
vt 0.108911 0.000000
vt 0.118812 1.000000
vt 0.118812 0.000000
vt 0.128713 1.000000
vt 0.128713 0.000000
vt 0.138614 1.000000
vt 0.138614 0.000000
vt 0.148515 1.000000
vt 0.148515 0.000000
vt 0.158416 1.000000
vt 0.158416 0.000000
vt 0.168317 1.000000
vt 0.168317 0.000000
vt 0.178218 1.000000
vt 0.178218 0.000000
vt 0.188119 1.000000
vt 0.188119 0.000000
vt 0.198020 1.000000
vt 0.198020 0.000000
vt 0.207921 1.000000
vt 0.207921 0.000000
vt 0.217822 1.000000
vt 0.217822 0.000000
vt 0.227723 1.000000
vt 0.227723 0.000000
vt 0.237624 1.000000
vt 0.237624 0.000000
vt 0.247525 1.000000
vt 0.247525 0.000000
vt 0.257426 1.000000
vt 0.257426 0.000000
vt 0.267327 1.000000
vt 0.267327 0.000000
vt 0.277228 1.000000
vt 0.277228 0.000000
vt 0.287129 1.000000
vt 0.287129 0.000000
vt 0.297030 1.000000
vt 0.297030 0.000000
vt 0.306931 1.000000
vt 0.306931 0.000000
vt 0.316832 1.000000
vt 0.316832 0.000000
vt 0.326733 1.000000
vt 0.326733 0.000000
vt 0.336634 1.000000
vt 0.336634 0.000000
vt 0.346535 1.000000
vt 0.346535 0.000000
vt 0.356436 1.000000
vt 0.356436 0.000000
vt 0.366337 1.000000
vt 0.366337 0.000000
vt 0.376238 1.000000
vt 0.376238 0.000000
vt 0.386139 1.000000
vt 0.386139 0.000000
vt 0.396040 1.000000
vt 0.396040 0.000000
vt 0.405941 1.000000
vt 0.405941 0.000000
vt 0.415842 1.000000
vt 0.415842 0.000000
vt 0.425743 1.000000
vt 0.425743 0.000000
vt 0.435644 1.000000
vt 0.435644 0.000000
vt 0.445545 1.000000
vt 0.445545 0.000000
vt 0.455446 1.000000
vt 0.455446 0.000000
vt 0.465347 1.000000
vt 0.465347 0.000000
vt 0.475248 1.000000
vt 0.475248 0.000000
vt 0.485149 1.000000
vt 0.485149 0.000000
vt 0.495050 1.000000
vt 0.495050 0.000000
vt 0.504951 1.000000
vt 0.504951 0.000000
vt 0.514852 1.000000
vt 0.514852 0.000000
vt 0.524752 1.000000
vt 0.524752 0.000000
vt 0.534653 1.000000
vt 0.534653 0.000000
vt 0.544554 1.000000
vt 0.544554 0.000000
vt 0.554455 1.000000
vt 0.554455 0.000000
vt 0.564356 1.000000
vt 0.564356 0.000000
vt 0.574257 1.000000
vt 0.574257 0.000000
vt 0.584158 1.000000
vt 0.584158 0.000000
vt 0.594059 1.000000
vt 0.594059 0.000000
vt 0.603960 1.000000
vt 0.603960 0.000000
vt 0.613861 1.000000
vt 0.613861 0.000000
vt 0.623762 1.000000
vt 0.623762 0.000000
vt 0.633663 1.000000
vt 0.633663 0.000000
vt 0.643564 1.000000
vt 0.643564 0.000000
vt 0.653465 1.000000
vt 0.653465 0.000000
vt 0.663366 1.000000
vt 0.663366 0.000000
vt 0.673267 1.000000
vt 0.673267 0.000000
vt 0.683168 1.000000
vt 0.683168 0.000000
vt 0.693069 1.000000
vt 0.693069 0.000000
vt 0.702970 1.000000
vt 0.702970 0.000000
vt 0.712871 1.000000
vt 0.712871 0.000000
vt 0.722772 1.000000
vt 0.722772 0.000000
vt 0.732673 1.000000
vt 0.732673 0.000000
vt 0.742574 1.000000
vt 0.742574 0.000000
vt 0.752475 1.000000
vt 0.752475 0.000000
vt 0.762376 1.000000
vt 0.762376 0.000000
vt 0.772277 1.000000
vt 0.772277 0.000000
vt 0.782178 1.000000
vt 0.782178 0.000000
vt 0.792079 1.000000
vt 0.792079 0.000000
vt 0.801980 1.000000
vt 0.801980 0.000000
vt 0.811881 1.000000
vt 0.811881 0.000000
vt 0.821782 1.000000
vt 0.821782 0.000000
vt 0.831683 1.000000
vt 0.831683 0.000000
vt 0.841584 1.000000
vt 0.841584 0.000000
vt 0.851485 1.000000
vt 0.851485 0.000000
vt 0.861386 1.000000
vt 0.861386 0.000000
vt 0.871287 1.000000
vt 0.871287 0.000000
vt 0.881188 1.000000
vt 0.881188 0.000000
vt 0.891089 1.000000
vt 0.891089 0.000000
vt 0.900990 1.000000
vt 0.900990 0.000000
vt 0.910891 1.000000
vt 0.910891 0.000000
vt 0.920792 1.000000
vt 0.920792 0.000000
vt 0.930693 1.000000
vt 0.930693 0.000000
vt 0.940594 1.000000
vt 0.940594 0.000000
vt 0.950495 1.000000
vt 0.950495 0.000000
vt 0.960396 1.000000
vt 0.960396 0.000000
vt 0.970297 1.000000
vt 0.970297 0.000000
vt 0.980198 1.000000
vt 0.980198 0.000000
vt 0.990099 1.000000
vt 0.990099 0.000000
vt 0.010204 1.000000
vt 0.010204 0.000000
vt 0.020408 1.000000
vt 0.030612 1.000000
vt 0.030612 0.000000
vt 0.040816 1.000000
vt 0.051020 1.000000
vt 0.051020 0.000000
vt 0.061224 1.000000
vt 0.071429 1.000000
vt 0.071429 0.000000
vt 0.081633 1.000000
vt 0.091837 1.000000
vt 0.091837 0.000000
vt 0.102041 1.000000
vt 0.112245 1.000000
vt 0.112245 0.000000
vt 0.122449 1.000000
vt 0.132653 1.000000
vt 0.132653 0.000000
vt 0.153061 1.000000
vt 0.153061 0.000000
vt 0.163265 1.000000
vt 0.173469 1.000000
vt 0.173469 0.000000
vt 0.183673 1.000000
vt 0.193878 1.000000
vt 0.193878 0.000000
vt 0.204082 1.000000
vt 0.214286 1.000000
vt 0.214286 0.000000
vt 0.224490 1.000000
vt 0.234694 1.000000
vt 0.234694 0.000000
vt 0.244898 1.000000
vt 0.255102 1.000000
vt 0.255102 0.000000
vt 0.265306 1.000000
vt 0.275510 1.000000
vt 0.275510 0.000000
vt 0.295918 1.000000
vt 0.295918 0.000000
vt 0.306122 1.000000
vt 0.316327 1.000000
vt 0.316327 0.000000
vt 0.326531 1.000000
vt 0.336735 1.000000
vt 0.336735 0.000000
vt 0.346939 1.000000
vt 0.357143 1.000000
vt 0.357143 0.000000
vt 0.367347 1.000000
vt 0.377551 1.000000
vt 0.377551 0.000000
vt 0.387755 1.000000
vt 0.397959 1.000000
vt 0.397959 0.000000
vt 0.408163 1.000000
vt 0.418367 1.000000
vt 0.418367 0.000000
vt 0.438776 1.000000
vt 0.438776 0.000000
vt 0.448980 1.000000
vt 0.459184 1.000000
vt 0.459184 0.000000
vt 0.469388 1.000000
vt 0.479592 1.000000
vt 0.479592 0.000000
vt 0.489796 1.000000
vt 0.510204 1.000000
vt 0.520408 1.000000
vt 0.520408 0.000000
vt 0.530612 1.000000
vt 0.540816 1.000000
vt 0.540816 0.000000
vt 0.551020 1.000000
vt 0.561224 1.000000
vt 0.561224 0.000000
vt 0.581633 1.000000
vt 0.581633 0.000000
vt 0.591837 1.000000
vt 0.602041 1.000000
vt 0.602041 0.000000
vt 0.612245 1.000000
vt 0.622449 1.000000
vt 0.622449 0.000000
vt 0.632653 1.000000
vt 0.642857 1.000000
vt 0.642857 0.000000
vt 0.653061 1.000000
vt 0.663265 1.000000
vt 0.663265 0.000000
vt 0.673469 1.000000
vt 0.683673 1.000000
vt 0.683673 0.000000
vt 0.693878 1.000000
vt 0.704082 1.000000
vt 0.704082 0.000000
vt 0.724490 1.000000
vt 0.724490 0.000000
vt 0.734694 1.000000
vt 0.744898 1.000000
vt 0.744898 0.000000
vt 0.755102 1.000000
vt 0.765306 1.000000
vt 0.765306 0.000000
vt 0.775510 1.000000
vt 0.785714 1.000000
vt 0.785714 0.000000
vt 0.795918 1.000000
vt 0.806122 1.000000
vt 0.806122 0.000000
vt 0.816327 1.000000
vt 0.826531 1.000000
vt 0.826531 0.000000
vt 0.836735 1.000000
vt 0.846939 1.000000
vt 0.846939 0.000000
vt 0.867347 1.000000
vt 0.867347 0.000000
vt 0.877551 1.000000
vt 0.887755 1.000000
vt 0.887755 0.000000
vt 0.897959 1.000000
vt 0.908163 1.000000
vt 0.908163 0.000000
vt 0.918367 1.000000
vt 0.928571 1.000000
vt 0.928571 0.000000
vt 0.938776 1.000000
vt 0.948980 1.000000
vt 0.948980 0.000000
vt 0.959184 1.000000
vt 0.969388 1.000000
vt 0.969388 0.000000
vt 0.979592 1.000000
vt 0.989796 1.000000
vt 0.989796 0.000000
vt 0.005814 1.000000
vt 0.005814 0.000000
vt 0.011628 1.000000
vt 0.011628 0.000000
vt 0.017442 1.000000
vt 0.017442 0.000000
vt 0.023256 1.000000
vt 0.023256 0.000000
vt 0.029070 1.000000
vt 0.029070 0.000000
vt 0.034884 1.000000
vt 0.034884 0.000000
vt 0.040698 1.000000
vt 0.040698 0.000000
vt 0.046512 1.000000
vt 0.046512 0.000000
vt 0.052326 1.000000
vt 0.052326 0.000000
vt 0.058140 1.000000
vt 0.058140 0.000000
vt 0.063953 1.000000
vt 0.063953 0.000000
vt 0.069767 1.000000
vt 0.069767 0.000000
vt 0.075581 1.000000
vt 0.075581 0.000000
vt 0.081395 1.000000
vt 0.081395 0.000000
vt 0.087209 1.000000
vt 0.087209 0.000000
vt 0.093023 1.000000
vt 0.093023 0.000000
vt 0.098837 1.000000
vt 0.098837 0.000000
vt 0.104651 1.000000
vt 0.104651 0.000000
vt 0.110465 1.000000
vt 0.110465 0.000000
vt 0.116279 1.000000
vt 0.116279 0.000000
vt 0.122093 1.000000
vt 0.122093 0.000000
vt 0.127907 1.000000
vt 0.127907 0.000000
vt 0.133721 1.000000
vt 0.133721 0.000000
vt 0.139535 1.000000
vt 0.139535 0.000000
vt 0.145349 1.000000
vt 0.145349 0.000000
vt 0.151163 1.000000
vt 0.151163 0.000000
vt 0.156977 1.000000
vt 0.156977 0.000000
vt 0.162791 1.000000
vt 0.162791 0.000000
vt 0.168605 1.000000
vt 0.168605 0.000000
vt 0.174419 1.000000
vt 0.174419 0.000000
vt 0.180233 1.000000
vt 0.180233 0.000000
vt 0.186047 1.000000
vt 0.186047 0.000000
vt 0.191860 1.000000
vt 0.191860 0.000000
vt 0.197674 1.000000
vt 0.197674 0.000000
vt 0.203488 1.000000
vt 0.203488 0.000000
vt 0.209302 1.000000
vt 0.209302 0.000000
vt 0.215116 1.000000
vt 0.215116 0.000000
vt 0.220930 1.000000
vt 0.220930 0.000000
vt 0.226744 1.000000
vt 0.226744 0.000000
vt 0.232558 1.000000
vt 0.232558 0.000000
vt 0.238372 1.000000
vt 0.238372 0.000000
vt 0.244186 1.000000
vt 0.244186 0.000000
vt 0.255814 1.000000
vt 0.255814 0.000000
vt 0.261628 1.000000
vt 0.261628 0.000000
vt 0.267442 1.000000
vt 0.267442 0.000000
vt 0.273256 1.000000
vt 0.273256 0.000000
vt 0.279070 1.000000
vt 0.279070 0.000000
vt 0.284884 1.000000
vt 0.284884 0.000000
vt 0.290698 1.000000
vt 0.290698 0.000000
vt 0.296512 1.000000
vt 0.296512 0.000000
vt 0.302326 1.000000
vt 0.302326 0.000000
vt 0.308140 1.000000
vt 0.308140 0.000000
vt 0.313953 1.000000
vt 0.313953 0.000000
vt 0.319767 1.000000
vt 0.319767 0.000000
vt 0.325581 1.000000
vt 0.325581 0.000000
vt 0.331395 1.000000
vt 0.331395 0.000000
vt 0.337209 1.000000
vt 0.337209 0.000000
vt 0.343023 1.000000
vt 0.343023 0.000000
vt 0.348837 1.000000
vt 0.348837 0.000000
vt 0.354651 1.000000
vt 0.354651 0.000000
vt 0.360465 1.000000
vt 0.360465 0.000000
vt 0.366279 1.000000
vt 0.366279 0.000000
vt 0.372093 1.000000
vt 0.372093 0.000000
vt 0.377907 1.000000
vt 0.377907 0.000000
vt 0.383721 1.000000
vt 0.383721 0.000000
vt 0.389535 1.000000
vt 0.389535 0.000000
vt 0.395349 1.000000
vt 0.395349 0.000000
vt 0.401163 1.000000
vt 0.401163 0.000000
vt 0.406977 1.000000
vt 0.406977 0.000000
vt 0.412791 1.000000
vt 0.412791 0.000000
vt 0.418605 1.000000
vt 0.418605 0.000000
vt 0.424419 1.000000
vt 0.424419 0.000000
vt 0.430233 1.000000
vt 0.430233 0.000000
vt 0.436047 1.000000
vt 0.436047 0.000000
vt 0.441860 1.000000
vt 0.441860 0.000000
vt 0.447674 1.000000
vt 0.447674 0.000000
vt 0.453488 1.000000
vt 0.453488 0.000000
vt 0.459302 1.000000
vt 0.459302 0.000000
vt 0.465116 1.000000
vt 0.465116 0.000000
vt 0.470930 1.000000
vt 0.470930 0.000000
vt 0.476744 1.000000
vt 0.476744 0.000000
vt 0.482558 1.000000
vt 0.482558 0.000000
vt 0.488372 1.000000
vt 0.488372 0.000000
vt 0.494186 1.000000
vt 0.494186 0.000000
vt 0.505814 1.000000
vt 0.505814 0.000000
vt 0.511628 1.000000
vt 0.511628 0.000000
vt 0.517442 1.000000
vt 0.517442 0.000000
vt 0.523256 1.000000
vt 0.523256 0.000000
vt 0.529070 1.000000
vt 0.529070 0.000000
vt 0.534884 1.000000
vt 0.534884 0.000000
vt 0.540698 1.000000
vt 0.540698 0.000000
vt 0.546512 1.000000
vt 0.546512 0.000000
vt 0.552326 1.000000
vt 0.552326 0.000000
vt 0.558140 1.000000
vt 0.558140 0.000000
vt 0.563953 1.000000
vt 0.563953 0.000000
vt 0.569767 1.000000
vt 0.569767 0.000000
vt 0.575581 1.000000
vt 0.575581 0.000000
vt 0.581395 1.000000
vt 0.581395 0.000000
vt 0.587209 1.000000
vt 0.587209 0.000000
vt 0.593023 1.000000
vt 0.593023 0.000000
vt 0.598837 1.000000
vt 0.598837 0.000000
vt 0.604651 1.000000
vt 0.604651 0.000000
vt 0.610465 1.000000
vt 0.610465 0.000000
vt 0.616279 1.000000
vt 0.616279 0.000000
vt 0.622093 1.000000
vt 0.622093 0.000000
vt 0.627907 1.000000
vt 0.627907 0.000000
vt 0.633721 1.000000
vt 0.633721 0.000000
vt 0.639535 1.000000
vt 0.639535 0.000000
vt 0.645349 1.000000
vt 0.645349 0.000000
vt 0.651163 1.000000
vt 0.651163 0.000000
vt 0.656977 1.000000
vt 0.656977 0.000000
vt 0.662791 1.000000
vt 0.662791 0.000000
vt 0.668605 1.000000
vt 0.668605 0.000000
vt 0.674419 1.000000
vt 0.674419 0.000000
vt 0.680233 1.000000
vt 0.680233 0.000000
vt 0.686047 1.000000
vt 0.686047 0.000000
vt 0.691860 1.000000
vt 0.691860 0.000000
vt 0.697674 1.000000
vt 0.697674 0.000000
vt 0.703488 1.000000
vt 0.703488 0.000000
vt 0.709302 1.000000
vt 0.709302 0.000000
vt 0.715116 1.000000
vt 0.715116 0.000000
vt 0.720930 1.000000
vt 0.720930 0.000000
vt 0.726744 1.000000
vt 0.726744 0.000000
vt 0.732558 1.000000
vt 0.732558 0.000000
vt 0.738372 1.000000
vt 0.738372 0.000000
vt 0.744186 1.000000
vt 0.744186 0.000000
vt 0.755814 1.000000
vt 0.755814 0.000000
vt 0.761628 1.000000
vt 0.761628 0.000000
vt 0.767442 1.000000
vt 0.767442 0.000000
vt 0.773256 1.000000
vt 0.773256 0.000000
vt 0.779070 1.000000
vt 0.779070 0.000000
vt 0.784884 1.000000
vt 0.784884 0.000000
vt 0.790698 1.000000
vt 0.790698 0.000000
vt 0.796512 1.000000
vt 0.796512 0.000000
vt 0.802326 1.000000
vt 0.802326 0.000000
vt 0.808140 1.000000
vt 0.808140 0.000000
vt 0.813953 1.000000
vt 0.813953 0.000000
vt 0.819767 1.000000
vt 0.819767 0.000000
vt 0.825581 1.000000
vt 0.825581 0.000000
vt 0.831395 1.000000
vt 0.831395 0.000000
vt 0.837209 1.000000
vt 0.837209 0.000000
vt 0.843023 1.000000
vt 0.843023 0.000000
vt 0.848837 1.000000
vt 0.848837 0.000000
vt 0.854651 1.000000
vt 0.854651 0.000000
vt 0.860465 1.000000
vt 0.860465 0.000000
vt 0.866279 1.000000
vt 0.866279 0.000000
vt 0.872093 1.000000
vt 0.872093 0.000000
vt 0.877907 1.000000
vt 0.877907 0.000000
vt 0.883721 1.000000
vt 0.883721 0.000000
vt 0.889535 1.000000
vt 0.889535 0.000000
vt 0.895349 1.000000
vt 0.895349 0.000000
vt 0.901163 1.000000
vt 0.901163 0.000000
vt 0.906977 1.000000
vt 0.906977 0.000000
vt 0.912791 1.000000
vt 0.912791 0.000000
vt 0.918605 1.000000
vt 0.918605 0.000000
vt 0.924419 1.000000
vt 0.924419 0.000000
vt 0.930233 1.000000
vt 0.930233 0.000000
vt 0.936047 1.000000
vt 0.936047 0.000000
vt 0.941860 1.000000
vt 0.941860 0.000000
vt 0.947674 1.000000
vt 0.947674 0.000000
vt 0.953488 1.000000
vt 0.953488 0.000000
vt 0.959302 1.000000
vt 0.959302 0.000000
vt 0.965116 1.000000
vt 0.965116 0.000000
vt 0.970930 1.000000
vt 0.970930 0.000000
vt 0.976744 1.000000
vt 0.976744 0.000000
vt 0.982558 1.000000
vt 0.982558 0.000000
vt 0.988372 1.000000
vt 0.988372 0.000000
vt 0.994186 1.000000
vt 0.994186 0.000000
s 0
usemtl マテリアル.001
f 121/1/1 49/2/1 122/3/1
f 120/4/1 49/2/1 121/1/1
f 120/4/1 50/5/1 49/2/1
f 119/6/1 50/5/1 120/4/1
f 119/6/1 51/7/1 50/5/1
f 118/8/1 51/7/1 119/6/1
f 118/8/1 52/9/1 51/7/1
f 117/10/1 52/9/1 118/8/1
f 117/10/1 53/11/1 52/9/1
f 116/12/1 53/11/1 117/10/1
f 116/12/1 54/13/1 53/11/1
f 115/14/1 54/13/1 116/12/1
f 115/14/1 55/15/1 54/13/1
f 114/16/1 55/15/1 115/14/1
f 114/16/1 56/17/1 55/15/1
f 113/18/1 56/17/1 114/16/1
f 113/18/1 57/19/1 56/17/1
f 112/20/1 57/19/1 113/18/1
f 112/20/1 58/21/1 57/19/1
f 111/22/1 58/21/1 112/20/1
f 111/22/1 59/23/1 58/21/1
f 110/24/1 59/23/1 111/22/1
f 110/24/1 60/25/1 59/23/1
f 109/26/1 60/25/1 110/24/1
f 109/26/1 61/27/1 60/25/1
f 109/26/1 62/28/1 61/27/1
f 108/29/1 62/28/1 109/26/1
f 108/29/1 63/30/1 62/28/1
f 107/31/1 63/30/1 108/29/1
f 107/31/1 64/32/1 63/30/1
f 106/33/1 64/32/1 107/31/1
f 106/33/1 65/34/1 64/32/1
f 105/35/1 65/34/1 106/33/1
f 104/36/1 65/34/1 105/35/1
f 104/36/1 66/37/1 65/34/1
f 103/38/1 66/37/1 104/36/1
f 103/38/1 67/39/1 66/37/1
f 102/40/1 67/39/1 103/38/1
f 102/40/1 68/41/1 67/39/1
f 101/42/1 68/41/1 102/40/1
f 101/42/1 69/43/1 68/41/1
f 100/44/1 69/43/1 101/42/1
f 100/44/1 70/45/1 69/43/1
f 99/46/1 70/45/1 100/44/1
f 99/46/1 71/47/1 70/45/1
f 98/48/1 71/47/1 99/46/1
f 98/48/1 72/49/1 71/47/1
f 97/50/1 72/49/1 98/48/1
f 97/50/1 73/51/1 72/49/1
f 96/52/1 73/51/1 97/50/1
f 96/52/1 74/53/1 73/51/1
f 95/54/1 74/53/1 96/52/1
f 95/54/1 75/55/1 74/53/1
f 94/56/1 75/55/1 95/54/1
f 94/56/1 76/57/1 75/55/1
f 93/58/1 76/57/1 94/56/1
f 93/58/1 77/59/1 76/57/1
f 92/60/1 77/59/1 93/58/1
f 92/60/1 78/61/1 77/59/1
f 91/62/1 78/61/1 92/60/1
f 91/62/1 79/63/1 78/61/1
f 90/64/1 79/63/1 91/62/1
f 90/64/1 80/65/1 79/63/1
f 89/66/1 80/65/1 90/64/1
f 89/66/1 81/67/1 80/65/1
f 88/68/1 81/67/1 89/66/1
f 88/68/1 82/69/1 81/67/1
f 87/70/1 82/69/1 88/68/1
f 87/70/1 83/71/1 82/69/1
f 86/72/1 83/71/1 87/70/1
f 86/72/1 84/73/1 83/71/1
f 85/74/1 84/73/1 86/72/1
f 35/75/1 37/76/1 36/77/1
f 34/78/1 37/76/1 35/75/1
f 34/78/1 38/79/1 37/76/1
f 33/80/1 38/79/1 34/78/1
f 33/80/1 39/81/1 38/79/1
f 32/82/1 39/81/1 33/80/1
f 32/82/1 40/83/1 39/81/1
f 31/84/1 40/83/1 32/82/1
f 31/84/1 41/85/1 40/83/1
f 30/86/1 41/85/1 31/84/1
f 30/86/1 42/87/1 41/85/1
f 29/88/1 42/87/1 30/86/1
f 29/88/1 43/89/1 42/87/1
f 28/90/1 43/89/1 29/88/1
f 28/90/1 44/91/1 43/89/1
f 27/92/1 44/91/1 28/90/1
f 27/92/1 45/93/1 44/91/1
f 26/94/1 45/93/1 27/92/1
f 26/94/1 46/95/1 45/93/1
f 25/96/1 46/95/1 26/94/1
f 25/96/1 47/97/1 46/95/1
f 24/98/1 47/97/1 25/96/1
f 24/98/1 48/99/1 47/97/1
f 23/100/1 48/99/1 24/98/1
f 23/100/1 1/101/1 48/99/1
f 22/102/1 1/101/1 23/100/1
f 22/102/1 2/103/1 1/101/1
f 21/104/1 2/103/1 22/102/1
f 21/104/1 3/105/1 2/103/1
f 20/106/1 3/105/1 21/104/1
f 20/106/1 4/107/1 3/105/1
f 19/108/1 4/107/1 20/106/1
f 19/108/1 5/109/1 4/107/1
f 18/110/1 5/109/1 19/108/1
f 18/110/1 6/111/1 5/109/1
f 17/112/1 6/111/1 18/110/1
f 17/112/1 7/113/1 6/111/1
f 16/114/1 7/113/1 17/112/1
f 16/114/1 8/115/1 7/113/1
f 15/116/1 8/115/1 16/114/1
f 15/116/1 9/117/1 8/115/1
f 14/118/1 9/117/1 15/116/1
f 14/118/1 10/119/1 9/117/1
f 13/120/1 10/119/1 14/118/1
f 13/120/1 11/121/1 10/119/1
f 12/122/1 11/121/1 13/120/1
f 243/1/1 171/2/1 244/3/1
f 242/4/1 171/2/1 243/1/1
f 242/4/1 172/5/1 171/2/1
f 241/6/1 172/5/1 242/4/1
f 241/6/1 173/7/1 172/5/1
f 240/8/1 173/7/1 241/6/1
f 240/8/1 174/9/1 173/7/1
f 239/10/1 174/9/1 240/8/1
f 239/10/1 175/11/1 174/9/1
f 238/12/1 175/11/1 239/10/1
f 238/12/1 176/13/1 175/11/1
f 237/14/1 176/13/1 238/12/1
f 237/14/1 177/15/1 176/13/1
f 236/16/1 177/15/1 237/14/1
f 236/16/1 178/17/1 177/15/1
f 235/18/1 178/17/1 236/16/1
f 235/18/1 179/19/1 178/17/1
f 234/20/1 179/19/1 235/18/1
f 234/20/1 180/21/1 179/19/1
f 233/22/1 180/21/1 234/20/1
f 233/22/1 181/23/1 180/21/1
f 232/24/1 181/23/1 233/22/1
f 232/24/1 182/25/1 181/23/1
f 231/26/1 182/25/1 232/24/1
f 231/26/1 183/27/1 182/25/1
f 231/26/1 184/28/1 183/27/1
f 230/29/1 184/28/1 231/26/1
f 230/29/1 185/30/1 184/28/1
f 229/31/1 185/30/1 230/29/1
f 229/31/1 186/32/1 185/30/1
f 228/33/1 186/32/1 229/31/1
f 228/33/1 187/34/1 186/32/1
f 227/35/1 187/34/1 228/33/1
f 226/36/1 187/34/1 227/35/1
f 226/36/1 188/37/1 187/34/1
f 225/38/1 188/37/1 226/36/1
f 225/38/1 189/39/1 188/37/1
f 224/40/1 189/39/1 225/38/1
f 224/40/1 190/41/1 189/39/1
f 223/42/1 190/41/1 224/40/1
f 223/42/1 191/43/1 190/41/1
f 222/44/1 191/43/1 223/42/1
f 222/44/1 192/45/1 191/43/1
f 221/46/1 192/45/1 222/44/1
f 221/46/1 193/47/1 192/45/1
f 220/48/1 193/47/1 221/46/1
f 220/48/1 194/49/1 193/47/1
f 219/50/1 194/49/1 220/48/1
f 219/50/1 195/51/1 194/49/1
f 218/52/1 195/51/1 219/50/1
f 218/52/1 196/53/1 195/51/1
f 217/54/1 196/53/1 218/52/1
f 217/54/1 197/55/1 196/53/1
f 216/56/1 197/55/1 217/54/1
f 216/56/1 198/57/1 197/55/1
f 215/58/1 198/57/1 216/56/1
f 215/58/1 199/59/1 198/57/1
f 214/60/1 199/59/1 215/58/1
f 214/60/1 200/61/1 199/59/1
f 213/62/1 200/61/1 214/60/1
f 213/62/1 201/63/1 200/61/1
f 212/64/1 201/63/1 213/62/1
f 212/64/1 202/65/1 201/63/1
f 211/66/1 202/65/1 212/64/1
f 211/66/1 203/67/1 202/65/1
f 210/68/1 203/67/1 211/66/1
f 210/68/1 204/69/1 203/67/1
f 209/70/1 204/69/1 210/68/1
f 209/70/1 205/71/1 204/69/1
f 208/72/1 205/71/1 209/70/1
f 208/72/1 206/73/1 205/71/1
f 207/74/1 206/73/1 208/72/1
f 157/75/1 159/76/1 158/77/1
f 156/78/1 159/76/1 157/75/1
f 156/78/1 160/79/1 159/76/1
f 155/80/1 160/79/1 156/78/1
f 155/80/1 161/81/1 160/79/1
f 154/82/1 161/81/1 155/80/1
f 154/82/1 162/83/1 161/81/1
f 153/84/1 162/83/1 154/82/1
f 153/84/1 163/85/1 162/83/1
f 152/86/1 163/85/1 153/84/1
f 152/86/1 164/87/1 163/85/1
f 151/88/1 164/87/1 152/86/1
f 151/88/1 165/89/1 164/87/1
f 150/90/1 165/89/1 151/88/1
f 150/90/1 166/91/1 165/89/1
f 149/92/1 166/91/1 150/90/1
f 149/92/1 167/93/1 166/91/1
f 148/94/1 167/93/1 149/92/1
f 148/94/1 168/95/1 167/93/1
f 147/96/1 168/95/1 148/94/1
f 147/96/1 169/97/1 168/95/1
f 146/98/1 169/97/1 147/96/1
f 146/98/1 170/99/1 169/97/1
f 145/100/1 170/99/1 146/98/1
f 145/100/1 123/101/1 170/99/1
f 144/102/1 123/101/1 145/100/1
f 144/102/1 124/103/1 123/101/1
f 143/104/1 124/103/1 144/102/1
f 143/104/1 125/105/1 124/103/1
f 142/106/1 125/105/1 143/104/1
f 142/106/1 126/107/1 125/105/1
f 141/108/1 126/107/1 142/106/1
f 141/108/1 127/109/1 126/107/1
f 140/110/1 127/109/1 141/108/1
f 140/110/1 128/111/1 127/109/1
f 139/112/1 128/111/1 140/110/1
f 139/112/1 129/113/1 128/111/1
f 138/114/1 129/113/1 139/112/1
f 138/114/1 130/115/1 129/113/1
f 137/116/1 130/115/1 138/114/1
f 137/116/1 131/117/1 130/115/1
f 136/118/1 131/117/1 137/116/1
f 136/118/1 132/119/1 131/117/1
f 135/120/1 132/119/1 136/118/1
f 135/120/1 133/121/1 132/119/1
f 134/122/1 133/121/1 135/120/1
f 267/123/1 269/124/1 268/125/1
f 266/126/1 269/124/1 267/123/1
f 265/127/1 269/124/1 266/126/1
f 264/128/1 269/124/1 265/127/1
f 263/129/1 269/124/1 264/128/1
f 262/130/1 269/124/1 263/129/1
f 261/131/1 269/124/1 262/130/1
f 260/132/1 269/124/1 261/131/1
f 259/133/1 269/124/1 260/132/1
f 258/134/1 269/124/1 259/133/1
f 257/135/1 269/124/1 258/134/1
f 256/136/1 269/124/1 257/135/1
f 255/137/1 269/124/1 256/136/1
f 254/138/1 269/124/1 255/137/1
f 253/139/1 269/124/1 254/138/1
f 252/140/1 269/124/1 253/139/1
f 251/141/1 269/124/1 252/140/1
f 250/142/1 269/124/1 251/141/1
f 249/143/1 269/124/1 250/142/1
f 403/144/1 405/145/1 404/146/1
f 403/144/1 406/147/1 405/145/1
f 248/148/1 269/124/1 249/143/1
f 403/144/1 407/149/1 406/147/1
f 403/144/1 408/150/1 407/149/1
f 247/151/1 269/124/1 248/148/1
f 403/144/1 409/152/1 408/150/1
f 403/144/1 410/153/1 409/152/1
f 246/154/1 269/124/1 247/151/1
f 403/144/1 411/155/1 410/153/1
f 403/144/1 412/156/1 411/155/1
f 245/101/1 269/124/1 246/154/1
f 403/144/1 413/157/1 412/156/1
f 403/144/1 414/158/1 413/157/1
f 416/3/1 269/124/1 245/101/1
f 403/144/1 415/159/1 414/158/1
f 403/144/1 416/3/1 415/159/1
f 403/144/1 402/160/1 416/3/1
f 402/160/1 401/161/1 416/3/1
f 401/161/1 400/162/1 416/3/1
f 400/162/1 399/163/1 416/3/1
f 399/163/1 398/164/1 416/3/1
f 398/164/1 397/165/1 416/3/1
f 397/165/1 396/166/1 416/3/1
f 396/166/1 395/167/1 416/3/1
f 395/167/1 394/168/1 416/3/1
f 394/168/1 269/124/1 416/3/1
f 394/168/2 393/169/2 269/124/2
f 393/169/1 270/170/1 269/124/1
f 393/169/1 271/171/1 270/170/1
f 393/169/1 272/172/1 271/171/1
f 393/169/1 392/173/1 272/172/1
f 392/173/1 273/174/1 272/172/1
f 392/173/1 390/175/1 273/174/1
f 390/175/1 274/176/1 273/174/1
f 390/175/1 389/177/1 274/176/1
f 389/177/1 388/178/1 274/176/1
f 388/178/1 387/179/1 274/176/1
f 387/179/1 275/180/1 274/176/1
f 387/179/1 386/181/1 275/180/1
f 386/181/1 379/182/1 275/180/1
f 379/182/1 276/183/1 275/180/1
f 379/182/1 277/184/1 276/183/1
f 379/182/1 278/185/1 277/184/1
f 386/181/1 385/186/1 379/182/1
f 385/186/1 380/187/1 379/182/1
f 378/188/1 278/185/1 379/182/1
f 385/186/1 381/189/1 380/187/1
f 385/186/1 384/190/1 381/189/1
f 384/190/3 382/191/3 381/189/3
f 378/188/1 279/192/1 278/185/1
f 384/190/1 383/193/1 382/191/1
f 378/188/1 280/194/1 279/192/1
f 378/188/1 281/195/1 280/194/1
f 378/188/1 282/196/1 281/195/1
f 392/173/2 391/197/2 390/175/2
f 377/198/1 282/196/1 378/188/1
f 377/198/1 283/199/1 282/196/1
f 377/198/1 284/200/1 283/199/1
f 376/201/1 284/200/1 377/198/1
f 376/201/1 285/202/1 284/200/1
f 376/201/1 286/203/1 285/202/1
f 375/204/1 286/203/1 376/201/1
f 375/204/1 287/205/1 286/203/1
f 375/204/1 288/206/1 287/205/1
f 374/207/1 288/206/1 375/204/1
f 374/207/1 289/208/1 288/206/1
f 373/209/1 289/208/1 374/207/1
f 373/209/1 290/210/1 289/208/1
f 373/209/1 291/211/1 290/210/1
f 373/209/1 292/212/1 291/211/1
f 372/213/1 292/212/1 373/209/1
f 304/214/1 306/215/1 305/216/1
f 303/217/1 306/215/1 304/214/1
f 302/218/1 306/215/1 303/217/1
f 301/219/1 306/215/1 302/218/1
f 301/219/1 307/220/1 306/215/1
f 300/221/1 307/220/1 301/219/1
f 299/222/1 307/220/1 300/221/1
f 298/223/1 307/220/1 299/222/1
f 298/223/1 308/224/1 307/220/1
f 297/225/1 308/224/1 298/223/1
f 372/213/1 293/226/1 292/212/1
f 296/227/1 308/224/1 297/225/1
f 295/228/1 308/224/1 296/227/1
f 295/228/1 309/229/1 308/224/1
f 294/230/1 309/229/1 295/228/1
f 293/226/1 309/229/1 294/230/1
f 372/213/1 309/229/1 293/226/1
f 372/213/1 310/231/1 309/229/1
f 371/232/1 310/231/1 372/213/1
f 371/232/1 354/233/1 310/231/1
f 354/233/1 311/234/1 310/231/1
f 354/233/1 353/235/1 311/234/1
f 353/235/1 312/236/1 311/234/1
f 371/232/1 355/237/1 354/233/1
f 352/238/1 312/236/1 353/235/1
f 371/232/1 356/239/1 355/237/1
f 370/240/1 356/239/1 371/232/1
f 351/241/1 312/236/1 352/238/1
f 370/240/1 357/242/1 356/239/1
f 350/243/1 312/236/1 351/241/1
f 370/240/1 358/244/1 357/242/1
f 350/243/1 313/245/1 312/236/1
f 349/246/1 313/245/1 350/243/1
f 370/240/1 359/247/1 358/244/1
f 348/248/1 313/245/1 349/246/1
f 370/240/1 360/249/1 359/247/1
f 348/248/1 314/250/1 313/245/1
f 369/251/1 360/249/1 370/240/1
f 347/252/1 314/250/1 348/248/1
f 369/251/1 361/253/1 360/249/1
f 346/254/1 314/250/1 347/252/1
f 346/254/1 315/255/1 314/250/1
f 345/256/1 315/255/1 346/254/1
f 369/251/1 362/257/1 361/253/1
f 368/258/1 362/257/1 369/251/1
f 344/259/1 315/255/1 345/256/1
f 344/259/1 316/260/1 315/255/1
f 368/258/1 363/261/1 362/257/1
f 367/262/1 363/261/1 368/258/1
f 343/263/1 316/260/1 344/259/1
f 367/262/1 364/264/1 363/261/1
f 343/263/1 317/265/1 316/260/1
f 342/266/1 317/265/1 343/263/1
f 366/267/1 365/268/1 367/262/1
f 365/268/1 364/264/1 367/262/1
f 341/269/1 317/265/1 342/266/1
f 341/269/1 318/270/1 317/265/1
f 340/271/1 318/270/1 341/269/1
f 340/271/1 319/272/1 318/270/1
f 339/273/1 319/272/1 340/271/1
f 339/273/1 320/274/1 319/272/1
f 338/275/1 320/274/1 339/273/1
f 337/276/1 320/274/1 338/275/1
f 337/276/1 321/277/1 320/274/1
f 336/278/1 321/277/1 337/276/1
f 336/278/1 322/279/1 321/277/1
f 335/280/1 322/279/1 336/278/1
f 334/281/1 322/279/1 335/280/1
f 333/282/1 322/279/1 334/281/1
f 329/283/1 331/284/1 330/285/1
f 333/282/1 323/286/1 322/279/1
f 332/287/1 323/286/1 333/282/1
f 329/283/1 332/287/1 331/284/1
f 329/283/1 323/286/1 332/287/1
f 329/283/1 324/288/1 323/286/1
f 329/283/1 325/289/1 324/288/1
f 329/283/1 326/290/1 325/289/1
f 329/283/1 327/291/1 326/290/1
f 328/292/1 327/291/1 329/283/1
f 500/293/1 502/294/1 501/295/1
f 500/293/1 503/296/1 502/294/1
f 499/297/1 503/296/1 500/293/1
f 499/297/1 504/298/1 503/296/1
f 498/299/1 504/298/1 499/297/1
f 498/299/1 505/300/1 504/298/1
f 497/301/1 505/300/1 498/299/1
f 497/301/1 506/302/1 505/300/1
f 496/303/1 506/302/1 497/301/1
f 496/303/1 507/304/1 506/302/1
f 495/305/1 507/304/1 496/303/1
f 495/305/1 508/306/1 507/304/1
f 494/307/1 508/306/1 495/305/1
f 494/307/1 509/308/1 508/306/1
f 493/309/1 509/308/1 494/307/1
f 493/309/1 510/310/1 509/308/1
f 492/311/1 510/310/1 493/309/1
f 492/311/1 511/312/1 510/310/1
f 491/313/1 511/312/1 492/311/1
f 491/313/1 512/314/1 511/312/1
f 490/315/1 512/314/1 491/313/1
f 490/315/1 513/316/1 512/314/1
f 489/317/1 513/316/1 490/315/1
f 489/317/1 514/3/1 513/316/1
f 488/318/1 514/3/1 489/317/1
f 488/318/1 417/101/1 514/3/1
f 487/319/1 417/101/1 488/318/1
f 487/319/1 418/320/1 417/101/1
f 486/321/1 418/320/1 487/319/1
f 486/321/1 419/322/1 418/320/1
f 485/323/1 419/322/1 486/321/1
f 485/323/1 420/324/1 419/322/1
f 484/325/1 420/324/1 485/323/1
f 484/325/1 421/326/1 420/324/1
f 483/327/1 421/326/1 484/325/1
f 483/327/1 422/328/1 421/326/1
f 483/327/1 423/329/1 422/328/1
f 482/330/1 423/329/1 483/327/1
f 482/330/1 424/331/1 423/329/1
f 481/332/1 424/331/1 482/330/1
f 481/332/1 425/333/1 424/331/1
f 480/334/1 425/333/1 481/332/1
f 480/334/1 426/335/1 425/333/1
f 479/336/1 426/335/1 480/334/1
f 479/336/1 427/337/1 426/335/1
f 478/338/1 427/337/1 479/336/1
f 451/339/1 453/340/1 452/341/1
f 478/338/1 428/342/1 427/337/1
f 450/343/1 453/340/1 451/339/1
f 477/344/1 428/342/1 478/338/1
f 449/345/1 453/340/1 450/343/1
f 477/344/1 429/346/1 428/342/1
f 476/347/1 429/346/1 477/344/1
f 449/345/1 454/348/1 453/340/1
f 448/349/1 454/348/1 449/345/1
f 476/347/1 430/350/1 429/346/1
f 448/349/1 455/351/1 454/348/1
f 447/352/1 455/351/1 448/349/1
f 475/353/1 430/350/1 476/347/1
f 475/353/1 431/354/1 430/350/1
f 447/352/1 456/355/1 455/351/1
f 446/356/1 456/355/1 447/352/1
f 475/353/1 432/357/1 431/354/1
f 474/358/1 432/357/1 475/353/1
f 445/359/1 456/355/1 446/356/1
f 445/359/1 457/360/1 456/355/1
f 474/358/1 433/361/1 432/357/1
f 444/362/1 457/360/1 445/359/1
f 474/358/1 434/363/1 433/361/1
f 444/362/1 458/364/1 457/360/1
f 473/365/1 434/363/1 474/358/1
f 473/365/1 435/366/1 434/363/1
f 443/367/1 458/364/1 444/362/1
f 473/365/1 436/368/1 435/366/1
f 442/369/1 458/364/1 443/367/1
f 442/369/1 459/370/1 458/364/1
f 473/365/1 437/371/1 436/368/1
f 472/372/1 437/371/1 473/365/1
f 441/373/1 459/370/1 442/369/1
f 472/372/1 438/374/1 437/371/1
f 472/372/1 439/375/1 438/374/1
f 440/376/1 459/370/1 441/373/1
f 472/372/1 440/376/1 439/375/1
f 472/372/1 459/370/1 440/376/1
f 472/372/1 460/377/1 459/370/1
f 471/378/1 460/377/1 472/372/1
f 471/378/1 461/379/1 460/377/1
f 470/380/1 461/379/1 471/378/1
f 470/380/1 462/381/1 461/379/1
f 469/382/1 462/381/1 470/380/1
f 468/383/1 462/381/1 469/382/1
f 468/383/1 463/384/1 462/381/1
f 467/385/1 463/384/1 468/383/1
f 467/385/1 464/386/1 463/384/1
f 466/387/1 464/386/1 467/385/1
f 466/387/1 465/388/1 464/386/1
f 677/389/1 649/390/1 678/391/1
f 677/389/1 650/392/1 649/390/1
f 676/393/1 650/392/1 677/389/1
f 676/393/1 651/394/1 650/392/1
f 647/395/1 578/396/1 648/397/1
f 675/398/1 651/394/1 676/393/1
f 675/398/1 652/399/1 651/394/1
f 646/400/1 578/396/1 647/395/1
f 674/401/1 652/399/1 675/398/1
f 674/401/1 653/402/1 652/399/1
f 645/403/1 578/396/1 646/400/1
f 673/404/1 653/402/1 674/401/1
f 644/405/1 578/396/1 645/403/1
f 673/404/1 654/406/1 653/402/1
f 672/407/1 654/406/1 673/404/1
f 643/408/1 578/396/1 644/405/1
f 671/409/1 654/406/1 672/407/1
f 671/409/1 655/410/1 654/406/1
f 642/411/1 578/396/1 643/408/1
f 670/412/1 655/410/1 671/409/1
f 670/412/1 656/413/1 655/410/1
f 641/414/1 578/396/1 642/411/1
f 669/415/1 656/413/1 670/412/1
f 640/416/1 578/396/1 641/414/1
f 669/415/1 657/417/1 656/413/1
f 640/416/1 579/418/1 578/396/1
f 668/419/1 657/417/1 669/415/1
f 639/420/1 579/418/1 640/416/1
f 668/419/1 658/421/1 657/417/1
f 638/422/1 579/418/1 639/420/1
f 638/422/1 580/423/1 579/418/1
f 667/424/1 658/421/1 668/419/1
f 637/425/1 580/423/1 638/422/1
f 667/424/1 659/426/1 658/421/1
f 637/425/1 581/427/1 580/423/1
f 666/428/1 659/426/1 667/424/1
f 636/429/1 581/427/1 637/425/1
f 636/429/1 582/430/1 581/427/1
f 635/431/1 590/432/1 636/429/1
f 590/432/1 582/430/1 636/429/1
f 666/428/1 660/433/1 659/426/1
f 665/434/1 660/433/1 666/428/1
f 590/432/1 583/435/1 582/430/1
f 663/436/1 665/434/1 664/437/1
f 663/436/1 660/433/1 665/434/1
f 663/436/1 661/438/1 660/433/1
f 663/436/1 662/439/1 661/438/1
f 590/432/1 584/440/1 583/435/1
f 590/432/1 585/441/1 584/440/1
f 590/432/1 586/442/1 585/441/1
f 590/432/1 587/443/1 586/442/1
f 590/432/1 588/444/1 587/443/1
f 590/432/1 589/445/1 588/444/1
f 635/431/1 591/446/1 590/432/1
f 777/447/1 779/448/1 778/449/1
f 804/450/1 780/451/1 805/3/1
f 776/452/1 779/448/1 777/447/1
f 804/450/1 781/453/1 780/451/1
f 776/452/1 679/454/1 779/448/1
f 803/455/1 781/453/1 804/450/1
f 775/456/1 679/454/1 776/452/1
f 803/455/1 782/457/1 781/453/1
f 775/456/1 680/458/1 679/454/1
f 802/459/1 782/457/1 803/455/1
f 802/459/1 783/460/1 782/457/1
f 774/461/1 680/458/1 775/456/1
f 801/462/1 783/460/1 802/459/1
f 774/461/1 681/463/1 680/458/1
f 801/462/1 784/464/1 783/460/1
f 773/465/1 681/463/1 774/461/1
f 800/466/1 784/464/1 801/462/1
f 773/465/1 682/467/1 681/463/1
f 800/466/1 785/468/1 784/464/1
f 799/469/1 785/468/1 800/466/1
f 773/465/1 683/470/1 682/467/1
f 772/471/1 683/470/1 773/465/1
f 799/469/1 786/472/1 785/468/1
f 798/473/1 786/472/1 799/469/1
f 772/471/1 684/474/1 683/470/1
f 771/475/1 684/474/1 772/471/1
f 798/473/1 787/476/1 786/472/1
f 771/475/1 685/477/1 684/474/1
f 797/478/1 787/476/1 798/473/1
f 770/479/1 685/477/1 771/475/1
f 797/478/1 788/480/1 787/476/1
f 770/479/1 686/481/1 685/477/1
f 796/482/1 788/480/1 797/478/1
f 769/483/1 686/481/1 770/479/1
f 796/482/1 789/484/1 788/480/1
f 769/483/1 687/485/1 686/481/1
f 795/486/1 789/484/1 796/482/1
f 795/486/1 790/487/1 789/484/1
f 768/488/1 687/485/1 769/483/1
f 768/488/1 688/489/1 687/485/1
f 794/490/1 790/487/1 795/486/1
f 794/490/1 791/491/1 790/487/1
f 767/492/1 688/489/1 768/488/1
f 767/492/1 689/493/1 688/489/1
f 793/494/1 791/491/1 794/490/1
f 793/494/1 792/495/1 791/491/1
f 766/496/1 689/493/1 767/492/1
f 766/496/1 690/497/1 689/493/1
f 764/498/1 766/496/1 765/499/1
f 764/498/1 690/497/1 766/496/1
f 764/498/1 691/500/1 690/497/1
f 764/498/1 692/501/1 691/500/1
f 635/431/1 598/502/1 591/446/1
f 598/502/1 592/503/1 591/446/1
f 598/502/1 593/504/1 592/503/1
f 763/505/1 692/501/1 764/498/1
f 762/506/1 693/507/1 763/505/1
f 693/507/1 692/501/1 763/505/1
f 762/506/1 694/508/1 693/507/1
f 635/431/1 599/509/1 598/502/1
f 597/510/1 593/504/1 598/502/1
f 596/511/1 594/512/1 597/510/1
f 594/512/1 593/504/1 597/510/1
f 596/511/1 595/513/1 594/512/1
f 634/514/1 599/509/1 635/431/1
f 634/514/1 600/515/1 599/509/1
f 633/516/1 600/515/1 634/514/1
f 633/516/1 601/517/1 600/515/1
f 760/518/1 762/506/1 761/519/1
f 760/518/1 694/508/1 762/506/1
f 760/518/1 695/520/1 694/508/1
f 760/518/1 696/521/1 695/520/1
f 632/522/1 601/517/1 633/516/1
f 632/522/1 602/523/1 601/517/1
f 631/524/1 602/523/1 632/522/1
f 631/524/1 603/525/1 602/523/1
f 759/526/1 696/521/1 760/518/1
f 758/527/1 697/528/1 759/526/1
f 697/528/1 696/521/1 759/526/1
f 758/527/1 698/529/1 697/528/1
f 630/530/1 603/525/1 631/524/1
f 630/530/1 604/531/1 603/525/1
f 539/532/1 515/101/1 540/533/1
f 575/534/1 577/535/1 576/536/1
f 539/532/1 516/537/1 515/101/1
f 629/538/1 604/531/1 630/530/1
f 575/534/1 541/539/1 577/535/1
f 574/540/1 541/539/1 575/534/1
f 539/532/1 517/541/1 516/537/1
f 538/542/1 517/541/1 539/532/1
f 573/543/1 541/539/1 574/540/1
f 573/543/1 542/544/1 541/539/1
f 629/538/1 605/545/1 604/531/1
f 538/542/1 518/546/1 517/541/1
f 537/547/1 518/546/1 538/542/1
f 572/548/1 542/544/1 573/543/1
f 536/549/1 518/546/1 537/547/1
f 536/549/1 519/550/1 518/546/1
f 572/548/1 543/551/1 542/544/1
f 628/552/1 605/545/1 629/538/1
f 571/553/1 543/551/1 572/548/1
f 535/554/1 519/550/1 536/549/1
f 535/554/1 520/555/1 519/550/1
f 571/553/1 544/556/1 543/551/1
f 570/557/1 544/556/1 571/553/1
f 628/552/1 606/558/1 605/545/1
f 534/559/1 520/555/1 535/554/1
f 534/559/1 521/560/1 520/555/1
f 570/557/1 545/561/1 544/556/1
f 627/562/1 606/558/1 628/552/1
f 569/563/1 545/561/1 570/557/1
f 534/559/1 522/564/1 521/560/1
f 533/565/1 522/564/1 534/559/1
f 569/563/1 546/566/1 545/561/1
f 533/565/1 523/567/1 522/564/1
f 568/568/1 546/566/1 569/563/1
f 532/569/1 523/567/1 533/565/1
f 532/569/1 524/570/1 523/567/1
f 627/562/1 607/571/1 606/558/1
f 567/572/1 546/566/1 568/568/1
f 567/572/1 547/573/1 546/566/1
f 531/574/1 524/570/1 532/569/1
f 626/575/1 607/571/1 627/562/1
f 531/574/1 525/576/1 524/570/1
f 566/577/1 547/573/1 567/572/1
f 530/578/1 525/576/1 531/574/1
f 566/577/1 548/579/1 547/573/1
f 530/578/1 526/580/1 525/576/1
f 565/581/1 548/579/1 566/577/1
f 529/582/1 526/580/1 530/578/1
f 565/581/1 549/583/1 548/579/1
f 529/582/1 528/584/1 526/580/1
f 528/584/1 527/585/1 526/580/1
f 564/586/1 549/583/1 565/581/1
f 626/575/1 608/587/1 607/571/1
f 625/588/1 608/587/1 626/575/1
f 564/586/1 550/589/1 549/583/1
f 563/590/1 550/589/1 564/586/1
f 562/591/1 550/589/1 563/590/1
f 561/592/1 550/589/1 562/591/1
f 560/593/1 550/589/1 561/592/1
f 559/594/1 550/589/1 560/593/1
f 559/594/1 551/595/1 550/589/1
f 558/596/1 551/595/1 559/594/1
f 557/597/1 551/595/1 558/596/1
f 556/598/1 551/595/1 557/597/1
f 555/599/1 551/595/1 556/598/1
f 555/599/1 554/600/1 551/595/1
f 554/600/1 553/601/1 551/595/1
f 553/601/1 552/602/1 551/595/1
f 624/603/1 608/587/1 625/588/1
f 624/603/1 609/604/1 608/587/1
f 757/605/1 698/529/1 758/527/1
f 757/605/1 699/606/1 698/529/1
f 756/607/1 699/606/1 757/605/1
f 755/608/1 699/606/1 756/607/1
f 754/609/1 699/606/1 755/608/1
f 753/610/1 699/606/1 754/609/1
f 752/611/1 699/606/1 753/610/1
f 752/611/1 700/612/1 699/606/1
f 751/613/1 700/612/1 752/611/1
f 750/614/1 700/612/1 751/613/1
f 749/615/1 700/612/1 750/614/1
f 623/616/1 609/604/1 624/603/1
f 748/617/1 700/612/1 749/615/1
f 747/618/1 700/612/1 748/617/1
f 746/619/1 700/612/1 747/618/1
f 733/620/1 735/621/1 734/622/1
f 745/623/1 700/612/1 746/619/1
f 733/620/1 736/624/1 735/621/1
f 744/625/1 700/612/1 745/623/1
f 733/620/1 737/626/1 736/624/1
f 743/627/1 700/612/1 744/625/1
f 733/620/1 738/628/1 737/626/1
f 742/629/1 700/612/1 743/627/1
f 733/620/1 739/630/1 738/628/1
f 741/631/1 700/612/1 742/629/1
f 733/620/1 740/632/1 739/630/1
f 740/632/1 700/612/1 741/631/1
f 733/620/1 700/612/1 740/632/1
f 733/620/1 701/633/1 700/612/1
f 732/634/1 701/633/1 733/620/1
f 623/616/1 610/635/1 609/604/1
f 731/636/1 701/633/1 732/634/1
f 731/636/1 702/637/1 701/633/1
f 730/638/1 702/637/1 731/636/1
f 730/638/1 703/639/1 702/637/1
f 729/640/1 703/639/1 730/638/1
f 729/640/1 704/641/1 703/639/1
f 728/642/1 704/641/1 729/640/1
f 728/642/1 705/643/1 704/641/1
f 622/644/1 610/635/1 623/616/1
f 727/645/1 705/643/1 728/642/1
f 621/646/1 610/635/1 622/644/1
f 727/645/1 706/647/1 705/643/1
f 620/648/1 610/635/1 621/646/1
f 726/649/1 706/647/1 727/645/1
f 726/649/1 707/650/1 706/647/1
f 619/651/1 610/635/1 620/648/1
f 619/651/1 618/652/1 610/635/1
f 618/652/1 617/653/1 610/635/1
f 617/653/1 616/654/1 610/635/1
f 616/654/1 615/655/1 610/635/1
f 615/655/1 614/656/1 610/635/1
f 614/656/1 613/657/1 610/635/1
f 613/657/1 612/658/1 610/635/1
f 612/658/1 611/659/1 610/635/1
f 726/649/1 708/660/1 707/650/1
f 725/661/1 708/660/1 726/649/1
f 725/661/1 709/662/1 708/660/1
f 724/663/1 709/662/1 725/661/1
f 724/663/1 710/664/1 709/662/1
f 724/663/1 711/665/1 710/664/1
f 723/666/1 711/665/1 724/663/1
f 723/666/1 712/667/1 711/665/1
f 723/666/1 713/668/1 712/667/1
f 723/666/1 714/669/1 713/668/1
f 722/670/1 714/669/1 723/666/1
f 722/670/1 715/671/1 714/669/1
f 722/670/1 716/672/1 715/671/1
f 722/670/1 717/673/1 716/672/1
f 722/670/1 718/674/1 717/673/1
f 722/670/1 719/675/1 718/674/1
f 722/670/1 720/676/1 719/675/1
f 722/670/1 721/677/1 720/676/1
f 822/678/1 824/679/1 823/680/1
f 822/678/1 825/681/1 824/679/1
f 821/682/1 825/681/1 822/678/1
f 820/683/1 826/684/1 821/682/1
f 826/684/1 825/681/1 821/682/1
f 820/683/1 827/685/1 826/684/1
f 818/686/1 974/687/1 819/688/1
f 974/687/1 820/683/1 819/688/1
f 974/687/1 827/685/1 820/683/1
f 974/687/1 828/689/1 827/685/1
f 974/687/1 978/690/1 828/689/1
f 978/690/1 977/691/1 828/689/1
f 977/691/1 829/692/1 828/689/1
f 818/686/1 975/693/1 974/687/1
f 973/694/1 978/690/1 974/687/1
f 972/695/1 978/690/1 973/694/1
f 972/695/1 979/3/1 978/690/1
f 976/696/1 829/692/1 977/691/1
f 818/686/1 954/697/1 975/693/1
f 954/697/1 972/695/1 975/693/1
f 954/697/1 979/3/1 972/695/1
f 954/697/1 976/696/1 979/3/1
f 954/697/1 957/698/1 976/696/1
f 957/698/1 956/699/1 976/696/1
f 956/699/1 829/692/1 976/696/1
f 818/686/1 955/700/1 954/697/1
f 953/701/4 957/698/4 954/697/4
f 952/702/1 957/698/1 953/701/1
f 952/702/1 958/703/1 957/698/1
f 971/704/1 829/692/1 956/699/1
f 951/705/1 958/703/1 952/702/1
f 951/705/1 959/706/1 958/703/1
f 950/707/1 959/706/1 951/705/1
f 950/707/1 960/708/1 959/706/1
f 949/709/1 960/708/1 950/707/1
f 949/709/1 961/710/1 960/708/1
f 948/711/1 961/710/1 949/709/1
f 948/711/1 962/712/1 961/710/1
f 947/713/1 962/712/1 948/711/1
f 947/713/1 963/714/1 962/712/1
f 946/715/1 963/714/1 947/713/1
f 946/715/1 964/716/1 963/714/1
f 945/717/1 964/716/1 946/715/1
f 945/717/1 965/718/1 964/716/1
f 944/719/1 965/718/1 945/717/1
f 944/719/1 966/720/1 965/718/1
f 943/721/1 966/720/1 944/719/1
f 943/721/1 967/722/1 966/720/1
f 942/723/1 967/722/1 943/721/1
f 942/723/1 968/724/1 967/722/1
f 941/725/1 968/724/1 942/723/1
f 941/725/1 969/726/1 968/724/1
f 940/727/1 969/726/1 941/725/1
f 940/727/1 970/728/1 969/726/1
f 818/686/1 940/727/1 955/700/1
f 818/686/1 970/728/1 940/727/1
f 818/686/1 971/704/1 970/728/1
f 818/686/1 829/692/1 971/704/1
f 817/729/1 829/692/1 818/686/1
f 816/730/1 830/731/1 817/729/1
f 830/731/1 829/692/1 817/729/1
f 816/730/1 831/732/1 830/731/1
f 926/733/1 928/734/1 927/735/1
f 815/736/1 831/732/1 816/730/1
f 815/736/1 832/737/1 831/732/1
f 926/733/1 929/738/1 928/734/1
f 814/739/1 832/737/1 815/736/1
f 814/739/1 833/740/1 832/737/1
f 926/733/1 930/741/1 929/738/1
f 925/742/1 930/741/1 926/733/1
f 813/743/1 833/740/1 814/739/1
f 813/743/1 834/744/1 833/740/1
f 925/742/1 931/745/1 930/741/1
f 812/746/1 834/744/1 813/743/1
f 924/747/1 931/745/1 925/742/1
f 924/747/1 932/748/1 931/745/1
f 811/749/1 834/744/1 812/746/1
f 811/749/1 835/750/1 834/744/1
f 923/751/1 932/748/1 924/747/1
f 923/751/1 933/752/1 932/748/1
f 810/753/1 835/750/1 811/749/1
f 810/753/1 836/754/1 835/750/1
f 922/755/1 933/752/1 923/751/1
f 922/755/1 934/756/1 933/752/1
f 809/757/1 836/754/1 810/753/1
f 922/755/1 935/758/1 934/756/1
f 921/759/1 935/758/1 922/755/1
f 809/757/1 837/760/1 836/754/1
f 808/761/1 837/760/1 809/757/1
f 921/759/1 936/762/1 935/758/1
f 920/763/1 936/762/1 921/759/1
f 807/764/1 837/760/1 808/761/1
f 807/764/1 838/765/1 837/760/1
f 920/763/1 937/766/1 936/762/1
f 806/101/1 838/765/1 807/764/1
f 919/767/1 937/766/1 920/763/1
f 919/767/1 938/768/1 937/766/1
f 806/101/1 839/769/1 838/765/1
f 939/770/1 839/769/1 806/101/1
f 919/767/1 939/770/1 938/768/1
f 918/771/1 939/770/1 919/767/1
f 939/770/1 840/772/1 839/769/1
f 918/771/1 840/772/1 939/770/1
f 917/773/1 840/772/1 918/771/1
f 917/773/1 841/774/1 840/772/1
f 916/775/1 841/774/1 917/773/1
f 915/776/1 841/774/1 916/775/1
f 915/776/1 842/777/1 841/774/1
f 914/778/1 842/777/1 915/776/1
f 914/778/1 843/779/1 842/777/1
f 913/780/1 843/779/1 914/778/1
f 913/780/1 844/781/1 843/779/1
f 912/782/1 844/781/1 913/780/1
f 911/783/1 844/781/1 912/782/1
f 911/783/1 845/784/1 844/781/1
f 910/785/1 845/784/1 911/783/1
f 910/785/1 846/786/1 845/784/1
f 909/787/1 846/786/1 910/785/1
f 909/787/1 878/788/1 846/786/1
f 878/788/1 847/789/1 846/786/1
f 908/790/1 878/788/1 909/787/1
f 908/790/1 879/791/1 878/788/1
f 877/792/1 847/789/1 878/788/1
f 877/792/1 848/793/1 847/789/1
f 907/794/1 879/791/1 908/790/1
f 907/794/1 880/795/1 879/791/1
f 877/792/1 849/796/1 848/793/1
f 906/797/1 880/795/1 907/794/1
f 877/792/1 850/798/1 849/796/1
f 876/799/1 850/798/1 877/792/1
f 905/800/1 880/795/1 906/797/1
f 876/799/1 851/801/1 850/798/1
f 905/800/1 881/802/1 880/795/1
f 876/799/1 852/803/1 851/801/1
f 904/804/1 881/802/1 905/800/1
f 876/799/1 853/805/1 852/803/1
f 876/799/1 854/806/1 853/805/1
f 876/799/1 855/807/1 854/806/1
f 903/808/1 881/802/1 904/804/1
f 903/808/1 882/809/1 881/802/1
f 875/810/1 855/807/1 876/799/1
f 875/810/1 856/811/1 855/807/1
f 902/812/1 882/809/1 903/808/1
f 875/810/1 857/813/1 856/811/1
f 902/812/1 883/814/1 882/809/1
f 901/815/1 883/814/1 902/812/1
f 874/816/1 857/813/1 875/810/1
f 874/816/1 858/817/1 857/813/1
f 900/818/1 883/814/1 901/815/1
f 900/818/1 884/819/1 883/814/1
f 874/816/1 859/820/1 858/817/1
f 899/821/1 884/819/1 900/818/1
f 873/822/1 859/820/1 874/816/1
f 898/823/1 884/819/1 899/821/1
f 873/822/1 860/824/1 859/820/1
f 898/823/1 885/825/1 884/819/1
f 897/826/1 885/825/1 898/823/1
f 873/822/1 861/827/1 860/824/1
f 872/828/1 861/827/1 873/822/1
f 897/826/1 886/829/1 885/825/1
f 896/830/1 886/829/1 897/826/1
f 872/828/1 862/831/1 861/827/1
f 895/832/1 886/829/1 896/830/1
f 871/833/1 862/831/1 872/828/1
f 895/832/1 887/834/1 886/829/1
f 871/833/1 863/835/1 862/831/1
f 894/836/1 887/834/1 895/832/1
f 870/837/1 863/835/1 871/833/1
f 870/837/1 864/838/1 863/835/1
f 894/836/1 888/839/1 887/834/1
f 893/840/1 888/839/1 894/836/1
f 869/841/1 864/838/1 870/837/1
f 869/841/1 865/842/1 864/838/1
f 892/843/1 888/839/1 893/840/1
f 892/843/1 889/844/1 888/839/1
f 868/845/1 865/842/1 869/841/1
f 868/845/1 866/846/1 865/842/1
f 867/847/1 866/846/1 868/845/1
f 891/848/1 889/844/1 892/843/1
f 891/848/1 890/849/1 889/844/1
f 1165/850/1 1167/851/1 1166/852/1
f 1165/850/1 1168/853/1 1167/851/1
f 1164/854/1 1168/853/1 1165/850/1
f 1164/854/1 1169/61/1 1168/853/1
f 1163/855/1 1169/61/1 1164/854/1
f 1163/855/1 1170/856/1 1169/61/1
f 1162/857/1 1170/856/1 1163/855/1
f 1162/857/1 1171/858/1 1170/856/1
f 1161/859/1 1171/858/1 1162/857/1
f 1161/859/1 1172/860/1 1171/858/1
f 1161/859/1 1173/861/1 1172/860/1
f 1160/862/1 1173/861/1 1161/859/1
f 1160/862/1 1174/863/1 1173/861/1
f 1159/864/1 1174/863/1 1160/862/1
f 1159/864/1 1175/865/1 1174/863/1
f 1158/866/1 1175/865/1 1159/864/1
f 1158/866/1 1176/867/1 1175/865/1
f 1157/868/1 1176/867/1 1158/866/1
f 1157/868/1 1177/869/1 1176/867/1
f 1190/870/1 1192/871/1 1191/872/1
f 1156/873/1 1177/869/1 1157/868/1
f 1189/874/1 1192/871/1 1190/870/1
f 1188/875/1 1192/871/1 1189/874/1
f 1156/873/1 1178/247/1 1177/869/1
f 1187/876/1 1192/871/1 1188/875/1
f 1155/877/1 1178/247/1 1156/873/1
f 1186/878/1 1192/871/1 1187/876/1
f 1185/879/1 1192/871/1 1186/878/1
f 1155/877/1 1179/880/1 1178/247/1
f 1184/881/1 1192/871/1 1185/879/1
f 1154/882/1 1179/880/1 1155/877/1
f 1183/883/1 1192/871/1 1184/881/1
f 1140/884/1 1142/39/1 1141/885/1
f 1182/886/1 1192/871/1 1183/883/1
f 1140/884/1 1143/887/1 1142/39/1
f 1140/884/1 1144/888/1 1143/887/1
f 1181/889/1 1192/871/1 1182/886/1
f 1140/884/1 1145/271/1 1144/888/1
f 1180/890/1 1192/871/1 1181/889/1
f 1140/884/1 1146/891/1 1145/271/1
f 1179/880/1 1192/871/1 1180/890/1
f 1140/884/1 1147/892/1 1146/891/1
f 1154/882/1 1192/871/1 1179/880/1
f 1140/884/1 1148/893/1 1147/892/1
f 1140/884/1 1149/894/1 1148/893/1
f 1140/884/1 1150/895/1 1149/894/1
f 1153/896/1 1192/871/1 1154/882/1
f 1140/884/1 1151/897/1 1150/895/1
f 1140/884/1 1152/898/1 1151/897/1
f 1140/884/1 1153/896/1 1152/898/1
f 1140/884/1 1192/871/1 1153/896/1
f 1140/884/1 1193/899/1 1192/871/1
f 1140/884/1 1194/900/1 1193/899/1
f 1140/884/1 1195/901/1 1194/900/1
f 1140/884/1 1196/66/1 1195/901/1
f 1140/884/1 1197/902/1 1196/66/1
f 1140/884/1 1198/903/1 1197/902/1
f 1140/884/1 1199/904/1 1198/903/1
f 1140/884/1 1200/905/1 1199/904/1
f 1140/884/1 1201/906/1 1200/905/1
f 1139/907/1 1201/906/1 1140/884/1
f 1139/907/1 1202/908/1 1201/906/1
f 1138/909/1 1202/908/1 1139/907/1
f 1138/909/1 1203/910/1 1202/908/1
f 1137/911/1 1203/910/1 1138/909/1
f 1136/912/1 1203/910/1 1137/911/1
f 1136/912/1 1204/913/1 1203/910/1
f 1135/914/1 1204/913/1 1136/912/1
f 1134/915/1 1204/913/1 1135/914/1
f 1134/915/1 1127/916/1 1204/913/1
f 1127/916/1 1205/917/1 1204/913/1
f 1133/918/1 1127/916/1 1134/915/1
f 1132/919/1 1127/916/1 1133/918/1
f 1131/920/1 1127/916/1 1132/919/1
f 1130/921/1 1127/916/1 1131/920/1
f 1129/922/1 1127/916/1 1130/921/1
f 1128/923/1 1127/916/1 1129/922/1
f 1126/924/1 1205/917/1 1127/916/1
f 1126/924/1 1206/925/1 1205/917/1
f 1125/926/1 1206/925/1 1126/924/1
f 1125/926/1 1207/927/1 1206/925/1
f 1125/926/1 1208/928/1 1207/927/1
f 1124/929/1 1208/928/1 1125/926/1
f 1124/929/1 1209/930/1 1208/928/1
f 1123/931/1 1209/930/1 1124/929/1
f 1123/931/1 1210/932/1 1209/930/1
f 1123/931/1 1211/188/1 1210/932/1
f 1263/933/1 1265/934/1 1264/935/1
f 1122/936/1 1211/188/1 1123/931/1
f 1262/937/1 1265/934/1 1263/933/1
f 1122/936/1 1212/938/1 1211/188/1
f 1261/939/1 1265/934/1 1262/937/1
f 1260/940/1 1265/934/1 1261/939/1
f 1259/941/1 1265/934/1 1260/940/1
f 1258/942/1 1265/934/1 1259/941/1
f 1122/936/1 1213/943/1 1212/938/1
f 1257/944/1 1265/934/1 1258/942/1
f 1256/945/1 1265/934/1 1257/944/1
f 1255/946/1 1265/934/1 1256/945/1
f 1121/947/1 1213/943/1 1122/936/1
f 1254/948/1 1265/934/1 1255/946/1
f 1227/949/1 1229/950/1 1228/951/1
f 1226/952/1 1229/950/1 1227/949/1
f 1226/952/1 1230/953/1 1229/950/1
f 1225/954/1 1230/953/1 1226/952/1
f 1121/947/1 1214/955/1 1213/943/1
f 1224/956/1 1230/953/1 1225/954/1
f 1224/956/1 1231/957/1 1230/953/1
f 1253/958/1 1265/934/1 1254/948/1
f 1223/44/1 1231/957/1 1224/956/1
f 1252/959/1 1265/934/1 1253/958/1
f 1223/44/1 1232/960/1 1231/957/1
f 1222/961/1 1232/960/1 1223/44/1
f 1251/962/1 1265/934/1 1252/959/1
f 1221/963/1 1232/960/1 1222/961/1
f 1221/963/1 1233/964/1 1232/960/1
f 1220/965/1 1233/964/1 1221/963/1
f 1121/947/1 1215/966/1 1214/955/1
f 1250/22/1 1265/934/1 1251/962/1
f 1220/965/1 1234/967/1 1233/964/1
f 1219/968/1 1234/967/1 1220/965/1
f 1249/969/1 1265/934/1 1250/22/1
f 1218/970/1 1234/967/1 1219/968/1
f 1120/971/1 1215/966/1 1121/947/1
f 1218/970/1 1235/972/1 1234/967/1
f 1120/971/1 1216/973/1 1215/966/1
f 1217/974/1 1235/972/1 1218/970/1
f 1248/975/1 1265/934/1 1249/969/1
f 1216/973/1 1235/972/1 1217/974/1
f 1216/973/1 1236/976/1 1235/972/1
f 1247/977/1 1265/934/1 1248/975/1
f 1120/971/1 1236/976/1 1216/973/1
f 1246/978/1 1265/934/1 1247/977/1
f 1120/971/1 1237/979/1 1236/976/1
f 1246/978/1 1266/980/1 1265/934/1
f 1245/981/1 1266/980/1 1246/978/1
f 1245/981/1 1267/982/1 1266/980/1
f 1119/983/1 1237/979/1 1120/971/1
f 1245/981/1 1268/984/1 1267/982/1
f 1245/981/1 1269/985/1 1268/984/1
f 1119/983/1 1091/986/1 1237/979/1
f 1091/986/1 1090/987/1 1237/979/1
f 1090/987/1 1238/988/1 1237/979/1
f 1244/165/1 1269/985/1 1245/981/1
f 1244/165/1 1270/989/1 1269/985/1
f 1244/165/1 1271/990/1 1270/989/1
f 1244/165/1 1272/991/1 1271/990/1
f 1243/992/1 1272/991/1 1244/165/1
f 1243/992/1 1273/993/1 1272/991/1
f 1089/994/1 1238/988/1 1090/987/1
f 1089/994/1 1239/995/1 1238/988/1
f 1088/93/1 1239/995/1 1089/994/1
f 1119/983/1 1092/996/1 1091/986/1
f 1087/997/1 1239/995/1 1088/93/1
f 1243/992/1 1274/998/1 1273/993/1
f 1119/983/1 1093/999/1 1092/996/1
f 1086/1000/1 1239/995/1 1087/997/1
f 1242/1001/1 1274/998/1 1243/992/1
f 1242/1001/1 1275/1002/1 1274/998/1
f 1119/983/1 1094/1003/1 1093/999/1
f 1085/1004/1 1239/995/1 1086/1000/1
f 1242/1001/1 1276/1005/1 1275/1002/1
f 1119/983/1 1095/1006/1 1094/1003/1
f 1084/1007/1 1239/995/1 1085/1004/1
f 1242/1001/1 1277/3/1 1276/1005/1
f 1241/1008/1 1277/3/1 1242/1001/1
f 1118/1009/1 1095/1006/1 1119/983/1
f 1084/1007/1 1240/1010/1 1239/995/1
f 1241/1008/1 980/101/1 1277/3/1
f 1118/1009/1 1096/1011/1 1095/1006/1
f 1083/1012/1 1240/1010/1 1084/1007/1
f 1240/1010/1 980/101/1 1241/1008/1
f 1240/1010/1 981/1013/1 980/101/1
f 1082/1014/1 1240/1010/1 1083/1012/1
f 1118/1009/1 1097/1015/1 1096/1011/1
f 1240/1010/1 982/1016/1 981/1013/1
f 1081/1017/1 1240/1010/1 1082/1014/1
f 1081/1017/1 982/1016/1 1240/1010/1
f 1118/1009/1 1098/1018/1 1097/1015/1
f 1081/1017/1 983/1019/1 982/1016/1
f 1080/1020/1 983/1019/1 1081/1017/1
f 1118/1009/1 1099/1021/1 1098/1018/1
f 1080/1020/1 984/1022/1 983/1019/1
f 1117/1023/1 1099/1021/1 1118/1009/1
f 1079/218/1 984/1022/1 1080/1020/1
f 1117/1023/1 1100/1024/1 1099/1021/1
f 1079/218/1 985/1025/1 984/1022/1
f 1079/218/1 986/1026/1 985/1025/1
f 1078/1027/1 986/1026/1 1079/218/1
f 1117/1023/1 1101/1028/1 1100/1024/1
f 1078/1027/1 987/1029/1 986/1026/1
f 1077/1030/1 987/1029/1 1078/1027/1
f 1117/1023/1 1102/1031/1 1101/1028/1
f 1077/1030/1 988/1032/1 987/1029/1
f 1116/1033/1 1102/1031/1 1117/1023/1
f 1116/1033/1 1103/1034/1 1102/1031/1
f 1077/1030/1 989/1035/1 988/1032/1
f 1076/1036/1 989/1035/1 1077/1030/1
f 1116/1033/1 1104/1037/1 1103/1034/1
f 1076/1036/1 990/1038/1 989/1035/1
f 1116/1033/1 1105/1039/1 1104/1037/1
f 1076/1036/1 991/1040/1 990/1038/1
f 1075/1041/1 991/1040/1 1076/1036/1
f 1116/1033/1 1106/1042/1 1105/1039/1
f 1115/17/1 1106/1042/1 1116/1033/1
f 1075/1041/1 1005/1043/1 991/1040/1
f 1005/1043/1 992/1044/1 991/1040/1
f 1115/17/1 1107/1045/1 1106/1042/1
f 1074/1046/1 1005/1043/1 1075/1041/1
f 1115/17/1 1108/1047/1 1107/1045/1
f 1115/17/1 1109/1048/1 1108/1047/1
f 1114/1049/1 1109/1048/1 1115/17/1
f 1073/1050/1 1005/1043/1 1074/1046/1
f 1114/1049/1 1110/1051/1 1109/1048/1
f 1073/1050/1 1006/1052/1 1005/1043/1
f 1004/1053/1 992/1044/1 1005/1043/1
f 1114/1049/3 1111/1054/3 1110/1051/3
f 1072/1055/1 1006/1052/1 1073/1050/1
f 1114/1049/2 1112/277/2 1111/1054/2
f 1072/1055/1 1007/122/1 1006/1052/1
f 1003/1056/1 992/1044/1 1004/1053/1
f 1114/1049/1 1113/1057/1 1112/277/1
f 1072/1055/1 1008/1058/1 1007/122/1
f 1002/1059/1 992/1044/1 1003/1056/1
f 1071/1060/1 1008/1058/1 1072/1055/1
f 1071/1060/1 1009/1061/1 1008/1058/1
f 1001/1062/1 992/1044/1 1002/1059/1
f 1071/1060/1 1010/1063/1 1009/1061/1
f 1070/1064/1 1010/1063/1 1071/1060/1
f 1000/1065/1 992/1044/1 1001/1062/1
f 1070/1064/1 1011/1066/1 1010/1063/1
f 999/1067/1 992/1044/1 1000/1065/1
f 1069/1068/1 1011/1066/1 1070/1064/1
f 1069/1068/1 1012/1069/1 1011/1066/1
f 998/1070/1 992/1044/1 999/1067/1
f 1069/1068/1 1013/128/1 1012/1069/1
f 997/1071/1 992/1044/1 998/1070/1
f 1068/1072/1 1013/128/1 1069/1068/1
f 1068/1072/1 1014/1073/1 1013/128/1
f 996/1074/1 992/1044/1 997/1071/1
f 1068/1072/1 1015/1075/1 1014/1073/1
f 995/1076/1 992/1044/1 996/1074/1
f 1067/1077/1 1015/1075/1 1068/1072/1
f 994/1078/1 992/1044/1 995/1076/1
f 1067/1077/1 1016/1079/1 1015/1075/1
f 993/1080/1 992/1044/1 994/1078/1
f 1066/1081/1 1016/1079/1 1067/1077/1
f 1066/1081/1 1017/1082/1 1016/1079/1
f 1066/1081/1 1018/1083/1 1017/1082/1
f 1065/1084/1 1018/1083/1 1066/1081/1
f 1065/1084/1 1019/1085/1 1018/1083/1
f 1065/1084/1 1020/1086/1 1019/1085/1
f 1064/1087/1 1020/1086/1 1065/1084/1
f 1064/1087/1 1021/1088/1 1020/1086/1
f 1064/1087/1 1022/1089/1 1021/1088/1
f 1063/1090/1 1022/1089/1 1064/1087/1
f 1040/1091/1 1042/1092/1 1041/1093/1
f 1063/1090/1 1023/1094/1 1022/1089/1
f 1039/1095/1 1042/1092/1 1040/1091/1
f 1038/1096/1 1042/1092/1 1039/1095/1
f 1063/1090/1 1024/1097/1 1023/1094/1
f 1037/1098/1 1042/1092/1 1038/1096/1
f 1036/1099/1 1042/1092/1 1037/1098/1
f 1063/1090/1 1025/1100/1 1024/1097/1
f 1035/1101/1 1042/1092/1 1036/1099/1
f 1034/100/1 1042/1092/1 1035/1101/1
f 1063/1090/1 1026/1102/1 1025/1100/1
f 1033/1103/1 1042/1092/1 1034/100/1
f 1062/1104/1 1026/1102/1 1063/1090/1
f 1062/1104/1 1027/1105/1 1026/1102/1
f 1032/1106/1 1042/1092/1 1033/1103/1
f 1031/1107/1 1042/1092/1 1032/1106/1
f 1062/1104/1 1028/1108/1 1027/1105/1
f 1030/1109/1 1042/1092/1 1031/1107/1
f 1062/1104/1 1029/1110/1 1028/1108/1
f 1029/1110/1 1042/1092/1 1030/1109/1
f 1062/1104/1 1042/1092/1 1029/1110/1
f 1061/78/1 1042/1092/1 1062/1104/1
f 1060/1111/1 1042/1092/1 1061/78/1
f 1059/1112/1 1042/1092/1 1060/1111/1
f 1058/1113/1 1042/1092/1 1059/1112/1
f 1058/1113/1 1043/1114/1 1042/1092/1
f 1058/1113/1 1044/1115/1 1043/1114/1
f 1058/1113/1 1045/1116/1 1044/1115/1
f 1057/1117/1 1045/1116/1 1058/1113/1
f 1057/1117/1 1046/199/1 1045/1116/1
f 1057/1117/1 1047/1118/1 1046/199/1
f 1057/1117/1 1048/1119/1 1047/1118/1
f 1056/1120/1 1048/1119/1 1057/1117/1
f 1056/1120/1 1049/1121/1 1048/1119/1
f 1056/1120/1 1050/1122/1 1049/1121/1
f 1055/1123/1 1050/1122/1 1056/1120/1
f 1055/1123/1 1051/1124/1 1050/1122/1
f 1055/1123/1 1052/1125/1 1051/1124/1
f 1054/1126/1 1052/1125/1 1055/1123/1
f 1054/1126/1 1053/1127/1 1052/1125/1
f 1326/1128/1 1328/1129/1 1327/1130/1
f 1326/1128/1 1329/1131/1 1328/1129/1
f 1326/1128/1 1330/1132/1 1329/1131/1
f 1362/1133/1 1364/1134/1 1363/1135/1
f 1326/1128/1 1331/1136/1 1330/1132/1
f 1361/1137/1 1364/1134/1 1362/1133/1
f 1360/1138/1 1364/1134/1 1361/1137/1
f 1326/1128/1 1332/1139/1 1331/1136/1
f 1359/1140/1 1364/1134/1 1360/1138/1
f 1326/1128/1 1333/1141/1 1332/1139/1
f 1358/1142/1 1364/1134/1 1359/1140/1
f 1326/1128/1 1334/1143/1 1333/1141/1
f 1357/1144/1 1364/1134/1 1358/1142/1
f 1356/1145/1 1364/1134/1 1357/1144/1
f 1326/1128/1 1335/1146/1 1334/1143/1
f 1355/1147/1 1364/1134/1 1356/1145/1
f 1326/1128/1 1336/1148/1 1335/1146/1
f 1354/1149/1 1364/1134/1 1355/1147/1
f 1326/1128/1 1337/1150/1 1336/1148/1
f 1353/1151/1 1364/1134/1 1354/1149/1
f 1326/1128/1 1338/1152/1 1337/1150/1
f 1352/433/1 1364/1134/1 1353/1151/1
f 1326/1128/1 1339/1153/1 1338/1152/1
f 1351/1154/1 1364/1134/1 1352/433/1
f 1326/1128/1 1340/1155/1 1339/1153/1
f 1326/1128/1 1341/1156/1 1340/1155/1
f 1326/1128/1 1342/1157/1 1341/1156/1
f 1326/1128/1 1343/1158/1 1342/1157/1
f 1326/1128/1 1344/1159/1 1343/1158/1
f 1326/1128/1 1345/1160/1 1344/1159/1
f 1326/1128/1 1346/1161/1 1345/1160/1
f 1326/1128/1 1347/1162/1 1346/1161/1
f 1326/1128/1 1348/1163/1 1347/1162/1
f 1326/1128/1 1349/1164/1 1348/1163/1
f 1326/1128/1 1350/1165/1 1349/1164/1
f 1326/1128/1 1351/1154/1 1350/1165/1
f 1326/1128/1 1325/1166/1 1351/1154/1
f 1325/1166/1 1324/1167/1 1351/1154/1
f 1324/1167/1 1323/1168/1 1351/1154/1
f 1323/1168/1 1322/1169/1 1351/1154/1
f 1322/1169/1 1321/1170/1 1351/1154/1
f 1321/1170/1 1320/1171/1 1351/1154/1
f 1320/1171/1 1364/1134/1 1351/1154/1
f 1320/1171/1 1319/1172/1 1364/1134/1
f 1319/1172/1 1365/1173/1 1364/1134/1
f 1319/1172/1 1366/1174/1 1365/1173/1
f 1319/1172/1 1318/1175/1 1366/1174/1
f 1318/1175/1 1367/1176/1 1366/1174/1
f 1318/1175/1 1368/1177/1 1367/1176/1
f 1318/1175/1 1317/1178/1 1368/1177/1
f 1317/1178/1 1369/1179/1 1368/1177/1
f 1317/1178/1 1370/1180/1 1369/1179/1
f 1317/1178/1 1316/1181/1 1370/1180/1
f 1316/1181/1 1371/1182/1 1370/1180/1
f 1316/1181/1 1372/1183/1 1371/1182/1
f 1316/1181/1 1315/1184/1 1372/1183/1
f 1315/1184/1 1373/1185/1 1372/1183/1
f 1315/1184/1 1374/1186/1 1373/1185/1
f 1315/1184/1 1314/1187/1 1374/1186/1
f 1314/1187/1 1375/1188/1 1374/1186/1
f 1314/1187/1 1313/1189/1 1375/1188/1
f 1313/1189/1 1312/1190/1 1375/1188/1
f 1312/1190/1 1311/1191/1 1375/1188/1
f 1311/1191/1 1310/1192/1 1375/1188/1
f 1310/1192/1 1309/1193/1 1375/1188/1
f 1309/1193/1 1308/1194/1 1375/1188/1
f 1308/1194/1 1307/1195/1 1375/1188/1
f 1307/1195/1 1306/1196/1 1375/1188/1
f 1306/1196/1 1305/1197/1 1375/1188/1
f 1305/1197/1 1303/1198/1 1375/1188/1
f 1303/1198/1 1302/1199/1 1375/1188/1
f 1302/1199/1 1376/1200/1 1375/1188/1
f 1304/1201/4 1303/1198/4 1305/1197/4
f 1301/1202/1 1376/1200/1 1302/1199/1
f 1301/1202/1 1278/101/1 1376/1200/1
f 1300/1203/1 1278/101/1 1301/1202/1
f 1300/1203/1 1279/1204/1 1278/101/1
f 1299/1205/1 1279/1204/1 1300/1203/1
f 1299/1205/1 1280/1206/1 1279/1204/1
f 1298/1207/1 1280/1206/1 1299/1205/1
f 1298/1207/1 1281/1208/1 1280/1206/1
f 1297/1209/1 1281/1208/1 1298/1207/1
f 1297/1209/1 1282/1210/1 1281/1208/1
f 1296/1211/1 1282/1210/1 1297/1209/1
f 1412/1212/1 1414/1213/1 1413/1214/1
f 1412/1212/1 1415/1215/1 1414/1213/1
f 1411/1216/1 1415/1215/1 1412/1212/1
f 1410/1217/1 1415/1215/1 1411/1216/1
f 1296/1211/1 1283/1218/1 1282/1210/1
f 1295/1219/1 1283/1218/1 1296/1211/1
f 1409/1220/1 1415/1215/1 1410/1217/1
f 1408/1221/1 1415/1215/1 1409/1220/1
f 1407/1222/1 1415/1215/1 1408/1221/1
f 1406/1223/1 1415/1215/1 1407/1222/1
f 1295/1219/1 1284/1224/1 1283/1218/1
f 1294/1225/1 1284/1224/1 1295/1219/1
f 1405/1226/1 1415/1215/1 1406/1223/1
f 1404/1227/1 1415/1215/1 1405/1226/1
f 1403/1228/1 1415/1215/1 1404/1227/1
f 1293/1229/1 1284/1224/1 1294/1225/1
f 1402/1230/1 1415/1215/1 1403/1228/1
f 1293/1229/1 1285/1231/1 1284/1224/1
f 1402/1230/1 1416/1232/1 1415/1215/1
f 1401/1233/1 1416/1232/1 1402/1230/1
f 1400/1234/1 1416/1232/1 1401/1233/1
f 1292/1235/1 1285/1231/1 1293/1229/1
f 1292/1235/1 1286/1236/1 1285/1231/1
f 1291/1237/1 1286/1236/1 1292/1235/1
f 1290/1238/1 1286/1236/1 1291/1237/1
f 1290/1238/1 1287/1239/1 1286/1236/1
f 1399/1240/1 1416/1232/1 1400/1234/1
f 1289/1241/1 1287/1239/1 1290/1238/1
f 1399/1240/1 1417/1242/1 1416/1232/1
f 1289/1241/1 1288/1243/1 1287/1239/1
f 1398/1244/1 1417/1242/1 1399/1240/1
f 1398/1244/1 1418/1245/1 1417/1242/1
f 1397/1246/1 1418/1245/1 1398/1244/1
f 1396/1247/1 1418/1245/1 1397/1246/1
f 1396/1247/1 1419/1248/1 1418/1245/1
f 1395/1249/1 1419/1248/1 1396/1247/1
f 1395/1249/1 1420/1250/1 1419/1248/1
f 1394/1251/1 1420/1250/1 1395/1249/1
f 1393/1252/1 1420/1250/1 1394/1251/1
f 1393/1252/1 1421/1253/1 1420/1250/1
f 1392/1254/1 1421/1253/1 1393/1252/1
f 1392/1254/1 1422/1255/1 1421/1253/1
f 1391/1256/1 1422/1255/1 1392/1254/1
f 1390/1257/1 1422/1255/1 1391/1256/1
f 1390/1257/1 1423/1258/1 1422/1255/1
f 1389/1259/1 1423/1258/1 1390/1257/1
f 1389/1259/1 1424/1260/1 1423/1258/1
f 1388/1261/1 1424/1260/1 1389/1259/1
f 1387/1262/1 1424/1260/1 1388/1261/1
f 1386/1263/1 1424/1260/1 1387/1262/1
f 1385/1264/1 1424/1260/1 1386/1263/1
f 1384/1265/1 1424/1260/1 1385/1264/1
f 1383/1266/1 1424/1260/1 1384/1265/1
f 1382/1267/1 1424/1260/1 1383/1266/1
f 1381/1268/1 1424/1260/1 1382/1267/1
f 1380/1269/1 1424/1260/1 1381/1268/1
f 1380/1269/1 1425/1270/1 1424/1260/1
f 1379/1271/1 1425/1270/1 1380/1269/1
f 1378/1272/1 1425/1270/1 1379/1271/1
f 1377/1273/1 1425/1270/1 1378/1272/1
f 1426/3/1 1425/1270/1 1377/1273/1
f 1441/1274/1 1443/1275/1 1442/1276/1
f 1441/1274/1 1444/1277/1 1443/1275/1
f 1441/1274/1 1445/1278/1 1444/1277/1
f 1441/1274/1 1446/1279/1 1445/1278/1
f 1441/1274/1 1447/1280/1 1446/1279/1
f 1441/1274/1 1448/1281/1 1447/1280/1
f 1466/1282/1 1468/1283/1 1467/1284/1
f 1465/1285/1 1468/1283/1 1466/1282/1
f 1464/1286/1 1468/1283/1 1465/1285/1
f 1441/1274/1 1449/1287/1 1448/1281/1
f 1463/1288/1 1468/1283/1 1464/1286/1
f 1441/1274/1 1450/1289/1 1449/1287/1
f 1462/1290/1 1468/1283/1 1463/1288/1
f 1461/1291/1 1468/1283/1 1462/1290/1
f 1441/1274/1 1451/1292/1 1450/1289/1
f 1460/1293/1 1468/1283/1 1461/1291/1
f 1459/1294/1 1468/1283/1 1460/1293/1
f 1441/1274/1 1452/1295/1 1451/1292/1
f 1458/218/1 1468/1283/1 1459/1294/1
f 1457/1296/1 1468/1283/1 1458/218/1
f 1441/1274/1 1453/1297/1 1452/1295/1
f 1456/1298/1 1468/1283/1 1457/1296/1
f 1441/1274/1 1454/1299/1 1453/1297/1
f 1455/1300/1 1468/1283/1 1456/1298/1
f 1441/1274/1 1455/1300/1 1454/1299/1
f 1441/1274/1 1468/1283/1 1455/1300/1
f 1441/1274/1 1469/1301/1 1468/1283/1
f 1441/1274/1 1470/1302/1 1469/1301/1
f 1441/1274/1 1471/1303/1 1470/1302/1
f 1441/1274/1 1472/1304/1 1471/1303/1
f 1441/1274/1 1473/1305/1 1472/1304/1
f 1441/1274/1 1474/1306/1 1473/1305/1
f 1441/1274/1 1475/1307/1 1474/1306/1
f 1441/1274/1 1440/1308/1 1475/1307/1
f 1440/1308/1 1439/1309/1 1475/1307/1
f 1439/1309/1 1438/1310/1 1475/1307/1
f 1438/1310/1 1476/1311/1 1475/1307/1
f 1438/1310/1 1437/1312/1 1476/1311/1
f 1437/1312/1 1436/1313/1 1476/1311/1
f 1436/1313/1 1435/1314/1 1476/1311/1
f 1435/1314/1 1434/1315/1 1476/1311/1
f 1434/1315/1 1477/1316/1 1476/1311/1
f 1434/1315/1 1433/1317/1 1477/1316/1
f 1433/1317/1 1432/1318/1 1477/1316/1
f 1432/1318/1 1478/1319/1 1477/1316/1
f 1432/1318/2 1431/1320/2 1478/1319/2
f 1431/1320/1 1430/1321/1 1478/1319/1
f 1430/1321/1 1479/1322/1 1478/1319/1
f 1430/1321/1 1429/1323/1 1479/1322/1
f 1429/1323/1 1428/1324/1 1479/1322/1
f 1428/1324/1 1480/1325/1 1479/1322/1
f 1427/101/1 1480/1325/1 1428/1324/1
f 1507/1326/1 1509/1327/1 1508/1328/1
f 1507/1326/1 1510/1329/1 1509/1327/1
f 1507/1326/1 1511/1330/1 1510/1329/1
f 1507/1326/1 1512/1331/1 1511/1330/1
f 1507/1326/1 1513/1332/1 1512/1331/1
f 1507/1326/1 1514/1333/1 1513/1332/1
f 1507/1326/1 1515/1334/1 1514/1333/1
f 1507/1326/1 1516/1335/1 1515/1334/1
f 1507/1326/1 1517/1336/1 1516/1335/1
f 1507/1326/1 1518/1337/1 1517/1336/1
f 1507/1326/1 1519/1338/1 1518/1337/1
f 1507/1326/1 1520/3/1 1519/1338/1
f 1507/1326/1 1427/101/1 1520/3/1
f 1507/1326/1 1506/1339/1 1427/101/1
f 1506/1339/1 1480/1325/1 1427/101/1
f 1506/1339/1 1505/1340/1 1480/1325/1
f 1505/1340/1 1504/1341/1 1480/1325/1
f 1504/1341/1 1481/1342/1 1480/1325/1
f 1504/1341/1 1503/1343/1 1481/1342/1
f 1503/1343/1 1502/1344/1 1481/1342/1
f 1502/1344/1 1501/1345/1 1481/1342/1
f 1501/1345/1 1482/1346/1 1481/1342/1
f 1501/1345/1 1500/1347/1 1482/1346/1
f 1500/1347/1 1499/1348/1 1482/1346/1
f 1499/1348/1 1498/1349/1 1482/1346/1
f 1498/1349/1 1483/1350/1 1482/1346/1
f 1498/1349/1 1497/1351/1 1483/1350/1
f 1497/1351/1 1496/1352/1 1483/1350/1
f 1496/1352/1 1484/1353/1 1483/1350/1
f 1496/1352/1 1495/1354/1 1484/1353/1
f 1495/1354/1 1494/1355/1 1484/1353/1
f 1494/1355/1 1485/1356/1 1484/1353/1
f 1493/1357/1 1485/1356/1 1494/1355/1
f 1493/1357/1 1486/1358/1 1485/1356/1
f 1493/1357/1 1487/1359/1 1486/1358/1
f 1493/1357/1 1488/1360/1 1487/1359/1
f 1493/1357/1 1489/247/1 1488/1360/1
f 1493/1357/1 1490/1361/1 1489/247/1
f 1493/1357/1 1491/1362/1 1490/1361/1
f 1493/1357/1 1492/1363/1 1491/1362/1
f 1654/1364/1 1656/1365/1 1655/1366/1
f 1653/1367/1 1656/1365/1 1654/1364/1
f 1618/1368/1 1620/1369/1 1619/247/1
f 1652/1370/1 1656/1365/1 1653/1367/1
f 1618/1368/1 1621/1371/1 1620/1369/1
f 1618/1368/1 1622/1372/1 1621/1371/1
f 1651/1373/1 1656/1365/1 1652/1370/1
f 1618/1368/1 1623/1374/1 1622/1372/1
f 1650/1375/1 1656/1365/1 1651/1373/1
f 1618/1368/1 1624/1376/1 1623/1374/1
f 1618/1368/1 1625/1377/1 1624/1376/1
f 1649/1378/1 1656/1365/1 1650/1375/1
f 1618/1368/1 1626/1379/1 1625/1377/1
f 1648/1380/1 1656/1365/1 1649/1378/1
f 1618/1368/1 1627/1381/1 1626/1379/1
f 1647/1382/1 1656/1365/1 1648/1380/1
f 1618/1368/1 1628/1383/1 1627/1381/1
f 1646/1384/1 1656/1365/1 1647/1382/1
f 1618/1368/1 1629/1385/1 1628/1383/1
f 1645/1386/1 1656/1365/1 1646/1384/1
f 1618/1368/1 1630/1387/1 1629/1385/1
f 1644/1388/1 1656/1365/1 1645/1386/1
f 1618/1368/1 1631/1389/1 1630/1387/1
f 1643/1390/1 1656/1365/1 1644/1388/1
f 1618/1368/1 1632/1391/1 1631/1389/1
f 1618/1368/1 1633/1392/1 1632/1391/1
f 1618/1368/1 1634/1393/1 1633/1392/1
f 1618/1368/1 1635/1394/1 1634/1393/1
f 1618/1368/1 1636/1395/1 1635/1394/1
f 1618/1368/1 1637/1396/1 1636/1395/1
f 1618/1368/1 1638/1397/1 1637/1396/1
f 1618/1368/1 1639/1398/1 1638/1397/1
f 1618/1368/1 1640/1399/1 1639/1398/1
f 1618/1368/1 1641/1400/1 1640/1399/1
f 1618/1368/1 1642/1401/1 1641/1400/1
f 1618/1368/1 1643/1390/1 1642/1401/1
f 1618/1368/1 1656/1365/1 1643/1390/1
f 1618/1368/1 1617/1402/1 1656/1365/1
f 1617/1402/1 1657/1403/1 1656/1365/1
f 1617/1402/1 1658/1404/1 1657/1403/1
f 1617/1402/1 1616/1405/1 1658/1404/1
f 1616/1405/1 1659/1406/1 1658/1404/1
f 1616/1405/1 1615/1407/1 1659/1406/1
f 1615/1407/1 1660/1408/1 1659/1406/1
f 1615/1407/5 1614/1409/5 1660/1408/5
f 1614/1409/1 1613/1410/1 1660/1408/1
f 1613/1410/1 1661/1411/1 1660/1408/1
f 1613/1410/1 1612/1412/1 1661/1411/1
f 1612/1412/1 1662/1413/1 1661/1411/1
f 1612/1412/1 1611/1414/1 1662/1413/1
f 1611/1414/1 1610/1415/1 1662/1413/1
f 1610/1415/1 1663/1416/1 1662/1413/1
f 1610/1415/1 1609/1417/1 1663/1416/1
f 1609/1417/1 1664/1418/1 1663/1416/1
f 1609/1417/1 1608/1419/1 1664/1418/1
f 1608/1419/1 1665/1420/1 1664/1418/1
f 1608/1419/1 1666/1421/1 1665/1420/1
f 1608/1419/1 1607/1422/1 1666/1421/1
f 1607/1422/1 1667/1423/1 1666/1421/1
f 1607/1422/1 1668/3/1 1667/1423/1
f 1607/1422/1 1606/1424/1 1668/3/1
f 1606/1424/1 1604/1425/1 1668/3/1
f 1604/1425/1 1603/1426/1 1668/3/1
f 1603/1426/1 1602/1427/1 1668/3/1
f 1602/1427/1 1601/1428/1 1668/3/1
f 1601/1428/1 1600/1429/1 1668/3/1
f 1600/1429/1 1599/1430/1 1668/3/1
f 1599/1430/1 1598/1431/1 1668/3/1
f 1598/1431/1 1597/1432/1 1668/3/1
f 1597/1432/1 1596/1433/1 1668/3/1
f 1596/1433/1 1595/1434/1 1668/3/1
f 1595/1434/1 1594/1435/1 1668/3/1
f 1594/1435/1 1521/101/1 1668/3/1
f 1605/1436/1 1604/1425/1 1606/1424/1
f 1593/1437/1 1521/101/1 1594/1435/1
f 1593/1437/1 1522/1438/1 1521/101/1
f 1592/1439/1 1522/1438/1 1593/1437/1
f 1592/1439/1 1523/1440/1 1522/1438/1
f 1591/1441/1 1523/1440/1 1592/1439/1
f 1591/1441/1 1524/1442/1 1523/1440/1
f 1590/1443/1 1524/1442/1 1591/1441/1
f 1590/1443/1 1525/1444/1 1524/1442/1
f 1589/1445/1 1525/1444/1 1590/1443/1
f 1589/1445/1 1526/1446/1 1525/1444/1
f 1588/1447/1 1526/1446/1 1589/1445/1
f 1588/1447/1 1527/1448/1 1526/1446/1
f 1587/1449/1 1527/1448/1 1588/1447/1
f 1587/1449/1 1528/1450/1 1527/1448/1
f 1586/1451/1 1528/1450/1 1587/1449/1
f 1585/1452/1 1528/1450/1 1586/1451/1
f 1585/1452/1 1529/1453/1 1528/1450/1
f 1584/1454/1 1529/1453/1 1585/1452/1
f 1584/1454/1 1530/1455/1 1529/1453/1
f 1583/1456/1 1530/1455/1 1584/1454/1
f 1583/1456/1 1531/1457/1 1530/1455/1
f 1582/1458/1 1531/1457/1 1583/1456/1
f 1582/1458/1 1532/1459/1 1531/1457/1
f 1581/1460/1 1532/1459/1 1582/1458/1
f 1581/1460/1 1533/1461/1 1532/1459/1
f 1580/1462/1 1533/1461/1 1581/1460/1
f 1580/1462/1 1534/1463/1 1533/1461/1
f 1579/1464/1 1534/1463/1 1580/1462/1
f 1579/1464/1 1557/1465/1 1534/1463/1
f 1557/1465/1 1535/1466/1 1534/1463/1
f 1579/1464/1 1558/1467/1 1557/1465/1
f 1556/1468/1 1535/1466/1 1557/1465/1
f 1556/1468/1 1536/1469/1 1535/1466/1
f 1578/1470/1 1558/1467/1 1579/1464/1
f 1555/1471/1 1536/1469/1 1556/1468/1
f 1578/1470/1 1559/1472/1 1558/1467/1
f 1555/1471/1 1537/1473/1 1536/1469/1
f 1577/1474/1 1559/1472/1 1578/1470/1
f 1554/1475/1 1537/1473/1 1555/1471/1
f 1577/1474/1 1560/1476/1 1559/1472/1
f 1554/1475/1 1538/1477/1 1537/1473/1
f 1576/1478/1 1560/1476/1 1577/1474/1
f 1553/1479/1 1538/1477/1 1554/1475/1
f 1576/1478/1 1561/1480/1 1560/1476/1
f 1553/1479/1 1539/1481/1 1538/1477/1
f 1575/1482/1 1561/1480/1 1576/1478/1
f 1552/1483/1 1539/1481/1 1553/1479/1
f 1575/1482/1 1562/1484/1 1561/1480/1
f 1552/1483/1 1540/1485/1 1539/1481/1
f 1574/1486/1 1562/1484/1 1575/1482/1
f 1551/1487/1 1540/1485/1 1552/1483/1
f 1574/1486/1 1563/1488/1 1562/1484/1
f 1551/1487/1 1541/1489/1 1540/1485/1
f 1573/1490/1 1563/1488/1 1574/1486/1
f 1550/1491/1 1541/1489/1 1551/1487/1
f 1573/1490/1 1564/1492/1 1563/1488/1
f 1572/1493/1 1564/1492/1 1573/1490/1
f 1550/1491/1 1542/1494/1 1541/1489/1
f 1549/1495/1 1542/1494/1 1550/1491/1
f 1572/1493/1 1565/1496/1 1564/1492/1
f 1571/1497/1 1565/1496/1 1572/1493/1
f 1549/1495/1 1543/1498/1 1542/1494/1
f 1548/1499/1 1543/1498/1 1549/1495/1
f 1570/218/1 1565/1496/1 1571/1497/1
f 1570/218/1 1566/1500/1 1565/1496/1
f 1548/1499/1 1544/1501/1 1543/1498/1
f 1569/1502/1 1566/1500/1 1570/218/1
f 1547/1503/1 1544/1501/1 1548/1499/1
f 1569/1502/1 1567/1504/1 1566/1500/1
f 1547/1503/1 1546/1505/1 1544/1501/1
f 1546/1505/1 1545/1506/1 1544/1501/1
f 1569/1502/1 1568/1507/1 1567/1504/1
f 1679/1508/1 1681/172/1 1680/1509/1
f 1678/1510/1 1681/172/1 1679/1508/1
f 1677/129/1 1681/172/1 1678/1510/1
f 1677/129/1 1682/1511/1 1681/172/1
f 1676/1512/1 1682/1511/1 1677/129/1
f 1676/1512/1 1683/1513/1 1682/1511/1
f 1675/1514/1 1683/1513/1 1676/1512/1
f 1675/1514/1 1684/1515/1 1683/1513/1
f 1674/1516/1 1684/1515/1 1675/1514/1
f 1674/1516/1 1685/195/1 1684/1515/1
f 1673/138/1 1685/195/1 1674/1516/1
f 1673/138/1 1686/1517/1 1685/195/1
f 1672/1518/1 1686/1517/1 1673/138/1
f 1672/1518/1 1687/1519/1 1686/1517/1
f 1671/1520/1 1687/1519/1 1672/1518/1
f 1671/1520/1 1688/1184/1 1687/1519/1
f 1670/1521/1 1688/1184/1 1671/1520/1
f 1670/1521/1 1689/210/1 1688/1184/1
f 1669/101/1 1689/210/1 1670/1521/1
f 1669/101/1 1690/1522/1 1689/210/1
f 1745/3/1 1690/1522/1 1669/101/1
f 1745/3/1 1691/1523/1 1690/1522/1
f 1744/1524/1 1691/1523/1 1745/3/1
f 1744/1524/1 1692/1525/1 1691/1523/1
f 1743/1526/1 1692/1525/1 1744/1524/1
f 1743/1526/1 1693/222/1 1692/1525/1
f 1742/1527/1 1693/222/1 1743/1526/1
f 1742/1527/1 1720/1528/1 1693/222/1
f 1720/1528/1 1694/1529/1 1693/222/1
f 1741/149/1 1720/1528/1 1742/1527/1
f 1740/1530/1 1720/1528/1 1741/149/1
f 1739/1531/1 1720/1528/1 1740/1530/1
f 1739/1531/1 1721/257/1 1720/1528/1
f 1719/1532/1 1694/1529/1 1720/1528/1
f 1738/1533/1 1721/257/1 1739/1531/1
f 1738/1533/1 1722/1534/1 1721/257/1
f 1737/164/1 1722/1534/1 1738/1533/1
f 1737/164/1 1723/1535/1 1722/1534/1
f 1736/1536/1 1723/1535/1 1737/164/1
f 1736/1536/1 1724/1537/1 1723/1535/1
f 1735/1538/1 1724/1537/1 1736/1536/1
f 1735/1538/1 1725/232/1 1724/1537/1
f 1734/1539/1 1725/232/1 1735/1538/1
f 1733/177/1 1725/232/1 1734/1539/1
f 1733/177/1 1726/1259/1 1725/232/1
f 1732/1540/1 1726/1259/1 1733/177/1
f 1732/1540/1 1727/1541/1 1726/1259/1
f 1732/1540/1 1728/1542/1 1727/1541/1
f 1732/1540/1 1729/187/1 1728/1542/1
f 1732/1540/1 1730/1543/1 1729/187/1
f 1732/1540/1 1731/1544/1 1730/1543/1
f 1718/1545/1 1694/1529/1 1719/1532/1
f 1718/1545/1 1695/1546/1 1694/1529/1
f 1718/1545/1 1696/1547/1 1695/1546/1
f 1717/235/1 1696/1547/1 1718/1545/1
f 1717/235/1 1697/224/1 1696/1547/1
f 1716/1548/1 1697/224/1 1717/235/1
f 1716/1548/1 1698/1549/1 1697/224/1
f 1715/1550/1 1698/1549/1 1716/1548/1
f 1715/1550/1 1699/1551/1 1698/1549/1
f 1714/1552/1 1699/1551/1 1715/1550/1
f 1714/1552/1 1700/1553/1 1699/1551/1
f 1713/259/1 1700/1553/1 1714/1552/1
f 1713/259/1 1701/265/1 1700/1553/1
f 1712/1554/1 1701/265/1 1713/259/1
f 1712/1554/1 1702/1555/1 1701/265/1
f 1711/1556/1 1702/1555/1 1712/1554/1
f 1711/1556/1 1703/1557/1 1702/1555/1
f 1710/1558/1 1703/1557/1 1711/1556/1
f 1710/1558/1 1704/1559/1 1703/1557/1
f 1709/280/1 1704/1559/1 1710/1558/1
f 1709/280/1 1705/290/1 1704/1559/1
f 1708/1560/1 1705/290/1 1709/280/1
f 1708/1560/1 1706/1561/1 1705/290/1
f 1707/433/1 1706/1561/1 1708/1560/1
f 1856/1562/1 1796/1563/1 1857/3/1
f 1856/1562/1 1797/1161/1 1796/1563/1
f 1856/1562/1 1798/1564/1 1797/1161/1
f 1855/1565/1 1798/1564/1 1856/1562/1
f 1855/1565/1 1799/1566/1 1798/1564/1
f 1855/1565/1 1800/1165/1 1799/1566/1
f 1855/1565/1 1801/1567/1 1800/1165/1
f 1855/1565/1 1802/1568/1 1801/1567/1
f 1855/1565/1 1803/1149/1 1802/1568/1
f 1854/1255/1 1803/1149/1 1855/1565/1
f 1854/1255/1 1804/1569/1 1803/1149/1
f 1854/1255/1 1805/1570/1 1804/1569/1
f 1854/1255/1 1806/1142/1 1805/1570/1
f 1854/1255/1 1807/1571/1 1806/1142/1
f 1854/1255/1 1808/1572/1 1807/1571/1
f 1854/1255/1 1809/1133/1 1808/1572/1
f 1853/1573/1 1809/1133/1 1854/1255/1
f 1853/1573/1 1810/1574/1 1809/1133/1
f 1852/1575/1 1810/1574/1 1853/1573/1
f 1852/1575/1 1811/1576/1 1810/1574/1
f 1852/1575/1 1812/1174/1 1811/1576/1
f 1851/1245/1 1812/1174/1 1852/1575/1
f 1851/1245/1 1813/1577/1 1812/1174/1
f 1850/1578/1 1813/1577/1 1851/1245/1
f 1850/1578/1 1814/1579/1 1813/1577/1
f 1849/1580/1 1814/1579/1 1850/1578/1
f 1849/1580/1 1815/1180/1 1814/1579/1
f 1848/1213/1 1815/1180/1 1849/1580/1
f 1848/1213/1 1816/1581/1 1815/1180/1
f 1847/1582/1 1816/1581/1 1848/1213/1
f 1847/1582/1 1817/1583/1 1816/1581/1
f 1846/1584/1 1817/1583/1 1847/1582/1
f 1846/1584/1 1818/1186/1 1817/1583/1
f 1845/1217/1 1818/1186/1 1846/1584/1
f 1845/1217/1 1819/1585/1 1818/1186/1
f 1844/1586/1 1819/1585/1 1845/1217/1
f 1844/1586/1 1820/247/1 1819/1585/1
f 1843/1587/1 1820/247/1 1844/1586/1
f 1843/1587/1 1821/1272/1 1820/247/1
f 1842/1223/1 1821/1272/1 1843/1587/1
f 1842/1223/1 1822/1588/1 1821/1272/1
f 1841/1589/1 1822/1588/1 1842/1223/1
f 1841/1589/1 1823/1590/1 1822/1588/1
f 1840/1591/1 1823/1590/1 1841/1589/1
f 1840/1591/1 1824/1267/1 1823/1590/1
f 1839/1230/1 1824/1267/1 1840/1591/1
f 1839/1230/1 1825/1592/1 1824/1267/1
f 1838/1593/1 1825/1592/1 1839/1230/1
f 1838/1593/1 1826/1594/1 1825/1592/1
f 1837/1595/1 1826/1594/1 1838/1593/1
f 1837/1595/1 1827/1263/1 1826/1594/1
f 1836/1244/1 1827/1263/1 1837/1595/1
f 1836/1244/1 1828/1596/1 1827/1263/1
f 1835/1597/1 1828/1596/1 1836/1244/1
f 1835/1597/1 1829/1598/1 1828/1596/1
f 1834/1599/1 1829/1598/1 1835/1597/1
f 1834/1599/1 1830/1257/1 1829/1598/1
f 1833/1251/1 1830/1257/1 1834/1599/1
f 1833/1251/1 1831/1600/1 1830/1257/1
f 1832/1601/1 1831/1600/1 1833/1251/1
f 1795/1602/1 1747/1603/1 1746/101/1
f 1795/1602/1 1748/1604/1 1747/1603/1
f 1794/1157/1 1748/1604/1 1795/1602/1
f 1794/1157/1 1749/1210/1 1748/1604/1
f 1793/1605/1 1749/1210/1 1794/1157/1
f 1793/1605/1 1750/1606/1 1749/1210/1
f 1792/1607/1 1750/1606/1 1793/1605/1
f 1792/1607/1 1751/1608/1 1750/1606/1
f 1791/1152/1 1751/1608/1 1792/1607/1
f 1791/1152/1 1752/1236/1 1751/1608/1
f 1790/1609/1 1752/1236/1 1791/1152/1
f 1790/1609/1 1753/1610/1 1752/1236/1
f 1789/1611/1 1753/1610/1 1790/1609/1
f 1789/1611/1 1754/1612/1 1753/1610/1
f 1788/1143/1 1754/1612/1 1789/1611/1
f 1787/1613/1 1754/1612/1 1788/1143/1
f 1787/1613/1 1755/1238/1 1754/1612/1
f 1786/1614/1 1755/1238/1 1787/1613/1
f 1786/1614/1 1756/1615/1 1755/1238/1
f 1785/1132/1 1756/1615/1 1786/1614/1
f 1785/1132/1 1757/1616/1 1756/1615/1
f 1785/1132/1 1758/1225/1 1757/1616/1
f 1784/1617/1 1758/1225/1 1785/1132/1
f 1784/1617/1 1759/1618/1 1758/1225/1
f 1783/218/1 1759/1618/1 1784/1617/1
f 1783/218/1 1760/1619/1 1759/1618/1
f 1782/1128/1 1760/1619/1 1783/218/1
f 1782/1128/1 1761/1207/1 1760/1619/1
f 1781/1620/1 1761/1207/1 1782/1128/1
f 1781/1620/1 1762/1621/1 1761/1207/1
f 1780/1622/1 1762/1621/1 1781/1620/1
f 1779/1169/1 1762/1621/1 1780/1622/1
f 1779/1169/1 1763/1623/1 1762/1621/1
f 1778/1624/1 1763/1623/1 1779/1169/1
f 1778/1624/1 1764/1199/1 1763/1623/1
f 1777/1625/1 1764/1199/1 1778/1624/1
f 1777/1625/1 1765/1626/1 1764/1199/1
f 1776/1175/1 1765/1626/1 1777/1625/1
f 1776/1175/1 1766/1627/1 1765/1626/1
f 1775/1628/1 1766/1627/1 1776/1175/1
f 1775/1628/1 1767/1196/1 1766/1627/1
f 1774/1629/1 1767/1196/1 1775/1628/1
f 1774/1629/1 1768/1630/1 1767/1196/1
f 1773/1187/1 1768/1630/1 1774/1629/1
f 1773/1187/1 1769/1631/1 1768/1630/1
f 1772/1632/1 1769/1631/1 1773/1187/1
f 1772/1632/1 1770/1192/1 1769/1631/1
f 1772/1632/1 1771/1633/1 1770/1192/1
f 1909/1634/1 1911/1635/1 1910/1636/1
f 1909/1634/1 1912/1637/1 1911/1635/1
f 1909/1634/1 1913/1638/1 1912/1637/1
f 1908/1639/1 1913/1638/1 1909/1634/1
f 1908/1639/1 1914/1640/1 1913/1638/1
f 1907/1641/1 1914/1640/1 1908/1639/1
f 1907/1641/1 1915/1642/1 1914/1640/1
f 1906/1643/1 1915/1642/1 1907/1641/1
f 1906/1643/1 1916/1644/1 1915/1642/1
f 1905/1645/1 1916/1644/1 1906/1643/1
f 1905/1645/1 1917/1646/1 1916/1644/1
f 1904/1647/1 1917/1646/1 1905/1645/1
f 1870/1648/1 1872/1649/1 1871/1650/1
f 1870/1648/1 1873/1651/1 1872/1649/1
f 1904/1647/1 1918/1652/1 1917/1646/1
f 1903/1653/1 1918/1652/1 1904/1647/1
f 1870/1648/1 1874/1654/1 1873/1651/1
f 1869/1655/1 1874/1654/1 1870/1648/1
f 1903/1653/1 1919/1656/1 1918/1652/1
f 1902/1657/1 1919/1656/1 1903/1653/1
f 1869/1655/1 1875/1658/1 1874/1654/1
f 1868/1659/1 1875/1658/1 1869/1655/1
f 1902/1657/1 1920/1660/1 1919/1656/1
f 1868/1659/1 1876/1661/1 1875/1658/1
f 1901/1662/1 1920/1660/1 1902/1657/1
f 1867/1663/1 1876/1661/1 1868/1659/1
f 1901/1662/1 1921/1664/1 1920/1660/1
f 1867/1663/1 1877/1665/1 1876/1661/1
f 1900/1666/1 1921/1664/1 1901/1662/1
f 1866/1667/1 1877/1665/1 1867/1663/1
f 1900/1666/1 1922/199/1 1921/1664/1
f 1866/1667/1 1878/1668/1 1877/1665/1
f 1899/1669/1 1922/199/1 1900/1666/1
f 1899/1669/1 1923/1670/1 1922/199/1
f 1865/1671/1 1878/1668/1 1866/1667/1
f 1865/1671/1 1879/1672/1 1878/1668/1
f 1898/1673/1 1923/1670/1 1899/1669/1
f 1898/1673/1 1924/1674/1 1923/1670/1
f 1864/1675/1 1879/1672/1 1865/1671/1
f 1897/1676/1 1924/1674/1 1898/1673/1
f 1864/1675/1 1880/1677/1 1879/1672/1
f 1863/1678/1 1880/1677/1 1864/1675/1
f 1863/1678/1 1881/1679/1 1880/1677/1
f 1862/1680/1 1881/1679/1 1863/1678/1
f 1862/1680/1 1882/1681/1 1881/1679/1
f 1861/1682/1 1882/1681/1 1862/1680/1
f 1861/1682/1 1883/1683/1 1882/1681/1
f 1860/1684/1 1883/1683/1 1861/1682/1
f 1860/1684/1 1884/1685/1 1883/1683/1
f 1859/1686/1 1884/1685/1 1860/1684/1
f 1859/1686/1 1885/1687/1 1884/1685/1
f 1858/101/1 1885/1687/1 1859/1686/1
f 1936/1688/1 1938/1689/1 1937/1690/1
f 1935/1691/1 1938/1689/1 1936/1688/1
f 1934/1692/1 1938/1689/1 1935/1691/1
f 1933/1693/1 1938/1689/1 1934/1692/1
f 1932/1694/1 1938/1689/1 1933/1693/1
f 1931/1695/1 1938/1689/1 1932/1694/1
f 1930/1184/1 1938/1689/1 1931/1695/1
f 1929/1696/1 1938/1689/1 1930/1184/1
f 1928/1697/1 1938/1689/1 1929/1696/1
f 1927/1698/1 1938/1689/1 1928/1697/1
f 1926/1699/1 1938/1689/1 1927/1698/1
f 1925/1700/1 1938/1689/1 1926/1699/1
f 1924/1674/1 1938/1689/1 1925/1700/1
f 1897/1676/1 1938/1689/1 1924/1674/1
f 1896/1701/1 1938/1689/1 1897/1676/1
f 1895/1702/1 1938/1689/1 1896/1701/1
f 1894/1703/1 1938/1689/1 1895/1702/1
f 1893/1704/1 1938/1689/1 1894/1703/1
f 1892/1705/1 1938/1689/1 1893/1704/1
f 1891/1706/1 1938/1689/1 1892/1705/1
f 1890/128/1 1938/1689/1 1891/1706/1
f 1889/1707/1 1938/1689/1 1890/128/1
f 1888/1708/1 1938/1689/1 1889/1707/1
f 1887/1709/1 1938/1689/1 1888/1708/1
f 1886/1710/1 1938/1689/1 1887/1709/1
f 1885/1687/1 1938/1689/1 1886/1710/1
f 1858/101/1 1939/1711/1 1885/1687/1
f 1939/1711/1 1938/1689/1 1885/1687/1
f 2146/3/1 1940/1712/1 1858/101/1
f 1940/1712/1 1939/1711/1 1858/101/1
f 2145/1713/1 1940/1712/1 2146/3/1
f 2144/1714/1 1940/1712/1 2145/1713/1
f 2143/1715/1 1940/1712/1 2144/1714/1
f 2142/1716/1 1941/1717/1 2143/1715/1
f 1941/1717/1 1940/1712/1 2143/1715/1
f 2141/1718/1 1941/1717/1 2142/1716/1
f 2140/1719/1 1941/1717/1 2141/1718/1
f 2139/1720/1 1941/1717/1 2140/1719/1
f 2138/1721/1 1941/1717/1 2139/1720/1
f 2137/1722/1 1941/1717/1 2138/1721/1
f 2136/1723/1 1941/1717/1 2137/1722/1
f 2135/1724/1 1941/1717/1 2136/1723/1
f 2134/1725/1 1941/1717/1 2135/1724/1
f 2133/1726/1 2132/1727/1 2134/1725/1
f 2132/1727/1 2131/1728/1 2134/1725/1
f 2131/1728/1 2130/1729/1 2134/1725/1
f 2130/1729/1 2129/1730/1 2134/1725/1
f 2129/1730/1 2128/1731/1 2134/1725/1
f 2128/1731/1 2127/1732/1 2134/1725/1
f 2127/1732/1 2126/1733/1 2134/1725/1
f 2126/1733/1 2125/1734/1 2134/1725/1
f 2125/1734/1 2124/1735/1 2134/1725/1
f 2124/1735/1 2123/1736/1 2134/1725/1
f 2123/1736/1 2122/1737/1 2134/1725/1
f 2122/1737/1 2121/1738/1 2134/1725/1
f 2121/1738/1 2120/1739/1 2134/1725/1
f 2120/1739/1 2047/1740/1 2134/1725/1
f 2047/1740/1 2045/1741/1 2134/1725/1
f 2045/1741/1 2044/1742/1 2134/1725/1
f 2044/1742/1 2043/1743/1 2134/1725/1
f 2043/1743/1 2042/1744/1 2134/1725/1
f 2042/1744/1 2041/1745/1 2134/1725/1
f 2041/1745/1 2040/1746/1 2134/1725/1
f 2040/1746/1 2039/1747/1 2134/1725/1
f 2039/1747/1 2038/1748/1 2134/1725/1
f 2038/1748/1 2037/1749/1 2134/1725/1
f 2037/1749/1 2036/1750/1 2134/1725/1
f 2036/1750/1 2035/1751/1 2134/1725/1
f 2035/1751/1 1962/1752/1 2134/1725/1
f 1962/1752/1 1961/1753/1 2134/1725/1
f 1961/1753/1 1960/1754/1 2134/1725/1
f 1960/1754/1 1959/1755/1 2134/1725/1
f 1959/1755/1 1958/1756/1 2134/1725/1
f 1958/1756/1 1957/1757/1 2134/1725/1
f 1957/1757/1 1956/1758/1 2134/1725/1
f 1956/1758/1 1955/1759/1 2134/1725/1
f 1955/1759/1 1954/218/1 2134/1725/1
f 1954/218/1 1953/1760/1 2134/1725/1
f 1953/1760/1 1952/1761/1 2134/1725/1
f 1952/1761/1 1951/1762/1 2134/1725/1
f 1951/1762/1 1950/1763/1 2134/1725/1
f 1950/1763/1 1944/1764/1 2134/1725/1
f 1944/1764/1 1943/1765/1 2134/1725/1
f 1943/1765/1 1942/1766/1 2134/1725/1
f 1942/1766/1 1941/1717/1 2134/1725/1
f 1950/1763/1 1945/1767/1 1944/1764/1
f 1950/1763/1 1946/1768/1 1945/1767/1
f 1950/1763/1 1947/1769/1 1946/1768/1
f 1950/1763/1 1948/1770/1 1947/1769/1
f 1950/1763/1 1949/1771/1 1948/1770/1
f 2035/1751/1 1963/1772/1 1962/1752/1
f 2034/1773/1 1963/1772/1 2035/1751/1
f 2034/1773/1 1964/1774/1 1963/1772/1
f 2033/1775/1 1964/1774/1 2034/1773/1
f 2047/1740/1 2046/1776/1 2045/1741/1
f 2120/1739/1 2048/1777/1 2047/1740/1
f 2032/1778/1 1964/1774/1 2033/1775/1
f 2032/1778/1 1965/1779/1 1964/1774/1
f 2119/1780/1 2048/1777/1 2120/1739/1
f 2031/1781/1 1965/1779/1 2032/1778/1
f 2031/1781/1 1966/1782/1 1965/1779/1
f 2119/1780/1 2049/1783/1 2048/1777/1
f 2118/1784/1 2049/1783/1 2119/1780/1
f 2030/1785/1 1966/1782/1 2031/1781/1
f 2030/1785/1 1967/1786/1 1966/1782/1
f 2029/1787/1 1967/1786/1 2030/1785/1
f 2118/1784/1 2050/247/1 2049/1783/1
f 2117/1788/1 2050/247/1 2118/1784/1
f 2029/1787/1 1968/1789/1 1967/1786/1
f 2028/1790/1 1968/1789/1 2029/1787/1
f 2117/1788/1 2051/1791/1 2050/247/1
f 2027/1792/1 1968/1789/1 2028/1790/1
f 2027/1792/1 1969/1793/1 1968/1789/1
f 2116/1794/1 2051/1791/1 2117/1788/1
f 2026/1795/1 1969/1793/1 2027/1792/1
f 2026/1795/1 1970/1796/1 1969/1793/1
f 2116/1794/1 2052/1797/1 2051/1791/1
f 2025/1798/1 1970/1796/1 2026/1795/1
f 2115/1799/1 2052/1797/1 2116/1794/1
f 2024/1800/1 1970/1796/1 2025/1798/1
f 2024/1800/1 1971/1801/1 1970/1796/1
f 2115/1799/1 2053/1802/1 2052/1797/1
f 2023/1803/1 1971/1801/1 2024/1800/1
f 2114/165/1 2053/1802/1 2115/1799/1
f 2023/1803/1 1972/1804/1 1971/1801/1
f 2022/1805/1 1972/1804/1 2023/1803/1
f 2021/1806/1 1972/1804/1 2022/1805/1
f 2020/1807/1 1972/1804/1 2021/1806/1
f 2114/165/1 2054/1808/1 2053/1802/1
f 2020/1807/1 1973/1809/1 1972/1804/1
f 2019/1810/1 1973/1809/1 2020/1807/1
f 1998/1811/1 2000/1812/1 1999/1813/1
f 1998/1811/1 2001/1814/1 2000/1812/1
f 2018/271/1 1973/1809/1 2019/1810/1
f 1998/1811/1 2002/433/1 2001/1814/1
f 1998/1811/1 2003/1815/1 2002/433/1
f 2113/1816/1 2054/1808/1 2114/165/1
f 2017/1817/1 1973/1809/1 2018/271/1
f 1998/1811/1 2004/1818/1 2003/1815/1
f 2016/1819/1 1973/1809/1 2017/1817/1
f 1998/1811/1 2005/1820/1 2004/1818/1
f 1998/1811/1 2006/1821/1 2005/1820/1
f 2015/1822/1 1973/1809/1 2016/1819/1
f 1998/1811/1 2007/1823/1 2006/1821/1
f 2014/1824/1 1973/1809/1 2015/1822/1
f 1998/1811/1 2008/1825/1 2007/1823/1
f 2013/1826/1 1973/1809/1 2014/1824/1
f 1998/1811/1 2009/1827/1 2008/1825/1
f 1998/1811/1 2010/1828/1 2009/1827/1
f 2012/1829/1 1973/1809/1 2013/1826/1
f 1998/1811/1 2011/1830/1 2010/1828/1
f 2011/1830/1 1973/1809/1 2012/1829/1
f 1998/1811/1 1973/1809/1 2011/1830/1
f 1998/1811/1 1974/1831/1 1973/1809/1
f 2113/1816/1 2055/1832/1 2054/1808/1
f 1998/1811/1 1975/1833/1 1974/1831/1
f 2112/1834/1 2055/1832/1 2113/1816/1
f 1998/1811/1 1976/1835/1 1975/1833/1
f 2112/1834/1 2056/1836/1 2055/1832/1
f 1998/1811/1 1977/1837/1 1976/1835/1
f 2111/1838/1 2056/1836/1 2112/1834/1
f 1998/1811/1 1978/1839/1 1977/1837/1
f 2111/1838/1 2057/1840/1 2056/1836/1
f 1998/1811/1 1979/1841/1 1978/1839/1
f 2110/1842/1 2057/1840/1 2111/1838/1
f 1998/1811/1 1980/1843/1 1979/1841/1
f 1997/1844/1 1980/1843/1 1998/1811/1
f 1996/1845/1 1980/1843/1 1997/1844/1
f 1996/1845/1 1981/1846/1 1980/1843/1
f 1995/1847/1 1981/1846/1 1996/1845/1
f 1994/1848/1 1981/1846/1 1995/1847/1
f 2110/1842/1 2058/1849/1 2057/1840/1
f 1993/1850/1 1981/1846/1 1994/1848/1
f 1993/1850/1 1982/1851/1 1981/1846/1
f 1992/1852/1 1982/1851/1 1993/1850/1
f 1991/1853/1 1982/1851/1 1992/1852/1
f 1991/1853/1 1983/1854/1 1982/1851/1
f 1990/1855/1 1983/1854/1 1991/1853/1
f 1990/1855/1 1984/1856/1 1983/1854/1
f 1989/1857/1 1984/1856/1 1990/1855/1
f 1988/1858/1 1984/1856/1 1989/1857/1
f 1988/1858/1 1985/1859/1 1984/1856/1
f 1987/1860/1 1985/1859/1 1988/1858/1
f 2109/1861/1 2058/1849/1 2110/1842/1
f 1987/1860/1 1986/277/1 1985/1859/1
f 2109/1861/1 2059/1862/1 2058/1849/1
f 2108/1863/1 2059/1862/1 2109/1861/1
f 2108/1863/1 2060/1864/1 2059/1862/1
f 2107/1865/1 2060/1864/1 2108/1863/1
f 2107/1865/1 2061/1866/1 2060/1864/1
f 2107/1865/1 2062/1867/1 2061/1866/1
f 2106/1868/1 2062/1867/1 2107/1865/1
f 2106/1868/1 2063/1869/1 2062/1867/1
f 2105/1870/1 2063/1869/1 2106/1868/1
f 2105/1870/1 2064/1871/1 2063/1869/1
f 2105/1870/1 2065/1872/1 2064/1871/1
f 2104/1873/1 2065/1872/1 2105/1870/1
f 2104/1873/1 2066/1874/1 2065/1872/1
f 2082/188/1 2084/1875/1 2083/1876/1
f 2104/1873/1 2067/1877/1 2066/1874/1
f 2081/1878/1 2084/1875/1 2082/188/1
f 2080/1879/1 2084/1875/1 2081/1878/1
f 2079/1880/1 2084/1875/1 2080/1879/1
f 2104/1873/1 2068/1881/1 2067/1877/1
f 2078/1882/1 2084/1875/1 2079/1880/1
f 2077/1883/1 2084/1875/1 2078/1882/1
f 2103/1884/1 2068/1881/1 2104/1873/1
f 2103/1884/1 2069/1885/1 2068/1881/1
f 2076/1886/1 2084/1875/1 2077/1883/1
f 2075/1887/1 2084/1875/1 2076/1886/1
f 2074/1259/1 2084/1875/1 2075/1887/1
f 2103/1884/1 2070/1888/1 2069/1885/1
f 2073/1889/1 2084/1875/1 2074/1259/1
f 2072/1890/1 2084/1875/1 2073/1889/1
f 2103/1884/1 2071/1891/1 2070/1888/1
f 2071/1891/1 2084/1875/1 2072/1890/1
f 2103/1884/1 2084/1875/1 2071/1891/1
f 2102/1892/1 2084/1875/1 2103/1884/1
f 2101/1893/1 2084/1875/1 2102/1892/1
f 2100/1894/1 2084/1875/1 2101/1893/1
f 2099/1895/1 2084/1875/1 2100/1894/1
f 2099/1895/1 2085/1896/1 2084/1875/1
f 2099/1895/1 2086/1897/1 2085/1896/1
f 2099/1895/1 2087/1898/1 2086/1897/1
f 2098/1899/1 2087/1898/1 2099/1895/1
f 2098/1899/1 2088/1900/1 2087/1898/1
f 2098/1899/1 2089/1901/1 2088/1900/1
f 2098/1899/1 2090/1902/1 2089/1901/1
f 2098/1899/1 2091/1903/1 2090/1902/1
f 2097/1904/1 2091/1903/1 2098/1899/1
f 2097/1904/1 2092/1905/1 2091/1903/1
f 2097/1904/1 2093/1906/1 2092/1905/1
f 2097/1904/1 2094/1907/1 2093/1906/1
f 2096/1908/1 2094/1907/1 2097/1904/1
f 2096/1908/1 2095/1909/1 2094/1907/1
f 2322/1910/1 2324/1911/1 2323/1912/1
f 2322/1910/1 2325/1913/1 2324/1911/1
f 2336/1914/1 2338/1915/1 2337/1916/1
f 2335/1917/1 2338/1915/1 2336/1914/1
f 2334/1918/1 2338/1915/1 2335/1917/1
f 2333/1919/1 2338/1915/1 2334/1918/1
f 2332/1920/1 2338/1915/1 2333/1919/1
f 2331/165/1 2338/1915/1 2332/1920/1
f 2330/1921/1 2338/1915/1 2331/165/1
f 2330/1921/1 2226/1922/1 2338/1915/1
f 2329/1923/1 2226/1922/1 2330/1921/1
f 2328/1924/1 2226/1922/1 2329/1923/1
f 2328/1924/1 2227/1925/1 2226/1922/1
f 2327/1926/1 2227/1925/1 2328/1924/1
f 2327/1926/1 2228/1927/1 2227/1925/1
f 2326/1928/1 2228/1927/1 2327/1926/1
f 2326/1928/1 2229/1929/1 2228/1927/1
f 2325/1913/1 2229/1929/1 2326/1928/1
f 2322/1910/1 2237/1930/1 2325/1913/1
f 2237/1930/1 2229/1929/1 2325/1913/1
f 2237/1930/1 2230/1931/1 2229/1929/1
f 2237/1930/1 2231/1932/1 2230/1931/1
f 2237/1930/1 2232/1933/1 2231/1932/1
f 2237/1930/1 2233/1934/1 2232/1933/1
f 2237/1930/1 2234/1935/1 2233/1934/1
f 2237/1930/1 2235/1936/1 2234/1935/1
f 2237/1930/1 2236/1937/1 2235/1936/1
f 2273/1938/1 2275/1939/1 2274/1940/1
f 2273/1938/1 2276/1941/1 2275/1939/1
f 2273/1938/1 2277/1942/1 2276/1941/1
f 2273/1938/1 2278/1943/1 2277/1942/1
f 2273/1938/1 2279/1944/1 2278/1943/1
f 2322/1910/1 2238/1945/1 2237/1930/1
f 2273/1938/1 2280/1946/1 2279/1944/1
f 2273/1938/1 2281/1947/1 2280/1946/1
f 2273/1938/1 2282/1948/1 2281/1947/1
f 2273/1938/1 2283/1949/1 2282/1948/1
f 2273/1938/1 2284/1950/1 2283/1949/1
f 2273/1938/1 2285/247/1 2284/1950/1
f 2272/1951/1 2285/247/1 2273/1938/1
f 2272/1951/1 2286/1952/1 2285/247/1
f 2272/1951/1 2287/1953/1 2286/1952/1
f 2271/1954/1 2287/1953/1 2272/1951/1
f 2271/1954/1 2288/1955/1 2287/1953/1
f 2270/1956/1 2288/1955/1 2271/1954/1
f 2269/1957/1 2288/1955/1 2270/1956/1
f 2321/1958/1 2238/1945/1 2322/1910/1
f 2321/1958/1 2239/277/1 2238/1945/1
f 2269/1957/1 2289/1959/1 2288/1955/1
f 2321/1958/1 2240/1960/1 2239/277/1
f 2268/1961/1 2289/1959/1 2269/1957/1
f 2321/1958/1 2241/1962/1 2240/1960/1
f 2267/1963/1 2289/1959/1 2268/1961/1
f 2320/1964/1 2241/1962/1 2321/1958/1
f 2320/1964/1 2242/1965/1 2241/1962/1
f 2267/1963/1 2290/1966/1 2289/1959/1
f 2320/1964/1 2243/1967/1 2242/1965/1
f 2266/1968/1 2290/1966/1 2267/1963/1
f 2320/1964/1 2244/1969/1 2243/1967/1
f 2265/1970/1 2290/1966/1 2266/1968/1
f 2320/1964/1 2245/1971/1 2244/1969/1
f 2320/1964/1 2246/1972/1 2245/1971/1
f 2264/1973/1 2290/1966/1 2265/1970/1
f 2320/1964/1 2247/1974/1 2246/1972/1
f 2319/1975/1 2247/1974/1 2320/1964/1
f 2263/1976/1 2290/1966/1 2264/1973/1
f 2319/1975/1 2248/1977/1 2247/1974/1
f 2319/1975/1 2249/1978/1 2248/1977/1
f 2262/271/1 2290/1966/1 2263/1976/1
f 2319/1975/1 2250/1979/1 2249/1978/1
f 2319/1975/1 2251/1980/1 2250/1979/1
f 2319/1975/1 2252/1981/1 2251/1980/1
f 2319/1975/1 2253/1982/1 2252/1981/1
f 2319/1975/1 2254/1983/1 2253/1982/1
f 2319/1975/1 2255/1984/1 2254/1983/1
f 2319/1975/1 2256/1985/1 2255/1984/1
f 2319/1975/1 2257/1986/1 2256/1985/1
f 2319/1975/1 2258/1987/1 2257/1986/1
f 2319/1975/1 2259/1988/1 2258/1987/1
f 2319/1975/1 2260/1989/1 2259/1988/1
f 2319/1975/1 2261/1990/1 2260/1989/1
f 2319/1975/1 2262/271/1 2261/1990/1
f 2319/1975/1 2290/1966/1 2262/271/1
f 2319/1975/1 2291/1991/1 2290/1966/1
f 2318/1992/1 2291/1991/1 2319/1975/1
f 2318/1992/1 2292/1993/1 2291/1991/1
f 2317/1994/1 2292/1993/1 2318/1992/1
f 2317/1994/1 2293/1995/1 2292/1993/1
f 2316/1996/1 2293/1995/1 2317/1994/1
f 2316/1996/1 2294/1997/1 2293/1995/1
f 2315/1998/1 2294/1997/1 2316/1996/1
f 2314/1999/1 2294/1997/1 2315/1998/1
f 2314/1999/1 2295/2000/1 2294/1997/1
f 2313/2001/1 2295/2000/1 2314/1999/1
f 2313/2001/1 2296/2002/1 2295/2000/1
f 2312/2003/1 2296/2002/1 2313/2001/1
f 2312/2003/1 2297/2004/1 2296/2002/1
f 2311/2005/1 2297/2004/1 2312/2003/1
f 2311/2005/1 2298/2006/1 2297/2004/1
f 2310/2007/1 2298/2006/1 2311/2005/1
f 2309/2008/1 2298/2006/1 2310/2007/1
f 2308/188/1 2298/2006/1 2309/2008/1
f 2307/2009/1 2298/2006/1 2308/188/1
f 2306/2010/1 2298/2006/1 2307/2009/1
f 2305/2011/1 2298/2006/1 2306/2010/1
f 2304/2012/1 2298/2006/1 2305/2011/1
f 2303/2013/4 2298/2006/4 2304/2012/4
f 2302/2014/1 2298/2006/1 2303/2013/1
f 2301/2015/1 2298/2006/1 2302/2014/1
f 2300/2016/1 2298/2006/1 2301/2015/1
f 2299/2017/1 2298/2006/1 2300/2016/1
f 2352/2018/1 2344/2019/1 2353/2020/1
f 2344/2019/1 2354/3/1 2353/2020/1
f 2344/2019/1 2343/2021/1 2354/3/1
f 2343/2021/1 2347/2022/1 2354/3/1
f 2352/2018/1 2345/2023/1 2344/2019/1
f 2346/2024/1 2347/2022/1 2343/2021/1
f 2352/2018/1 2341/2025/1 2345/2023/1
f 2341/2025/1 2346/2024/1 2345/2023/1
f 2341/2025/1 2340/2026/1 2346/2024/1
f 2340/2026/1 2347/2022/1 2346/2024/1
f 2352/2018/1 2342/2027/1 2341/2025/1
f 2339/2028/1 2347/2022/1 2340/2026/1
f 2352/2018/1 2350/2029/1 2342/2027/1
f 2350/2029/1 2339/2028/1 2342/2027/1
f 2350/2029/1 2349/2030/1 2339/2028/1
f 2349/2030/1 2347/2022/1 2339/2028/1
f 2352/2018/1 2351/2031/1 2350/2029/1
f 2348/2032/1 2347/2022/1 2349/2030/1
f 2223/2033/1 2225/2034/1 2224/2035/1
f 2223/2033/1 2147/101/1 2225/2034/1
f 2221/2036/1 2223/2033/1 2222/2037/1
f 2221/2036/1 2147/101/1 2223/2033/1
f 2221/2036/1 2148/2038/1 2147/101/1
f 2221/2036/1 2149/2039/1 2148/2038/1
f 2220/2040/4 2149/2039/4 2221/2036/4
f 2219/2041/1 2150/2042/1 2220/2040/1
f 2150/2042/1 2149/2039/1 2220/2040/1
f 2219/2041/1 2151/2043/1 2150/2042/1
f 2151/2043/1 2153/2044/1 2152/2045/1
f 2219/2041/1 2153/2044/1 2151/2043/1
f 2218/2046/1 2153/2044/1 2219/2041/1
f 2218/2046/1 2154/2047/1 2153/2044/1
f 2217/2048/1 2154/2047/1 2218/2046/1
f 2217/2048/1 2216/218/1 2154/2047/1
f 2216/218/1 2155/2049/1 2154/2047/1
f 2215/2050/1 2155/2049/1 2216/218/1
f 2215/2050/1 2156/2051/1 2155/2049/1
f 2214/2052/1 2156/2051/1 2215/2050/1
f 2213/2053/1 2156/2051/1 2214/2052/1
f 2212/2054/1 2156/2051/1 2213/2053/1
f 2211/2055/1 2156/2051/1 2212/2054/1
f 2211/2055/1 2157/2056/1 2156/2051/1
f 2210/2057/1 2157/2056/1 2211/2055/1
f 2209/2058/1 2157/2056/1 2210/2057/1
f 2208/2059/1 2157/2056/1 2209/2058/1
f 2207/2060/1 2157/2056/1 2208/2059/1
f 2206/2061/1 2157/2056/1 2207/2060/1
f 2205/2062/1 2157/2056/1 2206/2061/1
f 2190/2063/1 2192/2064/1 2191/2065/1
f 2204/2066/1 2157/2056/1 2205/2062/1
f 2190/2063/1 2193/199/1 2192/2064/1
f 2190/2063/1 2194/2067/1 2193/199/1
f 2190/2063/1 2195/2068/1 2194/2067/1
f 2204/2066/1 2158/2069/1 2157/2056/1
f 2203/2070/1 2158/2069/1 2204/2066/1
f 2190/2063/1 2196/2071/1 2195/2068/1
f 2190/2063/1 2197/2072/1 2196/2071/1
f 2190/2063/1 2198/2073/1 2197/2072/1
f 2190/2063/1 2199/2074/1 2198/2073/1
f 2190/2063/1 2200/2075/1 2199/2074/1
f 2190/2063/1 2201/2076/1 2200/2075/1
f 2190/2063/1 2202/2077/1 2201/2076/1
f 2190/2063/1 2203/2070/1 2202/2077/1
f 2190/2063/1 2158/2069/1 2203/2070/1
f 2189/2078/1 2158/2069/1 2190/2063/1
f 2189/2078/1 2159/2079/1 2158/2069/1
f 2188/2080/1 2159/2079/1 2189/2078/1
f 2187/2081/1 2159/2079/1 2188/2080/1
f 2187/2081/1 2160/2082/1 2159/2079/1
f 2186/2083/1 2160/2082/1 2187/2081/1
f 2186/2083/1 2161/2084/1 2160/2082/1
f 2185/2085/1 2161/2084/1 2186/2083/1
f 2185/2085/1 2162/2086/1 2161/2084/1
f 2184/2087/1 2162/2086/1 2185/2085/1
f 2184/2087/1 2163/2088/1 2162/2086/1
f 2184/2087/1 2164/2089/1 2163/2088/1
f 2183/2090/1 2164/2089/1 2184/2087/1
f 2183/2090/1 2165/2091/1 2164/2089/1
f 2182/2092/1 2165/2091/1 2183/2090/1
f 2182/2092/1 2166/2093/1 2165/2091/1
f 2182/2092/1 2167/2094/1 2166/2093/1
f 2181/2095/1 2167/2094/1 2182/2092/1
f 2181/2095/1 2168/2096/1 2167/2094/1
f 2181/2095/1 2169/2097/1 2168/2096/1
f 2180/2098/1 2169/2097/1 2181/2095/1
f 2180/2098/1 2170/128/1 2169/2097/1
f 2180/2098/1 2171/2099/1 2170/128/1
f 2179/2100/1 2171/2099/1 2180/2098/1
f 2179/2100/1 2172/2101/1 2171/2099/1
f 2179/2100/1 2173/2102/1 2172/2101/1
f 2179/2100/1 2174/2103/1 2173/2102/1
f 2179/2100/1 2175/2104/1 2174/2103/1
f 2179/2100/1 2176/2105/1 2175/2104/1
f 2179/2100/1 2177/2106/1 2176/2105/1
f 2178/2107/1 2177/2106/1 2179/2100/1
f 2372/164/1 2360/210/1 2373/149/1
f 2360/210/1 2374/3/1 2373/149/1
f 2360/210/1 2359/195/1 2374/3/1
f 2359/195/1 2367/235/1 2374/3/1
f 2372/164/1 2361/222/1 2360/210/1
f 2362/224/1 2367/235/1 2359/195/1
f 2372/164/1 2357/129/1 2361/222/1
f 2357/129/1 2362/224/1 2361/222/1
f 2357/129/1 2356/138/1 2362/224/1
f 2356/138/1 2367/235/1 2362/224/1
f 2372/164/1 2358/172/1 2357/129/1
f 2355/101/1 2367/235/1 2356/138/1
f 2372/164/1 2365/280/1 2358/172/1
f 2365/280/1 2355/101/1 2358/172/1
f 2365/280/1 2364/290/1 2355/101/1
f 2364/290/1 2367/235/1 2355/101/1
f 2372/164/1 2366/259/1 2365/280/1
f 2363/265/1 2367/235/1 2364/290/1
f 2372/164/1 2370/187/1 2366/259/1
f 2370/187/1 2363/265/1 2366/259/1
f 2370/187/1 2369/232/1 2363/265/1
f 2369/232/1 2367/235/1 2363/265/1
f 2372/164/1 2371/177/1 2370/187/1
f 2368/257/1 2367/235/1 2369/232/1
f 2560/850/1 2562/851/1 2561/852/1
f 2560/850/1 2563/853/1 2562/851/1
f 2559/854/1 2563/853/1 2560/850/1
f 2559/854/1 2564/61/1 2563/853/1
f 2558/855/1 2564/61/1 2559/854/1
f 2558/855/1 2565/856/1 2564/61/1
f 2557/857/1 2565/856/1 2558/855/1
f 2557/857/1 2566/858/1 2565/856/1
f 2556/859/1 2566/858/1 2557/857/1
f 2556/859/1 2567/860/1 2566/858/1
f 2556/859/1 2568/861/1 2567/860/1
f 2555/862/1 2568/861/1 2556/859/1
f 2555/862/1 2569/863/1 2568/861/1
f 2554/864/1 2569/863/1 2555/862/1
f 2554/864/1 2570/865/1 2569/863/1
f 2553/866/1 2570/865/1 2554/864/1
f 2553/866/1 2571/867/1 2570/865/1
f 2552/868/1 2571/867/1 2553/866/1
f 2552/868/1 2572/869/1 2571/867/1
f 2585/870/1 2587/871/1 2586/872/1
f 2551/873/1 2572/869/1 2552/868/1
f 2584/874/1 2587/871/1 2585/870/1
f 2583/875/1 2587/871/1 2584/874/1
f 2551/873/1 2573/247/1 2572/869/1
f 2582/876/1 2587/871/1 2583/875/1
f 2550/877/1 2573/247/1 2551/873/1
f 2581/878/1 2587/871/1 2582/876/1
f 2580/879/1 2587/871/1 2581/878/1
f 2550/877/1 2574/880/1 2573/247/1
f 2579/881/1 2587/871/1 2580/879/1
f 2549/882/1 2574/880/1 2550/877/1
f 2578/883/1 2587/871/1 2579/881/1
f 2535/884/1 2537/39/1 2536/885/1
f 2577/886/1 2587/871/1 2578/883/1
f 2535/884/1 2538/887/1 2537/39/1
f 2535/884/1 2539/888/1 2538/887/1
f 2576/889/1 2587/871/1 2577/886/1
f 2535/884/1 2540/271/1 2539/888/1
f 2575/890/1 2587/871/1 2576/889/1
f 2535/884/1 2541/891/1 2540/271/1
f 2574/880/1 2587/871/1 2575/890/1
f 2535/884/1 2542/892/1 2541/891/1
f 2549/882/1 2587/871/1 2574/880/1
f 2535/884/1 2543/893/1 2542/892/1
f 2535/884/1 2544/894/1 2543/893/1
f 2535/884/1 2545/895/1 2544/894/1
f 2548/896/1 2587/871/1 2549/882/1
f 2535/884/1 2546/897/1 2545/895/1
f 2535/884/1 2547/898/1 2546/897/1
f 2535/884/1 2548/896/1 2547/898/1
f 2535/884/1 2587/871/1 2548/896/1
f 2535/884/1 2588/899/1 2587/871/1
f 2535/884/1 2589/900/1 2588/899/1
f 2535/884/1 2590/901/1 2589/900/1
f 2535/884/1 2591/66/1 2590/901/1
f 2535/884/1 2592/902/1 2591/66/1
f 2535/884/1 2593/903/1 2592/902/1
f 2535/884/1 2594/904/1 2593/903/1
f 2535/884/1 2595/905/1 2594/904/1
f 2535/884/1 2596/906/1 2595/905/1
f 2534/907/1 2596/906/1 2535/884/1
f 2534/907/1 2597/908/1 2596/906/1
f 2533/909/1 2597/908/1 2534/907/1
f 2533/909/1 2598/910/1 2597/908/1
f 2532/911/1 2598/910/1 2533/909/1
f 2531/912/1 2598/910/1 2532/911/1
f 2531/912/1 2599/913/1 2598/910/1
f 2530/914/1 2599/913/1 2531/912/1
f 2529/915/1 2599/913/1 2530/914/1
f 2529/915/1 2522/916/1 2599/913/1
f 2522/916/1 2600/917/1 2599/913/1
f 2528/918/1 2522/916/1 2529/915/1
f 2527/919/1 2522/916/1 2528/918/1
f 2526/920/1 2522/916/1 2527/919/1
f 2525/921/1 2522/916/1 2526/920/1
f 2524/922/1 2522/916/1 2525/921/1
f 2523/923/1 2522/916/1 2524/922/1
f 2521/924/1 2600/917/1 2522/916/1
f 2521/924/1 2601/925/1 2600/917/1
f 2520/926/1 2601/925/1 2521/924/1
f 2520/926/1 2602/927/1 2601/925/1
f 2520/926/1 2603/928/1 2602/927/1
f 2519/929/1 2603/928/1 2520/926/1
f 2519/929/1 2604/930/1 2603/928/1
f 2518/931/1 2604/930/1 2519/929/1
f 2518/931/1 2605/932/1 2604/930/1
f 2518/931/1 2606/188/1 2605/932/1
f 2658/933/1 2660/934/1 2659/935/1
f 2517/936/1 2606/188/1 2518/931/1
f 2657/937/1 2660/934/1 2658/933/1
f 2517/936/1 2607/938/1 2606/188/1
f 2656/939/1 2660/934/1 2657/937/1
f 2655/940/1 2660/934/1 2656/939/1
f 2654/941/1 2660/934/1 2655/940/1
f 2653/942/1 2660/934/1 2654/941/1
f 2517/936/1 2608/943/1 2607/938/1
f 2652/944/1 2660/934/1 2653/942/1
f 2651/945/1 2660/934/1 2652/944/1
f 2650/946/1 2660/934/1 2651/945/1
f 2516/947/1 2608/943/1 2517/936/1
f 2649/948/1 2660/934/1 2650/946/1
f 2622/949/1 2624/950/1 2623/951/1
f 2621/952/1 2624/950/1 2622/949/1
f 2621/952/1 2625/953/1 2624/950/1
f 2620/954/1 2625/953/1 2621/952/1
f 2516/947/1 2609/955/1 2608/943/1
f 2619/956/1 2625/953/1 2620/954/1
f 2619/956/1 2626/957/1 2625/953/1
f 2648/958/1 2660/934/1 2649/948/1
f 2618/44/1 2626/957/1 2619/956/1
f 2647/959/1 2660/934/1 2648/958/1
f 2618/44/1 2627/960/1 2626/957/1
f 2617/961/1 2627/960/1 2618/44/1
f 2646/962/1 2660/934/1 2647/959/1
f 2616/963/1 2627/960/1 2617/961/1
f 2616/963/1 2628/964/1 2627/960/1
f 2615/965/1 2628/964/1 2616/963/1
f 2516/947/1 2610/966/1 2609/955/1
f 2645/22/1 2660/934/1 2646/962/1
f 2615/965/1 2629/967/1 2628/964/1
f 2614/968/1 2629/967/1 2615/965/1
f 2644/969/1 2660/934/1 2645/22/1
f 2613/970/1 2629/967/1 2614/968/1
f 2515/971/1 2610/966/1 2516/947/1
f 2613/970/1 2630/972/1 2629/967/1
f 2515/971/1 2611/973/1 2610/966/1
f 2612/974/1 2630/972/1 2613/970/1
f 2643/975/1 2660/934/1 2644/969/1
f 2611/973/1 2630/972/1 2612/974/1
f 2611/973/1 2631/976/1 2630/972/1
f 2642/977/1 2660/934/1 2643/975/1
f 2515/971/1 2631/976/1 2611/973/1
f 2641/978/1 2660/934/1 2642/977/1
f 2515/971/1 2632/979/1 2631/976/1
f 2641/978/1 2661/980/1 2660/934/1
f 2640/981/1 2661/980/1 2641/978/1
f 2640/981/1 2662/982/1 2661/980/1
f 2514/983/1 2632/979/1 2515/971/1
f 2640/981/1 2663/984/1 2662/982/1
f 2640/981/1 2664/985/1 2663/984/1
f 2514/983/1 2486/986/1 2632/979/1
f 2486/986/1 2485/987/1 2632/979/1
f 2485/987/1 2633/988/1 2632/979/1
f 2639/165/1 2664/985/1 2640/981/1
f 2639/165/1 2665/989/1 2664/985/1
f 2639/165/1 2666/990/1 2665/989/1
f 2639/165/1 2667/991/1 2666/990/1
f 2638/992/1 2667/991/1 2639/165/1
f 2638/992/1 2668/993/1 2667/991/1
f 2484/994/1 2633/988/1 2485/987/1
f 2484/994/1 2634/995/1 2633/988/1
f 2483/93/1 2634/995/1 2484/994/1
f 2514/983/1 2487/996/1 2486/986/1
f 2482/997/1 2634/995/1 2483/93/1
f 2638/992/1 2669/998/1 2668/993/1
f 2514/983/1 2488/999/1 2487/996/1
f 2481/1000/1 2634/995/1 2482/997/1
f 2637/1001/1 2669/998/1 2638/992/1
f 2637/1001/1 2670/1002/1 2669/998/1
f 2514/983/1 2489/1003/1 2488/999/1
f 2480/1004/1 2634/995/1 2481/1000/1
f 2637/1001/1 2671/1005/1 2670/1002/1
f 2514/983/1 2490/1006/1 2489/1003/1
f 2479/1007/1 2634/995/1 2480/1004/1
f 2637/1001/1 2672/3/1 2671/1005/1
f 2636/1008/1 2672/3/1 2637/1001/1
f 2513/1009/1 2490/1006/1 2514/983/1
f 2479/1007/1 2635/1010/1 2634/995/1
f 2636/1008/1 2375/101/1 2672/3/1
f 2513/1009/1 2491/1011/1 2490/1006/1
f 2478/1012/1 2635/1010/1 2479/1007/1
f 2635/1010/1 2375/101/1 2636/1008/1
f 2635/1010/1 2376/1013/1 2375/101/1
f 2477/1014/1 2635/1010/1 2478/1012/1
f 2513/1009/1 2492/1015/1 2491/1011/1
f 2635/1010/1 2377/1016/1 2376/1013/1
f 2476/1017/1 2635/1010/1 2477/1014/1
f 2476/1017/1 2377/1016/1 2635/1010/1
f 2513/1009/1 2493/1018/1 2492/1015/1
f 2476/1017/1 2378/1019/1 2377/1016/1
f 2475/1020/1 2378/1019/1 2476/1017/1
f 2513/1009/1 2494/1021/1 2493/1018/1
f 2475/1020/1 2379/1022/1 2378/1019/1
f 2512/1023/1 2494/1021/1 2513/1009/1
f 2474/218/1 2379/1022/1 2475/1020/1
f 2512/1023/1 2495/1024/1 2494/1021/1
f 2474/218/1 2380/1025/1 2379/1022/1
f 2474/218/1 2381/1026/1 2380/1025/1
f 2473/1027/1 2381/1026/1 2474/218/1
f 2512/1023/1 2496/1028/1 2495/1024/1
f 2473/1027/1 2382/1029/1 2381/1026/1
f 2472/1030/1 2382/1029/1 2473/1027/1
f 2512/1023/1 2497/1031/1 2496/1028/1
f 2472/1030/1 2383/1032/1 2382/1029/1
f 2511/1033/1 2497/1031/1 2512/1023/1
f 2511/1033/1 2498/1034/1 2497/1031/1
f 2472/1030/1 2384/1035/1 2383/1032/1
f 2471/1036/1 2384/1035/1 2472/1030/1
f 2511/1033/1 2499/1037/1 2498/1034/1
f 2471/1036/1 2385/1038/1 2384/1035/1
f 2511/1033/1 2500/1039/1 2499/1037/1
f 2471/1036/1 2386/1040/1 2385/1038/1
f 2470/1041/1 2386/1040/1 2471/1036/1
f 2511/1033/1 2501/1042/1 2500/1039/1
f 2510/17/1 2501/1042/1 2511/1033/1
f 2470/1041/1 2400/1043/1 2386/1040/1
f 2400/1043/1 2387/1044/1 2386/1040/1
f 2510/17/1 2502/1045/1 2501/1042/1
f 2469/1046/1 2400/1043/1 2470/1041/1
f 2510/17/1 2503/1047/1 2502/1045/1
f 2510/17/1 2504/1048/1 2503/1047/1
f 2509/1049/1 2504/1048/1 2510/17/1
f 2468/1050/1 2400/1043/1 2469/1046/1
f 2509/1049/1 2505/1051/1 2504/1048/1
f 2468/1050/1 2401/1052/1 2400/1043/1
f 2399/1053/1 2387/1044/1 2400/1043/1
f 2509/1049/1 2506/1054/1 2505/1051/1
f 2467/1055/1 2401/1052/1 2468/1050/1
f 2509/1049/2 2507/277/2 2506/1054/2
f 2467/1055/1 2402/122/1 2401/1052/1
f 2398/1056/1 2387/1044/1 2399/1053/1
f 2509/1049/6 2508/1057/6 2507/277/6
f 2467/1055/1 2403/1058/1 2402/122/1
f 2397/1059/1 2387/1044/1 2398/1056/1
f 2466/1060/1 2403/1058/1 2467/1055/1
f 2466/1060/1 2404/1061/1 2403/1058/1
f 2396/1062/1 2387/1044/1 2397/1059/1
f 2466/1060/1 2405/1063/1 2404/1061/1
f 2465/1064/1 2405/1063/1 2466/1060/1
f 2395/1065/1 2387/1044/1 2396/1062/1
f 2465/1064/1 2406/1066/1 2405/1063/1
f 2394/1067/1 2387/1044/1 2395/1065/1
f 2464/1068/1 2406/1066/1 2465/1064/1
f 2464/1068/1 2407/1069/1 2406/1066/1
f 2393/1070/1 2387/1044/1 2394/1067/1
f 2464/1068/1 2408/128/1 2407/1069/1
f 2392/1071/1 2387/1044/1 2393/1070/1
f 2463/1072/1 2408/128/1 2464/1068/1
f 2463/1072/1 2409/1073/1 2408/128/1
f 2391/1074/1 2387/1044/1 2392/1071/1
f 2463/1072/1 2410/1075/1 2409/1073/1
f 2390/1076/1 2387/1044/1 2391/1074/1
f 2462/1077/1 2410/1075/1 2463/1072/1
f 2389/1078/1 2387/1044/1 2390/1076/1
f 2462/1077/1 2411/1079/1 2410/1075/1
f 2388/1080/1 2387/1044/1 2389/1078/1
f 2461/1081/1 2411/1079/1 2462/1077/1
f 2461/1081/1 2412/1082/1 2411/1079/1
f 2461/1081/1 2413/1083/1 2412/1082/1
f 2460/1084/1 2413/1083/1 2461/1081/1
f 2460/1084/1 2414/1085/1 2413/1083/1
f 2460/1084/1 2415/1086/1 2414/1085/1
f 2459/1087/1 2415/1086/1 2460/1084/1
f 2459/1087/1 2416/1088/1 2415/1086/1
f 2459/1087/1 2417/1089/1 2416/1088/1
f 2458/1090/1 2417/1089/1 2459/1087/1
f 2435/1091/1 2437/1092/1 2436/1093/1
f 2458/1090/1 2418/1094/1 2417/1089/1
f 2434/1095/1 2437/1092/1 2435/1091/1
f 2433/1096/1 2437/1092/1 2434/1095/1
f 2458/1090/1 2419/1097/1 2418/1094/1
f 2432/1098/1 2437/1092/1 2433/1096/1
f 2431/1099/1 2437/1092/1 2432/1098/1
f 2458/1090/1 2420/1100/1 2419/1097/1
f 2430/1101/1 2437/1092/1 2431/1099/1
f 2429/100/1 2437/1092/1 2430/1101/1
f 2458/1090/1 2421/1102/1 2420/1100/1
f 2428/1103/1 2437/1092/1 2429/100/1
f 2457/1104/1 2421/1102/1 2458/1090/1
f 2457/1104/1 2422/1105/1 2421/1102/1
f 2427/1106/1 2437/1092/1 2428/1103/1
f 2426/1107/1 2437/1092/1 2427/1106/1
f 2457/1104/1 2423/1108/1 2422/1105/1
f 2425/1109/1 2437/1092/1 2426/1107/1
f 2457/1104/1 2424/1110/1 2423/1108/1
f 2424/1110/1 2437/1092/1 2425/1109/1
f 2457/1104/1 2437/1092/1 2424/1110/1
f 2456/78/1 2437/1092/1 2457/1104/1
f 2455/1111/1 2437/1092/1 2456/78/1
f 2454/1112/1 2437/1092/1 2455/1111/1
f 2453/1113/1 2437/1092/1 2454/1112/1
f 2453/1113/1 2438/1114/1 2437/1092/1
f 2453/1113/1 2439/1115/1 2438/1114/1
f 2453/1113/1 2440/1116/1 2439/1115/1
f 2452/1117/1 2440/1116/1 2453/1113/1
f 2452/1117/1 2441/199/1 2440/1116/1
f 2452/1117/1 2442/1118/1 2441/199/1
f 2452/1117/1 2443/1119/1 2442/1118/1
f 2451/1120/1 2443/1119/1 2452/1117/1
f 2451/1120/1 2444/1121/1 2443/1119/1
f 2451/1120/1 2445/1122/1 2444/1121/1
f 2450/1123/1 2445/1122/1 2451/1120/1
f 2450/1123/1 2446/1124/1 2445/1122/1
f 2450/1123/1 2447/1125/1 2446/1124/1
f 2449/1126/1 2447/1125/1 2450/1123/1
f 2449/1126/1 2448/1127/1 2447/1125/1
f 2714/2108/1 2704/2109/1 2703/2110/1
f 2714/2108/1 2705/2111/1 2704/2109/1
f 2714/2108/1 2708/2112/1 2705/2111/1
f 2708/2112/1 2706/2113/1 2705/2111/1
f 2708/2112/1 2707/1488/1 2706/2113/1
f 2714/2108/1 2709/2114/1 2708/2112/1
f 2712/2115/1 2701/2116/1 2713/2117/1
f 2701/2116/1 2714/2108/1 2713/2117/1
f 2701/2116/1 2709/2114/1 2714/2108/1
f 2701/2116/1 2710/2118/1 2709/2114/1
f 2701/2116/1 2700/2119/1 2710/2118/1
f 2700/2119/1 2711/2120/1 2710/2118/1
f 2712/2115/1 2702/2121/1 2701/2116/1
f 2699/2122/1 2711/2120/1 2700/2119/1
f 2712/2115/1 2699/2122/1 2702/2121/1
f 2712/2115/1 2711/2120/1 2699/2122/1
f 2739/2123/1 2715/2124/1 2740/2125/1
f 2738/2126/1 2715/2124/1 2739/2123/1
f 2738/2126/1 2716/2127/1 2715/2124/1
f 2737/2128/1 2716/2127/1 2738/2126/1
f 2737/2128/1 2717/2129/1 2716/2127/1
f 2736/2130/1 2717/2129/1 2737/2128/1
f 2736/2130/1 2718/2131/1 2717/2129/1
f 2735/2132/1 2718/2131/1 2736/2130/1
f 2735/2132/1 2719/2133/1 2718/2131/1
f 2734/2134/1 2719/2133/1 2735/2132/1
f 2734/2134/1 2720/2135/1 2719/2133/1
f 2733/2136/1 2720/2135/1 2734/2134/1
f 2733/2136/1 2721/2137/1 2720/2135/1
f 2732/2138/1 2721/2137/1 2733/2136/1
f 2732/2138/1 2722/2139/1 2721/2137/1
f 2731/2140/1 2722/2139/1 2732/2138/1
f 2731/2140/1 2723/2141/1 2722/2139/1
f 2730/2142/1 2723/2141/1 2731/2140/1
f 2730/2142/1 2724/1454/1 2723/2141/1
f 2729/2143/1 2724/1454/1 2730/2142/1
f 2729/2143/1 2725/2144/1 2724/1454/1
f 2728/2145/1 2725/2144/1 2729/2143/1
f 2728/2145/1 2726/2146/1 2725/2144/1
f 2727/2147/1 2726/2146/1 2728/2145/1
f 2765/2148/1 2741/1436/1 2766/2149/1
f 2764/2150/1 2741/1436/1 2765/2148/1
f 2764/2150/1 2742/2151/1 2741/1436/1
f 2763/2152/1 2742/2151/1 2764/2150/1
f 2763/2152/1 2743/2153/1 2742/2151/1
f 2762/2154/1 2743/2153/1 2763/2152/1
f 2762/2154/1 2744/2155/1 2743/2153/1
f 2761/2156/1 2744/2155/1 2762/2154/1
f 2761/2156/1 2745/2157/1 2744/2155/1
f 2760/2158/1 2745/2157/1 2761/2156/1
f 2760/2158/1 2746/2159/1 2745/2157/1
f 2759/2160/1 2746/2159/1 2760/2158/1
f 2759/2160/1 2747/2161/1 2746/2159/1
f 2759/2160/1 2748/2162/1 2747/2161/1
f 2758/1379/1 2748/2162/1 2759/2160/1
f 2758/1379/1 2749/2163/1 2748/2162/1
f 2757/2164/1 2749/2163/1 2758/1379/1
f 2757/2164/1 2750/2165/1 2749/2163/1
f 2756/2166/1 2750/2165/1 2757/2164/1
f 2756/2166/1 2751/2167/1 2750/2165/1
f 2755/2168/1 2751/2167/1 2756/2166/1
f 2755/2168/1 2752/2169/1 2751/2167/1
f 2754/2170/1 2752/2169/1 2755/2168/1
f 2754/2170/1 2753/2171/1 2752/2169/1
f 2791/2172/1 2767/2173/1 2792/3/1
f 2791/2172/1 2768/2174/1 2767/2173/1
f 2790/2175/1 2768/2174/1 2791/2172/1
f 2790/2175/1 2769/2176/1 2768/2174/1
f 2789/2177/1 2769/2176/1 2790/2175/1
f 2789/2177/1 2770/2178/1 2769/2176/1
f 2788/2179/1 2770/2178/1 2789/2177/1
f 2788/2179/1 2771/2180/1 2770/2178/1
f 2787/2181/1 2771/2180/1 2788/2179/1
f 2787/2181/1 2772/2182/1 2771/2180/1
f 2786/2183/1 2772/2182/1 2787/2181/1
f 2786/2183/1 2773/2184/1 2772/2182/1
f 2785/2185/1 2773/2184/1 2786/2183/1
f 2785/2185/1 2774/2186/1 2773/2184/1
f 2784/2187/1 2774/2186/1 2785/2185/1
f 2784/2187/1 2775/1382/1 2774/2186/1
f 2783/2188/1 2775/1382/1 2784/2187/1
f 2783/2188/1 2776/2189/1 2775/1382/1
f 2782/2190/1 2776/2189/1 2783/2188/1
f 2782/2190/1 2777/2191/1 2776/2189/1
f 2781/2192/1 2777/2191/1 2782/2190/1
f 2781/2192/1 2778/2193/1 2777/2191/1
f 2780/2194/1 2778/2193/1 2781/2192/1
f 2780/2194/1 2779/2195/1 2778/2193/1
f 2696/2196/1 2698/2197/1 2697/2198/1
f 2695/2199/1 2698/2197/1 2696/2196/1
f 2695/2199/1 2673/101/1 2698/2197/1
f 2694/2200/1 2673/101/1 2695/2199/1
f 2694/2200/1 2674/2201/1 2673/101/1
f 2693/2202/1 2674/2201/1 2694/2200/1
f 2693/2202/1 2675/2203/1 2674/2201/1
f 2692/2204/1 2675/2203/1 2693/2202/1
f 2692/2204/1 2676/2205/1 2675/2203/1
f 2691/2206/1 2676/2205/1 2692/2204/1
f 2691/2206/1 2677/2207/1 2676/2205/1
f 2690/1494/1 2677/2207/1 2691/2206/1
f 2690/1494/1 2678/2208/1 2677/2207/1
f 2689/2209/1 2678/2208/1 2690/1494/1
f 2689/2209/1 2679/2210/1 2678/2208/1
f 2688/2211/1 2679/2210/1 2689/2209/1
f 2688/2211/1 2680/2212/1 2679/2210/1
f 2687/2213/1 2680/2212/1 2688/2211/1
f 2687/2213/1 2681/2214/1 2680/2212/1
f 2686/2215/1 2681/2214/1 2687/2213/1
f 2685/2216/1 2681/2214/1 2686/2215/1
f 2685/2216/1 2682/2217/1 2681/2214/1
f 2684/2218/1 2682/2217/1 2685/2216/1
f 2684/2218/1 2683/2219/1 2682/2217/1
f 2815/2220/1 2817/2221/1 2816/2222/1
f 2815/2220/1 2818/210/1 2817/2221/1
f 2814/2223/1 2818/210/1 2815/2220/1
f 2814/2223/1 2819/2224/1 2818/210/1
f 2813/195/1 2819/2224/1 2814/2223/1
f 2813/195/1 2820/2225/1 2819/2224/1
f 2812/543/1 2820/2225/1 2813/195/1
f 2811/2226/1 2820/2225/1 2812/543/1
f 2811/2226/1 2821/2227/1 2820/2225/1
f 2810/2228/1 2821/2227/1 2811/2226/1
f 2810/2228/1 2888/3/1 2821/2227/1
f 2888/3/1 2822/2229/1 2821/2227/1
f 2810/2228/1 2841/2230/1 2888/3/1
f 2887/2231/1 2822/2229/1 2888/3/1
f 2810/2228/1 2842/2232/1 2841/2230/1
f 2886/2233/1 2822/2229/1 2887/2231/1
f 2809/2234/1 2842/2232/1 2810/2228/1
f 2886/2233/1 2823/222/1 2822/2229/1
f 2809/2234/1 2843/280/1 2842/2232/1
f 2885/2235/1 2823/222/1 2886/2233/1
f 2809/2234/1 2844/2236/1 2843/280/1
f 2884/2237/1 2823/222/1 2885/2235/1
f 2809/2234/1 2845/2238/1 2844/2236/1
f 2883/149/1 2823/222/1 2884/2237/1
f 2808/172/1 2845/2238/1 2809/2234/1
f 2883/149/1 2824/2239/1 2823/222/1
f 2808/172/1 2846/2240/1 2845/2238/1
f 2882/2241/1 2824/2239/1 2883/149/1
f 2808/172/1 2847/2242/1 2846/2240/1
f 2881/2243/1 2824/2239/1 2882/2241/1
f 2807/2244/1 2847/2242/1 2808/172/1
f 2881/2243/1 2825/2245/1 2824/2239/1
f 2807/2244/1 2848/259/1 2847/2242/1
f 2880/2246/1 2825/2245/1 2881/2243/1
f 2806/2247/1 2848/259/1 2807/2244/1
f 2880/2246/1 2826/2248/1 2825/2245/1
f 2806/2247/1 2849/2249/1 2848/259/1
f 2879/2250/1 2826/2248/1 2880/2246/1
f 2806/2247/1 2850/493/1 2849/2249/1
f 2878/164/1 2826/2248/1 2879/2250/1
f 2805/2251/1 2850/493/1 2806/2247/1
f 2878/164/1 2827/2252/1 2826/2248/1
f 2805/2251/1 2851/2253/1 2850/493/1
f 2877/2254/1 2827/2252/1 2878/164/1
f 2804/2255/1 2851/2253/1 2805/2251/1
f 2877/2254/1 2828/224/1 2827/2252/1
f 2804/2255/1 2852/2256/1 2851/2253/1
f 2876/2257/1 2828/224/1 2877/2254/1
f 2803/129/1 2852/2256/1 2804/2255/1
f 2803/129/1 2853/235/1 2852/2256/1
f 2875/2258/1 2828/224/1 2876/2257/1
f 2875/2258/1 2829/2259/1 2828/224/1
f 2803/129/1 2854/2260/1 2853/235/1
f 2874/2261/1 2829/2259/1 2875/2258/1
f 2802/2262/1 2854/2260/1 2803/129/1
f 2874/2261/1 2830/2263/1 2829/2259/1
f 2802/2262/1 2855/2264/1 2854/2260/1
f 2873/177/1 2830/2263/1 2874/2261/1
f 2801/2265/1 2855/2264/1 2802/2262/1
f 2873/177/1 2831/524/1 2830/2263/1
f 2872/2266/1 2831/524/1 2873/177/1
f 2801/2265/1 2856/2267/1 2855/2264/1
f 2871/2268/1 2831/524/1 2872/2266/1
f 2801/2265/1 2857/2269/1 2856/2267/1
f 2800/2270/1 2857/2269/1 2801/2265/1
f 2871/2268/1 2832/2271/1 2831/524/1
f 2870/2272/1 2832/2271/1 2871/2268/1
f 2800/2270/1 2858/257/1 2857/2269/1
f 2799/2273/1 2858/257/1 2800/2270/1
f 2870/2272/1 2833/265/1 2832/2271/1
f 2869/618/1 2833/265/1 2870/2272/1
f 2799/2273/1 2859/2274/1 2858/257/1
f 2868/187/1 2833/265/1 2869/618/1
f 2799/2273/1 2860/2275/1 2859/2274/1
f 2798/138/1 2860/2275/1 2799/2273/1
f 2868/187/1 2834/2276/1 2833/265/1
f 2867/2277/1 2834/2276/1 2868/187/1
f 2798/138/1 2861/2278/1 2860/2275/1
f 2866/2279/1 2834/2276/1 2867/2277/1
f 2798/138/1 2862/2280/1 2861/2278/1
f 2865/2281/1 2834/2276/1 2866/2279/1
f 2798/138/1 2863/232/1 2862/2280/1
f 2797/2282/1 2863/232/1 2798/138/1
f 2865/2281/1 2835/2283/1 2834/2276/1
f 2864/2284/1 2835/2283/1 2865/2281/1
f 2797/2282/1 2864/2284/1 2863/232/1
f 2797/2282/1 2835/2283/1 2864/2284/1
f 2796/2285/1 2835/2283/1 2797/2282/1
f 2796/2285/1 2836/2286/1 2835/2283/1
f 2795/2287/1 2836/2286/1 2796/2285/1
f 2795/2287/1 2837/2288/1 2836/2286/1
f 2794/2289/1 2837/2288/1 2795/2287/1
f 2794/2289/1 2838/290/1 2837/2288/1
f 2793/101/1 2838/290/1 2794/2289/1
f 2793/101/1 2839/2290/1 2838/290/1
f 2840/2291/1 2839/2290/1 2793/101/1
f 2911/2220/1 2913/2221/1 2912/2222/1
f 2911/2220/1 2914/210/1 2913/2221/1
f 2910/2223/1 2914/210/1 2911/2220/1
f 2910/2223/1 2915/2224/1 2914/210/1
f 2909/195/1 2915/2224/1 2910/2223/1
f 2909/195/1 2916/2225/1 2915/2224/1
f 2908/543/1 2916/2225/1 2909/195/1
f 2907/2226/1 2916/2225/1 2908/543/1
f 2907/2226/1 2917/2227/1 2916/2225/1
f 2906/2228/1 2917/2227/1 2907/2226/1
f 2906/2228/1 2984/3/1 2917/2227/1
f 2984/3/1 2918/2229/1 2917/2227/1
f 2906/2228/1 2937/2230/1 2984/3/1
f 2983/2231/1 2918/2229/1 2984/3/1
f 2906/2228/1 2938/2232/1 2937/2230/1
f 2982/2233/1 2918/2229/1 2983/2231/1
f 2905/2234/1 2938/2232/1 2906/2228/1
f 2982/2233/1 2919/222/1 2918/2229/1
f 2905/2234/1 2939/280/1 2938/2232/1
f 2981/2235/1 2919/222/1 2982/2233/1
f 2905/2234/1 2940/2236/1 2939/280/1
f 2980/2237/1 2919/222/1 2981/2235/1
f 2905/2234/1 2941/2238/1 2940/2236/1
f 2979/149/1 2919/222/1 2980/2237/1
f 2904/172/1 2941/2238/1 2905/2234/1
f 2979/149/1 2920/2239/1 2919/222/1
f 2904/172/1 2942/2240/1 2941/2238/1
f 2978/2241/1 2920/2239/1 2979/149/1
f 2904/172/1 2943/2242/1 2942/2240/1
f 2977/2243/1 2920/2239/1 2978/2241/1
f 2903/2244/1 2943/2242/1 2904/172/1
f 2977/2243/1 2921/2245/1 2920/2239/1
f 2903/2244/1 2944/259/1 2943/2242/1
f 2976/2246/1 2921/2245/1 2977/2243/1
f 2902/2247/1 2944/259/1 2903/2244/1
f 2976/2246/1 2922/2248/1 2921/2245/1
f 2902/2247/1 2945/2249/1 2944/259/1
f 2975/2250/1 2922/2248/1 2976/2246/1
f 2902/2247/1 2946/493/1 2945/2249/1
f 2974/164/1 2922/2248/1 2975/2250/1
f 2901/2251/1 2946/493/1 2902/2247/1
f 2974/164/1 2923/2252/1 2922/2248/1
f 2901/2251/1 2947/2253/1 2946/493/1
f 2973/2254/1 2923/2252/1 2974/164/1
f 2900/2255/1 2947/2253/1 2901/2251/1
f 2973/2254/1 2924/224/1 2923/2252/1
f 2900/2255/1 2948/2256/1 2947/2253/1
f 2972/2257/1 2924/224/1 2973/2254/1
f 2899/129/1 2948/2256/1 2900/2255/1
f 2899/129/1 2949/235/1 2948/2256/1
f 2971/2258/1 2924/224/1 2972/2257/1
f 2971/2258/1 2925/2259/1 2924/224/1
f 2899/129/1 2950/2260/1 2949/235/1
f 2970/2261/1 2925/2259/1 2971/2258/1
f 2898/2262/1 2950/2260/1 2899/129/1
f 2970/2261/1 2926/2263/1 2925/2259/1
f 2898/2262/1 2951/2264/1 2950/2260/1
f 2969/177/1 2926/2263/1 2970/2261/1
f 2897/2265/1 2951/2264/1 2898/2262/1
f 2969/177/1 2927/524/1 2926/2263/1
f 2968/2266/1 2927/524/1 2969/177/1
f 2897/2265/1 2952/2267/1 2951/2264/1
f 2967/2268/1 2927/524/1 2968/2266/1
f 2897/2265/1 2953/2269/1 2952/2267/1
f 2896/2270/1 2953/2269/1 2897/2265/1
f 2967/2268/1 2928/2271/1 2927/524/1
f 2966/2272/1 2928/2271/1 2967/2268/1
f 2896/2270/1 2954/257/1 2953/2269/1
f 2895/2273/1 2954/257/1 2896/2270/1
f 2966/2272/1 2929/265/1 2928/2271/1
f 2965/618/1 2929/265/1 2966/2272/1
f 2895/2273/1 2955/2274/1 2954/257/1
f 2964/187/1 2929/265/1 2965/618/1
f 2895/2273/1 2956/2275/1 2955/2274/1
f 2894/138/1 2956/2275/1 2895/2273/1
f 2964/187/1 2930/2276/1 2929/265/1
f 2963/2277/1 2930/2276/1 2964/187/1
f 2894/138/1 2957/2278/1 2956/2275/1
f 2962/2279/1 2930/2276/1 2963/2277/1
f 2894/138/1 2958/2280/1 2957/2278/1
f 2961/2281/1 2930/2276/1 2962/2279/1
f 2894/138/1 2959/232/1 2958/2280/1
f 2893/2282/1 2959/232/1 2894/138/1
f 2961/2281/1 2931/2283/1 2930/2276/1
f 2960/2284/1 2931/2283/1 2961/2281/1
f 2893/2282/1 2960/2284/1 2959/232/1
f 2893/2282/1 2931/2283/1 2960/2284/1
f 2892/2285/1 2931/2283/1 2893/2282/1
f 2892/2285/1 2932/2286/1 2931/2283/1
f 2891/2287/1 2932/2286/1 2892/2285/1
f 2891/2287/1 2933/2288/1 2932/2286/1
f 2890/2289/1 2933/2288/1 2891/2287/1
f 2890/2289/1 2934/290/1 2933/2288/1
f 2889/101/1 2934/290/1 2890/2289/1
f 2889/101/1 2935/2290/1 2934/290/1
f 2936/2291/1 2935/2290/1 2889/101/1
f 2985/101/1 2987/247/1 2986/218/1
f 2985/101/1 2988/3/1 2987/247/1
f 3109/1/4 3110/3/4 3037/2/4
f 3108/4/4 3109/1/4 3037/2/4
f 3108/4/4 3037/2/4 3038/5/4
f 3107/6/4 3108/4/4 3038/5/4
f 3107/6/4 3038/5/4 3039/7/4
f 3106/8/4 3107/6/4 3039/7/4
f 3106/8/4 3039/7/4 3040/9/4
f 3105/10/4 3106/8/4 3040/9/4
f 3105/10/4 3040/9/4 3041/11/4
f 3104/12/4 3105/10/4 3041/11/4
f 3104/12/4 3041/11/4 3042/13/4
f 3103/14/4 3104/12/4 3042/13/4
f 3103/14/4 3042/13/4 3043/15/4
f 3102/16/4 3103/14/4 3043/15/4
f 3102/16/4 3043/15/4 3044/17/4
f 3101/18/4 3102/16/4 3044/17/4
f 3101/18/4 3044/17/4 3045/19/4
f 3100/20/4 3101/18/4 3045/19/4
f 3100/20/4 3045/19/4 3046/21/4
f 3099/22/4 3100/20/4 3046/21/4
f 3099/22/4 3046/21/4 3047/23/4
f 3098/24/4 3099/22/4 3047/23/4
f 3098/24/4 3047/23/4 3048/25/4
f 3097/26/4 3098/24/4 3048/25/4
f 3097/26/4 3048/25/4 3049/27/4
f 3097/26/4 3049/27/4 3050/28/4
f 3096/29/4 3097/26/4 3050/28/4
f 3096/29/4 3050/28/4 3051/30/4
f 3095/31/4 3096/29/4 3051/30/4
f 3095/31/4 3051/30/4 3052/32/4
f 3094/33/4 3095/31/4 3052/32/4
f 3094/33/4 3052/32/4 3053/34/4
f 3093/35/4 3094/33/4 3053/34/4
f 3092/36/4 3093/35/4 3053/34/4
f 3092/36/4 3053/34/4 3054/37/4
f 3091/38/4 3092/36/4 3054/37/4
f 3091/38/4 3054/37/4 3055/39/4
f 3090/40/4 3091/38/4 3055/39/4
f 3090/40/4 3055/39/4 3056/41/4
f 3089/42/4 3090/40/4 3056/41/4
f 3089/42/4 3056/41/4 3057/43/4
f 3088/44/4 3089/42/4 3057/43/4
f 3088/44/4 3057/43/4 3058/45/4
f 3087/46/4 3088/44/4 3058/45/4
f 3087/46/4 3058/45/4 3059/47/4
f 3086/48/4 3087/46/4 3059/47/4
f 3086/48/4 3059/47/4 3060/49/4
f 3085/50/4 3086/48/4 3060/49/4
f 3085/50/4 3060/49/4 3061/51/4
f 3084/52/4 3085/50/4 3061/51/4
f 3084/52/4 3061/51/4 3062/53/4
f 3083/54/4 3084/52/4 3062/53/4
f 3083/54/4 3062/53/4 3063/55/4
f 3082/56/4 3083/54/4 3063/55/4
f 3082/56/4 3063/55/4 3064/57/4
f 3081/58/4 3082/56/4 3064/57/4
f 3081/58/4 3064/57/4 3065/59/4
f 3080/60/4 3081/58/4 3065/59/4
f 3080/60/4 3065/59/4 3066/61/4
f 3079/62/4 3080/60/4 3066/61/4
f 3079/62/4 3066/61/4 3067/63/4
f 3078/64/4 3079/62/4 3067/63/4
f 3078/64/4 3067/63/4 3068/65/4
f 3077/66/4 3078/64/4 3068/65/4
f 3077/66/4 3068/65/4 3069/67/4
f 3076/68/4 3077/66/4 3069/67/4
f 3076/68/4 3069/67/4 3070/69/4
f 3075/70/4 3076/68/4 3070/69/4
f 3075/70/4 3070/69/4 3071/71/4
f 3074/72/4 3075/70/4 3071/71/4
f 3074/72/4 3071/71/4 3072/73/4
f 3073/74/4 3074/72/4 3072/73/4
f 3023/75/4 3024/77/4 3025/76/4
f 3022/78/4 3023/75/4 3025/76/4
f 3022/78/4 3025/76/4 3026/79/4
f 3021/80/4 3022/78/4 3026/79/4
f 3021/80/4 3026/79/4 3027/81/4
f 3020/82/4 3021/80/4 3027/81/4
f 3020/82/4 3027/81/4 3028/83/4
f 3019/84/4 3020/82/4 3028/83/4
f 3019/84/4 3028/83/4 3029/85/4
f 3018/86/4 3019/84/4 3029/85/4
f 3018/86/4 3029/85/4 3030/87/4
f 3017/88/4 3018/86/4 3030/87/4
f 3017/88/4 3030/87/4 3031/89/4
f 3016/90/4 3017/88/4 3031/89/4
f 3016/90/4 3031/89/4 3032/91/4
f 3015/92/4 3016/90/4 3032/91/4
f 3015/92/4 3032/91/4 3033/93/4
f 3014/94/4 3015/92/4 3033/93/4
f 3014/94/4 3033/93/4 3034/95/4
f 3013/96/4 3014/94/4 3034/95/4
f 3013/96/4 3034/95/4 3035/97/4
f 3012/98/4 3013/96/4 3035/97/4
f 3012/98/4 3035/97/4 3036/99/4
f 3011/100/4 3012/98/4 3036/99/4
f 3011/100/4 3036/99/4 2989/101/4
f 3010/102/4 3011/100/4 2989/101/4
f 3010/102/4 2989/101/4 2990/103/4
f 3009/104/4 3010/102/4 2990/103/4
f 3009/104/4 2990/103/4 2991/105/4
f 3008/106/4 3009/104/4 2991/105/4
f 3008/106/4 2991/105/4 2992/107/4
f 3007/108/4 3008/106/4 2992/107/4
f 3007/108/4 2992/107/4 2993/109/4
f 3006/110/4 3007/108/4 2993/109/4
f 3006/110/4 2993/109/4 2994/111/4
f 3005/112/4 3006/110/4 2994/111/4
f 3005/112/4 2994/111/4 2995/113/4
f 3004/114/4 3005/112/4 2995/113/4
f 3004/114/4 2995/113/4 2996/115/4
f 3003/116/4 3004/114/4 2996/115/4
f 3003/116/4 2996/115/4 2997/117/4
f 3002/118/4 3003/116/4 2997/117/4
f 3002/118/4 2997/117/4 2998/119/4
f 3001/120/4 3002/118/4 2998/119/4
f 3001/120/4 2998/119/4 2999/121/4
f 3000/122/4 3001/120/4 2999/121/4
f 3231/1/4 3232/3/4 3159/2/4
f 3230/4/4 3231/1/4 3159/2/4
f 3230/4/4 3159/2/4 3160/5/4
f 3229/6/4 3230/4/4 3160/5/4
f 3229/6/4 3160/5/4 3161/7/4
f 3228/8/4 3229/6/4 3161/7/4
f 3228/8/4 3161/7/4 3162/9/4
f 3227/10/4 3228/8/4 3162/9/4
f 3227/10/4 3162/9/4 3163/11/4
f 3226/12/4 3227/10/4 3163/11/4
f 3226/12/4 3163/11/4 3164/13/4
f 3225/14/4 3226/12/4 3164/13/4
f 3225/14/4 3164/13/4 3165/15/4
f 3224/16/4 3225/14/4 3165/15/4
f 3224/16/4 3165/15/4 3166/17/4
f 3223/18/4 3224/16/4 3166/17/4
f 3223/18/4 3166/17/4 3167/19/4
f 3222/20/4 3223/18/4 3167/19/4
f 3222/20/4 3167/19/4 3168/21/4
f 3221/22/4 3222/20/4 3168/21/4
f 3221/22/4 3168/21/4 3169/23/4
f 3220/24/4 3221/22/4 3169/23/4
f 3220/24/4 3169/23/4 3170/25/4
f 3219/26/4 3220/24/4 3170/25/4
f 3219/26/4 3170/25/4 3171/27/4
f 3219/26/4 3171/27/4 3172/28/4
f 3218/29/4 3219/26/4 3172/28/4
f 3218/29/4 3172/28/4 3173/30/4
f 3217/31/4 3218/29/4 3173/30/4
f 3217/31/4 3173/30/4 3174/32/4
f 3216/33/4 3217/31/4 3174/32/4
f 3216/33/4 3174/32/4 3175/34/4
f 3215/35/4 3216/33/4 3175/34/4
f 3214/36/4 3215/35/4 3175/34/4
f 3214/36/4 3175/34/4 3176/37/4
f 3213/38/4 3214/36/4 3176/37/4
f 3213/38/4 3176/37/4 3177/39/4
f 3212/40/4 3213/38/4 3177/39/4
f 3212/40/4 3177/39/4 3178/41/4
f 3211/42/4 3212/40/4 3178/41/4
f 3211/42/4 3178/41/4 3179/43/4
f 3210/44/4 3211/42/4 3179/43/4
f 3210/44/4 3179/43/4 3180/45/4
f 3209/46/4 3210/44/4 3180/45/4
f 3209/46/4 3180/45/4 3181/47/4
f 3208/48/4 3209/46/4 3181/47/4
f 3208/48/4 3181/47/4 3182/49/4
f 3207/50/4 3208/48/4 3182/49/4
f 3207/50/4 3182/49/4 3183/51/4
f 3206/52/4 3207/50/4 3183/51/4
f 3206/52/4 3183/51/4 3184/53/4
f 3205/54/4 3206/52/4 3184/53/4
f 3205/54/4 3184/53/4 3185/55/4
f 3204/56/4 3205/54/4 3185/55/4
f 3204/56/4 3185/55/4 3186/57/4
f 3203/58/4 3204/56/4 3186/57/4
f 3203/58/4 3186/57/4 3187/59/4
f 3202/60/4 3203/58/4 3187/59/4
f 3202/60/4 3187/59/4 3188/61/4
f 3201/62/4 3202/60/4 3188/61/4
f 3201/62/4 3188/61/4 3189/63/4
f 3200/64/4 3201/62/4 3189/63/4
f 3200/64/4 3189/63/4 3190/65/4
f 3199/66/4 3200/64/4 3190/65/4
f 3199/66/4 3190/65/4 3191/67/4
f 3198/68/4 3199/66/4 3191/67/4
f 3198/68/4 3191/67/4 3192/69/4
f 3197/70/4 3198/68/4 3192/69/4
f 3197/70/4 3192/69/4 3193/71/4
f 3196/72/4 3197/70/4 3193/71/4
f 3196/72/4 3193/71/4 3194/73/4
f 3195/74/4 3196/72/4 3194/73/4
f 3145/75/4 3146/77/4 3147/76/4
f 3144/78/4 3145/75/4 3147/76/4
f 3144/78/4 3147/76/4 3148/79/4
f 3143/80/4 3144/78/4 3148/79/4
f 3143/80/4 3148/79/4 3149/81/4
f 3142/82/4 3143/80/4 3149/81/4
f 3142/82/4 3149/81/4 3150/83/4
f 3141/84/4 3142/82/4 3150/83/4
f 3141/84/4 3150/83/4 3151/85/4
f 3140/86/4 3141/84/4 3151/85/4
f 3140/86/4 3151/85/4 3152/87/4
f 3139/88/4 3140/86/4 3152/87/4
f 3139/88/4 3152/87/4 3153/89/4
f 3138/90/4 3139/88/4 3153/89/4
f 3138/90/4 3153/89/4 3154/91/4
f 3137/92/4 3138/90/4 3154/91/4
f 3137/92/4 3154/91/4 3155/93/4
f 3136/94/4 3137/92/4 3155/93/4
f 3136/94/4 3155/93/4 3156/95/4
f 3135/96/4 3136/94/4 3156/95/4
f 3135/96/4 3156/95/4 3157/97/4
f 3134/98/4 3135/96/4 3157/97/4
f 3134/98/4 3157/97/4 3158/99/4
f 3133/100/4 3134/98/4 3158/99/4
f 3133/100/4 3158/99/4 3111/101/4
f 3132/102/4 3133/100/4 3111/101/4
f 3132/102/4 3111/101/4 3112/103/4
f 3131/104/4 3132/102/4 3112/103/4
f 3131/104/4 3112/103/4 3113/105/4
f 3130/106/4 3131/104/4 3113/105/4
f 3130/106/4 3113/105/4 3114/107/4
f 3129/108/4 3130/106/4 3114/107/4
f 3129/108/4 3114/107/4 3115/109/4
f 3128/110/4 3129/108/4 3115/109/4
f 3128/110/4 3115/109/4 3116/111/4
f 3127/112/4 3128/110/4 3116/111/4
f 3127/112/4 3116/111/4 3117/113/4
f 3126/114/4 3127/112/4 3117/113/4
f 3126/114/4 3117/113/4 3118/115/4
f 3125/116/4 3126/114/4 3118/115/4
f 3125/116/4 3118/115/4 3119/117/4
f 3124/118/4 3125/116/4 3119/117/4
f 3124/118/4 3119/117/4 3120/119/4
f 3123/120/4 3124/118/4 3120/119/4
f 3123/120/4 3120/119/4 3121/121/4
f 3122/122/4 3123/120/4 3121/121/4
f 3255/123/4 3256/125/4 3257/124/4
f 3254/126/4 3255/123/4 3257/124/4
f 3253/127/4 3254/126/4 3257/124/4
f 3252/128/4 3253/127/4 3257/124/4
f 3251/129/4 3252/128/4 3257/124/4
f 3250/130/4 3251/129/4 3257/124/4
f 3249/131/4 3250/130/4 3257/124/4
f 3248/132/4 3249/131/4 3257/124/4
f 3247/133/4 3248/132/4 3257/124/4
f 3246/134/4 3247/133/4 3257/124/4
f 3245/135/4 3246/134/4 3257/124/4
f 3244/136/4 3245/135/4 3257/124/4
f 3243/137/4 3244/136/4 3257/124/4
f 3242/138/4 3243/137/4 3257/124/4
f 3241/139/4 3242/138/4 3257/124/4
f 3240/140/4 3241/139/4 3257/124/4
f 3239/141/4 3240/140/4 3257/124/4
f 3238/142/4 3239/141/4 3257/124/4
f 3237/143/4 3238/142/4 3257/124/4
f 3391/144/4 3392/146/4 3393/145/4
f 3391/144/4 3393/145/4 3394/147/4
f 3236/148/4 3237/143/4 3257/124/4
f 3391/144/4 3394/147/4 3395/149/4
f 3391/144/4 3395/149/4 3396/150/4
f 3235/151/4 3236/148/4 3257/124/4
f 3391/144/4 3396/150/4 3397/152/4
f 3391/144/4 3397/152/4 3398/153/4
f 3234/154/4 3235/151/4 3257/124/4
f 3391/144/4 3398/153/4 3399/155/4
f 3391/144/4 3399/155/4 3400/156/4
f 3233/101/4 3234/154/4 3257/124/4
f 3391/144/4 3400/156/4 3401/157/4
f 3391/144/4 3401/157/4 3402/158/4
f 3404/3/4 3233/101/4 3257/124/4
f 3391/144/4 3402/158/4 3403/159/4
f 3391/144/4 3403/159/4 3404/3/4
f 3391/144/4 3404/3/4 3390/160/4
f 3390/160/4 3404/3/4 3389/161/4
f 3389/161/4 3404/3/4 3388/162/4
f 3388/162/4 3404/3/4 3387/163/4
f 3387/163/4 3404/3/4 3386/164/4
f 3386/164/4 3404/3/4 3385/165/4
f 3385/165/4 3404/3/4 3384/166/4
f 3384/166/4 3404/3/4 3383/167/4
f 3383/167/4 3404/3/4 3382/168/4
f 3382/168/4 3404/3/4 3257/124/4
f 3382/168/7 3257/124/7 3381/169/7
f 3381/169/4 3257/124/4 3258/170/4
f 3381/169/4 3258/170/4 3259/171/4
f 3381/169/4 3259/171/4 3260/172/4
f 3381/169/4 3260/172/4 3380/173/4
f 3380/173/4 3260/172/4 3261/174/4
f 3380/173/4 3261/174/4 3378/175/4
f 3378/175/4 3261/174/4 3262/176/4
f 3378/175/4 3262/176/4 3377/177/4
f 3377/177/4 3262/176/4 3376/178/4
f 3376/178/4 3262/176/4 3375/179/4
f 3375/179/4 3262/176/4 3263/180/4
f 3375/179/4 3263/180/4 3374/181/4
f 3374/181/4 3263/180/4 3367/182/4
f 3367/182/4 3263/180/4 3264/183/4
f 3367/182/4 3264/183/4 3265/184/4
f 3367/182/4 3265/184/4 3266/185/4
f 3374/181/4 3367/182/4 3373/186/4
f 3373/186/4 3367/182/4 3368/187/4
f 3366/188/4 3367/182/4 3266/185/4
f 3373/186/4 3368/187/4 3369/189/4
f 3373/186/4 3369/189/4 3372/190/4
f 3372/190/8 3369/189/8 3370/191/8
f 3366/188/4 3266/185/4 3267/192/4
f 3372/190/4 3370/191/4 3371/193/4
f 3366/188/4 3267/192/4 3268/194/4
f 3366/188/4 3268/194/4 3269/195/4
f 3366/188/4 3269/195/4 3270/196/4
f 3380/173/7 3378/175/7 3379/197/7
f 3365/198/4 3366/188/4 3270/196/4
f 3365/198/4 3270/196/4 3271/199/4
f 3365/198/4 3271/199/4 3272/200/4
f 3364/201/4 3365/198/4 3272/200/4
f 3364/201/4 3272/200/4 3273/202/4
f 3364/201/4 3273/202/4 3274/203/4
f 3363/204/4 3364/201/4 3274/203/4
f 3363/204/4 3274/203/4 3275/205/4
f 3363/204/4 3275/205/4 3276/206/4
f 3362/207/4 3363/204/4 3276/206/4
f 3362/207/4 3276/206/4 3277/208/4
f 3361/209/4 3362/207/4 3277/208/4
f 3361/209/4 3277/208/4 3278/210/4
f 3361/209/4 3278/210/4 3279/211/4
f 3361/209/4 3279/211/4 3280/212/4
f 3360/213/4 3361/209/4 3280/212/4
f 3292/214/4 3293/216/4 3294/215/4
f 3291/217/4 3292/214/4 3294/215/4
f 3290/218/4 3291/217/4 3294/215/4
f 3289/219/4 3290/218/4 3294/215/4
f 3289/219/4 3294/215/4 3295/220/4
f 3288/221/4 3289/219/4 3295/220/4
f 3287/222/4 3288/221/4 3295/220/4
f 3286/223/4 3287/222/4 3295/220/4
f 3286/223/4 3295/220/4 3296/224/4
f 3285/225/4 3286/223/4 3296/224/4
f 3360/213/4 3280/212/4 3281/226/4
f 3284/227/4 3285/225/4 3296/224/4
f 3283/228/4 3284/227/4 3296/224/4
f 3283/228/4 3296/224/4 3297/229/4
f 3282/230/4 3283/228/4 3297/229/4
f 3281/226/4 3282/230/4 3297/229/4
f 3360/213/4 3281/226/4 3297/229/4
f 3360/213/4 3297/229/4 3298/231/4
f 3359/232/4 3360/213/4 3298/231/4
f 3359/232/4 3298/231/4 3342/233/4
f 3342/233/4 3298/231/4 3299/234/4
f 3342/233/4 3299/234/4 3341/235/4
f 3341/235/4 3299/234/4 3300/236/4
f 3359/232/4 3342/233/4 3343/237/4
f 3340/238/4 3341/235/4 3300/236/4
f 3359/232/4 3343/237/4 3344/239/4
f 3358/240/4 3359/232/4 3344/239/4
f 3339/241/4 3340/238/4 3300/236/4
f 3358/240/4 3344/239/4 3345/242/4
f 3338/243/4 3339/241/4 3300/236/4
f 3358/240/4 3345/242/4 3346/244/4
f 3338/243/4 3300/236/4 3301/245/4
f 3337/246/4 3338/243/4 3301/245/4
f 3358/240/4 3346/244/4 3347/247/4
f 3336/248/4 3337/246/4 3301/245/4
f 3358/240/4 3347/247/4 3348/249/4
f 3336/248/4 3301/245/4 3302/250/4
f 3357/251/4 3358/240/4 3348/249/4
f 3335/252/4 3336/248/4 3302/250/4
f 3357/251/4 3348/249/4 3349/253/4
f 3334/254/4 3335/252/4 3302/250/4
f 3334/254/4 3302/250/4 3303/255/4
f 3333/256/4 3334/254/4 3303/255/4
f 3357/251/4 3349/253/4 3350/257/4
f 3356/258/4 3357/251/4 3350/257/4
f 3332/259/4 3333/256/4 3303/255/4
f 3332/259/4 3303/255/4 3304/260/4
f 3356/258/4 3350/257/4 3351/261/4
f 3355/262/4 3356/258/4 3351/261/4
f 3331/263/4 3332/259/4 3304/260/4
f 3355/262/4 3351/261/4 3352/264/4
f 3331/263/4 3304/260/4 3305/265/4
f 3330/266/4 3331/263/4 3305/265/4
f 3354/267/4 3355/262/4 3353/268/4
f 3353/268/4 3355/262/4 3352/264/4
f 3329/269/4 3330/266/4 3305/265/4
f 3329/269/4 3305/265/4 3306/270/4
f 3328/271/4 3329/269/4 3306/270/4
f 3328/271/4 3306/270/4 3307/272/4
f 3327/273/4 3328/271/4 3307/272/4
f 3327/273/4 3307/272/4 3308/274/4
f 3326/275/4 3327/273/4 3308/274/4
f 3325/276/4 3326/275/4 3308/274/4
f 3325/276/4 3308/274/4 3309/277/4
f 3324/278/4 3325/276/4 3309/277/4
f 3324/278/4 3309/277/4 3310/279/4
f 3323/280/4 3324/278/4 3310/279/4
f 3322/281/4 3323/280/4 3310/279/4
f 3321/282/4 3322/281/4 3310/279/4
f 3317/283/4 3318/285/4 3319/284/4
f 3321/282/4 3310/279/4 3311/286/4
f 3320/287/4 3321/282/4 3311/286/4
f 3317/283/4 3319/284/4 3320/287/4
f 3317/283/4 3320/287/4 3311/286/4
f 3317/283/4 3311/286/4 3312/288/4
f 3317/283/4 3312/288/4 3313/289/4
f 3317/283/4 3313/289/4 3314/290/4
f 3317/283/4 3314/290/4 3315/291/4
f 3316/292/4 3317/283/4 3315/291/4
f 3488/293/4 3489/295/4 3490/294/4
f 3488/293/4 3490/294/4 3491/296/4
f 3487/297/4 3488/293/4 3491/296/4
f 3487/297/4 3491/296/4 3492/298/4
f 3486/299/4 3487/297/4 3492/298/4
f 3486/299/4 3492/298/4 3493/300/4
f 3485/301/4 3486/299/4 3493/300/4
f 3485/301/4 3493/300/4 3494/302/4
f 3484/303/4 3485/301/4 3494/302/4
f 3484/303/4 3494/302/4 3495/304/4
f 3483/305/4 3484/303/4 3495/304/4
f 3483/305/4 3495/304/4 3496/306/4
f 3482/307/4 3483/305/4 3496/306/4
f 3482/307/4 3496/306/4 3497/308/4
f 3481/309/4 3482/307/4 3497/308/4
f 3481/309/4 3497/308/4 3498/310/4
f 3480/311/4 3481/309/4 3498/310/4
f 3480/311/4 3498/310/4 3499/312/4
f 3479/313/4 3480/311/4 3499/312/4
f 3479/313/4 3499/312/4 3500/314/4
f 3478/315/4 3479/313/4 3500/314/4
f 3478/315/4 3500/314/4 3501/316/4
f 3477/317/4 3478/315/4 3501/316/4
f 3477/317/4 3501/316/4 3502/3/4
f 3476/318/4 3477/317/4 3502/3/4
f 3476/318/4 3502/3/4 3405/101/4
f 3475/319/4 3476/318/4 3405/101/4
f 3475/319/4 3405/101/4 3406/320/4
f 3474/321/4 3475/319/4 3406/320/4
f 3474/321/4 3406/320/4 3407/322/4
f 3473/323/4 3474/321/4 3407/322/4
f 3473/323/4 3407/322/4 3408/324/4
f 3472/325/4 3473/323/4 3408/324/4
f 3472/325/4 3408/324/4 3409/326/4
f 3471/327/4 3472/325/4 3409/326/4
f 3471/327/4 3409/326/4 3410/328/4
f 3471/327/4 3410/328/4 3411/329/4
f 3470/330/4 3471/327/4 3411/329/4
f 3470/330/4 3411/329/4 3412/331/4
f 3469/332/4 3470/330/4 3412/331/4
f 3469/332/4 3412/331/4 3413/333/4
f 3468/334/4 3469/332/4 3413/333/4
f 3468/334/4 3413/333/4 3414/335/4
f 3467/336/4 3468/334/4 3414/335/4
f 3467/336/4 3414/335/4 3415/337/4
f 3466/338/4 3467/336/4 3415/337/4
f 3439/339/4 3440/341/4 3441/340/4
f 3466/338/4 3415/337/4 3416/342/4
f 3438/343/4 3439/339/4 3441/340/4
f 3465/344/4 3466/338/4 3416/342/4
f 3437/345/4 3438/343/4 3441/340/4
f 3465/344/4 3416/342/4 3417/346/4
f 3464/347/4 3465/344/4 3417/346/4
f 3437/345/4 3441/340/4 3442/348/4
f 3436/349/4 3437/345/4 3442/348/4
f 3464/347/4 3417/346/4 3418/350/4
f 3436/349/4 3442/348/4 3443/351/4
f 3435/352/4 3436/349/4 3443/351/4
f 3463/353/4 3464/347/4 3418/350/4
f 3463/353/4 3418/350/4 3419/354/4
f 3435/352/4 3443/351/4 3444/355/4
f 3434/356/4 3435/352/4 3444/355/4
f 3463/353/4 3419/354/4 3420/357/4
f 3462/358/4 3463/353/4 3420/357/4
f 3433/359/4 3434/356/4 3444/355/4
f 3433/359/4 3444/355/4 3445/360/4
f 3462/358/4 3420/357/4 3421/361/4
f 3432/362/4 3433/359/4 3445/360/4
f 3462/358/4 3421/361/4 3422/363/4
f 3432/362/4 3445/360/4 3446/364/4
f 3461/365/4 3462/358/4 3422/363/4
f 3461/365/4 3422/363/4 3423/366/4
f 3431/367/4 3432/362/4 3446/364/4
f 3461/365/4 3423/366/4 3424/368/4
f 3430/369/4 3431/367/4 3446/364/4
f 3430/369/4 3446/364/4 3447/370/4
f 3461/365/4 3424/368/4 3425/371/4
f 3460/372/4 3461/365/4 3425/371/4
f 3429/373/4 3430/369/4 3447/370/4
f 3460/372/4 3425/371/4 3426/374/4
f 3460/372/4 3426/374/4 3427/375/4
f 3428/376/4 3429/373/4 3447/370/4
f 3460/372/4 3427/375/4 3428/376/4
f 3460/372/4 3428/376/4 3447/370/4
f 3460/372/4 3447/370/4 3448/377/4
f 3459/378/4 3460/372/4 3448/377/4
f 3459/378/4 3448/377/4 3449/379/4
f 3458/380/4 3459/378/4 3449/379/4
f 3458/380/4 3449/379/4 3450/381/4
f 3457/382/4 3458/380/4 3450/381/4
f 3456/383/4 3457/382/4 3450/381/4
f 3456/383/4 3450/381/4 3451/384/4
f 3455/385/4 3456/383/4 3451/384/4
f 3455/385/4 3451/384/4 3452/386/4
f 3454/387/4 3455/385/4 3452/386/4
f 3454/387/4 3452/386/4 3453/388/4
f 3665/389/4 3666/391/4 3637/390/4
f 3665/389/4 3637/390/4 3638/392/4
f 3664/393/4 3665/389/4 3638/392/4
f 3664/393/4 3638/392/4 3639/394/4
f 3635/395/4 3636/397/4 3566/396/4
f 3663/398/4 3664/393/4 3639/394/4
f 3663/398/4 3639/394/4 3640/399/4
f 3634/400/4 3635/395/4 3566/396/4
f 3662/401/4 3663/398/4 3640/399/4
f 3662/401/4 3640/399/4 3641/402/4
f 3633/403/4 3634/400/4 3566/396/4
f 3661/404/4 3662/401/4 3641/402/4
f 3632/405/4 3633/403/4 3566/396/4
f 3661/404/4 3641/402/4 3642/406/4
f 3660/407/4 3661/404/4 3642/406/4
f 3631/408/4 3632/405/4 3566/396/4
f 3659/409/4 3660/407/4 3642/406/4
f 3659/409/4 3642/406/4 3643/410/4
f 3630/411/4 3631/408/4 3566/396/4
f 3658/412/4 3659/409/4 3643/410/4
f 3658/412/4 3643/410/4 3644/413/4
f 3629/414/4 3630/411/4 3566/396/4
f 3657/415/4 3658/412/4 3644/413/4
f 3628/416/4 3629/414/4 3566/396/4
f 3657/415/4 3644/413/4 3645/417/4
f 3628/416/4 3566/396/4 3567/418/4
f 3656/419/4 3657/415/4 3645/417/4
f 3627/420/4 3628/416/4 3567/418/4
f 3656/419/4 3645/417/4 3646/421/4
f 3626/422/4 3627/420/4 3567/418/4
f 3626/422/4 3567/418/4 3568/423/4
f 3655/424/4 3656/419/4 3646/421/4
f 3625/425/4 3626/422/4 3568/423/4
f 3655/424/4 3646/421/4 3647/426/4
f 3625/425/4 3568/423/4 3569/427/4
f 3654/428/4 3655/424/4 3647/426/4
f 3624/429/4 3625/425/4 3569/427/4
f 3624/429/4 3569/427/4 3570/430/4
f 3623/431/4 3624/429/4 3578/432/4
f 3578/432/4 3624/429/4 3570/430/4
f 3654/428/4 3647/426/4 3648/433/4
f 3653/434/4 3654/428/4 3648/433/4
f 3578/432/4 3570/430/4 3571/435/4
f 3651/436/4 3652/437/4 3653/434/4
f 3651/436/4 3653/434/4 3648/433/4
f 3651/436/4 3648/433/4 3649/438/4
f 3651/436/4 3649/438/4 3650/439/4
f 3578/432/4 3571/435/4 3572/440/4
f 3578/432/4 3572/440/4 3573/441/4
f 3578/432/4 3573/441/4 3574/442/4
f 3578/432/4 3574/442/4 3575/443/4
f 3578/432/4 3575/443/4 3576/444/4
f 3578/432/4 3576/444/4 3577/445/4
f 3623/431/4 3578/432/4 3579/446/4
f 3765/447/4 3766/449/4 3767/448/4
f 3792/450/4 3793/3/4 3768/451/4
f 3764/452/4 3765/447/4 3767/448/4
f 3792/450/4 3768/451/4 3769/453/4
f 3764/452/4 3767/448/4 3667/454/4
f 3791/455/4 3792/450/4 3769/453/4
f 3763/456/4 3764/452/4 3667/454/4
f 3791/455/4 3769/453/4 3770/457/4
f 3763/456/4 3667/454/4 3668/458/4
f 3790/459/4 3791/455/4 3770/457/4
f 3790/459/4 3770/457/4 3771/460/4
f 3762/461/4 3763/456/4 3668/458/4
f 3789/462/4 3790/459/4 3771/460/4
f 3762/461/4 3668/458/4 3669/463/4
f 3789/462/4 3771/460/4 3772/464/4
f 3761/465/4 3762/461/4 3669/463/4
f 3788/466/4 3789/462/4 3772/464/4
f 3761/465/4 3669/463/4 3670/467/4
f 3788/466/4 3772/464/4 3773/468/4
f 3787/469/4 3788/466/4 3773/468/4
f 3761/465/4 3670/467/4 3671/470/4
f 3760/471/4 3761/465/4 3671/470/4
f 3787/469/4 3773/468/4 3774/472/4
f 3786/473/4 3787/469/4 3774/472/4
f 3760/471/4 3671/470/4 3672/474/4
f 3759/475/4 3760/471/4 3672/474/4
f 3786/473/4 3774/472/4 3775/476/4
f 3759/475/4 3672/474/4 3673/477/4
f 3785/478/4 3786/473/4 3775/476/4
f 3758/479/4 3759/475/4 3673/477/4
f 3785/478/4 3775/476/4 3776/480/4
f 3758/479/4 3673/477/4 3674/481/4
f 3784/482/4 3785/478/4 3776/480/4
f 3757/483/4 3758/479/4 3674/481/4
f 3784/482/4 3776/480/4 3777/484/4
f 3757/483/4 3674/481/4 3675/485/4
f 3783/486/4 3784/482/4 3777/484/4
f 3783/486/4 3777/484/4 3778/487/4
f 3756/488/4 3757/483/4 3675/485/4
f 3756/488/4 3675/485/4 3676/489/4
f 3782/490/4 3783/486/4 3778/487/4
f 3782/490/4 3778/487/4 3779/491/4
f 3755/492/4 3756/488/4 3676/489/4
f 3755/492/4 3676/489/4 3677/493/4
f 3781/494/4 3782/490/4 3779/491/4
f 3781/494/4 3779/491/4 3780/495/4
f 3754/496/4 3755/492/4 3677/493/4
f 3754/496/4 3677/493/4 3678/497/4
f 3752/498/4 3753/499/4 3754/496/4
f 3752/498/4 3754/496/4 3678/497/4
f 3752/498/4 3678/497/4 3679/500/4
f 3752/498/4 3679/500/4 3680/501/4
f 3623/431/4 3579/446/4 3586/502/4
f 3586/502/4 3579/446/4 3580/503/4
f 3586/502/4 3580/503/4 3581/504/4
f 3751/505/1 3752/498/1 3680/501/1
f 3750/506/4 3751/505/4 3681/507/4
f 3681/507/1 3751/505/1 3680/501/1
f 3750/506/4 3681/507/4 3682/508/4
f 3623/431/4 3586/502/4 3587/509/4
f 3585/510/1 3586/502/1 3581/504/1
f 3584/511/4 3585/510/4 3582/512/4
f 3582/512/1 3585/510/1 3581/504/1
f 3584/511/4 3582/512/4 3583/513/4
f 3622/514/4 3623/431/4 3587/509/4
f 3622/514/4 3587/509/4 3588/515/4
f 3621/516/4 3622/514/4 3588/515/4
f 3621/516/4 3588/515/4 3589/517/4
f 3748/518/4 3749/519/4 3750/506/4
f 3748/518/4 3750/506/4 3682/508/4
f 3748/518/4 3682/508/4 3683/520/4
f 3748/518/4 3683/520/4 3684/521/4
f 3620/522/4 3621/516/4 3589/517/4
f 3620/522/4 3589/517/4 3590/523/4
f 3619/524/4 3620/522/4 3590/523/4
f 3619/524/4 3590/523/4 3591/525/4
f 3747/526/1 3748/518/1 3684/521/1
f 3746/527/4 3747/526/4 3685/528/4
f 3685/528/1 3747/526/1 3684/521/1
f 3746/527/4 3685/528/4 3686/529/4
f 3618/530/4 3619/524/4 3591/525/4
f 3618/530/4 3591/525/4 3592/531/4
f 3527/532/4 3528/533/4 3503/101/4
f 3563/534/4 3564/536/4 3565/535/4
f 3527/532/4 3503/101/4 3504/537/4
f 3617/538/4 3618/530/4 3592/531/4
f 3563/534/4 3565/535/4 3529/539/4
f 3562/540/4 3563/534/4 3529/539/4
f 3527/532/4 3504/537/4 3505/541/4
f 3526/542/4 3527/532/4 3505/541/4
f 3561/543/4 3562/540/4 3529/539/4
f 3561/543/4 3529/539/4 3530/544/4
f 3617/538/4 3592/531/4 3593/545/4
f 3526/542/4 3505/541/4 3506/546/4
f 3525/547/4 3526/542/4 3506/546/4
f 3560/548/4 3561/543/4 3530/544/4
f 3524/549/4 3525/547/4 3506/546/4
f 3524/549/4 3506/546/4 3507/550/4
f 3560/548/4 3530/544/4 3531/551/4
f 3616/552/4 3617/538/4 3593/545/4
f 3559/553/4 3560/548/4 3531/551/4
f 3523/554/4 3524/549/4 3507/550/4
f 3523/554/4 3507/550/4 3508/555/4
f 3559/553/4 3531/551/4 3532/556/4
f 3558/557/4 3559/553/4 3532/556/4
f 3616/552/4 3593/545/4 3594/558/4
f 3522/559/4 3523/554/4 3508/555/4
f 3522/559/4 3508/555/4 3509/560/4
f 3558/557/4 3532/556/4 3533/561/4
f 3615/562/4 3616/552/4 3594/558/4
f 3557/563/4 3558/557/4 3533/561/4
f 3522/559/4 3509/560/4 3510/564/4
f 3521/565/4 3522/559/4 3510/564/4
f 3557/563/4 3533/561/4 3534/566/4
f 3521/565/4 3510/564/4 3511/567/4
f 3556/568/4 3557/563/4 3534/566/4
f 3520/569/4 3521/565/4 3511/567/4
f 3520/569/4 3511/567/4 3512/570/4
f 3615/562/4 3594/558/4 3595/571/4
f 3555/572/4 3556/568/4 3534/566/4
f 3555/572/4 3534/566/4 3535/573/4
f 3519/574/4 3520/569/4 3512/570/4
f 3614/575/4 3615/562/4 3595/571/4
f 3519/574/4 3512/570/4 3513/576/4
f 3554/577/4 3555/572/4 3535/573/4
f 3518/578/4 3519/574/4 3513/576/4
f 3554/577/4 3535/573/4 3536/579/4
f 3518/578/4 3513/576/4 3514/580/4
f 3553/581/4 3554/577/4 3536/579/4
f 3517/582/4 3518/578/4 3514/580/4
f 3553/581/4 3536/579/4 3537/583/4
f 3517/582/4 3514/580/4 3516/584/4
f 3516/584/4 3514/580/4 3515/585/4
f 3552/586/4 3553/581/4 3537/583/4
f 3614/575/4 3595/571/4 3596/587/4
f 3613/588/4 3614/575/4 3596/587/4
f 3552/586/4 3537/583/4 3538/589/4
f 3551/590/4 3552/586/4 3538/589/4
f 3550/591/4 3551/590/4 3538/589/4
f 3549/592/4 3550/591/4 3538/589/4
f 3548/593/4 3549/592/4 3538/589/4
f 3547/594/4 3548/593/4 3538/589/4
f 3547/594/4 3538/589/4 3539/595/4
f 3546/596/4 3547/594/4 3539/595/4
f 3545/597/4 3546/596/4 3539/595/4
f 3544/598/4 3545/597/4 3539/595/4
f 3543/599/4 3544/598/4 3539/595/4
f 3543/599/4 3539/595/4 3542/600/4
f 3542/600/4 3539/595/4 3541/601/4
f 3541/601/4 3539/595/4 3540/602/4
f 3612/603/4 3613/588/4 3596/587/4
f 3612/603/4 3596/587/4 3597/604/4
f 3745/605/4 3746/527/4 3686/529/4
f 3745/605/4 3686/529/4 3687/606/4
f 3744/607/4 3745/605/4 3687/606/4
f 3743/608/4 3744/607/4 3687/606/4
f 3742/609/4 3743/608/4 3687/606/4
f 3741/610/4 3742/609/4 3687/606/4
f 3740/611/4 3741/610/4 3687/606/4
f 3740/611/4 3687/606/4 3688/612/4
f 3739/613/4 3740/611/4 3688/612/4
f 3738/614/4 3739/613/4 3688/612/4
f 3737/615/4 3738/614/4 3688/612/4
f 3611/616/4 3612/603/4 3597/604/4
f 3736/617/4 3737/615/4 3688/612/4
f 3735/618/4 3736/617/4 3688/612/4
f 3734/619/4 3735/618/4 3688/612/4
f 3721/620/4 3722/622/4 3723/621/4
f 3733/623/4 3734/619/4 3688/612/4
f 3721/620/4 3723/621/4 3724/624/4
f 3732/625/4 3733/623/4 3688/612/4
f 3721/620/4 3724/624/4 3725/626/4
f 3731/627/4 3732/625/4 3688/612/4
f 3721/620/4 3725/626/4 3726/628/4
f 3730/629/4 3731/627/4 3688/612/4
f 3721/620/4 3726/628/4 3727/630/4
f 3729/631/4 3730/629/4 3688/612/4
f 3721/620/4 3727/630/4 3728/632/4
f 3728/632/4 3729/631/4 3688/612/4
f 3721/620/4 3728/632/4 3688/612/4
f 3721/620/4 3688/612/4 3689/633/4
f 3720/634/4 3721/620/4 3689/633/4
f 3611/616/4 3597/604/4 3598/635/4
f 3719/636/4 3720/634/4 3689/633/4
f 3719/636/4 3689/633/4 3690/637/4
f 3718/638/4 3719/636/4 3690/637/4
f 3718/638/4 3690/637/4 3691/639/4
f 3717/640/4 3718/638/4 3691/639/4
f 3717/640/4 3691/639/4 3692/641/4
f 3716/642/4 3717/640/4 3692/641/4
f 3716/642/4 3692/641/4 3693/643/4
f 3610/644/4 3611/616/4 3598/635/4
f 3715/645/4 3716/642/4 3693/643/4
f 3609/646/4 3610/644/4 3598/635/4
f 3715/645/4 3693/643/4 3694/647/4
f 3608/648/4 3609/646/4 3598/635/4
f 3714/649/4 3715/645/4 3694/647/4
f 3714/649/4 3694/647/4 3695/650/4
f 3607/651/4 3608/648/4 3598/635/4
f 3607/651/4 3598/635/4 3606/652/4
f 3606/652/4 3598/635/4 3605/653/4
f 3605/653/4 3598/635/4 3604/654/4
f 3604/654/4 3598/635/4 3603/655/4
f 3603/655/4 3598/635/4 3602/656/4
f 3602/656/4 3598/635/4 3601/657/4
f 3601/657/4 3598/635/4 3600/658/4
f 3600/658/4 3598/635/4 3599/659/4
f 3714/649/4 3695/650/4 3696/660/4
f 3713/661/4 3714/649/4 3696/660/4
f 3713/661/4 3696/660/4 3697/662/4
f 3712/663/4 3713/661/4 3697/662/4
f 3712/663/4 3697/662/4 3698/664/4
f 3712/663/4 3698/664/4 3699/665/4
f 3711/666/4 3712/663/4 3699/665/4
f 3711/666/4 3699/665/4 3700/667/4
f 3711/666/4 3700/667/4 3701/668/4
f 3711/666/4 3701/668/4 3702/669/4
f 3710/670/4 3711/666/4 3702/669/4
f 3710/670/4 3702/669/4 3703/671/4
f 3710/670/4 3703/671/4 3704/672/4
f 3710/670/4 3704/672/4 3705/673/4
f 3710/670/4 3705/673/4 3706/674/4
f 3710/670/4 3706/674/4 3707/675/4
f 3710/670/4 3707/675/4 3708/676/4
f 3710/670/4 3708/676/4 3709/677/4
f 3810/678/4 3811/680/4 3812/679/4
f 3810/678/4 3812/679/4 3813/681/4
f 3809/682/4 3810/678/4 3813/681/4
f 3808/683/4 3809/682/4 3814/684/4
f 3814/684/1 3809/682/1 3813/681/1
f 3808/683/4 3814/684/4 3815/685/4
f 3806/686/4 3807/688/4 3962/687/4
f 3962/687/4 3807/688/4 3808/683/4
f 3962/687/4 3808/683/4 3815/685/4
f 3962/687/4 3815/685/4 3816/689/4
f 3962/687/4 3816/689/4 3966/690/4
f 3966/690/4 3816/689/4 3965/691/4
f 3965/691/4 3816/689/4 3817/692/4
f 3806/686/4 3962/687/4 3963/693/4
f 3961/694/1 3962/687/1 3966/690/1
f 3960/695/4 3961/694/4 3966/690/4
f 3960/695/4 3966/690/4 3967/3/4
f 3964/696/4 3965/691/4 3817/692/4
f 3806/686/4 3963/693/4 3942/697/4
f 3942/697/4 3963/693/4 3960/695/4
f 3942/697/4 3960/695/4 3967/3/4
f 3942/697/4 3967/3/4 3964/696/4
f 3942/697/4 3964/696/4 3945/698/4
f 3945/698/4 3964/696/4 3944/699/4
f 3944/699/4 3964/696/4 3817/692/4
f 3806/686/4 3942/697/4 3943/700/4
f 3941/701/1 3942/697/1 3945/698/1
f 3940/702/4 3941/701/4 3945/698/4
f 3940/702/4 3945/698/4 3946/703/4
f 3959/704/4 3944/699/4 3817/692/4
f 3939/705/4 3940/702/4 3946/703/4
f 3939/705/4 3946/703/4 3947/706/4
f 3938/707/4 3939/705/4 3947/706/4
f 3938/707/4 3947/706/4 3948/708/4
f 3937/709/4 3938/707/4 3948/708/4
f 3937/709/4 3948/708/4 3949/710/4
f 3936/711/4 3937/709/4 3949/710/4
f 3936/711/4 3949/710/4 3950/712/4
f 3935/713/4 3936/711/4 3950/712/4
f 3935/713/4 3950/712/4 3951/714/4
f 3934/715/4 3935/713/4 3951/714/4
f 3934/715/4 3951/714/4 3952/716/4
f 3933/717/4 3934/715/4 3952/716/4
f 3933/717/4 3952/716/4 3953/718/4
f 3932/719/4 3933/717/4 3953/718/4
f 3932/719/4 3953/718/4 3954/720/4
f 3931/721/4 3932/719/4 3954/720/4
f 3931/721/4 3954/720/4 3955/722/4
f 3930/723/4 3931/721/4 3955/722/4
f 3930/723/4 3955/722/4 3956/724/4
f 3929/725/4 3930/723/4 3956/724/4
f 3929/725/4 3956/724/4 3957/726/4
f 3928/727/4 3929/725/4 3957/726/4
f 3928/727/4 3957/726/4 3958/728/4
f 3806/686/4 3943/700/4 3928/727/4
f 3806/686/4 3928/727/4 3958/728/4
f 3806/686/4 3958/728/4 3959/704/4
f 3806/686/4 3959/704/4 3817/692/4
f 3805/729/1 3806/686/1 3817/692/1
f 3804/730/4 3805/729/4 3818/731/4
f 3818/731/1 3805/729/1 3817/692/1
f 3804/730/4 3818/731/4 3819/732/4
f 3914/733/4 3915/735/4 3916/734/4
f 3803/736/4 3804/730/4 3819/732/4
f 3803/736/4 3819/732/4 3820/737/4
f 3914/733/4 3916/734/4 3917/738/4
f 3802/739/4 3803/736/4 3820/737/4
f 3802/739/4 3820/737/4 3821/740/4
f 3914/733/4 3917/738/4 3918/741/4
f 3913/742/4 3914/733/4 3918/741/4
f 3801/743/4 3802/739/4 3821/740/4
f 3801/743/4 3821/740/4 3822/744/4
f 3913/742/4 3918/741/4 3919/745/4
f 3800/746/4 3801/743/4 3822/744/4
f 3912/747/4 3913/742/4 3919/745/4
f 3912/747/4 3919/745/4 3920/748/4
f 3799/749/4 3800/746/4 3822/744/4
f 3799/749/4 3822/744/4 3823/750/4
f 3911/751/4 3912/747/4 3920/748/4
f 3911/751/4 3920/748/4 3921/752/4
f 3798/753/4 3799/749/4 3823/750/4
f 3798/753/4 3823/750/4 3824/754/4
f 3910/755/4 3911/751/4 3921/752/4
f 3910/755/4 3921/752/4 3922/756/4
f 3797/757/4 3798/753/4 3824/754/4
f 3910/755/4 3922/756/4 3923/758/4
f 3909/759/4 3910/755/4 3923/758/4
f 3797/757/4 3824/754/4 3825/760/4
f 3796/761/4 3797/757/4 3825/760/4
f 3909/759/4 3923/758/4 3924/762/4
f 3908/763/4 3909/759/4 3924/762/4
f 3795/764/4 3796/761/4 3825/760/4
f 3795/764/4 3825/760/4 3826/765/4
f 3908/763/4 3924/762/4 3925/766/4
f 3794/101/4 3795/764/4 3826/765/4
f 3907/767/4 3908/763/4 3925/766/4
f 3907/767/4 3925/766/4 3926/768/4
f 3794/101/4 3826/765/4 3827/769/4
f 3927/770/4 3794/101/4 3827/769/4
f 3907/767/4 3926/768/4 3927/770/4
f 3906/771/4 3907/767/4 3927/770/4
f 3927/770/4 3827/769/4 3828/772/4
f 3906/771/4 3927/770/4 3828/772/4
f 3905/773/4 3906/771/4 3828/772/4
f 3905/773/4 3828/772/4 3829/774/4
f 3904/775/4 3905/773/4 3829/774/4
f 3903/776/4 3904/775/4 3829/774/4
f 3903/776/4 3829/774/4 3830/777/4
f 3902/778/4 3903/776/4 3830/777/4
f 3902/778/4 3830/777/4 3831/779/4
f 3901/780/4 3902/778/4 3831/779/4
f 3901/780/4 3831/779/4 3832/781/4
f 3900/782/4 3901/780/4 3832/781/4
f 3899/783/4 3900/782/4 3832/781/4
f 3899/783/4 3832/781/4 3833/784/4
f 3898/785/4 3899/783/4 3833/784/4
f 3898/785/4 3833/784/4 3834/786/4
f 3897/787/4 3898/785/4 3834/786/4
f 3897/787/4 3834/786/4 3866/788/4
f 3866/788/4 3834/786/4 3835/789/4
f 3896/790/4 3897/787/4 3866/788/4
f 3896/790/4 3866/788/4 3867/791/4
f 3865/792/4 3866/788/4 3835/789/4
f 3865/792/4 3835/789/4 3836/793/4
f 3895/794/4 3896/790/4 3867/791/4
f 3895/794/4 3867/791/4 3868/795/4
f 3865/792/4 3836/793/4 3837/796/4
f 3894/797/4 3895/794/4 3868/795/4
f 3865/792/4 3837/796/4 3838/798/4
f 3864/799/4 3865/792/4 3838/798/4
f 3893/800/4 3894/797/4 3868/795/4
f 3864/799/4 3838/798/4 3839/801/4
f 3893/800/4 3868/795/4 3869/802/4
f 3864/799/4 3839/801/4 3840/803/4
f 3892/804/4 3893/800/4 3869/802/4
f 3864/799/4 3840/803/4 3841/805/4
f 3864/799/4 3841/805/4 3842/806/4
f 3864/799/4 3842/806/4 3843/807/4
f 3891/808/4 3892/804/4 3869/802/4
f 3891/808/4 3869/802/4 3870/809/4
f 3863/810/4 3864/799/4 3843/807/4
f 3863/810/4 3843/807/4 3844/811/4
f 3890/812/4 3891/808/4 3870/809/4
f 3863/810/4 3844/811/4 3845/813/4
f 3890/812/4 3870/809/4 3871/814/4
f 3889/815/4 3890/812/4 3871/814/4
f 3862/816/4 3863/810/4 3845/813/4
f 3862/816/4 3845/813/4 3846/817/4
f 3888/818/4 3889/815/4 3871/814/4
f 3888/818/4 3871/814/4 3872/819/4
f 3862/816/4 3846/817/4 3847/820/4
f 3887/821/4 3888/818/4 3872/819/4
f 3861/822/4 3862/816/4 3847/820/4
f 3886/823/4 3887/821/4 3872/819/4
f 3861/822/4 3847/820/4 3848/824/4
f 3886/823/4 3872/819/4 3873/825/4
f 3885/826/4 3886/823/4 3873/825/4
f 3861/822/4 3848/824/4 3849/827/4
f 3860/828/4 3861/822/4 3849/827/4
f 3885/826/4 3873/825/4 3874/829/4
f 3884/830/4 3885/826/4 3874/829/4
f 3860/828/4 3849/827/4 3850/831/4
f 3883/832/4 3884/830/4 3874/829/4
f 3859/833/4 3860/828/4 3850/831/4
f 3883/832/4 3874/829/4 3875/834/4
f 3859/833/4 3850/831/4 3851/835/4
f 3882/836/4 3883/832/4 3875/834/4
f 3858/837/4 3859/833/4 3851/835/4
f 3858/837/4 3851/835/4 3852/838/4
f 3882/836/4 3875/834/4 3876/839/4
f 3881/840/4 3882/836/4 3876/839/4
f 3857/841/4 3858/837/4 3852/838/4
f 3857/841/4 3852/838/4 3853/842/4
f 3880/843/4 3881/840/4 3876/839/4
f 3880/843/4 3876/839/4 3877/844/4
f 3856/845/4 3857/841/4 3853/842/4
f 3856/845/4 3853/842/4 3854/846/4
f 3855/847/4 3856/845/4 3854/846/4
f 3879/848/4 3880/843/4 3877/844/4
f 3879/848/4 3877/844/4 3878/849/4
f 4153/850/4 4154/852/4 4155/851/4
f 4153/850/4 4155/851/4 4156/853/4
f 4152/854/4 4153/850/4 4156/853/4
f 4152/854/4 4156/853/4 4157/61/4
f 4151/855/4 4152/854/4 4157/61/4
f 4151/855/4 4157/61/4 4158/856/4
f 4150/857/4 4151/855/4 4158/856/4
f 4150/857/4 4158/856/4 4159/858/4
f 4149/859/4 4150/857/4 4159/858/4
f 4149/859/4 4159/858/4 4160/860/4
f 4149/859/4 4160/860/4 4161/861/4
f 4148/862/4 4149/859/4 4161/861/4
f 4148/862/4 4161/861/4 4162/863/4
f 4147/864/4 4148/862/4 4162/863/4
f 4147/864/4 4162/863/4 4163/865/4
f 4146/866/4 4147/864/4 4163/865/4
f 4146/866/4 4163/865/4 4164/867/4
f 4145/868/4 4146/866/4 4164/867/4
f 4145/868/4 4164/867/4 4165/869/4
f 4178/870/4 4179/872/4 4180/871/4
f 4144/873/4 4145/868/4 4165/869/4
f 4177/874/4 4178/870/4 4180/871/4
f 4176/875/4 4177/874/4 4180/871/4
f 4144/873/4 4165/869/4 4166/247/4
f 4175/876/4 4176/875/4 4180/871/4
f 4143/877/4 4144/873/4 4166/247/4
f 4174/878/4 4175/876/4 4180/871/4
f 4173/879/4 4174/878/4 4180/871/4
f 4143/877/4 4166/247/4 4167/880/4
f 4172/881/4 4173/879/4 4180/871/4
f 4142/882/4 4143/877/4 4167/880/4
f 4171/883/4 4172/881/4 4180/871/4
f 4128/884/4 4129/885/4 4130/39/4
f 4170/886/4 4171/883/4 4180/871/4
f 4128/884/4 4130/39/4 4131/887/4
f 4128/884/4 4131/887/4 4132/888/4
f 4169/889/4 4170/886/4 4180/871/4
f 4128/884/4 4132/888/4 4133/271/4
f 4168/890/4 4169/889/4 4180/871/4
f 4128/884/4 4133/271/4 4134/891/4
f 4167/880/4 4168/890/4 4180/871/4
f 4128/884/4 4134/891/4 4135/892/4
f 4142/882/4 4167/880/4 4180/871/4
f 4128/884/4 4135/892/4 4136/893/4
f 4128/884/4 4136/893/4 4137/894/4
f 4128/884/4 4137/894/4 4138/895/4
f 4141/896/4 4142/882/4 4180/871/4
f 4128/884/4 4138/895/4 4139/897/4
f 4128/884/4 4139/897/4 4140/898/4
f 4128/884/4 4140/898/4 4141/896/4
f 4128/884/4 4141/896/4 4180/871/4
f 4128/884/4 4180/871/4 4181/899/4
f 4128/884/4 4181/899/4 4182/900/4
f 4128/884/4 4182/900/4 4183/901/4
f 4128/884/4 4183/901/4 4184/66/4
f 4128/884/4 4184/66/4 4185/902/4
f 4128/884/4 4185/902/4 4186/903/4
f 4128/884/4 4186/903/4 4187/904/4
f 4128/884/4 4187/904/4 4188/905/4
f 4128/884/4 4188/905/4 4189/906/4
f 4127/907/4 4128/884/4 4189/906/4
f 4127/907/4 4189/906/4 4190/908/4
f 4126/909/4 4127/907/4 4190/908/4
f 4126/909/4 4190/908/4 4191/910/4
f 4125/911/4 4126/909/4 4191/910/4
f 4124/912/4 4125/911/4 4191/910/4
f 4124/912/4 4191/910/4 4192/913/4
f 4123/914/4 4124/912/4 4192/913/4
f 4122/915/4 4123/914/4 4192/913/4
f 4122/915/4 4192/913/4 4115/916/4
f 4115/916/4 4192/913/4 4193/917/4
f 4121/918/4 4122/915/4 4115/916/4
f 4120/919/4 4121/918/4 4115/916/4
f 4119/920/4 4120/919/4 4115/916/4
f 4118/921/4 4119/920/4 4115/916/4
f 4117/922/4 4118/921/4 4115/916/4
f 4116/923/4 4117/922/4 4115/916/4
f 4114/924/4 4115/916/4 4193/917/4
f 4114/924/4 4193/917/4 4194/925/4
f 4113/926/4 4114/924/4 4194/925/4
f 4113/926/4 4194/925/4 4195/927/4
f 4113/926/4 4195/927/4 4196/928/4
f 4112/929/4 4113/926/4 4196/928/4
f 4112/929/4 4196/928/4 4197/930/4
f 4111/931/4 4112/929/4 4197/930/4
f 4111/931/4 4197/930/4 4198/932/4
f 4111/931/4 4198/932/4 4199/188/4
f 4251/933/4 4252/935/4 4253/934/4
f 4110/936/4 4111/931/4 4199/188/4
f 4250/937/4 4251/933/4 4253/934/4
f 4110/936/4 4199/188/4 4200/938/4
f 4249/939/4 4250/937/4 4253/934/4
f 4248/940/4 4249/939/4 4253/934/4
f 4247/941/4 4248/940/4 4253/934/4
f 4246/942/4 4247/941/4 4253/934/4
f 4110/936/4 4200/938/4 4201/943/4
f 4245/944/4 4246/942/4 4253/934/4
f 4244/945/4 4245/944/4 4253/934/4
f 4243/946/4 4244/945/4 4253/934/4
f 4109/947/4 4110/936/4 4201/943/4
f 4242/948/4 4243/946/4 4253/934/4
f 4215/949/4 4216/951/4 4217/950/4
f 4214/952/4 4215/949/4 4217/950/4
f 4214/952/4 4217/950/4 4218/953/4
f 4213/954/4 4214/952/4 4218/953/4
f 4109/947/4 4201/943/4 4202/955/4
f 4212/956/4 4213/954/4 4218/953/4
f 4212/956/4 4218/953/4 4219/957/4
f 4241/958/4 4242/948/4 4253/934/4
f 4211/44/4 4212/956/4 4219/957/4
f 4240/959/4 4241/958/4 4253/934/4
f 4211/44/4 4219/957/4 4220/960/4
f 4210/961/4 4211/44/4 4220/960/4
f 4239/962/4 4240/959/4 4253/934/4
f 4209/963/4 4210/961/4 4220/960/4
f 4209/963/4 4220/960/4 4221/964/4
f 4208/965/4 4209/963/4 4221/964/4
f 4109/947/4 4202/955/4 4203/966/4
f 4238/22/4 4239/962/4 4253/934/4
f 4208/965/4 4221/964/4 4222/967/4
f 4207/968/4 4208/965/4 4222/967/4
f 4237/969/4 4238/22/4 4253/934/4
f 4206/970/4 4207/968/4 4222/967/4
f 4108/971/4 4109/947/4 4203/966/4
f 4206/970/4 4222/967/4 4223/972/4
f 4108/971/4 4203/966/4 4204/973/4
f 4205/974/4 4206/970/4 4223/972/4
f 4236/975/4 4237/969/4 4253/934/4
f 4204/973/4 4205/974/4 4223/972/4
f 4204/973/4 4223/972/4 4224/976/4
f 4235/977/4 4236/975/4 4253/934/4
f 4108/971/4 4204/973/4 4224/976/4
f 4234/978/4 4235/977/4 4253/934/4
f 4108/971/4 4224/976/4 4225/979/4
f 4234/978/4 4253/934/4 4254/980/4
f 4233/981/4 4234/978/4 4254/980/4
f 4233/981/4 4254/980/4 4255/982/4
f 4107/983/4 4108/971/4 4225/979/4
f 4233/981/4 4255/982/4 4256/984/4
f 4233/981/4 4256/984/4 4257/985/4
f 4107/983/4 4225/979/4 4079/986/4
f 4079/986/4 4225/979/4 4078/987/4
f 4078/987/4 4225/979/4 4226/988/4
f 4232/165/4 4233/981/4 4257/985/4
f 4232/165/4 4257/985/4 4258/989/4
f 4232/165/4 4258/989/4 4259/990/4
f 4232/165/4 4259/990/4 4260/991/4
f 4231/992/4 4232/165/4 4260/991/4
f 4231/992/4 4260/991/4 4261/993/4
f 4077/994/4 4078/987/4 4226/988/4
f 4077/994/4 4226/988/4 4227/995/4
f 4076/93/4 4077/994/4 4227/995/4
f 4107/983/4 4079/986/4 4080/996/4
f 4075/997/4 4076/93/4 4227/995/4
f 4231/992/4 4261/993/4 4262/998/4
f 4107/983/4 4080/996/4 4081/999/4
f 4074/1000/4 4075/997/4 4227/995/4
f 4230/1001/4 4231/992/4 4262/998/4
f 4230/1001/4 4262/998/4 4263/1002/4
f 4107/983/4 4081/999/4 4082/1003/4
f 4073/1004/4 4074/1000/4 4227/995/4
f 4230/1001/4 4263/1002/4 4264/1005/4
f 4107/983/4 4082/1003/4 4083/1006/4
f 4072/1007/4 4073/1004/4 4227/995/4
f 4230/1001/4 4264/1005/4 4265/3/4
f 4229/1008/4 4230/1001/4 4265/3/4
f 4106/1009/4 4107/983/4 4083/1006/4
f 4072/1007/4 4227/995/4 4228/1010/4
f 4229/1008/4 4265/3/4 3968/101/4
f 4106/1009/4 4083/1006/4 4084/1011/4
f 4071/1012/4 4072/1007/4 4228/1010/4
f 4228/1010/4 4229/1008/4 3968/101/4
f 4228/1010/4 3968/101/4 3969/1013/4
f 4070/1014/4 4071/1012/4 4228/1010/4
f 4106/1009/4 4084/1011/4 4085/1015/4
f 4228/1010/4 3969/1013/4 3970/1016/4
f 4069/1017/4 4070/1014/4 4228/1010/4
f 4069/1017/4 4228/1010/4 3970/1016/4
f 4106/1009/4 4085/1015/4 4086/1018/4
f 4069/1017/4 3970/1016/4 3971/1019/4
f 4068/1020/4 4069/1017/4 3971/1019/4
f 4106/1009/4 4086/1018/4 4087/1021/4
f 4068/1020/4 3971/1019/4 3972/1022/4
f 4105/1023/4 4106/1009/4 4087/1021/4
f 4067/218/4 4068/1020/4 3972/1022/4
f 4105/1023/4 4087/1021/4 4088/1024/4
f 4067/218/4 3972/1022/4 3973/1025/4
f 4067/218/4 3973/1025/4 3974/1026/4
f 4066/1027/4 4067/218/4 3974/1026/4
f 4105/1023/4 4088/1024/4 4089/1028/4
f 4066/1027/4 3974/1026/4 3975/1029/4
f 4065/1030/4 4066/1027/4 3975/1029/4
f 4105/1023/4 4089/1028/4 4090/1031/4
f 4065/1030/4 3975/1029/4 3976/1032/4
f 4104/1033/4 4105/1023/4 4090/1031/4
f 4104/1033/4 4090/1031/4 4091/1034/4
f 4065/1030/4 3976/1032/4 3977/1035/4
f 4064/1036/4 4065/1030/4 3977/1035/4
f 4104/1033/4 4091/1034/4 4092/1037/4
f 4064/1036/4 3977/1035/4 3978/1038/4
f 4104/1033/4 4092/1037/4 4093/1039/4
f 4064/1036/4 3978/1038/4 3979/1040/4
f 4063/1041/4 4064/1036/4 3979/1040/4
f 4104/1033/4 4093/1039/4 4094/1042/4
f 4103/17/4 4104/1033/4 4094/1042/4
f 4063/1041/4 3979/1040/4 3993/1043/4
f 3993/1043/4 3979/1040/4 3980/1044/4
f 4103/17/4 4094/1042/4 4095/1045/4
f 4062/1046/4 4063/1041/4 3993/1043/4
f 4103/17/4 4095/1045/4 4096/1047/4
f 4103/17/4 4096/1047/4 4097/1048/4
f 4102/1049/4 4103/17/4 4097/1048/4
f 4061/1050/4 4062/1046/4 3993/1043/4
f 4102/1049/4 4097/1048/4 4098/1051/4
f 4061/1050/4 3993/1043/4 3994/1052/4
f 3992/1053/4 3993/1043/4 3980/1044/4
f 4102/1049/8 4098/1051/8 4099/1054/8
f 4060/1055/4 4061/1050/4 3994/1052/4
f 4102/1049/7 4099/1054/7 4100/277/7
f 4060/1055/4 3994/1052/4 3995/122/4
f 3991/1056/4 3992/1053/4 3980/1044/4
f 4102/1049/4 4100/277/4 4101/1057/4
f 4060/1055/4 3995/122/4 3996/1058/4
f 3990/1059/4 3991/1056/4 3980/1044/4
f 4059/1060/4 4060/1055/4 3996/1058/4
f 4059/1060/4 3996/1058/4 3997/1061/4
f 3989/1062/4 3990/1059/4 3980/1044/4
f 4059/1060/4 3997/1061/4 3998/1063/4
f 4058/1064/4 4059/1060/4 3998/1063/4
f 3988/1065/4 3989/1062/4 3980/1044/4
f 4058/1064/4 3998/1063/4 3999/1066/4
f 3987/1067/4 3988/1065/4 3980/1044/4
f 4057/1068/4 4058/1064/4 3999/1066/4
f 4057/1068/4 3999/1066/4 4000/1069/4
f 3986/1070/4 3987/1067/4 3980/1044/4
f 4057/1068/4 4000/1069/4 4001/128/4
f 3985/1071/4 3986/1070/4 3980/1044/4
f 4056/1072/4 4057/1068/4 4001/128/4
f 4056/1072/4 4001/128/4 4002/1073/4
f 3984/1074/4 3985/1071/4 3980/1044/4
f 4056/1072/4 4002/1073/4 4003/1075/4
f 3983/1076/4 3984/1074/4 3980/1044/4
f 4055/1077/4 4056/1072/4 4003/1075/4
f 3982/1078/4 3983/1076/4 3980/1044/4
f 4055/1077/4 4003/1075/4 4004/1079/4
f 3981/1080/4 3982/1078/4 3980/1044/4
f 4054/1081/4 4055/1077/4 4004/1079/4
f 4054/1081/4 4004/1079/4 4005/1082/4
f 4054/1081/4 4005/1082/4 4006/1083/4
f 4053/1084/4 4054/1081/4 4006/1083/4
f 4053/1084/4 4006/1083/4 4007/1085/4
f 4053/1084/4 4007/1085/4 4008/1086/4
f 4052/1087/4 4053/1084/4 4008/1086/4
f 4052/1087/4 4008/1086/4 4009/1088/4
f 4052/1087/4 4009/1088/4 4010/1089/4
f 4051/1090/4 4052/1087/4 4010/1089/4
f 4028/1091/4 4029/1093/4 4030/1092/4
f 4051/1090/4 4010/1089/4 4011/1094/4
f 4027/1095/4 4028/1091/4 4030/1092/4
f 4026/1096/4 4027/1095/4 4030/1092/4
f 4051/1090/4 4011/1094/4 4012/1097/4
f 4025/1098/4 4026/1096/4 4030/1092/4
f 4024/1099/4 4025/1098/4 4030/1092/4
f 4051/1090/4 4012/1097/4 4013/1100/4
f 4023/1101/4 4024/1099/4 4030/1092/4
f 4022/100/4 4023/1101/4 4030/1092/4
f 4051/1090/4 4013/1100/4 4014/1102/4
f 4021/1103/4 4022/100/4 4030/1092/4
f 4050/1104/4 4051/1090/4 4014/1102/4
f 4050/1104/4 4014/1102/4 4015/1105/4
f 4020/1106/4 4021/1103/4 4030/1092/4
f 4019/1107/4 4020/1106/4 4030/1092/4
f 4050/1104/4 4015/1105/4 4016/1108/4
f 4018/1109/4 4019/1107/4 4030/1092/4
f 4050/1104/4 4016/1108/4 4017/1110/4
f 4017/1110/4 4018/1109/4 4030/1092/4
f 4050/1104/4 4017/1110/4 4030/1092/4
f 4049/78/4 4050/1104/4 4030/1092/4
f 4048/1111/4 4049/78/4 4030/1092/4
f 4047/1112/4 4048/1111/4 4030/1092/4
f 4046/1113/4 4047/1112/4 4030/1092/4
f 4046/1113/4 4030/1092/4 4031/1114/4
f 4046/1113/4 4031/1114/4 4032/1115/4
f 4046/1113/4 4032/1115/4 4033/1116/4
f 4045/1117/4 4046/1113/4 4033/1116/4
f 4045/1117/4 4033/1116/4 4034/199/4
f 4045/1117/4 4034/199/4 4035/1118/4
f 4045/1117/4 4035/1118/4 4036/1119/4
f 4044/1120/4 4045/1117/4 4036/1119/4
f 4044/1120/4 4036/1119/4 4037/1121/4
f 4044/1120/4 4037/1121/4 4038/1122/4
f 4043/1123/4 4044/1120/4 4038/1122/4
f 4043/1123/4 4038/1122/4 4039/1124/4
f 4043/1123/4 4039/1124/4 4040/1125/4
f 4042/1126/4 4043/1123/4 4040/1125/4
f 4042/1126/4 4040/1125/4 4041/1127/4
f 4314/1128/4 4315/1130/4 4316/1129/4
f 4314/1128/4 4316/1129/4 4317/1131/4
f 4314/1128/4 4317/1131/4 4318/1132/4
f 4350/1133/4 4351/1135/4 4352/1134/4
f 4314/1128/4 4318/1132/4 4319/1136/4
f 4349/1137/4 4350/1133/4 4352/1134/4
f 4348/1138/4 4349/1137/4 4352/1134/4
f 4314/1128/4 4319/1136/4 4320/1139/4
f 4347/1140/4 4348/1138/4 4352/1134/4
f 4314/1128/4 4320/1139/4 4321/1141/4
f 4346/1142/4 4347/1140/4 4352/1134/4
f 4314/1128/4 4321/1141/4 4322/1143/4
f 4345/1144/4 4346/1142/4 4352/1134/4
f 4344/1145/4 4345/1144/4 4352/1134/4
f 4314/1128/4 4322/1143/4 4323/1146/4
f 4343/1147/4 4344/1145/4 4352/1134/4
f 4314/1128/4 4323/1146/4 4324/1148/4
f 4342/1149/4 4343/1147/4 4352/1134/4
f 4314/1128/4 4324/1148/4 4325/1150/4
f 4341/1151/4 4342/1149/4 4352/1134/4
f 4314/1128/4 4325/1150/4 4326/1152/4
f 4340/433/4 4341/1151/4 4352/1134/4
f 4314/1128/4 4326/1152/4 4327/1153/4
f 4339/1154/4 4340/433/4 4352/1134/4
f 4314/1128/4 4327/1153/4 4328/1155/4
f 4314/1128/4 4328/1155/4 4329/1156/4
f 4314/1128/4 4329/1156/4 4330/1157/4
f 4314/1128/4 4330/1157/4 4331/1158/4
f 4314/1128/4 4331/1158/4 4332/1159/4
f 4314/1128/4 4332/1159/4 4333/1160/4
f 4314/1128/4 4333/1160/4 4334/1161/4
f 4314/1128/4 4334/1161/4 4335/1162/4
f 4314/1128/4 4335/1162/4 4336/1163/4
f 4314/1128/4 4336/1163/4 4337/1164/4
f 4314/1128/4 4337/1164/4 4338/1165/4
f 4314/1128/4 4338/1165/4 4339/1154/4
f 4314/1128/4 4339/1154/4 4313/1166/4
f 4313/1166/4 4339/1154/4 4312/1167/4
f 4312/1167/4 4339/1154/4 4311/1168/4
f 4311/1168/4 4339/1154/4 4310/1169/4
f 4310/1169/4 4339/1154/4 4309/1170/4
f 4309/1170/4 4339/1154/4 4308/1171/4
f 4308/1171/4 4339/1154/4 4352/1134/4
f 4308/1171/4 4352/1134/4 4307/1172/4
f 4307/1172/4 4352/1134/4 4353/1173/4
f 4307/1172/4 4353/1173/4 4354/1174/4
f 4307/1172/4 4354/1174/4 4306/1175/4
f 4306/1175/4 4354/1174/4 4355/1176/4
f 4306/1175/4 4355/1176/4 4356/1177/4
f 4306/1175/4 4356/1177/4 4305/1178/4
f 4305/1178/4 4356/1177/4 4357/1179/4
f 4305/1178/4 4357/1179/4 4358/1180/4
f 4305/1178/4 4358/1180/4 4304/1181/4
f 4304/1181/4 4358/1180/4 4359/1182/4
f 4304/1181/4 4359/1182/4 4360/1183/4
f 4304/1181/4 4360/1183/4 4303/1184/4
f 4303/1184/4 4360/1183/4 4361/1185/4
f 4303/1184/4 4361/1185/4 4362/1186/4
f 4303/1184/4 4362/1186/4 4302/1187/4
f 4302/1187/4 4362/1186/4 4363/1188/4
f 4302/1187/4 4363/1188/4 4301/1189/4
f 4301/1189/4 4363/1188/4 4300/1190/4
f 4300/1190/4 4363/1188/4 4299/1191/4
f 4299/1191/4 4363/1188/4 4298/1192/4
f 4298/1192/4 4363/1188/4 4297/1193/4
f 4297/1193/4 4363/1188/4 4296/1194/4
f 4296/1194/4 4363/1188/4 4295/1195/4
f 4295/1195/4 4363/1188/4 4294/1196/4
f 4294/1196/4 4363/1188/4 4293/1197/4
f 4293/1197/4 4363/1188/4 4291/1198/4
f 4291/1198/4 4363/1188/4 4290/1199/4
f 4290/1199/4 4363/1188/4 4364/1200/4
f 4292/1201/1 4293/1197/1 4291/1198/1
f 4289/1202/4 4290/1199/4 4364/1200/4
f 4289/1202/4 4364/1200/4 4266/101/4
f 4288/1203/4 4289/1202/4 4266/101/4
f 4288/1203/4 4266/101/4 4267/1204/4
f 4287/1205/4 4288/1203/4 4267/1204/4
f 4287/1205/4 4267/1204/4 4268/1206/4
f 4286/1207/4 4287/1205/4 4268/1206/4
f 4286/1207/4 4268/1206/4 4269/1208/4
f 4285/1209/4 4286/1207/4 4269/1208/4
f 4285/1209/4 4269/1208/4 4270/1210/4
f 4284/1211/4 4285/1209/4 4270/1210/4
f 4400/1212/4 4401/1214/4 4402/1213/4
f 4400/1212/4 4402/1213/4 4403/1215/4
f 4399/1216/4 4400/1212/4 4403/1215/4
f 4398/1217/4 4399/1216/4 4403/1215/4
f 4284/1211/4 4270/1210/4 4271/1218/4
f 4283/1219/4 4284/1211/4 4271/1218/4
f 4397/1220/4 4398/1217/4 4403/1215/4
f 4396/1221/4 4397/1220/4 4403/1215/4
f 4395/1222/4 4396/1221/4 4403/1215/4
f 4394/1223/4 4395/1222/4 4403/1215/4
f 4283/1219/4 4271/1218/4 4272/1224/4
f 4282/1225/4 4283/1219/4 4272/1224/4
f 4393/1226/4 4394/1223/4 4403/1215/4
f 4392/1227/4 4393/1226/4 4403/1215/4
f 4391/1228/4 4392/1227/4 4403/1215/4
f 4281/1229/4 4282/1225/4 4272/1224/4
f 4390/1230/4 4391/1228/4 4403/1215/4
f 4281/1229/4 4272/1224/4 4273/1231/4
f 4390/1230/4 4403/1215/4 4404/1232/4
f 4389/1233/4 4390/1230/4 4404/1232/4
f 4388/1234/4 4389/1233/4 4404/1232/4
f 4280/1235/4 4281/1229/4 4273/1231/4
f 4280/1235/4 4273/1231/4 4274/1236/4
f 4279/1237/4 4280/1235/4 4274/1236/4
f 4278/1238/4 4279/1237/4 4274/1236/4
f 4278/1238/4 4274/1236/4 4275/1239/4
f 4387/1240/4 4388/1234/4 4404/1232/4
f 4277/1241/4 4278/1238/4 4275/1239/4
f 4387/1240/4 4404/1232/4 4405/1242/4
f 4277/1241/4 4275/1239/4 4276/1243/4
f 4386/1244/4 4387/1240/4 4405/1242/4
f 4386/1244/4 4405/1242/4 4406/1245/4
f 4385/1246/4 4386/1244/4 4406/1245/4
f 4384/1247/4 4385/1246/4 4406/1245/4
f 4384/1247/4 4406/1245/4 4407/1248/4
f 4383/1249/4 4384/1247/4 4407/1248/4
f 4383/1249/4 4407/1248/4 4408/1250/4
f 4382/1251/4 4383/1249/4 4408/1250/4
f 4381/1252/4 4382/1251/4 4408/1250/4
f 4381/1252/4 4408/1250/4 4409/1253/4
f 4380/1254/4 4381/1252/4 4409/1253/4
f 4380/1254/4 4409/1253/4 4410/1255/4
f 4379/1256/4 4380/1254/4 4410/1255/4
f 4378/1257/4 4379/1256/4 4410/1255/4
f 4378/1257/4 4410/1255/4 4411/1258/4
f 4377/1259/4 4378/1257/4 4411/1258/4
f 4377/1259/4 4411/1258/4 4412/1260/4
f 4376/1261/4 4377/1259/4 4412/1260/4
f 4375/1262/4 4376/1261/4 4412/1260/4
f 4374/1263/4 4375/1262/4 4412/1260/4
f 4373/1264/4 4374/1263/4 4412/1260/4
f 4372/1265/4 4373/1264/4 4412/1260/4
f 4371/1266/4 4372/1265/4 4412/1260/4
f 4370/1267/4 4371/1266/4 4412/1260/4
f 4369/1268/4 4370/1267/4 4412/1260/4
f 4368/1269/4 4369/1268/4 4412/1260/4
f 4368/1269/4 4412/1260/4 4413/1270/4
f 4367/1271/4 4368/1269/4 4413/1270/4
f 4366/1272/4 4367/1271/4 4413/1270/4
f 4365/1273/4 4366/1272/4 4413/1270/4
f 4414/3/4 4365/1273/4 4413/1270/4
f 4429/1274/4 4430/1276/4 4431/1275/4
f 4429/1274/4 4431/1275/4 4432/1277/4
f 4429/1274/4 4432/1277/4 4433/1278/4
f 4429/1274/4 4433/1278/4 4434/1279/4
f 4429/1274/4 4434/1279/4 4435/1280/4
f 4429/1274/4 4435/1280/4 4436/1281/4
f 4454/1282/4 4455/1284/4 4456/1283/4
f 4453/1285/4 4454/1282/4 4456/1283/4
f 4452/1286/4 4453/1285/4 4456/1283/4
f 4429/1274/4 4436/1281/4 4437/1287/4
f 4451/1288/4 4452/1286/4 4456/1283/4
f 4429/1274/4 4437/1287/4 4438/1289/4
f 4450/1290/4 4451/1288/4 4456/1283/4
f 4449/1291/4 4450/1290/4 4456/1283/4
f 4429/1274/4 4438/1289/4 4439/1292/4
f 4448/1293/4 4449/1291/4 4456/1283/4
f 4447/1294/4 4448/1293/4 4456/1283/4
f 4429/1274/4 4439/1292/4 4440/1295/4
f 4446/218/4 4447/1294/4 4456/1283/4
f 4445/1296/4 4446/218/4 4456/1283/4
f 4429/1274/4 4440/1295/4 4441/1297/4
f 4444/1298/4 4445/1296/4 4456/1283/4
f 4429/1274/4 4441/1297/4 4442/1299/4
f 4443/1300/4 4444/1298/4 4456/1283/4
f 4429/1274/4 4442/1299/4 4443/1300/4
f 4429/1274/4 4443/1300/4 4456/1283/4
f 4429/1274/4 4456/1283/4 4457/1301/4
f 4429/1274/4 4457/1301/4 4458/1302/4
f 4429/1274/4 4458/1302/4 4459/1303/4
f 4429/1274/4 4459/1303/4 4460/1304/4
f 4429/1274/4 4460/1304/4 4461/1305/4
f 4429/1274/4 4461/1305/4 4462/1306/4
f 4429/1274/4 4462/1306/4 4463/1307/4
f 4429/1274/4 4463/1307/4 4428/1308/4
f 4428/1308/4 4463/1307/4 4427/1309/4
f 4427/1309/4 4463/1307/4 4426/1310/4
f 4426/1310/4 4463/1307/4 4464/1311/4
f 4426/1310/4 4464/1311/4 4425/1312/4
f 4425/1312/4 4464/1311/4 4424/1313/4
f 4424/1313/4 4464/1311/4 4423/1314/4
f 4423/1314/4 4464/1311/4 4422/1315/4
f 4422/1315/4 4464/1311/4 4465/1316/4
f 4422/1315/4 4465/1316/4 4421/1317/4
f 4421/1317/4 4465/1316/4 4420/1318/4
f 4420/1318/4 4465/1316/4 4466/1319/4
f 4420/1318/7 4466/1319/7 4419/1320/7
f 4419/1320/4 4466/1319/4 4418/1321/4
f 4418/1321/4 4466/1319/4 4467/1322/4
f 4418/1321/4 4467/1322/4 4417/1323/4
f 4417/1323/4 4467/1322/4 4416/1324/4
f 4416/1324/4 4467/1322/4 4468/1325/4
f 4415/101/4 4416/1324/4 4468/1325/4
f 4495/1326/4 4496/1328/4 4497/1327/4
f 4495/1326/4 4497/1327/4 4498/1329/4
f 4495/1326/4 4498/1329/4 4499/1330/4
f 4495/1326/4 4499/1330/4 4500/1331/4
f 4495/1326/4 4500/1331/4 4501/1332/4
f 4495/1326/4 4501/1332/4 4502/1333/4
f 4495/1326/4 4502/1333/4 4503/1334/4
f 4495/1326/4 4503/1334/4 4504/1335/4
f 4495/1326/4 4504/1335/4 4505/1336/4
f 4495/1326/4 4505/1336/4 4506/1337/4
f 4495/1326/4 4506/1337/4 4507/1338/4
f 4495/1326/4 4507/1338/4 4508/3/4
f 4495/1326/4 4508/3/4 4415/101/4
f 4495/1326/4 4415/101/4 4494/1339/4
f 4494/1339/4 4415/101/4 4468/1325/4
f 4494/1339/4 4468/1325/4 4493/1340/4
f 4493/1340/4 4468/1325/4 4492/1341/4
f 4492/1341/4 4468/1325/4 4469/1342/4
f 4492/1341/4 4469/1342/4 4491/1343/4
f 4491/1343/4 4469/1342/4 4490/1344/4
f 4490/1344/4 4469/1342/4 4489/1345/4
f 4489/1345/4 4469/1342/4 4470/1346/4
f 4489/1345/4 4470/1346/4 4488/1347/4
f 4488/1347/4 4470/1346/4 4487/1348/4
f 4487/1348/4 4470/1346/4 4486/1349/4
f 4486/1349/4 4470/1346/4 4471/1350/4
f 4486/1349/4 4471/1350/4 4485/1351/4
f 4485/1351/4 4471/1350/4 4484/1352/4
f 4484/1352/4 4471/1350/4 4472/1353/4
f 4484/1352/4 4472/1353/4 4483/1354/4
f 4483/1354/4 4472/1353/4 4482/1355/4
f 4482/1355/4 4472/1353/4 4473/1356/4
f 4481/1357/4 4482/1355/4 4473/1356/4
f 4481/1357/4 4473/1356/4 4474/1358/4
f 4481/1357/4 4474/1358/4 4475/1359/4
f 4481/1357/4 4475/1359/4 4476/1360/4
f 4481/1357/4 4476/1360/4 4477/247/4
f 4481/1357/4 4477/247/4 4478/1361/4
f 4481/1357/4 4478/1361/4 4479/1362/4
f 4481/1357/4 4479/1362/4 4480/1363/4
f 4642/1364/4 4643/1366/4 4644/1365/4
f 4641/1367/4 4642/1364/4 4644/1365/4
f 4606/1368/4 4607/247/4 4608/1369/4
f 4640/1370/4 4641/1367/4 4644/1365/4
f 4606/1368/4 4608/1369/4 4609/1371/4
f 4606/1368/4 4609/1371/4 4610/1372/4
f 4639/1373/4 4640/1370/4 4644/1365/4
f 4606/1368/4 4610/1372/4 4611/1374/4
f 4638/1375/4 4639/1373/4 4644/1365/4
f 4606/1368/4 4611/1374/4 4612/1376/4
f 4606/1368/4 4612/1376/4 4613/1377/4
f 4637/1378/4 4638/1375/4 4644/1365/4
f 4606/1368/4 4613/1377/4 4614/1379/4
f 4636/1380/4 4637/1378/4 4644/1365/4
f 4606/1368/4 4614/1379/4 4615/1381/4
f 4635/1382/4 4636/1380/4 4644/1365/4
f 4606/1368/4 4615/1381/4 4616/1383/4
f 4634/1384/4 4635/1382/4 4644/1365/4
f 4606/1368/4 4616/1383/4 4617/1385/4
f 4633/1386/4 4634/1384/4 4644/1365/4
f 4606/1368/4 4617/1385/4 4618/1387/4
f 4632/1388/4 4633/1386/4 4644/1365/4
f 4606/1368/4 4618/1387/4 4619/1389/4
f 4631/1390/4 4632/1388/4 4644/1365/4
f 4606/1368/4 4619/1389/4 4620/1391/4
f 4606/1368/4 4620/1391/4 4621/1392/4
f 4606/1368/4 4621/1392/4 4622/1393/4
f 4606/1368/4 4622/1393/4 4623/1394/4
f 4606/1368/4 4623/1394/4 4624/1395/4
f 4606/1368/4 4624/1395/4 4625/1396/4
f 4606/1368/4 4625/1396/4 4626/1397/4
f 4606/1368/4 4626/1397/4 4627/1398/4
f 4606/1368/4 4627/1398/4 4628/1399/4
f 4606/1368/4 4628/1399/4 4629/1400/4
f 4606/1368/4 4629/1400/4 4630/1401/4
f 4606/1368/4 4630/1401/4 4631/1390/4
f 4606/1368/4 4631/1390/4 4644/1365/4
f 4606/1368/4 4644/1365/4 4605/1402/4
f 4605/1402/4 4644/1365/4 4645/1403/4
f 4605/1402/4 4645/1403/4 4646/1404/4
f 4605/1402/4 4646/1404/4 4604/1405/4
f 4604/1405/4 4646/1404/4 4647/1406/4
f 4604/1405/4 4647/1406/4 4603/1407/4
f 4603/1407/4 4647/1406/4 4648/1408/4
f 4603/1407/9 4648/1408/9 4602/1409/9
f 4602/1409/4 4648/1408/4 4601/1410/4
f 4601/1410/4 4648/1408/4 4649/1411/4
f 4601/1410/4 4649/1411/4 4600/1412/4
f 4600/1412/4 4649/1411/4 4650/1413/4
f 4600/1412/4 4650/1413/4 4599/1414/4
f 4599/1414/4 4650/1413/4 4598/1415/4
f 4598/1415/4 4650/1413/4 4651/1416/4
f 4598/1415/4 4651/1416/4 4597/1417/4
f 4597/1417/4 4651/1416/4 4652/1418/4
f 4597/1417/4 4652/1418/4 4596/1419/4
f 4596/1419/4 4652/1418/4 4653/1420/4
f 4596/1419/4 4653/1420/4 4654/1421/4
f 4596/1419/4 4654/1421/4 4595/1422/4
f 4595/1422/4 4654/1421/4 4655/1423/4
f 4595/1422/4 4655/1423/4 4656/3/4
f 4595/1422/4 4656/3/4 4594/1424/4
f 4594/1424/4 4656/3/4 4592/1425/4
f 4592/1425/4 4656/3/4 4591/1426/4
f 4591/1426/4 4656/3/4 4590/1427/4
f 4590/1427/4 4656/3/4 4589/1428/4
f 4589/1428/4 4656/3/4 4588/1429/4
f 4588/1429/4 4656/3/4 4587/1430/4
f 4587/1430/4 4656/3/4 4586/1431/4
f 4586/1431/4 4656/3/4 4585/1432/4
f 4585/1432/4 4656/3/4 4584/1433/4
f 4584/1433/4 4656/3/4 4583/1434/4
f 4583/1434/4 4656/3/4 4582/1435/4
f 4582/1435/4 4656/3/4 4509/101/4
f 4593/1436/1 4594/1424/1 4592/1425/1
f 4581/1437/4 4582/1435/4 4509/101/4
f 4581/1437/4 4509/101/4 4510/1438/4
f 4580/1439/4 4581/1437/4 4510/1438/4
f 4580/1439/4 4510/1438/4 4511/1440/4
f 4579/1441/4 4580/1439/4 4511/1440/4
f 4579/1441/4 4511/1440/4 4512/1442/4
f 4578/1443/4 4579/1441/4 4512/1442/4
f 4578/1443/4 4512/1442/4 4513/1444/4
f 4577/1445/4 4578/1443/4 4513/1444/4
f 4577/1445/4 4513/1444/4 4514/1446/4
f 4576/1447/4 4577/1445/4 4514/1446/4
f 4576/1447/4 4514/1446/4 4515/1448/4
f 4575/1449/4 4576/1447/4 4515/1448/4
f 4575/1449/4 4515/1448/4 4516/1450/4
f 4574/1451/4 4575/1449/4 4516/1450/4
f 4573/1452/4 4574/1451/4 4516/1450/4
f 4573/1452/4 4516/1450/4 4517/1453/4
f 4572/1454/4 4573/1452/4 4517/1453/4
f 4572/1454/4 4517/1453/4 4518/1455/4
f 4571/1456/4 4572/1454/4 4518/1455/4
f 4571/1456/4 4518/1455/4 4519/1457/4
f 4570/1458/4 4571/1456/4 4519/1457/4
f 4570/1458/4 4519/1457/4 4520/1459/4
f 4569/1460/4 4570/1458/4 4520/1459/4
f 4569/1460/4 4520/1459/4 4521/1461/4
f 4568/1462/4 4569/1460/4 4521/1461/4
f 4568/1462/4 4521/1461/4 4522/1463/4
f 4567/1464/4 4568/1462/4 4522/1463/4
f 4567/1464/4 4522/1463/4 4545/1465/4
f 4545/1465/4 4522/1463/4 4523/1466/4
f 4567/1464/4 4545/1465/4 4546/1467/4
f 4544/1468/4 4545/1465/4 4523/1466/4
f 4544/1468/4 4523/1466/4 4524/1469/4
f 4566/1470/4 4567/1464/4 4546/1467/4
f 4543/1471/4 4544/1468/4 4524/1469/4
f 4566/1470/4 4546/1467/4 4547/1472/4
f 4543/1471/4 4524/1469/4 4525/1473/4
f 4565/1474/4 4566/1470/4 4547/1472/4
f 4542/1475/4 4543/1471/4 4525/1473/4
f 4565/1474/4 4547/1472/4 4548/1476/4
f 4542/1475/4 4525/1473/4 4526/1477/4
f 4564/1478/4 4565/1474/4 4548/1476/4
f 4541/1479/4 4542/1475/4 4526/1477/4
f 4564/1478/4 4548/1476/4 4549/1480/4
f 4541/1479/4 4526/1477/4 4527/1481/4
f 4563/1482/4 4564/1478/4 4549/1480/4
f 4540/1483/4 4541/1479/4 4527/1481/4
f 4563/1482/4 4549/1480/4 4550/1484/4
f 4540/1483/4 4527/1481/4 4528/1485/4
f 4562/1486/4 4563/1482/4 4550/1484/4
f 4539/1487/4 4540/1483/4 4528/1485/4
f 4562/1486/4 4550/1484/4 4551/1488/4
f 4539/1487/4 4528/1485/4 4529/1489/4
f 4561/1490/4 4562/1486/4 4551/1488/4
f 4538/1491/4 4539/1487/4 4529/1489/4
f 4561/1490/4 4551/1488/4 4552/1492/4
f 4560/1493/4 4561/1490/4 4552/1492/4
f 4538/1491/4 4529/1489/4 4530/1494/4
f 4537/1495/4 4538/1491/4 4530/1494/4
f 4560/1493/4 4552/1492/4 4553/1496/4
f 4559/1497/4 4560/1493/4 4553/1496/4
f 4537/1495/4 4530/1494/4 4531/1498/4
f 4536/1499/4 4537/1495/4 4531/1498/4
f 4558/218/4 4559/1497/4 4553/1496/4
f 4558/218/4 4553/1496/4 4554/1500/4
f 4536/1499/4 4531/1498/4 4532/1501/4
f 4557/1502/4 4558/218/4 4554/1500/4
f 4535/1503/4 4536/1499/4 4532/1501/4
f 4557/1502/4 4554/1500/4 4555/1504/4
f 4535/1503/4 4532/1501/4 4534/1505/4
f 4534/1505/4 4532/1501/4 4533/1506/4
f 4557/1502/4 4555/1504/4 4556/1507/4
f 4667/1508/4 4668/1509/4 4669/172/4
f 4666/1510/4 4667/1508/4 4669/172/4
f 4665/129/4 4666/1510/4 4669/172/4
f 4665/129/4 4669/172/4 4670/1511/4
f 4664/1512/4 4665/129/4 4670/1511/4
f 4664/1512/4 4670/1511/4 4671/1513/4
f 4663/1514/4 4664/1512/4 4671/1513/4
f 4663/1514/4 4671/1513/4 4672/1515/4
f 4662/1516/4 4663/1514/4 4672/1515/4
f 4662/1516/4 4672/1515/4 4673/195/4
f 4661/138/4 4662/1516/4 4673/195/4
f 4661/138/4 4673/195/4 4674/1517/4
f 4660/1518/4 4661/138/4 4674/1517/4
f 4660/1518/4 4674/1517/4 4675/1519/4
f 4659/1520/4 4660/1518/4 4675/1519/4
f 4659/1520/4 4675/1519/4 4676/1184/4
f 4658/1521/4 4659/1520/4 4676/1184/4
f 4658/1521/4 4676/1184/4 4677/210/4
f 4657/101/4 4658/1521/4 4677/210/4
f 4657/101/4 4677/210/4 4678/1522/4
f 4733/3/4 4657/101/4 4678/1522/4
f 4733/3/4 4678/1522/4 4679/1523/4
f 4732/1524/4 4733/3/4 4679/1523/4
f 4732/1524/4 4679/1523/4 4680/1525/4
f 4731/1526/4 4732/1524/4 4680/1525/4
f 4731/1526/4 4680/1525/4 4681/222/4
f 4730/1527/4 4731/1526/4 4681/222/4
f 4730/1527/4 4681/222/4 4708/1528/4
f 4708/1528/4 4681/222/4 4682/1529/4
f 4729/149/4 4730/1527/4 4708/1528/4
f 4728/1530/4 4729/149/4 4708/1528/4
f 4727/1531/4 4728/1530/4 4708/1528/4
f 4727/1531/4 4708/1528/4 4709/257/4
f 4707/1532/4 4708/1528/4 4682/1529/4
f 4726/1533/4 4727/1531/4 4709/257/4
f 4726/1533/4 4709/257/4 4710/1534/4
f 4725/164/4 4726/1533/4 4710/1534/4
f 4725/164/4 4710/1534/4 4711/1535/4
f 4724/1536/4 4725/164/4 4711/1535/4
f 4724/1536/4 4711/1535/4 4712/1537/4
f 4723/1538/4 4724/1536/4 4712/1537/4
f 4723/1538/4 4712/1537/4 4713/232/4
f 4722/1539/4 4723/1538/4 4713/232/4
f 4721/177/4 4722/1539/4 4713/232/4
f 4721/177/4 4713/232/4 4714/1259/4
f 4720/1540/4 4721/177/4 4714/1259/4
f 4720/1540/4 4714/1259/4 4715/1541/4
f 4720/1540/4 4715/1541/4 4716/1542/4
f 4720/1540/4 4716/1542/4 4717/187/4
f 4720/1540/4 4717/187/4 4718/1543/4
f 4720/1540/4 4718/1543/4 4719/1544/4
f 4706/1545/4 4707/1532/4 4682/1529/4
f 4706/1545/4 4682/1529/4 4683/1546/4
f 4706/1545/4 4683/1546/4 4684/1547/4
f 4705/235/4 4706/1545/4 4684/1547/4
f 4705/235/4 4684/1547/4 4685/224/4
f 4704/1548/4 4705/235/4 4685/224/4
f 4704/1548/4 4685/224/4 4686/1549/4
f 4703/1550/4 4704/1548/4 4686/1549/4
f 4703/1550/4 4686/1549/4 4687/1551/4
f 4702/1552/4 4703/1550/4 4687/1551/4
f 4702/1552/4 4687/1551/4 4688/1553/4
f 4701/259/4 4702/1552/4 4688/1553/4
f 4701/259/4 4688/1553/4 4689/265/4
f 4700/1554/4 4701/259/4 4689/265/4
f 4700/1554/4 4689/265/4 4690/1555/4
f 4699/1556/4 4700/1554/4 4690/1555/4
f 4699/1556/4 4690/1555/4 4691/1557/4
f 4698/1558/4 4699/1556/4 4691/1557/4
f 4698/1558/4 4691/1557/4 4692/1559/4
f 4697/280/4 4698/1558/4 4692/1559/4
f 4697/280/4 4692/1559/4 4693/290/4
f 4696/1560/4 4697/280/4 4693/290/4
f 4696/1560/4 4693/290/4 4694/1561/4
f 4695/433/4 4696/1560/4 4694/1561/4
f 4844/1562/4 4845/3/4 4784/1563/4
f 4844/1562/4 4784/1563/4 4785/1161/4
f 4844/1562/4 4785/1161/4 4786/1564/4
f 4843/1565/4 4844/1562/4 4786/1564/4
f 4843/1565/4 4786/1564/4 4787/1566/4
f 4843/1565/4 4787/1566/4 4788/1165/4
f 4843/1565/4 4788/1165/4 4789/1567/4
f 4843/1565/4 4789/1567/4 4790/1568/4
f 4843/1565/4 4790/1568/4 4791/1149/4
f 4842/1255/4 4843/1565/4 4791/1149/4
f 4842/1255/4 4791/1149/4 4792/1569/4
f 4842/1255/4 4792/1569/4 4793/1570/4
f 4842/1255/4 4793/1570/4 4794/1142/4
f 4842/1255/4 4794/1142/4 4795/1571/4
f 4842/1255/4 4795/1571/4 4796/1572/4
f 4842/1255/4 4796/1572/4 4797/1133/4
f 4841/1573/4 4842/1255/4 4797/1133/4
f 4841/1573/4 4797/1133/4 4798/1574/4
f 4840/1575/4 4841/1573/4 4798/1574/4
f 4840/1575/4 4798/1574/4 4799/1576/4
f 4840/1575/4 4799/1576/4 4800/1174/4
f 4839/1245/4 4840/1575/4 4800/1174/4
f 4839/1245/4 4800/1174/4 4801/1577/4
f 4838/1578/4 4839/1245/4 4801/1577/4
f 4838/1578/4 4801/1577/4 4802/1579/4
f 4837/1580/4 4838/1578/4 4802/1579/4
f 4837/1580/4 4802/1579/4 4803/1180/4
f 4836/1213/4 4837/1580/4 4803/1180/4
f 4836/1213/4 4803/1180/4 4804/1581/4
f 4835/1582/4 4836/1213/4 4804/1581/4
f 4835/1582/4 4804/1581/4 4805/1583/4
f 4834/1584/4 4835/1582/4 4805/1583/4
f 4834/1584/4 4805/1583/4 4806/1186/4
f 4833/1217/4 4834/1584/4 4806/1186/4
f 4833/1217/4 4806/1186/4 4807/1585/4
f 4832/1586/4 4833/1217/4 4807/1585/4
f 4832/1586/4 4807/1585/4 4808/247/4
f 4831/1587/4 4832/1586/4 4808/247/4
f 4831/1587/4 4808/247/4 4809/1272/4
f 4830/1223/4 4831/1587/4 4809/1272/4
f 4830/1223/4 4809/1272/4 4810/1588/4
f 4829/1589/4 4830/1223/4 4810/1588/4
f 4829/1589/4 4810/1588/4 4811/1590/4
f 4828/1591/4 4829/1589/4 4811/1590/4
f 4828/1591/4 4811/1590/4 4812/1267/4
f 4827/1230/4 4828/1591/4 4812/1267/4
f 4827/1230/4 4812/1267/4 4813/1592/4
f 4826/1593/4 4827/1230/4 4813/1592/4
f 4826/1593/4 4813/1592/4 4814/1594/4
f 4825/1595/4 4826/1593/4 4814/1594/4
f 4825/1595/4 4814/1594/4 4815/1263/4
f 4824/1244/4 4825/1595/4 4815/1263/4
f 4824/1244/4 4815/1263/4 4816/1596/4
f 4823/1597/4 4824/1244/4 4816/1596/4
f 4823/1597/4 4816/1596/4 4817/1598/4
f 4822/1599/4 4823/1597/4 4817/1598/4
f 4822/1599/4 4817/1598/4 4818/1257/4
f 4821/1251/4 4822/1599/4 4818/1257/4
f 4821/1251/4 4818/1257/4 4819/1600/4
f 4820/1601/4 4821/1251/4 4819/1600/4
f 4783/1602/4 4734/101/4 4735/1603/4
f 4783/1602/4 4735/1603/4 4736/1604/4
f 4782/1157/4 4783/1602/4 4736/1604/4
f 4782/1157/4 4736/1604/4 4737/1210/4
f 4781/1605/4 4782/1157/4 4737/1210/4
f 4781/1605/4 4737/1210/4 4738/1606/4
f 4780/1607/4 4781/1605/4 4738/1606/4
f 4780/1607/4 4738/1606/4 4739/1608/4
f 4779/1152/4 4780/1607/4 4739/1608/4
f 4779/1152/4 4739/1608/4 4740/1236/4
f 4778/1609/4 4779/1152/4 4740/1236/4
f 4778/1609/4 4740/1236/4 4741/1610/4
f 4777/1611/4 4778/1609/4 4741/1610/4
f 4777/1611/4 4741/1610/4 4742/1612/4
f 4776/1143/4 4777/1611/4 4742/1612/4
f 4775/1613/4 4776/1143/4 4742/1612/4
f 4775/1613/4 4742/1612/4 4743/1238/4
f 4774/1614/4 4775/1613/4 4743/1238/4
f 4774/1614/4 4743/1238/4 4744/1615/4
f 4773/1132/4 4774/1614/4 4744/1615/4
f 4773/1132/4 4744/1615/4 4745/1616/4
f 4773/1132/4 4745/1616/4 4746/1225/4
f 4772/1617/4 4773/1132/4 4746/1225/4
f 4772/1617/4 4746/1225/4 4747/1618/4
f 4771/218/4 4772/1617/4 4747/1618/4
f 4771/218/4 4747/1618/4 4748/1619/4
f 4770/1128/4 4771/218/4 4748/1619/4
f 4770/1128/4 4748/1619/4 4749/1207/4
f 4769/1620/4 4770/1128/4 4749/1207/4
f 4769/1620/4 4749/1207/4 4750/1621/4
f 4768/1622/4 4769/1620/4 4750/1621/4
f 4767/1169/4 4768/1622/4 4750/1621/4
f 4767/1169/4 4750/1621/4 4751/1623/4
f 4766/1624/4 4767/1169/4 4751/1623/4
f 4766/1624/4 4751/1623/4 4752/1199/4
f 4765/1625/4 4766/1624/4 4752/1199/4
f 4765/1625/4 4752/1199/4 4753/1626/4
f 4764/1175/4 4765/1625/4 4753/1626/4
f 4764/1175/4 4753/1626/4 4754/1627/4
f 4763/1628/4 4764/1175/4 4754/1627/4
f 4763/1628/4 4754/1627/4 4755/1196/4
f 4762/1629/4 4763/1628/4 4755/1196/4
f 4762/1629/4 4755/1196/4 4756/1630/4
f 4761/1187/4 4762/1629/4 4756/1630/4
f 4761/1187/4 4756/1630/4 4757/1631/4
f 4760/1632/4 4761/1187/4 4757/1631/4
f 4760/1632/4 4757/1631/4 4758/1192/4
f 4760/1632/4 4758/1192/4 4759/1633/4
f 4897/1634/4 4898/1636/4 4899/1635/4
f 4897/1634/4 4899/1635/4 4900/1637/4
f 4897/1634/4 4900/1637/4 4901/1638/4
f 4896/1639/4 4897/1634/4 4901/1638/4
f 4896/1639/4 4901/1638/4 4902/1640/4
f 4895/1641/4 4896/1639/4 4902/1640/4
f 4895/1641/4 4902/1640/4 4903/1642/4
f 4894/1643/4 4895/1641/4 4903/1642/4
f 4894/1643/4 4903/1642/4 4904/1644/4
f 4893/1645/4 4894/1643/4 4904/1644/4
f 4893/1645/4 4904/1644/4 4905/1646/4
f 4892/1647/4 4893/1645/4 4905/1646/4
f 4858/1648/4 4859/1650/4 4860/1649/4
f 4858/1648/4 4860/1649/4 4861/1651/4
f 4892/1647/4 4905/1646/4 4906/1652/4
f 4891/1653/4 4892/1647/4 4906/1652/4
f 4858/1648/4 4861/1651/4 4862/1654/4
f 4857/1655/4 4858/1648/4 4862/1654/4
f 4891/1653/4 4906/1652/4 4907/1656/4
f 4890/1657/4 4891/1653/4 4907/1656/4
f 4857/1655/4 4862/1654/4 4863/1658/4
f 4856/1659/4 4857/1655/4 4863/1658/4
f 4890/1657/4 4907/1656/4 4908/1660/4
f 4856/1659/4 4863/1658/4 4864/1661/4
f 4889/1662/4 4890/1657/4 4908/1660/4
f 4855/1663/4 4856/1659/4 4864/1661/4
f 4889/1662/4 4908/1660/4 4909/1664/4
f 4855/1663/4 4864/1661/4 4865/1665/4
f 4888/1666/4 4889/1662/4 4909/1664/4
f 4854/1667/4 4855/1663/4 4865/1665/4
f 4888/1666/4 4909/1664/4 4910/199/4
f 4854/1667/4 4865/1665/4 4866/1668/4
f 4887/1669/4 4888/1666/4 4910/199/4
f 4887/1669/4 4910/199/4 4911/1670/4
f 4853/1671/4 4854/1667/4 4866/1668/4
f 4853/1671/4 4866/1668/4 4867/1672/4
f 4886/1673/4 4887/1669/4 4911/1670/4
f 4886/1673/4 4911/1670/4 4912/1674/4
f 4852/1675/4 4853/1671/4 4867/1672/4
f 4885/1676/4 4886/1673/4 4912/1674/4
f 4852/1675/4 4867/1672/4 4868/1677/4
f 4851/1678/4 4852/1675/4 4868/1677/4
f 4851/1678/4 4868/1677/4 4869/1679/4
f 4850/1680/4 4851/1678/4 4869/1679/4
f 4850/1680/4 4869/1679/4 4870/1681/4
f 4849/1682/4 4850/1680/4 4870/1681/4
f 4849/1682/4 4870/1681/4 4871/1683/4
f 4848/1684/4 4849/1682/4 4871/1683/4
f 4848/1684/4 4871/1683/4 4872/1685/4
f 4847/1686/4 4848/1684/4 4872/1685/4
f 4847/1686/4 4872/1685/4 4873/1687/4
f 4846/101/4 4847/1686/4 4873/1687/4
f 4924/1688/4 4925/1690/4 4926/1689/4
f 4923/1691/4 4924/1688/4 4926/1689/4
f 4922/1692/4 4923/1691/4 4926/1689/4
f 4921/1693/4 4922/1692/4 4926/1689/4
f 4920/1694/4 4921/1693/4 4926/1689/4
f 4919/1695/4 4920/1694/4 4926/1689/4
f 4918/1184/4 4919/1695/4 4926/1689/4
f 4917/1696/4 4918/1184/4 4926/1689/4
f 4916/1697/4 4917/1696/4 4926/1689/4
f 4915/1698/4 4916/1697/4 4926/1689/4
f 4914/1699/4 4915/1698/4 4926/1689/4
f 4913/1700/4 4914/1699/4 4926/1689/4
f 4912/1674/4 4913/1700/4 4926/1689/4
f 4885/1676/4 4912/1674/4 4926/1689/4
f 4884/1701/4 4885/1676/4 4926/1689/4
f 4883/1702/4 4884/1701/4 4926/1689/4
f 4882/1703/4 4883/1702/4 4926/1689/4
f 4881/1704/4 4882/1703/4 4926/1689/4
f 4880/1705/4 4881/1704/4 4926/1689/4
f 4879/1706/4 4880/1705/4 4926/1689/4
f 4878/128/4 4879/1706/4 4926/1689/4
f 4877/1707/4 4878/128/4 4926/1689/4
f 4876/1708/4 4877/1707/4 4926/1689/4
f 4875/1709/4 4876/1708/4 4926/1689/4
f 4874/1710/4 4875/1709/4 4926/1689/4
f 4873/1687/4 4874/1710/4 4926/1689/4
f 4846/101/4 4873/1687/4 4927/1711/4
f 4927/1711/4 4873/1687/4 4926/1689/4
f 5134/3/4 4846/101/4 4928/1712/4
f 4928/1712/4 4846/101/4 4927/1711/4
f 5133/1713/4 5134/3/4 4928/1712/4
f 5132/1714/4 5133/1713/4 4928/1712/4
f 5131/1715/4 5132/1714/4 4928/1712/4
f 5130/1716/4 5131/1715/4 4929/1717/4
f 4929/1717/4 5131/1715/4 4928/1712/4
f 5129/1718/4 5130/1716/4 4929/1717/4
f 5128/1719/4 5129/1718/4 4929/1717/4
f 5127/1720/4 5128/1719/4 4929/1717/4
f 5126/1721/4 5127/1720/4 4929/1717/4
f 5125/1722/4 5126/1721/4 4929/1717/4
f 5124/1723/4 5125/1722/4 4929/1717/4
f 5123/1724/4 5124/1723/4 4929/1717/4
f 5122/1725/4 5123/1724/4 4929/1717/4
f 5121/1726/4 5122/1725/4 5120/1727/4
f 5120/1727/4 5122/1725/4 5119/1728/4
f 5119/1728/4 5122/1725/4 5118/1729/4
f 5118/1729/4 5122/1725/4 5117/1730/4
f 5117/1730/4 5122/1725/4 5116/1731/4
f 5116/1731/4 5122/1725/4 5115/1732/4
f 5115/1732/4 5122/1725/4 5114/1733/4
f 5114/1733/4 5122/1725/4 5113/1734/4
f 5113/1734/4 5122/1725/4 5112/1735/4
f 5112/1735/4 5122/1725/4 5111/1736/4
f 5111/1736/4 5122/1725/4 5110/1737/4
f 5110/1737/4 5122/1725/4 5109/1738/4
f 5109/1738/4 5122/1725/4 5108/1739/4
f 5108/1739/4 5122/1725/4 5035/1740/4
f 5035/1740/4 5122/1725/4 5033/1741/4
f 5033/1741/4 5122/1725/4 5032/1742/4
f 5032/1742/4 5122/1725/4 5031/1743/4
f 5031/1743/4 5122/1725/4 5030/1744/4
f 5030/1744/4 5122/1725/4 5029/1745/4
f 5029/1745/4 5122/1725/4 5028/1746/4
f 5028/1746/4 5122/1725/4 5027/1747/4
f 5027/1747/4 5122/1725/4 5026/1748/4
f 5026/1748/4 5122/1725/4 5025/1749/4
f 5025/1749/4 5122/1725/4 5024/1750/4
f 5024/1750/4 5122/1725/4 5023/1751/4
f 5023/1751/4 5122/1725/4 4950/1752/4
f 4950/1752/4 5122/1725/4 4949/1753/4
f 4949/1753/4 5122/1725/4 4948/1754/4
f 4948/1754/4 5122/1725/4 4947/1755/4
f 4947/1755/4 5122/1725/4 4946/1756/4
f 4946/1756/4 5122/1725/4 4945/1757/4
f 4945/1757/4 5122/1725/4 4944/1758/4
f 4944/1758/4 5122/1725/4 4943/1759/4
f 4943/1759/4 5122/1725/4 4942/218/4
f 4942/218/4 5122/1725/4 4941/1760/4
f 4941/1760/4 5122/1725/4 4940/1761/4
f 4940/1761/4 5122/1725/4 4939/1762/4
f 4939/1762/4 5122/1725/4 4938/1763/4
f 4938/1763/4 5122/1725/4 4932/1764/4
f 4932/1764/4 5122/1725/4 4931/1765/4
f 4931/1765/4 5122/1725/4 4930/1766/4
f 4930/1766/4 5122/1725/4 4929/1717/4
f 4938/1763/4 4932/1764/4 4933/1767/4
f 4938/1763/4 4933/1767/4 4934/1768/4
f 4938/1763/4 4934/1768/4 4935/1769/4
f 4938/1763/4 4935/1769/4 4936/1770/4
f 4938/1763/4 4936/1770/4 4937/1771/4
f 5023/1751/4 4950/1752/4 4951/1772/4
f 5022/1773/4 5023/1751/4 4951/1772/4
f 5022/1773/4 4951/1772/4 4952/1774/4
f 5021/1775/4 5022/1773/4 4952/1774/4
f 5035/1740/4 5033/1741/4 5034/1776/4
f 5108/1739/4 5035/1740/4 5036/1777/4
f 5020/1778/4 5021/1775/4 4952/1774/4
f 5020/1778/4 4952/1774/4 4953/1779/4
f 5107/1780/4 5108/1739/4 5036/1777/4
f 5019/1781/4 5020/1778/4 4953/1779/4
f 5019/1781/4 4953/1779/4 4954/1782/4
f 5107/1780/4 5036/1777/4 5037/1783/4
f 5106/1784/4 5107/1780/4 5037/1783/4
f 5018/1785/4 5019/1781/4 4954/1782/4
f 5018/1785/4 4954/1782/4 4955/1786/4
f 5017/1787/4 5018/1785/4 4955/1786/4
f 5106/1784/4 5037/1783/4 5038/247/4
f 5105/1788/4 5106/1784/4 5038/247/4
f 5017/1787/4 4955/1786/4 4956/1789/4
f 5016/1790/4 5017/1787/4 4956/1789/4
f 5105/1788/4 5038/247/4 5039/1791/4
f 5015/1792/4 5016/1790/4 4956/1789/4
f 5015/1792/4 4956/1789/4 4957/1793/4
f 5104/1794/4 5105/1788/4 5039/1791/4
f 5014/1795/4 5015/1792/4 4957/1793/4
f 5014/1795/4 4957/1793/4 4958/1796/4
f 5104/1794/4 5039/1791/4 5040/1797/4
f 5013/1798/4 5014/1795/4 4958/1796/4
f 5103/1799/4 5104/1794/4 5040/1797/4
f 5012/1800/4 5013/1798/4 4958/1796/4
f 5012/1800/4 4958/1796/4 4959/1801/4
f 5103/1799/4 5040/1797/4 5041/1802/4
f 5011/1803/4 5012/1800/4 4959/1801/4
f 5102/165/4 5103/1799/4 5041/1802/4
f 5011/1803/4 4959/1801/4 4960/1804/4
f 5010/1805/4 5011/1803/4 4960/1804/4
f 5009/1806/4 5010/1805/4 4960/1804/4
f 5008/1807/4 5009/1806/4 4960/1804/4
f 5102/165/4 5041/1802/4 5042/1808/4
f 5008/1807/4 4960/1804/4 4961/1809/4
f 5007/1810/4 5008/1807/4 4961/1809/4
f 4986/1811/4 4987/1813/4 4988/1812/4
f 4986/1811/4 4988/1812/4 4989/1814/4
f 5006/271/4 5007/1810/4 4961/1809/4
f 4986/1811/4 4989/1814/4 4990/433/4
f 4986/1811/4 4990/433/4 4991/1815/4
f 5101/1816/4 5102/165/4 5042/1808/4
f 5005/1817/4 5006/271/4 4961/1809/4
f 4986/1811/4 4991/1815/4 4992/1818/4
f 5004/1819/4 5005/1817/4 4961/1809/4
f 4986/1811/4 4992/1818/4 4993/1820/4
f 4986/1811/4 4993/1820/4 4994/1821/4
f 5003/1822/4 5004/1819/4 4961/1809/4
f 4986/1811/4 4994/1821/4 4995/1823/4
f 5002/1824/4 5003/1822/4 4961/1809/4
f 4986/1811/4 4995/1823/4 4996/1825/4
f 5001/1826/4 5002/1824/4 4961/1809/4
f 4986/1811/4 4996/1825/4 4997/1827/4
f 4986/1811/4 4997/1827/4 4998/1828/4
f 5000/1829/4 5001/1826/4 4961/1809/4
f 4986/1811/4 4998/1828/4 4999/1830/4
f 4999/1830/4 5000/1829/4 4961/1809/4
f 4986/1811/4 4999/1830/4 4961/1809/4
f 4986/1811/4 4961/1809/4 4962/1831/4
f 5101/1816/4 5042/1808/4 5043/1832/4
f 4986/1811/4 4962/1831/4 4963/1833/4
f 5100/1834/4 5101/1816/4 5043/1832/4
f 4986/1811/4 4963/1833/4 4964/1835/4
f 5100/1834/4 5043/1832/4 5044/1836/4
f 4986/1811/4 4964/1835/4 4965/1837/4
f 5099/1838/4 5100/1834/4 5044/1836/4
f 4986/1811/4 4965/1837/4 4966/1839/4
f 5099/1838/4 5044/1836/4 5045/1840/4
f 4986/1811/4 4966/1839/4 4967/1841/4
f 5098/1842/4 5099/1838/4 5045/1840/4
f 4986/1811/4 4967/1841/4 4968/1843/4
f 4985/1844/4 4986/1811/4 4968/1843/4
f 4984/1845/4 4985/1844/4 4968/1843/4
f 4984/1845/4 4968/1843/4 4969/1846/4
f 4983/1847/4 4984/1845/4 4969/1846/4
f 4982/1848/4 4983/1847/4 4969/1846/4
f 5098/1842/4 5045/1840/4 5046/1849/4
f 4981/1850/4 4982/1848/4 4969/1846/4
f 4981/1850/4 4969/1846/4 4970/1851/4
f 4980/1852/4 4981/1850/4 4970/1851/4
f 4979/1853/4 4980/1852/4 4970/1851/4
f 4979/1853/4 4970/1851/4 4971/1854/4
f 4978/1855/4 4979/1853/4 4971/1854/4
f 4978/1855/4 4971/1854/4 4972/1856/4
f 4977/1857/4 4978/1855/4 4972/1856/4
f 4976/1858/4 4977/1857/4 4972/1856/4
f 4976/1858/4 4972/1856/4 4973/1859/4
f 4975/1860/4 4976/1858/4 4973/1859/4
f 5097/1861/4 5098/1842/4 5046/1849/4
f 4975/1860/4 4973/1859/4 4974/277/4
f 5097/1861/4 5046/1849/4 5047/1862/4
f 5096/1863/4 5097/1861/4 5047/1862/4
f 5096/1863/4 5047/1862/4 5048/1864/4
f 5095/1865/4 5096/1863/4 5048/1864/4
f 5095/1865/4 5048/1864/4 5049/1866/4
f 5095/1865/4 5049/1866/4 5050/1867/4
f 5094/1868/4 5095/1865/4 5050/1867/4
f 5094/1868/4 5050/1867/4 5051/1869/4
f 5093/1870/4 5094/1868/4 5051/1869/4
f 5093/1870/4 5051/1869/4 5052/1871/4
f 5093/1870/4 5052/1871/4 5053/1872/4
f 5092/1873/4 5093/1870/4 5053/1872/4
f 5092/1873/4 5053/1872/4 5054/1874/4
f 5070/188/4 5071/1876/4 5072/1875/4
f 5092/1873/4 5054/1874/4 5055/1877/4
f 5069/1878/4 5070/188/4 5072/1875/4
f 5068/1879/4 5069/1878/4 5072/1875/4
f 5067/1880/4 5068/1879/4 5072/1875/4
f 5092/1873/4 5055/1877/4 5056/1881/4
f 5066/1882/4 5067/1880/4 5072/1875/4
f 5065/1883/4 5066/1882/4 5072/1875/4
f 5091/1884/4 5092/1873/4 5056/1881/4
f 5091/1884/4 5056/1881/4 5057/1885/4
f 5064/1886/4 5065/1883/4 5072/1875/4
f 5063/1887/4 5064/1886/4 5072/1875/4
f 5062/1259/4 5063/1887/4 5072/1875/4
f 5091/1884/4 5057/1885/4 5058/1888/4
f 5061/1889/4 5062/1259/4 5072/1875/4
f 5060/1890/4 5061/1889/4 5072/1875/4
f 5091/1884/4 5058/1888/4 5059/1891/4
f 5059/1891/4 5060/1890/4 5072/1875/4
f 5091/1884/4 5059/1891/4 5072/1875/4
f 5090/1892/4 5091/1884/4 5072/1875/4
f 5089/1893/4 5090/1892/4 5072/1875/4
f 5088/1894/4 5089/1893/4 5072/1875/4
f 5087/1895/4 5088/1894/4 5072/1875/4
f 5087/1895/4 5072/1875/4 5073/1896/4
f 5087/1895/4 5073/1896/4 5074/1897/4
f 5087/1895/4 5074/1897/4 5075/1898/4
f 5086/1899/4 5087/1895/4 5075/1898/4
f 5086/1899/4 5075/1898/4 5076/1900/4
f 5086/1899/4 5076/1900/4 5077/1901/4
f 5086/1899/4 5077/1901/4 5078/1902/4
f 5086/1899/4 5078/1902/4 5079/1903/4
f 5085/1904/4 5086/1899/4 5079/1903/4
f 5085/1904/4 5079/1903/4 5080/1905/4
f 5085/1904/4 5080/1905/4 5081/1906/4
f 5085/1904/4 5081/1906/4 5082/1907/4
f 5084/1908/4 5085/1904/4 5082/1907/4
f 5084/1908/4 5082/1907/4 5083/1909/4
f 5310/1910/4 5311/1912/4 5312/1911/4
f 5310/1910/4 5312/1911/4 5313/1913/4
f 5324/1914/4 5325/1916/4 5326/1915/4
f 5323/1917/4 5324/1914/4 5326/1915/4
f 5322/1918/4 5323/1917/4 5326/1915/4
f 5321/1919/4 5322/1918/4 5326/1915/4
f 5320/1920/4 5321/1919/4 5326/1915/4
f 5319/165/4 5320/1920/4 5326/1915/4
f 5318/1921/4 5319/165/4 5326/1915/4
f 5318/1921/4 5326/1915/4 5214/1922/4
f 5317/1923/4 5318/1921/4 5214/1922/4
f 5316/1924/4 5317/1923/4 5214/1922/4
f 5316/1924/4 5214/1922/4 5215/1925/4
f 5315/1926/4 5316/1924/4 5215/1925/4
f 5315/1926/4 5215/1925/4 5216/1927/4
f 5314/1928/4 5315/1926/4 5216/1927/4
f 5314/1928/4 5216/1927/4 5217/1929/4
f 5313/1913/4 5314/1928/4 5217/1929/4
f 5310/1910/4 5313/1913/4 5225/1930/4
f 5225/1930/4 5313/1913/4 5217/1929/4
f 5225/1930/4 5217/1929/4 5218/1931/4
f 5225/1930/4 5218/1931/4 5219/1932/4
f 5225/1930/4 5219/1932/4 5220/1933/4
f 5225/1930/4 5220/1933/4 5221/1934/4
f 5225/1930/4 5221/1934/4 5222/1935/4
f 5225/1930/4 5222/1935/4 5223/1936/4
f 5225/1930/4 5223/1936/4 5224/1937/4
f 5261/1938/4 5262/1940/4 5263/1939/4
f 5261/1938/4 5263/1939/4 5264/1941/4
f 5261/1938/4 5264/1941/4 5265/1942/4
f 5261/1938/4 5265/1942/4 5266/1943/4
f 5261/1938/4 5266/1943/4 5267/1944/4
f 5310/1910/4 5225/1930/4 5226/1945/4
f 5261/1938/4 5267/1944/4 5268/1946/4
f 5261/1938/4 5268/1946/4 5269/1947/4
f 5261/1938/4 5269/1947/4 5270/1948/4
f 5261/1938/4 5270/1948/4 5271/1949/4
f 5261/1938/4 5271/1949/4 5272/1950/4
f 5261/1938/4 5272/1950/4 5273/247/4
f 5260/1951/4 5261/1938/4 5273/247/4
f 5260/1951/4 5273/247/4 5274/1952/4
f 5260/1951/4 5274/1952/4 5275/1953/4
f 5259/1954/4 5260/1951/4 5275/1953/4
f 5259/1954/4 5275/1953/4 5276/1955/4
f 5258/1956/4 5259/1954/4 5276/1955/4
f 5257/1957/4 5258/1956/4 5276/1955/4
f 5309/1958/4 5310/1910/4 5226/1945/4
f 5309/1958/4 5226/1945/4 5227/277/4
f 5257/1957/4 5276/1955/4 5277/1959/4
f 5309/1958/4 5227/277/4 5228/1960/4
f 5256/1961/4 5257/1957/4 5277/1959/4
f 5309/1958/4 5228/1960/4 5229/1962/4
f 5255/1963/4 5256/1961/4 5277/1959/4
f 5308/1964/4 5309/1958/4 5229/1962/4
f 5308/1964/4 5229/1962/4 5230/1965/4
f 5255/1963/4 5277/1959/4 5278/1966/4
f 5308/1964/4 5230/1965/4 5231/1967/4
f 5254/1968/4 5255/1963/4 5278/1966/4
f 5308/1964/4 5231/1967/4 5232/1969/4
f 5253/1970/4 5254/1968/4 5278/1966/4
f 5308/1964/4 5232/1969/4 5233/1971/4
f 5308/1964/4 5233/1971/4 5234/1972/4
f 5252/1973/4 5253/1970/4 5278/1966/4
f 5308/1964/4 5234/1972/4 5235/1974/4
f 5307/1975/4 5308/1964/4 5235/1974/4
f 5251/1976/4 5252/1973/4 5278/1966/4
f 5307/1975/4 5235/1974/4 5236/1977/4
f 5307/1975/4 5236/1977/4 5237/1978/4
f 5250/271/4 5251/1976/4 5278/1966/4
f 5307/1975/4 5237/1978/4 5238/1979/4
f 5307/1975/4 5238/1979/4 5239/1980/4
f 5307/1975/4 5239/1980/4 5240/1981/4
f 5307/1975/4 5240/1981/4 5241/1982/4
f 5307/1975/4 5241/1982/4 5242/1983/4
f 5307/1975/4 5242/1983/4 5243/1984/4
f 5307/1975/4 5243/1984/4 5244/1985/4
f 5307/1975/4 5244/1985/4 5245/1986/4
f 5307/1975/4 5245/1986/4 5246/1987/4
f 5307/1975/4 5246/1987/4 5247/1988/4
f 5307/1975/4 5247/1988/4 5248/1989/4
f 5307/1975/4 5248/1989/4 5249/1990/4
f 5307/1975/4 5249/1990/4 5250/271/4
f 5307/1975/4 5250/271/4 5278/1966/4
f 5307/1975/4 5278/1966/4 5279/1991/4
f 5306/1992/4 5307/1975/4 5279/1991/4
f 5306/1992/4 5279/1991/4 5280/1993/4
f 5305/1994/4 5306/1992/4 5280/1993/4
f 5305/1994/4 5280/1993/4 5281/1995/4
f 5304/1996/4 5305/1994/4 5281/1995/4
f 5304/1996/4 5281/1995/4 5282/1997/4
f 5303/1998/4 5304/1996/4 5282/1997/4
f 5302/1999/4 5303/1998/4 5282/1997/4
f 5302/1999/4 5282/1997/4 5283/2000/4
f 5301/2001/4 5302/1999/4 5283/2000/4
f 5301/2001/4 5283/2000/4 5284/2002/4
f 5300/2003/4 5301/2001/4 5284/2002/4
f 5300/2003/4 5284/2002/4 5285/2004/4
f 5299/2005/4 5300/2003/4 5285/2004/4
f 5299/2005/4 5285/2004/4 5286/2006/4
f 5298/2007/4 5299/2005/4 5286/2006/4
f 5297/2008/4 5298/2007/4 5286/2006/4
f 5296/188/1 5297/2008/1 5286/2006/1
f 5295/2009/1 5296/188/1 5286/2006/1
f 5294/2010/1 5295/2009/1 5286/2006/1
f 5293/2011/1 5294/2010/1 5286/2006/1
f 5292/2012/1 5293/2011/1 5286/2006/1
f 5291/2013/1 5292/2012/1 5286/2006/1
f 5290/2014/4 5291/2013/4 5286/2006/4
f 5289/2015/1 5290/2014/1 5286/2006/1
f 5288/2016/1 5289/2015/1 5286/2006/1
f 5287/2017/1 5288/2016/1 5286/2006/1
f 5340/2018/4 5341/2020/4 5332/2019/4
f 5332/2019/4 5341/2020/4 5342/3/4
f 5332/2019/4 5342/3/4 5331/2021/4
f 5331/2021/4 5342/3/4 5335/2022/4
f 5340/2018/4 5332/2019/4 5333/2023/4
f 5334/2024/4 5331/2021/4 5335/2022/4
f 5340/2018/4 5333/2023/4 5329/2025/4
f 5329/2025/4 5333/2023/4 5334/2024/4
f 5329/2025/4 5334/2024/4 5328/2026/4
f 5328/2026/4 5334/2024/4 5335/2022/4
f 5340/2018/4 5329/2025/4 5330/2027/4
f 5327/2028/4 5328/2026/4 5335/2022/4
f 5340/2018/4 5330/2027/4 5338/2029/4
f 5338/2029/4 5330/2027/4 5327/2028/4
f 5338/2029/4 5327/2028/4 5337/2030/4
f 5337/2030/4 5327/2028/4 5335/2022/4
f 5340/2018/4 5338/2029/4 5339/2031/4
f 5336/2032/4 5337/2030/4 5335/2022/4
f 5211/2033/4 5212/2035/4 5213/2034/4
f 5211/2033/4 5213/2034/4 5135/101/4
f 5209/2036/4 5210/2037/4 5211/2033/4
f 5209/2036/4 5211/2033/4 5135/101/4
f 5209/2036/4 5135/101/4 5136/2038/4
f 5209/2036/4 5136/2038/4 5137/2039/4
f 5208/2040/1 5209/2036/1 5137/2039/1
f 5207/2041/4 5208/2040/4 5138/2042/4
f 5138/2042/1 5208/2040/1 5137/2039/1
f 5207/2041/4 5138/2042/4 5139/2043/4
f 5139/2043/4 5140/2045/4 5141/2044/4
f 5207/2041/4 5139/2043/4 5141/2044/4
f 5206/2046/4 5207/2041/4 5141/2044/4
f 5206/2046/4 5141/2044/4 5142/2047/4
f 5205/2048/4 5206/2046/4 5142/2047/4
f 5205/2048/4 5142/2047/4 5204/218/4
f 5204/218/4 5142/2047/4 5143/2049/4
f 5203/2050/4 5204/218/4 5143/2049/4
f 5203/2050/4 5143/2049/4 5144/2051/4
f 5202/2052/4 5203/2050/4 5144/2051/4
f 5201/2053/4 5202/2052/4 5144/2051/4
f 5200/2054/4 5201/2053/4 5144/2051/4
f 5199/2055/4 5200/2054/4 5144/2051/4
f 5199/2055/4 5144/2051/4 5145/2056/4
f 5198/2057/4 5199/2055/4 5145/2056/4
f 5197/2058/4 5198/2057/4 5145/2056/4
f 5196/2059/4 5197/2058/4 5145/2056/4
f 5195/2060/4 5196/2059/4 5145/2056/4
f 5194/2061/4 5195/2060/4 5145/2056/4
f 5193/2062/4 5194/2061/4 5145/2056/4
f 5178/2063/4 5179/2065/4 5180/2064/4
f 5192/2066/4 5193/2062/4 5145/2056/4
f 5178/2063/4 5180/2064/4 5181/199/4
f 5178/2063/4 5181/199/4 5182/2067/4
f 5178/2063/4 5182/2067/4 5183/2068/4
f 5192/2066/4 5145/2056/4 5146/2069/4
f 5191/2070/4 5192/2066/4 5146/2069/4
f 5178/2063/4 5183/2068/4 5184/2071/4
f 5178/2063/4 5184/2071/4 5185/2072/4
f 5178/2063/4 5185/2072/4 5186/2073/4
f 5178/2063/4 5186/2073/4 5187/2074/4
f 5178/2063/4 5187/2074/4 5188/2075/4
f 5178/2063/4 5188/2075/4 5189/2076/4
f 5178/2063/4 5189/2076/4 5190/2077/4
f 5178/2063/4 5190/2077/4 5191/2070/4
f 5178/2063/4 5191/2070/4 5146/2069/4
f 5177/2078/4 5178/2063/4 5146/2069/4
f 5177/2078/4 5146/2069/4 5147/2079/4
f 5176/2080/4 5177/2078/4 5147/2079/4
f 5175/2081/4 5176/2080/4 5147/2079/4
f 5175/2081/4 5147/2079/4 5148/2082/4
f 5174/2083/4 5175/2081/4 5148/2082/4
f 5174/2083/4 5148/2082/4 5149/2084/4
f 5173/2085/4 5174/2083/4 5149/2084/4
f 5173/2085/4 5149/2084/4 5150/2086/4
f 5172/2087/4 5173/2085/4 5150/2086/4
f 5172/2087/4 5150/2086/4 5151/2088/4
f 5172/2087/4 5151/2088/4 5152/2089/4
f 5171/2090/4 5172/2087/4 5152/2089/4
f 5171/2090/4 5152/2089/4 5153/2091/4
f 5170/2092/4 5171/2090/4 5153/2091/4
f 5170/2092/4 5153/2091/4 5154/2093/4
f 5170/2092/4 5154/2093/4 5155/2094/4
f 5169/2095/4 5170/2092/4 5155/2094/4
f 5169/2095/4 5155/2094/4 5156/2096/4
f 5169/2095/4 5156/2096/4 5157/2097/4
f 5168/2098/4 5169/2095/4 5157/2097/4
f 5168/2098/4 5157/2097/4 5158/128/4
f 5168/2098/4 5158/128/4 5159/2099/4
f 5167/2100/4 5168/2098/4 5159/2099/4
f 5167/2100/4 5159/2099/4 5160/2101/4
f 5167/2100/4 5160/2101/4 5161/2102/4
f 5167/2100/4 5161/2102/4 5162/2103/4
f 5167/2100/4 5162/2103/4 5163/2104/4
f 5167/2100/4 5163/2104/4 5164/2105/4
f 5167/2100/4 5164/2105/4 5165/2106/4
f 5166/2107/4 5167/2100/4 5165/2106/4
f 5360/164/4 5361/149/4 5348/210/4
f 5348/210/4 5361/149/4 5362/3/4
f 5348/210/4 5362/3/4 5347/195/4
f 5347/195/4 5362/3/4 5355/235/4
f 5360/164/4 5348/210/4 5349/222/4
f 5350/224/4 5347/195/4 5355/235/4
f 5360/164/4 5349/222/4 5345/129/4
f 5345/129/4 5349/222/4 5350/224/4
f 5345/129/4 5350/224/4 5344/138/4
f 5344/138/4 5350/224/4 5355/235/4
f 5360/164/4 5345/129/4 5346/172/4
f 5343/101/4 5344/138/4 5355/235/4
f 5360/164/4 5346/172/4 5353/280/4
f 5353/280/4 5346/172/4 5343/101/4
f 5353/280/4 5343/101/4 5352/290/4
f 5352/290/4 5343/101/4 5355/235/4
f 5360/164/4 5353/280/4 5354/259/4
f 5351/265/4 5352/290/4 5355/235/4
f 5360/164/4 5354/259/4 5358/187/4
f 5358/187/4 5354/259/4 5351/265/4
f 5358/187/4 5351/265/4 5357/232/4
f 5357/232/4 5351/265/4 5355/235/4
f 5360/164/4 5358/187/4 5359/177/4
f 5356/257/4 5357/232/4 5355/235/4
f 5548/850/4 5549/852/4 5550/851/4
f 5548/850/4 5550/851/4 5551/853/4
f 5547/854/4 5548/850/4 5551/853/4
f 5547/854/4 5551/853/4 5552/61/4
f 5546/855/4 5547/854/4 5552/61/4
f 5546/855/4 5552/61/4 5553/856/4
f 5545/857/4 5546/855/4 5553/856/4
f 5545/857/4 5553/856/4 5554/858/4
f 5544/859/4 5545/857/4 5554/858/4
f 5544/859/4 5554/858/4 5555/860/4
f 5544/859/4 5555/860/4 5556/861/4
f 5543/862/4 5544/859/4 5556/861/4
f 5543/862/4 5556/861/4 5557/863/4
f 5542/864/4 5543/862/4 5557/863/4
f 5542/864/4 5557/863/4 5558/865/4
f 5541/866/4 5542/864/4 5558/865/4
f 5541/866/4 5558/865/4 5559/867/4
f 5540/868/4 5541/866/4 5559/867/4
f 5540/868/4 5559/867/4 5560/869/4
f 5573/870/4 5574/872/4 5575/871/4
f 5539/873/4 5540/868/4 5560/869/4
f 5572/874/4 5573/870/4 5575/871/4
f 5571/875/4 5572/874/4 5575/871/4
f 5539/873/4 5560/869/4 5561/247/4
f 5570/876/4 5571/875/4 5575/871/4
f 5538/877/4 5539/873/4 5561/247/4
f 5569/878/4 5570/876/4 5575/871/4
f 5568/879/4 5569/878/4 5575/871/4
f 5538/877/4 5561/247/4 5562/880/4
f 5567/881/4 5568/879/4 5575/871/4
f 5537/882/4 5538/877/4 5562/880/4
f 5566/883/4 5567/881/4 5575/871/4
f 5523/884/4 5524/885/4 5525/39/4
f 5565/886/4 5566/883/4 5575/871/4
f 5523/884/4 5525/39/4 5526/887/4
f 5523/884/4 5526/887/4 5527/888/4
f 5564/889/4 5565/886/4 5575/871/4
f 5523/884/4 5527/888/4 5528/271/4
f 5563/890/4 5564/889/4 5575/871/4
f 5523/884/4 5528/271/4 5529/891/4
f 5562/880/4 5563/890/4 5575/871/4
f 5523/884/4 5529/891/4 5530/892/4
f 5537/882/4 5562/880/4 5575/871/4
f 5523/884/4 5530/892/4 5531/893/4
f 5523/884/4 5531/893/4 5532/894/4
f 5523/884/4 5532/894/4 5533/895/4
f 5536/896/4 5537/882/4 5575/871/4
f 5523/884/4 5533/895/4 5534/897/4
f 5523/884/4 5534/897/4 5535/898/4
f 5523/884/4 5535/898/4 5536/896/4
f 5523/884/4 5536/896/4 5575/871/4
f 5523/884/4 5575/871/4 5576/899/4
f 5523/884/4 5576/899/4 5577/900/4
f 5523/884/4 5577/900/4 5578/901/4
f 5523/884/4 5578/901/4 5579/66/4
f 5523/884/4 5579/66/4 5580/902/4
f 5523/884/4 5580/902/4 5581/903/4
f 5523/884/4 5581/903/4 5582/904/4
f 5523/884/4 5582/904/4 5583/905/4
f 5523/884/4 5583/905/4 5584/906/4
f 5522/907/4 5523/884/4 5584/906/4
f 5522/907/4 5584/906/4 5585/908/4
f 5521/909/4 5522/907/4 5585/908/4
f 5521/909/4 5585/908/4 5586/910/4
f 5520/911/4 5521/909/4 5586/910/4
f 5519/912/4 5520/911/4 5586/910/4
f 5519/912/4 5586/910/4 5587/913/4
f 5518/914/4 5519/912/4 5587/913/4
f 5517/915/4 5518/914/4 5587/913/4
f 5517/915/4 5587/913/4 5510/916/4
f 5510/916/4 5587/913/4 5588/917/4
f 5516/918/4 5517/915/4 5510/916/4
f 5515/919/4 5516/918/4 5510/916/4
f 5514/920/4 5515/919/4 5510/916/4
f 5513/921/4 5514/920/4 5510/916/4
f 5512/922/4 5513/921/4 5510/916/4
f 5511/923/4 5512/922/4 5510/916/4
f 5509/924/4 5510/916/4 5588/917/4
f 5509/924/4 5588/917/4 5589/925/4
f 5508/926/4 5509/924/4 5589/925/4
f 5508/926/4 5589/925/4 5590/927/4
f 5508/926/4 5590/927/4 5591/928/4
f 5507/929/4 5508/926/4 5591/928/4
f 5507/929/4 5591/928/4 5592/930/4
f 5506/931/4 5507/929/4 5592/930/4
f 5506/931/4 5592/930/4 5593/932/4
f 5506/931/4 5593/932/4 5594/188/4
f 5646/933/4 5647/935/4 5648/934/4
f 5505/936/4 5506/931/4 5594/188/4
f 5645/937/4 5646/933/4 5648/934/4
f 5505/936/4 5594/188/4 5595/938/4
f 5644/939/4 5645/937/4 5648/934/4
f 5643/940/4 5644/939/4 5648/934/4
f 5642/941/4 5643/940/4 5648/934/4
f 5641/942/4 5642/941/4 5648/934/4
f 5505/936/4 5595/938/4 5596/943/4
f 5640/944/4 5641/942/4 5648/934/4
f 5639/945/4 5640/944/4 5648/934/4
f 5638/946/4 5639/945/4 5648/934/4
f 5504/947/4 5505/936/4 5596/943/4
f 5637/948/4 5638/946/4 5648/934/4
f 5610/949/4 5611/951/4 5612/950/4
f 5609/952/4 5610/949/4 5612/950/4
f 5609/952/4 5612/950/4 5613/953/4
f 5608/954/4 5609/952/4 5613/953/4
f 5504/947/4 5596/943/4 5597/955/4
f 5607/956/4 5608/954/4 5613/953/4
f 5607/956/4 5613/953/4 5614/957/4
f 5636/958/4 5637/948/4 5648/934/4
f 5606/44/4 5607/956/4 5614/957/4
f 5635/959/4 5636/958/4 5648/934/4
f 5606/44/4 5614/957/4 5615/960/4
f 5605/961/4 5606/44/4 5615/960/4
f 5634/962/4 5635/959/4 5648/934/4
f 5604/963/4 5605/961/4 5615/960/4
f 5604/963/4 5615/960/4 5616/964/4
f 5603/965/4 5604/963/4 5616/964/4
f 5504/947/4 5597/955/4 5598/966/4
f 5633/22/4 5634/962/4 5648/934/4
f 5603/965/4 5616/964/4 5617/967/4
f 5602/968/4 5603/965/4 5617/967/4
f 5632/969/4 5633/22/4 5648/934/4
f 5601/970/4 5602/968/4 5617/967/4
f 5503/971/4 5504/947/4 5598/966/4
f 5601/970/4 5617/967/4 5618/972/4
f 5503/971/4 5598/966/4 5599/973/4
f 5600/974/4 5601/970/4 5618/972/4
f 5631/975/4 5632/969/4 5648/934/4
f 5599/973/4 5600/974/4 5618/972/4
f 5599/973/4 5618/972/4 5619/976/4
f 5630/977/4 5631/975/4 5648/934/4
f 5503/971/4 5599/973/4 5619/976/4
f 5629/978/4 5630/977/4 5648/934/4
f 5503/971/4 5619/976/4 5620/979/4
f 5629/978/4 5648/934/4 5649/980/4
f 5628/981/4 5629/978/4 5649/980/4
f 5628/981/4 5649/980/4 5650/982/4
f 5502/983/4 5503/971/4 5620/979/4
f 5628/981/4 5650/982/4 5651/984/4
f 5628/981/4 5651/984/4 5652/985/4
f 5502/983/4 5620/979/4 5474/986/4
f 5474/986/4 5620/979/4 5473/987/4
f 5473/987/4 5620/979/4 5621/988/4
f 5627/165/4 5628/981/4 5652/985/4
f 5627/165/4 5652/985/4 5653/989/4
f 5627/165/4 5653/989/4 5654/990/4
f 5627/165/4 5654/990/4 5655/991/4
f 5626/992/4 5627/165/4 5655/991/4
f 5626/992/4 5655/991/4 5656/993/4
f 5472/994/4 5473/987/4 5621/988/4
f 5472/994/4 5621/988/4 5622/995/4
f 5471/93/4 5472/994/4 5622/995/4
f 5502/983/4 5474/986/4 5475/996/4
f 5470/997/4 5471/93/4 5622/995/4
f 5626/992/4 5656/993/4 5657/998/4
f 5502/983/4 5475/996/4 5476/999/4
f 5469/1000/4 5470/997/4 5622/995/4
f 5625/1001/4 5626/992/4 5657/998/4
f 5625/1001/4 5657/998/4 5658/1002/4
f 5502/983/4 5476/999/4 5477/1003/4
f 5468/1004/4 5469/1000/4 5622/995/4
f 5625/1001/4 5658/1002/4 5659/1005/4
f 5502/983/4 5477/1003/4 5478/1006/4
f 5467/1007/4 5468/1004/4 5622/995/4
f 5625/1001/4 5659/1005/4 5660/3/4
f 5624/1008/4 5625/1001/4 5660/3/4
f 5501/1009/4 5502/983/4 5478/1006/4
f 5467/1007/4 5622/995/4 5623/1010/4
f 5624/1008/4 5660/3/4 5363/101/4
f 5501/1009/4 5478/1006/4 5479/1011/4
f 5466/1012/4 5467/1007/4 5623/1010/4
f 5623/1010/4 5624/1008/4 5363/101/4
f 5623/1010/4 5363/101/4 5364/1013/4
f 5465/1014/4 5466/1012/4 5623/1010/4
f 5501/1009/4 5479/1011/4 5480/1015/4
f 5623/1010/4 5364/1013/4 5365/1016/4
f 5464/1017/4 5465/1014/4 5623/1010/4
f 5464/1017/4 5623/1010/4 5365/1016/4
f 5501/1009/4 5480/1015/4 5481/1018/4
f 5464/1017/4 5365/1016/4 5366/1019/4
f 5463/1020/4 5464/1017/4 5366/1019/4
f 5501/1009/4 5481/1018/4 5482/1021/4
f 5463/1020/4 5366/1019/4 5367/1022/4
f 5500/1023/4 5501/1009/4 5482/1021/4
f 5462/218/4 5463/1020/4 5367/1022/4
f 5500/1023/4 5482/1021/4 5483/1024/4
f 5462/218/4 5367/1022/4 5368/1025/4
f 5462/218/4 5368/1025/4 5369/1026/4
f 5461/1027/4 5462/218/4 5369/1026/4
f 5500/1023/4 5483/1024/4 5484/1028/4
f 5461/1027/4 5369/1026/4 5370/1029/4
f 5460/1030/4 5461/1027/4 5370/1029/4
f 5500/1023/4 5484/1028/4 5485/1031/4
f 5460/1030/4 5370/1029/4 5371/1032/4
f 5499/1033/4 5500/1023/4 5485/1031/4
f 5499/1033/4 5485/1031/4 5486/1034/4
f 5460/1030/4 5371/1032/4 5372/1035/4
f 5459/1036/4 5460/1030/4 5372/1035/4
f 5499/1033/4 5486/1034/4 5487/1037/4
f 5459/1036/4 5372/1035/4 5373/1038/4
f 5499/1033/4 5487/1037/4 5488/1039/4
f 5459/1036/4 5373/1038/4 5374/1040/4
f 5458/1041/4 5459/1036/4 5374/1040/4
f 5499/1033/4 5488/1039/4 5489/1042/4
f 5498/17/4 5499/1033/4 5489/1042/4
f 5458/1041/4 5374/1040/4 5388/1043/4
f 5388/1043/4 5374/1040/4 5375/1044/4
f 5498/17/4 5489/1042/4 5490/1045/4
f 5457/1046/4 5458/1041/4 5388/1043/4
f 5498/17/4 5490/1045/4 5491/1047/4
f 5498/17/4 5491/1047/4 5492/1048/4
f 5497/1049/4 5498/17/4 5492/1048/4
f 5456/1050/4 5457/1046/4 5388/1043/4
f 5497/1049/4 5492/1048/4 5493/1051/4
f 5456/1050/4 5388/1043/4 5389/1052/4
f 5387/1053/4 5388/1043/4 5375/1044/4
f 5497/1049/4 5493/1051/4 5494/1054/4
f 5455/1055/4 5456/1050/4 5389/1052/4
f 5497/1049/7 5494/1054/7 5495/277/7
f 5455/1055/4 5389/1052/4 5390/122/4
f 5386/1056/4 5387/1053/4 5375/1044/4
f 5497/1049/10 5495/277/10 5496/1057/10
f 5455/1055/4 5390/122/4 5391/1058/4
f 5385/1059/4 5386/1056/4 5375/1044/4
f 5454/1060/4 5455/1055/4 5391/1058/4
f 5454/1060/4 5391/1058/4 5392/1061/4
f 5384/1062/4 5385/1059/4 5375/1044/4
f 5454/1060/4 5392/1061/4 5393/1063/4
f 5453/1064/4 5454/1060/4 5393/1063/4
f 5383/1065/4 5384/1062/4 5375/1044/4
f 5453/1064/4 5393/1063/4 5394/1066/4
f 5382/1067/4 5383/1065/4 5375/1044/4
f 5452/1068/4 5453/1064/4 5394/1066/4
f 5452/1068/4 5394/1066/4 5395/1069/4
f 5381/1070/4 5382/1067/4 5375/1044/4
f 5452/1068/4 5395/1069/4 5396/128/4
f 5380/1071/4 5381/1070/4 5375/1044/4
f 5451/1072/4 5452/1068/4 5396/128/4
f 5451/1072/4 5396/128/4 5397/1073/4
f 5379/1074/4 5380/1071/4 5375/1044/4
f 5451/1072/4 5397/1073/4 5398/1075/4
f 5378/1076/4 5379/1074/4 5375/1044/4
f 5450/1077/4 5451/1072/4 5398/1075/4
f 5377/1078/4 5378/1076/4 5375/1044/4
f 5450/1077/4 5398/1075/4 5399/1079/4
f 5376/1080/4 5377/1078/4 5375/1044/4
f 5449/1081/4 5450/1077/4 5399/1079/4
f 5449/1081/4 5399/1079/4 5400/1082/4
f 5449/1081/4 5400/1082/4 5401/1083/4
f 5448/1084/4 5449/1081/4 5401/1083/4
f 5448/1084/4 5401/1083/4 5402/1085/4
f 5448/1084/4 5402/1085/4 5403/1086/4
f 5447/1087/4 5448/1084/4 5403/1086/4
f 5447/1087/4 5403/1086/4 5404/1088/4
f 5447/1087/4 5404/1088/4 5405/1089/4
f 5446/1090/4 5447/1087/4 5405/1089/4
f 5423/1091/4 5424/1093/4 5425/1092/4
f 5446/1090/4 5405/1089/4 5406/1094/4
f 5422/1095/4 5423/1091/4 5425/1092/4
f 5421/1096/4 5422/1095/4 5425/1092/4
f 5446/1090/4 5406/1094/4 5407/1097/4
f 5420/1098/4 5421/1096/4 5425/1092/4
f 5419/1099/4 5420/1098/4 5425/1092/4
f 5446/1090/4 5407/1097/4 5408/1100/4
f 5418/1101/4 5419/1099/4 5425/1092/4
f 5417/100/4 5418/1101/4 5425/1092/4
f 5446/1090/4 5408/1100/4 5409/1102/4
f 5416/1103/4 5417/100/4 5425/1092/4
f 5445/1104/4 5446/1090/4 5409/1102/4
f 5445/1104/4 5409/1102/4 5410/1105/4
f 5415/1106/4 5416/1103/4 5425/1092/4
f 5414/1107/4 5415/1106/4 5425/1092/4
f 5445/1104/4 5410/1105/4 5411/1108/4
f 5413/1109/4 5414/1107/4 5425/1092/4
f 5445/1104/4 5411/1108/4 5412/1110/4
f 5412/1110/4 5413/1109/4 5425/1092/4
f 5445/1104/4 5412/1110/4 5425/1092/4
f 5444/78/4 5445/1104/4 5425/1092/4
f 5443/1111/4 5444/78/4 5425/1092/4
f 5442/1112/4 5443/1111/4 5425/1092/4
f 5441/1113/4 5442/1112/4 5425/1092/4
f 5441/1113/4 5425/1092/4 5426/1114/4
f 5441/1113/4 5426/1114/4 5427/1115/4
f 5441/1113/4 5427/1115/4 5428/1116/4
f 5440/1117/4 5441/1113/4 5428/1116/4
f 5440/1117/4 5428/1116/4 5429/199/4
f 5440/1117/4 5429/199/4 5430/1118/4
f 5440/1117/4 5430/1118/4 5431/1119/4
f 5439/1120/4 5440/1117/4 5431/1119/4
f 5439/1120/4 5431/1119/4 5432/1121/4
f 5439/1120/4 5432/1121/4 5433/1122/4
f 5438/1123/4 5439/1120/4 5433/1122/4
f 5438/1123/4 5433/1122/4 5434/1124/4
f 5438/1123/4 5434/1124/4 5435/1125/4
f 5437/1126/4 5438/1123/4 5435/1125/4
f 5437/1126/4 5435/1125/4 5436/1127/4
f 5702/2108/4 5691/2110/4 5692/2109/4
f 5702/2108/4 5692/2109/4 5693/2111/4
f 5702/2108/4 5693/2111/4 5696/2112/4
f 5696/2112/4 5693/2111/4 5694/2113/4
f 5696/2112/4 5694/2113/4 5695/1488/4
f 5702/2108/4 5696/2112/4 5697/2114/4
f 5700/2115/4 5701/2117/4 5689/2116/4
f 5689/2116/4 5701/2117/4 5702/2108/4
f 5689/2116/4 5702/2108/4 5697/2114/4
f 5689/2116/4 5697/2114/4 5698/2118/4
f 5689/2116/4 5698/2118/4 5688/2119/4
f 5688/2119/4 5698/2118/4 5699/2120/4
f 5700/2115/4 5689/2116/4 5690/2121/4
f 5687/2122/4 5688/2119/4 5699/2120/4
f 5700/2115/4 5690/2121/4 5687/2122/4
f 5700/2115/4 5687/2122/4 5699/2120/4
f 5727/2123/4 5728/2125/4 5703/2124/4
f 5726/2126/4 5727/2123/4 5703/2124/4
f 5726/2126/4 5703/2124/4 5704/2127/4
f 5725/2128/4 5726/2126/4 5704/2127/4
f 5725/2128/4 5704/2127/4 5705/2129/4
f 5724/2130/4 5725/2128/4 5705/2129/4
f 5724/2130/4 5705/2129/4 5706/2131/4
f 5723/2132/4 5724/2130/4 5706/2131/4
f 5723/2132/4 5706/2131/4 5707/2133/4
f 5722/2134/4 5723/2132/4 5707/2133/4
f 5722/2134/4 5707/2133/4 5708/2135/4
f 5721/2136/4 5722/2134/4 5708/2135/4
f 5721/2136/4 5708/2135/4 5709/2137/4
f 5720/2138/4 5721/2136/4 5709/2137/4
f 5720/2138/4 5709/2137/4 5710/2139/4
f 5719/2140/4 5720/2138/4 5710/2139/4
f 5719/2140/4 5710/2139/4 5711/2141/4
f 5718/2142/4 5719/2140/4 5711/2141/4
f 5718/2142/4 5711/2141/4 5712/1454/4
f 5717/2143/4 5718/2142/4 5712/1454/4
f 5717/2143/4 5712/1454/4 5713/2144/4
f 5716/2145/4 5717/2143/4 5713/2144/4
f 5716/2145/4 5713/2144/4 5714/2146/4
f 5715/2147/4 5716/2145/4 5714/2146/4
f 5753/2148/4 5754/2149/4 5729/1436/4
f 5752/2150/4 5753/2148/4 5729/1436/4
f 5752/2150/4 5729/1436/4 5730/2151/4
f 5751/2152/4 5752/2150/4 5730/2151/4
f 5751/2152/4 5730/2151/4 5731/2153/4
f 5750/2154/4 5751/2152/4 5731/2153/4
f 5750/2154/4 5731/2153/4 5732/2155/4
f 5749/2156/4 5750/2154/4 5732/2155/4
f 5749/2156/4 5732/2155/4 5733/2157/4
f 5748/2158/4 5749/2156/4 5733/2157/4
f 5748/2158/4 5733/2157/4 5734/2159/4
f 5747/2160/4 5748/2158/4 5734/2159/4
f 5747/2160/4 5734/2159/4 5735/2161/4
f 5747/2160/4 5735/2161/4 5736/2162/4
f 5746/1379/4 5747/2160/4 5736/2162/4
f 5746/1379/4 5736/2162/4 5737/2163/4
f 5745/2164/4 5746/1379/4 5737/2163/4
f 5745/2164/4 5737/2163/4 5738/2165/4
f 5744/2166/4 5745/2164/4 5738/2165/4
f 5744/2166/4 5738/2165/4 5739/2167/4
f 5743/2168/4 5744/2166/4 5739/2167/4
f 5743/2168/4 5739/2167/4 5740/2169/4
f 5742/2170/4 5743/2168/4 5740/2169/4
f 5742/2170/4 5740/2169/4 5741/2171/4
f 5779/2172/4 5780/3/4 5755/2173/4
f 5779/2172/4 5755/2173/4 5756/2174/4
f 5778/2175/4 5779/2172/4 5756/2174/4
f 5778/2175/4 5756/2174/4 5757/2176/4
f 5777/2177/4 5778/2175/4 5757/2176/4
f 5777/2177/4 5757/2176/4 5758/2178/4
f 5776/2179/4 5777/2177/4 5758/2178/4
f 5776/2179/4 5758/2178/4 5759/2180/4
f 5775/2181/4 5776/2179/4 5759/2180/4
f 5775/2181/4 5759/2180/4 5760/2182/4
f 5774/2183/4 5775/2181/4 5760/2182/4
f 5774/2183/4 5760/2182/4 5761/2184/4
f 5773/2185/4 5774/2183/4 5761/2184/4
f 5773/2185/4 5761/2184/4 5762/2186/4
f 5772/2187/4 5773/2185/4 5762/2186/4
f 5772/2187/4 5762/2186/4 5763/1382/4
f 5771/2188/4 5772/2187/4 5763/1382/4
f 5771/2188/4 5763/1382/4 5764/2189/4
f 5770/2190/4 5771/2188/4 5764/2189/4
f 5770/2190/4 5764/2189/4 5765/2191/4
f 5769/2192/4 5770/2190/4 5765/2191/4
f 5769/2192/4 5765/2191/4 5766/2193/4
f 5768/2194/4 5769/2192/4 5766/2193/4
f 5768/2194/4 5766/2193/4 5767/2195/4
f 5684/2196/4 5685/2198/4 5686/2197/4
f 5683/2199/4 5684/2196/4 5686/2197/4
f 5683/2199/4 5686/2197/4 5661/101/4
f 5682/2200/4 5683/2199/4 5661/101/4
f 5682/2200/4 5661/101/4 5662/2201/4
f 5681/2202/4 5682/2200/4 5662/2201/4
f 5681/2202/4 5662/2201/4 5663/2203/4
f 5680/2204/4 5681/2202/4 5663/2203/4
f 5680/2204/4 5663/2203/4 5664/2205/4
f 5679/2206/4 5680/2204/4 5664/2205/4
f 5679/2206/4 5664/2205/4 5665/2207/4
f 5678/1494/4 5679/2206/4 5665/2207/4
f 5678/1494/4 5665/2207/4 5666/2208/4
f 5677/2209/4 5678/1494/4 5666/2208/4
f 5677/2209/4 5666/2208/4 5667/2210/4
f 5676/2211/4 5677/2209/4 5667/2210/4
f 5676/2211/4 5667/2210/4 5668/2212/4
f 5675/2213/4 5676/2211/4 5668/2212/4
f 5675/2213/4 5668/2212/4 5669/2214/4
f 5674/2215/4 5675/2213/4 5669/2214/4
f 5673/2216/4 5674/2215/4 5669/2214/4
f 5673/2216/4 5669/2214/4 5670/2217/4
f 5672/2218/4 5673/2216/4 5670/2217/4
f 5672/2218/4 5670/2217/4 5671/2219/4
f 5803/2220/4 5804/2222/4 5805/2221/4
f 5803/2220/4 5805/2221/4 5806/210/4
f 5802/2223/4 5803/2220/4 5806/210/4
f 5802/2223/4 5806/210/4 5807/2224/4
f 5801/195/4 5802/2223/4 5807/2224/4
f 5801/195/4 5807/2224/4 5808/2225/4
f 5800/543/4 5801/195/4 5808/2225/4
f 5799/2226/4 5800/543/4 5808/2225/4
f 5799/2226/4 5808/2225/4 5809/2227/4
f 5798/2228/4 5799/2226/4 5809/2227/4
f 5798/2228/4 5809/2227/4 5876/3/4
f 5876/3/4 5809/2227/4 5810/2229/4
f 5798/2228/4 5876/3/4 5829/2230/4
f 5875/2231/4 5876/3/4 5810/2229/4
f 5798/2228/4 5829/2230/4 5830/2232/4
f 5874/2233/4 5875/2231/4 5810/2229/4
f 5797/2234/4 5798/2228/4 5830/2232/4
f 5874/2233/4 5810/2229/4 5811/222/4
f 5797/2234/4 5830/2232/4 5831/280/4
f 5873/2235/4 5874/2233/4 5811/222/4
f 5797/2234/4 5831/280/4 5832/2236/4
f 5872/2237/4 5873/2235/4 5811/222/4
f 5797/2234/4 5832/2236/4 5833/2238/4
f 5871/149/4 5872/2237/4 5811/222/4
f 5796/172/4 5797/2234/4 5833/2238/4
f 5871/149/4 5811/222/4 5812/2239/4
f 5796/172/4 5833/2238/4 5834/2240/4
f 5870/2241/4 5871/149/4 5812/2239/4
f 5796/172/4 5834/2240/4 5835/2242/4
f 5869/2243/4 5870/2241/4 5812/2239/4
f 5795/2244/4 5796/172/4 5835/2242/4
f 5869/2243/4 5812/2239/4 5813/2245/4
f 5795/2244/4 5835/2242/4 5836/259/4
f 5868/2246/4 5869/2243/4 5813/2245/4
f 5794/2247/4 5795/2244/4 5836/259/4
f 5868/2246/4 5813/2245/4 5814/2248/4
f 5794/2247/4 5836/259/4 5837/2249/4
f 5867/2250/4 5868/2246/4 5814/2248/4
f 5794/2247/4 5837/2249/4 5838/493/4
f 5866/164/4 5867/2250/4 5814/2248/4
f 5793/2251/4 5794/2247/4 5838/493/4
f 5866/164/4 5814/2248/4 5815/2252/4
f 5793/2251/4 5838/493/4 5839/2253/4
f 5865/2254/4 5866/164/4 5815/2252/4
f 5792/2255/4 5793/2251/4 5839/2253/4
f 5865/2254/4 5815/2252/4 5816/224/4
f 5792/2255/4 5839/2253/4 5840/2256/4
f 5864/2257/4 5865/2254/4 5816/224/4
f 5791/129/4 5792/2255/4 5840/2256/4
f 5791/129/4 5840/2256/4 5841/235/4
f 5863/2258/4 5864/2257/4 5816/224/4
f 5863/2258/4 5816/224/4 5817/2259/4
f 5791/129/4 5841/235/4 5842/2260/4
f 5862/2261/4 5863/2258/4 5817/2259/4
f 5790/2262/4 5791/129/4 5842/2260/4
f 5862/2261/4 5817/2259/4 5818/2263/4
f 5790/2262/4 5842/2260/4 5843/2264/4
f 5861/177/4 5862/2261/4 5818/2263/4
f 5789/2265/4 5790/2262/4 5843/2264/4
f 5861/177/4 5818/2263/4 5819/524/4
f 5860/2266/4 5861/177/4 5819/524/4
f 5789/2265/4 5843/2264/4 5844/2267/4
f 5859/2268/4 5860/2266/4 5819/524/4
f 5789/2265/4 5844/2267/4 5845/2269/4
f 5788/2270/4 5789/2265/4 5845/2269/4
f 5859/2268/4 5819/524/4 5820/2271/4
f 5858/2272/4 5859/2268/4 5820/2271/4
f 5788/2270/4 5845/2269/4 5846/257/4
f 5787/2273/4 5788/2270/4 5846/257/4
f 5858/2272/4 5820/2271/4 5821/265/4
f 5857/618/4 5858/2272/4 5821/265/4
f 5787/2273/4 5846/257/4 5847/2274/4
f 5856/187/4 5857/618/4 5821/265/4
f 5787/2273/4 5847/2274/4 5848/2275/4
f 5786/138/4 5787/2273/4 5848/2275/4
f 5856/187/4 5821/265/4 5822/2276/4
f 5855/2277/4 5856/187/4 5822/2276/4
f 5786/138/4 5848/2275/4 5849/2278/4
f 5854/2279/4 5855/2277/4 5822/2276/4
f 5786/138/4 5849/2278/4 5850/2280/4
f 5853/2281/4 5854/2279/4 5822/2276/4
f 5786/138/4 5850/2280/4 5851/232/4
f 5785/2282/4 5786/138/4 5851/232/4
f 5853/2281/4 5822/2276/4 5823/2283/4
f 5852/2284/4 5853/2281/4 5823/2283/4
f 5785/2282/4 5851/232/4 5852/2284/4
f 5785/2282/4 5852/2284/4 5823/2283/4
f 5784/2285/4 5785/2282/4 5823/2283/4
f 5784/2285/4 5823/2283/4 5824/2286/4
f 5783/2287/4 5784/2285/4 5824/2286/4
f 5783/2287/4 5824/2286/4 5825/2288/4
f 5782/2289/4 5783/2287/4 5825/2288/4
f 5782/2289/4 5825/2288/4 5826/290/4
f 5781/101/4 5782/2289/4 5826/290/4
f 5781/101/4 5826/290/4 5827/2290/4
f 5828/2291/4 5781/101/4 5827/2290/4
f 5899/2220/4 5900/2222/4 5901/2221/4
f 5899/2220/4 5901/2221/4 5902/210/4
f 5898/2223/4 5899/2220/4 5902/210/4
f 5898/2223/4 5902/210/4 5903/2224/4
f 5897/195/4 5898/2223/4 5903/2224/4
f 5897/195/4 5903/2224/4 5904/2225/4
f 5896/543/4 5897/195/4 5904/2225/4
f 5895/2226/4 5896/543/4 5904/2225/4
f 5895/2226/4 5904/2225/4 5905/2227/4
f 5894/2228/4 5895/2226/4 5905/2227/4
f 5894/2228/4 5905/2227/4 5972/3/4
f 5972/3/4 5905/2227/4 5906/2229/4
f 5894/2228/4 5972/3/4 5925/2230/4
f 5971/2231/4 5972/3/4 5906/2229/4
f 5894/2228/4 5925/2230/4 5926/2232/4
f 5970/2233/4 5971/2231/4 5906/2229/4
f 5893/2234/4 5894/2228/4 5926/2232/4
f 5970/2233/4 5906/2229/4 5907/222/4
f 5893/2234/4 5926/2232/4 5927/280/4
f 5969/2235/4 5970/2233/4 5907/222/4
f 5893/2234/4 5927/280/4 5928/2236/4
f 5968/2237/4 5969/2235/4 5907/222/4
f 5893/2234/4 5928/2236/4 5929/2238/4
f 5967/149/4 5968/2237/4 5907/222/4
f 5892/172/4 5893/2234/4 5929/2238/4
f 5967/149/4 5907/222/4 5908/2239/4
f 5892/172/4 5929/2238/4 5930/2240/4
f 5966/2241/4 5967/149/4 5908/2239/4
f 5892/172/4 5930/2240/4 5931/2242/4
f 5965/2243/4 5966/2241/4 5908/2239/4
f 5891/2244/4 5892/172/4 5931/2242/4
f 5965/2243/4 5908/2239/4 5909/2245/4
f 5891/2244/4 5931/2242/4 5932/259/4
f 5964/2246/4 5965/2243/4 5909/2245/4
f 5890/2247/4 5891/2244/4 5932/259/4
f 5964/2246/4 5909/2245/4 5910/2248/4
f 5890/2247/4 5932/259/4 5933/2249/4
f 5963/2250/4 5964/2246/4 5910/2248/4
f 5890/2247/4 5933/2249/4 5934/493/4
f 5962/164/4 5963/2250/4 5910/2248/4
f 5889/2251/4 5890/2247/4 5934/493/4
f 5962/164/4 5910/2248/4 5911/2252/4
f 5889/2251/4 5934/493/4 5935/2253/4
f 5961/2254/4 5962/164/4 5911/2252/4
f 5888/2255/4 5889/2251/4 5935/2253/4
f 5961/2254/4 5911/2252/4 5912/224/4
f 5888/2255/4 5935/2253/4 5936/2256/4
f 5960/2257/4 5961/2254/4 5912/224/4
f 5887/129/4 5888/2255/4 5936/2256/4
f 5887/129/4 5936/2256/4 5937/235/4
f 5959/2258/4 5960/2257/4 5912/224/4
f 5959/2258/4 5912/224/4 5913/2259/4
f 5887/129/4 5937/235/4 5938/2260/4
f 5958/2261/4 5959/2258/4 5913/2259/4
f 5886/2262/4 5887/129/4 5938/2260/4
f 5958/2261/4 5913/2259/4 5914/2263/4
f 5886/2262/4 5938/2260/4 5939/2264/4
f 5957/177/4 5958/2261/4 5914/2263/4
f 5885/2265/4 5886/2262/4 5939/2264/4
f 5957/177/4 5914/2263/4 5915/524/4
f 5956/2266/4 5957/177/4 5915/524/4
f 5885/2265/4 5939/2264/4 5940/2267/4
f 5955/2268/4 5956/2266/4 5915/524/4
f 5885/2265/4 5940/2267/4 5941/2269/4
f 5884/2270/4 5885/2265/4 5941/2269/4
f 5955/2268/4 5915/524/4 5916/2271/4
f 5954/2272/4 5955/2268/4 5916/2271/4
f 5884/2270/4 5941/2269/4 5942/257/4
f 5883/2273/4 5884/2270/4 5942/257/4
f 5954/2272/4 5916/2271/4 5917/265/4
f 5953/618/4 5954/2272/4 5917/265/4
f 5883/2273/4 5942/257/4 5943/2274/4
f 5952/187/4 5953/618/4 5917/265/4
f 5883/2273/4 5943/2274/4 5944/2275/4
f 5882/138/4 5883/2273/4 5944/2275/4
f 5952/187/4 5917/265/4 5918/2276/4
f 5951/2277/4 5952/187/4 5918/2276/4
f 5882/138/4 5944/2275/4 5945/2278/4
f 5950/2279/4 5951/2277/4 5918/2276/4
f 5882/138/4 5945/2278/4 5946/2280/4
f 5949/2281/4 5950/2279/4 5918/2276/4
f 5882/138/4 5946/2280/4 5947/232/4
f 5881/2282/4 5882/138/4 5947/232/4
f 5949/2281/4 5918/2276/4 5919/2283/4
f 5948/2284/4 5949/2281/4 5919/2283/4
f 5881/2282/4 5947/232/4 5948/2284/4
f 5881/2282/4 5948/2284/4 5919/2283/4
f 5880/2285/4 5881/2282/4 5919/2283/4
f 5880/2285/4 5919/2283/4 5920/2286/4
f 5879/2287/4 5880/2285/4 5920/2286/4
f 5879/2287/4 5920/2286/4 5921/2288/4
f 5878/2289/4 5879/2287/4 5921/2288/4
f 5878/2289/4 5921/2288/4 5922/290/4
f 5877/101/4 5878/2289/4 5922/290/4
f 5877/101/4 5922/290/4 5923/2290/4
f 5924/2291/4 5877/101/4 5923/2290/4
f 5973/101/4 5974/218/4 5975/247/4
f 5973/101/4 5975/247/4 5976/3/4
s 1
f 5978/2292/11 5980/2293/12 5979/1184/12 5977/101/11
f 5980/2293/12 5982/2294/13 5981/433/13 5979/1184/12
f 5982/2294/13 5984/2295/14 5983/1259/14 5981/433/13
f 5984/2295/14 5978/2296/11 5977/3/11 5983/1259/14
f 5986/2292/15 5988/2297/16 5987/1675/16 5985/101/15
f 5988/2297/16 5990/2298/17 5989/1648/17 5987/1675/16
f 5990/2298/17 5992/2299/18 5991/1661/18 5989/1648/17
f 5992/2299/18 5994/2300/19 5993/1681/19 5991/1661/18
f 5994/2300/19 5996/2301/20 5995/1708/20 5993/1681/19
f 5996/2301/20 5998/2302/21 5997/1703/21 5995/1708/20
f 5998/2302/21 6000/2303/22 5999/1666/22 5997/1703/21
f 6000/2303/22 6002/2304/23 6001/1643/23 5999/1666/22
f 6002/2304/23 6004/2305/24 6003/1637/24 6001/1643/23
f 6004/2305/24 6006/2306/25 6005/1652/25 6003/1637/24
f 6006/2306/25 6008/2307/26 6007/1674/26 6005/1652/25
f 6008/2307/26 6010/2293/27 6009/1184/27 6007/1674/26
f 6010/2293/27 6012/2308/28 6011/1688/28 6009/1184/27
f 6012/2308/28 6014/2309/29 6013/1766/29 6011/1688/28
f 6014/2309/29 6016/2310/30 6015/1770/30 6013/1766/29
f 6016/2310/30 6018/2311/31 6017/218/31 6015/1770/30
f 6018/2311/31 6020/2312/32 6019/1754/32 6017/218/31
f 6020/2312/32 6022/2313/33 6021/1782/33 6019/1754/32
f 6022/2313/33 6024/2314/34 6023/1804/34 6021/1782/33
f 6024/2314/34 6026/2315/35 6025/1839/35 6023/1804/34
f 6026/2315/35 6028/2316/36 6027/1856/36 6025/1839/35
f 6028/2316/36 6030/2317/37 6029/1855/37 6027/1856/36
f 6030/2317/37 6032/2318/38 6031/1845/38 6029/1855/37
f 6032/2318/38 6034/2294/39 6033/433/39 6031/1845/38
f 6034/2294/39 6036/2319/40 6035/1825/40 6033/433/39
f 6036/2319/40 6038/2320/41 6037/1824/41 6035/1825/40
f 6038/2320/41 6040/2321/42 6039/1807/42 6037/1824/41
f 6040/2321/42 6042/2322/43 6041/1795/43 6039/1807/42
f 6042/2322/43 6044/2323/44 6043/1778/44 6041/1795/43
f 6044/2323/44 6046/2324/45 6045/1748/45 6043/1778/44
f 6046/2324/45 6048/2325/46 6047/1742/46 6045/1748/45
f 6048/2325/46 6050/2326/47 6049/247/47 6047/1742/46
f 6050/2326/47 6052/2327/48 6051/1836/48 6049/247/47
f 6052/2327/48 6054/2328/49 6053/1867/49 6051/1836/48
f 6054/2328/49 6056/2329/50 6055/1881/50 6053/1867/49
f 6056/2329/50 6058/2295/51 6057/1259/51 6055/1881/50
f 6058/2295/51 6060/2330/52 6059/1879/52 6057/1259/51
f 6060/2330/52 6062/2331/53 6061/1897/53 6059/1879/52
f 6062/2331/53 6064/2332/54 6063/1905/54 6061/1897/53
f 6064/2332/54 6066/2333/55 6065/1899/55 6063/1905/54
f 6066/2333/55 6068/2334/56 6067/1873/56 6065/1899/55
f 6068/2334/56 6070/2335/57 6069/1842/57 6067/1873/56
f 6070/2335/57 6072/2336/58 6071/1794/58 6069/1842/57
f 6072/2336/58 6074/2337/59 6073/1737/59 6071/1794/58
f 6074/2337/59 6076/2338/60 6075/1731/60 6073/1737/59
f 6076/2338/60 6078/2339/61 6077/1725/61 6075/1731/60
f 6078/2339/61 6080/2340/62 6079/1719/62 6077/1725/61
f 6080/2340/62 5986/2296/15 5985/3/15 6079/1719/62
f 6082/2292/63 6084/2297/64 6083/1675/64 6081/101/63
f 6084/2297/64 6086/2298/65 6085/1648/65 6083/1675/64
f 6086/2298/65 6088/2299/66 6087/1661/66 6085/1648/65
f 6088/2299/66 6090/2300/67 6089/1681/67 6087/1661/66
f 6090/2300/67 6092/2301/68 6091/1708/68 6089/1681/67
f 6092/2301/68 6094/2302/69 6093/1703/69 6091/1708/68
f 6094/2302/69 6096/2303/70 6095/1666/70 6093/1703/69
f 6096/2303/70 6098/2304/71 6097/1643/71 6095/1666/70
f 6098/2304/71 6100/2305/72 6099/1637/72 6097/1643/71
f 6100/2305/72 6102/2306/73 6101/1652/73 6099/1637/72
f 6102/2306/73 6104/2307/50 6103/1674/50 6101/1652/73
f 6104/2307/50 6106/2293/74 6105/1184/74 6103/1674/50
f 6106/2293/74 6108/2308/75 6107/1688/75 6105/1184/74
f 6108/2308/75 6110/2309/76 6109/1766/76 6107/1688/75
f 6110/2309/76 6112/2310/77 6111/1770/77 6109/1766/76
f 6112/2310/77 6114/2311/78 6113/218/78 6111/1770/77
f 6114/2311/78 6116/2312/79 6115/1754/79 6113/218/78
f 6116/2312/79 6118/2313/80 6117/1782/80 6115/1754/79
f 6118/2313/80 6120/2314/81 6119/1804/81 6117/1782/80
f 6120/2314/81 6122/2315/82 6121/1839/82 6119/1804/81
f 6122/2315/82 6124/2316/83 6123/1856/83 6121/1839/82
f 6124/2316/83 6126/2317/84 6125/1855/84 6123/1856/83
f 6126/2317/84 6128/2318/38 6127/1845/38 6125/1855/84
f 6128/2318/38 6130/2294/85 6129/433/85 6127/1845/38
f 6130/2294/85 6132/2319/86 6131/1825/86 6129/433/85
f 6132/2319/86 6134/2320/87 6133/1824/87 6131/1825/86
f 6134/2320/87 6136/2321/88 6135/1807/88 6133/1824/87
f 6136/2321/88 6138/2322/89 6137/1795/89 6135/1807/88
f 6138/2322/89 6140/2323/90 6139/1778/90 6137/1795/89
f 6140/2323/90 6142/2324/91 6141/1748/91 6139/1778/90
f 6142/2324/91 6144/2325/92 6143/1742/92 6141/1748/91
f 6144/2325/92 6146/2326/93 6145/247/93 6143/1742/92
f 6146/2326/93 6148/2327/94 6147/1836/94 6145/247/93
f 6148/2327/94 6150/2328/95 6149/1867/95 6147/1836/94
f 6150/2328/95 6152/2329/26 6151/1881/26 6149/1867/95
f 6152/2329/26 6154/2295/96 6153/1259/96 6151/1881/26
f 6154/2295/96 6156/2330/97 6155/1879/97 6153/1259/96
f 6156/2330/97 6158/2331/98 6157/1897/98 6155/1879/97
f 6158/2331/98 6160/2332/99 6159/1905/99 6157/1897/98
f 6160/2332/99 6162/2333/100 6161/1899/100 6159/1905/99
f 6162/2333/100 6164/2334/101 6163/1873/101 6161/1899/100
f 6164/2334/101 6166/2335/102 6165/1842/102 6163/1873/101
f 6166/2335/102 6168/2336/103 6167/1794/103 6165/1842/102
f 6168/2336/103 6170/2337/104 6169/1737/104 6167/1794/103
f 6170/2337/104 6172/2338/105 6171/1731/105 6169/1737/104
f 6172/2338/105 6174/2339/106 6173/1725/106 6171/1731/105
f 6174/2339/106 6176/2340/62 6175/1719/62 6173/1725/106
f 6176/2340/62 6082/2296/63 6081/3/63 6175/1719/62
f 6178/2292/15 6180/2297/16 6179/1675/16 6177/101/15
f 6180/2297/16 6182/2298/17 6181/1648/17 6179/1675/16
f 6182/2298/17 6184/2299/18 6183/1661/18 6181/1648/17
f 6184/2299/18 6186/2300/19 6185/1681/19 6183/1661/18
f 6186/2300/19 6188/2301/20 6187/1708/20 6185/1681/19
f 6188/2301/20 6190/2302/21 6189/1703/21 6187/1708/20
f 6190/2302/21 6192/2303/22 6191/1666/22 6189/1703/21
f 6192/2303/22 6194/2304/23 6193/1643/23 6191/1666/22
f 6194/2304/23 6196/2305/24 6195/1637/24 6193/1643/23
f 6196/2305/24 6198/2306/25 6197/1652/25 6195/1637/24
f 6198/2306/25 6200/2307/26 6199/1674/26 6197/1652/25
f 6200/2307/26 6202/2293/27 6201/1184/27 6199/1674/26
f 6202/2293/27 6204/2308/28 6203/1688/28 6201/1184/27
f 6204/2308/28 6206/2309/29 6205/1766/29 6203/1688/28
f 6206/2309/29 6208/2310/30 6207/1770/30 6205/1766/29
f 6208/2310/30 6210/2311/31 6209/218/31 6207/1770/30
f 6210/2311/31 6212/2312/32 6211/1754/32 6209/218/31
f 6212/2312/32 6214/2313/33 6213/1782/33 6211/1754/32
f 6214/2313/33 6216/2314/34 6215/1804/34 6213/1782/33
f 6216/2314/34 6218/2315/35 6217/1839/35 6215/1804/34
f 6218/2315/35 6220/2316/36 6219/1856/36 6217/1839/35
f 6220/2316/36 6222/2317/37 6221/1855/37 6219/1856/36
f 6222/2317/37 6224/2318/38 6223/1845/38 6221/1855/37
f 6224/2318/38 6226/2294/39 6225/433/39 6223/1845/38
f 6226/2294/39 6228/2319/40 6227/1825/40 6225/433/39
f 6228/2319/40 6230/2320/41 6229/1824/41 6227/1825/40
f 6230/2320/41 6232/2321/42 6231/1807/42 6229/1824/41
f 6232/2321/42 6234/2322/43 6233/1795/43 6231/1807/42
f 6234/2322/43 6236/2323/44 6235/1778/44 6233/1795/43
f 6236/2323/44 6238/2324/45 6237/1748/45 6235/1778/44
f 6238/2324/45 6240/2325/46 6239/1742/46 6237/1748/45
f 6240/2325/46 6242/2326/47 6241/247/47 6239/1742/46
f 6242/2326/47 6244/2327/48 6243/1836/48 6241/247/47
f 6244/2327/48 6246/2328/49 6245/1867/49 6243/1836/48
f 6246/2328/49 6248/2329/50 6247/1881/50 6245/1867/49
f 6248/2329/50 6250/2295/51 6249/1259/51 6247/1881/50
f 6250/2295/51 6252/2330/52 6251/1879/52 6249/1259/51
f 6252/2330/52 6254/2331/53 6253/1897/53 6251/1879/52
f 6254/2331/53 6256/2332/54 6255/1905/54 6253/1897/53
f 6256/2332/54 6258/2333/55 6257/1899/55 6255/1905/54
f 6258/2333/55 6260/2334/56 6259/1873/56 6257/1899/55
f 6260/2334/56 6262/2335/57 6261/1842/57 6259/1873/56
f 6262/2335/57 6264/2336/58 6263/1794/58 6261/1842/57
f 6264/2336/58 6266/2337/59 6265/1737/59 6263/1794/58
f 6266/2337/59 6268/2338/60 6267/1731/60 6265/1737/59
f 6268/2338/60 6270/2339/61 6269/1725/61 6267/1731/60
f 6270/2339/61 6272/2340/62 6271/1719/62 6269/1725/61
f 6272/2340/62 6178/2296/15 6177/3/15 6271/1719/62
f 6274/2292/63 6276/2297/64 6275/1675/64 6273/101/63
f 6276/2297/64 6278/2298/65 6277/1648/65 6275/1675/64
f 6278/2298/65 6280/2299/66 6279/1661/66 6277/1648/65
f 6280/2299/66 6282/2300/107 6281/1681/107 6279/1661/66
f 6282/2300/107 6284/2301/68 6283/1708/68 6281/1681/107
f 6284/2301/68 6286/2302/69 6285/1703/69 6283/1708/68
f 6286/2302/69 6288/2303/70 6287/1666/70 6285/1703/69
f 6288/2303/70 6290/2304/71 6289/1643/71 6287/1666/70
f 6290/2304/71 6292/2305/72 6291/1637/72 6289/1643/71
f 6292/2305/72 6294/2306/73 6293/1652/73 6291/1637/72
f 6294/2306/73 6296/2307/50 6295/1674/50 6293/1652/73
f 6296/2307/50 6298/2293/74 6297/1184/74 6295/1674/50
f 6298/2293/74 6300/2308/75 6299/1688/75 6297/1184/74
f 6300/2308/75 6302/2309/76 6301/1766/76 6299/1688/75
f 6302/2309/76 6304/2310/77 6303/1770/77 6301/1766/76
f 6304/2310/77 6306/2311/78 6305/218/78 6303/1770/77
f 6306/2311/78 6308/2312/79 6307/1754/79 6305/218/78
f 6308/2312/79 6310/2313/108 6309/1782/108 6307/1754/79
f 6310/2313/108 6312/2314/81 6311/1804/81 6309/1782/108
f 6312/2314/81 6314/2315/82 6313/1839/82 6311/1804/81
f 6314/2315/82 6316/2316/83 6315/1856/83 6313/1839/82
f 6316/2316/83 6318/2317/84 6317/1855/84 6315/1856/83
f 6318/2317/84 6320/2318/38 6319/1845/38 6317/1855/84
f 6320/2318/38 6322/2294/85 6321/433/85 6319/1845/38
f 6322/2294/85 6324/2319/86 6323/1825/86 6321/433/85
f 6324/2319/86 6326/2320/87 6325/1824/87 6323/1825/86
f 6326/2320/87 6328/2321/88 6327/1807/88 6325/1824/87
f 6328/2321/88 6330/2322/89 6329/1795/89 6327/1807/88
f 6330/2322/89 6332/2323/90 6331/1778/90 6329/1795/89
f 6332/2323/90 6334/2324/91 6333/1748/91 6331/1778/90
f 6334/2324/91 6336/2325/92 6335/1742/92 6333/1748/91
f 6336/2325/92 6338/2326/93 6337/247/93 6335/1742/92
f 6338/2326/93 6340/2327/94 6339/1836/94 6337/247/93
f 6340/2327/94 6342/2328/95 6341/1867/95 6339/1836/94
f 6342/2328/95 6344/2329/26 6343/1881/26 6341/1867/95
f 6344/2329/26 6346/2295/96 6345/1259/96 6343/1881/26
f 6346/2295/96 6348/2330/97 6347/1879/97 6345/1259/96
f 6348/2330/97 6350/2331/98 6349/1897/98 6347/1879/97
f 6350/2331/98 6352/2332/99 6351/1905/99 6349/1897/98
f 6352/2332/99 6354/2333/109 6353/1899/109 6351/1905/99
f 6354/2333/109 6356/2334/101 6355/1873/101 6353/1899/109
f 6356/2334/101 6358/2335/110 6357/1842/110 6355/1873/101
f 6358/2335/110 6360/2336/103 6359/1794/103 6357/1842/110
f 6360/2336/103 6362/2337/104 6361/1737/104 6359/1794/103
f 6362/2337/104 6364/2338/105 6363/1731/105 6361/1737/104
f 6364/2338/105 6366/2339/106 6365/1725/106 6363/1731/105
f 6366/2339/106 6368/2340/62 6367/1719/62 6365/1725/106
f 6368/2340/62 6274/2296/63 6273/3/63 6367/1719/62
f 6370/2292/12 6372/2293/11 6371/1184/11 6369/101/12
f 6372/2293/11 6374/2294/14 6373/433/14 6371/1184/11
f 6374/2294/14 6376/2295/13 6375/1259/13 6373/433/14
f 6376/2295/13 6370/2296/12 6369/3/12 6375/1259/13
f 6378/2292/111 6380/2341/112 6379/2342/112 6377/101/111
f 6380/2341/112 6382/2343/113 6381/2344/113 6379/2342/112
f 6382/2343/113 6384/2345/114 6383/2346/114 6381/2344/113
f 6384/2345/114 6386/2347/115 6385/2348/115 6383/2346/114
f 6386/2347/115 6388/2349/116 6387/2350/116 6385/2348/115
f 6388/2349/116 6390/2351/117 6389/2352/117 6387/2350/116
f 6390/2351/117 6392/2353/118 6391/2354/118 6389/2352/117
f 6392/2353/118 6394/2355/119 6393/2356/119 6391/2354/118
f 6394/2355/119 6396/2357/120 6395/2358/120 6393/2356/119
f 6396/2357/120 6398/2359/121 6397/2360/121 6395/2358/120
f 6398/2359/121 6400/2361/122 6399/2362/122 6397/2360/121
f 6400/2361/122 6402/2363/123 6401/2364/123 6399/2362/122
f 6402/2363/123 6404/2294/124 6403/433/124 6401/2364/123
f 6404/2294/124 6406/2365/125 6405/2366/125 6403/433/124
f 6406/2365/125 6408/2367/126 6407/2368/126 6405/2366/125
f 6408/2367/126 6410/2369/127 6409/2370/127 6407/2368/126
f 6410/2369/127 6412/2371/128 6411/2372/128 6409/2370/127
f 6412/2371/128 6414/2373/129 6413/2374/129 6411/2372/128
f 6414/2373/129 6416/2375/130 6415/2376/130 6413/2374/129
f 6416/2375/130 6418/2377/131 6417/2378/131 6415/2376/130
f 6418/2377/131 6420/2379/132 6419/2380/132 6417/2378/131
f 6420/2379/132 6422/2381/133 6421/2382/133 6419/2380/132
f 6422/2381/133 6424/2383/134 6423/2384/134 6421/2382/133
f 6424/2383/134 6426/2385/135 6425/2386/135 6423/2384/134
f 6426/2385/135 6428/2387/136 6427/2388/136 6425/2386/135
f 6428/2387/136 6378/2296/111 6377/3/111 6427/2388/136
f 6430/2292/137 6432/2341/138 6431/2342/138 6429/101/137
f 6432/2341/138 6434/2343/139 6433/2344/139 6431/2342/138
f 6434/2343/139 6436/2345/140 6435/2346/140 6433/2344/139
f 6436/2345/140 6438/2347/141 6437/2348/141 6435/2346/140
f 6438/2347/141 6440/2349/142 6439/2350/142 6437/2348/141
f 6440/2349/142 6442/2351/143 6441/2352/143 6439/2350/142
f 6442/2351/143 6444/2353/144 6443/2354/144 6441/2352/143
f 6444/2353/144 6446/2355/145 6445/2356/145 6443/2354/144
f 6446/2355/145 6448/2357/146 6447/2358/146 6445/2356/145
f 6448/2357/146 6450/2359/147 6449/2360/147 6447/2358/146
f 6450/2359/147 6452/2361/148 6451/2362/148 6449/2360/147
f 6452/2361/148 6454/2363/149 6453/2364/149 6451/2362/148
f 6454/2363/149 6456/2294/150 6455/433/150 6453/2364/149
f 6456/2294/150 6458/2365/151 6457/2366/151 6455/433/150
f 6458/2365/151 6460/2367/152 6459/2368/152 6457/2366/151
f 6460/2367/152 6462/2369/153 6461/2370/153 6459/2368/152
f 6462/2369/153 6464/2371/154 6463/2372/154 6461/2370/153
f 6464/2371/154 6466/2373/155 6465/2374/155 6463/2372/154
f 6466/2373/155 6468/2375/156 6467/2376/156 6465/2374/155
f 6468/2375/156 6470/2377/157 6469/2378/157 6467/2376/156
f 6470/2377/157 6472/2379/158 6471/2380/158 6469/2378/157
f 6472/2379/158 6474/2381/159 6473/2382/159 6471/2380/158
f 6474/2381/159 6476/2383/160 6475/2384/160 6473/2382/159
f 6476/2383/160 6478/2385/161 6477/2386/161 6475/2384/160
f 6478/2385/161 6480/2387/162 6479/2388/162 6477/2386/161
f 6480/2387/162 6430/2296/137 6429/3/137 6479/2388/162
f 6482/2292/163 6484/2341/164 6483/2342/164 6481/101/163
f 6484/2341/164 6486/2343/165 6485/2344/165 6483/2342/164
f 6486/2343/165 6488/2345/166 6487/2346/166 6485/2344/165
f 6488/2345/166 6490/2347/167 6489/2348/167 6487/2346/166
f 6490/2347/167 6492/2349/168 6491/2350/168 6489/2348/167
f 6492/2349/168 6494/2351/169 6493/2352/169 6491/2350/168
f 6494/2351/169 6496/2353/170 6495/2354/170 6493/2352/169
f 6496/2353/170 6498/2355/171 6497/2356/171 6495/2354/170
f 6498/2355/171 6500/2357/172 6499/2358/172 6497/2356/171
f 6500/2357/172 6502/2359/173 6501/2360/173 6499/2358/172
f 6502/2359/173 6504/2361/174 6503/2362/174 6501/2360/173
f 6504/2361/174 6506/2363/175 6505/2364/175 6503/2362/174
f 6506/2363/175 6508/2294/176 6507/433/176 6505/2364/175
f 6508/2294/176 6510/2365/177 6509/2366/177 6507/433/176
f 6510/2365/177 6512/2367/178 6511/2368/178 6509/2366/177
f 6512/2367/178 6514/2369/179 6513/2370/179 6511/2368/178
f 6514/2369/179 6516/2371/180 6515/2372/180 6513/2370/179
f 6516/2371/180 6518/2373/181 6517/2374/181 6515/2372/180
f 6518/2373/181 6520/2375/182 6519/2376/182 6517/2374/181
f 6520/2375/182 6522/2377/183 6521/2378/183 6519/2376/182
f 6522/2377/183 6524/2379/184 6523/2380/184 6521/2378/183
f 6524/2379/184 6526/2381/185 6525/2382/185 6523/2380/184
f 6526/2381/185 6528/2383/186 6527/2384/186 6525/2382/185
f 6528/2383/186 6530/2385/187 6529/2386/187 6527/2384/186
f 6530/2385/187 6532/2387/188 6531/2388/188 6529/2386/187
f 6532/2387/188 6482/2296/163 6481/3/163 6531/2388/188
f 6534/2292/189 6536/2341/190 6535/2342/190 6533/101/189
f 6536/2341/190 6538/2343/191 6537/2344/191 6535/2342/190
f 6538/2343/191 6540/2345/192 6539/2346/192 6537/2344/191
f 6540/2345/192 6542/2347/193 6541/2348/193 6539/2346/192
f 6542/2347/193 6544/2349/194 6543/2350/194 6541/2348/193
f 6544/2349/194 6546/2351/195 6545/2352/195 6543/2350/194
f 6546/2351/195 6548/2353/196 6547/2354/196 6545/2352/195
f 6548/2353/196 6550/2355/197 6549/2356/197 6547/2354/196
f 6550/2355/197 6552/2357/198 6551/2358/198 6549/2356/197
f 6552/2357/198 6554/2359/199 6553/2360/199 6551/2358/198
f 6554/2359/199 6556/2361/200 6555/2362/200 6553/2360/199
f 6556/2361/200 6558/2363/201 6557/2364/201 6555/2362/200
f 6558/2363/201 6560/2294/202 6559/433/202 6557/2364/201
f 6560/2294/202 6562/2365/203 6561/2366/203 6559/433/202
f 6562/2365/203 6564/2367/204 6563/2368/204 6561/2366/203
f 6564/2367/204 6566/2369/205 6565/2370/205 6563/2368/204
f 6566/2369/205 6568/2371/206 6567/2372/206 6565/2370/205
f 6568/2371/206 6570/2373/207 6569/2374/207 6567/2372/206
f 6570/2373/207 6572/2375/208 6571/2376/208 6569/2374/207
f 6572/2375/208 6574/2377/209 6573/2378/209 6571/2376/208
f 6574/2377/209 6576/2379/210 6575/2380/210 6573/2378/209
f 6576/2379/210 6578/2381/211 6577/2382/211 6575/2380/210
f 6578/2381/211 6580/2383/212 6579/2384/212 6577/2382/211
f 6580/2383/212 6582/2385/213 6581/2386/213 6579/2384/212
f 6582/2385/213 6584/2387/214 6583/2388/214 6581/2386/213
f 6584/2387/214 6534/2296/189 6533/3/189 6583/2388/214
f 6586/2292/12 6588/2300/13 6587/1681/13 6585/101/12
f 6588/2300/13 6590/2304/13 6589/1643/13 6587/1681/13
f 6590/2304/13 6592/2293/13 6591/1184/13 6589/1643/13
f 6592/2293/13 6594/2311/14 6593/218/14 6591/1184/13
f 6594/2311/14 6596/2315/14 6595/1839/14 6593/218/14
f 6596/2315/14 6598/2294/13 6597/433/13 6595/1839/14
f 6598/2294/13 6600/2322/13 6599/1795/13 6597/433/13
f 6600/2322/13 6602/2326/14 6601/247/14 6599/1795/13
f 6602/2326/14 6604/2295/11 6603/1259/11 6601/247/14
f 6604/2295/11 6606/2333/12 6605/1899/12 6603/1259/11
f 6606/2333/12 6608/2337/12 6607/1737/12 6605/1899/12
f 6608/2337/12 6586/2296/12 6585/3/12 6607/1737/12
f 6610/2292/215 6612/2389/216 6611/2390/216 6609/101/215
f 6612/2389/216 6614/2391/217 6613/2392/217 6611/2390/216
f 6614/2391/217 6616/2393/218 6615/2394/218 6613/2392/217
f 6616/2393/218 6618/2395/219 6617/2396/219 6615/2394/218
f 6618/2395/219 6620/2397/220 6619/2398/220 6617/2396/219
f 6620/2397/220 6622/2399/221 6621/2400/221 6619/2398/220
f 6622/2399/221 6624/2401/222 6623/2402/222 6621/2400/221
f 6624/2401/222 6626/2403/223 6625/2404/223 6623/2402/222
f 6626/2403/223 6628/2405/224 6627/2406/224 6625/2404/223
f 6628/2405/224 6630/2407/225 6629/2408/225 6627/2406/224
f 6630/2407/225 6632/2409/226 6631/2410/226 6629/2408/225
f 6632/2409/226 6634/2411/227 6633/2412/227 6631/2410/226
f 6634/2411/227 6636/2413/228 6635/2414/228 6633/2412/227
f 6636/2413/228 6638/2415/229 6637/2416/229 6635/2414/228
f 6638/2415/229 6640/2417/230 6639/2418/230 6637/2416/229
f 6640/2417/230 6642/2419/231 6641/2420/231 6639/2418/230
f 6642/2419/231 6644/2421/232 6643/2422/232 6641/2420/231
f 6644/2421/232 6646/2423/233 6645/2424/233 6643/2422/232
f 6646/2423/233 6648/2425/234 6647/2426/234 6645/2424/233
f 6648/2425/234 6650/2427/235 6649/2428/235 6647/2426/234
f 6650/2427/235 6652/2429/236 6651/2430/236 6649/2428/235
f 6652/2429/236 6654/2431/237 6653/2432/237 6651/2430/236
f 6654/2431/237 6656/2433/238 6655/2434/238 6653/2432/237
f 6656/2433/238 6658/2435/239 6657/2436/239 6655/2434/238
f 6658/2435/239 6660/2437/240 6659/2438/240 6657/2436/239
f 6660/2437/240 6662/2439/241 6661/2440/241 6659/2438/240
f 6662/2439/241 6664/2441/242 6663/2442/242 6661/2440/241
f 6664/2441/242 6666/2443/243 6665/2444/243 6663/2442/242
f 6666/2443/243 6668/2445/244 6667/2446/244 6665/2444/243
f 6668/2445/244 6670/2447/245 6669/2448/245 6667/2446/244
f 6670/2447/245 6672/2449/246 6671/2450/246 6669/2448/245
f 6672/2449/246 6674/2451/247 6673/2452/247 6671/2450/246
f 6674/2451/247 6676/2453/248 6675/2454/248 6673/2452/247
f 6676/2453/248 6678/2455/249 6677/2456/249 6675/2454/248
f 6678/2455/249 6680/2457/250 6679/2458/250 6677/2456/249
f 6680/2457/250 6682/2459/251 6681/2460/251 6679/2458/250
f 6682/2459/251 6684/2461/252 6683/2462/252 6681/2460/251
f 6684/2461/252 6686/2463/253 6685/2464/253 6683/2462/252
f 6686/2463/253 6688/2465/254 6687/2466/254 6685/2464/253
f 6688/2465/254 6690/2467/255 6689/2468/255 6687/2466/254
f 6690/2467/255 6692/2469/256 6691/2470/256 6689/2468/255
f 6692/2469/256 6694/2471/257 6693/2472/257 6691/2470/256
f 6694/2471/257 6696/2473/258 6695/2474/258 6693/2472/257
f 6696/2473/258 6698/2475/259 6697/2476/259 6695/2474/258
f 6698/2475/259 6700/2477/260 6699/2478/260 6697/2476/259
f 6700/2477/260 6702/2479/261 6701/2480/261 6699/2478/260
f 6702/2479/261 6704/2481/262 6703/2482/262 6701/2480/261
f 6704/2481/262 6706/2483/263 6705/2484/263 6703/2482/262
f 6706/2483/263 6708/2485/264 6707/2486/264 6705/2484/263
f 6708/2485/264 6710/2487/265 6709/2488/265 6707/2486/264
f 6710/2487/265 6712/2489/266 6711/2490/266 6709/2488/265
f 6712/2489/266 6714/2491/267 6713/2492/267 6711/2490/266
f 6714/2491/267 6716/2493/268 6715/2494/268 6713/2492/267
f 6716/2493/268 6718/2495/269 6717/2496/269 6715/2494/268
f 6718/2495/269 6720/2497/270 6719/2498/270 6717/2496/269
f 6720/2497/270 6722/2499/271 6721/2500/271 6719/2498/270
f 6722/2499/271 6724/2501/272 6723/2502/272 6721/2500/271
f 6724/2501/272 6726/2503/273 6725/2504/273 6723/2502/272
f 6726/2503/273 6728/2505/274 6727/2506/274 6725/2504/273
f 6728/2505/274 6730/2507/275 6729/2508/275 6727/2506/274
f 6730/2507/275 6732/2509/276 6731/2510/276 6729/2508/275
f 6732/2509/276 6734/2511/277 6733/2512/277 6731/2510/276
f 6734/2511/277 6736/2513/278 6735/2514/278 6733/2512/277
f 6736/2513/278 6738/2515/279 6737/2516/279 6735/2514/278
f 6738/2515/279 6740/2517/280 6739/2518/280 6737/2516/279
f 6740/2517/280 6742/2519/281 6741/2520/281 6739/2518/280
f 6742/2519/281 6744/2521/282 6743/2522/282 6741/2520/281
f 6744/2521/282 6746/2523/283 6745/2524/283 6743/2522/282
f 6746/2523/283 6748/2525/284 6747/2526/284 6745/2524/283
f 6748/2525/284 6750/2527/285 6749/2528/285 6747/2526/284
f 6750/2527/285 6752/2529/286 6751/2530/286 6749/2528/285
f 6752/2529/286 6754/2531/287 6753/2532/287 6751/2530/286
f 6754/2531/287 6756/2533/288 6755/2534/288 6753/2532/287
f 6756/2533/288 6758/2535/289 6757/2536/289 6755/2534/288
f 6758/2535/289 6760/2537/290 6759/2538/290 6757/2536/289
f 6760/2537/290 6762/2539/291 6761/2540/291 6759/2538/290
f 6762/2539/291 6764/2541/292 6763/2542/292 6761/2540/291
f 6764/2541/292 6766/2543/293 6765/2544/293 6763/2542/292
f 6766/2543/293 6768/2545/294 6767/2546/294 6765/2544/293
f 6768/2545/294 6770/2547/295 6769/2548/295 6767/2546/294
f 6770/2547/295 6772/2549/296 6771/2550/296 6769/2548/295
f 6772/2549/296 6774/2551/297 6773/2552/297 6771/2550/296
f 6774/2551/297 6776/2553/298 6775/2554/298 6773/2552/297
f 6776/2553/298 6778/2555/299 6777/2556/299 6775/2554/298
f 6778/2555/299 6780/2557/300 6779/2558/300 6777/2556/299
f 6780/2557/300 6782/2559/301 6781/2560/301 6779/2558/300
f 6782/2559/301 6784/2561/302 6783/2562/302 6781/2560/301
f 6784/2561/302 6786/2563/303 6785/2564/303 6783/2562/302
f 6786/2563/303 6788/2565/304 6787/2566/304 6785/2564/303
f 6788/2565/304 6790/2567/305 6789/2568/305 6787/2566/304
f 6790/2567/305 6792/2569/306 6791/2570/306 6789/2568/305
f 6792/2569/306 6794/2571/307 6793/2572/307 6791/2570/306
f 6794/2571/307 6796/2573/308 6795/2574/308 6793/2572/307
f 6796/2573/308 6798/2575/309 6797/2576/309 6795/2574/308
f 6798/2575/309 6800/2577/310 6799/2578/310 6797/2576/309
f 6800/2577/310 6802/2579/311 6801/2580/311 6799/2578/310
f 6802/2579/311 6804/2581/312 6803/2582/312 6801/2580/311
f 6804/2581/312 6806/2583/313 6805/2584/313 6803/2582/312
f 6806/2583/313 6808/2585/314 6807/2586/314 6805/2584/313
f 6808/2585/314 6810/2587/315 6809/2588/315 6807/2586/314
f 6810/2587/315 6812/2589/316 6811/2590/316 6809/2588/315
f 6812/2589/316 6814/2591/317 6813/2592/317 6811/2590/316
f 6814/2591/317 6816/2593/318 6815/2594/318 6813/2592/317
f 6816/2593/318 6818/2595/319 6817/2596/319 6815/2594/318
f 6818/2595/319 6820/2597/320 6819/2598/320 6817/2596/319
f 6820/2597/320 6822/2599/321 6821/2600/321 6819/2598/320
f 6822/2599/321 6824/2601/322 6823/2602/322 6821/2600/321
f 6824/2601/322 6826/2603/323 6825/2604/323 6823/2602/322
f 6826/2603/323 6828/2605/324 6827/2606/324 6825/2604/323
f 6828/2605/324 6830/2607/325 6829/2608/325 6827/2606/324
f 6830/2607/325 6832/2609/326 6831/2610/326 6829/2608/325
f 6832/2609/326 6834/2611/327 6833/2612/327 6831/2610/326
f 6834/2611/327 6836/2613/328 6835/2614/328 6833/2612/327
f 6836/2613/328 6838/2615/329 6837/2616/329 6835/2614/328
f 6838/2615/329 6840/2617/330 6839/2618/330 6837/2616/329
f 6840/2617/330 6842/2619/331 6841/2620/331 6839/2618/330
f 6842/2619/331 6844/2621/332 6843/2622/332 6841/2620/331
f 6844/2621/332 6846/2623/333 6845/2624/333 6843/2622/332
f 6846/2623/333 6848/2625/334 6847/2626/334 6845/2624/333
f 6848/2625/334 6850/2627/335 6849/2628/335 6847/2626/334
f 6850/2627/335 6852/2629/336 6851/2630/336 6849/2628/335
f 6852/2629/336 6854/2631/337 6853/2632/337 6851/2630/336
f 6854/2631/337 6856/2633/338 6855/2634/338 6853/2632/337
f 6856/2633/338 6858/2635/339 6857/2636/339 6855/2634/338
f 6858/2635/339 6860/2637/340 6859/2638/340 6857/2636/339
f 6860/2637/340 6862/2639/341 6861/2640/341 6859/2638/340
f 6862/2639/341 6864/2641/342 6863/2642/342 6861/2640/341
f 6864/2641/342 6866/2643/343 6865/2644/343 6863/2642/342
f 6866/2643/343 6868/2645/344 6867/2646/344 6865/2644/343
f 6868/2645/344 6870/2647/345 6869/2648/345 6867/2646/344
f 6870/2647/345 6872/2649/346 6871/2650/346 6869/2648/345
f 6872/2649/346 6874/2651/347 6873/2652/347 6871/2650/346
f 6874/2651/347 6876/2653/348 6875/2654/348 6873/2652/347
f 6876/2653/348 6878/2655/349 6877/2656/349 6875/2654/348
f 6878/2655/349 6880/2657/350 6879/2658/350 6877/2656/349
f 6880/2657/350 6882/2659/351 6881/2660/351 6879/2658/350
f 6882/2659/351 6884/2661/352 6883/2662/352 6881/2660/351
f 6884/2661/352 6886/2663/353 6885/2664/353 6883/2662/352
f 6886/2663/353 6888/2665/354 6887/2666/354 6885/2664/353
f 6888/2665/354 6890/2667/355 6889/2668/355 6887/2666/354
f 6890/2667/355 6892/2669/356 6891/2670/356 6889/2668/355
f 6892/2669/356 6894/2671/357 6893/2672/357 6891/2670/356
f 6894/2671/357 6896/2673/358 6895/2674/358 6893/2672/357
f 6896/2673/358 6898/2675/359 6897/2676/359 6895/2674/358
f 6898/2675/359 6900/2677/360 6899/2678/360 6897/2676/359
f 6900/2677/360 6902/2679/361 6901/2680/361 6899/2678/360
f 6902/2679/361 6904/2681/362 6903/2682/362 6901/2680/361
f 6904/2681/362 6906/2683/363 6905/2684/363 6903/2682/362
f 6906/2683/363 6908/2294/364 6907/433/364 6905/2684/363
f 6908/2294/364 6910/2685/365 6909/2686/365 6907/433/364
f 6910/2685/365 6912/2687/366 6911/2688/366 6909/2686/365
f 6912/2687/366 6914/2689/367 6913/2690/367 6911/2688/366
f 6914/2689/367 6916/2691/368 6915/2692/368 6913/2690/367
f 6916/2691/368 6918/2693/369 6917/2694/369 6915/2692/368
f 6918/2693/369 6920/2695/370 6919/2696/370 6917/2694/369
f 6920/2695/370 6922/2697/371 6921/2698/371 6919/2696/370
f 6922/2697/371 6924/2699/372 6923/2700/372 6921/2698/371
f 6924/2699/372 6926/2701/373 6925/2702/373 6923/2700/372
f 6926/2701/373 6928/2703/374 6927/2704/374 6925/2702/373
f 6928/2703/374 6930/2705/375 6929/2706/375 6927/2704/374
f 6930/2705/375 6932/2707/376 6931/2708/376 6929/2706/375
f 6932/2707/376 6934/2709/377 6933/2710/377 6931/2708/376
f 6934/2709/377 6936/2711/378 6935/2712/378 6933/2710/377
f 6936/2711/378 6938/2713/379 6937/2714/379 6935/2712/378
f 6938/2713/379 6940/2715/380 6939/2716/380 6937/2714/379
f 6940/2715/380 6942/2717/381 6941/2718/381 6939/2716/380
f 6942/2717/381 6944/2719/382 6943/2720/382 6941/2718/381
f 6944/2719/382 6946/2721/383 6945/2722/383 6943/2720/382
f 6946/2721/383 6948/2723/384 6947/2724/384 6945/2722/383
f 6948/2723/384 6950/2725/385 6949/2726/385 6947/2724/384
f 6950/2725/385 6952/2727/386 6951/2728/386 6949/2726/385
f 6952/2727/386 6954/2729/387 6953/2730/387 6951/2728/386
f 6954/2729/387 6956/2731/388 6955/2732/388 6953/2730/387
f 6956/2731/388 6958/2733/389 6957/2734/389 6955/2732/388
f 6958/2733/389 6960/2735/390 6959/2736/390 6957/2734/389
f 6960/2735/390 6962/2737/391 6961/2738/391 6959/2736/390
f 6962/2737/391 6964/2739/392 6963/2740/392 6961/2738/391
f 6964/2739/392 6966/2741/393 6965/2742/393 6963/2740/392
f 6966/2741/393 6968/2743/394 6967/2744/394 6965/2742/393
f 6968/2743/394 6970/2745/395 6969/2746/395 6967/2744/394
f 6970/2745/395 6972/2747/396 6971/2748/396 6969/2746/395
f 6972/2747/396 6974/2749/397 6973/2750/397 6971/2748/396
f 6974/2749/397 6976/2751/398 6975/2752/398 6973/2750/397
f 6976/2751/398 6978/2753/399 6977/2754/399 6975/2752/398
f 6978/2753/399 6980/2755/400 6979/2756/400 6977/2754/399
f 6980/2755/400 6982/2757/401 6981/2758/401 6979/2756/400
f 6982/2757/401 6984/2759/402 6983/2760/402 6981/2758/401
f 6984/2759/402 6986/2761/403 6985/2762/403 6983/2760/402
f 6986/2761/403 6988/2763/404 6987/2764/404 6985/2762/403
f 6988/2763/404 6990/2765/405 6989/2766/405 6987/2764/404
f 6990/2765/405 6992/2767/406 6991/2768/406 6989/2766/405
f 6992/2767/406 6994/2769/407 6993/2770/407 6991/2768/406
f 6994/2769/407 6996/2771/408 6995/2772/408 6993/2770/407
f 6996/2771/408 6998/2773/409 6997/2774/409 6995/2772/408
f 6998/2773/409 7000/2775/410 6999/2776/410 6997/2774/409
f 7000/2775/410 7002/2777/411 7001/2778/411 6999/2776/410
f 7002/2777/411 7004/2779/412 7003/2780/412 7001/2778/411
f 7004/2779/412 7006/2781/413 7005/2782/413 7003/2780/412
f 7006/2781/413 7008/2783/414 7007/2784/414 7005/2782/413
f 7008/2783/414 7010/2785/415 7009/2786/415 7007/2784/414
f 7010/2785/415 7012/2787/416 7011/2788/416 7009/2786/415
f 7012/2787/416 7014/2789/417 7013/2790/417 7011/2788/416
f 7014/2789/417 7016/2791/418 7015/2792/418 7013/2790/417
f 7016/2791/418 7018/2793/419 7017/2794/419 7015/2792/418
f 7018/2793/419 7020/2795/420 7019/2796/420 7017/2794/419
f 7020/2795/420 7022/2797/421 7021/2798/421 7019/2796/420
f 7022/2797/421 7024/2799/422 7023/2800/422 7021/2798/421
f 7024/2799/422 7026/2801/423 7025/2802/423 7023/2800/422
f 7026/2801/423 7028/2803/424 7027/2804/424 7025/2802/423
f 7028/2803/424 7030/2805/425 7029/2806/425 7027/2804/424
f 7030/2805/425 7032/2807/426 7031/2808/426 7029/2806/425
f 7032/2807/426 7034/2809/427 7033/2810/427 7031/2808/426
f 7034/2809/427 7036/2811/428 7035/2812/428 7033/2810/427
f 7036/2811/428 7038/2813/429 7037/2814/429 7035/2812/428
f 7038/2813/429 7040/2815/430 7039/2816/430 7037/2814/429
f 7040/2815/430 7042/2817/431 7041/2818/431 7039/2816/430
f 7042/2817/431 7044/2819/432 7043/2820/432 7041/2818/431
f 7044/2819/432 7046/2821/433 7045/2822/433 7043/2820/432
f 7046/2821/433 7048/2823/434 7047/2824/434 7045/2822/433
f 7048/2823/434 7050/2825/435 7049/2826/435 7047/2824/434
f 7050/2825/435 7052/2827/436 7051/2828/436 7049/2826/435
f 7052/2827/436 7054/2829/437 7053/2830/437 7051/2828/436
f 7054/2829/437 7056/2831/438 7055/2832/438 7053/2830/437
f 7056/2831/438 7058/2833/439 7057/2834/439 7055/2832/438
f 7058/2833/439 7060/2835/440 7059/2836/440 7057/2834/439
f 7060/2835/440 7062/2837/441 7061/2838/441 7059/2836/440
f 7062/2837/441 7064/2839/442 7063/2840/442 7061/2838/441
f 7064/2839/442 7066/2841/443 7065/2842/443 7063/2840/442
f 7066/2841/443 7068/2843/444 7067/2844/444 7065/2842/443
f 7068/2843/444 7070/2845/445 7069/2846/445 7067/2844/444
f 7070/2845/445 7072/2847/446 7071/2848/446 7069/2846/445
f 7072/2847/446 7074/2849/56 7073/2850/56 7071/2848/446
f 7074/2849/56 7076/2851/447 7075/2852/447 7073/2850/56
f 7076/2851/447 7078/2853/448 7077/2854/448 7075/2852/447
f 7078/2853/448 7080/2855/449 7079/2856/449 7077/2854/448
f 7080/2855/449 7082/2857/450 7081/2858/450 7079/2856/449
f 7082/2857/450 7084/2859/451 7083/2860/451 7081/2858/450
f 7084/2859/451 7086/2861/452 7085/2862/452 7083/2860/451
f 7086/2861/452 7088/2863/453 7087/2864/453 7085/2862/452
f 7088/2863/453 7090/2865/454 7089/2866/454 7087/2864/453
f 7090/2865/454 7092/2867/455 7091/2868/455 7089/2866/454
f 7092/2867/455 7094/2869/456 7093/2870/456 7091/2868/455
f 7094/2869/456 7096/2871/457 7095/2872/457 7093/2870/456
f 7096/2871/457 7098/2873/458 7097/2874/458 7095/2872/457
f 7098/2873/458 7100/2875/459 7099/2876/459 7097/2874/458
f 7100/2875/459 7102/2877/460 7101/2878/460 7099/2876/459
f 7102/2877/460 7104/2879/461 7103/2880/461 7101/2878/460
f 7104/2879/461 7106/2881/462 7105/2882/462 7103/2880/461
f 7106/2881/462 7108/2883/463 7107/2884/463 7105/2882/462
f 7108/2883/463 7110/2885/464 7109/2886/464 7107/2884/463
f 7110/2885/464 7112/2887/465 7111/2888/465 7109/2886/464
f 7112/2887/465 7114/2889/466 7113/2890/466 7111/2888/465
f 7114/2889/466 7116/2891/467 7115/2892/467 7113/2890/466
f 7116/2891/467 7118/2893/468 7117/2894/468 7115/2892/467
f 7118/2893/468 7120/2895/469 7119/2896/469 7117/2894/468
f 7120/2895/469 7122/2897/470 7121/2898/470 7119/2896/469
f 7122/2897/470 7124/2899/471 7123/2900/471 7121/2898/470
f 7124/2899/471 7126/2901/472 7125/2902/472 7123/2900/471
f 7126/2901/472 7128/2903/473 7127/2904/473 7125/2902/472
f 7128/2903/473 7130/2905/474 7129/2906/474 7127/2904/473
f 7130/2905/474 7132/2907/475 7131/2908/475 7129/2906/474
f 7132/2907/475 7134/2909/476 7133/2910/476 7131/2908/475
f 7134/2909/476 7136/2911/477 7135/2912/477 7133/2910/476
f 7136/2911/477 7138/2913/478 7137/2914/478 7135/2912/477
f 7138/2913/478 7140/2915/479 7139/2916/479 7137/2914/478
f 7140/2915/479 7142/2917/480 7141/2918/480 7139/2916/479
f 7142/2917/480 7144/2919/481 7143/2920/481 7141/2918/480
f 7144/2919/481 7146/2921/482 7145/2922/482 7143/2920/481
f 7146/2921/482 7148/2923/479 7147/2924/479 7145/2922/482
f 7148/2923/479 7150/2925/483 7149/2926/483 7147/2924/479
f 7150/2925/483 7152/2927/484 7151/2928/484 7149/2926/483
f 7152/2927/484 7154/2929/485 7153/2930/485 7151/2928/484
f 7154/2929/485 7156/2931/486 7155/2932/486 7153/2930/485
f 7156/2931/486 7158/2933/487 7157/2934/487 7155/2932/486
f 7158/2933/487 7160/2935/488 7159/2936/488 7157/2934/487
f 7160/2935/488 7162/2937/489 7161/2938/489 7159/2936/488
f 7162/2937/489 7164/2939/490 7163/2940/490 7161/2938/489
f 7164/2939/490 7166/2941/491 7165/2942/491 7163/2940/490
f 7166/2941/491 7168/2943/492 7167/2944/492 7165/2942/491
f 7168/2943/492 7170/2945/493 7169/2946/493 7167/2944/492
f 7170/2945/493 7172/2947/494 7171/2948/494 7169/2946/493
f 7172/2947/494 7174/2949/495 7173/2950/495 7171/2948/494
f 7174/2949/495 7176/2951/496 7175/2952/496 7173/2950/495
f 7176/2951/496 7178/2953/497 7177/2954/497 7175/2952/496
f 7178/2953/497 7180/2955/498 7179/2956/498 7177/2954/497
f 7180/2955/498 7182/2957/499 7181/2958/499 7179/2956/498
f 7182/2957/499 7184/2959/500 7183/2960/500 7181/2958/499
f 7184/2959/500 7186/2961/501 7185/2962/501 7183/2960/500
f 7186/2961/501 7188/2963/502 7187/2964/502 7185/2962/501
f 7188/2963/502 7190/2965/503 7189/2966/503 7187/2964/502
f 7190/2965/503 7192/2967/504 7191/2968/504 7189/2966/503
f 7192/2967/504 7194/2969/505 7193/2970/505 7191/2968/504
f 7194/2969/505 7196/2971/506 7195/2972/506 7193/2970/505
f 7196/2971/506 7198/2973/507 7197/2974/507 7195/2972/506
f 7198/2973/507 7200/2975/508 7199/2976/508 7197/2974/507
f 7200/2975/508 7202/2977/509 7201/2978/509 7199/2976/508
f 7202/2977/509 7204/2979/510 7203/2980/510 7201/2978/509
f 7204/2979/510 6610/2296/215 6609/3/215 7203/2980/510
f 7206/2292/12 7208/2293/11 7207/1184/11 7205/101/12
f 7208/2293/11 7210/2294/14 7209/433/14 7207/1184/11
f 7210/2294/14 7212/2295/13 7211/1259/13 7209/433/14
f 7212/2295/13 7206/2296/12 7205/3/12 7211/1259/13
f 7214/2292/11 7216/2293/14 7215/1184/14 7213/101/11
f 7216/2293/14 7218/2294/13 7217/433/13 7215/1184/14
f 7218/2294/13 7220/2295/12 7219/1259/12 7217/433/13
f 7220/2295/12 7214/2296/11 7213/3/11 7219/1259/12
f 7222/2292/12 7224/2293/11 7223/1184/11 7221/101/12
f 7224/2293/11 7226/2294/14 7225/433/14 7223/1184/11
f 7226/2294/14 7228/2295/13 7227/1259/13 7225/433/14
f 7228/2295/13 7222/2296/12 7221/3/12 7227/1259/13
f 7230/2292/14 7232/2302/11 7231/1703/11 7229/101/14
f 7232/2302/11 7234/2293/11 7233/1184/11 7231/1703/11
f 7234/2293/11 7236/2313/14 7235/1782/14 7233/1184/11
f 7236/2313/14 7238/2294/14 7237/433/14 7235/1782/14
f 7238/2294/14 7240/2324/11 7239/1748/11 7237/433/14
f 7240/2324/11 7242/2295/12 7241/1259/12 7239/1748/11
f 7242/2295/12 7244/2335/13 7243/1842/13 7241/1259/12
f 7244/2335/13 7230/2296/14 7229/3/14 7243/1842/13
f 7246/2292/511 7248/2981/512 7247/2982/512 7245/101/511
f 7248/2981/512 7250/2983/513 7249/2984/513 7247/2982/512
f 7250/2983/513 7252/2985/514 7251/2986/514 7249/2984/513
f 7252/2985/514 7254/2987/515 7253/2988/515 7251/2986/514
f 7254/2987/515 7256/2989/516 7255/2990/516 7253/2988/515
f 7256/2989/516 7258/2991/517 7257/2992/517 7255/2990/516
f 7258/2991/517 7260/2993/518 7259/2994/518 7257/2992/517
f 7260/2993/518 7262/2995/519 7261/2996/519 7259/2994/518
f 7262/2995/519 7264/2997/520 7263/2998/520 7261/2996/519
f 7264/2997/520 7266/2999/521 7265/3000/521 7263/2998/520
f 7266/2999/521 7268/3001/522 7267/3002/522 7265/3000/521
f 7268/3001/522 7270/3003/523 7269/3004/523 7267/3002/522
f 7270/3003/523 7272/3005/524 7271/3006/524 7269/3004/523
f 7272/3005/524 7274/3007/525 7273/3008/525 7271/3006/524
f 7274/3007/525 7276/3009/526 7275/3010/526 7273/3008/525
f 7276/3009/526 7278/3011/527 7277/3012/527 7275/3010/526
f 7278/3011/527 7280/3013/528 7279/3014/528 7277/3012/527
f 7280/3013/528 7282/3015/529 7281/3016/529 7279/3014/528
f 7282/3015/529 7284/3017/530 7283/3018/530 7281/3016/529
f 7284/3017/530 7286/3019/531 7285/3020/531 7283/3018/530
f 7286/3019/531 7288/3021/532 7287/3022/532 7285/3020/531
f 7288/3021/532 7290/3023/533 7289/3024/533 7287/3022/532
f 7290/3023/533 7292/3025/534 7291/3026/534 7289/3024/533
f 7292/3025/534 7294/3027/535 7293/3028/535 7291/3026/534
f 7294/3027/535 7296/3029/38 7295/3030/38 7293/3028/535
f 7296/3029/38 7298/3031/38 7297/3032/38 7295/3030/38
f 7298/3031/38 7300/3033/38 7299/3034/38 7297/3032/38
f 7300/3033/38 7302/3035/38 7301/3036/38 7299/3034/38
f 7302/3035/38 7304/3037/38 7303/3038/38 7301/3036/38
f 7304/3037/38 7306/3039/38 7305/3040/38 7303/3038/38
f 7306/3039/38 7308/3041/38 7307/3042/38 7305/3040/38
f 7308/3041/38 7310/3043/38 7309/3044/38 7307/3042/38
f 7310/3043/38 7312/3045/38 7311/3046/38 7309/3044/38
f 7312/3045/38 7314/3047/38 7313/3048/38 7311/3046/38
f 7314/3047/38 7316/3049/38 7315/3050/38 7313/3048/38
f 7316/3049/38 7318/3051/536 7317/3052/536 7315/3050/38
f 7318/3051/536 7320/3053/537 7319/3054/537 7317/3052/536
f 7320/3053/537 7322/3055/538 7321/3056/538 7319/3054/537
f 7322/3055/538 7324/3057/539 7323/3058/539 7321/3056/538
f 7324/3057/539 7326/3059/540 7325/3060/540 7323/3058/539
f 7326/3059/540 7328/3061/541 7327/3062/541 7325/3060/540
f 7328/3061/541 7330/3063/542 7329/3064/542 7327/3062/541
f 7330/3063/542 7332/3065/543 7331/3066/543 7329/3064/542
f 7332/3065/543 7334/3067/544 7333/3068/544 7331/3066/543
f 7334/3067/544 7336/3069/545 7335/3070/545 7333/3068/544
f 7336/3069/545 7338/3071/546 7337/3072/546 7335/3070/545
f 7338/3071/546 7340/3073/547 7339/3074/547 7337/3072/546
f 7340/3073/547 7342/3075/548 7341/3076/548 7339/3074/547
f 7342/3075/548 7344/3077/549 7343/3078/549 7341/3076/548
f 7344/3077/549 7346/3079/550 7345/3080/550 7343/3078/549
f 7346/3079/550 7348/3081/551 7347/3082/551 7345/3080/550
f 7348/3081/551 7350/3083/552 7349/3084/552 7347/3082/551
f 7350/3083/552 7352/3085/553 7351/3086/553 7349/3084/552
f 7352/3085/553 7354/3087/554 7353/3088/554 7351/3086/553
f 7354/3087/554 7356/3089/555 7355/3090/555 7353/3088/554
f 7356/3089/555 7358/3091/556 7357/3092/556 7355/3090/555
f 7358/3091/556 7360/3093/557 7359/3094/557 7357/3092/556
f 7360/3093/557 7362/3095/558 7361/3096/558 7359/3094/557
f 7362/3095/558 7364/3097/559 7363/3098/559 7361/3096/558
f 7364/3097/559 7366/3099/560 7365/3100/560 7363/3098/559
f 7366/3099/560 7368/3101/561 7367/3102/561 7365/3100/560
f 7368/3101/561 7370/3103/562 7369/3104/562 7367/3102/561
f 7370/3103/562 7372/3105/563 7371/3106/563 7369/3104/562
f 7372/3105/563 7374/3107/564 7373/3108/564 7371/3106/563
f 7374/3107/564 7376/3109/565 7375/3110/565 7373/3108/564
f 7376/3109/565 7378/3111/566 7377/3112/566 7375/3110/565
f 7378/3111/566 7380/3113/567 7379/3114/567 7377/3112/566
f 7380/3113/567 7382/3115/568 7381/3116/568 7379/3114/567
f 7382/3115/568 7384/3117/569 7383/3118/569 7381/3116/568
f 7384/3117/569 7386/3119/570 7385/3120/570 7383/3118/569
f 7386/3119/570 7388/3121/571 7387/3122/571 7385/3120/570
f 7388/3121/571 7390/3123/572 7389/3124/572 7387/3122/571
f 7390/3123/572 7392/3125/62 7391/3126/62 7389/3124/572
f 7392/3125/62 7394/3127/62 7393/3128/62 7391/3126/62
f 7394/3127/62 7396/3129/62 7395/3130/62 7393/3128/62
f 7396/3129/62 7398/3131/62 7397/3132/62 7395/3130/62
f 7398/3131/62 7400/3133/62 7399/3134/62 7397/3132/62
f 7400/3133/62 7402/3135/62 7401/3136/62 7399/3134/62
f 7402/3135/62 7404/3137/62 7403/3138/62 7401/3136/62
f 7404/3137/62 7406/3139/62 7405/3140/62 7403/3138/62
f 7406/3139/62 7408/3141/62 7407/3142/62 7405/3140/62
f 7408/3141/62 7410/3143/62 7409/3144/62 7407/3142/62
f 7410/3143/62 7412/3145/62 7411/3146/62 7409/3144/62
f 7412/3145/62 7414/3147/573 7413/3148/573 7411/3146/62
f 7414/3147/573 7416/3149/574 7415/3150/574 7413/3148/573
f 7416/3149/574 7418/3151/575 7417/3152/575 7415/3150/574
f 7418/3151/575 7420/3153/576 7419/3154/576 7417/3152/575
f 7420/3153/576 7422/3155/577 7421/3156/577 7419/3154/576
f 7422/3155/577 7424/3157/578 7423/3158/578 7421/3156/577
f 7424/3157/578 7426/3159/579 7425/3160/579 7423/3158/578
f 7426/3159/579 7428/3161/580 7427/3162/580 7425/3160/579
f 7428/3161/580 7430/3163/581 7429/3164/581 7427/3162/580
f 7430/3163/581 7432/3165/582 7431/3166/582 7429/3164/581
f 7432/3165/582 7434/3167/583 7433/3168/583 7431/3166/582
f 7434/3167/583 7436/3169/584 7435/3170/584 7433/3168/583
f 7436/3169/584 7438/3171/585 7437/3172/585 7435/3170/584
f 7438/3171/585 7440/3173/12 7439/3174/12 7437/3172/585
f 7440/3173/12 7442/3175/13 7441/3176/13 7439/3174/12
f 7442/3175/13 7444/3177/586 7443/3178/586 7441/3176/13
f 7444/3177/586 7446/3179/587 7445/3180/587 7443/3178/586
f 7446/3179/587 7448/3181/588 7447/3182/588 7445/3180/587
f 7448/3181/588 7450/3183/589 7449/3184/589 7447/3182/588
f 7450/3183/589 7452/3185/590 7451/3186/590 7449/3184/589
f 7452/3185/590 7454/3187/591 7453/3188/591 7451/3186/590
f 7454/3187/591 7456/3189/592 7455/3190/592 7453/3188/591
f 7456/3189/592 7458/3191/593 7457/3192/593 7455/3190/592
f 7458/3191/593 7460/3193/594 7459/3194/594 7457/3192/593
f 7460/3193/594 7462/3195/595 7461/3196/595 7459/3194/594
f 7462/3195/595 7464/3197/596 7463/3198/596 7461/3196/595
f 7464/3197/596 7466/3199/597 7465/3200/597 7463/3198/596
f 7466/3199/597 7468/3201/598 7467/3202/598 7465/3200/597
f 7468/3201/598 7470/3203/599 7469/3204/599 7467/3202/598
f 7470/3203/599 7246/2296/511 7245/3/511 7469/3204/599
f 7472/2292/12 7474/2293/11 7473/1184/11 7471/101/12
f 7474/2293/11 7476/2294/14 7475/433/14 7473/1184/11
f 7476/2294/14 7478/2295/13 7477/1259/13 7475/433/14
f 7478/2295/13 7472/2296/12 7471/3/12 7477/1259/13
f 7480/2292/11 7482/2293/14 7481/1184/14 7479/101/11
f 7482/2293/14 7484/2294/13 7483/433/13 7481/1184/14
f 7484/2294/13 7486/2295/12 7485/1259/12 7483/433/13
f 7486/2295/12 7480/2296/11 7479/3/11 7485/1259/12
f 7488/2292/14 7490/2302/11 7489/1703/11 7487/101/14
f 7490/2302/11 7492/2293/11 7491/1184/11 7489/1703/11
f 7492/2293/11 7494/2313/14 7493/1782/14 7491/1184/11
f 7494/2313/14 7496/2294/14 7495/433/14 7493/1782/14
f 7496/2294/14 7498/2324/11 7497/1748/11 7495/433/14
f 7498/2324/11 7500/2295/12 7499/1259/12 7497/1748/11
f 7500/2295/12 7502/2335/13 7501/1842/13 7499/1259/12
f 7502/2335/13 7488/2296/14 7487/3/14 7501/1842/13
f 7504/2292/13 7506/3205/13 7505/3206/13 7503/101/13
f 7506/3205/13 7508/3207/14 7507/3208/14 7505/3206/13
f 7508/3207/14 7510/3209/14 7509/3210/14 7507/3208/14
f 7510/3209/14 7512/3211/600 7511/3212/600 7509/3210/14
f 7512/3211/600 7514/3213/601 7513/3214/601 7511/3212/600
f 7514/3213/601 7516/3215/602 7515/3216/602 7513/3214/601
f 7516/3215/602 7518/3217/603 7517/3218/603 7515/3216/602
f 7518/3217/603 7520/3219/604 7519/3220/604 7517/3218/603
f 7520/3219/604 7522/3221/605 7521/3222/605 7519/3220/604
f 7522/3221/605 7524/3223/606 7523/3224/606 7521/3222/605
f 7524/3223/606 7526/3225/607 7525/3226/607 7523/3224/606
f 7526/3225/607 7528/3227/608 7527/3228/608 7525/3226/607
f 7528/3227/608 7530/3229/609 7529/3230/609 7527/3228/608
f 7530/3229/609 7532/3231/610 7531/3232/610 7529/3230/609
f 7532/3231/610 7534/3233/611 7533/3234/611 7531/3232/610
f 7534/3233/611 7536/3235/612 7535/3236/612 7533/3234/611
f 7536/3235/612 7538/3237/613 7537/3238/613 7535/3236/612
f 7538/3237/613 7540/3239/614 7539/3240/614 7537/3238/613
f 7540/3239/614 7542/3241/615 7541/3242/615 7539/3240/614
f 7542/3241/615 7544/3243/616 7543/3244/616 7541/3242/615
f 7544/3243/616 7546/3245/617 7545/3246/617 7543/3244/616
f 7546/3245/617 7548/3247/618 7547/3248/618 7545/3246/617
f 7548/3247/618 7550/3249/619 7549/3250/619 7547/3248/618
f 7550/3249/619 7552/3251/620 7551/3252/620 7549/3250/619
f 7552/3251/620 7554/3253/621 7553/3254/621 7551/3252/620
f 7554/3253/621 7556/3255/622 7555/3256/622 7553/3254/621
f 7556/3255/622 7558/3257/623 7557/3258/623 7555/3256/622
f 7558/3257/623 7560/3259/438 7559/3260/438 7557/3258/623
f 7560/3259/438 7562/3261/624 7561/3262/624 7559/3260/438
f 7562/3261/624 7564/3263/625 7563/3264/625 7561/3262/624
f 7564/3263/625 7566/3265/626 7565/3266/626 7563/3264/625
f 7566/3265/626 7568/3267/627 7567/3268/627 7565/3266/626
f 7568/3267/627 7570/3269/628 7569/3270/628 7567/3268/627
f 7570/3269/628 7572/3271/629 7571/3272/629 7569/3270/628
f 7572/3271/629 7574/3273/630 7573/3274/630 7571/3272/629
f 7574/3273/630 7576/3275/631 7575/3276/631 7573/3274/630
f 7576/3275/631 7578/3277/632 7577/3278/632 7575/3276/631
f 7578/3277/632 7580/3279/633 7579/3280/633 7577/3278/632
f 7580/3279/633 7582/3281/155 7581/3282/155 7579/3280/633
f 7582/3281/155 7584/3283/634 7583/3284/634 7581/3282/155
f 7584/3283/634 7586/3285/635 7585/3286/635 7583/3284/634
f 7586/3285/635 7588/3287/636 7587/3288/636 7585/3286/635
f 7588/3287/636 7590/3289/637 7589/3290/637 7587/3288/636
f 7590/3289/637 7592/3291/638 7591/3292/638 7589/3290/637
f 7592/3291/638 7594/3293/639 7593/3294/639 7591/3292/638
f 7594/3293/639 7596/3295/640 7595/3296/640 7593/3294/639
f 7596/3295/640 7598/3297/641 7597/3298/641 7595/3296/640
f 7598/3297/641 7600/3299/642 7599/3300/642 7597/3298/641
f 7600/3299/642 7602/3301/643 7601/3302/643 7599/3300/642
f 7602/3301/643 7604/3303/644 7603/3304/644 7601/3302/643
f 7604/3303/644 7606/3305/645 7605/3306/645 7603/3304/644
f 7606/3305/645 7608/3307/646 7607/3308/646 7605/3306/645
f 7608/3307/646 7610/3309/647 7609/3310/647 7607/3308/646
f 7610/3309/647 7612/3311/648 7611/3312/648 7609/3310/647
f 7612/3311/648 7614/3313/649 7613/3314/649 7611/3312/648
f 7614/3313/649 7616/3315/650 7615/3316/650 7613/3314/649
f 7616/3315/650 7618/3317/651 7617/3318/651 7615/3316/650
f 7618/3317/651 7620/3319/652 7619/3320/652 7617/3318/651
f 7620/3319/652 7622/3321/653 7621/3322/653 7619/3320/652
f 7622/3321/653 7624/3323/654 7623/3324/654 7621/3322/653
f 7624/3323/654 7626/3325/655 7625/3326/655 7623/3324/654
f 7626/3325/655 7628/3327/656 7627/3328/656 7625/3326/655
f 7628/3327/656 7630/3329/657 7629/3330/657 7627/3328/656
f 7630/3329/657 7632/3331/658 7631/3332/658 7629/3330/657
f 7632/3331/658 7634/3333/659 7633/3334/659 7631/3332/658
f 7634/3333/659 7636/3335/660 7635/3336/660 7633/3334/659
f 7636/3335/660 7638/3337/661 7637/3338/661 7635/3336/660
f 7638/3337/661 7640/3339/662 7639/3340/662 7637/3338/661
f 7640/3339/662 7642/3341/663 7641/3342/663 7639/3340/662
f 7642/3341/663 7644/3343/664 7643/3344/664 7641/3342/663
f 7644/3343/664 7646/3345/665 7645/3346/665 7643/3344/664
f 7646/3345/665 7648/3347/666 7647/3348/666 7645/3346/665
f 7648/3347/666 7650/3349/11 7649/3350/11 7647/3348/666
f 7650/3349/11 7652/3351/11 7651/3352/11 7649/3350/11
f 7652/3351/11 7654/3353/12 7653/3354/12 7651/3352/11
f 7654/3353/12 7656/3355/12 7655/3356/12 7653/3354/12
f 7656/3355/12 7658/3357/12 7657/3358/12 7655/3356/12
f 7658/3357/12 7660/3359/13 7659/3360/13 7657/3358/12
f 7660/3359/13 7504/2296/13 7503/3/13 7659/3360/13
f 7662/2292/667 7664/3361/668 7663/3362/668 7661/101/667
f 7664/3361/668 7666/3363/669 7665/3364/669 7663/3362/668
f 7666/3363/669 7668/3365/670 7667/3366/670 7665/3364/669
f 7668/3365/670 7670/3367/671 7669/3368/671 7667/3366/670
f 7670/3367/671 7672/3369/672 7671/3370/672 7669/3368/671
f 7672/3369/672 7674/3371/673 7673/3372/673 7671/3370/672
f 7674/3371/673 7676/3373/674 7675/3374/674 7673/3372/673
f 7676/3373/674 7678/3375/675 7677/3376/675 7675/3374/674
f 7678/3375/675 7680/3377/676 7679/3378/676 7677/3376/675
f 7680/3377/676 7682/3379/677 7681/3380/677 7679/3378/676
f 7682/3379/677 7684/3381/678 7683/3382/678 7681/3380/677
f 7684/3381/678 7686/3383/679 7685/3384/679 7683/3382/678
f 7686/3383/679 7688/3385/680 7687/3386/680 7685/3384/679
f 7688/3385/680 7690/3387/681 7689/3388/681 7687/3386/680
f 7690/3387/681 7692/3389/682 7691/3390/682 7689/3388/681
f 7692/3389/682 7694/3391/683 7693/3392/683 7691/3390/682
f 7694/3391/683 7696/3393/684 7695/2212/684 7693/3392/683
f 7696/3393/684 7698/3394/685 7697/3395/685 7695/2212/684
f 7698/3394/685 7700/3396/686 7699/3397/686 7697/3395/685
f 7700/3396/686 7702/3398/687 7701/3399/687 7699/3397/686
f 7702/3398/687 7704/3400/688 7703/3401/688 7701/3399/687
f 7704/3400/688 7706/3402/689 7705/3403/689 7703/3401/688
f 7706/3402/689 7708/3404/690 7707/3405/690 7705/3403/689
f 7708/3404/690 7710/3406/691 7709/3407/691 7707/3405/690
f 7710/3406/691 7712/3408/692 7711/3409/692 7709/3407/691
f 7712/3408/692 7714/3410/693 7713/3411/693 7711/3409/692
f 7714/3410/693 7716/3412/694 7715/3413/694 7713/3411/693
f 7716/3412/694 7718/3414/695 7717/3415/695 7715/3413/694
f 7718/3414/695 7720/3416/696 7719/3417/696 7717/3415/695
f 7720/3416/696 7722/3418/697 7721/3419/697 7719/3417/696
f 7722/3418/697 7724/3420/698 7723/3421/698 7721/3419/697
f 7724/3420/698 7726/3422/699 7725/3423/699 7723/3421/698
f 7726/3422/699 7728/3424/700 7727/3425/700 7725/3423/699
f 7728/3424/700 7730/3426/701 7729/2213/701 7727/3425/700
f 7730/3426/701 7732/3427/702 7731/3428/702 7729/2213/701
f 7732/3427/702 7734/3429/703 7733/3430/703 7731/3428/702
f 7734/3429/703 7736/3431/704 7735/3432/704 7733/3430/703
f 7736/3431/704 7738/3433/705 7737/3434/705 7735/3432/704
f 7738/3433/705 7740/3435/706 7739/3436/706 7737/3434/705
f 7740/3435/706 7742/3437/707 7741/3438/707 7739/3436/706
f 7742/3437/707 7744/3439/708 7743/3440/708 7741/3438/707
f 7744/3439/708 7746/3441/709 7745/3442/709 7743/3440/708
f 7746/3441/709 7748/3443/710 7747/3444/710 7745/3442/709
f 7748/3443/710 7750/3445/711 7749/3446/711 7747/3444/710
f 7750/3445/711 7752/3447/712 7751/3448/712 7749/3446/711
f 7752/3447/712 7754/3449/713 7753/3450/713 7751/3448/712
f 7754/3449/713 7756/3451/714 7755/3452/714 7753/3450/713
f 7756/3451/714 7758/3453/715 7757/3454/715 7755/3452/714
f 7758/3453/715 7760/3455/716 7759/3456/716 7757/3454/715
f 7760/3455/716 7762/3457/717 7761/3458/717 7759/3456/716
f 7762/3457/717 7764/3459/718 7763/2200/718 7761/3458/717
f 7764/3459/718 7766/3460/719 7765/3461/719 7763/2200/718
f 7766/3460/719 7768/3462/720 7767/3463/720 7765/3461/719
f 7768/3462/720 7770/3464/721 7769/3465/721 7767/3463/720
f 7770/3464/721 7772/3466/722 7771/3467/722 7769/3465/721
f 7772/3466/722 7774/3468/723 7773/3469/723 7771/3467/722
f 7774/3468/723 7776/3470/724 7775/3471/724 7773/3469/723
f 7776/3470/724 7778/3472/725 7777/3473/725 7775/3471/724
f 7778/3472/725 7780/3474/726 7779/3475/726 7777/3473/725
f 7780/3474/726 7782/3476/727 7781/3477/727 7779/3475/726
f 7782/3476/727 7784/3478/728 7783/3479/728 7781/3477/727
f 7784/3478/728 7786/3480/729 7785/3481/729 7783/3479/728
f 7786/3480/729 7788/3482/730 7787/3483/730 7785/3481/729
f 7788/3482/730 7790/3484/731 7789/3485/731 7787/3483/730
f 7790/3484/731 7792/3486/732 7791/3487/732 7789/3485/731
f 7792/3486/732 7794/3488/733 7793/3489/733 7791/3487/732
f 7794/3488/733 7796/3490/417 7795/3491/417 7793/3489/733
f 7796/3490/417 7798/3492/734 7797/2116/734 7795/3491/417
f 7798/3492/734 7800/3493/735 7799/3494/735 7797/2116/734
f 7800/3493/735 7802/3495/736 7801/3496/736 7799/3494/735
f 7802/3495/736 7804/3497/737 7803/3498/737 7801/3496/736
f 7804/3497/737 7806/3499/738 7805/3500/738 7803/3498/737
f 7806/3499/738 7808/3501/739 7807/3502/739 7805/3500/738
f 7808/3501/739 7810/3503/740 7809/3504/740 7807/3502/739
f 7810/3503/740 7812/3505/741 7811/3506/741 7809/3504/740
f 7812/3505/741 7814/3507/742 7813/3508/742 7811/3506/741
f 7814/3507/742 7816/3509/743 7815/3510/743 7813/3508/742
f 7816/3509/743 7818/3511/744 7817/3512/744 7815/3510/743
f 7818/3511/744 7820/3513/745 7819/3514/745 7817/3512/744
f 7820/3513/745 7822/3515/746 7821/3516/746 7819/3514/745
f 7822/3515/746 7824/3517/747 7823/3518/747 7821/3516/746
f 7824/3517/747 7826/3519/748 7825/3520/748 7823/3518/747
f 7826/3519/748 7828/3521/749 7827/3522/749 7825/3520/748
f 7828/3521/749 7830/3523/750 7829/3524/750 7827/3522/749
f 7830/3523/750 7832/3525/751 7831/2112/751 7829/3524/750
f 7832/3525/751 7834/3526/752 7833/3527/752 7831/2112/751
f 7834/3526/752 7836/3528/753 7835/3529/753 7833/3527/752
f 7836/3528/753 7838/3530/754 7837/3531/754 7835/3529/753
f 7838/3530/754 7840/3532/755 7839/3533/755 7837/3531/754
f 7840/3532/755 7842/3534/756 7841/3535/756 7839/3533/755
f 7842/3534/756 7844/3536/757 7843/3537/757 7841/3535/756
f 7844/3536/757 7846/3538/758 7845/3539/758 7843/3537/757
f 7846/3538/758 7848/3540/759 7847/3541/759 7845/3539/758
f 7848/3540/759 7850/3542/760 7849/3543/760 7847/3541/759
f 7850/3542/760 7852/3544/761 7851/3545/761 7849/3543/760
f 7852/3544/761 7854/3546/762 7853/3547/762 7851/3545/761
f 7854/3546/762 7856/3548/763 7855/3549/763 7853/3547/762
f 7856/3548/763 7858/3550/764 7857/3551/764 7855/3549/763
f 7858/3550/764 7860/3552/765 7859/3553/765 7857/3551/764
f 7860/3552/765 7862/3554/766 7861/3555/766 7859/3553/765
f 7862/3554/766 7864/3556/767 7863/3557/767 7861/3555/766
f 7864/3556/767 7866/3558/768 7865/2124/768 7863/3557/767
f 7866/3558/768 7868/3559/769 7867/3560/769 7865/2124/768
f 7868/3559/769 7870/3561/770 7869/3562/770 7867/3560/769
f 7870/3561/770 7872/3563/771 7871/3564/771 7869/3562/770
f 7872/3563/771 7874/3565/772 7873/3566/772 7871/3564/771
f 7874/3565/772 7876/3567/773 7875/3568/773 7873/3566/772
f 7876/3567/773 7878/3569/774 7877/3570/774 7875/3568/773
f 7878/3569/774 7880/3571/775 7879/3572/775 7877/3570/774
f 7880/3571/775 7882/3573/776 7881/3574/776 7879/3572/775
f 7882/3573/776 7884/3575/777 7883/3576/777 7881/3574/776
f 7884/3575/777 7886/3577/778 7885/3578/778 7883/3576/777
f 7886/3577/778 7888/3579/779 7887/3580/779 7885/3578/778
f 7888/3579/779 7890/3581/780 7889/3582/780 7887/3580/779
f 7890/3581/780 7892/3583/781 7891/3584/781 7889/3582/780
f 7892/3583/781 7894/3585/782 7893/3586/782 7891/3584/781
f 7894/3585/782 7896/3587/783 7895/3588/783 7893/3586/782
f 7896/3587/783 7898/3589/784 7897/3590/784 7895/3588/783
f 7898/3589/784 7900/3591/785 7899/2139/785 7897/3590/784
f 7900/3591/785 7902/3592/786 7901/3593/786 7899/2139/785
f 7902/3592/786 7904/3594/787 7903/3595/787 7901/3593/786
f 7904/3594/787 7906/3596/788 7905/3597/788 7903/3595/787
f 7906/3596/788 7908/3598/789 7907/3599/789 7905/3597/788
f 7908/3598/789 7910/3600/790 7909/3601/790 7907/3599/789
f 7910/3600/790 7912/3602/791 7911/3603/791 7909/3601/790
f 7912/3602/791 7914/3604/792 7913/3605/792 7911/3603/791
f 7914/3604/792 7916/3606/793 7915/3607/793 7913/3605/792
f 7916/3606/793 7918/3608/794 7917/3609/794 7915/3607/793
f 7918/3608/794 7920/3610/795 7919/3611/795 7917/3609/794
f 7920/3610/795 7922/3612/373 7921/3613/373 7919/3611/795
f 7922/3612/373 7924/3614/796 7923/3615/796 7921/3613/373
f 7924/3614/796 7926/3616/797 7925/3617/797 7923/3615/796
f 7926/3616/797 7928/3618/798 7927/3619/798 7925/3617/797
f 7928/3618/798 7930/3620/799 7929/3621/799 7927/3619/798
f 7930/3620/799 7932/3622/800 7931/3623/800 7929/3621/799
f 7932/3622/800 7934/3624/801 7933/2143/801 7931/3623/800
f 7934/3624/801 7936/3625/802 7935/3626/802 7933/2143/801
f 7936/3625/802 7938/3627/803 7937/3628/803 7935/3626/802
f 7938/3627/803 7940/3629/804 7939/3630/804 7937/3628/803
f 7940/3629/804 7942/3631/805 7941/3632/805 7939/3630/804
f 7942/3631/805 7944/3633/806 7943/3634/806 7941/3632/805
f 7944/3633/806 7946/3635/807 7945/3636/807 7943/3634/806
f 7946/3635/807 7948/3637/808 7947/3638/808 7945/3636/807
f 7948/3637/808 7950/3639/809 7949/3640/809 7947/3638/808
f 7950/3639/809 7952/3641/810 7951/3642/810 7949/3640/809
f 7952/3641/810 7954/3643/811 7953/3644/811 7951/3642/810
f 7954/3643/811 7956/3645/812 7955/3646/812 7953/3644/811
f 7956/3645/812 7958/3647/813 7957/3648/813 7955/3646/812
f 7958/3647/813 7960/3649/814 7959/3650/814 7957/3648/813
f 7960/3649/814 7962/3651/815 7961/3652/815 7959/3650/814
f 7962/3651/815 7964/3653/816 7963/3654/816 7961/3652/815
f 7964/3653/816 7966/3655/817 7965/3656/817 7963/3654/816
f 7966/3655/817 7968/3657/818 7967/2130/818 7965/3656/817
f 7968/3657/818 7970/3658/819 7969/3659/819 7967/2130/818
f 7970/3658/819 7972/3660/820 7971/3661/820 7969/3659/819
f 7972/3660/820 7974/3662/821 7973/3663/821 7971/3661/820
f 7974/3662/821 7976/3664/822 7975/3665/822 7973/3663/821
f 7976/3664/822 7978/3666/823 7977/3667/823 7975/3665/822
f 7978/3666/823 7980/3668/824 7979/3669/824 7977/3667/823
f 7980/3668/824 7982/3670/825 7981/3671/825 7979/3669/824
f 7982/3670/825 7984/3672/826 7983/3673/826 7981/3671/825
f 7984/3672/826 7986/3674/827 7985/3675/827 7983/3673/826
f 7986/3674/827 7988/3676/828 7987/3677/828 7985/3675/827
f 7988/3676/828 7990/3678/829 7989/3679/829 7987/3677/828
f 7990/3678/829 7992/3680/830 7991/3681/830 7989/3679/829
f 7992/3680/830 7994/3682/831 7993/3683/831 7991/3681/830
f 7994/3682/831 7996/3684/832 7995/3685/832 7993/3683/831
f 7996/3684/832 7998/3686/833 7997/3687/833 7995/3685/832
f 7998/3686/833 8000/3688/834 7999/3689/834 7997/3687/833
f 8000/3688/834 8002/3690/835 8001/2153/835 7999/3689/834
f 8002/3690/835 8004/3691/836 8003/3692/836 8001/2153/835
f 8004/3691/836 8006/3693/837 8005/3694/837 8003/3692/836
f 8006/3693/837 8008/3695/838 8007/3696/838 8005/3694/837
f 8008/3695/838 8010/3697/839 8009/3698/839 8007/3696/838
f 8010/3697/839 8012/3699/840 8011/3700/840 8009/3698/839
f 8012/3699/840 8014/3701/841 8013/3702/841 8011/3700/840
f 8014/3701/841 8016/3703/842 8015/3704/842 8013/3702/841
f 8016/3703/842 8018/3705/843 8017/3706/843 8015/3704/842
f 8018/3705/843 8020/3707/844 8019/3708/844 8017/3706/843
f 8020/3707/844 8022/3709/845 8021/3710/845 8019/3708/844
f 8022/3709/845 8024/3711/846 8023/3712/846 8021/3710/845
f 8024/3711/846 8026/3713/847 8025/3714/847 8023/3712/846
f 8026/3713/847 8028/3715/848 8027/3716/848 8025/3714/847
f 8028/3715/848 8030/3717/849 8029/3718/849 8027/3716/848
f 8030/3717/849 8032/3719/850 8031/3720/850 8029/3718/849
f 8032/3719/850 8034/3721/851 8033/3722/851 8031/3720/850
f 8034/3721/851 8036/3723/431 8035/2165/431 8033/3722/851
f 8036/3723/431 8038/3724/852 8037/3725/852 8035/2165/431
f 8038/3724/852 8040/3726/853 8039/3727/853 8037/3725/852
f 8040/3726/853 8042/3728/854 8041/3729/854 8039/3727/853
f 8042/3728/854 8044/3730/855 8043/3731/855 8041/3729/854
f 8044/3730/855 8046/3732/856 8045/3733/856 8043/3731/855
f 8046/3732/856 8048/3734/857 8047/3735/857 8045/3733/856
f 8048/3734/857 8050/3736/858 8049/3737/858 8047/3735/857
f 8050/3736/858 8052/3738/50 8051/3739/50 8049/3737/858
f 8052/3738/50 8054/3740/859 8053/3741/859 8051/3739/50
f 8054/3740/859 8056/3742/860 8055/3743/860 8053/3741/859
f 8056/3742/860 8058/3744/861 8057/3745/861 8055/3743/860
f 8058/3744/861 8060/3746/862 8059/3747/862 8057/3745/861
f 8060/3746/862 8062/3748/863 8061/3749/863 8059/3747/862
f 8062/3748/863 8064/3750/864 8063/3751/864 8061/3749/863
f 8064/3750/864 8066/3752/865 8065/3753/865 8063/3751/864
f 8066/3752/865 8068/3754/866 8067/3755/866 8065/3753/865
f 8068/3754/866 8070/3756/867 8069/2164/867 8067/3755/866
f 8070/3756/867 8072/3757/868 8071/3758/868 8069/2164/867
f 8072/3757/868 8074/3759/869 8073/3760/869 8071/3758/868
f 8074/3759/869 8076/3761/870 8075/3762/870 8073/3760/869
f 8076/3761/870 8078/3763/871 8077/3764/871 8075/3762/870
f 8078/3763/871 8080/3765/872 8079/3766/872 8077/3764/871
f 8080/3765/872 8082/3767/873 8081/3768/873 8079/3766/872
f 8082/3767/873 8084/3769/874 8083/3770/874 8081/3768/873
f 8084/3769/874 8086/3771/875 8085/3772/875 8083/3770/874
f 8086/3771/875 8088/3773/876 8087/3774/876 8085/3772/875
f 8088/3773/876 8090/3775/877 8089/3776/877 8087/3774/876
f 8090/3775/877 8092/3777/878 8091/3778/878 8089/3776/877
f 8092/3777/878 8094/3779/744 8093/3780/744 8091/3778/878
f 8094/3779/744 8096/3781/879 8095/3782/879 8093/3780/744
f 8096/3781/879 8098/3783/880 8097/3784/880 8095/3782/879
f 8098/3783/880 8100/3785/881 8099/3786/881 8097/3784/880
f 8100/3785/881 8102/3787/882 8101/3788/882 8099/3786/881
f 8102/3787/882 8104/3789/883 8103/2150/883 8101/3788/882
f 8104/3789/883 8106/3790/884 8105/3791/884 8103/2150/883
f 8106/3790/884 8108/3792/885 8107/3793/885 8105/3791/884
f 8108/3792/885 8110/3794/886 8109/3795/886 8107/3793/885
f 8110/3794/886 8112/3796/887 8111/3797/887 8109/3795/886
f 8112/3796/887 8114/3798/888 8113/3799/888 8111/3797/887
f 8114/3798/888 8116/3800/848 8115/3801/848 8113/3799/888
f 8116/3800/848 8118/3802/889 8117/3803/889 8115/3801/848
f 8118/3802/889 8120/3804/890 8119/3805/890 8117/3803/889
f 8120/3804/890 8122/3806/891 8121/3807/891 8119/3805/890
f 8122/3806/891 8124/3808/892 8123/3809/892 8121/3807/891
f 8124/3808/892 8126/3810/893 8125/3811/893 8123/3809/892
f 8126/3810/893 8128/3812/894 8127/3813/894 8125/3811/893
f 8128/3812/894 8130/3814/895 8129/3815/895 8127/3813/894
f 8130/3814/895 8132/3816/896 8131/3817/896 8129/3815/895
f 8132/3816/896 8134/3818/897 8133/3819/897 8131/3817/896
f 8134/3818/897 8136/3820/898 8135/3821/898 8133/3819/897
f 8136/3820/898 8138/3822/899 8137/2180/899 8135/3821/898
f 8138/3822/899 8140/3823/900 8139/3824/900 8137/2180/899
f 8140/3823/900 8142/3825/901 8141/3826/901 8139/3824/900
f 8142/3825/901 8144/3827/902 8143/3828/902 8141/3826/901
f 8144/3827/902 8146/3829/903 8145/3830/903 8143/3828/902
f 8146/3829/903 8148/3831/904 8147/3832/904 8145/3830/903
f 8148/3831/904 8150/3833/905 8149/3834/905 8147/3832/904
f 8150/3833/905 8152/3835/906 8151/3836/906 8149/3834/905
f 8152/3835/906 8154/3837/907 8153/3838/907 8151/3836/906
f 8154/3837/907 8156/3839/908 8155/3840/908 8153/3838/907
f 8156/3839/908 8158/3841/909 8157/3842/909 8155/3840/908
f 8158/3841/909 8160/3843/910 8159/3844/910 8157/3842/909
f 8160/3843/910 8162/3845/911 8161/3846/911 8159/3844/910
f 8162/3845/911 8164/3847/912 8163/3848/912 8161/3846/911
f 8164/3847/912 8166/3849/913 8165/3850/913 8163/3848/912
f 8166/3849/913 8168/3851/914 8167/3852/914 8165/3850/913
f 8168/3851/914 8170/3853/915 8169/3854/915 8167/3852/914
f 8170/3853/915 8172/3855/916 8171/2193/916 8169/3854/915
f 8172/3855/916 8174/3856/917 8173/3857/917 8171/2193/916
f 8174/3856/917 8176/3858/918 8175/3859/918 8173/3857/917
f 8176/3858/918 8178/3860/919 8177/3861/919 8175/3859/918
f 8178/3860/919 8180/3862/920 8179/3863/920 8177/3861/919
f 8180/3862/920 8182/3864/921 8181/3865/921 8179/3863/920
f 8182/3864/921 8184/3866/922 8183/3867/922 8181/3865/921
f 8184/3866/922 8186/3868/923 8185/3869/923 8183/3867/922
f 8186/3868/923 8188/3870/924 8187/3871/924 8185/3869/923
f 8188/3870/924 8190/3872/925 8189/3873/925 8187/3871/924
f 8190/3872/925 8192/3874/926 8191/3875/926 8189/3873/925
f 8192/3874/926 8194/3876/927 8193/3877/927 8191/3875/926
f 8194/3876/927 8196/3878/928 8195/3879/928 8193/3877/927
f 8196/3878/928 8198/3880/929 8197/3881/929 8195/3879/928
f 8198/3880/929 8200/3882/930 8199/3883/930 8197/3881/929
f 8200/3882/930 8202/3884/931 8201/3885/931 8199/3883/930
f 8202/3884/931 8204/3886/932 8203/3887/932 8201/3885/931
f 8204/3886/932 8206/3888/933 8205/2185/933 8203/3887/932
f 8206/3888/933 8208/3889/934 8207/3890/934 8205/2185/933
f 8208/3889/934 8210/3891/935 8209/3892/935 8207/3890/934
f 8210/3891/935 8212/3893/936 8211/3894/936 8209/3892/935
f 8212/3893/936 8214/3895/937 8213/3896/937 8211/3894/936
f 8214/3895/937 8216/3897/938 8215/3898/938 8213/3896/937
f 8216/3897/938 8218/3899/939 8217/3900/939 8215/3898/938
f 8218/3899/939 8220/3901/940 8219/3902/940 8217/3900/939
f 8220/3901/940 8222/3903/941 8221/3904/941 8219/3902/940
f 8222/3903/941 8224/3905/942 8223/3906/942 8221/3904/941
f 8224/3905/942 8226/3907/943 8225/3908/943 8223/3906/942
f 8226/3907/943 8228/3909/944 8227/3910/944 8225/3908/943
f 8228/3909/944 8230/3911/269 8229/3912/269 8227/3910/944
f 8230/3911/269 8232/3913/945 8231/3914/945 8229/3912/269
f 8232/3913/945 8234/3915/695 8233/3916/695 8231/3914/945
f 8234/3915/695 8236/3917/946 8235/3918/946 8233/3916/695
f 8236/3917/946 8238/3919/947 8237/3920/947 8235/3918/946
f 8238/3919/947 7662/2296/667 7661/3/667 8237/3920/947
f 8240/2292/948 8242/3921/949 8241/3922/949 8239/101/948
f 8242/3921/949 8244/3923/950 8243/1321/950 8241/3922/949
f 8244/3923/950 8246/3924/951 8245/3925/951 8243/1321/950
f 8246/3924/951 8248/3926/952 8247/1317/952 8245/3925/951
f 8248/3926/952 8250/3927/953 8249/3928/953 8247/1317/952
f 8250/3927/953 8252/3929/954 8251/1313/954 8249/3928/953
f 8252/3929/954 8254/3930/955 8253/3931/955 8251/1313/954
f 8254/3930/955 8256/3932/956 8255/1309/956 8253/3931/955
f 8256/3932/956 8258/3933/957 8257/3934/957 8255/1309/956
f 8258/3933/957 8260/3935/958 8259/1276/958 8257/3934/957
f 8260/3935/958 8262/3936/959 8261/3937/959 8259/1276/958
f 8262/3936/959 8264/3938/960 8263/1278/960 8261/3937/959
f 8264/3938/960 8266/3939/961 8265/3940/961 8263/1278/960
f 8266/3939/961 8268/3941/962 8267/1281/962 8265/3940/961
f 8268/3941/962 8270/3942/963 8269/3943/963 8267/1281/962
f 8270/3942/963 8272/3944/964 8271/1292/964 8269/3943/963
f 8272/3944/964 8274/3945/965 8273/3946/965 8271/1292/964
f 8274/3945/965 8276/3947/966 8275/1299/966 8273/3946/965
f 8276/3947/966 8278/3948/967 8277/3949/967 8275/1299/966
f 8278/3948/967 8280/3950/968 8279/1296/968 8277/3949/967
f 8280/3950/968 8282/3951/969 8281/3952/969 8279/1296/968
f 8282/3951/969 8284/3953/970 8283/1293/970 8281/3952/969
f 8284/3953/970 8286/3954/971 8285/3955/971 8283/1293/970
f 8286/3954/971 8288/3956/972 8287/1288/972 8285/3955/971
f 8288/3956/972 8290/3957/973 8289/3958/973 8287/1288/972
f 8290/3957/973 8292/3959/974 8291/1282/974 8289/3958/973
f 8292/3959/974 8294/3960/975 8293/3961/975 8291/1282/974
f 8294/3960/975 8296/3962/976 8295/1301/976 8293/3961/975
f 8296/3962/976 8298/3963/977 8297/3964/977 8295/1301/976
f 8298/3963/977 8300/3965/978 8299/1304/978 8297/3964/977
f 8300/3965/978 8302/2294/979 8301/433/979 8299/1304/978
f 8302/2294/979 8304/3966/980 8303/1307/980 8301/433/979
f 8304/3966/980 8306/3967/981 8305/3968/981 8303/1307/980
f 8306/3967/981 8308/3969/982 8307/1319/982 8305/3968/981
f 8308/3969/982 8310/3970/983 8309/3971/983 8307/1319/982
f 8310/3970/983 8312/3972/984 8311/1342/984 8309/3971/983
f 8312/3972/984 8314/3973/985 8313/3974/985 8311/1342/984
f 8314/3973/985 8316/3975/986 8315/1353/986 8313/3974/985
f 8316/3975/986 8318/3976/987 8317/3977/987 8315/1353/986
f 8318/3976/987 8320/3978/988 8319/1359/988 8317/3977/987
f 8320/3978/988 8322/3979/989 8321/3980/989 8319/1359/988
f 8322/3979/989 8324/3981/990 8323/1361/990 8321/3980/989
f 8324/3981/990 8326/3982/991 8325/3983/991 8323/1361/990
f 8326/3982/991 8328/3984/992 8327/1357/992 8325/3983/991
f 8328/3984/992 8330/3985/993 8329/3986/993 8327/1357/992
f 8330/3985/993 8332/3987/994 8331/1352/994 8329/3986/993
f 8332/3987/994 8334/3988/995 8333/3989/995 8331/1352/994
f 8334/3988/995 8336/3990/996 8335/1348/996 8333/3989/995
f 8336/3990/996 8338/3991/997 8337/3992/997 8335/1348/996
f 8338/3991/997 8340/3993/998 8339/1344/998 8337/3992/997
f 8340/3993/998 8342/3994/999 8341/3995/999 8339/1344/998
f 8342/3994/999 8344/3996/1000 8343/1340/1000 8341/3995/999
f 8344/3996/1000 8346/3997/1001 8345/3998/1001 8343/1340/1000
f 8346/3997/1001 8348/3999/1002 8347/1328/1002 8345/3998/1001
f 8348/3999/1002 8350/4000/1003 8349/4001/1003 8347/1328/1002
f 8350/4000/1003 8352/4002/1004 8351/1330/1004 8349/4001/1003
f 8352/4002/1004 8354/4003/1005 8353/4004/1005 8351/1330/1004
f 8354/4003/1005 8356/4005/1006 8355/1333/1006 8353/4004/1005
f 8356/4005/1006 8358/4006/396 8357/4007/396 8355/1333/1006
f 8358/4006/396 8360/4008/1007 8359/1336/1007 8357/4007/396
f 8360/4008/1007 8362/4009/1008 8361/4010/1008 8359/1336/1007
f 8362/4009/1008 8240/2296/948 8239/3/948 8361/4010/1008
f 8364/2292/1009 8366/4011/1010 8365/4012/1010 8363/101/1009
f 8366/4011/1010 8368/4013/1011 8367/4014/1011 8365/4012/1010
f 8368/4013/1011 8370/4015/1012 8369/4016/1012 8367/4014/1011
f 8370/4015/1012 8372/4017/1013 8371/4018/1013 8369/4016/1012
f 8372/4017/1013 8374/4019/1014 8373/556/1014 8371/4018/1013
f 8374/4019/1014 8376/4020/1015 8375/4021/1015 8373/556/1014
f 8376/4020/1015 8378/4022/1016 8377/4023/1016 8375/4021/1015
f 8378/4022/1016 8380/4024/1017 8379/4025/1017 8377/4023/1016
f 8380/4024/1017 8382/4026/1018 8381/4027/1018 8379/4025/1017
f 8382/4026/1018 8384/4028/1019 8383/543/1019 8381/4027/1018
f 8384/4028/1019 8386/4029/1020 8385/4030/1020 8383/543/1019
f 8386/4029/1020 8388/4031/1021 8387/4032/1021 8385/4030/1020
f 8388/4031/1021 8390/4033/1022 8389/4034/1022 8387/4032/1021
f 8390/4033/1022 8392/4035/1023 8391/4036/1023 8389/4034/1022
f 8392/4035/1023 8394/4037/1024 8393/523/1024 8391/4036/1023
f 8394/4037/1024 8396/4038/1025 8395/4039/1025 8393/523/1024
f 8396/4038/1025 8398/4040/1026 8397/4041/1026 8395/4039/1025
f 8398/4040/1026 8400/4042/1027 8399/4043/1027 8397/4041/1026
f 8400/4042/1027 8402/4044/1028 8401/4045/1028 8399/4043/1027
f 8402/4044/1028 8404/4046/1029 8403/524/1029 8401/4045/1028
f 8404/4046/1029 8406/4047/1030 8405/4048/1030 8403/524/1029
f 8406/4047/1030 8408/4049/1031 8407/4050/1031 8405/4048/1030
f 8408/4049/1031 8410/4051/1032 8409/4052/1032 8407/4050/1031
f 8410/4051/1032 8412/4053/1033 8411/4054/1033 8409/4052/1032
f 8412/4053/1033 8414/2294/1034 8413/433/1034 8411/4054/1033
f 8414/2294/1034 8416/4055/1035 8415/4056/1035 8413/433/1034
f 8416/4055/1035 8418/4057/1036 8417/4058/1036 8415/4056/1035
f 8418/4057/1036 8420/4059/1037 8419/4060/1037 8417/4058/1036
f 8420/4059/1037 8422/4061/1038 8421/4062/1038 8419/4060/1037
f 8422/4061/1038 8424/4063/153 8423/493/153 8421/4062/1038
f 8424/4063/153 8426/4064/1039 8425/4065/1039 8423/493/153
f 8426/4064/1039 8428/4066/1040 8427/4067/1040 8425/4065/1039
f 8428/4066/1040 8430/4068/1041 8429/4069/1041 8427/4067/1040
f 8430/4068/1041 8432/4070/1042 8431/4071/1042 8429/4069/1041
f 8432/4070/1042 8434/4072/1043 8433/674/1043 8431/4071/1042
f 8434/4072/1043 8436/4073/1044 8435/4074/1044 8433/674/1043
f 8436/4073/1044 8438/4075/1045 8437/4076/1045 8435/4074/1044
f 8438/4075/1045 8440/4077/1046 8439/4078/1046 8437/4076/1045
f 8440/4077/1046 8442/4079/1047 8441/4080/1047 8439/4078/1046
f 8442/4079/1047 8444/4081/1048 8443/618/1048 8441/4080/1047
f 8444/4081/1048 8446/4082/1049 8445/4083/1049 8443/618/1048
f 8446/4082/1049 8448/4084/1050 8447/4085/1050 8445/4083/1049
f 8448/4084/1050 8450/4086/1051 8449/4087/1051 8447/4085/1050
f 8450/4086/1051 8452/4088/1052 8451/4089/1052 8449/4087/1051
f 8452/4088/1052 8454/4090/1053 8453/452/1053 8451/4089/1052
f 8454/4090/1053 8456/4091/1054 8455/4092/1054 8453/452/1053
f 8456/4091/1054 8458/4093/1055 8457/4094/1055 8455/4092/1054
f 8458/4093/1055 8460/4095/1056 8459/4096/1056 8457/4094/1055
f 8460/4095/1056 8462/4097/1057 8461/4098/1057 8459/4096/1056
f 8462/4097/1057 8364/2296/1009 8363/3/1009 8461/4098/1057
f 8464/2292/1058 8466/4099/1059 8465/4100/1059 8463/101/1058
f 8466/4099/1059 8468/4101/1060 8467/4102/1060 8465/4100/1059
f 8468/4101/1060 8470/4103/1061 8469/4104/1061 8467/4102/1060
f 8470/4103/1061 8472/4105/1062 8471/4106/1062 8469/4104/1061
f 8472/4105/1062 8474/4107/1063 8473/4108/1063 8471/4106/1062
f 8474/4107/1063 8476/4109/1064 8475/4110/1064 8473/4108/1063
f 8476/4109/1064 8478/4111/1065 8477/122/1065 8475/4110/1064
f 8478/4111/1065 8480/4112/1066 8479/4113/1066 8477/122/1065
f 8480/4112/1066 8482/4114/1067 8481/4115/1067 8479/4113/1066
f 8482/4114/1067 8484/4116/1068 8483/4117/1068 8481/4115/1067
f 8484/4116/1068 8486/4118/1069 8485/1494/1069 8483/4117/1068
f 8486/4118/1069 8488/4119/1070 8487/4120/1070 8485/1494/1069
f 8488/4119/1070 8490/4121/1071 8489/4122/1071 8487/4120/1070
f 8490/4121/1071 8492/4123/1072 8491/100/1072 8489/4122/1071
f 8492/4123/1072 8494/4124/1073 8493/4125/1073 8491/100/1072
f 8494/4124/1073 8496/4126/1074 8495/4127/1074 8493/4125/1073
f 8496/4126/1074 8498/4128/1075 8497/4129/1075 8495/4127/1074
f 8498/4128/1075 8500/4130/1076 8499/4131/1076 8497/4129/1075
f 8500/4130/1076 8502/4132/1077 8501/4133/1077 8499/4131/1076
f 8502/4132/1077 8504/4134/1078 8503/4135/1078 8501/4133/1077
f 8504/4134/1078 8506/4136/1079 8505/78/1079 8503/4135/1078
f 8506/4136/1079 8508/4137/1080 8507/1488/1080 8505/78/1079
f 8508/4137/1080 8510/4138/1081 8509/4139/1081 8507/1488/1080
f 8510/4138/1081 8512/4140/1082 8511/4141/1082 8509/4139/1081
f 8512/4140/1082 8514/4142/859 8513/4143/859 8511/4141/1082
f 8514/4142/859 8516/4144/1083 8515/4145/1083 8513/4143/859
f 8516/4144/1083 8518/4146/1084 8517/4147/1084 8515/4145/1083
f 8518/4146/1084 8520/4148/1085 8519/93/1085 8517/4147/1084
f 8520/4148/1085 8522/4149/1086 8521/4150/1086 8519/93/1085
f 8522/4149/1086 8524/4151/1087 8523/4152/1087 8521/4150/1086
f 8524/4151/1087 8526/4153/1088 8525/4154/1088 8523/4152/1087
f 8526/4153/1088 8528/4155/1089 8527/4156/1089 8525/4154/1088
f 8528/4155/1089 8530/4157/1090 8529/1454/1090 8527/4156/1089
f 8530/4157/1090 8532/4158/1091 8531/4159/1091 8529/1454/1090
f 8532/4158/1091 8534/4160/1092 8533/17/1092 8531/4159/1091
f 8534/4160/1092 8536/4161/1093 8535/4162/1093 8533/17/1092
f 8536/4161/1093 8538/4163/1094 8537/4164/1094 8535/4162/1093
f 8538/4163/1094 8540/4165/1095 8539/4166/1095 8537/4164/1094
f 8540/4165/1095 8542/4167/1096 8541/4168/1096 8539/4166/1095
f 8542/4167/1096 8544/4169/1097 8543/4170/1097 8541/4168/1096
f 8544/4169/1097 8546/4171/1098 8545/4172/1098 8543/4170/1097
f 8546/4171/1098 8548/4173/1099 8547/39/1099 8545/4172/1098
f 8548/4173/1099 8550/4174/1100 8549/4175/1100 8547/39/1099
f 8550/4174/1100 8552/4176/1101 8551/1436/1101 8549/4175/1100
f 8552/4176/1101 8554/4177/1102 8553/4178/1102 8551/1436/1101
f 8554/4177/1102 8556/4179/1103 8555/4180/1103 8553/4178/1102
f 8556/4179/1103 8558/4181/1104 8557/4182/1104 8555/4180/1103
f 8558/4181/1104 8560/4183/1105 8559/4184/1105 8557/4182/1104
f 8560/4183/1105 8562/4185/236 8561/61/236 8559/4184/1105
f 8562/4185/236 8564/4186/239 8563/4187/239 8561/61/236
f 8564/4186/239 8566/4188/1106 8565/4189/1106 8563/4187/239
f 8566/4188/1106 8568/4190/1107 8567/4191/1107 8565/4189/1106
f 8568/4190/1107 8570/4192/1108 8569/4193/1108 8567/4191/1107
f 8570/4192/1108 8572/4194/1109 8571/4195/1109 8569/4193/1108
f 8572/4194/1109 8574/4196/1110 8573/1379/1110 8571/4195/1109
f 8574/4196/1110 8576/4197/1111 8575/66/1111 8573/1379/1110
f 8576/4197/1111 8578/4198/1112 8577/4199/1112 8575/66/1111
f 8578/4198/1112 8580/4200/1113 8579/4201/1113 8577/4199/1112
f 8580/4200/1113 8582/4202/1114 8581/4203/1114 8579/4201/1113
f 8582/4202/1114 8584/4204/1115 8583/4205/1115 8581/4203/1114
f 8584/4204/1115 8586/4206/1116 8585/4207/1116 8583/4205/1115
f 8586/4206/1116 8588/4208/1117 8587/4209/1117 8585/4207/1116
f 8588/4208/1117 8590/4210/1118 8589/44/1118 8587/4209/1117
f 8590/4210/1118 8592/4211/1119 8591/4212/1119 8589/44/1118
f 8592/4211/1119 8594/4213/1120 8593/4214/1120 8591/4212/1119
f 8594/4213/1120 8596/4215/1121 8595/1382/1121 8593/4214/1120
f 8596/4215/1121 8598/4216/1122 8597/4217/1122 8595/1382/1121
f 8598/4216/1122 8600/4218/1123 8599/4219/1123 8597/4217/1122
f 8600/4218/1123 8602/4220/1124 8601/4221/1124 8599/4219/1123
f 8602/4220/1124 8604/4222/1125 8603/22/1125 8601/4221/1124
f 8604/4222/1125 8606/4223/1126 8605/4224/1126 8603/22/1125
f 8606/4223/1126 8608/4225/1127 8607/4226/1127 8605/4224/1126
f 8608/4225/1127 8610/4227/1128 8609/4228/1128 8607/4226/1127
f 8610/4227/1128 8612/4229/1129 8611/4230/1129 8609/4228/1128
f 8612/4229/1129 8614/4231/1130 8613/4232/1130 8611/4230/1129
f 8614/4231/1130 8616/4233/1131 8615/4234/1131 8613/4232/1130
f 8616/4233/1131 8464/2296/1058 8463/3/1058 8615/4234/1131
f 8618/2292/1132 8620/4235/1133 8619/1204/1133 8617/101/1132
f 8620/4235/1133 8622/4236/1134 8621/1206/1134 8619/1204/1133
f 8622/4236/1134 8624/4237/1135 8623/1208/1135 8621/1206/1134
f 8624/4237/1135 8626/4238/1136 8625/1210/1136 8623/1208/1135
f 8626/4238/1136 8628/4239/1137 8627/1218/1137 8625/1210/1136
f 8628/4239/1137 8630/4240/1138 8629/1224/1138 8627/1218/1137
f 8630/4240/1138 8632/4241/1139 8631/1231/1139 8629/1224/1138
f 8632/4241/1139 8634/4242/1140 8633/1236/1140 8631/1231/1139
f 8634/4242/1140 8636/4243/1141 8635/1239/1141 8633/1236/1140
f 8636/4243/1141 8638/4244/1142 8637/1243/1142 8635/1239/1141
f 8638/4244/1142 8640/4245/1143 8639/1241/1143 8637/1243/1142
f 8640/4245/1143 8642/4246/1144 8641/1238/1144 8639/1241/1143
f 8642/4246/1144 8644/4247/1145 8643/1237/1145 8641/1238/1144
f 8644/4247/1145 8646/4248/1146 8645/1235/1146 8643/1237/1145
f 8646/4248/1146 8648/4249/1147 8647/1229/1147 8645/1235/1146
f 8648/4249/1147 8650/4250/1148 8649/1225/1148 8647/1229/1147
f 8650/4250/1148 8652/4251/1149 8651/1219/1149 8649/1225/1148
f 8652/4251/1149 8654/4252/1150 8653/1211/1150 8651/1219/1149
f 8654/4252/1150 8656/4253/1151 8655/1209/1151 8653/1211/1150
f 8656/4253/1151 8658/4254/1152 8657/1207/1152 8655/1209/1151
f 8658/4254/1152 8660/4255/1153 8659/1205/1153 8657/1207/1152
f 8660/4255/1153 8662/4256/1154 8661/1203/1154 8659/1205/1153
f 8662/4256/1154 8664/4257/1155 8663/1202/1155 8661/1203/1154
f 8664/4257/1155 8666/4258/798 8665/1199/798 8663/1202/1155
f 8666/4258/798 8668/4259/1156 8667/1198/1156 8665/1199/798
f 8668/4259/1156 8670/4260/1157 8669/1201/1157 8667/1198/1156
f 8670/4260/1157 8672/4261/1158 8671/1197/1158 8669/1201/1157
f 8672/4261/1158 8674/4262/1159 8673/1196/1159 8671/1197/1158
f 8674/4262/1159 8676/4263/1160 8675/1195/1160 8673/1196/1159
f 8676/4263/1160 8678/4264/1161 8677/1194/1161 8675/1195/1160
f 8678/4264/1161 8680/4265/1162 8679/1193/1162 8677/1194/1161
f 8680/4265/1162 8682/4266/1163 8681/1192/1163 8679/1193/1162
f 8682/4266/1163 8684/4267/1164 8683/1191/1164 8681/1192/1163
f 8684/4267/1164 8686/4268/1165 8685/1190/1165 8683/1191/1164
f 8686/4268/1165 8688/4269/1166 8687/1189/1166 8685/1190/1165
f 8688/4269/1166 8690/4270/1167 8689/1187/1167 8687/1189/1166
f 8690/4270/1167 8692/2293/1168 8691/1184/1168 8689/1187/1167
f 8692/2293/1168 8694/4271/1169 8693/1181/1169 8691/1184/1168
f 8694/4271/1169 8696/4272/1170 8695/1178/1170 8693/1181/1169
f 8696/4272/1170 8698/4273/1171 8697/1175/1171 8695/1178/1170
f 8698/4273/1171 8700/4274/1172 8699/1172/1172 8697/1175/1171
f 8700/4274/1172 8702/4275/1173 8701/1171/1173 8699/1172/1172
f 8702/4275/1173 8704/4276/1174 8703/1170/1174 8701/1171/1173
f 8704/4276/1174 8706/4277/1175 8705/1169/1175 8703/1170/1174
f 8706/4277/1175 8708/4278/1176 8707/1168/1176 8705/1169/1175
f 8708/4278/1176 8710/4279/1177 8709/1167/1177 8707/1168/1176
f 8710/4279/1177 8712/4280/1178 8711/1166/1178 8709/1167/1177
f 8712/4280/1178 8714/4281/1179 8713/1128/1179 8711/1166/1178
f 8714/4281/1179 8716/4282/1180 8715/1130/1180 8713/1128/1179
f 8716/4282/1180 8718/4283/1181 8717/1129/1181 8715/1130/1180
f 8718/4283/1181 8720/4284/1182 8719/1131/1182 8717/1129/1181
f 8720/4284/1182 8722/4285/1183 8721/1132/1183 8719/1131/1182
f 8722/4285/1183 8724/4286/1184 8723/1136/1184 8721/1132/1183
f 8724/4286/1184 8726/4287/1185 8725/1139/1185 8723/1136/1184
f 8726/4287/1185 8728/4288/1186 8727/1141/1186 8725/1139/1185
f 8728/4288/1186 8730/4289/1187 8729/1143/1187 8727/1141/1186
f 8730/4289/1187 8732/4290/401 8731/1146/401 8729/1143/1187
f 8732/4290/401 8734/4291/1188 8733/1148/1188 8731/1146/401
f 8734/4291/1188 8736/4292/1189 8735/1150/1189 8733/1148/1188
f 8736/4292/1189 8738/4293/1190 8737/1152/1190 8735/1150/1189
f 8738/4293/1190 8740/4294/1191 8739/1153/1191 8737/1152/1190
f 8740/4294/1191 8742/4295/1192 8741/1155/1192 8739/1153/1191
f 8742/4295/1192 8744/4296/1193 8743/1156/1193 8741/1155/1192
f 8744/4296/1193 8746/4297/1194 8745/1157/1194 8743/1156/1193
f 8746/4297/1194 8748/4298/1195 8747/1158/1195 8745/1157/1194
f 8748/4298/1195 8750/4299/1196 8749/1159/1196 8747/1158/1195
f 8750/4299/1196 8752/4300/1197 8751/1160/1197 8749/1159/1196
f 8752/4300/1197 8754/4301/1198 8753/1161/1198 8751/1160/1197
f 8754/4301/1198 8756/4302/1199 8755/1162/1199 8753/1161/1198
f 8756/4302/1199 8758/4303/1200 8757/1163/1200 8755/1162/1199
f 8758/4303/1200 8760/4304/1201 8759/1164/1201 8757/1163/1200
f 8760/4304/1201 8762/4305/1202 8761/1165/1202 8759/1164/1201
f 8762/4305/1202 8764/4306/1203 8763/1154/1203 8761/1165/1202
f 8764/4306/1203 8766/2294/62 8765/433/62 8763/1154/1203
f 8766/2294/62 8768/4307/62 8767/1151/62 8765/433/62
f 8768/4307/62 8770/4308/62 8769/1149/62 8767/1151/62
f 8770/4308/62 8772/4309/62 8771/1147/62 8769/1149/62
f 8772/4309/62 8774/4310/62 8773/1145/62 8771/1147/62
f 8774/4310/62 8776/4311/62 8775/1144/62 8773/1145/62
f 8776/4311/62 8778/4312/62 8777/1142/62 8775/1144/62
f 8778/4312/62 8780/4313/62 8779/1140/62 8777/1142/62
f 8780/4313/62 8782/4314/62 8781/1138/62 8779/1140/62
f 8782/4314/62 8784/4315/62 8783/1137/62 8781/1138/62
f 8784/4315/62 8786/4316/62 8785/1133/62 8783/1137/62
f 8786/4316/62 8788/4317/1204 8787/1135/1204 8785/1133/62
f 8788/4317/1204 8790/4318/1205 8789/1134/1205 8787/1135/1204
f 8790/4318/1205 8792/4319/1206 8791/1173/1206 8789/1134/1205
f 8792/4319/1206 8794/4320/1207 8793/1174/1207 8791/1173/1206
f 8794/4320/1207 8796/4321/1208 8795/1176/1208 8793/1174/1207
f 8796/4321/1208 8798/4322/1209 8797/1177/1209 8795/1176/1208
f 8798/4322/1209 8800/4323/1210 8799/1179/1210 8797/1177/1209
f 8800/4323/1210 8802/4324/1211 8801/1180/1211 8799/1179/1210
f 8802/4324/1211 8804/4325/1212 8803/1182/1212 8801/1180/1211
f 8804/4325/1212 8806/4326/1213 8805/1183/1213 8803/1182/1212
f 8806/4326/1213 8808/4327/1214 8807/1185/1214 8805/1183/1213
f 8808/4327/1214 8810/4328/1215 8809/1186/1215 8807/1185/1214
f 8810/4328/1215 8812/4329/1216 8811/1188/1216 8809/1186/1215
f 8812/4329/1216 8814/4330/1217 8813/1200/1217 8811/1188/1216
f 8814/4330/1217 8816/4331/1218 8815/1273/1218 8813/1200/1217
f 8816/4331/1218 8818/4332/1219 8817/1272/1219 8815/1273/1218
f 8818/4332/1219 8820/4333/1220 8819/1271/1220 8817/1272/1219
f 8820/4333/1220 8822/4334/1221 8821/1269/1221 8819/1271/1220
f 8822/4334/1221 8824/4335/1222 8823/1268/1222 8821/1269/1221
f 8824/4335/1222 8826/4336/1223 8825/1267/1223 8823/1268/1222
f 8826/4336/1223 8828/4337/1224 8827/1266/1224 8825/1267/1223
f 8828/4337/1224 8830/4338/1225 8829/1265/1225 8827/1266/1224
f 8830/4338/1225 8832/4339/1226 8831/1264/1226 8829/1265/1225
f 8832/4339/1226 8834/4340/1227 8833/1263/1227 8831/1264/1226
f 8834/4340/1227 8836/4341/1228 8835/1262/1228 8833/1263/1227
f 8836/4341/1228 8838/4342/1229 8837/1261/1229 8835/1262/1228
f 8838/4342/1229 8840/2295/38 8839/1259/38 8837/1261/1229
f 8840/2295/38 8842/4343/38 8841/1257/38 8839/1259/38
f 8842/4343/38 8844/4344/38 8843/1256/38 8841/1257/38
f 8844/4344/38 8846/4345/38 8845/1254/38 8843/1256/38
f 8846/4345/38 8848/4346/38 8847/1252/38 8845/1254/38
f 8848/4346/38 8850/4347/38 8849/1251/38 8847/1252/38
f 8850/4347/38 8852/4348/38 8851/1249/38 8849/1251/38
f 8852/4348/38 8854/4349/38 8853/1247/38 8851/1249/38
f 8854/4349/38 8856/4350/38 8855/1246/38 8853/1247/38
f 8856/4350/38 8858/4351/38 8857/1244/38 8855/1246/38
f 8858/4351/38 8860/4352/38 8859/1240/38 8857/1244/38
f 8860/4352/38 8862/4353/1230 8861/1234/1230 8859/1240/38
f 8862/4353/1230 8864/4354/1231 8863/1233/1231 8861/1234/1230
f 8864/4354/1231 8866/4355/1232 8865/1230/1232 8863/1233/1231
f 8866/4355/1232 8868/4356/1233 8867/1228/1233 8865/1230/1232
f 8868/4356/1233 8870/4357/1234 8869/1227/1234 8867/1228/1233
f 8870/4357/1234 8872/4358/1235 8871/1226/1235 8869/1227/1234
f 8872/4358/1235 8874/4359/1236 8873/1223/1236 8871/1226/1235
f 8874/4359/1236 8876/4360/1237 8875/1222/1237 8873/1223/1236
f 8876/4360/1237 8878/4361/1238 8877/1221/1238 8875/1222/1237
f 8878/4361/1238 8880/4362/1239 8879/1220/1239 8877/1221/1238
f 8880/4362/1239 8882/4363/1240 8881/1217/1240 8879/1220/1239
f 8882/4363/1240 8884/4364/1241 8883/1216/1241 8881/1217/1240
f 8884/4364/1241 8886/4365/1242 8885/1212/1242 8883/1216/1241
f 8886/4365/1242 8888/4366/1243 8887/1214/1243 8885/1212/1242
f 8888/4366/1243 8890/4367/1244 8889/1213/1244 8887/1214/1243
f 8890/4367/1244 8892/4368/1245 8891/1215/1245 8889/1213/1244
f 8892/4368/1245 8894/4369/982 8893/1232/982 8891/1215/1245
f 8894/4369/982 8896/4370/1246 8895/1242/1246 8893/1232/982
f 8896/4370/1246 8898/4371/1247 8897/1245/1247 8895/1242/1246
f 8898/4371/1247 8900/4372/1248 8899/1248/1248 8897/1245/1247
f 8900/4372/1248 8902/4373/1249 8901/1250/1249 8899/1248/1248
f 8902/4373/1249 8904/4374/1250 8903/1253/1250 8901/1250/1249
f 8904/4374/1250 8906/4375/1251 8905/1255/1251 8903/1253/1250
f 8906/4375/1251 8908/4376/1252 8907/1258/1252 8905/1255/1251
f 8908/4376/1252 8910/4377/1253 8909/1260/1253 8907/1258/1252
f 8910/4377/1253 8912/4378/1254 8911/1270/1254 8909/1260/1253
f 8912/4378/1254 8618/2296/1132 8617/3/1132 8911/1270/1254
f 8914/2292/12 8916/4379/11 8915/4380/11 8913/101/12
f 8916/4379/11 8918/4381/325 8917/4382/325 8915/4380/11
f 8918/4381/325 8920/4383/1255 8919/4384/1255 8917/4382/325
f 8920/4383/1255 8922/4385/1256 8921/4386/1256 8919/4384/1255
f 8922/4385/1256 8924/4387/1257 8923/4388/1257 8921/4386/1256
f 8924/4387/1257 8926/4389/1258 8925/4390/1258 8923/4388/1257
f 8926/4389/1258 8928/4391/1259 8927/4392/1259 8925/4390/1258
f 8928/4391/1259 8930/4393/1260 8929/4394/1260 8927/4392/1259
f 8930/4393/1260 8932/4395/1261 8931/4396/1261 8929/4394/1260
f 8932/4395/1261 8934/4397/1262 8933/4398/1262 8931/4396/1261
f 8934/4397/1262 8936/4399/1263 8935/4400/1263 8933/4398/1262
f 8936/4399/1263 8938/4401/1264 8937/4402/1264 8935/4400/1263
f 8938/4401/1264 8940/4403/1265 8939/4404/1265 8937/4402/1264
f 8940/4403/1265 8942/4405/1266 8941/4406/1266 8939/4404/1265
f 8942/4405/1266 8944/4407/1267 8943/4408/1267 8941/4406/1266
f 8944/4407/1267 8946/4409/1268 8945/4410/1268 8943/4408/1267
f 8946/4409/1268 8948/4411/1269 8947/4412/1269 8945/4410/1268
f 8948/4411/1269 8950/4413/1270 8949/4414/1270 8947/4412/1269
f 8950/4413/1270 8952/4415/1271 8951/4416/1271 8949/4414/1270
f 8952/4415/1271 8954/4417/1272 8953/4418/1272 8951/4416/1271
f 8954/4417/1272 8956/4419/1273 8955/4420/1273 8953/4418/1272
f 8956/4419/1273 8958/4421/1274 8957/4422/1274 8955/4420/1273
f 8958/4421/1274 8960/4423/1275 8959/4424/1275 8957/4422/1274
f 8960/4423/1275 8962/4425/1276 8961/4426/1276 8959/4424/1275
f 8962/4425/1276 8964/4427/1277 8963/4428/1277 8961/4426/1276
f 8964/4427/1277 8966/4429/1278 8965/4430/1278 8963/4428/1277
f 8966/4429/1278 8968/4431/647 8967/4432/647 8965/4430/1278
f 8968/4431/647 8970/4433/1279 8969/4434/1279 8967/4432/647
f 8970/4433/1279 8972/4435/1280 8971/4436/1280 8969/4434/1279
f 8972/4435/1280 8974/4437/1281 8973/4438/1281 8971/4436/1280
f 8974/4437/1281 8976/4439/1282 8975/4440/1282 8973/4438/1281
f 8976/4439/1282 8978/4441/1283 8977/4442/1283 8975/4440/1282
f 8978/4441/1283 8980/4443/1284 8979/4444/1284 8977/4442/1283
f 8980/4443/1284 8982/4445/1285 8981/4446/1285 8979/4444/1284
f 8982/4445/1285 8984/4447/1286 8983/4448/1286 8981/4446/1285
f 8984/4447/1286 8986/4449/1287 8985/4450/1287 8983/4448/1286
f 8986/4449/1287 8988/4451/1288 8987/4452/1288 8985/4450/1287
f 8988/4451/1288 8990/4453/1289 8989/4454/1289 8987/4452/1288
f 8990/4453/1289 8992/4455/1290 8991/4456/1290 8989/4454/1289
f 8992/4455/1290 8994/4457/1291 8993/4458/1291 8991/4456/1290
f 8994/4457/1291 8996/4459/1292 8995/4460/1292 8993/4458/1291
f 8996/4459/1292 8998/4461/1293 8997/4462/1293 8995/4460/1292
f 8998/4461/1293 9000/4463/1294 8999/4464/1294 8997/4462/1293
f 9000/4463/1294 9002/4465/1295 9001/4466/1295 8999/4464/1294
f 9002/4465/1295 9004/4467/1296 9003/4468/1296 9001/4466/1295
f 9004/4467/1296 9006/4469/1297 9005/4470/1297 9003/4468/1296
f 9006/4469/1297 9008/2294/1298 9007/433/1298 9005/4470/1297
f 9008/2294/1298 9010/4471/1299 9009/4472/1299 9007/433/1298
f 9010/4471/1299 9012/4473/1300 9011/4474/1300 9009/4472/1299
f 9012/4473/1300 9014/4475/1301 9013/4476/1301 9011/4474/1300
f 9014/4475/1301 9016/4477/1302 9015/4478/1302 9013/4476/1301
f 9016/4477/1302 9018/4479/1303 9017/4480/1303 9015/4478/1302
f 9018/4479/1303 9020/4481/1304 9019/4482/1304 9017/4480/1303
f 9020/4481/1304 9022/4483/1305 9021/4484/1305 9019/4482/1304
f 9022/4483/1305 9024/4485/1306 9023/4486/1306 9021/4484/1305
f 9024/4485/1306 9026/4487/1307 9025/4488/1307 9023/4486/1306
f 9026/4487/1307 9028/4489/1308 9027/4490/1308 9025/4488/1307
f 9028/4489/1308 9030/4491/1309 9029/4492/1309 9027/4490/1308
f 9030/4491/1309 9032/4493/1310 9031/4494/1310 9029/4492/1309
f 9032/4493/1310 9034/4495/1311 9033/4496/1311 9031/4494/1310
f 9034/4495/1311 9036/4497/1312 9035/4498/1312 9033/4496/1311
f 9036/4497/1312 9038/4499/1313 9037/4500/1313 9035/4498/1312
f 9038/4499/1313 9040/4501/1314 9039/4502/1314 9037/4500/1313
f 9040/4501/1314 9042/4503/1315 9041/4504/1315 9039/4502/1314
f 9042/4503/1315 9044/4505/1316 9043/4506/1316 9041/4504/1315
f 9044/4505/1316 9046/4507/1317 9045/4508/1317 9043/4506/1316
f 9046/4507/1317 9048/4509/1317 9047/4510/1317 9045/4508/1317
f 9048/4509/1317 9050/4511/1318 9049/4512/1318 9047/4510/1317
f 9050/4511/1318 9052/4513/1319 9051/4514/1319 9049/4512/1318
f 9052/4513/1319 9054/4515/1320 9053/4516/1320 9051/4514/1319
f 9054/4515/1320 9056/4517/1321 9055/4518/1321 9053/4516/1320
f 9056/4517/1321 9058/4519/1322 9057/4520/1322 9055/4518/1321
f 9058/4519/1322 9060/4521/1323 9059/4522/1323 9057/4520/1322
f 9060/4521/1323 9062/4523/286 9061/4524/286 9059/4522/1323
f 9062/4523/286 9064/4525/1324 9063/4526/1324 9061/4524/286
f 9064/4525/1324 9066/4527/1325 9065/4528/1325 9063/4526/1324
f 9066/4527/1325 9068/4529/1326 9067/4530/1326 9065/4528/1325
f 9068/4529/1326 9070/4531/1327 9069/4532/1327 9067/4530/1326
f 9070/4531/1327 9072/4533/1328 9071/4534/1328 9069/4532/1327
f 9072/4533/1328 9074/4535/1329 9073/4536/1329 9071/4534/1328
f 9074/4535/1329 9076/4537/1330 9075/4538/1330 9073/4536/1329
f 9076/4537/1330 9078/4539/1331 9077/4540/1331 9075/4538/1330
f 9078/4539/1331 9080/4541/1332 9079/4542/1332 9077/4540/1331
f 9080/4541/1332 9082/4543/1333 9081/4544/1333 9079/4542/1332
f 9082/4543/1333 9084/4545/1334 9083/4546/1334 9081/4544/1333
f 9084/4545/1334 9086/4547/1335 9085/4548/1335 9083/4546/1334
f 9086/4547/1335 9088/4549/1336 9087/4550/1336 9085/4548/1335
f 9088/4549/1336 9090/4551/1337 9089/4552/1337 9087/4550/1336
f 9090/4551/1337 9092/4553/1338 9091/4554/1338 9089/4552/1337
f 9092/4553/1338 9094/4555/1339 9093/4556/1339 9091/4554/1338
f 9094/4555/1339 9096/4557/1340 9095/4558/1340 9093/4556/1339
f 9096/4557/1340 9098/4559/1341 9097/4560/1341 9095/4558/1340
f 9098/4559/1341 9100/4561/1342 9099/4562/1342 9097/4560/1341
f 9100/4561/1342 8914/2296/12 8913/3/12 9099/4562/1342
f 9102/2292/1343 9104/4563/1344 9103/1019/1344 9101/101/1343
f 9104/4563/1344 9106/4564/1345 9105/1026/1345 9103/1019/1344
f 9106/4564/1345 9108/4565/1346 9107/1035/1346 9105/1026/1345
f 9108/4565/1346 9110/4566/1347 9109/1044/1347 9107/1035/1346
f 9110/4566/1347 9112/4567/1348 9111/1076/1348 9109/1044/1347
f 9112/4567/1348 9114/4568/1349 9113/1070/1349 9111/1076/1348
f 9114/4568/1349 9116/4569/1350 9115/1062/1350 9113/1070/1349
f 9116/4569/1350 9118/4570/1351 9117/1053/1351 9115/1062/1350
f 9118/4570/1351 9120/4111/1171 9119/122/1171 9117/1053/1351
f 9120/4111/1171 9122/4571/1352 9121/1063/1352 9119/122/1171
f 9122/4571/1352 9124/4572/1353 9123/128/1353 9121/1063/1352
f 9124/4572/1353 9126/4573/1354 9125/1079/1354 9123/128/1353
f 9126/4573/1354 9128/4574/1355 9127/1085/1355 9125/1079/1354
f 9128/4574/1355 9130/4575/1356 9129/1089/1356 9127/1085/1355
f 9130/4575/1356 9132/4576/1357 9131/1100/1357 9129/1089/1356
f 9132/4576/1357 9134/4577/1358 9133/1108/1358 9131/1100/1357
f 9134/4577/1358 9136/4578/1359 9135/1107/1359 9133/1108/1358
f 9136/4578/1359 9138/4123/1360 9137/100/1360 9135/1107/1359
f 9138/4123/1360 9140/4579/1361 9139/1098/1361 9137/100/1360
f 9140/4579/1361 9142/4580/1362 9141/1091/1362 9139/1098/1361
f 9142/4580/1362 9144/4581/1363 9143/1114/1363 9141/1091/1362
f 9144/4581/1363 9146/4582/1364 9145/199/1364 9143/1114/1363
f 9146/4582/1364 9148/4583/1365 9147/1121/1365 9145/199/1364
f 9148/4583/1365 9150/4584/1366 9149/1125/1366 9147/1121/1365
f 9150/4584/1366 9152/4585/62 9151/1123/62 9149/1125/1366
f 9152/4585/62 9154/4586/62 9153/1113/62 9151/1123/62
f 9154/4586/62 9156/4136/62 9155/78/62 9153/1113/62
f 9156/4136/62 9158/4587/62 9157/1087/62 9155/78/62
f 9158/4587/62 9160/4588/62 9159/1077/62 9157/1087/62
f 9160/4588/62 9162/4589/62 9161/1064/62 9159/1077/62
f 9162/4589/62 9164/4590/62 9163/1050/62 9161/1064/62
f 9164/4590/62 9166/4591/62 9165/1036/62 9163/1050/62
f 9166/4591/62 9168/2311/62 9167/218/62 9165/1036/62
f 9168/2311/62 9170/4592/62 9169/1014/62 9167/218/62
f 9170/4592/62 9172/4593/62 9171/1004/62 9169/1014/62
f 9172/4593/62 9174/4148/1367 9173/93/1367 9171/1004/62
f 9174/4148/1367 9176/4594/1368 9175/986/1368 9173/93/1367
f 9176/4594/1368 9178/4595/1369 9177/1003/1369 9175/986/1368
f 9178/4595/1369 9180/4596/287 9179/1015/287 9177/1003/1369
f 9180/4596/287 9182/4597/1370 9181/1024/1370 9179/1015/287
f 9182/4597/1370 9184/4598/1371 9183/1034/1371 9181/1024/1370
f 9184/4598/1371 9186/4599/1372 9185/1042/1372 9183/1034/1371
f 9186/4599/1372 9188/4600/767 9187/1048/767 9185/1042/1372
f 9188/4600/767 9190/4601/1373 9189/277/1373 9187/1048/767
f 9190/4601/1373 9192/4160/1374 9191/17/1374 9189/277/1373
f 9192/4160/1374 9194/4602/281 9193/1009/281 9191/17/1374
f 9194/4602/281 9196/4603/1375 9195/947/1375 9193/1009/281
f 9196/4603/1375 9198/4604/1376 9197/929/1376 9195/947/1375
f 9198/4604/1376 9200/4605/1377 9199/916/1377 9197/929/1376
f 9200/4605/1377 9202/4606/1378 9201/921/1378 9199/916/1377
f 9202/4606/1378 9204/4607/1379 9203/918/1379 9201/921/1378
f 9204/4607/1379 9206/4608/1380 9205/912/1380 9203/918/1379
f 9206/4608/1380 9208/4609/1381 9207/907/1381 9205/912/1380
f 9208/4609/1381 9210/4173/1382 9209/39/1382 9207/907/1381
f 9210/4173/1382 9212/4610/1383 9211/271/1383 9209/39/1382
f 9212/4610/1383 9214/4611/1384 9213/893/1384 9211/271/1383
f 9214/4611/1384 9216/4612/1385 9215/897/1385 9213/893/1384
f 9216/4612/1385 9218/4613/1386 9217/882/1386 9215/897/1385
f 9218/4613/1386 9220/4614/1387 9219/868/1387 9217/882/1386
f 9220/4614/1387 9222/4615/1388 9221/862/1388 9219/868/1387
f 9222/4615/1388 9224/4616/1389 9223/855/1389 9221/862/1388
f 9224/4616/1389 9226/4617/38 9225/852/38 9223/855/1389
f 9226/4617/38 9228/4185/38 9227/61/38 9225/852/38
f 9228/4185/38 9230/4618/38 9229/860/38 9227/61/38
f 9230/4618/38 9232/4619/38 9231/865/38 9229/860/38
f 9232/4619/38 9234/2326/38 9233/247/38 9231/865/38
f 9234/2326/38 9236/4620/38 9235/889/38 9233/247/38
f 9236/4620/38 9238/4621/38 9237/881/38 9235/889/38
f 9238/4621/38 9240/4622/38 9239/876/38 9237/881/38
f 9240/4622/38 9242/4623/38 9241/870/38 9239/876/38
f 9242/4623/38 9244/4624/38 9243/899/38 9241/870/38
f 9244/4624/38 9246/4197/38 9245/66/38 9243/899/38
f 9246/4197/38 9248/4625/1390 9247/904/1390 9245/66/38
f 9248/4625/1390 9250/4626/1391 9249/908/1391 9247/904/1390
f 9250/4626/1391 9252/4627/1392 9251/917/1392 9249/908/1391
f 9252/4627/1392 9254/4628/1393 9253/928/1393 9251/917/1392
f 9254/4628/1393 9256/4629/1394 9255/188/1394 9253/928/1393
f 9256/4629/1394 9258/4630/735 9257/955/735 9255/188/1394
f 9258/4630/735 9260/4631/1395 9259/974/1395 9257/955/735
f 9260/4631/1395 9262/4632/1396 9261/965/1396 9259/974/1395
f 9262/4632/1396 9264/4210/1397 9263/44/1397 9261/965/1396
f 9264/4210/1397 9266/4633/1398 9265/952/1398 9263/44/1397
f 9266/4633/1398 9268/4634/1399 9267/950/1399 9265/952/1398
f 9268/4634/1399 9270/4635/1400 9269/960/1400 9267/950/1399
f 9270/4635/1400 9272/4636/1401 9271/972/1401 9269/960/1400
f 9272/4636/1401 9274/4637/1402 9273/988/1402 9271/972/1401
f 9274/4637/1402 9276/4638/1403 9275/1008/1403 9273/988/1402
f 9276/4638/1403 9278/4639/1404 9277/165/1404 9275/1008/1403
f 9278/4639/1404 9280/4640/1405 9279/977/1405 9277/165/1404
f 9280/4640/1405 9282/4222/1406 9281/22/1406 9279/977/1405
f 9282/4222/1406 9284/4641/1407 9283/958/1407 9281/22/1406
f 9284/4641/1407 9286/4642/1408 9285/945/1408 9283/958/1407
f 9286/4642/1408 9288/4643/1409 9287/941/1409 9285/945/1408
f 9288/4643/1409 9290/4644/1410 9289/937/1410 9287/941/1409
f 9290/4644/1410 9292/4645/1411 9291/934/1411 9289/937/1410
f 9292/4645/1411 9294/4646/1412 9293/984/1412 9291/934/1411
f 9294/4646/1412 9296/4647/1413 9295/990/1413 9293/984/1412
f 9296/4647/1413 9298/4648/1414 9297/998/1414 9295/990/1413
f 9298/4648/1414 9102/2296/1343 9101/3/1343 9297/998/1414
f 9300/2292/1415 9302/4011/1416 9301/4012/1416 9299/101/1415
f 9302/4011/1416 9304/4013/1417 9303/4014/1417 9301/4012/1416
f 9304/4013/1417 9306/4015/1418 9305/4016/1418 9303/4014/1417
f 9306/4015/1418 9308/4017/1419 9307/4018/1419 9305/4016/1418
f 9308/4017/1419 9310/4019/1420 9309/556/1420 9307/4018/1419
f 9310/4019/1420 9312/4020/1421 9311/4021/1421 9309/556/1420
f 9312/4020/1421 9314/4022/1422 9313/4023/1422 9311/4021/1421
f 9314/4022/1422 9316/4024/1423 9315/4025/1423 9313/4023/1422
f 9316/4024/1423 9318/4026/1424 9317/4027/1424 9315/4025/1423
f 9318/4026/1424 9320/4028/1425 9319/543/1425 9317/4027/1424
f 9320/4028/1425 9322/4029/1426 9321/4030/1426 9319/543/1425
f 9322/4029/1426 9324/4031/1427 9323/4032/1427 9321/4030/1426
f 9324/4031/1427 9326/4033/1428 9325/4034/1428 9323/4032/1427
f 9326/4033/1428 9328/4035/1429 9327/4036/1429 9325/4034/1428
f 9328/4035/1429 9330/4037/1430 9329/523/1430 9327/4036/1429
f 9330/4037/1430 9332/4038/358 9331/4039/358 9329/523/1430
f 9332/4038/358 9334/4040/1431 9333/4041/1431 9331/4039/358
f 9334/4040/1431 9336/4042/1432 9335/4043/1432 9333/4041/1431
f 9336/4042/1432 9338/4044/1433 9337/4045/1433 9335/4043/1432
f 9338/4044/1433 9340/4046/1434 9339/524/1434 9337/4045/1433
f 9340/4046/1434 9342/4047/1435 9341/4048/1435 9339/524/1434
f 9342/4047/1435 9344/4049/1436 9343/4050/1436 9341/4048/1435
f 9344/4049/1436 9346/4051/1437 9345/4052/1437 9343/4050/1436
f 9346/4051/1437 9348/4053/1438 9347/4054/1438 9345/4052/1437
f 9348/4053/1438 9350/2294/1439 9349/433/1439 9347/4054/1438
f 9350/2294/1439 9352/4055/1440 9351/4056/1440 9349/433/1439
f 9352/4055/1440 9354/4057/1441 9353/4058/1441 9351/4056/1440
f 9354/4057/1441 9356/4059/1442 9355/4060/1442 9353/4058/1441
f 9356/4059/1442 9358/4061/1443 9357/4062/1443 9355/4060/1442
f 9358/4061/1443 9360/4063/1444 9359/493/1444 9357/4062/1443
f 9360/4063/1444 9362/4064/1445 9361/4065/1445 9359/493/1444
f 9362/4064/1445 9364/4066/1446 9363/4067/1446 9361/4065/1445
f 9364/4066/1446 9366/4068/1447 9365/4069/1447 9363/4067/1446
f 9366/4068/1447 9368/4070/1448 9367/4071/1448 9365/4069/1447
f 9368/4070/1448 9370/4072/1449 9369/674/1449 9367/4071/1448
f 9370/4072/1449 9372/4073/1450 9371/4074/1450 9369/674/1449
f 9372/4073/1450 9374/4075/1451 9373/4076/1451 9371/4074/1450
f 9374/4075/1451 9376/4077/1452 9375/4078/1452 9373/4076/1451
f 9376/4077/1452 9378/4079/1453 9377/4080/1453 9375/4078/1452
f 9378/4079/1453 9380/4081/1454 9379/618/1454 9377/4080/1453
f 9380/4081/1454 9382/4082/1455 9381/4083/1455 9379/618/1454
f 9382/4082/1455 9384/4084/1456 9383/4085/1456 9381/4083/1455
f 9384/4084/1456 9386/4086/1457 9385/4087/1457 9383/4085/1456
f 9386/4086/1457 9388/4088/1458 9387/4089/1458 9385/4087/1457
f 9388/4088/1458 9390/4090/1459 9389/452/1459 9387/4089/1458
f 9390/4090/1459 9392/4091/1460 9391/4092/1460 9389/452/1459
f 9392/4091/1460 9394/4093/1461 9393/4094/1461 9391/4092/1460
f 9394/4093/1461 9396/4095/1462 9395/4096/1462 9393/4094/1461
f 9396/4095/1462 9398/4097/1463 9397/4098/1463 9395/4096/1462
f 9398/4097/1463 9300/2296/1415 9299/3/1415 9397/4098/1463
f 9400/2292/215 9402/2389/216 9401/2390/216 9399/101/215
f 9402/2389/216 9404/2391/217 9403/2392/217 9401/2390/216
f 9404/2391/217 9406/2393/218 9405/2394/218 9403/2392/217
f 9406/2393/218 9408/2395/219 9407/2396/219 9405/2394/218
f 9408/2395/219 9410/2397/220 9409/2398/220 9407/2396/219
f 9410/2397/220 9412/2399/221 9411/2400/221 9409/2398/220
f 9412/2399/221 9414/2401/222 9413/2402/222 9411/2400/221
f 9414/2401/222 9416/2403/223 9415/2404/223 9413/2402/222
f 9416/2403/223 9418/2405/224 9417/2406/224 9415/2404/223
f 9418/2405/224 9420/2407/225 9419/2408/225 9417/2406/224
f 9420/2407/225 9422/2409/226 9421/2410/226 9419/2408/225
f 9422/2409/226 9424/2411/227 9423/2412/227 9421/2410/226
f 9424/2411/227 9426/2413/228 9425/2414/228 9423/2412/227
f 9426/2413/228 9428/2415/229 9427/2416/229 9425/2414/228
f 9428/2415/229 9430/2417/230 9429/2418/230 9427/2416/229
f 9430/2417/230 9432/2419/231 9431/2420/231 9429/2418/230
f 9432/2419/231 9434/2421/232 9433/2422/232 9431/2420/231
f 9434/2421/232 9436/2423/233 9435/2424/233 9433/2422/232
f 9436/2423/233 9438/2425/234 9437/2426/234 9435/2424/233
f 9438/2425/234 9440/2427/235 9439/2428/235 9437/2426/234
f 9440/2427/235 9442/2429/236 9441/2430/236 9439/2428/235
f 9442/2429/236 9444/2431/237 9443/2432/237 9441/2430/236
f 9444/2431/237 9446/2433/238 9445/2434/238 9443/2432/237
f 9446/2433/238 9448/2435/239 9447/2436/239 9445/2434/238
f 9448/2435/239 9450/2437/240 9449/2438/240 9447/2436/239
f 9450/2437/240 9452/2439/241 9451/2440/241 9449/2438/240
f 9452/2439/241 9454/2441/242 9453/2442/242 9451/2440/241
f 9454/2441/242 9456/2443/243 9455/2444/243 9453/2442/242
f 9456/2443/243 9458/2445/244 9457/2446/244 9455/2444/243
f 9458/2445/244 9460/2447/245 9459/2448/245 9457/2446/244
f 9460/2447/245 9462/2449/246 9461/2450/246 9459/2448/245
f 9462/2449/246 9464/2451/247 9463/2452/247 9461/2450/246
f 9464/2451/247 9466/2453/248 9465/2454/248 9463/2452/247
f 9466/2453/248 9468/2455/249 9467/2456/249 9465/2454/248
f 9468/2455/249 9470/2457/250 9469/2458/250 9467/2456/249
f 9470/2457/250 9472/2459/251 9471/2460/251 9469/2458/250
f 9472/2459/251 9474/2461/252 9473/2462/252 9471/2460/251
f 9474/2461/252 9476/2463/253 9475/2464/253 9473/2462/252
f 9476/2463/253 9478/2465/254 9477/2466/254 9475/2464/253
f 9478/2465/254 9480/2467/255 9479/2468/255 9477/2466/254
f 9480/2467/255 9482/2469/256 9481/2470/256 9479/2468/255
f 9482/2469/256 9484/2471/257 9483/2472/257 9481/2470/256
f 9484/2471/257 9486/2473/258 9485/2474/258 9483/2472/257
f 9486/2473/258 9488/2475/259 9487/2476/259 9485/2474/258
f 9488/2475/259 9490/2477/260 9489/2478/260 9487/2476/259
f 9490/2477/260 9492/2479/261 9491/2480/261 9489/2478/260
f 9492/2479/261 9494/2481/262 9493/2482/262 9491/2480/261
f 9494/2481/262 9496/2483/263 9495/2484/263 9493/2482/262
f 9496/2483/263 9498/2485/264 9497/2486/264 9495/2484/263
f 9498/2485/264 9500/2487/265 9499/2488/265 9497/2486/264
f 9500/2487/265 9502/2489/266 9501/2490/266 9499/2488/265
f 9502/2489/266 9504/2491/267 9503/2492/267 9501/2490/266
f 9504/2491/267 9506/2493/268 9505/2494/268 9503/2492/267
f 9506/2493/268 9508/2495/269 9507/2496/269 9505/2494/268
f 9508/2495/269 9510/2497/270 9509/2498/270 9507/2496/269
f 9510/2497/270 9512/2499/271 9511/2500/271 9509/2498/270
f 9512/2499/271 9514/2501/272 9513/2502/272 9511/2500/271
f 9514/2501/272 9516/2503/273 9515/2504/273 9513/2502/272
f 9516/2503/273 9518/2505/274 9517/2506/274 9515/2504/273
f 9518/2505/274 9520/2507/275 9519/2508/275 9517/2506/274
f 9520/2507/275 9522/2509/276 9521/2510/276 9519/2508/275
f 9522/2509/276 9524/2511/277 9523/2512/277 9521/2510/276
f 9524/2511/277 9526/2513/278 9525/2514/278 9523/2512/277
f 9526/2513/278 9528/2515/279 9527/2516/279 9525/2514/278
f 9528/2515/279 9530/2517/280 9529/2518/280 9527/2516/279
f 9530/2517/280 9532/2519/281 9531/2520/281 9529/2518/280
f 9532/2519/281 9534/2521/282 9533/2522/282 9531/2520/281
f 9534/2521/282 9536/2523/283 9535/2524/283 9533/2522/282
f 9536/2523/283 9538/2525/284 9537/2526/284 9535/2524/283
f 9538/2525/284 9540/2527/285 9539/2528/285 9537/2526/284
f 9540/2527/285 9542/2529/286 9541/2530/286 9539/2528/285
f 9542/2529/286 9544/2531/287 9543/2532/287 9541/2530/286
f 9544/2531/287 9546/2533/288 9545/2534/288 9543/2532/287
f 9546/2533/288 9548/2535/289 9547/2536/289 9545/2534/288
f 9548/2535/289 9550/2537/290 9549/2538/290 9547/2536/289
f 9550/2537/290 9552/2539/291 9551/2540/291 9549/2538/290
f 9552/2539/291 9554/2541/292 9553/2542/292 9551/2540/291
f 9554/2541/292 9556/2543/293 9555/2544/293 9553/2542/292
f 9556/2543/293 9558/2545/294 9557/2546/294 9555/2544/293
f 9558/2545/294 9560/2547/295 9559/2548/295 9557/2546/294
f 9560/2547/295 9562/2549/296 9561/2550/296 9559/2548/295
f 9562/2549/296 9564/2551/297 9563/2552/297 9561/2550/296
f 9564/2551/297 9566/2553/298 9565/2554/298 9563/2552/297
f 9566/2553/298 9568/2555/299 9567/2556/299 9565/2554/298
f 9568/2555/299 9570/2557/300 9569/2558/300 9567/2556/299
f 9570/2557/300 9572/2559/301 9571/2560/301 9569/2558/300
f 9572/2559/301 9574/2561/302 9573/2562/302 9571/2560/301
f 9574/2561/302 9576/2563/303 9575/2564/303 9573/2562/302
f 9576/2563/303 9578/2565/304 9577/2566/304 9575/2564/303
f 9578/2565/304 9580/2567/305 9579/2568/305 9577/2566/304
f 9580/2567/305 9582/2569/306 9581/2570/306 9579/2568/305
f 9582/2569/306 9584/2571/307 9583/2572/307 9581/2570/306
f 9584/2571/307 9586/2573/308 9585/2574/308 9583/2572/307
f 9586/2573/308 9588/2575/309 9587/2576/309 9585/2574/308
f 9588/2575/309 9590/2577/310 9589/2578/310 9587/2576/309
f 9590/2577/310 9592/2579/311 9591/2580/311 9589/2578/310
f 9592/2579/311 9594/2581/312 9593/2582/312 9591/2580/311
f 9594/2581/312 9596/2583/313 9595/2584/313 9593/2582/312
f 9596/2583/313 9598/2585/314 9597/2586/314 9595/2584/313
f 9598/2585/314 9600/2587/315 9599/2588/315 9597/2586/314
f 9600/2587/315 9602/2589/316 9601/2590/316 9599/2588/315
f 9602/2589/316 9604/2591/317 9603/2592/317 9601/2590/316
f 9604/2591/317 9606/2593/318 9605/2594/318 9603/2592/317
f 9606/2593/318 9608/2595/319 9607/2596/319 9605/2594/318
f 9608/2595/319 9610/2597/320 9609/2598/320 9607/2596/319
f 9610/2597/320 9612/2599/321 9611/2600/321 9609/2598/320
f 9612/2599/321 9614/2601/322 9613/2602/322 9611/2600/321
f 9614/2601/322 9616/2603/323 9615/2604/323 9613/2602/322
f 9616/2603/323 9618/2605/324 9617/2606/324 9615/2604/323
f 9618/2605/324 9620/2607/325 9619/2608/325 9617/2606/324
f 9620/2607/325 9622/2609/326 9621/2610/326 9619/2608/325
f 9622/2609/326 9624/2611/327 9623/2612/327 9621/2610/326
f 9624/2611/327 9626/2613/328 9625/2614/328 9623/2612/327
f 9626/2613/328 9628/2615/329 9627/2616/329 9625/2614/328
f 9628/2615/329 9630/2617/330 9629/2618/330 9627/2616/329
f 9630/2617/330 9632/2619/331 9631/2620/331 9629/2618/330
f 9632/2619/331 9634/2621/332 9633/2622/332 9631/2620/331
f 9634/2621/332 9636/2623/333 9635/2624/333 9633/2622/332
f 9636/2623/333 9638/2625/334 9637/2626/334 9635/2624/333
f 9638/2625/334 9640/2627/335 9639/2628/335 9637/2626/334
f 9640/2627/335 9642/2629/336 9641/2630/336 9639/2628/335
f 9642/2629/336 9644/2631/337 9643/2632/337 9641/2630/336
f 9644/2631/337 9646/2633/338 9645/2634/338 9643/2632/337
f 9646/2633/338 9648/2635/339 9647/2636/339 9645/2634/338
f 9648/2635/339 9650/2637/340 9649/2638/340 9647/2636/339
f 9650/2637/340 9652/2639/341 9651/2640/341 9649/2638/340
f 9652/2639/341 9654/2641/342 9653/2642/342 9651/2640/341
f 9654/2641/342 9656/2643/343 9655/2644/343 9653/2642/342
f 9656/2643/343 9658/2645/344 9657/2646/344 9655/2644/343
f 9658/2645/344 9660/2647/345 9659/2648/345 9657/2646/344
f 9660/2647/345 9662/2649/346 9661/2650/346 9659/2648/345
f 9662/2649/346 9664/2651/347 9663/2652/347 9661/2650/346
f 9664/2651/347 9666/2653/348 9665/2654/348 9663/2652/347
f 9666/2653/348 9668/2655/349 9667/2656/349 9665/2654/348
f 9668/2655/349 9670/2657/350 9669/2658/350 9667/2656/349
f 9670/2657/350 9672/2659/351 9671/2660/351 9669/2658/350
f 9672/2659/351 9674/2661/352 9673/2662/352 9671/2660/351
f 9674/2661/352 9676/2663/353 9675/2664/353 9673/2662/352
f 9676/2663/353 9678/2665/354 9677/2666/354 9675/2664/353
f 9678/2665/354 9680/2667/355 9679/2668/355 9677/2666/354
f 9680/2667/355 9682/2669/356 9681/2670/356 9679/2668/355
f 9682/2669/356 9684/2671/357 9683/2672/357 9681/2670/356
f 9684/2671/357 9686/2673/358 9685/2674/358 9683/2672/357
f 9686/2673/358 9688/2675/359 9687/2676/359 9685/2674/358
f 9688/2675/359 9690/2677/360 9689/2678/360 9687/2676/359
f 9690/2677/360 9692/2679/361 9691/2680/361 9689/2678/360
f 9692/2679/361 9694/2681/362 9693/2682/362 9691/2680/361
f 9694/2681/362 9696/2683/363 9695/2684/363 9693/2682/362
f 9696/2683/363 9698/2294/364 9697/433/364 9695/2684/363
f 9698/2294/364 9700/2685/365 9699/2686/365 9697/433/364
f 9700/2685/365 9702/2687/366 9701/2688/366 9699/2686/365
f 9702/2687/366 9704/2689/367 9703/2690/367 9701/2688/366
f 9704/2689/367 9706/2691/368 9705/2692/368 9703/2690/367
f 9706/2691/368 9708/2693/369 9707/2694/369 9705/2692/368
f 9708/2693/369 9710/2695/370 9709/2696/370 9707/2694/369
f 9710/2695/370 9712/2697/371 9711/2698/371 9709/2696/370
f 9712/2697/371 9714/2699/372 9713/2700/372 9711/2698/371
f 9714/2699/372 9716/2701/373 9715/2702/373 9713/2700/372
f 9716/2701/373 9718/2703/374 9717/2704/374 9715/2702/373
f 9718/2703/374 9720/2705/375 9719/2706/375 9717/2704/374
f 9720/2705/375 9722/2707/376 9721/2708/376 9719/2706/375
f 9722/2707/376 9724/2709/377 9723/2710/377 9721/2708/376
f 9724/2709/377 9726/2711/378 9725/2712/378 9723/2710/377
f 9726/2711/378 9728/2713/379 9727/2714/379 9725/2712/378
f 9728/2713/379 9730/2715/380 9729/2716/380 9727/2714/379
f 9730/2715/380 9732/2717/381 9731/2718/381 9729/2716/380
f 9732/2717/381 9734/2719/382 9733/2720/382 9731/2718/381
f 9734/2719/382 9736/2721/383 9735/2722/383 9733/2720/382
f 9736/2721/383 9738/2723/384 9737/2724/384 9735/2722/383
f 9738/2723/384 9740/2725/385 9739/2726/385 9737/2724/384
f 9740/2725/385 9742/2727/386 9741/2728/386 9739/2726/385
f 9742/2727/386 9744/2729/387 9743/2730/387 9741/2728/386
f 9744/2729/387 9746/2731/388 9745/2732/388 9743/2730/387
f 9746/2731/388 9748/2733/389 9747/2734/389 9745/2732/388
f 9748/2733/389 9750/2735/390 9749/2736/390 9747/2734/389
f 9750/2735/390 9752/2737/391 9751/2738/391 9749/2736/390
f 9752/2737/391 9754/2739/392 9753/2740/392 9751/2738/391
f 9754/2739/392 9756/2741/393 9755/2742/393 9753/2740/392
f 9756/2741/393 9758/2743/394 9757/2744/394 9755/2742/393
f 9758/2743/394 9760/2745/395 9759/2746/395 9757/2744/394
f 9760/2745/395 9762/2747/396 9761/2748/396 9759/2746/395
f 9762/2747/396 9764/2749/397 9763/2750/397 9761/2748/396
f 9764/2749/397 9766/2751/398 9765/2752/398 9763/2750/397
f 9766/2751/398 9768/2753/399 9767/2754/399 9765/2752/398
f 9768/2753/399 9770/2755/400 9769/2756/400 9767/2754/399
f 9770/2755/400 9772/2757/401 9771/2758/401 9769/2756/400
f 9772/2757/401 9774/2759/402 9773/2760/402 9771/2758/401
f 9774/2759/402 9776/2761/1464 9775/2762/1464 9773/2760/402
f 9776/2761/1464 9778/2763/404 9777/2764/404 9775/2762/1464
f 9778/2763/404 9780/2765/405 9779/2766/405 9777/2764/404
f 9780/2765/405 9782/2767/406 9781/2768/406 9779/2766/405
f 9782/2767/406 9784/2769/407 9783/2770/407 9781/2768/406
f 9784/2769/407 9786/2771/408 9785/2772/408 9783/2770/407
f 9786/2771/408 9788/2773/409 9787/2774/409 9785/2772/408
f 9788/2773/409 9790/2775/410 9789/2776/410 9787/2774/409
f 9790/2775/410 9792/2777/411 9791/2778/411 9789/2776/410
f 9792/2777/411 9794/2779/412 9793/2780/412 9791/2778/411
f 9794/2779/412 9796/2781/413 9795/2782/413 9793/2780/412
f 9796/2781/413 9798/2783/414 9797/2784/414 9795/2782/413
f 9798/2783/414 9800/2785/415 9799/2786/415 9797/2784/414
f 9800/2785/415 9802/2787/416 9801/2788/416 9799/2786/415
f 9802/2787/416 9804/2789/417 9803/2790/417 9801/2788/416
f 9804/2789/417 9806/2791/418 9805/2792/418 9803/2790/417
f 9806/2791/418 9808/2793/419 9807/2794/419 9805/2792/418
f 9808/2793/419 9810/2795/420 9809/2796/420 9807/2794/419
f 9810/2795/420 9812/2797/421 9811/2798/421 9809/2796/420
f 9812/2797/421 9814/2799/422 9813/2800/422 9811/2798/421
f 9814/2799/422 9816/2801/423 9815/2802/423 9813/2800/422
f 9816/2801/423 9818/2803/424 9817/2804/424 9815/2802/423
f 9818/2803/424 9820/2805/425 9819/2806/425 9817/2804/424
f 9820/2805/425 9822/2807/426 9821/2808/426 9819/2806/425
f 9822/2807/426 9824/2809/427 9823/2810/427 9821/2808/426
f 9824/2809/427 9826/2811/428 9825/2812/428 9823/2810/427
f 9826/2811/428 9828/2813/429 9827/2814/429 9825/2812/428
f 9828/2813/429 9830/2815/430 9829/2816/430 9827/2814/429
f 9830/2815/430 9832/2817/431 9831/2818/431 9829/2816/430
f 9832/2817/431 9834/2819/432 9833/2820/432 9831/2818/431
f 9834/2819/432 9836/2821/433 9835/2822/433 9833/2820/432
f 9836/2821/433 9838/2823/434 9837/2824/434 9835/2822/433
f 9838/2823/434 9840/2825/435 9839/2826/435 9837/2824/434
f 9840/2825/435 9842/2827/436 9841/2828/436 9839/2826/435
f 9842/2827/436 9844/2829/437 9843/2830/437 9841/2828/436
f 9844/2829/437 9846/2831/438 9845/2832/438 9843/2830/437
f 9846/2831/438 9848/2833/439 9847/2834/439 9845/2832/438
f 9848/2833/439 9850/2835/440 9849/2836/440 9847/2834/439
f 9850/2835/440 9852/2837/441 9851/2838/441 9849/2836/440
f 9852/2837/441 9854/2839/442 9853/2840/442 9851/2838/441
f 9854/2839/442 9856/2841/443 9855/2842/443 9853/2840/442
f 9856/2841/443 9858/2843/444 9857/2844/444 9855/2842/443
f 9858/2843/444 9860/2845/445 9859/2846/445 9857/2844/444
f 9860/2845/445 9862/2847/446 9861/2848/446 9859/2846/445
f 9862/2847/446 9864/2849/56 9863/2850/56 9861/2848/446
f 9864/2849/56 9866/2851/447 9865/2852/447 9863/2850/56
f 9866/2851/447 9868/2853/448 9867/2854/448 9865/2852/447
f 9868/2853/448 9870/2855/449 9869/2856/449 9867/2854/448
f 9870/2855/449 9872/2857/450 9871/2858/450 9869/2856/449
f 9872/2857/450 9874/2859/451 9873/2860/451 9871/2858/450
f 9874/2859/451 9876/2861/452 9875/2862/452 9873/2860/451
f 9876/2861/452 9878/2863/453 9877/2864/453 9875/2862/452
f 9878/2863/453 9880/2865/454 9879/2866/454 9877/2864/453
f 9880/2865/454 9882/2867/455 9881/2868/455 9879/2866/454
f 9882/2867/455 9884/2869/456 9883/2870/456 9881/2868/455
f 9884/2869/456 9886/2871/457 9885/2872/457 9883/2870/456
f 9886/2871/457 9888/2873/458 9887/2874/458 9885/2872/457
f 9888/2873/458 9890/2875/459 9889/2876/459 9887/2874/458
f 9890/2875/459 9892/2877/460 9891/2878/460 9889/2876/459
f 9892/2877/460 9894/2879/461 9893/2880/461 9891/2878/460
f 9894/2879/461 9896/2881/462 9895/2882/462 9893/2880/461
f 9896/2881/462 9898/2883/1465 9897/2884/1465 9895/2882/462
f 9898/2883/1465 9900/2885/464 9899/2886/464 9897/2884/1465
f 9900/2885/464 9902/2887/465 9901/2888/465 9899/2886/464
f 9902/2887/465 9904/2889/466 9903/2890/466 9901/2888/465
f 9904/2889/466 9906/2891/467 9905/2892/467 9903/2890/466
f 9906/2891/467 9908/2893/468 9907/2894/468 9905/2892/467
f 9908/2893/468 9910/2895/469 9909/2896/469 9907/2894/468
f 9910/2895/469 9912/2897/470 9911/2898/470 9909/2896/469
f 9912/2897/470 9914/2899/471 9913/2900/471 9911/2898/470
f 9914/2899/471 9916/2901/472 9915/2902/472 9913/2900/471
f 9916/2901/472 9918/2903/473 9917/2904/473 9915/2902/472
f 9918/2903/473 9920/2905/474 9919/2906/474 9917/2904/473
f 9920/2905/474 9922/2907/1466 9921/2908/1466 9919/2906/474
f 9922/2907/1466 9924/2909/476 9923/2910/476 9921/2908/1466
f 9924/2909/476 9926/2911/477 9925/2912/477 9923/2910/476
f 9926/2911/477 9928/2913/478 9927/2914/478 9925/2912/477
f 9928/2913/478 9930/2915/479 9929/2916/479 9927/2914/478
f 9930/2915/479 9932/2917/480 9931/2918/480 9929/2916/479
f 9932/2917/480 9934/2919/481 9933/2920/481 9931/2918/480
f 9934/2919/481 9936/2921/482 9935/2922/482 9933/2920/481
f 9936/2921/482 9938/2923/479 9937/2924/479 9935/2922/482
f 9938/2923/479 9940/2925/483 9939/2926/483 9937/2924/479
f 9940/2925/483 9942/2927/484 9941/2928/484 9939/2926/483
f 9942/2927/484 9944/2929/485 9943/2930/485 9941/2928/484
f 9944/2929/485 9946/2931/486 9945/2932/486 9943/2930/485
f 9946/2931/486 9948/2933/487 9947/2934/487 9945/2932/486
f 9948/2933/487 9950/2935/488 9949/2936/488 9947/2934/487
f 9950/2935/488 9952/2937/489 9951/2938/489 9949/2936/488
f 9952/2937/489 9954/2939/490 9953/2940/490 9951/2938/489
f 9954/2939/490 9956/2941/491 9955/2942/491 9953/2940/490
f 9956/2941/491 9958/2943/492 9957/2944/492 9955/2942/491
f 9958/2943/492 9960/2945/493 9959/2946/493 9957/2944/492
f 9960/2945/493 9962/2947/494 9961/2948/494 9959/2946/493
f 9962/2947/494 9964/2949/495 9963/2950/495 9961/2948/494
f 9964/2949/495 9966/2951/496 9965/2952/496 9963/2950/495
f 9966/2951/496 9968/2953/497 9967/2954/497 9965/2952/496
f 9968/2953/497 9970/2955/498 9969/2956/498 9967/2954/497
f 9970/2955/498 9972/2957/499 9971/2958/499 9969/2956/498
f 9972/2957/499 9974/2959/500 9973/2960/500 9971/2958/499
f 9974/2959/500 9976/2961/501 9975/2962/501 9973/2960/500
f 9976/2961/501 9978/2963/502 9977/2964/502 9975/2962/501
f 9978/2963/502 9980/2965/503 9979/2966/503 9977/2964/502
f 9980/2965/503 9982/2967/504 9981/2968/504 9979/2966/503
f 9982/2967/504 9984/2969/505 9983/2970/505 9981/2968/504
f 9984/2969/505 9986/2971/506 9985/2972/506 9983/2970/505
f 9986/2971/506 9988/2973/507 9987/2974/507 9985/2972/506
f 9988/2973/507 9990/2975/1467 9989/2976/1467 9987/2974/507
f 9990/2975/1467 9992/2977/509 9991/2978/509 9989/2976/1467
f 9992/2977/509 9994/2979/510 9993/2980/510 9991/2978/509
f 9994/2979/510 9400/2296/215 9399/3/215 9993/2980/510
f 9996/2292/1468 9998/4649/1469 9997/4650/1469 9995/101/1468
f 9998/4649/1469 10000/4651/1470 9999/4652/1470 9997/4650/1469
f 10000/4651/1470 10002/4653/1471 10001/4654/1471 9999/4652/1470
f 10002/4653/1471 10004/4655/1472 10003/4656/1472 10001/4654/1471
f 10004/4655/1472 10006/4657/1473 10005/4658/1473 10003/4656/1472
f 10006/4657/1473 10008/4659/1474 10007/4660/1474 10005/4658/1473
f 10008/4659/1474 10010/4661/1475 10009/4662/1475 10007/4660/1474
f 10010/4661/1475 10012/4663/1476 10011/4664/1476 10009/4662/1475
f 10012/4663/1476 10014/4665/1477 10013/4666/1477 10011/4664/1476
f 10014/4665/1477 10016/4667/1478 10015/4668/1478 10013/4666/1477
f 10016/4667/1478 10018/4669/1479 10017/4670/1479 10015/4668/1478
f 10018/4669/1479 10020/4671/11 10019/4672/11 10017/4670/1479
f 10020/4671/11 10022/4673/12 10021/4674/12 10019/4672/11
f 10022/4673/12 10024/4675/12 10023/4676/12 10021/4674/12
f 10024/4675/12 10026/4677/11 10025/4678/11 10023/4676/12
f 10026/4677/11 10028/4679/11 10027/4680/11 10025/4678/11
f 10028/4679/11 10030/4681/12 10029/4682/12 10027/4680/11
f 10030/4681/12 10032/4683/13 10031/4684/13 10029/4682/12
f 10032/4683/13 10034/4685/14 10033/4686/14 10031/4684/13
f 10034/4685/14 10036/4687/14 10035/4688/14 10033/4686/14
f 10036/4687/14 10038/4689/13 10037/4690/13 10035/4688/14
f 10038/4689/13 10040/4691/13 10039/4692/13 10037/4690/13
f 10040/4691/13 10042/4693/14 10041/4694/14 10039/4692/13
f 10042/4693/14 10044/4695/1480 10043/4696/1480 10041/4694/14
f 10044/4695/1480 10046/4697/1481 10045/4698/1481 10043/4696/1480
f 10046/4697/1481 10048/4699/1482 10047/4700/1482 10045/4698/1481
f 10048/4699/1482 10050/4701/1483 10049/4702/1483 10047/4700/1482
f 10050/4701/1483 10052/4703/1484 10051/4704/1484 10049/4702/1483
f 10052/4703/1484 10054/4705/1485 10053/4706/1485 10051/4704/1484
f 10054/4705/1485 10056/4707/191 10055/4708/191 10053/4706/1485
f 10056/4707/191 10058/4709/1486 10057/4710/1486 10055/4708/191
f 10058/4709/1486 10060/4711/1487 10059/4712/1487 10057/4710/1486
f 10060/4711/1487 10062/4713/1488 10061/4714/1488 10059/4712/1487
f 10062/4713/1488 10064/4715/1489 10063/4716/1489 10061/4714/1488
f 10064/4715/1489 10066/4717/1490 10065/4718/1490 10063/4716/1489
f 10066/4717/1490 10068/4719/1491 10067/4720/1491 10065/4718/1490
f 10068/4719/1491 10070/4721/1492 10069/4722/1492 10067/4720/1491
f 10070/4721/1492 10072/4723/1493 10071/4724/1493 10069/4722/1492
f 10072/4723/1493 10074/4725/1494 10073/4726/1494 10071/4724/1493
f 10074/4725/1494 10076/4727/1495 10075/4728/1495 10073/4726/1494
f 10076/4727/1495 10078/4729/1496 10077/4730/1496 10075/4728/1495
f 10078/4729/1496 10080/4731/1497 10079/4732/1497 10077/4730/1496
f 10080/4731/1497 10082/4733/1498 10081/4734/1498 10079/4732/1497
f 10082/4733/1498 10084/4735/1499 10083/4736/1499 10081/4734/1498
f 10084/4735/1499 10086/4737/1500 10085/4738/1500 10083/4736/1499
f 10086/4737/1500 10088/4739/1501 10087/4740/1501 10085/4738/1500
f 10088/4739/1501 10090/4741/1502 10089/4742/1502 10087/4740/1501
f 10090/4741/1502 10092/4743/1503 10091/4744/1503 10089/4742/1502
f 10092/4743/1503 10094/4745/1504 10093/4746/1504 10091/4744/1503
f 10094/4745/1504 10096/4747/1505 10095/4748/1505 10093/4746/1504
f 10096/4747/1505 10098/4749/1506 10097/4750/1506 10095/4748/1505
f 10098/4749/1506 10100/4751/1507 10099/4752/1507 10097/4750/1506
f 10100/4751/1507 10102/4753/1508 10101/4754/1508 10099/4752/1507
f 10102/4753/1508 10104/4755/1509 10103/4756/1509 10101/4754/1508
f 10104/4755/1509 10106/4757/1510 10105/4758/1510 10103/4756/1509
f 10106/4757/1510 10108/4759/1511 10107/4760/1511 10105/4758/1510
f 10108/4759/1511 10110/4761/1512 10109/4762/1512 10107/4760/1511
f 10110/4761/1512 10112/4763/1513 10111/4764/1513 10109/4762/1512
f 10112/4763/1513 10114/4765/1514 10113/4766/1514 10111/4764/1513
f 10114/4765/1514 10116/4767/1515 10115/4768/1515 10113/4766/1514
f 10116/4767/1515 10118/4769/1516 10117/4770/1516 10115/4768/1515
f 10118/4769/1516 10120/4771/1517 10119/4772/1517 10117/4770/1516
f 10120/4771/1517 10122/4773/1518 10121/4774/1518 10119/4772/1517
f 10122/4773/1518 10124/4775/1519 10123/4776/1519 10121/4774/1518
f 10124/4775/1519 10126/4777/1520 10125/4778/1520 10123/4776/1519
f 10126/4777/1520 10128/4779/1521 10127/4780/1521 10125/4778/1520
f 10128/4779/1521 10130/2294/1522 10129/433/1522 10127/4780/1521
f 10130/2294/1522 10132/4781/1523 10131/4782/1523 10129/433/1522
f 10132/4781/1523 10134/4783/1524 10133/4784/1524 10131/4782/1523
f 10134/4783/1524 10136/4785/1525 10135/4786/1525 10133/4784/1524
f 10136/4785/1525 10138/4787/1526 10137/4788/1526 10135/4786/1525
f 10138/4787/1526 10140/4789/1527 10139/4790/1527 10137/4788/1526
f 10140/4789/1527 10142/4791/1528 10141/4792/1528 10139/4790/1527
f 10142/4791/1528 10144/4793/1529 10143/4794/1529 10141/4792/1528
f 10144/4793/1529 10146/4795/1530 10145/4796/1530 10143/4794/1529
f 10146/4795/1530 10148/4797/1531 10147/4798/1531 10145/4796/1530
f 10148/4797/1531 10150/4799/1532 10149/4800/1532 10147/4798/1531
f 10150/4799/1532 10152/4801/1533 10151/4802/1533 10149/4800/1532
f 10152/4801/1533 10154/4803/1534 10153/4804/1534 10151/4802/1533
f 10154/4803/1534 10156/4805/1535 10155/4806/1535 10153/4804/1534
f 10156/4805/1535 10158/4807/1536 10157/4808/1536 10155/4806/1535
f 10158/4807/1536 10160/4809/1537 10159/4810/1537 10157/4808/1536
f 10160/4809/1537 10162/4811/1538 10161/4812/1538 10159/4810/1537
f 10162/4811/1538 10164/4813/1539 10163/4814/1539 10161/4812/1538
f 10164/4813/1539 10166/4815/1540 10165/4816/1540 10163/4814/1539
f 10166/4815/1540 10168/4817/1541 10167/4818/1541 10165/4816/1540
f 10168/4817/1541 10170/4819/180 10169/4820/180 10167/4818/1541
f 10170/4819/180 10172/4821/1542 10171/4822/1542 10169/4820/180
f 10172/4821/1542 10174/4823/1543 10173/4824/1543 10171/4822/1542
f 10174/4823/1543 10176/4825/1544 10175/4826/1544 10173/4824/1543
f 10176/4825/1544 10178/4827/1545 10177/4828/1545 10175/4826/1544
f 10178/4827/1545 10180/4829/1546 10179/4830/1546 10177/4828/1545
f 10180/4829/1546 10182/4831/1547 10181/4832/1547 10179/4830/1546
f 10182/4831/1547 10184/4833/1548 10183/4834/1548 10181/4832/1547
f 10184/4833/1548 10186/4835/1549 10185/4836/1549 10183/4834/1548
f 10186/4835/1549 10188/4837/1550 10187/4838/1550 10185/4836/1549
f 10188/4837/1550 10190/4839/1551 10189/4840/1551 10187/4838/1550
f 10190/4839/1551 10192/4841/1552 10191/4842/1552 10189/4840/1551
f 10192/4841/1552 10194/4843/1553 10193/4844/1553 10191/4842/1552
f 10194/4843/1553 10196/4845/1554 10195/4846/1554 10193/4844/1553
f 10196/4845/1554 10198/4847/1555 10197/4848/1555 10195/4846/1554
f 10198/4847/1555 10200/4849/1556 10199/4850/1556 10197/4848/1555
f 10200/4849/1556 10202/4851/1557 10201/4852/1557 10199/4850/1556
f 10202/4851/1557 10204/4853/1558 10203/4854/1558 10201/4852/1557
f 10204/4853/1558 10206/4855/1559 10205/4856/1559 10203/4854/1558
f 10206/4855/1559 10208/4857/1560 10207/4858/1560 10205/4856/1559
f 10208/4857/1560 10210/4859/1561 10209/4860/1561 10207/4858/1560
f 10210/4859/1561 10212/4861/1562 10211/4862/1562 10209/4860/1561
f 10212/4861/1562 10214/4863/1563 10213/4864/1563 10211/4862/1562
f 10214/4863/1563 10216/4865/1564 10215/4866/1564 10213/4864/1563
f 10216/4865/1564 10218/4867/1565 10217/4868/1565 10215/4866/1564
f 10218/4867/1565 10220/4869/1566 10219/4870/1566 10217/4868/1565
f 10220/4869/1566 10222/4871/1567 10221/4872/1567 10219/4870/1566
f 10222/4871/1567 10224/4873/1568 10223/4874/1568 10221/4872/1567
f 10224/4873/1568 10226/4875/1569 10225/4876/1569 10223/4874/1568
f 10226/4875/1569 10228/4877/1570 10227/4878/1570 10225/4876/1569
f 10228/4877/1570 10230/4879/1571 10229/4880/1571 10227/4878/1570
f 10230/4879/1571 10232/4881/1572 10231/4882/1572 10229/4880/1571
f 10232/4881/1572 10234/4883/1573 10233/4884/1573 10231/4882/1572
f 10234/4883/1573 10236/4885/1574 10235/4886/1574 10233/4884/1573
f 10236/4885/1574 10238/4887/1575 10237/4888/1575 10235/4886/1574
f 10238/4887/1575 10240/4889/1576 10239/4890/1576 10237/4888/1575
f 10240/4889/1576 10242/4891/1577 10241/4892/1577 10239/4890/1576
f 10242/4891/1577 10244/4893/1578 10243/4894/1578 10241/4892/1577
f 10244/4893/1578 10246/4895/1579 10245/4896/1579 10243/4894/1578
f 10246/4895/1579 10248/4897/1580 10247/4898/1580 10245/4896/1579
f 10248/4897/1580 10250/4899/1581 10249/4900/1581 10247/4898/1580
f 10250/4899/1581 10252/4901/1582 10251/4902/1582 10249/4900/1581
f 10252/4901/1582 10254/4903/1583 10253/4904/1583 10251/4902/1582
f 10254/4903/1583 10256/4905/1584 10255/4906/1584 10253/4904/1583
f 10256/4905/1584 10258/4907/1585 10257/4908/1585 10255/4906/1584
f 10258/4907/1585 10260/4909/1586 10259/4910/1586 10257/4908/1585
f 10260/4909/1586 10262/4911/1587 10261/4912/1587 10259/4910/1586
f 10262/4911/1587 9996/2296/1468 9995/3/1468 10261/4912/1587
f 10264/2292/1588 10266/2299/1589 10265/1661/1589 10263/101/1588
f 10266/2299/1589 10268/2302/1590 10267/1703/1590 10265/1661/1589
f 10268/2302/1590 10270/2305/1591 10269/1637/1591 10267/1703/1590
f 10270/2305/1591 10272/2293/1592 10271/1184/1592 10269/1637/1591
f 10272/2293/1592 10274/2310/1593 10273/1770/1593 10271/1184/1592
f 10274/2310/1593 10276/2313/1594 10275/1782/1594 10273/1770/1593
f 10276/2313/1594 10278/2316/1595 10277/1856/1595 10275/1782/1594
f 10278/2316/1595 10280/2294/1596 10279/433/1596 10277/1856/1595
f 10280/2294/1596 10282/2321/1597 10281/1807/1597 10279/433/1596
f 10282/2321/1597 10284/2324/1598 10283/1748/1598 10281/1807/1597
f 10284/2324/1598 10286/2327/668 10285/1836/668 10283/1748/1598
f 10286/2327/668 10288/2295/1599 10287/1259/1599 10285/1836/668
f 10288/2295/1599 10290/2332/11 10289/1905/11 10287/1259/1599
f 10290/2332/11 10292/2335/14 10291/1842/14 10289/1905/11
f 10292/2335/14 10294/2338/13 10293/1731/13 10291/1842/14
f 10294/2338/13 10264/2296/1588 10263/3/1588 10293/1731/13
f 10296/2292/11 10298/2299/14 10297/1661/14 10295/101/11
f 10298/2299/14 10300/2302/1600 10299/1703/1600 10297/1661/14
f 10300/2302/1600 10302/2305/1601 10301/1637/1601 10299/1703/1600
f 10302/2305/1601 10304/2293/1602 10303/1184/1602 10301/1637/1601
f 10304/2293/1602 10306/2310/1603 10305/1770/1603 10303/1184/1602
f 10306/2310/1603 10308/2313/1604 10307/1782/1604 10305/1770/1603
f 10308/2313/1604 10310/2316/1605 10309/1856/1605 10307/1782/1604
f 10310/2316/1605 10312/2294/1606 10311/433/1606 10309/1856/1605
f 10312/2294/1606 10314/2321/1607 10313/1807/1607 10311/433/1606
f 10314/2321/1607 10316/2324/1608 10315/1748/1608 10313/1807/1607
f 10316/2324/1608 10318/2327/1609 10317/1836/1609 10315/1748/1608
f 10318/2327/1609 10320/2295/1610 10319/1259/1610 10317/1836/1609
f 10320/2295/1610 10322/2332/1611 10321/1905/1611 10319/1259/1610
f 10322/2332/1611 10324/2335/1612 10323/1842/1612 10321/1905/1611
f 10324/2335/1612 10326/2338/12 10325/1731/12 10323/1842/1612
f 10326/2338/12 10296/2296/11 10295/3/11 10325/1731/12
f 10328/2292/12 10330/2293/11 10329/1184/11 10327/101/12
f 10330/2293/11 10332/2294/14 10331/433/14 10329/1184/11
f 10332/2294/14 10334/2295/13 10333/1259/13 10331/433/14
f 10334/2295/13 10328/2296/12 10327/3/12 10333/1259/13
f 10336/2292/12 10338/2293/11 10337/1184/11 10335/101/12
f 10338/2293/11 10340/2294/14 10339/433/14 10337/1184/11
f 10340/2294/14 10342/2295/13 10341/1259/13 10339/433/14
f 10342/2295/13 10336/2296/12 10335/3/12 10341/1259/13
f 10344/2292/1613 10346/2341/1614 10345/2342/1614 10343/101/1613
f 10346/2341/1614 10348/2343/1615 10347/2344/1615 10345/2342/1614
f 10348/2343/1615 10350/2345/1616 10349/2346/1616 10347/2344/1615
f 10350/2345/1616 10352/2347/1617 10351/2348/1617 10349/2346/1616
f 10352/2347/1617 10354/2349/1618 10353/2350/1618 10351/2348/1617
f 10354/2349/1618 10356/2351/1619 10355/2352/1619 10353/2350/1618
f 10356/2351/1619 10358/2353/1620 10357/2354/1620 10355/2352/1619
f 10358/2353/1620 10360/2355/1621 10359/2356/1621 10357/2354/1620
f 10360/2355/1621 10362/2357/1622 10361/2358/1622 10359/2356/1621
f 10362/2357/1622 10364/2359/1623 10363/2360/1623 10361/2358/1622
f 10364/2359/1623 10366/2361/1624 10365/2362/1624 10363/2360/1623
f 10366/2361/1624 10368/2363/1625 10367/2364/1625 10365/2362/1624
f 10368/2363/1625 10370/2294/1626 10369/433/1626 10367/2364/1625
f 10370/2294/1626 10372/2365/1627 10371/2366/1627 10369/433/1626
f 10372/2365/1627 10374/2367/1628 10373/2368/1628 10371/2366/1627
f 10374/2367/1628 10376/2369/1629 10375/2370/1629 10373/2368/1628
f 10376/2369/1629 10378/2371/1054 10377/2372/1054 10375/2370/1629
f 10378/2371/1054 10380/2373/1630 10379/2374/1630 10377/2372/1054
f 10380/2373/1630 10382/2375/1631 10381/2376/1631 10379/2374/1630
f 10382/2375/1631 10384/2377/1632 10383/2378/1632 10381/2376/1631
f 10384/2377/1632 10386/2379/1633 10385/2380/1633 10383/2378/1632
f 10386/2379/1633 10388/2381/1634 10387/2382/1634 10385/2380/1633
f 10388/2381/1634 10390/2383/1635 10389/2384/1635 10387/2382/1634
f 10390/2383/1635 10392/2385/1636 10391/2386/1636 10389/2384/1635
f 10392/2385/1636 10394/2387/1637 10393/2388/1637 10391/2386/1636
f 10394/2387/1637 10344/2296/1613 10343/3/1613 10393/2388/1637
f 10396/2292/1638 10398/4238/1639 10397/1210/1639 10395/101/1638
f 10398/4238/1639 10400/4242/1640 10399/1236/1640 10397/1210/1639
f 10400/4242/1640 10402/4246/1641 10401/1238/1641 10399/1236/1640
f 10402/4246/1641 10404/4250/1642 10403/1225/1642 10401/1238/1641
f 10404/4250/1642 10406/4254/1643 10405/1207/1643 10403/1225/1642
f 10406/4254/1643 10408/4258/1644 10407/1199/1644 10405/1207/1643
f 10408/4258/1644 10410/4262/1645 10409/1196/1645 10407/1199/1644
f 10410/4262/1645 10412/4266/1245 10411/1192/1245 10409/1196/1645
f 10412/4266/1245 10414/4270/1646 10413/1187/1646 10411/1192/1245
f 10414/4270/1646 10416/4273/1647 10415/1175/1647 10413/1187/1646
f 10416/4273/1647 10418/4277/1648 10417/1169/1648 10415/1175/1647
f 10418/4277/1648 10420/4281/1649 10419/1128/1649 10417/1169/1648
f 10420/4281/1649 10422/4285/1650 10421/1132/1650 10419/1128/1649
f 10422/4285/1650 10424/4289/1651 10423/1143/1651 10421/1132/1650
f 10424/4289/1651 10426/4293/1652 10425/1152/1652 10423/1143/1651
f 10426/4293/1652 10428/4297/1653 10427/1157/1653 10425/1152/1652
f 10428/4297/1653 10430/4301/1654 10429/1161/1654 10427/1157/1653
f 10430/4301/1654 10432/4305/1655 10431/1165/1655 10429/1161/1654
f 10432/4305/1655 10434/4308/1656 10433/1149/1656 10431/1165/1655
f 10434/4308/1656 10436/4312/1657 10435/1142/1657 10433/1149/1656
f 10436/4312/1657 10438/4316/1658 10437/1133/1658 10435/1142/1657
f 10438/4316/1658 10440/4320/1659 10439/1174/1659 10437/1133/1658
f 10440/4320/1659 10442/4324/1660 10441/1180/1660 10439/1174/1659
f 10442/4324/1660 10444/4328/1661 10443/1186/1661 10441/1180/1660
f 10444/4328/1661 10446/4332/1662 10445/1272/1662 10443/1186/1661
f 10446/4332/1662 10448/4336/1663 10447/1267/1663 10445/1272/1662
f 10448/4336/1663 10450/4340/1664 10449/1263/1664 10447/1267/1663
f 10450/4340/1664 10452/4343/1665 10451/1257/1665 10449/1263/1664
f 10452/4343/1665 10454/4347/1666 10453/1251/1666 10451/1257/1665
f 10454/4347/1666 10456/4351/1667 10455/1244/1667 10453/1251/1666
f 10456/4351/1667 10458/4355/1668 10457/1230/1668 10455/1244/1667
f 10458/4355/1668 10460/4359/1669 10459/1223/1669 10457/1230/1668
f 10460/4359/1669 10462/4363/1670 10461/1217/1670 10459/1223/1669
f 10462/4363/1670 10464/4367/1671 10463/1213/1671 10461/1217/1670
f 10464/4367/1671 10466/4371/1672 10465/1245/1672 10463/1213/1671
f 10466/4371/1672 10468/4375/1673 10467/1255/1673 10465/1245/1672
f 10468/4375/1673 10396/2296/1638 10395/3/1638 10467/1255/1673
f 10470/2292/1674 10472/4913/1675 10471/4914/1675 10469/101/1674
f 10472/4913/1675 10474/4915/1676 10473/4916/1676 10471/4914/1675
f 10474/4915/1676 10476/4917/1677 10475/4918/1677 10473/4916/1676
f 10476/4917/1677 10478/4919/1678 10477/4920/1678 10475/4918/1677
f 10478/4919/1678 10480/4921/1679 10479/4922/1679 10477/4920/1678
f 10480/4921/1679 10482/4923/1680 10481/4924/1680 10479/4922/1679
f 10482/4923/1680 10484/4925/1681 10483/4926/1681 10481/4924/1680
f 10484/4925/1681 10486/4927/1682 10485/4928/1682 10483/4926/1681
f 10486/4927/1682 10488/4929/1683 10487/4930/1683 10485/4928/1682
f 10488/4929/1683 10490/4931/1684 10489/4932/1684 10487/4930/1683
f 10490/4931/1684 10492/4933/1685 10491/4934/1685 10489/4932/1684
f 10492/4933/1685 10494/4935/1686 10493/4936/1686 10491/4934/1685
f 10494/4935/1686 10496/4937/13 10495/4938/13 10493/4936/1686
f 10496/4937/13 10498/4939/13 10497/4940/13 10495/4938/13
f 10498/4939/13 10500/4941/14 10499/4942/14 10497/4940/13
f 10500/4941/14 10502/4943/14 10501/4944/14 10499/4942/14
f 10502/4943/14 10504/4945/14 10503/4946/14 10501/4944/14
f 10504/4945/14 10506/4947/11 10505/4948/11 10503/4946/14
f 10506/4947/11 10508/4949/11 10507/4950/11 10505/4948/11
f 10508/4949/11 10510/4951/14 10509/4952/14 10507/4950/11
f 10510/4951/14 10512/4953/1687 10511/4954/1687 10509/4952/14
f 10512/4953/1687 10514/4955/1688 10513/4956/1688 10511/4954/1687
f 10514/4955/1688 10516/4957/1689 10515/4958/1689 10513/4956/1688
f 10516/4957/1689 10518/4959/1690 10517/4960/1690 10515/4958/1689
f 10518/4959/1690 10520/4961/1691 10519/4962/1691 10517/4960/1690
f 10520/4961/1691 10522/4963/1692 10521/4964/1692 10519/4962/1691
f 10522/4963/1692 10524/4965/1693 10523/4966/1693 10521/4964/1692
f 10524/4965/1693 10526/4967/1694 10525/4968/1694 10523/4966/1693
f 10526/4967/1694 10528/4969/1695 10527/4970/1695 10525/4968/1694
f 10528/4969/1695 10530/4971/1696 10529/4972/1696 10527/4970/1695
f 10530/4971/1696 10532/4973/1697 10531/4974/1697 10529/4972/1696
f 10532/4973/1697 10534/4975/1698 10533/4976/1698 10531/4974/1697
f 10534/4975/1698 10536/4977/889 10535/4978/889 10533/4976/1698
f 10536/4977/889 10538/4979/1699 10537/4980/1699 10535/4978/889
f 10538/4979/1699 10540/4981/1700 10539/4982/1700 10537/4980/1699
f 10540/4981/1700 10542/4983/1701 10541/4984/1701 10539/4982/1700
f 10542/4983/1701 10544/4985/1702 10543/4986/1702 10541/4984/1701
f 10544/4985/1702 10546/4987/1703 10545/4988/1703 10543/4986/1702
f 10546/4987/1703 10548/4989/1704 10547/4990/1704 10545/4988/1703
f 10548/4989/1704 10550/4991/1705 10549/4992/1705 10547/4990/1704
f 10550/4991/1705 10552/4993/1706 10551/4994/1706 10549/4992/1705
f 10552/4993/1706 10554/4995/1656 10553/4996/1656 10551/4994/1706
f 10554/4995/1656 10556/4997/1707 10555/4998/1707 10553/4996/1656
f 10556/4997/1707 10558/4999/1708 10557/5000/1708 10555/4998/1707
f 10558/4999/1708 10560/5001/1709 10559/5002/1709 10557/5000/1708
f 10560/5001/1709 10562/5003/1710 10561/5004/1710 10559/5002/1709
f 10562/5003/1710 10564/5005/1711 10563/5006/1711 10561/5004/1710
f 10564/5005/1711 10566/5007/1712 10565/5008/1712 10563/5006/1711
f 10566/5007/1712 10568/5009/1713 10567/5010/1713 10565/5008/1712
f 10568/5009/1713 10570/5011/1714 10569/5012/1714 10567/5010/1713
f 10570/5011/1714 10572/5013/1715 10571/5014/1715 10569/5012/1714
f 10572/5013/1715 10574/5015/1716 10573/5016/1716 10571/5014/1715
f 10574/5015/1716 10576/5017/1717 10575/5018/1717 10573/5016/1716
f 10576/5017/1717 10578/5019/1718 10577/5020/1718 10575/5018/1717
f 10578/5019/1718 10580/5021/1719 10579/5022/1719 10577/5020/1718
f 10580/5021/1719 10582/5023/1720 10581/5024/1720 10579/5022/1719
f 10582/5023/1720 10584/5025/1721 10583/5026/1721 10581/5024/1720
f 10584/5025/1721 10586/5027/1722 10585/5028/1722 10583/5026/1721
f 10586/5027/1722 10588/5029/1723 10587/5030/1723 10585/5028/1722
f 10588/5029/1723 10590/5031/1724 10589/5032/1724 10587/5030/1723
f 10590/5031/1724 10592/5033/1725 10591/5034/1725 10589/5032/1724
f 10592/5033/1725 10594/5035/1726 10593/5036/1726 10591/5034/1725
f 10594/5035/1726 10596/5037/1727 10595/5038/1727 10593/5036/1726
f 10596/5037/1727 10598/5039/1728 10597/5040/1728 10595/5038/1727
f 10598/5039/1728 10600/5041/1729 10599/5042/1729 10597/5040/1728
f 10600/5041/1729 10602/5043/1730 10601/5044/1730 10599/5042/1729
f 10602/5043/1730 10604/5045/1731 10603/5046/1731 10601/5044/1730
f 10604/5045/1731 10606/5047/1732 10605/5048/1732 10603/5046/1731
f 10606/5047/1732 10608/5049/1733 10607/5050/1733 10605/5048/1732
f 10608/5049/1733 10610/5051/1734 10609/5052/1734 10607/5050/1733
f 10610/5051/1734 10470/2296/1674 10469/3/1674 10609/5052/1734
f 10612/2292/1735 10614/5053/1736 10613/5054/1736 10611/101/1735
f 10614/5053/1736 10616/5055/1737 10615/5056/1737 10613/5054/1736
f 10616/5055/1737 10618/4019/1738 10617/556/1738 10615/5056/1737
f 10618/4019/1738 10620/5057/1739 10619/5058/1739 10617/556/1738
f 10620/5057/1739 10622/2304/1740 10621/1643/1740 10619/5058/1739
f 10622/2304/1740 10624/4028/1741 10623/543/1741 10621/1643/1740
f 10624/4028/1741 10626/5059/1742 10625/5060/1742 10623/543/1741
f 10626/5059/1742 10628/5061/1743 10627/5062/1743 10625/5060/1742
f 10628/5061/1743 10630/4037/1744 10629/523/1744 10627/5062/1743
f 10630/4037/1744 10632/2311/1745 10631/218/1745 10629/523/1744
f 10632/2311/1745 10634/5063/1746 10633/5064/1746 10631/218/1745
f 10634/5063/1746 10636/4046/13 10635/524/13 10633/5064/1746
f 10636/4046/13 10638/5065/14 10637/5066/14 10635/524/13
f 10638/5065/14 10640/5067/11 10639/5068/11 10637/5066/14
f 10640/5067/11 10642/2294/12 10641/433/12 10639/5068/11
f 10642/2294/12 10644/5069/1747 10643/5070/1747 10641/433/12
f 10644/5069/1747 10646/5071/1748 10645/5072/1748 10643/5070/1747
f 10646/5071/1748 10648/4063/1749 10647/493/1749 10645/5072/1748
f 10648/4063/1749 10650/5073/1750 10649/5074/1750 10647/493/1749
f 10650/5073/1750 10652/2326/1751 10651/247/1751 10649/5074/1750
f 10652/2326/1751 10654/4072/1752 10653/674/1752 10651/247/1751
f 10654/4072/1752 10656/5075/1753 10655/5076/1753 10653/674/1752
f 10656/5075/1753 10658/5077/1754 10657/5078/1754 10655/5076/1753
f 10658/5077/1754 10660/4081/1755 10659/618/1755 10657/5078/1754
f 10660/4081/1755 10662/2333/1756 10661/1899/1756 10659/618/1755
f 10662/2333/1756 10664/5079/1757 10663/5080/1757 10661/1899/1756
f 10664/5079/1757 10666/4090/1758 10665/452/1758 10663/5080/1757
f 10666/4090/1758 10668/5081/1759 10667/5082/1759 10665/452/1758
f 10668/5081/1759 10670/5083/1760 10669/5084/1760 10667/5082/1759
f 10670/5083/1760 10612/2296/1735 10611/3/1735 10669/5084/1760
f 10672/2292/1761 10674/5085/1696 10673/5086/1696 10671/101/1761
f 10674/5085/1696 10676/5087/1762 10675/5088/1762 10673/5086/1696
f 10676/5087/1762 10678/5089/1763 10677/5090/1763 10675/5088/1762
f 10678/5089/1763 10680/5091/1764 10679/5092/1764 10677/5090/1763
f 10680/5091/1764 10682/5093/1765 10681/5094/1765 10679/5092/1764
f 10682/5093/1765 10684/5095/1766 10683/5096/1766 10681/5094/1765
f 10684/5095/1766 10686/5097/1767 10685/5098/1767 10683/5096/1766
f 10686/5097/1767 10688/5099/1768 10687/5100/1768 10685/5098/1767
f 10688/5099/1768 10690/5101/1769 10689/5102/1769 10687/5100/1768
f 10690/5101/1769 10692/5103/1770 10691/5104/1770 10689/5102/1769
f 10692/5103/1770 10694/5105/1771 10693/5106/1771 10691/5104/1770
f 10694/5105/1771 10696/5107/13 10695/5108/13 10693/5106/1771
f 10696/5107/13 10698/5109/14 10697/5110/14 10695/5108/13
f 10698/5109/14 10700/5111/14 10699/5112/14 10697/5110/14
f 10700/5111/14 10702/5113/13 10701/5114/13 10699/5112/14
f 10702/5113/13 10704/5115/13 10703/5116/13 10701/5114/13
f 10704/5115/13 10706/5117/14 10705/5118/14 10703/5116/13
f 10706/5117/14 10708/5119/14 10707/5120/14 10705/5118/14
f 10708/5119/14 10710/5121/1772 10709/5122/1772 10707/5120/14
f 10710/5121/1772 10712/5123/1773 10711/5124/1773 10709/5122/1772
f 10712/5123/1773 10714/5125/1774 10713/5126/1774 10711/5124/1773
f 10714/5125/1774 10716/5127/1775 10715/5128/1775 10713/5126/1774
f 10716/5127/1775 10718/5129/1776 10717/5130/1776 10715/5128/1775
f 10718/5129/1776 10720/5131/1777 10719/5132/1777 10717/5130/1776
f 10720/5131/1777 10722/5133/1778 10721/5134/1778 10719/5132/1777
f 10722/5133/1778 10724/5135/1779 10723/5136/1779 10721/5134/1778
f 10724/5135/1779 10726/5137/1780 10725/5138/1780 10723/5136/1779
f 10726/5137/1780 10728/5139/1781 10727/5140/1781 10725/5138/1780
f 10728/5139/1781 10730/5141/1782 10729/5142/1782 10727/5140/1781
f 10730/5141/1782 10732/5143/1783 10731/5144/1783 10729/5142/1782
f 10732/5143/1783 10734/5145/1784 10733/5146/1784 10731/5144/1783
f 10734/5145/1784 10736/5147/1785 10735/5148/1785 10733/5146/1784
f 10736/5147/1785 10738/5149/1786 10737/5150/1786 10735/5148/1785
f 10738/5149/1786 10740/5151/1787 10739/5152/1787 10737/5150/1786
f 10740/5151/1787 10742/5153/1788 10741/5154/1788 10739/5152/1787
f 10742/5153/1788 10744/5155/1789 10743/5156/1789 10741/5154/1788
f 10744/5155/1789 10746/5157/1790 10745/5158/1790 10743/5156/1789
f 10746/5157/1790 10748/5159/1791 10747/5160/1791 10745/5158/1790
f 10748/5159/1791 10750/5161/1792 10749/5162/1792 10747/5160/1791
f 10750/5161/1792 10752/5163/1793 10751/5164/1793 10749/5162/1792
f 10752/5163/1793 10754/5165/1794 10753/5166/1794 10751/5164/1793
f 10754/5165/1794 10756/5167/1795 10755/5168/1795 10753/5166/1794
f 10756/5167/1795 10758/5169/1796 10757/5170/1796 10755/5168/1795
f 10758/5169/1796 10760/5171/1797 10759/5172/1797 10757/5170/1796
f 10760/5171/1797 10762/5173/1798 10761/5174/1798 10759/5172/1797
f 10762/5173/1798 10764/5175/1799 10763/5176/1799 10761/5174/1798
f 10764/5175/1799 10766/5177/1800 10765/5178/1800 10763/5176/1799
f 10766/5177/1800 10768/5179/1801 10767/5180/1801 10765/5178/1800
f 10768/5179/1801 10770/5181/1802 10769/5182/1802 10767/5180/1801
f 10770/5181/1802 10772/5183/1803 10771/5184/1803 10769/5182/1802
f 10772/5183/1803 10774/5185/1804 10773/5186/1804 10771/5184/1803
f 10774/5185/1804 10776/5187/1805 10775/5188/1805 10773/5186/1804
f 10776/5187/1805 10778/5189/1806 10777/5190/1806 10775/5188/1805
f 10778/5189/1806 10780/5191/1807 10779/5192/1807 10777/5190/1806
f 10780/5191/1807 10782/5193/1808 10781/5194/1808 10779/5192/1807
f 10782/5193/1808 10784/5195/1809 10783/5196/1809 10781/5194/1808
f 10784/5195/1809 10786/5197/1810 10785/5198/1810 10783/5196/1809
f 10786/5197/1810 10788/5199/1811 10787/5200/1811 10785/5198/1810
f 10788/5199/1811 10790/5201/1812 10789/5202/1812 10787/5200/1811
f 10790/5201/1812 10792/5203/876 10791/5204/876 10789/5202/1812
f 10792/5203/876 10794/5205/1813 10793/5206/1813 10791/5204/876
f 10794/5205/1813 10796/5207/1814 10795/5208/1814 10793/5206/1813
f 10796/5207/1814 10798/5209/1815 10797/5210/1815 10795/5208/1814
f 10798/5209/1815 10800/5211/1816 10799/5212/1816 10797/5210/1815
f 10800/5211/1816 10802/5213/1817 10801/5214/1817 10799/5212/1816
f 10802/5213/1817 10804/5215/1818 10803/5216/1818 10801/5214/1817
f 10804/5215/1818 10806/5217/1819 10805/5218/1819 10803/5216/1818
f 10806/5217/1819 10808/5219/1820 10807/5220/1820 10805/5218/1819
f 10808/5219/1820 10810/5221/1821 10809/5222/1821 10807/5220/1820
f 10810/5221/1821 10812/5223/1822 10811/5224/1822 10809/5222/1821
f 10812/5223/1822 10814/5225/1823 10813/5226/1823 10811/5224/1822
f 10814/5225/1823 10816/5227/1824 10815/5228/1824 10813/5226/1823
f 10816/5227/1824 10818/5229/1825 10817/5230/1825 10815/5228/1824
f 10818/5229/1825 10820/5231/1826 10819/5232/1826 10817/5230/1825
f 10820/5231/1826 10822/5233/1827 10821/5234/1827 10819/5232/1826
f 10822/5233/1827 10824/5235/1828 10823/5236/1828 10821/5234/1827
f 10824/5235/1828 10826/5237/1829 10825/5238/1829 10823/5236/1828
f 10826/5237/1829 10828/5239/1830 10827/5240/1830 10825/5238/1829
f 10828/5239/1830 10830/5241/1831 10829/5242/1831 10827/5240/1830
f 10830/5241/1831 10832/5243/11 10831/5244/11 10829/5242/1831
f 10832/5243/11 10834/5245/11 10833/5246/11 10831/5244/11
f 10834/5245/11 10836/5247/12 10835/5248/12 10833/5246/11
f 10836/5247/12 10838/5249/12 10837/5250/12 10835/5248/12
f 10838/5249/12 10840/5251/11 10839/5252/11 10837/5250/12
f 10840/5251/11 10842/5253/11 10841/5254/11 10839/5252/11
f 10842/5253/11 10844/5255/12 10843/5256/12 10841/5254/11
f 10844/5255/12 10846/5257/1832 10845/5258/1832 10843/5256/12
f 10846/5257/1832 10848/5259/1833 10847/5260/1833 10845/5258/1832
f 10848/5259/1833 10850/5261/1834 10849/5262/1834 10847/5260/1833
f 10850/5261/1834 10852/5263/1835 10851/5264/1835 10849/5262/1834
f 10852/5263/1835 10854/5265/1836 10853/5266/1836 10851/5264/1835
f 10854/5265/1836 10856/5267/1837 10855/5268/1837 10853/5266/1836
f 10856/5267/1837 10858/5269/1838 10857/5270/1838 10855/5268/1837
f 10858/5269/1838 10860/5271/1839 10859/5272/1839 10857/5270/1838
f 10860/5271/1839 10862/5273/1840 10861/5274/1840 10859/5272/1839
f 10862/5273/1840 10864/5275/1841 10863/5276/1841 10861/5274/1840
f 10864/5275/1841 10866/5277/1842 10865/5278/1842 10863/5276/1841
f 10866/5277/1842 10868/5279/1843 10867/5280/1843 10865/5278/1842
f 10868/5279/1843 10870/5281/1844 10869/5282/1844 10867/5280/1843
f 10870/5281/1844 10872/5283/1845 10871/5284/1845 10869/5282/1844
f 10872/5283/1845 10672/2296/1761 10671/3/1761 10871/5284/1845
f 10874/2292/1846 10876/2341/1847 10875/2342/1847 10873/101/1846
f 10876/2341/1847 10878/2343/1848 10877/2344/1848 10875/2342/1847
f 10878/2343/1848 10880/2345/1849 10879/2346/1849 10877/2344/1848
f 10880/2345/1849 10882/2347/1850 10881/2348/1850 10879/2346/1849
f 10882/2347/1850 10884/2349/1851 10883/2350/1851 10881/2348/1850
f 10884/2349/1851 10886/2351/1852 10885/2352/1852 10883/2350/1851
f 10886/2351/1852 10888/2353/1853 10887/2354/1853 10885/2352/1852
f 10888/2353/1853 10890/2355/1854 10889/2356/1854 10887/2354/1853
f 10890/2355/1854 10892/2357/1855 10891/2358/1855 10889/2356/1854
f 10892/2357/1855 10894/2359/1856 10893/2360/1856 10891/2358/1855
f 10894/2359/1856 10896/2361/1857 10895/2362/1857 10893/2360/1856
f 10896/2361/1857 10898/2363/1858 10897/2364/1858 10895/2362/1857
f 10898/2363/1858 10900/2294/1859 10899/433/1859 10897/2364/1858
f 10900/2294/1859 10902/2365/1797 10901/2366/1797 10899/433/1859
f 10902/2365/1797 10904/2367/1860 10903/2368/1860 10901/2366/1797
f 10904/2367/1860 10906/2369/1861 10905/2370/1861 10903/2368/1860
f 10906/2369/1861 10908/2371/1862 10907/2372/1862 10905/2370/1861
f 10908/2371/1862 10910/2373/1863 10909/2374/1863 10907/2372/1862
f 10910/2373/1863 10912/2375/1864 10911/2376/1864 10909/2374/1863
f 10912/2375/1864 10914/2377/1865 10913/2378/1865 10911/2376/1864
f 10914/2377/1865 10916/2379/1866 10915/2380/1866 10913/2378/1865
f 10916/2379/1866 10918/2381/1867 10917/2382/1867 10915/2380/1866
f 10918/2381/1867 10920/2383/1868 10919/2384/1868 10917/2382/1867
f 10920/2383/1868 10922/2385/1869 10921/2386/1869 10919/2384/1868
f 10922/2385/1869 10924/2387/1870 10923/2388/1870 10921/2386/1869
f 10924/2387/1870 10874/2296/1846 10873/3/1846 10923/2388/1870
f 10926/2292/1871 10928/5285/1872 10927/5286/1872 10925/101/1871
f 10928/5285/1872 10930/5287/1873 10929/1442/1873 10927/5286/1872
f 10930/5287/1873 10932/5288/1874 10931/5289/1874 10929/1442/1873
f 10932/5288/1874 10934/5290/1875 10933/1448/1875 10931/5289/1874
f 10934/5290/1875 10936/5291/1876 10935/5292/1876 10933/1448/1875
f 10936/5291/1876 10938/5293/1877 10937/1455/1877 10935/5292/1876
f 10938/5293/1877 10940/5294/1878 10939/5295/1878 10937/1455/1877
f 10940/5294/1878 10942/5296/1879 10941/1461/1879 10939/5295/1878
f 10942/5296/1879 10944/5297/1880 10943/5298/1880 10941/1461/1879
f 10944/5297/1880 10946/5299/855 10945/1469/855 10943/5298/1880
f 10946/5299/855 10948/5300/1881 10947/5301/1881 10945/1469/855
f 10948/5300/1881 10950/5302/1882 10949/1481/1882 10947/5301/1881
f 10950/5302/1882 10952/5303/1883 10951/5304/1883 10949/1481/1882
f 10952/5303/1883 10954/4118/1884 10953/1494/1884 10951/5304/1883
f 10954/4118/1884 10956/5305/1885 10955/5306/1885 10953/1494/1884
f 10956/5305/1885 10958/5307/1886 10957/1506/1886 10955/5306/1885
f 10958/5307/1886 10960/5308/1887 10959/5309/1887 10957/1506/1886
f 10960/5308/1887 10962/5310/1888 10961/1499/1888 10959/5309/1887
f 10962/5310/1888 10964/5311/1889 10963/5312/1889 10961/1499/1888
f 10964/5311/1889 10966/5313/1890 10965/1487/1890 10963/5312/1889
f 10966/5313/1890 10968/5314/1891 10967/5315/1891 10965/1487/1890
f 10968/5314/1891 10970/5316/1892 10969/1475/1892 10967/5315/1891
f 10970/5316/1892 10972/5317/1893 10971/5318/1893 10969/1475/1892
f 10972/5317/1893 10974/5319/1894 10973/1465/1894 10971/5318/1893
f 10974/5319/1894 10976/5320/1895 10975/5321/1895 10973/1465/1894
f 10976/5320/1895 10978/5322/1896 10977/1476/1896 10975/5321/1895
f 10978/5322/1896 10980/5323/1897 10979/5324/1897 10977/1476/1896
f 10980/5323/1897 10982/4137/1898 10981/1488/1898 10979/5324/1897
f 10982/4137/1898 10984/5325/1899 10983/5326/1899 10981/1488/1898
f 10984/5325/1899 10986/5327/1900 10985/1500/1900 10983/5326/1899
f 10986/5327/1900 10988/5328/1901 10987/5329/1901 10985/1500/1900
f 10988/5328/1901 10990/5330/1902 10989/1502/1902 10987/5329/1901
f 10990/5330/1902 10992/5331/1903 10991/5332/1903 10989/1502/1902
f 10992/5331/1903 10994/5333/1904 10993/1493/1904 10991/5332/1903
f 10994/5333/1904 10996/5334/1905 10995/5335/1905 10993/1493/1904
f 10996/5334/1905 10998/5336/1906 10997/1482/1906 10995/5335/1905
f 10998/5336/1906 11000/5337/1907 10999/5338/1907 10997/1482/1906
f 11000/5337/1907 11002/5339/1908 11001/1470/1908 10999/5338/1907
f 11002/5339/1908 11004/5340/1909 11003/5341/1909 11001/1470/1908
f 11004/5340/1909 11006/5342/1910 11005/1460/1910 11003/5341/1909
f 11006/5342/1910 11008/5343/1911 11007/5344/1911 11005/1460/1910
f 11008/5343/1911 11010/4157/1912 11009/1454/1912 11007/5344/1911
f 11010/4157/1912 11012/5345/1913 11011/5346/1913 11009/1454/1912
f 11012/5345/1913 11014/5347/1914 11013/1449/1914 11011/5346/1913
f 11014/5347/1914 11016/5348/1915 11015/5349/1915 11013/1449/1914
f 11016/5348/1915 11018/5350/1916 11017/1443/1916 11015/5349/1915
f 11018/5350/1916 11020/5351/1917 11019/5352/1917 11017/1443/1916
f 11020/5351/1917 11022/5353/1918 11021/1437/1918 11019/5352/1917
f 11022/5353/1918 11024/2294/1919 11023/433/1919 11021/1437/1918
f 11024/2294/1919 11026/5354/1920 11025/1433/1920 11023/433/1919
f 11026/5354/1920 11028/5355/1921 11027/5356/1921 11025/1433/1920
f 11028/5355/1921 11030/5357/1922 11029/1430/1922 11027/5356/1921
f 11030/5357/1922 11032/5358/1923 11031/5359/1923 11029/1430/1922
f 11032/5358/1923 11034/5360/1924 11033/1427/1924 11031/5359/1923
f 11034/5360/1924 11036/5361/1925 11035/5362/1925 11033/1427/1924
f 11036/5361/1925 11038/4176/1926 11037/1436/1926 11035/5362/1925
f 11038/4176/1926 11040/5363/1927 11039/5364/1927 11037/1436/1926
f 11040/5363/1927 11042/5365/1928 11041/1419/1928 11039/5364/1927
f 11042/5365/1928 11044/5366/1929 11043/5367/1929 11041/1419/1928
f 11044/5366/1929 11046/5368/1930 11045/1414/1930 11043/5367/1929
f 11046/5368/1930 11048/5369/237 11047/5370/237 11045/1414/1930
f 11048/5369/237 11050/5371/1931 11049/1409/1931 11047/5370/237
f 11050/5371/1931 11052/5372/1932 11051/5373/1932 11049/1409/1931
f 11052/5372/1932 11054/5374/1933 11053/1402/1933 11051/5373/1932
f 11054/5374/1933 11056/5375/1934 11055/5376/1934 11053/1402/1933
f 11056/5375/1934 11058/5377/1935 11057/1369/1935 11055/5376/1934
f 11058/5377/1935 11060/5378/1935 11059/5379/1935 11057/1369/1935
f 11060/5378/1935 11062/5380/1936 11061/1374/1936 11059/5379/1935
f 11062/5380/1936 11064/5381/1937 11063/5382/1937 11061/1374/1936
f 11064/5381/1937 11066/4196/1938 11065/1379/1938 11063/5382/1937
f 11066/4196/1938 11068/5383/1939 11067/5384/1939 11065/1379/1938
f 11068/5383/1939 11070/5385/1940 11069/1385/1940 11067/5384/1939
f 11070/5385/1940 11072/5386/1941 11071/5387/1941 11069/1385/1940
f 11072/5386/1941 11074/5388/1942 11073/1391/1942 11071/5387/1941
f 11074/5388/1942 11076/5389/1943 11075/5390/1943 11073/1391/1942
f 11076/5389/1943 11078/5391/1944 11077/1394/1944 11075/5390/1943
f 11078/5391/1944 11080/5392/1945 11079/5393/1945 11077/1394/1944
f 11080/5392/1945 11082/5394/1946 11081/1397/1946 11079/5393/1945
f 11082/5394/1946 11084/5395/1947 11083/5396/1947 11081/1397/1946
f 11084/5395/1947 11086/5397/1948 11085/1400/1948 11083/5396/1947
f 11086/5397/1948 11088/5398/1949 11087/5399/1949 11085/1400/1948
f 11088/5398/1949 11090/5400/1950 11089/1388/1950 11087/5399/1949
f 11090/5400/1950 11092/5401/1951 11091/5402/1951 11089/1388/1950
f 11092/5401/1951 11094/4215/1952 11093/1382/1952 11091/5402/1951
f 11094/4215/1952 11096/5403/1953 11095/5404/1953 11093/1382/1952
f 11096/5403/1953 11098/5405/1954 11097/1375/1954 11095/5404/1953
f 11098/5405/1954 11100/5406/1955 11099/5407/1955 11097/1375/1954
f 11100/5406/1955 11102/5408/1956 11101/1367/1956 11099/5407/1955
f 11102/5408/1956 11104/5409/1957 11103/5410/1957 11101/1367/1956
f 11104/5409/1957 11106/5411/1958 11105/1365/1958 11103/5410/1957
f 11106/5411/1958 11108/5412/1959 11107/5413/1959 11105/1365/1958
f 11108/5412/1959 11110/5414/1960 11109/1406/1960 11107/5413/1959
f 11110/5414/1960 11112/5415/1961 11111/5416/1961 11109/1406/1960
f 11112/5415/1961 11114/5417/1962 11113/1413/1962 11111/5416/1961
f 11114/5417/1962 11116/5418/1963 11115/5419/1963 11113/1413/1962
f 11116/5418/1963 11118/5420/1871 11117/1420/1871 11115/5419/1963
f 11118/5420/1871 11120/5421/1964 11119/5422/1964 11117/1420/1871
f 11120/5421/1964 10926/2296/1871 10925/3/1871 11119/5422/1964
f 11122/2292/1965 11124/5423/1966 11123/5424/1966 11121/101/1965
f 11124/5423/1966 11126/5425/265 11125/5426/265 11123/5424/1966
f 11126/5425/265 11128/5427/1967 11127/5428/1967 11125/5426/265
f 11128/5427/1967 11130/5429/1968 11129/5430/1968 11127/5428/1967
f 11130/5429/1968 11132/5431/1969 11131/5432/1969 11129/5430/1968
f 11132/5431/1969 11134/5433/1970 11133/5434/1970 11131/5432/1969
f 11134/5433/1970 11136/5435/940 11135/5436/940 11133/5434/1970
f 11136/5435/940 11138/5437/1971 11137/5438/1971 11135/5436/940
f 11138/5437/1971 11140/5439/1972 11139/5440/1972 11137/5438/1971
f 11140/5439/1972 11142/5441/1973 11141/5442/1973 11139/5440/1972
f 11142/5441/1973 11144/5443/1974 11143/5444/1974 11141/5442/1973
f 11144/5443/1974 11146/5445/1975 11145/5446/1975 11143/5444/1974
f 11146/5445/1975 11148/5447/1976 11147/5448/1976 11145/5446/1975
f 11148/5447/1976 11150/5449/1977 11149/5450/1977 11147/5448/1976
f 11150/5449/1977 11152/5451/1978 11151/5452/1978 11149/5450/1977
f 11152/5451/1978 11154/5453/1979 11153/5454/1979 11151/5452/1978
f 11154/5453/1979 11156/5455/1980 11155/5456/1980 11153/5454/1979
f 11156/5455/1980 11158/5457/886 11157/5458/886 11155/5456/1980
f 11158/5457/886 11160/5459/1981 11159/5460/1981 11157/5458/886
f 11160/5459/1981 11162/5461/1239 11161/5462/1239 11159/5460/1981
f 11162/5461/1239 11164/5463/1982 11163/5464/1982 11161/5462/1239
f 11164/5463/1982 11166/5465/1983 11165/5466/1983 11163/5464/1982
f 11166/5465/1983 11168/5467/556 11167/5468/556 11165/5466/1983
f 11168/5467/556 11170/5469/1984 11169/5470/1984 11167/5468/556
f 11170/5469/1984 11172/5471/1985 11171/5472/1985 11169/5470/1984
f 11172/5471/1985 11174/5473/1986 11173/5474/1986 11171/5472/1985
f 11174/5473/1986 11176/5475/1176 11175/5476/1176 11173/5474/1986
f 11176/5475/1176 11178/5477/1987 11177/5478/1987 11175/5476/1176
f 11178/5477/1987 11180/5479/1988 11179/5480/1988 11177/5478/1987
f 11180/5479/1988 11182/5481/1989 11181/5482/1989 11179/5480/1988
f 11182/5481/1989 11184/5483/1990 11183/5484/1990 11181/5482/1989
f 11184/5483/1990 11186/5485/1991 11185/5486/1991 11183/5484/1990
f 11186/5485/1991 11188/5487/1992 11187/5488/1992 11185/5486/1991
f 11188/5487/1992 11190/5489/1993 11189/5490/1993 11187/5488/1992
f 11190/5489/1993 11192/5491/1994 11191/5492/1994 11189/5490/1993
f 11192/5491/1994 11194/5493/1995 11193/5494/1995 11191/5492/1994
f 11194/5493/1995 11196/5495/1996 11195/5496/1996 11193/5494/1995
f 11196/5495/1996 11198/5497/1997 11197/5498/1997 11195/5496/1996
f 11198/5497/1997 11200/5499/1998 11199/5500/1998 11197/5498/1997
f 11200/5499/1998 11202/5501/1999 11201/5502/1999 11199/5500/1998
f 11202/5501/1999 11204/5503/2000 11203/5504/2000 11201/5502/1999
f 11204/5503/2000 11206/5505/2001 11205/5506/2001 11203/5504/2000
f 11206/5505/2001 11208/2293/2002 11207/1184/2002 11205/5506/2001
f 11208/2293/2002 11210/5507/2003 11209/5508/2003 11207/1184/2002
f 11210/5507/2003 11212/5509/2004 11211/5510/2004 11209/5508/2003
f 11212/5509/2004 11214/5511/2005 11213/5512/2005 11211/5510/2004
f 11214/5511/2005 11216/5513/2006 11215/5514/2006 11213/5512/2005
f 11216/5513/2006 11218/5515/2007 11217/5516/2007 11215/5514/2006
f 11218/5515/2007 11220/5517/2008 11219/5518/2008 11217/5516/2007
f 11220/5517/2008 11222/5519/2009 11221/5520/2009 11219/5518/2008
f 11222/5519/2009 11224/5521/2010 11223/5522/2010 11221/5520/2009
f 11224/5521/2010 11226/5523/2011 11225/5524/2011 11223/5522/2010
f 11226/5523/2011 11228/5525/2012 11227/5526/2012 11225/5524/2011
f 11228/5525/2012 11230/5527/2013 11229/5528/2013 11227/5526/2012
f 11230/5527/2013 11232/5529/2014 11231/5530/2014 11229/5528/2013
f 11232/5529/2014 11234/5531/2015 11233/5532/2015 11231/5530/2014
f 11234/5531/2015 11236/5533/2016 11235/5534/2016 11233/5532/2015
f 11236/5533/2016 11238/5535/2017 11237/5536/2017 11235/5534/2016
f 11238/5535/2017 11240/5537/2018 11239/5538/2018 11237/5536/2017
f 11240/5537/2018 11242/5539/2019 11241/5540/2019 11239/5538/2018
f 11242/5539/2019 11244/5541/2020 11243/5542/2020 11241/5540/2019
f 11244/5541/2020 11246/5543/2021 11245/5544/2021 11243/5542/2020
f 11246/5543/2021 11248/5545/2022 11247/5546/2022 11245/5544/2021
f 11248/5545/2022 11250/5547/2023 11249/5548/2023 11247/5546/2022
f 11250/5547/2023 11252/5549/2024 11251/5550/2024 11249/5548/2023
f 11252/5549/2024 11254/5551/2025 11253/5552/2025 11251/5550/2024
f 11254/5551/2025 11256/5553/2026 11255/5554/2026 11253/5552/2025
f 11256/5553/2026 11258/5555/2027 11257/5556/2027 11255/5554/2026
f 11258/5555/2027 11260/5557/2028 11259/5558/2028 11257/5556/2027
f 11260/5557/2028 11262/5559/2029 11261/5560/2029 11259/5558/2028
f 11262/5559/2029 11264/5561/2030 11263/5562/2030 11261/5560/2029
f 11264/5561/2030 11266/5563/2031 11265/5564/2031 11263/5562/2030
f 11266/5563/2031 11268/5565/2032 11267/5566/2032 11265/5564/2031
f 11268/5565/2032 11270/5567/2033 11269/5568/2033 11267/5566/2032
f 11270/5567/2033 11272/5569/2034 11271/5570/2034 11269/5568/2033
f 11272/5569/2034 11274/5571/1316 11273/5572/1316 11271/5570/2034
f 11274/5571/1316 11276/5573/2035 11275/5574/2035 11273/5572/1316
f 11276/5573/2035 11278/5575/2036 11277/5576/2036 11275/5574/2035
f 11278/5575/2036 11280/5577/2037 11279/5578/2037 11277/5576/2036
f 11280/5577/2037 11282/5579/2038 11281/5580/2038 11279/5578/2037
f 11282/5579/2038 11284/5581/2039 11283/5582/2039 11281/5580/2038
f 11284/5581/2039 11286/5583/2040 11285/5584/2040 11283/5582/2039
f 11286/5583/2040 11288/5585/2041 11287/5586/2041 11285/5584/2040
f 11288/5585/2041 11290/5587/1563 11289/5588/1563 11287/5586/2041
f 11290/5587/1563 11292/5589/2042 11291/5590/2042 11289/5588/1563
f 11292/5589/2042 11294/2294/2043 11293/433/2043 11291/5590/2042
f 11294/2294/2043 11296/5591/2044 11295/5592/2044 11293/433/2043
f 11296/5591/2044 11298/5593/2045 11297/5594/2045 11295/5592/2044
f 11298/5593/2045 11300/5595/2046 11299/5596/2046 11297/5594/2045
f 11300/5595/2046 11302/5597/822 11301/5598/822 11299/5596/2046
f 11302/5597/822 11304/5599/2047 11303/5600/2047 11301/5598/822
f 11304/5599/2047 11306/5601/2048 11305/5602/2048 11303/5600/2047
f 11306/5601/2048 11308/5603/2049 11307/5604/2049 11305/5602/2048
f 11308/5603/2049 11310/5605/2050 11309/5606/2050 11307/5604/2049
f 11310/5605/2050 11312/5607/2051 11311/5608/2051 11309/5606/2050
f 11312/5607/2051 11314/5609/2052 11313/5610/2052 11311/5608/2051
f 11314/5609/2052 11316/5611/2053 11315/5612/2053 11313/5610/2052
f 11316/5611/2053 11318/5613/2054 11317/5614/2054 11315/5612/2053
f 11318/5613/2054 11320/5615/2055 11319/5616/2055 11317/5614/2054
f 11320/5615/2055 11322/5617/2056 11321/5618/2056 11319/5616/2055
f 11322/5617/2056 11324/5619/2057 11323/5620/2057 11321/5618/2056
f 11324/5619/2057 11326/5621/2058 11325/5622/2058 11323/5620/2057
f 11326/5621/2058 11328/5623/2059 11327/5624/2059 11325/5622/2058
f 11328/5623/2059 11330/5625/2060 11329/5626/2060 11327/5624/2059
f 11330/5625/2060 11332/5627/2061 11331/5628/2061 11329/5626/2060
f 11332/5627/2061 11334/5629/2062 11333/5630/2062 11331/5628/2061
f 11334/5629/2062 11336/5631/2063 11335/5632/2063 11333/5630/2062
f 11336/5631/2063 11338/5633/2064 11337/5634/2064 11335/5632/2063
f 11338/5633/2064 11340/5635/2065 11339/5636/2065 11337/5634/2064
f 11340/5635/2065 11342/5637/2066 11341/5638/2066 11339/5636/2065
f 11342/5637/2066 11344/5639/2067 11343/5640/2067 11341/5638/2066
f 11344/5639/2067 11346/5641/2068 11345/5642/2068 11343/5640/2067
f 11346/5641/2068 11348/5643/2069 11347/5644/2069 11345/5642/2068
f 11348/5643/2069 11350/5645/2070 11349/5646/2070 11347/5644/2069
f 11350/5645/2070 11352/5647/2071 11351/5648/2071 11349/5646/2070
f 11352/5647/2071 11354/5649/2072 11353/5650/2072 11351/5648/2071
f 11354/5649/2072 11356/5651/2073 11355/5652/2073 11353/5650/2072
f 11356/5651/2073 11358/5653/2074 11357/5654/2074 11355/5652/2073
f 11358/5653/2074 11360/5655/2075 11359/5656/2075 11357/5654/2074
f 11360/5655/2075 11362/5657/1351 11361/5658/1351 11359/5656/2075
f 11362/5657/1351 11364/5659/2076 11363/5660/2076 11361/5658/1351
f 11364/5659/2076 11366/5661/2077 11365/5662/2077 11363/5660/2076
f 11366/5661/2077 11368/5663/2078 11367/5664/2078 11365/5662/2077
f 11368/5663/2078 11370/5665/2079 11369/5666/2079 11367/5664/2078
f 11370/5665/2079 11372/5667/2080 11371/5668/2080 11369/5666/2079
f 11372/5667/2080 11374/5669/2081 11373/5670/2081 11371/5668/2080
f 11374/5669/2081 11376/5671/2082 11375/5672/2082 11373/5670/2081
f 11376/5671/2082 11378/5673/2083 11377/5674/2083 11375/5672/2082
f 11378/5673/2083 11380/2295/2084 11379/1259/2084 11377/5674/2083
f 11380/2295/2084 11382/5675/2085 11381/5676/2085 11379/1259/2084
f 11382/5675/2085 11384/5677/2086 11383/5678/2086 11381/5676/2085
f 11384/5677/2086 11386/5679/2087 11385/5680/2087 11383/5678/2086
f 11386/5679/2087 11388/5681/2088 11387/5682/2088 11385/5680/2087
f 11388/5681/2088 11390/5683/2089 11389/5684/2089 11387/5682/2088
f 11390/5683/2089 11392/5685/2090 11391/5686/2090 11389/5684/2089
f 11392/5685/2090 11394/5687/2091 11393/5688/2091 11391/5686/2090
f 11394/5687/2091 11396/5689/2092 11395/5690/2092 11393/5688/2091
f 11396/5689/2092 11398/5691/2093 11397/5692/2093 11395/5690/2092
f 11398/5691/2093 11400/5693/2093 11399/5694/2093 11397/5692/2093
f 11400/5693/2093 11402/5695/2094 11401/5696/2094 11399/5694/2093
f 11402/5695/2094 11404/5697/2095 11403/5698/2095 11401/5696/2094
f 11404/5697/2095 11406/5699/2096 11405/5700/2096 11403/5698/2095
f 11406/5699/2096 11408/5701/2097 11407/5702/2097 11405/5700/2096
f 11408/5701/2097 11410/5703/2098 11409/5704/2098 11407/5702/2097
f 11410/5703/2098 11412/5705/2099 11411/5706/2099 11409/5704/2098
f 11412/5705/2099 11414/5707/2100 11413/5708/2100 11411/5706/2099
f 11414/5707/2100 11416/5709/2101 11415/5710/2101 11413/5708/2100
f 11416/5709/2101 11418/5711/2102 11417/5712/2102 11415/5710/2101
f 11418/5711/2102 11420/5713/2103 11419/5714/2103 11417/5712/2102
f 11420/5713/2103 11422/5715/2104 11421/5716/2104 11419/5714/2103
f 11422/5715/2104 11424/5717/2105 11423/5718/2105 11421/5716/2104
f 11424/5717/2105 11426/5719/2106 11425/5720/2106 11423/5718/2105
f 11426/5719/2106 11428/5721/2107 11427/5722/2107 11425/5720/2106
f 11428/5721/2107 11430/5723/2108 11429/5724/2108 11427/5722/2107
f 11430/5723/2108 11432/5725/2109 11431/5726/2109 11429/5724/2108
f 11432/5725/2109 11434/5727/2110 11433/5728/2110 11431/5726/2109
f 11434/5727/2110 11436/5729/2111 11435/5730/2111 11433/5728/2110
f 11436/5729/2111 11438/5731/2112 11437/5732/2112 11435/5730/2111
f 11438/5731/2112 11440/5733/2113 11439/5734/2113 11437/5732/2112
f 11440/5733/2113 11442/5735/2114 11441/5736/2114 11439/5734/2113
f 11442/5735/2114 11444/5737/2115 11443/5738/2115 11441/5736/2114
f 11444/5737/2115 11446/5739/2116 11445/5740/2116 11443/5738/2115
f 11446/5739/2116 11448/5741/2117 11447/5742/2117 11445/5740/2116
f 11448/5741/2117 11450/5743/2118 11449/5744/2118 11447/5742/2117
f 11450/5743/2118 11452/5745/2119 11451/5746/2119 11449/5744/2118
f 11452/5745/2119 11454/5747/2120 11453/5748/2120 11451/5746/2119
f 11454/5747/2120 11456/5749/2121 11455/5750/2121 11453/5748/2120
f 11456/5749/2121 11458/5751/2122 11457/5752/2122 11455/5750/2121
f 11458/5751/2122 11460/5753/2123 11459/5754/2123 11457/5752/2122
f 11460/5753/2123 11462/5755/2124 11461/5756/2124 11459/5754/2123
f 11462/5755/2124 11464/5757/2125 11463/5758/2125 11461/5756/2124
f 11464/5757/2125 11122/2296/1965 11121/3/1965 11463/5758/2125
f 11466/2292/2126 11468/4236/2127 11467/1206/2127 11465/101/2126
f 11468/4236/2127 11470/4238/2128 11469/1210/2128 11467/1206/2127
f 11470/4238/2128 11472/4240/2129 11471/1224/2129 11469/1210/2128
f 11472/4240/2129 11474/4242/2130 11473/1236/2130 11471/1224/2129
f 11474/4242/2130 11476/4244/2131 11475/1243/2131 11473/1236/2130
f 11476/4244/2131 11478/4246/2132 11477/1238/2132 11475/1243/2131
f 11478/4246/2132 11480/4248/2133 11479/1235/2133 11477/1238/2132
f 11480/4248/2133 11482/4250/2134 11481/1225/2134 11479/1235/2133
f 11482/4250/2134 11484/4252/2135 11483/1211/2135 11481/1225/2134
f 11484/4252/2135 11486/4254/2136 11485/1207/2136 11483/1211/2135
f 11486/4254/2136 11488/4256/2137 11487/1203/2137 11485/1207/2136
f 11488/4256/2137 11490/4258/2138 11489/1199/2138 11487/1203/2137
f 11490/4258/2138 11492/4260/2139 11491/1201/2139 11489/1199/2138
f 11492/4260/2139 11494/4262/2140 11493/1196/2140 11491/1201/2139
f 11494/4262/2140 11496/4264/2141 11495/1194/2141 11493/1196/2140
f 11496/4264/2141 11498/4266/2142 11497/1192/2142 11495/1194/2141
f 11498/4266/2142 11500/4268/2143 11499/1190/2143 11497/1192/2142
f 11500/4268/2143 11502/4270/2144 11501/1187/2144 11499/1190/2143
f 11502/4270/2144 11504/4271/2145 11503/1181/2145 11501/1187/2144
f 11504/4271/2145 11506/4273/2146 11505/1175/2146 11503/1181/2145
f 11506/4273/2146 11508/4275/2147 11507/1171/2147 11505/1175/2146
f 11508/4275/2147 11510/4277/2148 11509/1169/2148 11507/1171/2147
f 11510/4277/2148 11512/4279/2149 11511/1167/2149 11509/1169/2148
f 11512/4279/2149 11514/4281/2150 11513/1128/2150 11511/1167/2149
f 11514/4281/2150 11516/4283/2151 11515/1129/2151 11513/1128/2150
f 11516/4283/2151 11518/4285/2152 11517/1132/2152 11515/1129/2151
f 11518/4285/2152 11520/4287/2153 11519/1139/2153 11517/1132/2152
f 11520/4287/2153 11522/4289/2154 11521/1143/2154 11519/1139/2153
f 11522/4289/2154 11524/4291/2155 11523/1148/2155 11521/1143/2154
f 11524/4291/2155 11526/4293/2156 11525/1152/2156 11523/1148/2155
f 11526/4293/2156 11528/4295/2157 11527/1155/2157 11525/1152/2156
f 11528/4295/2157 11530/4297/2158 11529/1157/2158 11527/1155/2157
f 11530/4297/2158 11532/4299/2159 11531/1159/2159 11529/1157/2158
f 11532/4299/2159 11534/4301/2160 11533/1161/2160 11531/1159/2159
f 11534/4301/2160 11536/4303/1678 11535/1163/1678 11533/1161/2160
f 11536/4303/1678 11538/4305/62 11537/1165/62 11535/1163/1678
f 11538/4305/62 11540/2294/2161 11539/433/2161 11537/1165/62
f 11540/2294/2161 11542/4308/2162 11541/1149/2162 11539/433/2161
f 11542/4308/2162 11544/4310/2163 11543/1145/2163 11541/1149/2162
f 11544/4310/2163 11546/4312/2164 11545/1142/2164 11543/1145/2163
f 11546/4312/2164 11548/4314/2165 11547/1138/2165 11545/1142/2164
f 11548/4314/2165 11550/4316/2166 11549/1133/2166 11547/1138/2165
f 11550/4316/2166 11552/4318/2167 11551/1134/2167 11549/1133/2166
f 11552/4318/2167 11554/4320/2168 11553/1174/2168 11551/1134/2167
f 11554/4320/2168 11556/4322/2169 11555/1177/2169 11553/1174/2168
f 11556/4322/2169 11558/4324/2170 11557/1180/2170 11555/1177/2169
f 11558/4324/2170 11560/4326/2171 11559/1183/2171 11557/1180/2170
f 11560/4326/2171 11562/4328/2172 11561/1186/2172 11559/1183/2171
f 11562/4328/2172 11564/4330/2173 11563/1200/2173 11561/1186/2172
f 11564/4330/2173 11566/4332/2174 11565/1272/2174 11563/1200/2173
f 11566/4332/2174 11568/4334/2175 11567/1269/2175 11565/1272/2174
f 11568/4334/2175 11570/4336/2176 11569/1267/2176 11567/1269/2175
f 11570/4336/2176 11572/4338/2177 11571/1265/2177 11569/1267/2176
f 11572/4338/2177 11574/4340/2178 11573/1263/2178 11571/1265/2177
f 11574/4340/2178 11576/4342/2179 11575/1261/2179 11573/1263/2178
f 11576/4342/2179 11578/4343/2180 11577/1257/2180 11575/1261/2179
f 11578/4343/2180 11580/4345/710 11579/1254/710 11577/1257/2180
f 11580/4345/710 11582/4347/2181 11581/1251/2181 11579/1254/710
f 11582/4347/2181 11584/4349/912 11583/1247/912 11581/1251/2181
f 11584/4349/912 11586/4351/2182 11585/1244/2182 11583/1247/912
f 11586/4351/2182 11588/4353/238 11587/1234/238 11585/1244/2182
f 11588/4353/238 11590/4355/2183 11589/1230/2183 11587/1234/238
f 11590/4355/2183 11592/4357/2184 11591/1227/2184 11589/1230/2183
f 11592/4357/2184 11594/4359/2185 11593/1223/2185 11591/1227/2184
f 11594/4359/2185 11596/4361/2186 11595/1221/2186 11593/1223/2185
f 11596/4361/2186 11598/4363/2187 11597/1217/2187 11595/1221/2186
f 11598/4363/2187 11600/4365/2188 11599/1212/2188 11597/1217/2187
f 11600/4365/2188 11602/4367/2189 11601/1213/2189 11599/1212/2188
f 11602/4367/2189 11604/4369/2190 11603/1232/2190 11601/1213/2189
f 11604/4369/2190 11606/4371/2191 11605/1245/2191 11603/1232/2190
f 11606/4371/2191 11608/4373/2192 11607/1250/2192 11605/1245/2191
f 11608/4373/2192 11610/4375/2193 11609/1255/2193 11607/1250/2192
f 11610/4375/2193 11612/4377/38 11611/1260/38 11609/1255/2193
f 11612/4377/38 11466/2296/2126 11465/3/2126 11611/1260/38
f 11614/2292/2194 11616/2297/2195 11615/1675/2195 11613/101/2194
f 11616/2297/2195 11618/2298/2196 11617/1648/2196 11615/1675/2195
f 11618/2298/2196 11620/2299/2197 11619/1661/2197 11617/1648/2196
f 11620/2299/2197 11622/2300/2198 11621/1681/2198 11619/1661/2197
f 11622/2300/2198 11624/2301/14 11623/1708/14 11621/1681/2198
f 11624/2301/14 11626/2302/2199 11625/1703/2199 11623/1708/14
f 11626/2302/2199 11628/2303/2200 11627/1666/2200 11625/1703/2199
f 11628/2303/2200 11630/2304/2201 11629/1643/2201 11627/1666/2200
f 11630/2304/2201 11632/2305/2202 11631/1637/2202 11629/1643/2201
f 11632/2305/2202 11634/2306/2203 11633/1652/2203 11631/1637/2202
f 11634/2306/2203 11636/2307/62 11635/1674/62 11633/1652/2203
f 11636/2307/62 11638/2293/2204 11637/1184/2204 11635/1674/62
f 11638/2293/2204 11640/2308/2205 11639/1688/2205 11637/1184/2204
f 11640/2308/2205 11642/2309/2206 11641/1766/2206 11639/1688/2205
f 11642/2309/2206 11644/2310/2207 11643/1770/2207 11641/1766/2206
f 11644/2310/2207 11646/2311/2208 11645/218/2208 11643/1770/2207
f 11646/2311/2208 11648/2312/11 11647/1754/11 11645/218/2208
f 11648/2312/11 11650/2313/2209 11649/1782/2209 11647/1754/11
f 11650/2313/2209 11652/2314/2210 11651/1804/2210 11649/1782/2209
f 11652/2314/2210 11654/2315/2211 11653/1839/2211 11651/1804/2210
f 11654/2315/2211 11656/2316/2212 11655/1856/2212 11653/1839/2211
f 11656/2316/2212 11658/2317/2213 11657/1855/2213 11655/1856/2212
f 11658/2317/2213 11660/2318/1599 11659/1845/1599 11657/1855/2213
f 11660/2318/1599 11662/2294/2214 11661/433/2214 11659/1845/1599
f 11662/2294/2214 11664/2319/2215 11663/1825/2215 11661/433/2214
f 11664/2319/2215 11666/2320/2216 11665/1824/2216 11663/1825/2215
f 11666/2320/2216 11668/2321/2217 11667/1807/2217 11665/1824/2216
f 11668/2321/2217 11670/2322/2218 11669/1795/2218 11667/1807/2217
f 11670/2322/2218 11672/2323/12 11671/1778/12 11669/1795/2218
f 11672/2323/12 11674/2324/2219 11673/1748/2219 11671/1778/12
f 11674/2324/2219 11676/2325/2220 11675/1742/2220 11673/1748/2219
f 11676/2325/2220 11678/2326/2221 11677/247/2221 11675/1742/2220
f 11678/2326/2221 11680/2327/2222 11679/1836/2222 11677/247/2221
f 11680/2327/2222 11682/2328/2223 11681/1867/2223 11679/1836/2222
f 11682/2328/2223 11684/2329/38 11683/1881/38 11681/1867/2223
f 11684/2329/38 11686/2295/2224 11685/1259/2224 11683/1881/38
f 11686/2295/2224 11688/2330/2225 11687/1879/2225 11685/1259/2224
f 11688/2330/2225 11690/2331/2226 11689/1897/2226 11687/1879/2225
f 11690/2331/2226 11692/2332/2227 11691/1905/2227 11689/1897/2226
f 11692/2332/2227 11694/2333/2228 11693/1899/2228 11691/1905/2227
f 11694/2333/2228 11696/2334/13 11695/1873/13 11693/1899/2228
f 11696/2334/13 11698/2335/2229 11697/1842/2229 11695/1873/13
f 11698/2335/2229 11700/2336/2230 11699/1794/2230 11697/1842/2229
f 11700/2336/2230 11702/2337/2231 11701/1737/2231 11699/1794/2230
f 11702/2337/2231 11704/2338/147 11703/1731/147 11701/1737/2231
f 11704/2338/147 11706/2339/2232 11705/1725/2232 11703/1731/147
f 11706/2339/2232 11708/2340/2233 11707/1719/2233 11705/1725/2232
f 11708/2340/2233 11614/2296/2194 11613/3/2194 11707/1719/2233
f 11710/2292/2126 11712/4236/2127 11711/1206/2127 11709/101/2126
f 11712/4236/2127 11714/4238/2128 11713/1210/2128 11711/1206/2127
f 11714/4238/2128 11716/4240/2129 11715/1224/2129 11713/1210/2128
f 11716/4240/2129 11718/4242/2130 11717/1236/2130 11715/1224/2129
f 11718/4242/2130 11720/4244/2131 11719/1243/2131 11717/1236/2130
f 11720/4244/2131 11722/4246/2234 11721/1238/2234 11719/1243/2131
f 11722/4246/2234 11724/4248/2133 11723/1235/2133 11721/1238/2234
f 11724/4248/2133 11726/4250/2235 11725/1225/2235 11723/1235/2133
f 11726/4250/2235 11728/4252/2135 11727/1211/2135 11725/1225/2235
f 11728/4252/2135 11730/4254/2136 11729/1207/2136 11727/1211/2135
f 11730/4254/2136 11732/4256/2137 11731/1203/2137 11729/1207/2136
f 11732/4256/2137 11734/4258/2138 11733/1199/2138 11731/1203/2137
f 11734/4258/2138 11736/4260/2139 11735/1201/2139 11733/1199/2138
f 11736/4260/2139 11738/4262/2140 11737/1196/2140 11735/1201/2139
f 11738/4262/2140 11740/4264/2236 11739/1194/2236 11737/1196/2140
f 11740/4264/2236 11742/4266/2142 11741/1192/2142 11739/1194/2236
f 11742/4266/2142 11744/4268/2143 11743/1190/2143 11741/1192/2142
f 11744/4268/2143 11746/4270/2144 11745/1187/2144 11743/1190/2143
f 11746/4270/2144 11748/4271/2145 11747/1181/2145 11745/1187/2144
f 11748/4271/2145 11750/4273/2146 11749/1175/2146 11747/1181/2145
f 11750/4273/2146 11752/4275/2147 11751/1171/2147 11749/1175/2146
f 11752/4275/2147 11754/4277/2148 11753/1169/2148 11751/1171/2147
f 11754/4277/2148 11756/4279/2149 11755/1167/2149 11753/1169/2148
f 11756/4279/2149 11758/4281/2150 11757/1128/2150 11755/1167/2149
f 11758/4281/2150 11760/4283/2151 11759/1129/2151 11757/1128/2150
f 11760/4283/2151 11762/4285/2152 11761/1132/2152 11759/1129/2151
f 11762/4285/2152 11764/4287/2153 11763/1139/2153 11761/1132/2152
f 11764/4287/2153 11766/4289/2154 11765/1143/2154 11763/1139/2153
f 11766/4289/2154 11768/4291/2155 11767/1148/2155 11765/1143/2154
f 11768/4291/2155 11770/4293/2156 11769/1152/2156 11767/1148/2155
f 11770/4293/2156 11772/4295/2237 11771/1155/2237 11769/1152/2156
f 11772/4295/2237 11774/4297/2158 11773/1157/2158 11771/1155/2237
f 11774/4297/2158 11776/4299/2238 11775/1159/2238 11773/1157/2158
f 11776/4299/2238 11778/4301/2239 11777/1161/2239 11775/1159/2238
f 11778/4301/2239 11780/4303/1678 11779/1163/1678 11777/1161/2239
f 11780/4303/1678 11782/4305/62 11781/1165/62 11779/1163/1678
f 11782/4305/62 11784/2294/2161 11783/433/2161 11781/1165/62
f 11784/2294/2161 11786/4308/2162 11785/1149/2162 11783/433/2161
f 11786/4308/2162 11788/4310/1566 11787/1145/1566 11785/1149/2162
f 11788/4310/1566 11790/4312/2164 11789/1142/2164 11787/1145/1566
f 11790/4312/2164 11792/4314/2165 11791/1138/2165 11789/1142/2164
f 11792/4314/2165 11794/4316/2240 11793/1133/2240 11791/1138/2165
f 11794/4316/2240 11796/4318/2167 11795/1134/2167 11793/1133/2240
f 11796/4318/2167 11798/4320/2168 11797/1174/2168 11795/1134/2167
f 11798/4320/2168 11800/4322/2169 11799/1177/2169 11797/1174/2168
f 11800/4322/2169 11802/4324/2170 11801/1180/2170 11799/1177/2169
f 11802/4324/2170 11804/4326/2171 11803/1183/2171 11801/1180/2170
f 11804/4326/2171 11806/4328/2172 11805/1186/2172 11803/1183/2171
f 11806/4328/2172 11808/4330/2173 11807/1200/2173 11805/1186/2172
f 11808/4330/2173 11810/4332/2174 11809/1272/2174 11807/1200/2173
f 11810/4332/2174 11812/4334/2175 11811/1269/2175 11809/1272/2174
f 11812/4334/2175 11814/4336/2176 11813/1267/2176 11811/1269/2175
f 11814/4336/2176 11816/4338/2177 11815/1265/2177 11813/1267/2176
f 11816/4338/2177 11818/4340/2178 11817/1263/2178 11815/1265/2177
f 11818/4340/2178 11820/4342/2179 11819/1261/2179 11817/1263/2178
f 11820/4342/2179 11822/4343/2180 11821/1257/2180 11819/1261/2179
f 11822/4343/2180 11824/4345/2241 11823/1254/2241 11821/1257/2180
f 11824/4345/2241 11826/4347/2181 11825/1251/2181 11823/1254/2241
f 11826/4347/2181 11828/4349/912 11827/1247/912 11825/1251/2181
f 11828/4349/912 11830/4351/2182 11829/1244/2182 11827/1247/912
f 11830/4351/2182 11832/4353/238 11831/1234/238 11829/1244/2182
f 11832/4353/238 11834/4355/2183 11833/1230/2183 11831/1234/238
f 11834/4355/2183 11836/4357/2242 11835/1227/2242 11833/1230/2183
f 11836/4357/2242 11838/4359/2243 11837/1223/2243 11835/1227/2242
f 11838/4359/2243 11840/4361/2186 11839/1221/2186 11837/1223/2243
f 11840/4361/2186 11842/4363/2187 11841/1217/2187 11839/1221/2186
f 11842/4363/2187 11844/4365/2188 11843/1212/2188 11841/1217/2187
f 11844/4365/2188 11846/4367/2189 11845/1213/2189 11843/1212/2188
f 11846/4367/2189 11848/4369/2190 11847/1232/2190 11845/1213/2189
f 11848/4369/2190 11850/4371/2191 11849/1245/2191 11847/1232/2190
f 11850/4371/2191 11852/4373/2192 11851/1250/2192 11849/1245/2191
f 11852/4373/2192 11854/4375/2193 11853/1255/2193 11851/1250/2192
f 11854/4375/2193 11856/4377/38 11855/1260/38 11853/1255/2193
f 11856/4377/38 11710/2296/2126 11709/3/2126 11855/1260/38
f 11858/2292/2194 11860/2297/2244 11859/1675/2244 11857/101/2194
f 11860/2297/2244 11862/2298/2196 11861/1648/2196 11859/1675/2244
f 11862/2298/2196 11864/2299/2197 11863/1661/2197 11861/1648/2196
f 11864/2299/2197 11866/2300/2198 11865/1681/2198 11863/1661/2197
f 11866/2300/2198 11868/2301/14 11867/1708/14 11865/1681/2198
f 11868/2301/14 11870/2302/2199 11869/1703/2199 11867/1708/14
f 11870/2302/2199 11872/2303/2200 11871/1666/2200 11869/1703/2199
f 11872/2303/2200 11874/2304/2201 11873/1643/2201 11871/1666/2200
f 11874/2304/2201 11876/2305/2202 11875/1637/2202 11873/1643/2201
f 11876/2305/2202 11878/2306/2203 11877/1652/2203 11875/1637/2202
f 11878/2306/2203 11880/2307/62 11879/1674/62 11877/1652/2203
f 11880/2307/62 11882/2293/2204 11881/1184/2204 11879/1674/62
f 11882/2293/2204 11884/2308/2205 11883/1688/2205 11881/1184/2204
f 11884/2308/2205 11886/2309/2245 11885/1766/2245 11883/1688/2205
f 11886/2309/2245 11888/2310/2207 11887/1770/2207 11885/1766/2245
f 11888/2310/2207 11890/2311/2246 11889/218/2246 11887/1770/2207
f 11890/2311/2246 11892/2312/11 11891/1754/11 11889/218/2246
f 11892/2312/11 11894/2313/2209 11893/1782/2209 11891/1754/11
f 11894/2313/2209 11896/2314/2210 11895/1804/2210 11893/1782/2209
f 11896/2314/2210 11898/2315/2211 11897/1839/2211 11895/1804/2210
f 11898/2315/2211 11900/2316/2212 11899/1856/2212 11897/1839/2211
f 11900/2316/2212 11902/2317/2213 11901/1855/2213 11899/1856/2212
f 11902/2317/2213 11904/2318/26 11903/1845/26 11901/1855/2213
f 11904/2318/26 11906/2294/2214 11905/433/2214 11903/1845/26
f 11906/2294/2214 11908/2319/2247 11907/1825/2247 11905/433/2214
f 11908/2319/2247 11910/2320/2216 11909/1824/2216 11907/1825/2247
f 11910/2320/2216 11912/2321/2217 11911/1807/2217 11909/1824/2216
f 11912/2321/2217 11914/2322/2218 11913/1795/2218 11911/1807/2217
f 11914/2322/2218 11916/2323/12 11915/1778/12 11913/1795/2218
f 11916/2323/12 11918/2324/2219 11917/1748/2219 11915/1778/12
f 11918/2324/2219 11920/2325/2220 11919/1742/2220 11917/1748/2219
f 11920/2325/2220 11922/2326/2221 11921/247/2221 11919/1742/2220
f 11922/2326/2221 11924/2327/2222 11923/1836/2222 11921/247/2221
f 11924/2327/2222 11926/2328/2223 11925/1867/2223 11923/1836/2222
f 11926/2328/2223 11928/2329/38 11927/1881/38 11925/1867/2223
f 11928/2329/38 11930/2295/2224 11929/1259/2224 11927/1881/38
f 11930/2295/2224 11932/2330/2248 11931/1879/2248 11929/1259/2224
f 11932/2330/2248 11934/2331/2226 11933/1897/2226 11931/1879/2248
f 11934/2331/2226 11936/2332/2227 11935/1905/2227 11933/1897/2226
f 11936/2332/2227 11938/2333/2228 11937/1899/2228 11935/1905/2227
f 11938/2333/2228 11940/2334/13 11939/1873/13 11937/1899/2228
f 11940/2334/13 11942/2335/2229 11941/1842/2229 11939/1873/13
f 11942/2335/2229 11944/2336/2230 11943/1794/2230 11941/1842/2229
f 11944/2336/2230 11946/2337/2231 11945/1737/2231 11943/1794/2230
f 11946/2337/2231 11948/2338/147 11947/1731/147 11945/1737/2231
f 11948/2338/147 11950/2339/2232 11949/1725/2232 11947/1731/147
f 11950/2339/2232 11952/2340/2233 11951/1719/2233 11949/1725/2232
f 11952/2340/2233 11858/2296/2194 11857/3/2194 11951/1719/2233
